epochs,losses,accuracies,cumulative_time_seconds,epoch_time_seconds
1,32.87565994262695,,0.031000614166259766,0.031000614166259766
2,31.391990661621094,,0.06954550743103027,0.02554607391357422
3,30.477149963378906,,0.11475157737731934,0.028999805450439453
4,29.82238006591797,,0.16275382041931152,0.03300189971923828
5,29.268413543701172,,0.209885835647583,0.033135414123535156
6,28.696388244628906,,0.2563509941101074,0.0302581787109375
7,28.29043197631836,,0.2968623638153076,0.023123979568481445
8,27.844013214111328,,0.34673595428466797,0.02713918685913086
9,27.64190673828125,,0.39305686950683594,0.028322935104370117
10,27.469135284423828,,0.44141197204589844,0.029195070266723633
11,27.320173263549805,,0.4944157600402832,0.0350039005279541
12,27.152437210083008,,0.537412166595459,0.027971744537353516
13,27.073436737060547,,0.5824120044708252,0.028998851776123047
14,26.965709686279297,,0.6264119148254395,0.0279691219329834
15,26.90888214111328,,0.6694116592407227,0.027002334594726562
16,26.829692840576172,,0.7134127616882324,0.027000904083251953
17,26.750547409057617,,0.7564384937286377,0.02702951431274414
18,26.663171768188477,,0.8004131317138672,0.028003454208374023
19,26.62843132019043,,0.8455469608306885,0.029132604598999023
20,26.472976684570312,,0.888253927230835,0.026709556579589844
21,26.445823669433594,,0.9312598705291748,0.026968955993652344
22,26.43373680114746,,0.9782602787017822,0.03000187873840332
23,26.340856552124023,,1.0172936916351318,0.025036334991455078
24,26.295976638793945,,1.0582597255706787,0.02500152587890625
25,26.302318572998047,,1.1012604236602783,0.027003049850463867
26,26.211774826049805,,1.1438610553741455,0.02660393714904785
27,26.183490753173828,,1.1848573684692383,0.0260012149810791
28,26.128612518310547,,1.2278587818145752,0.026970863342285156
29,26.103065490722656,,1.2698571681976318,0.02600240707397461
30,26.072582244873047,,1.3113610744476318,0.02550363540649414
31,25.982135772705078,,1.3568451404571533,0.0304868221282959
32,26.000446319580078,,1.407200813293457,0.03425455093383789
33,25.94812774658203,,1.4545278549194336,0.029165029525756836
34,25.90993881225586,,1.5009722709655762,0.028864622116088867
35,25.842208862304688,,1.5470421314239502,0.028002500534057617
36,25.853330612182617,,1.594346523284912,0.02910304069519043
37,25.809532165527344,,1.641082763671875,0.028739452362060547
38,25.79030990600586,,1.683077096939087,0.025993824005126953
39,25.729238510131836,,1.7240827083587646,0.0260012149810791
40,25.738840103149414,,1.765085220336914,0.026003599166870117
41,25.695104598999023,,1.806281328201294,0.026199817657470703
42,25.671525955200195,,1.8462839126586914,0.025003671646118164
43,25.648054122924805,,1.887282133102417,0.02500152587890625
44,25.640016555786133,,1.9295518398284912,0.027002573013305664
45,25.576763153076172,,1.9695489406585693,0.024991750717163086
46,25.57636260986328,,2.0101401805877686,0.024999618530273438
47,25.57809829711914,,2.050140142440796,0.02500009536743164
48,25.51539421081543,,2.091371774673462,0.026231765747070312
49,25.482685089111328,,2.1323721408843994,0.025997161865234375
50,25.49954605102539,,2.1807141304016113,0.030170202255249023
51,25.441070556640625,,2.230760335922241,0.029977083206176758
52,25.431854248046875,,2.2774412631988525,0.028162240982055664
53,25.383289337158203,,2.3222126960754395,0.027771711349487305
54,25.390172958374023,,2.365291118621826,0.027109861373901367
55,25.347854614257812,,2.409081220626831,0.02703070640563965
56,25.334918975830078,,2.453054189682007,0.02797389030456543
57,25.286426544189453,,2.501920461654663,0.03286576271057129
58,25.259414672851562,,2.5479204654693604,0.03297305107116699
59,25.264869689941406,,2.5972890853881836,0.03432822227478027
60,25.23662757873535,,2.6446378231048584,0.03203082084655762
61,25.20528793334961,,2.684971570968628,0.025364160537719727
62,25.215578079223633,,2.726313352584839,0.026030778884887695
63,25.212810516357422,,2.7668840885162354,0.025571107864379883
64,25.167133331298828,,2.806881904602051,0.025000333786010742
65,25.102937698364258,,2.847881555557251,0.024986982345581055
66,25.11211585998535,,2.887885570526123,0.025004148483276367
67,25.114070892333984,,2.929884195327759,0.027002811431884766
68,25.03968048095703,,2.9708824157714844,0.0260007381439209
69,25.057512283325195,,3.0123159885406494,0.026092529296875
70,25.012758255004883,,3.0533504486083984,0.025031328201293945
71,24.98611068725586,,3.096359968185425,0.0280306339263916
72,24.943317413330078,,3.137357711791992,0.025997638702392578
73,24.949193954467773,,3.1723625659942627,0.019997596740722656
74,24.912044525146484,,3.218224048614502,0.02499675750732422
75,24.886125564575195,,3.258317708969116,0.025091886520385742
76,24.846628189086914,,3.303316593170166,0.028966665267944336
77,24.835857391357422,,3.3433473110198975,0.02503061294555664
78,24.82588005065918,,3.386418342590332,0.026949167251586914
79,24.738758087158203,,3.429568290710449,0.027029752731323242
80,24.76751708984375,,3.4789774417877197,0.0324406623840332
81,24.740341186523438,,3.528052568435669,0.0319979190826416
82,24.716033935546875,,3.5741827487945557,0.029129981994628906
83,24.698272705078125,,3.6171324253082275,0.027507781982421875
84,24.63597869873047,,3.660438060760498,0.02715277671813965
85,24.619232177734375,,3.7076199054718018,0.03150582313537598
86,24.593219757080078,,3.7517964839935303,0.028092145919799805
87,24.54027557373047,,3.7972114086151123,0.029415369033813477
88,24.546218872070312,,3.8401095867156982,0.02680683135986328
89,24.51001739501953,,3.8837928771972656,0.027104616165161133
90,24.450864791870117,,3.9268224239349365,0.028031349182128906
91,24.475391387939453,,3.967792272567749,0.02498459815979004
92,24.429475784301758,,4.016790866851807,0.03300023078918457
93,24.356170654296875,,4.060792446136475,0.028972625732421875
94,24.306983947753906,,4.111316442489624,0.0335235595703125
95,24.31150245666504,,4.159350156784058,0.02903294563293457
96,24.260047912597656,,4.207317113876343,0.031002283096313477
97,24.266611099243164,,4.253344774246216,0.028998851776123047
98,24.235769271850586,,4.299317121505737,0.027968168258666992
99,24.153528213500977,,4.343316078186035,0.02700018882751465
100,24.148639678955078,0.0,4.390431642532349,0.030077219009399414
101,24.08025360107422,,4.434402227401733,0.028975248336791992
102,24.059890747070312,,4.476402997970581,0.025969505310058594
103,24.03425407409668,,4.519433975219727,0.025999784469604492
104,23.95696258544922,,4.561433553695679,0.026000022888183594
105,23.924602508544922,,4.602433919906616,0.025999784469604492
106,23.876001358032227,,4.64440393447876,0.025969982147216797
107,23.92108154296875,,4.686403274536133,0.025965213775634766
108,23.813331604003906,,4.727438449859619,0.026005268096923828
109,23.775245666503906,,4.76840353012085,0.025969982147216797
110,23.73333168029785,,4.814401626586914,0.02996826171875
111,23.700172424316406,,4.855437278747559,0.026003122329711914
112,23.620922088623047,,4.896440744400024,0.02600717544555664
113,23.581890106201172,,4.937417507171631,0.02598118782043457
114,23.54852867126465,,4.979548454284668,0.025127410888671875
115,23.504913330078125,,5.022576093673706,0.02603006362915039
116,23.427690505981445,,5.064545631408691,0.027003049850463867
117,23.390907287597656,,5.106545686721802,0.027002334594726562
118,23.33572006225586,,5.147544860839844,0.02500176429748535
119,23.309314727783203,,5.190436601638794,0.026894092559814453
120,23.169342041015625,,5.231406211853027,0.025969505310058594
121,23.192811965942383,,5.272439002990723,0.024990558624267578
122,23.118106842041016,,5.313436985015869,0.025002241134643555
123,23.08185577392578,,5.355644464492798,0.02623724937438965
124,22.972640991210938,,5.397832870483398,0.026185989379882812
125,22.94475555419922,,5.442835569381714,0.03000044822692871
126,22.85175323486328,,5.4838056564331055,0.024970293045043945
127,22.80903434753418,,5.5293097496032715,0.029001474380493164
128,22.791025161743164,,5.579511404037476,0.03217577934265137
129,22.70612335205078,,5.628225564956665,0.030253887176513672
130,22.65746307373047,,5.6791887283325195,0.030001163482666016
131,22.540687561035156,,5.733696222305298,0.03499960899353027
132,22.4805908203125,,5.785809278488159,0.03411507606506348
133,22.454151153564453,,5.837889909744263,0.03499746322631836
134,22.332080841064453,,5.8884899616241455,0.03659844398498535
135,22.31608009338379,,5.9374003410339355,0.032913923263549805
136,22.211685180664062,,5.986926078796387,0.03237342834472656
137,22.165260314941406,,6.034351825714111,0.028995513916015625
138,22.051525115966797,,6.079965353012085,0.029491424560546875
139,22.048622131347656,,6.122128009796143,0.027031660079956055
140,21.995561599731445,,6.164224863052368,0.02710580825805664
141,21.93770980834961,,6.2072365283966064,0.02803182601928711
142,21.803905487060547,,6.249237060546875,0.027032136917114258
143,21.740028381347656,,6.292206764221191,0.027968645095825195
144,21.695125579833984,,6.334235668182373,0.027004003524780273
145,21.641971588134766,,6.376335144042969,0.02695918083190918
146,21.477394104003906,,6.418332576751709,0.026000261306762695
147,21.448352813720703,,6.460362672805786,0.026005029678344727
148,21.397071838378906,,6.501425504684448,0.026062965393066406
149,21.35368537902832,,6.544456720352173,0.028007030487060547
150,21.246387481689453,,6.585638999938965,0.02600717544555664
151,21.1461181640625,,6.626633167266846,0.02600836753845215
152,21.034820556640625,,6.667600631713867,0.024968385696411133
153,21.024433135986328,,6.709601879119873,0.025966167449951172
154,20.857065200805664,,6.7527477741241455,0.028000354766845703
155,20.776260375976562,,6.796981573104858,0.02923417091369629
156,20.789854049682617,,6.836951017379761,0.02496647834777832
157,20.70313262939453,,6.877951622009277,0.02597188949584961
158,20.571069717407227,,6.919260740280151,0.024960041046142578
159,20.472667694091797,,6.961290597915649,0.02599930763244629
160,20.396883010864258,,7.002291202545166,0.02599048614501953
161,20.426830291748047,,7.043286561965942,0.024988412857055664
162,20.266067504882812,,7.085261106491089,0.026967287063598633
163,20.240259170532227,,7.126291275024414,0.025998353958129883
164,20.100040435791016,,7.167293310165405,0.0260007381439209
165,20.051158905029297,,7.208571672439575,0.026126384735107422
166,19.91069221496582,,7.249541997909546,0.025969743728637695
167,19.88385009765625,,7.294540643692017,0.029968976974487305
168,19.820758819580078,,7.335541009902954,0.025969266891479492
169,19.701841354370117,,7.377583980560303,0.026012420654296875
170,19.624414443969727,,7.41858434677124,0.026002883911132812
171,19.548355102539062,,7.459584474563599,0.025000333786010742
172,19.482547760009766,,7.501940965652466,0.026388168334960938
173,19.40054702758789,,7.543243408203125,0.02630305290222168
174,19.26203727722168,,7.584608554840088,0.02636241912841797
175,19.240068435668945,,7.626115798950195,0.026000499725341797
176,19.17995262145996,,7.670146465301514,0.02902984619140625
177,19.06475830078125,,7.711320161819458,0.0260317325592041
178,19.065208435058594,,7.7518227100372314,0.025510549545288086
179,18.947582244873047,,7.79282808303833,0.025002717971801758
180,18.83175277709961,,7.834350824356079,0.025525569915771484
181,18.7506160736084,,7.876381874084473,0.026030778884887695
182,18.64228057861328,,7.918380975723267,0.026999235153198242
183,18.562530517578125,,7.958861589431763,0.025479555130004883
184,18.558147430419922,,8.00108528137207,0.026192426681518555
185,18.413623809814453,,8.042081356048584,0.02603006362915039
186,18.35483169555664,,8.091547966003418,0.034465789794921875
187,18.229297637939453,,8.129547834396362,0.02700185775756836
188,18.239158630371094,,8.171549081802368,0.027004241943359375
189,18.08888053894043,,8.214756965637207,0.02821183204650879
190,18.041915893554688,,8.257728815078735,0.029002904891967773
191,17.987998962402344,,8.30074954032898,0.028022289276123047
192,17.880020141601562,,8.344333410263062,0.029577255249023438
193,17.81309700012207,,8.387327432632446,0.028029203414916992
194,17.82716941833496,,8.43030071258545,0.028002500534057617
195,17.664508819580078,,8.472301006317139,0.026003360748291016
196,17.61546516418457,,8.513815641403198,0.026517868041992188
197,17.604814529418945,,8.55537486076355,0.026562929153442383
198,17.59198760986328,,8.597316980361938,0.026943206787109375
199,17.404563903808594,,8.638293504714966,0.025999784469604492
200,17.222129821777344,0.3706359386444092,8.68347454071045,0.028182029724121094
201,17.189308166503906,,8.724734783172607,0.02514195442199707
202,17.228355407714844,,8.767771244049072,0.02703380584716797
203,17.069080352783203,,8.808931112289429,0.025191068649291992
204,17.122512817382812,,8.850934267044067,0.026033639907836914
205,16.953144073486328,,8.892130851745605,0.02620697021484375
206,16.875625610351562,,8.93314814567566,0.025020360946655273
207,16.78884506225586,,8.974130868911743,0.02500438690185547
208,16.758460998535156,,9.014026165008545,0.024898767471313477
209,16.723297119140625,,9.055031776428223,0.025000572204589844
210,16.62302589416504,,9.0965416431427,0.026003122329711914
211,16.5527286529541,,9.136897325515747,0.025357961654663086
212,16.574291229248047,,9.177930355072021,0.025998830795288086
213,16.429187774658203,,9.218094825744629,0.02499985694885254
214,16.491796493530273,,9.259276866912842,0.02518010139465332
215,16.304096221923828,,9.303820848464966,0.029999256134033203
216,16.21207046508789,,9.343819856643677,0.024968624114990234
217,16.223758697509766,,9.385821104049683,0.02696967124938965
218,16.077957153320312,,9.428980588912964,0.027120351791381836
219,16.06208610534668,,9.468515157699585,0.02453756332397461
220,16.040512084960938,,9.51259732246399,0.028000593185424805
221,15.930938720703125,,9.554596662521362,0.02699875831604004
222,15.851563453674316,,9.596150636672974,0.02555680274963379
223,15.782225608825684,,9.63696837425232,0.024820566177368164
224,15.841222763061523,,9.676793336868286,0.024794578552246094
225,15.771108627319336,,9.71972918510437,0.03383064270019531
226,15.723612785339355,,9.760730504989624,0.02600240707397461
227,15.654114723205566,,9.800729036331177,0.024998188018798828
228,15.45240306854248,,9.842007637023926,0.025998830795288086
229,15.4949951171875,,9.881978034973145,0.025000572204589844
230,15.473114967346191,,9.922313690185547,0.025068044662475586
231,15.38321590423584,,9.964406251907349,0.026968717575073242
232,15.346102714538574,,10.005673170089722,0.025264978408813477
233,15.293086051940918,,10.045270681381226,0.02459549903869629
234,15.152268409729004,,10.087428569793701,0.026154756546020508
235,15.1671724319458,,10.127432107925415,0.025030136108398438
236,15.145624160766602,,10.168401002883911,0.024965763092041016
237,15.025422096252441,,10.210432291030884,0.026000261306762695
238,14.980792999267578,,10.25143313407898,0.0260007381439209
239,15.003432273864746,,10.292996406555176,0.026556968688964844
240,14.910078048706055,,10.336061954498291,0.027066707611083984
241,14.869515419006348,,10.3782639503479,0.027000904083251953
242,14.81594181060791,,10.421265840530396,0.028002500534057617
243,14.679910659790039,,10.461724281311035,0.025809764862060547
244,14.687625885009766,,10.50378704071045,0.02706456184387207
245,14.693819999694824,,10.544616222381592,0.025525569915771484
246,14.558731079101562,,10.586681842803955,0.02697134017944336
247,14.549803733825684,,10.62984323501587,0.027158737182617188
248,14.598987579345703,,10.67134690284729,0.026619911193847656
249,14.533899307250977,,10.711829423904419,0.026304006576538086
250,14.351466178894043,,10.751325607299805,0.0244901180267334
251,14.38276481628418,,10.785781383514404,0.019157886505126953
252,14.312305450439453,,10.837061405181885,0.027377843856811523
253,14.349762916564941,,10.8773512840271,0.02529287338256836
254,14.302730560302734,,10.921512365341187,0.02796339988708496
255,14.218962669372559,,10.961928844451904,0.025130510330200195
256,14.235067367553711,,11.002089500427246,0.025163888931274414
257,14.131528854370117,,11.044591188430786,0.02724933624267578
258,14.072670936584473,,11.087910652160645,0.027242660522460938
259,14.109841346740723,,11.13115119934082,0.027243614196777344
260,13.999926567077637,,11.173876762390137,0.027410507202148438
261,13.900882720947266,,11.2164626121521,0.02725839614868164
262,14.027347564697266,,11.25849723815918,0.026051998138427734
263,13.925649642944336,,11.301986455917358,0.02726912498474121
264,13.839960098266602,,11.343629360198975,0.02723383903503418
265,13.728276252746582,,11.385828733444214,0.027173280715942383
266,13.698629379272461,,11.429263353347778,0.027302265167236328
267,13.658666610717773,,11.471826076507568,0.027263879776000977
268,13.752616882324219,,11.51046347618103,0.023305177688598633
269,13.667642593383789,,11.55555248260498,0.026194095611572266
270,13.675752639770508,,11.598830699920654,0.03821158409118652
271,13.510581970214844,,11.641345262527466,0.0272219181060791
272,13.532325744628906,,11.682562112808228,0.026219606399536133
273,13.480414390563965,,11.725348949432373,0.027604103088378906
274,13.467279434204102,,11.767854690551758,0.0272674560546875
275,13.499862670898438,,11.810234069824219,0.026412248611450195
276,13.428085327148438,,11.852678537368774,0.026326894760131836
277,13.425226211547852,,11.895108461380005,0.02616739273071289
278,13.260411262512207,,11.937577247619629,0.026291608810424805
279,13.272665023803711,,11.978826999664307,0.025252580642700195
280,13.23261547088623,,12.021026372909546,0.026859760284423828
281,13.226614952087402,,12.060449838638306,0.023213863372802734
282,13.194547653198242,,12.105409860610962,0.026345491409301758
283,13.211992263793945,,12.146981477737427,0.02624344825744629
284,13.075186729431152,,12.187448978424072,0.02631235122680664
285,13.04998779296875,,12.22871708869934,0.02627086639404297
286,13.035989761352539,,12.269262075424194,0.02531266212463379
287,12.977534294128418,,12.310709714889526,0.026449918746948242
288,12.983823776245117,,12.336001873016357,0.010193347930908203
289,12.922828674316406,,12.393544673919678,0.02718639373779297
290,12.84461784362793,,12.435051918029785,0.027510404586791992
291,12.919301986694336,,12.476736307144165,0.026598691940307617
292,12.831189155578613,,12.511160373687744,0.019177913665771484
293,12.827500343322754,,12.563236713409424,0.027341842651367188
294,12.818676948547363,,12.605410099029541,0.0271759033203125
295,12.766742706298828,,12.647987365722656,0.02727365493774414
296,12.660710334777832,,12.69054102897644,0.02730560302734375
297,12.755050659179688,,12.732829093933105,0.0262908935546875
298,12.634241104125977,,12.775318622589111,0.027238130569458008
299,12.678888320922852,,12.817816019058228,0.027224063873291016
300,12.577507972717285,0.5501317620277405,12.861115455627441,0.028302431106567383
301,12.567890167236328,,12.904551982879639,0.028276443481445312
302,12.527997970581055,,12.93595576286316,0.016125202178955078
303,12.574138641357422,,12.989803552627563,0.027118921279907227
304,12.586861610412598,,13.031412601470947,0.026618480682373047
305,12.45961856842041,,13.060815572738647,0.01313018798828125
306,12.46126651763916,,13.115311861038208,0.025209426879882812
307,12.37652587890625,,13.157723426818848,0.027205944061279297
308,12.393627166748047,,13.200328588485718,0.027326107025146484
309,12.386174201965332,,13.235781192779541,0.02015829086303711
310,12.332223892211914,,13.28308916091919,0.025219440460205078
311,12.22604751586914,,13.323527812957764,0.0251467227935791
312,12.225204467773438,,13.361058712005615,0.02227473258972168
313,12.27361011505127,,13.407501935958862,0.02623295783996582
314,12.252578735351562,,13.450758457183838,0.04009103775024414
315,12.24240493774414,,13.49318528175354,0.027202129364013672
316,12.137544631958008,,13.536093711853027,0.027910709381103516
317,12.108583450317383,,13.578001499176025,0.02677607536315918
318,12.112000465393066,,13.62050199508667,0.027220726013183594
319,12.123427391052246,,13.66275668144226,0.02710556983947754
320,12.09483528137207,,13.704864740371704,0.026144027709960938
321,12.060574531555176,,13.748572826385498,0.027473926544189453
322,12.05012035369873,,13.790839433670044,0.0269467830657959
323,12.029239654541016,,13.833044052124023,0.02623772621154785
324,12.043163299560547,,13.879692077636719,0.0435338020324707
325,12.07685661315918,,13.918556451797485,0.03476357460021973
326,11.955968856811523,,13.961884498596191,0.02732563018798828
327,11.976555824279785,,14.004098653793335,0.027214765548706055
328,11.881023406982422,,14.046663761138916,0.02726602554321289
329,11.802518844604492,,14.085723638534546,0.025000333786010742
330,11.86585807800293,,14.132226705551147,0.02712726593017578
331,11.754652976989746,,14.174854040145874,0.027338266372680664
332,11.811199188232422,,14.217706441879272,0.027476072311401367
333,11.79896354675293,,14.26079249382019,0.02708911895751953
334,11.749441146850586,,14.303039312362671,0.027203083038330078
335,11.836681365966797,,14.345065116882324,0.026702404022216797
336,11.644978523254395,,14.387619018554688,0.0263822078704834
337,11.682893753051758,,14.430525302886963,0.026899099349975586
338,11.65872859954834,,14.472572803497314,0.026892662048339844
339,11.66044807434082,,14.51301646232605,0.025171279907226562
340,11.619203567504883,,14.55914831161499,0.03083491325378418
341,11.659975051879883,,14.601645469665527,0.027234315872192383
342,11.56485366821289,,14.636030673980713,0.019118547439575195
343,11.560434341430664,,14.686102151870728,0.026798009872436523
344,11.568685531616211,,14.727329015731812,0.02521061897277832
345,11.578258514404297,,14.770501852035522,0.027304887771606445
346,11.470137596130371,,14.812932252883911,0.027338027954101562
347,11.451539993286133,,14.855120420455933,0.027191638946533203
348,11.405908584594727,,14.897650241851807,0.027267932891845703
349,11.376554489135742,,14.940099954605103,0.02723407745361328
350,11.409669876098633,,14.98136854171753,0.026271581649780273
351,11.341711044311523,,15.024775981903076,0.02720785140991211
352,11.34951114654541,,15.067308902740479,0.027195453643798828
353,11.367509841918945,,15.110012292861938,0.027706384658813477
354,11.342124938964844,,15.151311159133911,0.027181386947631836
355,11.329584121704102,,15.185636758804321,0.019121646881103516
356,11.29250431060791,,15.233804941177368,0.026140451431274414
357,11.287257194519043,,15.274401187896729,0.025159120559692383
358,11.27297306060791,,15.316279411315918,0.025714397430419922
359,11.190330505371094,,15.356689691543579,0.025411367416381836
360,11.163911819458008,,15.40022325515747,0.028237342834472656
361,11.281549453735352,,15.441835880279541,0.026253938674926758
362,11.156804084777832,,15.486463069915771,0.02862858772277832
363,11.210466384887695,,15.526664733886719,0.025204896926879883
364,11.170221328735352,,15.569027423858643,0.03324317932128906
365,11.138718605041504,,15.61143183708191,0.027407407760620117
366,11.14804458618164,,15.652684450149536,0.02625560760498047
367,11.037492752075195,,15.694638729095459,0.02671980857849121
368,11.111034393310547,,15.736877202987671,0.026141881942749023
369,11.079000473022461,,15.777117013931274,0.024242639541625977
370,11.0537109375,,15.819564819335938,0.026238203048706055
371,11.056768417358398,,15.862451314926147,0.026795387268066406
372,11.038610458374023,,15.904288291931152,0.02683711051940918
373,10.994129180908203,,15.947712421417236,0.028149843215942383
374,10.987709045410156,,15.990246772766113,0.027302265167236328
375,10.88099479675293,,16.032477140426636,0.027233362197875977
376,10.91026496887207,,16.074794054031372,0.02711176872253418
377,10.953301429748535,,16.114353895187378,0.025191307067871094
378,10.897134780883789,,16.15659189224243,0.026239871978759766
379,10.895331382751465,,16.19825005531311,0.026285886764526367
380,10.879868507385254,,16.235573530197144,0.021126985549926758
381,10.836834907531738,,16.284048795700073,0.02725958824157715
382,10.816900253295898,,16.32662343978882,0.027334213256835938
383,10.787050247192383,,16.369470596313477,0.02763986587524414
384,10.801340103149414,,16.409830570220947,0.02534794807434082
385,10.716559410095215,,16.452064037322998,0.027074813842773438
386,10.720911026000977,,16.49463176727295,0.027283906936645508
387,10.76095199584961,,16.53715229034424,0.026357650756835938
388,10.779111862182617,,16.578424215316772,0.025274991989135742
389,10.694059371948242,,16.621942043304443,0.027231931686401367
390,10.709431648254395,,16.664424180984497,0.02725529670715332
391,10.675457000732422,,16.706485509872437,0.027060985565185547
392,10.671419143676758,,16.749069452285767,0.026276111602783203
393,10.659965515136719,,16.791565418243408,0.027192354202270508
394,10.661319732666016,,16.833704233169556,0.02614140510559082
395,10.655462265014648,,16.873945713043213,0.025051355361938477
396,10.613277435302734,,16.916424989700317,0.026233196258544922
397,10.601177215576172,,16.960041046142578,0.0276186466217041
398,10.50948715209961,,17.002921104431152,0.028177261352539062
399,10.521758079528809,,17.04837131500244,0.030215024948120117
400,10.565988540649414,0.6902867078781127,17.096240282058716,0.03146529197692871
401,10.500495910644531,,17.13976788520813,0.028730392456054688
402,10.510093688964844,,17.192331314086914,0.032982587814331055
403,10.50177001953125,,17.239547967910767,0.032297611236572266
404,10.509967803955078,,17.286335229873657,0.03188276290893555
405,10.483773231506348,,17.33070421218872,0.02820277214050293
406,10.397102355957031,,17.376193284988403,0.029276609420776367
407,10.485767364501953,,17.423762321472168,0.030571460723876953
408,10.427348136901855,,17.467305421829224,0.027516841888427734
409,10.38433837890625,,17.51133704185486,0.027028322219848633
410,10.339546203613281,,17.55433702468872,0.02703237533569336
411,10.316264152526855,,17.598305225372314,0.027970075607299805
412,10.431266784667969,,17.645049810409546,0.030002355575561523
413,10.353233337402344,,17.686048984527588,0.025964021682739258
414,10.329120635986328,,17.728045225143433,0.026969432830810547
415,10.29992389678955,,17.76904535293579,0.026003599166870117
416,10.294431686401367,,17.809650421142578,0.02560877799987793
417,10.287647247314453,,17.850398778915405,0.024741172790527344
418,10.290630340576172,,17.891961097717285,0.025559186935424805
419,10.241572380065918,,17.93264126777649,0.025683164596557617
420,10.245399475097656,,17.978529691696167,0.031000375747680664
421,10.207324028015137,,18.019047021865845,0.025624990463256836
422,10.213605880737305,,18.060084104537964,0.02500319480895996
423,10.210189819335938,,18.101622104644775,0.026008129119873047
424,10.177918434143066,,18.1460440158844,0.027424097061157227
425,10.137210845947266,,18.19204092025757,0.027997255325317383
426,10.158601760864258,,18.2386314868927,0.028008460998535156
427,10.2008695602417,,18.282602787017822,0.02596282958984375
428,10.129798889160156,,18.32563591003418,0.026996135711669922
429,10.069108963012695,,18.369350910186768,0.028000354766845703
430,10.083698272705078,,18.413352727890015,0.02799201011657715
431,10.100525856018066,,18.45531988143921,0.025969505310058594
432,10.06928825378418,,18.49832010269165,0.02696967124938965
433,10.08185863494873,,18.54266619682312,0.028729677200317383
434,10.044351577758789,,18.586665630340576,0.028975486755371094
435,10.061508178710938,,18.628206491470337,0.024833202362060547
436,9.933625221252441,,18.670212745666504,0.026003360748291016
437,9.984838485717773,,18.711912155151367,0.025702476501464844
438,10.032240867614746,,18.753234386444092,0.025322675704956055
439,9.918102264404297,,18.79523515701294,0.02600264549255371
440,10.000568389892578,,18.836235523223877,0.02599787712097168
441,9.98274040222168,,18.876747369766235,0.024968385696411133
442,9.917552947998047,,18.91877770423889,0.025992631912231445
443,9.903732299804688,,18.963531732559204,0.0297853946685791
444,9.8696928024292,,19.003531217575073,0.024967670440673828
445,9.882349014282227,,19.04578685760498,0.026032447814941406
446,9.852677345275879,,19.094813585281372,0.032961368560791016
447,9.828506469726562,,19.14081358909607,0.029001474380493164
448,9.868744850158691,,19.18481421470642,0.027001142501831055
449,9.81164836883545,,19.229538440704346,0.026726245880126953
450,9.849976539611816,,19.278966426849365,0.03078913688659668
451,9.814017295837402,,19.32296633720398,0.027002811431884766
452,9.834162712097168,,19.366074085235596,0.026999235153198242
453,9.804019927978516,,19.409412384033203,0.028133392333984375
454,9.807565689086914,,19.458553552627563,0.03307938575744629
455,9.77827262878418,,19.50918436050415,0.03383493423461914
456,9.74903678894043,,19.560532569885254,0.03244829177856445
457,9.7899169921875,,19.60790491104126,0.029251575469970703
458,9.682621002197266,,19.658403158187866,0.030858516693115234
459,9.715757369995117,,19.70668935775757,0.030745267868041992
460,9.706071853637695,,19.750252962112427,0.027209043502807617
461,9.650495529174805,,19.79468035697937,0.02861642837524414
462,9.709245681762695,,19.836779356002808,0.027129411697387695
463,9.6163969039917,,19.879099369049072,0.0270841121673584
464,9.672386169433594,,19.922070503234863,0.02700018882751465
465,9.662721633911133,,19.965478658676147,0.02641129493713379
466,9.624727249145508,,20.00929307937622,0.028313159942626953
467,9.697540283203125,,20.05305504798889,0.04120612144470215
468,9.623807907104492,,20.09815239906311,0.028966903686523438
469,9.601922988891602,,20.139051914215088,0.025873661041259766
470,9.54613971710205,,20.18125891685486,0.027238130569458008
471,9.56879711151123,,20.225242614746094,0.03988289833068848
472,9.535884857177734,,20.260356664657593,0.019116878509521484
473,9.583582878112793,,20.308013200759888,0.0259702205657959
474,9.550887107849121,,20.348576545715332,0.025567293167114258
475,9.491111755371094,,20.392534017562866,0.031816959381103516
476,9.470987319946289,,20.435386896133423,0.02794480323791504
477,9.500398635864258,,20.478497743606567,0.027968406677246094
478,9.520648956298828,,20.51029634475708,0.015074729919433594
479,9.387044906616211,,20.565776109695435,0.02783370018005371
480,9.395463943481445,,20.605628728866577,0.024950742721557617
481,9.448244094848633,,20.64692974090576,0.025298595428466797
482,9.432432174682617,,20.68535327911377,0.02313828468322754
483,9.458219528198242,,20.728461742401123,0.025029420852661133
484,9.399637222290039,,20.771623849868774,0.027297019958496094
485,9.43136215209961,,20.812026500701904,0.02517557144165039
486,9.378517150878906,,20.853036642074585,0.02603292465209961
487,9.357919692993164,,20.89431881904602,0.02531599998474121
488,9.310952186584473,,20.934463500976562,0.025142908096313477
489,9.354969024658203,,20.975778102874756,0.02534174919128418
490,9.373865127563477,,21.016407012939453,0.025403738021850586
491,9.347505569458008,,21.057544708251953,0.025168895721435547
492,9.321294784545898,,21.106247186660767,0.032729387283325195
493,9.328925132751465,,21.138448476791382,0.018999576568603516
494,9.282341957092285,,21.19052004814148,0.027199983596801758
495,9.278736114501953,,21.233643054962158,0.0280916690826416
496,9.207884788513184,,21.276667594909668,0.027996301651000977
497,9.27401351928711,,21.317925214767456,0.02525782585144043
498,9.256698608398438,,21.36140489578247,0.027487993240356445
499,9.238849639892578,,21.40210485458374,0.02565789222717285
500,9.257213592529297,0.7610281348228455,21.452553749084473,0.03406023979187012
501,9.216765403747559,,21.49455714225769,0.02700638771057129
502,9.198249816894531,,21.537757396697998,0.027976512908935547
503,9.231212615966797,,21.580937385559082,0.02902841567993164
504,9.17373275756836,,21.62490701675415,0.028998374938964844
505,9.184590339660645,,21.667270183563232,0.02612781524658203
506,9.161473274230957,,21.708432912826538,0.026165008544921875
507,9.139423370361328,,21.749433040618896,0.026003122329711914
508,9.180554389953613,,21.79067325592041,0.026242971420288086
509,9.079310417175293,,21.832793951034546,0.0261232852935791
510,9.180168151855469,,21.876169204711914,0.02788066864013672
511,9.145322799682617,,21.919163703918457,0.027991771697998047
512,9.048425674438477,,21.960965394973755,0.02738356590270996
513,9.049924850463867,,22.003283739089966,0.026224374771118164
514,9.064733505249023,,22.035685300827026,0.017155885696411133
515,9.067047119140625,,22.08982539176941,0.028583526611328125
516,9.044681549072266,,22.132051467895508,0.028256654739379883
517,9.026998519897461,,22.160452604293823,0.013099908828735352
518,8.985557556152344,,22.218650341033936,0.028140544891357422
519,9.008824348449707,,22.26109528541565,0.027442455291748047
520,8.990238189697266,,22.303427696228027,0.02718949317932129
521,8.949674606323242,,22.345945596694946,0.02727651596069336
522,8.928232192993164,,22.387458324432373,0.026408910751342773
523,8.95985221862793,,22.42760682106018,0.024181365966796875
524,8.976581573486328,,22.470088958740234,0.027306079864501953
525,8.960661888122559,,22.513481378555298,0.028267621994018555
526,8.959627151489258,,22.55475878715515,0.026280879974365234
527,8.911890983581543,,22.59692621231079,0.02691173553466797
528,8.956335067749023,,22.635334491729736,0.023140430450439453
529,8.907559394836426,,22.681910037994385,0.027265071868896484
530,8.863759994506836,,22.724407196044922,0.027216672897338867
531,8.914728164672852,,22.76585602760315,0.026214122772216797
532,8.840768814086914,,22.808062314987183,0.0262448787689209
533,8.870681762695312,,22.84956121444702,0.02624058723449707
534,8.803627014160156,,22.893096208572388,0.028248310089111328
535,8.917572021484375,,22.932485103607178,0.024391889572143555
536,8.872100830078125,,22.974904537200928,0.026267051696777344
537,8.80137825012207,,23.01533579826355,0.02518939971923828
538,8.814027786254883,,23.05655002593994,0.026217222213745117
539,8.79937744140625,,23.099929571151733,0.039279937744140625
540,8.83376693725586,,23.13538646697998,0.02017378807067871
541,8.753724098205566,,23.183207750320435,0.027243375778198242
542,8.776472091674805,,23.22537398338318,0.02688884735107422
543,8.753835678100586,,23.264999389648438,0.0253145694732666
544,8.786032676696777,,23.306961059570312,0.026964664459228516
545,8.740093231201172,,23.34849238395691,0.02663397789001465
546,8.697301864624023,,23.39679718017578,0.03359794616699219
547,8.731216430664062,,23.447229146957397,0.03653693199157715
548,8.678420066833496,,23.49240207672119,0.028194189071655273
549,8.728910446166992,,23.53856110572815,0.030160903930664062
550,8.705107688903809,,23.582507371902466,0.027779102325439453
551,8.653141021728516,,23.62554144859314,0.027001619338989258
552,8.712678909301758,,23.669508457183838,0.027965307235717773
553,8.681716918945312,,23.71686315536499,0.030354738235473633
554,8.603606224060059,,23.76086401939392,0.02700209617614746
555,8.67147445678711,,23.810867071151733,0.03000617027282715
556,8.646955490112305,,23.85987162590027,0.029010295867919922
557,8.616923332214355,,23.906864166259766,0.02900218963623047
558,8.626972198486328,,23.950557470321655,0.027696609497070312
559,8.601686477661133,,23.990556240081787,0.02496933937072754
560,8.595246315002441,,24.03405237197876,0.027465105056762695
561,8.580156326293945,,24.077062129974365,0.02704024314880371
562,8.512739181518555,,24.11839723587036,0.02700042724609375
563,8.576141357421875,,24.159032583236694,0.025635957717895508
564,8.56723403930664,,24.20103883743286,0.026995420455932617
565,8.529966354370117,,24.243157625198364,0.026997089385986328
566,8.48873233795166,,24.28563904762268,0.027480363845825195
567,8.526451110839844,,24.326874256134033,0.025203227996826172
568,8.486501693725586,,24.36887550354004,0.025969743728637695
569,8.51344108581543,,24.410043716430664,0.02512216567993164
570,8.499341011047363,,24.453198194503784,0.0279695987701416
571,8.452543258666992,,24.494198083877563,0.024969816207885742
572,8.470057487487793,,24.5362286567688,0.02599644660949707
573,8.483431816101074,,24.577657461166382,0.0249936580657959
574,8.511466979980469,,24.620217084884644,0.026559829711914062
575,8.439004898071289,,24.66483783721924,0.02787947654724121
576,8.471878051757812,,24.708887815475464,0.02698373794555664
577,8.454605102539062,,24.754034280776978,0.027030229568481445
578,8.431123733520508,,24.801039695739746,0.0280001163482666
579,8.37332534790039,,24.845003843307495,0.02700066566467285
580,8.392093658447266,,24.890033960342407,0.02874159812927246
581,8.409555435180664,,24.94009256362915,0.03367114067077637
582,8.35617446899414,,24.991626501083374,0.03088235855102539
583,8.384916305541992,,25.043660163879395,0.032512664794921875
584,8.32866096496582,,25.089252948760986,0.02904963493347168
585,8.363862037658691,,25.142534017562866,0.03226828575134277
586,8.320520401000977,,25.191879749298096,0.029802799224853516
587,8.29533863067627,,25.244179248809814,0.03315591812133789
588,8.296602249145508,,25.298330545425415,0.03528952598571777
589,8.336999893188477,,25.347938299179077,0.03179574012756348
590,8.284107208251953,,25.39232635498047,0.028774261474609375
591,8.260608673095703,,25.43682098388672,0.027360916137695312
592,8.234591484069824,,25.485258102416992,0.03147625923156738
593,8.273916244506836,,25.526894330978394,0.025852203369140625
594,8.246536254882812,,25.56886124610901,0.025999784469604492
595,8.249421119689941,,25.612651109695435,0.02778935432434082
596,8.222929000854492,,25.654232501983643,0.02699589729309082
597,8.30400562286377,,25.6939435005188,0.024539947509765625
598,8.233598709106445,,25.73733949661255,0.026005029678344727
599,8.268840789794922,,25.777551651000977,0.02500009536743164
600,8.18388557434082,0.8255562663078309,25.82655167579651,0.04077506065368652
601,8.200777053833008,,25.869300603866577,0.027982711791992188
602,8.174263000488281,,25.909300565719604,0.02499985694885254
603,8.214035034179688,,25.952934980392456,0.027634143829345703
604,8.166363716125488,,25.993221044540405,0.02500128746032715
605,8.16008186340332,,26.035260677337646,0.02600264549255371
606,8.132518768310547,,26.077715158462524,0.0414578914642334
607,8.194847106933594,,26.119359016418457,0.025256872177124023
608,8.113992691040039,,26.16555881500244,0.030109405517578125
609,8.167312622070312,,26.20564603805542,0.025094032287597656
610,8.133024215698242,,26.24857497215271,0.037827253341674805
611,8.13681411743164,,26.294956922531128,0.030195951461791992
612,8.069393157958984,,26.337132453918457,0.0271453857421875
613,8.092582702636719,,26.37834644317627,0.03287005424499512
614,8.072927474975586,,26.420647859573364,0.027030229568481445
615,8.064830780029297,,26.461915254592896,0.02529764175415039
616,8.081070899963379,,26.50403904914856,0.026140928268432617
617,8.063218116760254,,26.54473614692688,0.02573418617248535
618,8.0562105178833,,26.585681200027466,0.02494192123413086
619,8.029277801513672,,26.630524396896362,0.028148889541625977
620,8.07470703125,,26.672524452209473,0.02696990966796875
621,8.067338943481445,,26.714807987213135,0.027143001556396484
622,8.000833511352539,,26.75717067718506,0.026365995407104492
623,7.997799873352051,,26.785632610321045,0.013149261474609375
624,8.031078338623047,,26.84083080291748,0.026193857192993164
625,8.03117561340332,,26.88207983970642,0.026251792907714844
626,8.03482723236084,,26.91043257713318,0.013141393661499023
627,7.961400985717773,,26.96690797805786,0.027260541915893555
628,7.9804768562316895,,27.006921529769897,0.025015830993652344
629,7.9699883460998535,,27.049377918243408,0.027260780334472656
630,7.942103862762451,,27.092915296554565,0.028267383575439453
631,7.962972164154053,,27.13531517982483,0.02739739418029785
632,7.945511817932129,,27.176594257354736,0.026180744171142578
633,7.918207168579102,,27.218637466430664,0.02683281898498535
634,7.881749153137207,,27.261053800582886,0.027445077896118164
635,7.889484405517578,,27.30039668083191,0.025217533111572266
636,7.876638412475586,,27.34077215194702,0.025150060653686523
637,7.892046928405762,,27.380995273590088,0.025188446044921875
638,7.899001121520996,,27.410383701324463,0.014108896255493164
639,7.850030422210693,,27.46230912208557,0.026826143264770508
640,7.838258266448975,,27.502511024475098,0.02523207664489746
641,7.83880615234375,,27.543758153915405,0.03305196762084961
642,7.859926700592041,,27.583022594451904,0.02523326873779297
643,7.894396781921387,,27.623422861099243,0.03808999061584473
644,7.7973952293396,,27.663853645324707,0.025140047073364258
645,7.839699745178223,,27.704099416732788,0.024229764938354492
646,7.837922096252441,,27.748656749725342,0.02918386459350586
647,7.782987594604492,,27.78924298286438,0.025293350219726562
648,7.79185676574707,,27.830511569976807,0.02623748779296875
649,7.790231704711914,,27.87104821205139,0.026239633560180664
650,7.750121116638184,,27.913530588150024,0.02738642692565918
651,7.778887748718262,,27.95481562614441,0.02628779411315918
652,7.787461280822754,,27.9949369430542,0.03405117988586426
653,7.7321085929870605,,28.035272359848022,0.02520298957824707
654,7.7337775230407715,,28.080678939819336,0.03021073341369629
655,7.728209495544434,,28.12216591835022,0.027227401733398438
656,7.742867946624756,,28.16551446914673,0.02816915512084961
657,7.711852073669434,,28.20457696914673,0.026020288467407227
658,7.7468976974487305,,28.247981309890747,0.028223514556884766
659,7.730282783508301,,28.2862765789032,0.023125648498535156
660,7.729354381561279,,28.328275203704834,0.024614810943603516
661,7.7082719802856445,,28.37082004547119,0.02726459503173828
662,7.6800432205200195,,28.410412549972534,0.02411627769470215
663,7.6197662353515625,,28.454551935195923,0.02568793296813965
664,7.670499801635742,,28.49704074859619,0.03635263442993164
665,7.685306549072266,,28.540558099746704,0.02821063995361328
666,7.6537909507751465,,28.58082151412964,0.025291919708251953
667,7.642310619354248,,28.62246084213257,0.026334762573242188
668,7.651769161224365,,28.664701461791992,0.02911210060119629
669,7.634741306304932,,28.705894947052002,0.026196718215942383
670,7.6371965408325195,,28.748409748077393,0.026291847229003906
671,7.63094425201416,,28.79072880744934,0.030196666717529297
672,7.5773725509643555,,28.831944227218628,0.026218652725219727
673,7.603539943695068,,28.874418020248413,0.02624058723449707
674,7.615818023681641,,28.91771125793457,0.027971982955932617
675,7.57041072845459,,28.9589900970459,0.02628159523010254
676,7.595819473266602,,28.998908519744873,0.02465343475341797
677,7.5924906730651855,,29.0413601398468,0.027230262756347656
678,7.594686031341553,,29.08521008491516,0.02884984016418457
679,7.610621452331543,,29.126477479934692,0.026170015335083008
680,7.515125274658203,,29.1696560382843,0.027951478958129883
681,7.553131580352783,,29.20995330810547,0.026263713836669922
682,7.506525039672852,,29.251161098480225,0.026078224182128906
683,7.53939151763916,,29.29219341278076,0.026566267013549805
684,7.543382167816162,,29.332326889038086,0.025136709213256836
685,7.462479591369629,,29.373714685440063,0.026185035705566406
686,7.512984752655029,,29.413788080215454,0.025147676467895508
687,7.528895378112793,,29.45525074005127,0.025466203689575195
688,7.440692901611328,,29.495230674743652,0.02517986297607422
689,7.529662132263184,,29.538355350494385,0.027994632720947266
690,7.468137741088867,,29.57785964012146,0.024507522583007812
691,7.466257095336914,,29.610315561294556,0.017146587371826172
692,7.507693290710449,,29.659857511520386,0.02485823631286621
693,7.475893497467041,,29.699291467666626,0.024158954620361328
694,7.404244422912598,,29.739388465881348,0.02482295036315918
695,7.421394348144531,,29.782464742660522,0.02710747718811035
696,7.437210559844971,,29.82297134399414,0.025159358978271484
697,7.393615245819092,,29.86348032951355,0.025175094604492188
698,7.478422164916992,,29.90562391281128,0.027147293090820312
699,7.388155460357666,,29.946054935455322,0.02421092987060547
700,7.428686141967773,0.851148533821106,29.989514350891113,0.028309106826782227
701,7.381122589111328,,30.03262186050415,0.027109146118164062
702,7.426756381988525,,30.074200868606567,0.02519822120666504
703,7.38840389251709,,30.114540815353394,0.029187440872192383
704,7.395973205566406,,30.15579128265381,0.025247812271118164
705,7.3753533363342285,,30.197307348251343,0.026169300079345703
706,7.320611000061035,,30.238131284713745,0.02767014503479004
707,7.370715141296387,,30.278281450271606,0.02515244483947754
708,7.299720287322998,,30.321672916412354,0.036278724670410156
709,7.345828533172607,,30.362177848815918,0.025231122970581055
710,7.346318244934082,,30.40407371520996,0.026895761489868164
711,7.348425388336182,,30.446398735046387,0.027100324630737305
712,7.332301139831543,,30.485795974731445,0.024089813232421875
713,7.301270484924316,,30.527623414993286,0.025681018829345703
714,7.326138496398926,,30.57020592689514,0.027311325073242188
715,7.3022260665893555,,30.6107177734375,0.0253293514251709
716,7.306949615478516,,30.653758764266968,0.026276350021362305
717,7.270345211029053,,30.69627809524536,0.027261018753051758
718,7.306603908538818,,30.737709045410156,0.02616429328918457
719,7.336547374725342,,30.779937744140625,0.02626347541809082
720,7.240210056304932,,30.81031560897827,0.015146017074584961
721,7.23836612701416,,30.86389970779419,0.02620244026184082
722,7.248414039611816,,30.90563464164734,0.026264667510986328
723,7.220597743988037,,30.948140859603882,0.027268648147583008
724,7.242994785308838,,30.990601301193237,0.027254581451416016
725,7.214576244354248,,31.031845808029175,0.026247262954711914
726,7.2373480796813965,,31.075803995132446,0.027812480926513672
727,7.236135959625244,,31.115540504455566,0.02630901336669922
728,7.194664001464844,,31.15788173675537,0.02734375
729,7.22929048538208,,31.200389623641968,0.02720189094543457
730,7.241677284240723,,31.242968559265137,0.02733159065246582
731,7.19642448425293,,31.28532910346985,0.027363300323486328
732,7.183432102203369,,31.328704595565796,0.028250932693481445
733,7.200068473815918,,31.370079040527344,0.0342867374420166
734,7.16650915145874,,31.412458419799805,0.026326894760131836
735,7.174068450927734,,31.45369553565979,0.026239871978759766
736,7.179261207580566,,31.49615240097046,0.026259899139404297
737,7.176381587982178,,31.53859806060791,0.027363061904907227
738,7.109437942504883,,31.57980728149414,0.026211023330688477
739,7.179928779602051,,31.621367692947388,0.025304555892944336
740,7.1188154220581055,,31.66389274597168,0.028409242630004883
741,7.1460161209106445,,31.7052800655365,0.026422500610351562
742,7.161965370178223,,31.745452642440796,0.02400803565979004
743,7.095055103302002,,31.786497116088867,0.02588653564453125
744,7.109513282775879,,31.828110694885254,0.02664494514465332
745,7.077165603637695,,31.860531330108643,0.016149282455444336
746,7.1034722328186035,,31.91296935081482,0.02739715576171875
747,7.063055992126465,,31.95517325401306,0.02620673179626465
748,7.095597267150879,,31.996673345565796,0.026296615600585938
749,7.0557780265808105,,32.03911995887756,0.02621746063232422
750,7.079752445220947,,32.08110570907593,0.02598857879638672
751,7.042889595031738,,32.124990940093994,0.02923297882080078
752,7.027811527252197,,32.16082215309143,0.02149176597595215
753,7.08727502822876,,32.206674337387085,0.0252530574798584
754,7.082082748413086,,32.24824666976929,0.026320219039916992
755,7.001254081726074,,32.29173946380615,0.028326749801635742
756,7.006572246551514,,32.33247971534729,0.026185274124145508
757,7.042796611785889,,32.37502717971802,0.027268409729003906
758,6.995380401611328,,32.417574405670166,0.02718377113342285
759,6.968072891235352,,32.45935082435608,0.0267794132232666
760,6.982906341552734,,32.50189161300659,0.02725958824157715
761,7.012430191040039,,32.544323682785034,0.02721691131591797
762,6.971683979034424,,32.58565902709961,0.026236295700073242
763,7.010554313659668,,32.62903451919556,0.027289628982543945
764,6.942163467407227,,32.67141652107239,0.03524136543273926
765,6.951643466949463,,32.71073246002197,0.024700164794921875
766,7.012710094451904,,32.753018856048584,0.026171207427978516
767,6.918752193450928,,32.79321479797363,0.024875164031982422
768,6.941181659698486,,32.83557391166687,0.026355743408203125
769,6.931754112243652,,32.87695264816284,0.026294231414794922
770,6.936393737792969,,32.91946887969971,0.026330232620239258
771,6.89475679397583,,32.96266531944275,0.028083324432373047
772,6.89228630065918,,33.00498700141907,0.027348995208740234
773,6.881875514984131,,33.04559874534607,0.025295019149780273
774,6.903965950012207,,33.08797311782837,0.027319669723510742
775,6.9172492027282715,,33.12915086746216,0.026180744171142578
776,6.908975601196289,,33.1602623462677,0.01587653160095215
777,6.864504814147949,,33.213711738586426,0.027187585830688477
778,6.868098735809326,,33.255473136901855,0.02673196792602539
779,6.814361095428467,,33.29780292510986,0.027170658111572266
780,6.903057098388672,,33.33720827102661,0.024206876754760742
781,6.884279251098633,,33.37949776649475,0.026288986206054688
782,6.797726631164551,,33.41963505744934,0.02486562728881836
783,6.78370475769043,,33.460041522979736,0.024224519729614258
784,6.8067402839660645,,33.499871253967285,0.024642467498779297
785,6.829021453857422,,33.5423264503479,0.026201486587524414
786,6.843760967254639,,33.583595991134644,0.02627277374267578
787,6.826239109039307,,33.62580060958862,0.026938199996948242
788,6.847504615783691,,33.66117238998413,0.019153356552124023
789,6.761665344238281,,33.710434436798096,0.026424407958984375
790,6.828603744506836,,33.75138187408447,0.02522563934326172
791,6.802821636199951,,33.792813777923584,0.02622842788696289
792,6.804952621459961,,33.834561347961426,0.025750160217285156
793,6.783709526062012,,33.877026081085205,0.02629566192626953
794,6.768065452575684,,33.91852164268494,0.026291370391845703
795,6.746393203735352,,33.96065926551819,0.026064395904541016
796,6.732777118682861,,34.003414154052734,0.026685237884521484
797,6.743328094482422,,34.04419016838074,0.0246124267578125
798,6.72230339050293,,34.085689544677734,0.026499509811401367
799,6.746272087097168,,34.12611365318298,0.025256872177124023
800,6.76492977142334,0.873667585849762,34.1683087348938,0.026921987533569336
801,6.744924545288086,,34.21107029914856,0.026758432388305664
802,6.745663642883301,,34.2526912689209,0.026451826095581055
803,6.69944429397583,,34.29782032966614,0.02980804443359375
804,6.7469329833984375,,34.33772277832031,0.03402233123779297
805,6.7241315841674805,,34.37893986701965,0.026220083236694336
806,6.676103115081787,,34.42045450210571,0.026282072067260742
807,6.7221784591674805,,34.46080994606018,0.025246858596801758
808,6.703919410705566,,34.50564622879028,0.027081012725830078
809,6.714642524719238,,34.547181606292725,0.02627420425415039
810,6.73607063293457,,34.59291648864746,0.028675317764282227
811,6.701229095458984,,34.63990139961243,0.031343698501586914
812,6.6426286697387695,,34.686662435531616,0.02914738655090332
813,6.697646141052246,,34.73074960708618,0.0279843807220459
814,6.6638336181640625,,34.773935079574585,0.026231050491333008
815,6.669842720031738,,34.81105875968933,0.02112293243408203
816,6.645299434661865,,34.85702705383301,0.027220487594604492
817,6.646724700927734,,34.89647889137268,0.024210214614868164
818,6.641857147216797,,34.937113761901855,0.0252988338470459
819,6.674978256225586,,34.9790358543396,0.02692103385925293
820,6.635665416717529,,35.010929107666016,0.017128944396972656
821,6.630335807800293,,35.06171369552612,0.02542734146118164
822,6.608180046081543,,35.10301494598389,0.026334285736083984
823,6.6102375984191895,,35.14262127876282,0.024287939071655273
824,6.556236267089844,,35.18295979499817,0.024541616439819336
825,6.593369007110596,,35.223573207855225,0.025288820266723633
826,6.582809925079346,,35.263188123703,0.027460813522338867
827,6.556130409240723,,35.30410408973694,0.025393962860107422
828,6.569787502288818,,35.34465980529785,0.03347969055175781
829,6.581584930419922,,35.385956048965454,0.026189804077148438
830,6.6027021408081055,,35.428688049316406,0.026604652404785156
831,6.61729097366333,,35.47073316574097,0.0349726676940918
832,6.567090034484863,,35.51328110694885,0.02739882469177246
833,6.506533622741699,,35.55576419830322,0.02792978286743164
834,6.541184902191162,,35.596296310424805,0.02551412582397461
835,6.537559509277344,,35.639049768447876,0.0272061824798584
836,6.5208635330200195,,35.68046998977661,0.026524066925048828
837,6.501636028289795,,35.723485708236694,0.027113676071166992
838,6.517141342163086,,35.760714054107666,0.021993637084960938
839,6.508191108703613,,35.809216260910034,0.02832770347595215
840,6.496068954467773,,35.85128450393677,0.026942968368530273
841,6.569212913513184,,35.893577575683594,0.03314924240112305
842,6.4659528732299805,,35.93588662147522,0.02731180191040039
843,6.509681701660156,,35.978288650512695,0.027309656143188477
844,6.466144561767578,,36.01951885223389,0.0340731143951416
845,6.455142974853516,,36.062154054641724,0.02745366096496582
846,6.468531608581543,,36.10202145576477,0.02487039566040039
847,6.4596357345581055,,36.144593477249146,0.02726268768310547
848,6.405646324157715,,36.18619394302368,0.026488065719604492
849,6.48182487487793,,36.22823476791382,0.02583479881286621
850,6.457451820373535,,36.26064491271973,0.01714611053466797
851,6.455353736877441,,36.31036567687988,0.02425360679626465
852,6.475263595581055,,36.354777574539185,0.027304649353027344
853,6.447031497955322,,36.39624643325806,0.02620530128479004
854,6.383831977844238,,36.43868088722229,0.027174949645996094
855,6.436838150024414,,36.479878425598145,0.025200366973876953
856,6.455690383911133,,36.52236223220825,0.027264118194580078
857,6.463314533233643,,36.564661741256714,0.029215574264526367
858,6.37058162689209,,36.6053102016449,0.025650978088378906
859,6.42830753326416,,36.648242473602295,0.02711939811706543
860,6.381269931793213,,36.685654640197754,0.022098302841186523
861,6.408147811889648,,36.73410081863403,0.02717757225036621
862,6.43052339553833,,36.77657961845398,0.027263879776000977
863,6.36905574798584,,36.81904673576355,0.027259111404418945
864,6.421570301055908,,36.860381841659546,0.02633810043334961
865,6.34366512298584,,36.90275979042053,0.027260541915893555
866,6.38580322265625,,36.94426250457764,0.026268959045410156
867,6.365625381469727,,36.986292362213135,0.027032852172851562
868,6.336982727050781,,37.02753710746765,0.026247739791870117
869,6.340081214904785,,37.070080518722534,0.02728128433227539
870,6.35479211807251,,37.11341047286987,0.02834463119506836
871,6.366580963134766,,37.154627084732056,0.026219606399536133
872,6.334700107574463,,37.19713735580444,0.027271747589111328
873,6.327878952026367,,37.23963379859924,0.027247905731201172
874,6.30832576751709,,37.28084087371826,0.02621006965637207
875,6.342604637145996,,37.32282543182373,0.026677846908569336
876,6.318525791168213,,37.36541962623596,0.027281999588012695
877,6.287145614624023,,37.40666174888611,0.0262451171875
878,6.257153034210205,,37.44922614097595,0.027293682098388672
879,6.277620792388916,,37.49071192741394,0.02622365951538086
880,6.260913848876953,,37.53299880027771,0.02628779411315918
881,6.290398120880127,,37.560346841812134,0.012049674987792969
882,6.299701690673828,,37.61061692237854,0.02009439468383789
883,6.2547430992126465,,37.66023302078247,0.02737903594970703
884,6.25114631652832,,37.701990604400635,0.026674747467041016
885,6.2819414138793945,,37.74352264404297,0.02627277374267578
886,6.289647102355957,,37.78580904006958,0.026200056076049805
887,6.222541809082031,,37.82811093330383,0.02622056007385254
888,6.232540130615234,,37.87060546875,0.027225494384765625
889,6.244406700134277,,37.91350722312927,0.027821063995361328
890,6.259227275848389,,37.95574712753296,0.027241945266723633
891,6.226831436157227,,37.99522352218628,0.024237632751464844
892,6.235400676727295,,38.035624265670776,0.025234222412109375
893,6.156709671020508,,38.0789155960083,0.0281374454498291
894,6.222578048706055,,38.11799669265747,0.031870126724243164
895,6.242691516876221,,38.16035723686218,0.026357412338256836
896,6.2284464836120605,,38.201754093170166,0.026309728622436523
897,6.1975812911987305,,38.245362281799316,0.02830672264099121
898,6.197983264923096,,38.28550148010254,0.025030136108398438
899,6.17164421081543,,38.32961654663086,0.02700209617614746
900,6.230041980743408,0.8820114374160767,38.37820291519165,0.03331255912780762
901,6.168787002563477,,38.420483350753784,0.03516077995300293
902,6.195091724395752,,38.463266372680664,0.027692317962646484
903,6.1938910484313965,,38.505460262298584,0.027196407318115234
904,6.152838706970215,,38.54510450363159,0.024436235427856445
905,6.179439544677734,,38.58485722541809,0.02371525764465332
906,6.150567054748535,,38.62736701965332,0.026260852813720703
907,6.16499662399292,,38.66762661933899,0.0249178409576416
908,6.140850067138672,,38.70987319946289,0.026243209838867188
909,6.120497226715088,,38.75204849243164,0.04117584228515625
910,6.109611988067627,,38.7945499420166,0.02726125717163086
911,6.150152206420898,,38.83690428733826,0.027264118194580078
912,6.1369853019714355,,38.876848459243774,0.024947166442871094
913,6.153891563415527,,38.91043496131897,0.017145633697509766
914,6.102198123931885,,38.96174645423889,0.026316404342651367
915,6.125909805297852,,39.00296688079834,0.0252225399017334
916,6.106321334838867,,39.045509338378906,0.027322769165039062
917,6.112567901611328,,39.089043378829956,0.028475284576416016
918,6.1055378913879395,,39.13034915924072,0.026308536529541016
919,6.107625961303711,,39.17283821105957,0.02711200714111328
920,6.040003776550293,,39.21523642539978,0.027186155319213867
921,6.076047897338867,,39.2564480304718,0.0262148380279541
922,6.074440002441406,,39.29648303985596,0.025217294692993164
923,6.082090377807617,,39.33957076072693,0.027772903442382812
924,6.071650505065918,,39.38075637817383,0.02618885040283203
925,6.0775041580200195,,39.422290563583374,0.026213407516479492
926,6.069576263427734,,39.46454191207886,0.029160261154174805
927,6.02600622177124,,39.5057635307312,0.026224613189697266
928,6.005966663360596,,39.548256397247314,0.027255773544311523
929,6.0496907234191895,,39.58981108665466,0.026293039321899414
930,6.014156341552734,,39.631019115448,0.025241851806640625
931,6.0663557052612305,,39.6736364364624,0.027230501174926758
932,6.008452892303467,,39.71522808074951,0.026218652725219727
933,6.035870552062988,,39.75556993484497,0.024344682693481445
934,6.039390563964844,,39.79697895050049,0.026163578033447266
935,6.016172885894775,,39.83666515350342,0.02449178695678711
936,6.043159008026123,,39.87877178192139,0.026137590408325195
937,6.009884357452393,,39.91902685165405,0.03315854072570801
938,6.012701988220215,,39.96046853065491,0.02528238296508789
939,6.021513938903809,,40.00334191322327,0.026283979415893555
940,6.0111236572265625,,40.045817613601685,0.02627730369567871
941,5.976914882659912,,40.08827471733093,0.02734375
942,6.0084991455078125,,40.12948799133301,0.02621626853942871
943,5.997983932495117,,40.17230486869812,0.027575016021728516
944,5.9406633377075195,,40.21058106422424,0.023087739944458008
945,5.974390983581543,,40.25596308708191,0.02612161636352539
946,5.968043327331543,,40.29611659049988,0.024876832962036133
947,6.005866050720215,,40.33696699142456,0.0257265567779541
948,5.9766106605529785,,40.37813997268677,0.02616572380065918
949,5.961104869842529,,40.418447732925415,0.02398848533630371
950,5.95257568359375,,40.46076798439026,0.026310205459594727
951,5.967174530029297,,40.50308918952942,0.027164697647094727
952,5.943376541137695,,40.54256510734558,0.02420496940612793
953,5.938694953918457,,40.584853649139404,0.02631354331970215
954,5.919321537017822,,40.62714242935181,0.026148080825805664
955,5.932036876678467,,40.66110897064209,0.018113136291503906
956,5.942905902862549,,40.70925188064575,0.026117801666259766
957,5.896817684173584,,40.751887798309326,0.027396202087402344
958,5.9040045738220215,,40.79129433631897,0.024194002151489258
959,5.912761211395264,,40.833467960357666,0.026167869567871094
960,5.887657165527344,,40.87337803840637,0.02465987205505371
961,5.893930912017822,,40.91588258743286,0.0262300968170166
962,5.904285907745361,,40.95710730552673,0.026227235794067383
963,5.888032913208008,,40.99962139129639,0.027280569076538086
964,5.865118503570557,,41.04110860824585,0.026171445846557617
965,5.853690147399902,,41.084447145462036,0.027341365814208984
966,5.879494667053223,,41.12569880485535,0.027102947235107422
967,5.888830184936523,,41.16825890541077,0.027355432510375977
968,5.82561731338501,,41.210437297821045,0.027181386947631836
969,5.861729621887207,,41.25184082984924,0.026257991790771484
970,5.870368957519531,,41.293986558914185,0.026836633682250977
971,5.871733665466309,,41.3345160484314,0.02449941635131836
972,5.8781890869140625,,41.376126527786255,0.02647709846496582
973,5.820286750793457,,41.418627977371216,0.027266740798950195
974,5.847101211547852,,41.46094369888306,0.027318716049194336
975,5.7994232177734375,,41.50330638885498,0.027228355407714844
976,5.815141677856445,,41.54564356803894,0.035219430923461914
977,5.831447601318359,,41.58710217475891,0.026399612426757812
978,5.839535713195801,,41.62739562988281,0.024326801300048828
979,5.784619331359863,,41.67092967033386,0.027283668518066406
980,5.784345626831055,,41.71337962150574,0.02739238739013672
981,5.85806941986084,,41.7536883354187,0.025311708450317383
982,5.821483612060547,,41.795793294906616,0.026851415634155273
983,5.773468494415283,,41.8382248878479,0.02734684944152832
984,5.774599552154541,,41.87852883338928,0.02530694007873535
985,5.820466041564941,,41.920979738235474,0.026255130767822266
986,5.796338081359863,,41.96042466163635,0.024362564086914062
987,5.835725784301758,,42.00485372543335,0.026097774505615234
988,5.770323753356934,,42.04496431350708,0.024819374084472656
989,5.774389743804932,,42.087482929229736,0.02633190155029297
990,5.7169189453125,,42.129687786102295,0.027234315872192383
991,5.777222633361816,,42.17125225067139,0.026340007781982422
992,5.74296760559082,,42.210517168045044,0.024103641510009766
993,5.746603012084961,,42.252806425094604,0.026177167892456055
994,5.726515769958496,,42.29538822174072,0.027306795120239258
995,5.767518043518066,,42.33692240715027,0.026416301727294922
996,5.7809343338012695,,42.37812876701355,0.02524089813232422
997,5.728763580322266,,42.42061185836792,0.026287317276000977
998,5.725044250488281,,42.46301507949829,0.027347326278686523
999,5.772063255310059,,42.504263162612915,0.02625107765197754
1000,5.751612186431885,0.8880781292915344,42.5526647567749,0.03311014175415039
1001,5.769658088684082,,42.59518218040466,0.027260541915893555
1002,5.722529411315918,,42.63769745826721,0.027350187301635742
1003,5.704495429992676,,42.67883825302124,0.02614426612854004
1004,5.691027641296387,,42.721280336380005,0.027222871780395508
1005,5.7167158126831055,,42.763585805892944,0.028219938278198242
1006,5.695935249328613,,42.80479025840759,0.026207685470581055
1007,5.679123878479004,,42.84632658958435,0.02626323699951172
1008,5.666561126708984,,42.88677501678467,0.024199962615966797
1009,5.662047863006592,,42.92798614501953,0.026214122772216797
1010,5.658262252807617,,42.970346212387085,0.027091503143310547
1011,5.677521705627441,,43.01182007789612,0.02639007568359375
1012,5.699275016784668,,43.053048849105835,0.025246858596801758
1013,5.694581031799316,,43.095643281936646,0.027324438095092773
1014,5.680383682250977,,43.137134313583374,0.026358366012573242
1015,5.667197227478027,,43.17873191833496,0.02609729766845703
1016,5.66509485244751,,43.220200538635254,0.02626347541809082
1017,5.681020736694336,,43.26049304008484,0.024206161499023438
1018,5.657075881958008,,43.30460715293884,0.027178287506103516
1019,5.669122219085693,,43.346911907196045,0.03624391555786133
1020,5.6855244636535645,,43.38838577270508,0.026215791702270508
1021,5.644547462463379,,43.429609537124634,0.025226593017578125
1022,5.6354241371154785,,43.472646713256836,0.026839494705200195
1023,5.629919052124023,,43.51410794258118,0.026219844818115234
1024,5.658988952636719,,43.55537295341492,0.025267601013183594
1025,5.600517272949219,,43.59794235229492,0.027298688888549805
1026,5.631949424743652,,43.63946580886841,0.026259183883666992
1027,5.6337761878967285,,43.680670499801636,0.025222301483154297
1028,5.612876892089844,,43.723143577575684,0.027231693267822266
1029,5.606575012207031,,43.765084743499756,0.028851985931396484
1030,5.613112926483154,,43.806413650512695,0.026326656341552734
1031,5.597474098205566,,43.84899926185608,0.027313232421875
1032,5.600285530090332,,43.89049434661865,0.026205062866210938
1033,5.637426376342773,,43.93173360824585,0.025241613388061523
1034,5.58576774597168,,43.97516226768494,0.027266740798950195
1035,5.547833442687988,,44.016672134399414,0.02724170684814453
1036,5.558421611785889,,44.05863809585571,0.02696967124938965
1037,5.565799713134766,,44.10119104385376,0.027283191680908203
1038,5.577184200286865,,44.143598556518555,0.027111053466796875
1039,5.607183456420898,,44.18521547317505,0.026302814483642578
1040,5.611630439758301,,44.22797131538391,0.04178905487060547
1041,5.533689022064209,,44.27008938789368,0.026784896850585938
1042,5.547664642333984,,44.31045365333557,0.025208473205566406
1043,5.509192943572998,,44.35350561141968,0.027890682220458984
1044,5.565468788146973,,44.39479923248291,0.026141643524169922
1045,5.530946254730225,,44.434396743774414,0.02350902557373047
1046,5.562708854675293,,44.476818323135376,0.026174306869506836
1047,5.543509006500244,,44.5174765586853,0.02541828155517578
1048,5.540342330932617,,44.55978322029114,0.02730417251586914
1049,5.57289457321167,,44.60107421875,0.026088714599609375
1050,5.493939399719238,,44.64156985282898,0.024224519729614258
1051,5.557313919067383,,44.68377661705017,0.02621006965637207
1052,5.509947299957275,,44.72598457336426,0.02594280242919922
1053,5.546107292175293,,44.76085424423218,0.019531726837158203
1054,5.526878356933594,,44.80812120437622,0.026116609573364258
1055,5.543119430541992,,44.847644329071045,0.03733468055725098
1056,5.5213727951049805,,44.890148639678955,0.0272066593170166
1057,5.516910552978516,,44.93136525154114,0.02621936798095703
1058,5.500715255737305,,44.97305655479431,0.02628636360168457
1059,5.46773624420166,,45.01567196846008,0.0272524356842041
1060,5.5158467292785645,,45.05688142776489,0.02521228790283203
1061,5.487171173095703,,45.097537994384766,0.02538013458251953
1062,5.489464282989502,,45.13758444786072,0.026911497116088867
1063,5.473258972167969,,45.178831338882446,0.02524399757385254
1064,5.487466812133789,,45.221161127090454,0.035238027572631836
1065,5.497842788696289,,45.2626588344574,0.026407957077026367
1066,5.481551170349121,,45.30484414100647,0.026219844818115234
1067,5.453583717346191,,45.346444845199585,0.026340484619140625
1068,5.466911315917969,,45.388995885849,0.027276039123535156
1069,5.46793270111084,,45.430198669433594,0.026206016540527344
1070,5.4543681144714355,,45.47175669670105,0.02624034881591797
1071,5.430492401123047,,45.51420283317566,0.026233434677124023
1072,5.423391342163086,,45.55641531944275,0.026215076446533203
1073,5.426053047180176,,45.5858952999115,0.014160394668579102
1074,5.438652992248535,,45.63529634475708,0.022165298461914062
1075,5.410677909851074,,45.68033313751221,0.024279117584228516
1076,5.439591884613037,,45.72091817855835,0.025261402130126953
1077,5.458368301391602,,45.76244616508484,0.026418447494506836
1078,5.413556098937988,,45.80464005470276,0.026224613189697266
1079,5.4252166748046875,,45.84613370895386,0.0262603759765625
1080,5.44345235824585,,45.888609170913696,0.027362585067749023
1081,5.423628330230713,,45.92983651161194,0.026230335235595703
1082,5.413966655731201,,45.97136211395264,0.026288747787475586
1083,5.406163215637207,,46.01480746269226,0.027251243591308594
1084,5.367560863494873,,46.05577898025513,0.025974512100219727
1085,5.392373085021973,,46.098337173461914,0.027263879776000977
1086,5.389995574951172,,46.14067268371582,0.03024125099182129
1087,5.430231094360352,,46.1807599067688,0.02508544921875
1088,5.400254726409912,,46.220746994018555,0.024799108505249023
1089,5.361513614654541,,46.26326107978821,0.027388334274291992
1090,5.400254249572754,,46.30446672439575,0.02523946762084961
1091,5.358620643615723,,46.34707307815552,0.026289939880371094
1092,5.419170379638672,,46.38800311088562,0.025784015655517578
1093,5.395504951477051,,46.4293999671936,0.026399612426757812
1094,5.398439884185791,,46.47195768356323,0.027265548706054688
1095,5.35584831237793,,46.513529777526855,0.02629876136779785
1096,5.3826398849487305,,46.55548930168152,0.025957822799682617
1097,5.372522354125977,,46.597989082336426,0.02728581428527832
1098,5.318108558654785,,46.63535141944885,0.02212357521057129
1099,5.37760066986084,,46.68171572685242,0.0260469913482666
1100,5.3635478019714355,0.8873030781745911,46.73078227043152,0.032900333404541016
1101,5.357685089111328,,46.77327084541321,0.02628803253173828
1102,5.3734283447265625,,46.81550931930542,0.03015279769897461
1103,5.325366497039795,,46.85770606994629,0.026231050491333008
1104,5.332344055175781,,46.88607406616211,0.013151168823242188
1105,5.348186492919922,,46.94193243980408,0.026271343231201172
1106,5.330555438995361,,46.984171628952026,0.027242183685302734
1107,5.283576011657715,,47.023622274398804,0.024234771728515625
1108,5.3713788986206055,,47.06599259376526,0.026168346405029297
1109,5.342785835266113,,47.10820484161377,0.026215076446533203
1110,5.350886344909668,,47.1506724357605,0.027266740798950195
1111,5.322049140930176,,47.192198514938354,0.02626180648803711
1112,5.334686279296875,,47.23424196243286,0.027046918869018555
1113,5.319989204406738,,47.27619409561157,0.02625870704650879
1114,5.28253173828125,,47.31866431236267,0.027272939682006836
1115,5.285284519195557,,47.35890030860901,0.025238990783691406
1116,5.31624698638916,,47.39844083786011,0.037421226501464844
1117,5.282383441925049,,47.43552017211914,0.024943113327026367
1118,5.293050289154053,,47.48179030418396,0.02712273597717285
1119,5.282910346984863,,47.521284103393555,0.02523660659790039
1120,5.2804646492004395,,47.563751220703125,0.0272066593170166
1121,5.2731428146362305,,47.604921102523804,0.025172948837280273
1122,5.275468349456787,,47.64675521850586,0.026576995849609375
1123,5.242490291595459,,47.687745809555054,0.02570629119873047
1124,5.261665344238281,,47.728761196136475,0.026011943817138672
1125,5.259953498840332,,47.77128601074219,0.026258468627929688
1126,5.249870300292969,,47.81275010108948,0.026223421096801758
1127,5.282762050628662,,47.85395336151123,0.026206016540527344
1128,5.26854944229126,,47.89599633216858,0.026816129684448242
1129,5.2571306228637695,,47.935344219207764,0.024265527725219727
1130,5.254677772521973,,47.98004937171936,0.026260852813720703
1131,5.244653224945068,,48.02151036262512,0.026185035705566406
1132,5.2418904304504395,,48.063966274261475,0.0272219181060791
1133,5.230539798736572,,48.105759143829346,0.02628946304321289
1134,5.211360931396484,,48.147489070892334,0.026360273361206055
1135,5.231894016265869,,48.18855857849121,0.02582716941833496
1136,5.222172737121582,,48.229509353637695,0.02595376968383789
1137,5.239409446716309,,48.27204155921936,0.02720165252685547
1138,5.221228122711182,,48.313454151153564,0.026178598403930664
1139,5.277406215667725,,48.354602336883545,0.026151180267333984
1140,5.197100639343262,,48.39649176597595,0.026164770126342773
1141,5.193593978881836,,48.43941640853882,0.026695966720581055
1142,5.200065612792969,,48.48172903060913,0.027312040328979492
1143,5.185268878936768,,48.52369999885559,0.026787281036376953
1144,5.194808006286621,,48.56613540649414,0.027164697647094727
1145,5.232326984405518,,48.60789918899536,0.02676677703857422
1146,5.210707664489746,,48.64940786361694,0.02631402015686035
1147,5.190709590911865,,48.69192028045654,0.027295827865600586
1148,5.230676651000977,,48.73371648788452,0.02679920196533203
1149,5.181765556335449,,48.776190996170044,0.040343284606933594
1150,5.205442428588867,,48.81053304672241,0.019114971160888672
1151,5.1878814697265625,,48.860339879989624,0.026340484619140625
1152,5.203395843505859,,48.90266180038452,0.027235746383666992
1153,5.189316749572754,,48.94414448738098,0.026248931884765625
1154,5.175355434417725,,48.985562324523926,0.02642083168029785
1155,5.188121318817139,,49.02837586402893,0.026257991790771484
1156,5.207673072814941,,49.0699462890625,0.0262908935546875
1157,5.185125350952148,,49.112372636795044,0.02632927894592285
1158,5.165537357330322,,49.15354943275452,0.026180267333984375
1159,5.192018508911133,,49.19606399536133,0.027236461639404297
1160,5.1599907875061035,,49.235466957092285,0.024315595626831055
1161,5.158576488494873,,49.280115842819214,0.02623772621154785
1162,5.183545112609863,,49.32258319854736,0.02625894546508789
1163,5.169791221618652,,49.365060329437256,0.027246713638305664
1164,5.1454925537109375,,49.40722608566284,0.027058124542236328
1165,5.165217399597168,,49.44966673851013,0.026218652725219727
1166,5.1520795822143555,,49.49217128753662,0.0272369384765625
1167,5.1935038566589355,,49.5334370136261,0.026268959045410156
1168,5.132640838623047,,49.574824810028076,0.026161909103393555
1169,5.156102180480957,,49.61731767654419,0.02626323699951172
1170,5.1481122970581055,,49.65961456298828,0.027299880981445312
1171,5.169501781463623,,49.69988989830017,0.025190114974975586
1172,5.112295150756836,,49.74046874046326,0.02528667449951172
1173,5.099398612976074,,49.782569885253906,0.02710413932800293
1174,5.161341667175293,,49.82407855987549,0.026230573654174805
1175,5.105487823486328,,49.866628646850586,0.027271509170532227
1176,5.114953994750977,,49.907880544662476,0.026254892349243164
1177,5.126772880554199,,49.94937515258789,0.026289701461791992
1178,5.106435298919678,,49.99171233177185,0.026210546493530273
1179,5.1497697830200195,,50.03292107582092,0.026211977005004883
1180,5.128714084625244,,50.075525522232056,0.027219057083129883
1181,5.144680023193359,,50.11792993545532,0.027102947235107422
1182,5.108539581298828,,50.159135818481445,0.026208877563476562
1183,5.108401298522949,,50.201279640197754,0.025864362716674805
1184,5.07317590713501,,50.23565316200256,0.019149303436279297
1185,5.078044891357422,,50.28563666343689,0.026416301727294922
1186,5.113583564758301,,50.328011989593506,0.026662111282348633
1187,5.097723484039307,,50.36744999885559,0.02417922019958496
1188,5.075009346008301,,50.40864610671997,0.02618885040283203
1189,5.06929874420166,,50.451024293899536,0.02605605125427246
1190,5.072810173034668,,50.491167306900024,0.024796724319458008
1191,5.061493396759033,,50.533302783966064,0.026136398315429688
1192,5.10368537902832,,50.57387924194336,0.024291038513183594
1193,5.098474502563477,,50.61430788040161,0.025202512741088867
1194,5.053738594055176,,50.65640616416931,0.02712726593017578
1195,5.069159507751465,,50.69589328765869,0.024196147918701172
1196,5.100151538848877,,50.73641061782837,0.025356292724609375
1197,5.109036922454834,,50.78384232521057,0.032208919525146484
1198,5.0584492683410645,,50.82739615440369,0.031317949295043945
1199,5.083632469177246,,50.87077784538269,0.03530097007751465
1200,5.039137363433838,0.8870607137680053,50.915159702301025,0.02927255630493164
1201,5.053596019744873,,50.9553747177124,0.025196552276611328
1202,5.051440238952637,,50.995898962020874,0.025261878967285156
1203,5.022087574005127,,51.03646445274353,0.025375843048095703
1204,5.020105361938477,,51.07922983169556,0.027771472930908203
1205,5.0485076904296875,,51.119606256484985,0.025214195251464844
1206,5.0546488761901855,,51.15995955467224,0.025216102600097656
1207,5.072121620178223,,51.20154118537903,0.026432275772094727
1208,5.037463188171387,,51.2441086769104,0.02732992172241211
1209,5.020383834838867,,51.28365707397461,0.024548768997192383
1210,5.01146936416626,,51.324092388153076,0.02516770362854004
1211,5.025440216064453,,51.36657691001892,0.027137041091918945
1212,5.01276969909668,,51.405811071395874,0.02423715591430664
1213,5.019102096557617,,51.44829797744751,0.026217222213745117
1214,5.0146565437316895,,51.48998403549194,0.026458263397216797
1215,4.997662544250488,,51.5305335521698,0.024583101272583008
1216,5.020815372467041,,51.57113552093506,0.025275468826293945
1217,5.029212474822998,,51.610597133636475,0.024337053298950195
1218,5.0597429275512695,,51.65322709083557,0.026514053344726562
1219,5.001803398132324,,51.695738315582275,0.02724170684814453
1220,5.068353652954102,,51.73818564414978,0.027365922927856445
1221,5.0126872062683105,,51.77780771255493,0.024625301361083984
1222,4.981664180755615,,51.82032513618469,0.027277231216430664
1223,4.972309112548828,,51.86260008811951,0.027137041091918945
1224,4.978695869445801,,51.90380382537842,0.02620720863342285
1225,5.009440898895264,,51.946301221847534,0.027262210845947266
1226,5.005586624145508,,51.985851526260376,0.024367094039916992
1227,4.991434097290039,,52.02752733230591,0.026535749435424805
1228,5.018434524536133,,52.07007598876953,0.027273178100585938
1229,4.998779773712158,,52.11279058456421,0.027441740036010742
1230,4.973543167114258,,52.153024435043335,0.025237321853637695
1231,4.9976911544799805,,52.1949942111969,0.026621580123901367
1232,4.976797580718994,,52.23741579055786,0.026334285736083984
1233,4.95107364654541,,52.27951145172119,0.027098655700683594
1234,4.957640171051025,,52.321134090423584,0.026233434677124023
1235,4.984940528869629,,52.36050987243652,0.024280548095703125
1236,4.960610389709473,,52.405741930007935,0.026227712631225586
1237,4.965961456298828,,52.44808506965637,0.03725314140319824
1238,4.988760948181152,,52.49052047729492,0.027237892150878906
1239,4.947613716125488,,52.53224182128906,0.026723861694335938
1240,5.012740612030029,,52.57389807701111,0.026262998580932617
1241,4.973233222961426,,52.61638355255127,0.027247190475463867
1242,4.958150386810303,,52.65871787071228,0.027337312698364258
1243,4.950011253356934,,52.70116901397705,0.027137041091918945
1244,4.949833869934082,,52.742626428604126,0.026194334030151367
1245,4.925084114074707,,52.78610157966614,0.027477264404296875
1246,4.915245056152344,,52.82745051383972,0.0262606143951416
1247,4.945450305938721,,52.870079040527344,0.026397228240966797
1248,4.905473709106445,,52.912514448165894,0.027321577072143555
1249,4.926355361938477,,52.95373892784119,0.02622842788696289
1250,4.90587043762207,,52.99620509147644,0.027233362197875977
1251,4.951789379119873,,53.038647413253784,0.027356863021850586
1252,4.924234867095947,,53.07982540130615,0.02618098258972168
1253,4.963848114013672,,53.122276306152344,0.027209758758544922
1254,4.9154767990112305,,53.16447329521179,0.029111385345458984
1255,4.924199104309082,,53.205679416656494,0.026208877563476562
1256,4.935371398925781,,53.248201847076416,0.027297496795654297
1257,4.908374309539795,,53.29077911376953,0.027341842651367188
1258,4.894597053527832,,53.331981897354126,0.026205778121948242
1259,4.932390213012695,,53.37447762489319,0.026280879974365234
1260,4.900712013244629,,53.41612005233765,0.026269197463989258
1261,4.862864971160889,,53.45844650268555,0.026361703872680664
1262,4.91240119934082,,53.497766971588135,0.02407670021057129
1263,4.886618614196777,,53.54029941558838,0.027263164520263672
1264,4.880806922912598,,53.58153247833252,0.026234149932861328
1265,4.879788875579834,,53.62400460243225,0.02626180648803711
1266,4.885457515716553,,53.660386085510254,0.021146774291992188
1267,4.876527786254883,,53.70772695541382,0.02602553367614746
1268,4.879210472106934,,53.750202655792236,0.026269912719726562
1269,4.85128927230835,,53.79269576072693,0.027233600616455078
1270,4.842013835906982,,53.83297824859619,0.02528548240661621
1271,4.851534843444824,,53.8727605342865,0.02454090118408203
1272,4.859148979187012,,53.91221642494202,0.0242002010345459
1273,4.8735480308532715,,53.9543354511261,0.026116132736206055
1274,4.857847213745117,,53.99408483505249,0.02358555793762207
1275,4.871615409851074,,54.03455424308777,0.0242617130279541
1276,4.83449125289917,,54.07671308517456,0.02701401710510254
1277,4.875741004943848,,54.12026858329773,0.02730727195739746
1278,4.841348171234131,,54.16272687911987,0.027374267578125
1279,4.876355171203613,,54.204041957855225,0.026317834854125977
1280,4.882462024688721,,54.245625257492065,0.026320695877075195
1281,4.849613189697266,,54.28812074661255,0.02739858627319336
1282,4.862350940704346,,54.32933282852173,0.026215553283691406
1283,4.855271339416504,,54.37179636955261,0.026293039321899414
1284,4.841293811798096,,54.41282105445862,0.025765419006347656
1285,4.88796329498291,,54.45477056503296,0.026948928833007812
1286,4.818447113037109,,54.497272968292236,0.02721238136291504
1287,4.867226600646973,,54.53547024726868,0.023051977157592773
1288,4.857303142547607,,54.57857799530029,0.026424407958984375
1289,4.853002548217773,,54.62110614776611,0.027262449264526367
1290,4.841734886169434,,54.66390872001648,0.027719497680664062
1291,4.828822612762451,,54.705108404159546,0.026233673095703125
1292,4.803123950958252,,54.74403524398804,0.02260136604309082
1293,4.79812479019165,,54.786998987197876,0.0251619815826416
1294,4.827765941619873,,54.828457832336426,0.026461362838745117
1295,4.810730934143066,,54.870999813079834,0.027262449264526367
1296,4.794513702392578,,54.913793325424194,0.027680158615112305
1297,4.8014349937438965,,54.95491623878479,0.02612590789794922
1298,4.826979160308838,,54.99725389480591,0.03624558448791504
1299,4.801210403442383,,55.03973126411438,0.02719593048095703
1300,4.805154800415039,0.8849238395690918,55.08818006515503,0.03345179557800293
1301,4.785551071166992,,55.12947607040405,0.02629876136779785
1302,4.791676998138428,,55.17194199562073,0.02626800537109375
1303,4.816316604614258,,55.21398973464966,0.026853561401367188
1304,4.787125587463379,,55.25523495674133,0.02624821662902832
1305,4.8089599609375,,55.28564715385437,0.015112638473510742
1306,4.7719621658325195,,55.337544202804565,0.026267528533935547
1307,4.796480178833008,,55.38506102561951,0.03093433380126953
1308,4.810081958770752,,55.43044877052307,0.02899169921875
1309,4.775569915771484,,55.47585320472717,0.027939558029174805
1310,4.773202896118164,,55.522836446762085,0.030507326126098633
1311,4.768703460693359,,55.5697124004364,0.028766155242919922
1312,4.810885906219482,,55.61691761016846,0.030501365661621094
1313,4.797732830047607,,55.660526752471924,0.028310775756835938
1314,4.7621917724609375,,55.70203638076782,0.025806188583374023
1315,4.796904563903809,,55.7361102104187,0.019118547439575195
1316,4.772933006286621,,55.7875497341156,0.02875804901123047
1317,4.739193916320801,,55.82967972755432,0.027124881744384766
1318,4.751026153564453,,55.86059498786926,0.015064477920532227
1319,4.739829063415527,,55.91049885749817,0.025041818618774414
1320,4.803391933441162,,55.95568108558655,0.026178359985351562
1321,4.795647621154785,,55.99852418899536,0.026610374450683594
1322,4.785239219665527,,56.04447627067566,0.028921127319335938
1323,4.757311820983887,,56.091538190841675,0.030005216598510742
1324,4.769219398498535,,56.13820266723633,0.03022313117980957
1325,4.756768703460693,,56.18604516983032,0.030700206756591797
1326,4.762475490570068,,56.22725033760071,0.026028871536254883
1327,4.765412330627441,,56.266913175582886,0.03158426284790039
1328,4.723156929016113,,56.30816912651062,0.02625298500061035
1329,4.748569965362549,,56.34869027137756,0.025207042694091797
1330,4.741888046264648,,56.39026403427124,0.026265859603881836
1331,4.723756313323975,,56.42949628829956,0.02423262596130371
1332,4.747801780700684,,56.47211980819702,0.02733469009399414
1333,4.7256622314453125,,56.51215314865112,0.02472233772277832
1334,4.736064910888672,,56.55490326881409,0.026732444763183594
1335,4.752642631530762,,56.60031723976135,0.028767824172973633
1336,4.705545425415039,,56.64669704437256,0.03036952018737793
1337,4.723438262939453,,56.69181966781616,0.029320716857910156
1338,4.7225236892700195,,56.732253313064575,0.025432348251342773
1339,4.736384391784668,,56.7702260017395,0.02280569076538086
1340,4.727416515350342,,56.813202142715454,0.025185346603393555
1341,4.70680570602417,,56.85238981246948,0.02418804168701172
1342,4.695451259613037,,56.89290952682495,0.025232553482055664
1343,4.707900047302246,,56.93529391288757,0.02638387680053711
1344,4.727446556091309,,56.97757363319397,0.027132749557495117
1345,4.70784854888916,,57.02059745788574,0.02776026725769043
1346,4.690536022186279,,57.06712603569031,0.03142833709716797
1347,4.708809852600098,,57.10629463195801,0.0261690616607666
1348,4.7104692459106445,,57.14679837226868,0.03632926940917969
1349,4.703618049621582,,57.18720316886902,0.02515864372253418
1350,4.714934825897217,,57.22944521903992,0.027210235595703125
1351,4.67503023147583,,57.27274703979492,0.03716158866882324
1352,4.695120811462402,,57.31228828430176,0.02419757843017578
1353,4.717592716217041,,57.35486888885498,0.026582002639770508
1354,4.684055328369141,,57.396233558654785,0.03523588180541992
1355,4.701755523681641,,57.438770055770874,0.026334047317504883
1356,4.69480037689209,,57.47990298271179,0.026135683059692383
1357,4.689671516418457,,57.5103394985199,0.015173673629760742
1358,4.666265964508057,,57.56382751464844,0.02808213233947754
1359,4.6538214683532715,,57.60503911972046,0.025214672088623047
1360,4.727747440338135,,57.64753341674805,0.026291608810424805
1361,4.69775915145874,,57.69000601768494,0.027196168899536133
1362,4.687319278717041,,57.73121213912964,0.026208877563476562
1363,4.681809902191162,,57.77335000038147,0.026874065399169922
1364,4.69174861907959,,57.812779664993286,0.024219274520874023
1365,4.681447982788086,,57.85474920272827,0.02596259117126465
1366,4.6353936195373535,,57.897296667099,0.02726602554321289
1367,4.664667129516602,,57.9386260509491,0.028245210647583008
1368,4.652979373931885,,57.97982716560364,0.025232791900634766
1369,4.657962799072266,,58.02286624908447,0.0272676944732666
1370,4.638955116271973,,58.064379930496216,0.02627396583557129
1371,4.674778938293457,,58.10564637184143,0.02626967430114746
1372,4.645903587341309,,58.148162603378296,0.027278900146484375
1373,4.676828384399414,,58.190632820129395,0.027189254760742188
1374,4.658509254455566,,58.2318377494812,0.026207923889160156
1375,4.658288955688477,,58.27444672584534,0.02726149559020996
1376,4.646035194396973,,58.310821771621704,0.021135330200195312
1377,4.705438137054443,,58.35897397994995,0.02677464485168457
1378,4.6858744621276855,,58.40048384666443,0.02630329132080078
1379,4.651451110839844,,58.4427809715271,0.027110815048217773
1380,4.661852836608887,,58.48507261276245,0.027294635772705078
1381,4.645859718322754,,58.5264949798584,0.026267290115356445
1382,4.664836883544922,,58.568970918655396,0.026259422302246094
1383,4.6253437995910645,,58.61056852340698,0.026242733001708984
1384,4.647456169128418,,58.65291142463684,0.026255130767822266
1385,4.626338481903076,,58.69445872306824,0.026318073272705078
1386,4.6581926345825195,,58.73599815368652,0.02550983428955078
1387,4.652190208435059,,58.78130006790161,0.02918839454650879
1388,4.642815113067627,,58.81903076171875,0.02455592155456543
1389,4.6037516593933105,,58.85943531990051,0.024252891540527344
1390,4.640413284301758,,58.89921450614929,0.024679183959960938
1391,4.617976188659668,,58.939834117889404,0.02532649040222168
1392,4.644724369049072,,58.98105239868164,0.026218891143798828
1393,4.631890773773193,,59.023579359054565,0.02625560760498047
1394,4.5974249839782715,,59.0660297870636,0.027220487594604492
1395,4.656491279602051,,59.10685443878174,0.025827407836914062
1396,4.638619422912598,,59.148401737213135,0.026277542114257812
1397,4.599860668182373,,59.1923713684082,0.028737545013427734
1398,4.606565475463867,,59.23478937149048,0.02764749526977539
1399,4.628172397613525,,59.276920318603516,0.026526927947998047
1400,4.605836868286133,0.8873811602592468,59.32753801345825,0.03665876388549805
1401,4.630523204803467,,59.36744809150696,0.022805213928222656
1402,4.615065574645996,,59.41489505767822,0.02720808982849121
1403,4.586509704589844,,59.45704197883606,0.025206327438354492
1404,4.6117353439331055,,59.507240533828735,0.030384302139282227
1405,4.594053268432617,,59.56161618232727,0.03977489471435547
1406,4.621718406677246,,59.60722804069519,0.030498981475830078
1407,4.583702564239502,,59.65335392951965,0.029667139053344727
1408,4.606204986572266,,59.70154118537903,0.03266119956970215
1409,4.57171106338501,,59.74767732620239,0.033446550369262695
1410,4.604232311248779,,59.79632091522217,0.033774375915527344
1411,4.591853618621826,,59.841408014297485,0.030407428741455078
1412,4.598247051239014,,59.89054346084595,0.03210806846618652
1413,4.5759596824646,,59.93642330169678,0.02982783317565918
1414,4.586335182189941,,59.99109387397766,0.04091477394104004
1415,4.569637775421143,,60.034093379974365,0.02596735954284668
1416,4.5817437171936035,,60.07809400558472,0.027003049850463867
1417,4.589542388916016,,60.12130069732666,0.028209924697875977
1418,4.599930286407471,,60.164464712142944,0.0270383358001709
1419,4.606175422668457,,60.208494663238525,0.02700018882751465
1420,4.583405017852783,,60.25246477127075,0.026970386505126953
1421,4.59562873840332,,60.295464754104614,0.026002168655395508
1422,4.584851264953613,,60.339643478393555,0.02817845344543457
1423,4.560671806335449,,60.38726258277893,0.02762460708618164
1424,4.571549415588379,,60.4362998008728,0.03097057342529297
1425,4.535096645355225,,60.482298612594604,0.029002904891967773
1426,4.557217121124268,,60.52329897880554,0.026003360748291016
1427,4.571750640869141,,60.565449476242065,0.025000572204589844
1428,4.574121475219727,,60.606372117996216,0.024925708770751953
1429,4.590605735778809,,60.64876627922058,0.026390552520751953
1430,4.574074745178223,,60.68972659111023,0.02496790885925293
1431,4.530290126800537,,60.732763051986694,0.026035547256469727
1432,4.553175926208496,,60.77529788017273,0.026000499725341797
1433,4.553404808044434,,60.81606364250183,0.026032447814941406
1434,4.532163619995117,,60.85623502731323,0.024170398712158203
1435,4.549655437469482,,60.89834952354431,0.025969982147216797
1436,4.537372589111328,,60.93934988975525,0.025999069213867188
1437,4.537502288818359,,60.97931885719299,0.024970531463623047
1438,4.539087772369385,,61.02431774139404,0.029969215393066406
1439,4.535099983215332,,61.065913438797,0.025534868240356445
1440,4.545492649078369,,61.10871171951294,0.027800559997558594
1441,4.54753303527832,,61.152710914611816,0.027996301651000977
1442,4.549360752105713,,61.19674205780029,0.02700042724609375
1443,4.526540279388428,,61.24189567565918,0.02818465232849121
1444,4.545762538909912,,61.28823256492615,0.030368804931640625
1445,4.507645130157471,,61.33342742919922,0.028457164764404297
1446,4.550637245178223,,61.38326835632324,0.03431367874145508
1447,4.547211647033691,,61.433011293411255,0.03385639190673828
1448,4.5218658447265625,,61.47936534881592,0.03354644775390625
1449,4.5353522300720215,,61.52578377723694,0.03131103515625
1450,4.509347915649414,,61.567919969558716,0.026064157485961914
1451,4.530916213989258,,61.62034511566162,0.028985977172851562
1452,4.5300493240356445,,61.66740083694458,0.02813577651977539
1453,4.506316184997559,,61.71017861366272,0.025941133499145508
1454,4.508791923522949,,61.75645732879639,0.03063678741455078
1455,4.521662712097168,,61.79720377922058,0.02600240707397461
1456,4.498093605041504,,61.838953256607056,0.026162385940551758
1457,4.518948554992676,,61.88005495071411,0.02607274055480957
1458,4.495309352874756,,61.92205238342285,0.02639031410217285
1459,4.50402307510376,,61.964943170547485,0.02786087989807129
1460,4.509276390075684,,62.004098892211914,0.025127410888671875
1461,4.515158653259277,,62.04518389701843,0.033051490783691406
1462,4.502748012542725,,62.08744502067566,0.026675939559936523
1463,4.503288745880127,,62.12944483757019,0.02703070640563965
1464,4.522708892822266,,62.17019033432007,0.025776386260986328
1465,4.506405830383301,,62.21149730682373,0.026146650314331055
1466,4.505324363708496,,62.25184774398804,0.02523040771484375
1467,4.487314224243164,,62.293473958969116,0.026333332061767578
1468,4.496480464935303,,62.33648061752319,0.026999235153198242
1469,4.504344940185547,,62.376704931259155,0.02522420883178711
1470,4.468073844909668,,62.41788578033447,0.024971485137939453
1471,4.4790849685668945,,62.45948600769043,0.02557206153869629
1472,4.496274471282959,,62.50215172767639,0.027370452880859375
1473,4.4721832275390625,,62.54506492614746,0.03191208839416504
1474,4.476200580596924,,62.587395906448364,0.027334213256835938
1475,4.497542381286621,,62.62774038314819,0.025339603424072266
1476,4.4780049324035645,,62.67188215255737,0.0279538631439209
1477,4.509984970092773,,62.71505689620972,0.0280303955078125
1478,4.500246047973633,,62.75726675987244,0.027209997177124023
1479,4.474959850311279,,62.798006534576416,0.025592327117919922
1480,4.460440635681152,,62.838632583618164,0.024590730667114258
1481,4.51110315322876,,62.88144087791443,0.02649831771850586
1482,4.465333938598633,,62.921963930130005,0.025277376174926758
1483,4.468919277191162,,62.96419620513916,0.028176069259643555
1484,4.474954128265381,,63.00536489486694,0.02617168426513672
1485,4.472277641296387,,63.04579305648804,0.03531217575073242
1486,4.4818620681762695,,63.086116313934326,0.024111270904541016
1487,4.469613552093506,,63.13052225112915,0.027091264724731445
1488,4.450292587280273,,63.17172074317932,0.03598308563232422
1489,4.4852294921875,,63.214192152023315,0.027225017547607422
1490,4.451458930969238,,63.25645732879639,0.027269840240478516
1491,4.439039707183838,,63.298073053359985,0.026254653930664062
1492,4.478181838989258,,63.34069538116455,0.02741861343383789
1493,4.449853897094727,,63.3819260597229,0.026233673095703125
1494,4.437302589416504,,63.42348575592041,0.026276826858520508
1495,4.48018741607666,,63.465925455093384,0.026197195053100586
1496,4.4595465660095215,,63.507131814956665,0.026207923889160156
1497,4.433860778808594,,63.548765897750854,0.038288116455078125
1498,4.452701568603516,,63.59180164337158,0.02683877944946289
1499,4.4542083740234375,,63.632078647613525,0.025279998779296875
1500,4.459385871887207,0.8888609051704407,63.68146991729736,0.03318333625793457
1501,4.429842948913574,,63.7240252494812,0.026261091232299805
1502,4.449638366699219,,63.766549587249756,0.026324987411499023
1503,4.438020706176758,,63.80941104888916,0.02689647674560547
1504,4.432812690734863,,63.85096049308777,0.026271581649780273
1505,4.437385559082031,,63.89348864555359,0.027245759963989258
1506,4.42147159576416,,63.93687129020691,0.028385162353515625
1507,4.425776958465576,,63.9771511554718,0.026282548904418945
1508,4.434880256652832,,64.01865792274475,0.0262601375579834
1509,4.462115287780762,,64.06099534034729,0.02628016471862793
1510,4.463913917541504,,64.10429310798645,0.028227567672729492
1511,4.4252824783325195,,64.14668583869934,0.03624463081359863
1512,4.425622463226318,,64.19019293785095,0.028200626373291016
1513,4.406545639038086,,64.23079371452332,0.02559971809387207
1514,4.403704643249512,,64.27264523506165,0.025837421417236328
1515,4.439277648925781,,64.3124167919159,0.02668595314025879
1516,4.423307418823242,,64.35257530212402,0.025155305862426758
1517,4.423417091369629,,64.39301204681396,0.025264501571655273
1518,4.438249588012695,,64.43721628189087,0.028197288513183594
1519,4.421055316925049,,64.4774763584137,0.02526569366455078
1520,4.400660514831543,,64.51913475990295,0.02671647071838379
1521,4.384903907775879,,64.55935907363892,0.025187253952026367
1522,4.418757438659668,,64.59974002838135,0.025157690048217773
1523,4.4191083908081055,,64.63605451583862,0.021065235137939453
1524,4.402509689331055,,64.68227934837341,0.02718043327331543
1525,4.373736381530762,,64.722815990448,0.025252580642700195
1526,4.392167091369629,,64.76331210136414,0.025243043899536133
1527,4.3914995193481445,,64.80205941200256,0.023747682571411133
1528,4.404759883880615,,64.84292888641357,0.025167465209960938
1529,4.41280460357666,,64.88322114944458,0.025292396545410156
1530,4.401819705963135,,64.92283582687378,0.037427663803100586
1531,4.391351699829102,,64.96329474449158,0.02534008026123047
1532,4.4113616943359375,,65.00542879104614,0.027124643325805664
1533,4.394643783569336,,65.0449743270874,0.02428126335144043
1534,4.4124932289123535,,65.09030652046204,0.030146121978759766
1535,4.391210079193115,,65.1305820941925,0.025295019149780273
1536,4.4217424392700195,,65.17459750175476,0.028753042221069336
1537,4.378885269165039,,65.21597743034363,0.02614593505859375
1538,4.380195617675781,,65.25811457633972,0.027122974395751953
1539,4.3743414878845215,,65.2986102104187,0.02515888214111328
1540,4.397050380706787,,65.34002208709717,0.02621316909790039
1541,4.384195804595947,,65.38220238685608,0.02717447280883789
1542,4.3877854347229,,65.42478632926941,0.02637195587158203
1543,4.3855671882629395,,65.46770071983337,0.028804540634155273
1544,4.366002082824707,,65.5115692615509,0.028000354766845703
1545,4.392356872558594,,65.55463790893555,0.026791095733642578
1546,4.375713348388672,,65.59754586219788,0.026651382446289062
1547,4.405391693115234,,65.6430413722992,0.02874469757080078
1548,4.388579845428467,,65.68610167503357,0.027090072631835938
1549,4.380005836486816,,65.72865438461304,0.027318477630615234
1550,4.355074882507324,,65.77116274833679,0.027230262756347656
1551,4.397112846374512,,65.81264996528625,0.02639007568359375
1552,4.367403030395508,,65.85393762588501,0.0262906551361084
1553,4.372849941253662,,65.89645338058472,0.026262760162353516
1554,4.372037887573242,,65.93577551841736,0.024089336395263672
1555,4.375943660736084,,65.97920107841492,0.025683164596557617
1556,4.369416236877441,,66.01829409599304,0.02509593963623047
1557,4.3527350425720215,,66.06062698364258,0.026335954666137695
1558,4.341341018676758,,66.10717535018921,0.03044724464416504
1559,4.373541355133057,,66.13560461997986,0.01415395736694336
1560,4.3529133796691895,,66.1874372959137,0.025216102600097656
1561,4.36181640625,,66.22867608070374,0.02624201774597168
1562,4.374871253967285,,66.27121686935425,0.027274131774902344
1563,4.371128082275391,,66.31111407279968,0.02466106414794922
1564,4.361630439758301,,66.35570478439331,0.027307510375976562
1565,4.365243434906006,,66.39703941345215,0.036218881607055664
1566,4.34420919418335,,66.44300699234009,0.029748916625976562
1567,4.369996070861816,,66.48327279090881,0.026268720626831055
1568,4.347161293029785,,66.52446389198303,0.039026737213134766
1569,4.358427047729492,,66.56598114967346,0.026259660720825195
1570,4.347903251647949,,66.60725331306458,0.025274991989135742
1571,4.335428237915039,,66.64964032173157,0.03921675682067871
1572,4.359070301055908,,66.69213342666626,0.027229785919189453
1573,4.351282119750977,,66.73341846466064,0.02628779411315918
1574,4.354846477508545,,66.77594685554504,0.026265859603881836
1575,4.370497703552246,,66.81842160224915,0.027261734008789062
1576,4.353610038757324,,66.86076211929321,0.027343273162841797
1577,4.3449506759643555,,66.90215969085693,0.026311397552490234
1578,4.331226825714111,,66.94465589523315,0.027261972427368164
1579,4.3365278244018555,,66.9857885837555,0.02605128288269043
1580,4.338499069213867,,67.02714991569519,0.02524113655090332
1581,4.347186088562012,,67.0686366558075,0.026288747787475586
1582,4.332629680633545,,67.10983514785767,0.02511286735534668
1583,4.3394293785095215,,67.15221905708313,0.026312828063964844
1584,4.325338363647461,,67.19469118118286,0.027203083038330078
1585,4.3270463943481445,,67.2360029220581,0.026218175888061523
1586,4.355213165283203,,67.27737331390381,0.02524113655090332
1587,4.33362340927124,,67.31885290145874,0.02623891830444336
1588,4.3284807205200195,,67.36113739013672,0.026198387145996094
1589,4.363914489746094,,67.4026050567627,0.026381254196166992
1590,4.309340476989746,,67.44508528709412,0.026253700256347656
1591,4.311241626739502,,67.48544025421143,0.025270462036132812
1592,4.318932056427002,,67.52751970291138,0.024260759353637695
1593,4.305098533630371,,67.57012987136841,0.027378082275390625
1594,4.2847394943237305,,67.61257314682007,0.027324914932250977
1595,4.317517280578613,,67.6527795791626,0.025209665298461914
1596,4.309757232666016,,67.6958498954773,0.02778458595275879
1597,4.338642120361328,,67.73731112480164,0.026346683502197266
1598,4.287151336669922,,67.77857661247253,0.02626824378967285
1599,4.30156135559082,,67.82015013694763,0.026309490203857422
1600,4.308523178100586,0.8882486581802368,67.86870861053467,0.03342080116271973
1601,4.30355167388916,,67.9106216430664,0.0269162654876709
1602,4.333528995513916,,67.95276117324829,0.02638721466064453
1603,4.31066370010376,,67.99529266357422,0.027260303497314453
1604,4.283188819885254,,68.0365846157074,0.02617049217224121
1605,4.297397613525391,,68.07873940467834,0.02618885040283203
1606,4.30925178527832,,68.12027907371521,0.026299476623535156
1607,4.292362213134766,,68.16273617744446,0.027409791946411133
1608,4.323612689971924,,68.20398020744324,0.026247024536132812
1609,4.302605628967285,,68.24550938606262,0.026261568069458008
1610,4.275022506713867,,68.28803491592407,0.02631688117980957
1611,4.306567192077637,,68.32920503616333,0.026173114776611328
1612,4.270430564880371,,68.37266302108765,0.02725958824157715
1613,4.3179168701171875,,68.41403985023499,0.026230335235595703
1614,4.3184919357299805,,68.4552526473999,0.025216102600097656
1615,4.26429557800293,,68.49777317047119,0.026290416717529297
1616,4.280214309692383,,68.53570032119751,0.021815061569213867
1617,4.2936692237854,,68.58059120178223,0.02669548988342285
1618,4.305315971374512,,68.62231421470642,0.025933504104614258
1619,4.298574924468994,,68.66472101211548,0.027164220809936523
1620,4.265164375305176,,68.70668506622314,0.02696704864501953
1621,4.296500205993652,,68.74814939498901,0.026202678680419922
1622,4.288425445556641,,68.79058408737183,0.027202367782592773
1623,4.279786109924316,,68.83185052871704,0.02626967430114746
1624,4.308873653411865,,68.87237215042114,0.025217294692993164
1625,4.282909870147705,,68.91371774673462,0.026151180267333984
1626,4.290468692779541,,68.95592331886292,0.02620553970336914
1627,4.287404537200928,,68.99452209472656,0.022274255752563477
1628,4.307399272918701,,69.03673958778381,0.025207042694091797
1629,4.26357889175415,,69.07898020744324,0.027343034744262695
1630,4.269556999206543,,69.11910462379456,0.02497696876525879
1631,4.249743938446045,,69.16158843040466,0.026360034942626953
1632,4.2723822593688965,,69.2027907371521,0.02522134780883789
1633,4.232963562011719,,69.24508237838745,0.03420424461364746
1634,4.270068168640137,,69.28747296333313,0.026333093643188477
1635,4.269678115844727,,69.32876467704773,0.026294469833374023
1636,4.270332336425781,,69.37031841278076,0.02629566192626953
1637,4.264308452606201,,69.41347980499268,0.028110980987548828
1638,4.280431747436523,,69.4546856880188,0.026208877563476562
1639,4.267117023468018,,69.49625492095947,0.02633833885192871
1640,4.2377028465271,,69.53929018974304,0.027007579803466797
1641,4.287964344024658,,69.58051991462708,0.02623295783996582
1642,4.244933128356934,,69.62210893630981,0.026285409927368164
1643,4.267462253570557,,69.66460227966309,0.026257038116455078
1644,4.268899440765381,,69.70580339431763,0.026203632354736328
1645,4.267850399017334,,69.7483720779419,0.026340484619140625
1646,4.296050071716309,,69.78985929489136,0.02625250816345215
1647,4.251150131225586,,69.83197045326233,0.026146411895751953
1648,4.277182102203369,,69.87356233596802,0.02626824378967285
1649,4.244285583496094,,69.9160008430481,0.026175975799560547
1650,4.253628730773926,,69.95722317695618,0.02622532844543457
1651,4.249691009521484,,69.9855604171753,0.013152122497558594
1652,4.248355865478516,,70.0391013622284,0.024201393127441406
1653,4.269631862640381,,70.0822241306305,0.027156352996826172
1654,4.231766700744629,,70.12258529663086,0.03722333908081055
1655,4.241412162780762,,70.16404366493225,0.026223421096801758
1656,4.243674278259277,,70.20434212684631,0.02530074119567871
1657,4.226816177368164,,70.24483728408813,0.025239944458007812
1658,4.259077072143555,,70.28728103637695,0.027326345443725586
1659,4.24324893951416,,70.32753276824951,0.02525496482849121
1660,4.235062599182129,,70.37004804611206,0.02629876136779785
1661,4.233932971954346,,70.41234731674194,0.027217626571655273
1662,4.231756210327148,,70.4541609287262,0.02724313735961914
1663,4.212004661560059,,70.49404168128967,0.024596452713012695
1664,4.241289138793945,,70.53648924827576,0.02632594108581543
1665,4.224236488342285,,70.57672643661499,0.025240182876586914
1666,4.219624042510986,,70.61930656433105,0.02626776695251465
1667,4.247891426086426,,70.66068458557129,0.026381492614746094
1668,4.239675998687744,,70.70197057723999,0.025205373764038086
1669,4.249215126037598,,70.74350547790527,0.026303768157958984
1670,4.2647881507873535,,70.78560757637024,0.026052236557006836
1671,4.2445220947265625,,70.82685542106628,0.02521204948425293
1672,4.227524757385254,,70.86119151115417,0.019138574600219727
1673,4.219695091247559,,70.91065120697021,0.0263214111328125
1674,4.270693778991699,,70.95299434661865,0.02729058265686035
1675,4.220890522003174,,70.99451327323914,0.026286840438842773
1676,4.23478889465332,,71.0367500782013,0.026169538497924805
1677,4.235447883605957,,71.0790286064148,0.026281118392944336
1678,4.2136359214782715,,71.12157940864563,0.02727484703063965
1679,4.2268757820129395,,71.16352891921997,0.0273287296295166
1680,4.2238874435424805,,71.20570158958435,0.026205778121948242
1681,4.228533744812012,,71.24720025062561,0.026295185089111328
1682,4.208669662475586,,71.28551769256592,0.023117780685424805
1683,4.211583614349365,,71.33126950263977,0.02620673179626465
1684,4.233602523803711,,71.3733389377594,0.026265382766723633
1685,4.217619895935059,,71.41553211212158,0.030047178268432617
1686,4.198040962219238,,71.45773839950562,0.026208877563476562
1687,4.195512771606445,,71.50025868415833,0.027278423309326172
1688,4.233160972595215,,71.53563570976257,0.020094871520996094
1689,4.190842151641846,,71.58468961715698,0.02639174461364746
1690,4.21120548248291,,71.62742280960083,0.0417630672454834
1691,4.235445976257324,,71.66897702217102,0.026314258575439453
1692,4.203680515289307,,71.71142530441284,0.02632594108581543
1693,4.212332725524902,,71.75166034698486,0.025238037109375
1694,4.204251766204834,,71.79404926300049,0.026186704635620117
1695,4.184098720550537,,71.83648180961609,0.027435302734375
1696,4.212562084197998,,71.87671303749084,0.025234222412109375
1697,4.200525283813477,,71.91923213005066,0.02631235122680664
1698,4.187572956085205,,71.96060061454773,0.02637171745300293
1699,4.21347713470459,,72.00238966941833,0.025708675384521484
1700,4.205987930297852,0.8829814195632935,72.05092763900757,0.0332942008972168
1701,4.193124771118164,,72.09239053726196,0.026218414306640625
1702,4.171818256378174,,72.13475251197815,0.026364564895629883
1703,4.185383319854736,,72.17693948745728,0.027094125747680664
1704,4.181276798248291,,72.21979713439941,0.027304887771606445
1705,4.190537452697754,,72.26138138771057,0.026338815689086914
1706,4.177750587463379,,72.30257987976074,0.026201486587524414
1707,4.174694538116455,,72.3438925743103,0.03322458267211914
1708,4.182682991027832,,72.38615393638611,0.026209592819213867
1709,4.209201812744141,,72.4285089969635,0.026272296905517578
1710,4.172000408172607,,72.47105240821838,0.02722334861755371
1711,4.209936141967773,,72.5104751586914,0.024309158325195312
1712,4.1764068603515625,,72.55238795280457,0.026767969131469727
1713,4.168349266052246,,72.5927586555481,0.024110794067382812
1714,4.191116809844971,,72.63511514663696,0.026354312896728516
1715,4.193950653076172,,72.67751455307007,0.027253389358520508
1716,4.181366443634033,,72.71978712081909,0.03418326377868652
1717,4.182557106018066,,72.76138401031494,0.02638530731201172
1718,4.192652702331543,,72.80259943008423,0.026201725006103516
1719,4.159481048583984,,72.84421706199646,0.02633190155029297
1720,4.175186634063721,,72.88667297363281,0.02637767791748047
1721,4.155458450317383,,72.92691326141357,0.02424311637878418
1722,4.182103633880615,,72.96941709518433,0.02634119987487793
1723,4.1656599044799805,,73.01186180114746,0.02735304832458496
1724,4.168966293334961,,73.05211043357849,0.025251388549804688
1725,4.159347057342529,,73.08551001548767,0.018181324005126953
1726,4.167265892028809,,73.13787889480591,0.02729201316833496
1727,4.178506374359131,,73.18106126785278,0.02818584442138672
1728,4.167096138000488,,73.21040225028992,0.015116691589355469
1729,4.173162460327148,,73.26446104049683,0.02620244026184082
1730,4.1472296714782715,,73.30565667152405,0.026198148727416992
1731,4.156393051147461,,73.34718894958496,0.02630329132080078
1732,4.19227409362793,,73.3895890712738,0.026157140731811523
1733,4.148196697235107,,73.43082070350647,0.02623462677001953
1734,4.147828578948975,,73.47222876548767,0.026201248168945312
1735,4.161795616149902,,73.51467394828796,0.027154922485351562
1736,4.156793594360352,,73.55588722229004,0.026215791702270508
1737,4.1869707107543945,,73.59736609458923,0.026253700256347656
1738,4.126707077026367,,73.63955330848694,0.029102802276611328
1739,4.138635635375977,,73.68076848983765,0.026218175888061523
1740,4.143552303314209,,73.72324323654175,0.027261972427368164
1741,4.155815601348877,,73.76581931114197,0.03049015998840332
1742,4.1409406661987305,,73.80604720115662,0.02623128890991211
1743,4.09192419052124,,73.84837555885315,0.02712869644165039
1744,4.1649699211120605,,73.88988471031189,0.026231765747070312
1745,4.157220363616943,,73.93114757537842,0.025264978408813477
1746,4.176871299743652,,73.97137594223022,0.024982690811157227
1747,4.165304660797119,,74.01095008850098,0.025400638580322266
1748,4.142638206481934,,74.05313158035278,0.02611255645751953
1749,4.166038990020752,,74.09363198280334,0.024281978607177734
1750,4.134389877319336,,74.13457107543945,0.024751901626586914
1751,4.166393756866455,,74.17390251159668,0.03821134567260742
1752,4.16603946685791,,74.2163782119751,0.02717900276184082
1753,4.145946025848389,,74.25757336616516,0.02619791030883789
1754,4.129793643951416,,74.29914402961731,0.02622842788696289
1755,4.15662956237793,,74.3354504108429,0.021120548248291016
1756,4.135838508605957,,74.38322043418884,0.026209592819213867
1757,4.16939640045166,,74.42575025558472,0.027271509170532227
1758,4.14530611038208,,74.4672429561615,0.026238203048706055
1759,4.110541820526123,,74.50954532623291,0.027304649353027344
1760,4.142782211303711,,74.55127716064453,0.040732622146606445
1761,4.130794525146484,,74.59375786781311,0.02622365951538086
1762,4.158598899841309,,74.63609838485718,0.02625441551208496
1763,4.150418281555176,,74.67864537239075,0.027408123016357422
1764,4.142294406890869,,74.72020292282104,0.026273012161254883
1765,4.106196880340576,,74.7631893157959,0.02690863609313965
1766,4.123725414276123,,74.80345129966736,0.025265216827392578
1767,4.113854885101318,,74.84599995613098,0.027281522750854492
1768,4.14763069152832,,74.88845443725586,0.027367830276489258
1769,4.112787246704102,,74.92963314056396,0.026181697845458984
1770,4.122125148773193,,74.97117114067078,0.0262603759765625
1771,4.129256725311279,,75.01360964775085,0.026225566864013672
1772,4.128219127655029,,75.0546350479126,0.02602863311767578
1773,4.153445243835449,,75.09714150428772,0.02627420425415039
1774,4.117476463317871,,75.13861203193665,0.02624368667602539
1775,4.130943775177002,,75.17984080314636,0.025263309478759766
1776,4.133443832397461,,75.22229814529419,0.026226520538330078
1777,4.127374649047852,,75.26382088661194,0.026294469833374023
1778,4.130234718322754,,75.3050229549408,0.02523970603942871
1779,4.132673263549805,,75.34752869606018,0.026238203048706055
1780,4.131691932678223,,75.38898134231567,0.02622509002685547
1781,4.128335952758789,,75.43014574050903,0.025166988372802734
1782,4.115390777587891,,75.46053290367126,0.01514744758605957
1783,4.126275062561035,,75.51443648338318,0.02723217010498047
1784,4.129702568054199,,75.55721306800842,0.027779340744018555
1785,4.08724308013916,,75.59964036941528,0.03930807113647461
1786,4.124675750732422,,75.63594031333923,0.02106952667236328
1787,4.129802703857422,,75.6832115650177,0.026262760162353516
1788,4.107004165649414,,75.72577571868896,0.0404200553894043
1789,4.095359802246094,,75.76786160469055,0.026859045028686523
1790,4.131289482116699,,75.81023144721985,0.026372671127319336
1791,4.105751991271973,,75.85263466835022,0.027320384979248047
1792,4.128545761108398,,75.89417886734009,0.02622199058532715
1793,4.104599952697754,,75.93661046028137,0.026323556900024414
1794,4.119339466094971,,75.97690963745117,0.025302648544311523
1795,4.132045745849609,,76.01941990852356,0.027270078659057617
1796,4.146415710449219,,76.05974555015564,0.025200843811035156
1797,4.100009918212891,,76.10135102272034,0.026408672332763672
1798,4.084847927093506,,76.14294815063477,0.026317119598388672
1799,4.104519844055176,,76.18528652191162,0.02637171745300293
1800,4.119016647338867,0.8834529995918274,76.23451113700867,0.03312325477600098
1801,4.0897393226623535,,76.27664160728455,0.02702617645263672
1802,4.107059001922607,,76.31856560707092,0.026661396026611328
1803,4.092955112457275,,76.36074542999268,0.02617669105529785
1804,4.079939365386963,,76.40311121940613,0.027280092239379883
1805,4.100668907165527,,76.44535422325134,0.027021408081054688
1806,4.0963945388793945,,76.48690748214722,0.02640056610107422
1807,4.108525276184082,,76.52713990211487,0.025235652923583984
1808,4.1048994064331055,,76.56968760490417,0.0272824764251709
1809,4.097813606262207,,76.61106991767883,0.026202678680419922
1810,4.082193851470947,,76.65335440635681,0.02612590789794922
1811,4.103858470916748,,76.69599604606628,0.027297496795654297
1812,4.1265153884887695,,76.73534297943115,0.02426457405090332
1813,4.066160202026367,,76.78028893470764,0.027234315872192383
1814,4.088149070739746,,76.82173037528992,0.02619647979736328
1815,4.076137542724609,,76.8657705783844,0.028205394744873047
1816,4.0724968910217285,,76.91018724441528,0.02875351905822754
1817,4.082825660705566,,76.95380306243896,0.02767205238342285
1818,4.099406719207764,,77.00048542022705,0.02946615219116211
1819,4.090004920959473,,77.04381084442139,0.027523517608642578
1820,4.067959785461426,,77.09276866912842,0.0347895622253418
1821,4.072551250457764,,77.13845658302307,0.03146767616271973
1822,4.081670761108398,,77.1859040260315,0.03288698196411133
1823,4.07785701751709,,77.23294878005981,0.027939319610595703
1824,4.063964366912842,,77.27931213378906,0.030368804931640625
1825,4.066349029541016,,77.33201432228088,0.036736249923706055
1826,4.086609840393066,,77.37530875205994,0.02712416648864746
1827,4.084805488586426,,77.42331051826477,0.03200507164001465
1828,4.072138786315918,,77.47005558013916,0.03171586990356445
1829,4.095046043395996,,77.51353549957275,0.027481794357299805
1830,4.085903644561768,,77.55648922920227,0.02697443962097168
1831,4.0944671630859375,,77.60248875617981,0.029999494552612305
1832,4.0759172439575195,,77.64448881149292,0.026002883911132812
1833,4.107790946960449,,77.68621563911438,0.025730133056640625
1834,4.065253257751465,,77.72857427597046,0.026361703872680664
1835,4.073666572570801,,77.76913571357727,0.02455902099609375
1836,4.083210468292236,,77.8100950717926,0.02497243881225586
1837,4.069446563720703,,77.85146021842957,0.025159597396850586
1838,4.087015628814697,,77.89347624778748,0.02603912353515625
1839,4.073879241943359,,77.93446063995361,0.026023387908935547
1840,4.0842790603637695,,77.98043775558472,0.029999494552612305
1841,4.091163635253906,,78.02243781089783,0.026000261306762695
1842,4.0810866355896,,78.06343793869019,0.02600264549255371
1843,4.070534706115723,,78.10610437393188,0.02700042724609375
1844,4.068503379821777,,78.14810538291931,0.025998592376708984
1845,4.074931621551514,,78.1911358833313,0.02700662612915039
1846,4.067502975463867,,78.23213601112366,0.02602982521057129
1847,4.052713394165039,,78.2741310596466,0.02599501609802246
1848,4.0496416091918945,,78.31612944602966,0.026020050048828125
1849,4.067476272583008,,78.35818600654602,0.026079893112182617
1850,4.0775675773620605,,78.39915728569031,0.025968313217163086
1851,4.057699203491211,,78.44008350372314,0.024979591369628906
1852,4.068149566650391,,78.4821138381958,0.025030851364135742
1853,4.084246635437012,,78.52510833740234,0.02702617645263672
1854,4.042964935302734,,78.5671136379242,0.02702021598815918
1855,4.053597927093506,,78.6081132888794,0.0260312557220459
1856,4.05258846282959,,78.65511322021484,0.031029224395751953
1857,4.06100606918335,,78.700275182724,0.02819037437438965
1858,4.03908634185791,,78.74761986732483,0.028146982192993164
1859,4.052618503570557,,78.79550576210022,0.028862714767456055
1860,4.0663886070251465,,78.8372368812561,0.025160789489746094
1861,4.045905590057373,,78.88109040260315,0.027234792709350586
1862,4.035458564758301,,78.92312002182007,0.026013612747192383
1863,4.037177562713623,,78.9642071723938,0.026026487350463867
1864,4.0473175048828125,,79.00520873069763,0.025031089782714844
1865,4.0254669189453125,,79.04617667198181,0.02496814727783203
1866,4.044134616851807,,79.08900809288025,0.02580118179321289
1867,4.0745978355407715,,79.13612842559814,0.03200197219848633
1868,4.037230014801025,,79.18245124816895,0.028001070022583008
1869,4.037792205810547,,79.23142004013062,0.029999732971191406
1870,4.028778076171875,,79.27841925621033,0.027967453002929688
1871,4.050512313842773,,79.32814240455627,0.031598806381225586
1872,4.04881477355957,,79.375084400177,0.028139114379882812
1873,4.039671897888184,,79.42228507995605,0.027840137481689453
1874,4.036788463592529,,79.46994733810425,0.029681921005249023
1875,4.036464691162109,,79.51735973358154,0.028559207916259766
1876,4.024674892425537,,79.56536102294922,0.029002666473388672
1877,4.023357391357422,,79.61284756660461,0.028645992279052734
1878,4.030618190765381,,79.65995907783508,0.02811288833618164
1879,4.034809112548828,,79.70730972290039,0.028000831604003906
1880,4.035491943359375,,79.75033783912659,0.0260312557220459
1881,4.028195381164551,,79.79930710792542,0.029999256134033203
1882,4.0372633934021,,79.84786701202393,0.029004812240600586
1883,4.044396877288818,,79.89586687088013,0.028999805450439453
1884,4.028935432434082,,79.94487071037292,0.030007600784301758
1885,4.040267467498779,,79.98975801467896,0.0298306941986084
1886,4.0201826095581055,,80.03615260124207,0.02772068977355957
1887,4.035825729370117,,80.08871054649353,0.03446245193481445
1888,4.030200958251953,,80.13763523101807,0.03406214714050293
1889,4.042748928070068,,80.19783282279968,0.038190364837646484
1890,4.031247615814209,,80.24949026107788,0.03003978729248047
1891,4.032958507537842,,80.29321527481079,0.027232885360717773
1892,4.033815383911133,,80.33636355400085,0.027877092361450195
1893,4.010637283325195,,80.38268661499023,0.0313260555267334
1894,4.01279354095459,,80.42746567726135,0.02978205680847168
1895,4.013730049133301,,80.46846556663513,0.026002168655395508
1896,4.032794952392578,,80.5087263584137,0.024970054626464844
1897,4.035676956176758,,80.551598072052,0.027299165725708008
1898,4.020552158355713,,80.59407138824463,0.027248620986938477
1899,4.035306930541992,,80.63580298423767,0.0262296199798584
1900,4.013840675354004,0.8839362740516663,80.68601131439209,0.0342562198638916
1901,4.042313098907471,,80.72863459587097,0.027294635772705078
1902,4.028991222381592,,80.77242755889893,0.02770256996154785
1903,4.017943859100342,,80.81493854522705,0.02778029441833496
1904,4.002073764801025,,80.86179256439209,0.028143644332885742
1905,4.001959323883057,,80.91376090049744,0.03599739074707031
1906,4.025041103363037,,80.95498037338257,0.02754974365234375
1907,4.026119232177734,,81.00400447845459,0.03330230712890625
1908,4.008936882019043,,81.05313563346863,0.03233838081359863
1909,4.010207176208496,,81.10275268554688,0.033013105392456055
1910,3.9908437728881836,,81.15378427505493,0.03374791145324707
1911,4.010566234588623,,81.19900226593018,0.02967047691345215
1912,4.015765190124512,,81.24630689620972,0.030573606491088867
1913,4.012166500091553,,81.29194188117981,0.02980780601501465
1914,4.013775825500488,,81.33301258087158,0.025136947631835938
1915,4.001718997955322,,81.37470579147339,0.02629852294921875
1916,4.0131635665893555,,81.41766810417175,0.03184103965759277
1917,4.015416145324707,,81.45941162109375,0.026952266693115234
1918,4.004836082458496,,81.48591494560242,0.010982513427734375
1919,4.017427921295166,,81.54238486289978,0.03119659423828125
1920,4.012945175170898,,81.58262705802917,0.024245023727416992
1921,3.9902122020721436,,81.62654542922974,0.02860736846923828
1922,4.032106876373291,,81.66810846328735,0.02723526954650879
1923,4.014676094055176,,81.70993995666504,0.026834726333618164
1924,4.0214152336120605,,81.75012993812561,0.025193214416503906
1925,4.00079870223999,,81.79484677314758,0.02841925621032715
1926,3.999220371246338,,81.83369851112366,0.025266647338867188
1927,3.995697021484375,,81.8764009475708,0.027782917022705078
1928,3.984330177307129,,81.91878533363342,0.026947975158691406
1929,4.001839637756348,,81.96172189712524,0.02758479118347168
1930,3.9803426265716553,,82.0052421092987,0.03457975387573242
1931,3.9918463230133057,,82.04956245422363,0.028177738189697266
1932,3.9987235069274902,,82.09400367736816,0.028159141540527344
1933,4.003503799438477,,82.13655877113342,0.02641916275024414
1934,3.99014949798584,,82.1810610294342,0.028498172760009766
1935,3.993727684020996,,82.2257227897644,0.028415441513061523
1936,3.9821605682373047,,82.26934671401978,0.02741837501525879
1937,3.996086359024048,,82.31177377700806,0.026398897171020508
1938,3.9878439903259277,,82.35269021987915,0.025919675827026367
1939,3.9747085571289062,,82.38614821434021,0.018199443817138672
1940,3.9944281578063965,,82.43337154388428,0.025066852569580078
1941,3.9907524585723877,,82.47288036346436,0.024293184280395508
1942,3.981287956237793,,82.5164430141449,0.027767181396484375
1943,3.987563371658325,,82.55693626403809,0.025922536849975586
1944,3.9886937141418457,,82.59957337379456,0.02683281898498535
1945,3.9889559745788574,,82.64416527748108,0.0287325382232666
1946,3.9793314933776855,,82.6864001750946,0.027144193649291992
1947,3.983530044555664,,82.7311601638794,0.0290224552154541
1948,3.975907325744629,,82.77827215194702,0.02886343002319336
1949,3.9570493698120117,,82.82338380813599,0.0279693603515625
1950,4.000055313110352,,82.86804628372192,0.027663469314575195
1951,3.9824633598327637,,82.9154863357544,0.02897047996520996
1952,3.9916927814483643,,82.96103048324585,0.027547359466552734
1953,3.9841294288635254,,83.00602912902832,0.028001070022583008
1954,3.965536594390869,,83.04902911186218,0.026999711990356445
1955,3.9886488914489746,,83.09219622612,0.027169227600097656
1956,3.97446608543396,,83.13752555847168,0.029331207275390625
1957,3.989358425140381,,83.18048143386841,0.027002573013305664
1958,3.9909873008728027,,83.22304129600525,0.026964426040649414
1959,3.9771485328674316,,83.26547837257385,0.025440692901611328
1960,3.982865810394287,,83.3084716796875,0.027029991149902344
1961,3.9681363105773926,,83.34987759590149,0.025181293487548828
1962,3.9721198081970215,,83.39100480079651,0.025127172470092773
1963,3.968587875366211,,83.43208360671997,0.02607583999633789
1964,3.9772443771362305,,83.47287821769714,0.025792360305786133
1965,3.973879337310791,,83.51284790039062,0.024971961975097656
1966,3.971125841140747,,83.55719518661499,0.02934861183166504
1967,3.9769105911254883,,83.60363626480103,0.03166317939758301
1968,3.9546287059783936,,83.64692664146423,0.025765657424926758
1969,3.957106828689575,,83.69544720649719,0.02880573272705078
1970,3.9805235862731934,,83.74203419685364,0.028162717819213867
1971,3.958118200302124,,83.78602862358093,0.02657175064086914
1972,3.9840288162231445,,83.8340163230896,0.02765655517578125
1973,3.97145414352417,,83.87856793403625,0.026803970336914062
1974,3.984225034713745,,83.91967701911926,0.025105953216552734
1975,3.9819188117980957,,83.96089053153992,0.02521657943725586
1976,3.9599051475524902,,84.00133442878723,0.02481555938720703
1977,3.956803321838379,,84.04467511177063,0.027461767196655273
1978,3.972015619277954,,84.0869493484497,0.027271032333374023
1979,3.993988037109375,,84.12896847724915,0.027022361755371094
1980,3.978104591369629,,84.17113280296326,0.02686142921447754
1981,3.976443290710449,,84.21211910247803,0.025300025939941406
1982,3.9697318077087402,,84.25294256210327,0.025826215744018555
1983,3.9773621559143066,,84.28541159629822,0.017194509506225586
1984,3.962344169616699,,84.33683037757874,0.026402950286865234
1985,3.947683811187744,,84.37809157371521,0.026264667510986328
1986,3.947904109954834,,84.41048908233643,0.017154932022094727
1987,3.939267873764038,,84.46090126037598,0.025263547897338867
1988,3.96694016456604,,84.50417828559875,0.02626657485961914
1989,3.9447154998779297,,84.53553295135498,0.015119552612304688
1990,3.980330228805542,,84.58872747421265,0.02637004852294922
1991,3.9403436183929443,,84.62897896766663,0.02513599395751953
1992,3.958789587020874,,84.66917133331299,0.025217294692993164
1993,3.955136775970459,,84.71053338050842,0.026364803314208984
1994,3.9657318592071533,,84.73623657226562,0.009154319763183594
1995,3.96187424659729,,84.79083728790283,0.024135351181030273
1996,3.9622483253479004,,84.83299827575684,0.026197433471679688
1997,3.9403271675109863,,84.87448072433472,0.02627873420715332
1998,3.9635837078094482,,84.91693115234375,0.027170896530151367
1999,3.946617603302002,,84.95794987678528,0.026021718978881836
2000,3.965197801589966,0.8852504372596741,85.00756120681763,0.03434920310974121
2001,3.9470858573913574,,85.0490870475769,0.026260852813720703
2002,3.9616332054138184,,85.09248948097229,0.028204679489135742
2003,3.9256396293640137,,85.13383316993713,0.02634453773498535
2004,3.960036277770996,,85.17607474327087,0.04019761085510254
2005,3.9493212699890137,,85.21850085258484,0.026257038116455078
2006,3.9444363117218018,,85.26080584526062,0.026250839233398438
2007,3.9422502517700195,,85.30316853523254,0.027230501174926758
2008,3.9707906246185303,,85.34465432167053,0.02625560760498047
2009,3.9333066940307617,,85.38709354400635,0.026357412338256836
2010,3.942603588104248,,85.427805185318,0.025212526321411133
2011,3.963156223297119,,85.47033452987671,0.027295589447021484
2012,3.953540325164795,,85.51331734657288,0.027899742126464844
2013,3.9464972019195557,,85.55476665496826,0.02611231803894043
2014,3.9312310218811035,,85.59924912452698,0.028965473175048828
2015,3.937352180480957,,85.64627647399902,0.029806137084960938
2016,3.9636385440826416,,85.69535422325134,0.02923274040222168
2017,3.93388295173645,,85.74350357055664,0.03172898292541504
2018,3.9374594688415527,,85.79321551322937,0.03601503372192383
2019,3.944094657897949,,85.8323438167572,0.026859521865844727
2020,3.9324731826782227,,85.880863904953,0.027901649475097656
2021,3.946010112762451,,85.9226062297821,0.027713537216186523
2022,3.950303077697754,,85.96740055084229,0.030904054641723633
2023,3.9389843940734863,,86.01040291786194,0.026694297790527344
2024,3.9522531032562256,,86.05487036705017,0.027397632598876953
2025,3.9407267570495605,,86.10014605522156,0.02867746353149414
2026,3.918022632598877,,86.14608883857727,0.02943897247314453
2027,3.9585378170013428,,86.19504642486572,0.0328059196472168
2028,3.9374046325683594,,86.23804712295532,0.026002883911132812
2029,3.9220969676971436,,86.27804684638977,0.02500295639038086
2030,3.9298629760742188,,86.32377481460571,0.030730247497558594
2031,3.924635410308838,,86.3659360408783,0.02599954605102539
2032,3.931602954864502,,86.40858936309814,0.025623798370361328
2033,3.93467378616333,,86.45222043991089,0.02746415138244629
2034,3.92221999168396,,86.49522614479065,0.02700638771057129
2035,3.93326997756958,,86.53740048408508,0.02617621421813965
2036,3.925262451171875,,86.58240008354187,0.027999401092529297
2037,3.906432628631592,,86.62543177604675,0.027002334594726562
2038,3.93810772895813,,86.6671941280365,0.026999235153198242
2039,3.9343950748443604,,86.70815062522888,0.024956464767456055
2040,3.940603494644165,,86.7501802444458,0.024998903274536133
2041,3.9173390865325928,,86.79197764396667,0.026416540145874023
2042,3.919508218765259,,86.8369836807251,0.029000520706176758
2043,3.930723190307617,,86.88398361206055,0.027994394302368164
2044,3.9241950511932373,,86.93097949028015,0.02802586555480957
2045,3.925238847732544,,86.97393846511841,0.025954723358154297
2046,3.9124746322631836,,87.01748466491699,0.026965856552124023
2047,3.9195070266723633,,87.06532001495361,0.02880716323852539
2048,3.924156427383423,,87.1113224029541,0.026999711990356445
2049,3.934645175933838,,87.15849566459656,0.029175519943237305
2050,3.9246582984924316,,87.20552563667297,0.02900099754333496
2051,3.9326064586639404,,87.25260305404663,0.029072999954223633
2052,3.930975914001465,,87.30259585380554,0.03303170204162598
2053,3.910004138946533,,87.34459567070007,0.024991989135742188
2054,3.9187028408050537,,87.38556361198425,0.024967670440673828
2055,3.922335147857666,,87.42875671386719,0.027191638946533203
2056,3.927854061126709,,87.47083353996277,0.026074886322021484
2057,3.904305934906006,,87.5128321647644,0.025969266891479492
2058,3.9079084396362305,,87.55421757698059,0.024349212646484375
2059,3.9086475372314453,,87.5952479839325,0.024994611740112305
2060,3.9136464595794678,,87.63822865486145,0.02701091766357422
2061,3.919217586517334,,87.68222332000732,0.02899932861328125
2062,3.898801326751709,,87.72725319862366,0.027028322219848633
2063,3.909444808959961,,87.77325558662415,0.028000593185424805
2064,3.917973279953003,,87.82062077522278,0.030397653579711914
2065,3.926177740097046,,87.8691291809082,0.030337810516357422
2066,3.906877279281616,,87.91569447517395,0.027932405471801758
2067,3.895841121673584,,87.9700825214386,0.035771846771240234
2068,3.8997983932495117,,88.0199944972992,0.03328442573547363
2069,3.9147958755493164,,88.07112383842468,0.03421926498413086
2070,3.906541347503662,,88.11910367012024,0.029799461364746094
2071,3.902595043182373,,88.16857719421387,0.03447461128234863
2072,3.9222559928894043,,88.20978212356567,0.027172327041625977
2073,3.910675287246704,,88.25674748420715,0.03206801414489746
2074,3.914604663848877,,88.30082440376282,0.02907729148864746
2075,3.8980770111083984,,88.3441812992096,0.02736067771911621
2076,3.904609203338623,,88.38637042045593,0.02673935890197754
2077,3.9043214321136475,,88.42834115028381,0.0260012149810791
2078,3.908389091491699,,88.47051239013672,0.0261383056640625
2079,3.9030933380126953,,88.51307201385498,0.0275576114654541
2080,3.922616481781006,,88.55407786369324,0.025000810623168945
2081,3.8879988193511963,,88.59830355644226,0.027115583419799805
2082,3.895303249359131,,88.642502784729,0.032198190689086914
2083,3.918935775756836,,88.6846833229065,0.02718353271484375
2084,3.8877484798431396,,88.72868323326111,0.04300045967102051
2085,3.900704860687256,,88.77199459075928,0.02719426155090332
2086,3.8797593116760254,,88.81653237342834,0.027540922164916992
2087,3.8949241638183594,,88.85996150970459,0.0284576416015625
2088,3.893840789794922,,88.90496015548706,0.027969837188720703
2089,3.9153542518615723,,88.94606161117554,0.025104761123657227
2090,3.8917300701141357,,88.98743104934692,0.02624344825744629
2091,3.903118133544922,,89.02994799613953,0.0259702205657959
2092,3.901026964187622,,89.07106518745422,0.026120662689208984
2093,3.9082140922546387,,89.11447167396545,0.027154207229614258
2094,3.9002323150634766,,89.15667486190796,0.027051448822021484
2095,3.897613525390625,,89.18588542938232,0.025090694427490234
2096,3.9077351093292236,,89.24085760116577,0.030256032943725586
2097,3.8980016708374023,,89.28166174888611,0.02580738067626953
2098,3.8845951557159424,,89.32323002815247,0.026248693466186523
2099,3.8797945976257324,,89.36607694625854,0.030730485916137695
2100,3.8829660415649414,0.8853600502014161,89.41445708274841,0.033380985260009766
2101,3.877377510070801,,89.45659041404724,0.026132583618164062
2102,3.882040023803711,,89.5000319480896,0.02756476402282715
2103,3.889425754547119,,89.54154634475708,0.02722311019897461
2104,3.8719890117645264,,89.58278799057007,0.026244640350341797
2105,3.881463050842285,,89.62768030166626,0.029637813568115234
2106,3.903437376022339,,89.66844248771667,0.02793741226196289
2107,3.8909311294555664,,89.71077418327332,0.027329206466674805
2108,3.907536506652832,,89.75279450416565,0.026899337768554688
2109,3.9095559120178223,,89.79547643661499,0.027385473251342773
2110,3.875741720199585,,89.84329676628113,0.03158926963806152
2111,3.875977039337158,,89.88736009597778,0.03311419486999512
2112,3.8676233291625977,,89.94159460067749,0.03834939002990723
2113,3.8768787384033203,,89.98610496520996,0.029213905334472656
2114,3.8607778549194336,,90.03394532203674,0.034483909606933594
2115,3.8880386352539062,,90.08479499816895,0.03163766860961914
2116,3.9009170532226562,,90.13030052185059,0.033721923828125
2117,3.870307445526123,,90.17256784439087,0.02724933624267578
2118,3.8641371726989746,,90.22277569770813,0.03307199478149414
2119,3.8646316528320312,,90.26286625862122,0.025743961334228516
2120,3.88275146484375,,90.31142830848694,0.027753829956054688
2121,3.8915345668792725,,90.35737991333008,0.027516841888427734
2122,3.87178897857666,,90.40438985824585,0.03024601936340332
2123,3.8603973388671875,,90.44900298118591,0.028378009796142578
2124,3.9059805870056152,,90.49142074584961,0.02642059326171875
2125,3.876791000366211,,90.53355169296265,0.026932239532470703
2126,3.871804714202881,,90.5773868560791,0.028835296630859375
2127,3.895137310028076,,90.62338733673096,0.03100275993347168
2128,3.8844056129455566,,90.67006349563599,0.028973102569580078
2129,3.8858251571655273,,90.71739888191223,0.029041528701782227
2130,3.884399890899658,,90.76862215995789,0.03022623062133789
2131,3.8700058460235596,,90.81513667106628,0.02912139892578125
2132,3.8822944164276123,,90.86010527610779,0.028963804244995117
2133,3.861330986022949,,90.90443062782288,0.027329206466674805
2134,3.900529384613037,,90.9514365196228,0.03000330924987793
2135,3.8919005393981934,,90.99443626403809,0.026002883911132812
2136,3.8585338592529297,,91.03722286224365,0.02678966522216797
2137,3.875886917114258,,91.08121013641357,0.027019500732421875
2138,3.8827834129333496,,91.12221002578735,0.025970935821533203
2139,3.891089916229248,,91.16423845291138,0.025997161865234375
2140,3.8618969917297363,,91.20524144172668,0.024998903274536133
2141,3.8760719299316406,,91.24620842933655,0.02495574951171875
2142,3.865971803665161,,91.28850102424622,0.026255130767822266
2143,3.8557872772216797,,91.33053088188171,0.0270082950592041
2144,3.8658289909362793,,91.3727240562439,0.02619338035583496
2145,3.8708267211914062,,91.41372227668762,0.02503061294555664
2146,3.879855155944824,,91.45503902435303,0.025346755981445312
2147,3.8663299083709717,,91.50232744216919,0.0322878360748291
2148,3.8740506172180176,,91.54832911491394,0.029999971389770508
2149,3.84798264503479,,91.59512138366699,0.030030250549316406
2150,3.8546860218048096,,91.64247345924377,0.029381752014160156
2151,3.8723578453063965,,91.68800234794617,0.029822111129760742
2152,3.8604302406311035,,91.73515701293945,0.027857303619384766
2153,3.8563320636749268,,91.78421187400818,0.02903437614440918
2154,3.8609426021575928,,91.83473467826843,0.03333306312561035
2155,3.8416290283203125,,91.8881425857544,0.03445625305175781
2156,3.8465516567230225,,91.9373631477356,0.03161954879760742
2157,3.8570446968078613,,91.9850823879242,0.02575206756591797
2158,3.866316556930542,,92.03874611854553,0.031615257263183594
2159,3.8604507446289062,,92.08543610572815,0.030693531036376953
2160,3.861891746520996,,92.12596726417542,0.026529788970947266
2161,3.841641902923584,,92.16945886611938,0.02617812156677246
2162,3.8728058338165283,,92.21714377403259,0.031714677810668945
2163,3.8546011447906494,,92.26366686820984,0.03243422508239746
2164,3.8282084465026855,,92.30527138710022,0.026573896408081055
2165,3.860902786254883,,92.34914684295654,0.02787494659423828
2166,3.8655099868774414,,92.39395689964294,0.02988576889038086
2167,3.855069637298584,,92.43599796295166,0.026009321212768555
2168,3.849663734436035,,92.47802066802979,0.02703118324279785
2169,3.863821506500244,,92.51321339607239,0.02099752426147461
2170,3.8550405502319336,,92.56161618232727,0.026078224182128906
2171,3.8506152629852295,,92.60016226768494,0.023331165313720703
2172,3.849602699279785,,92.64417266845703,0.025864362716674805
2173,3.8463644981384277,,92.6895534992218,0.029799699783325195
2174,3.858778953552246,,92.73182129859924,0.027300119400024414
2175,3.860909938812256,,92.7752537727356,0.029326915740966797
2176,3.863862991333008,,92.82199215888977,0.03213834762573242
2177,3.8491694927215576,,92.86308407783508,0.026090383529663086
2178,3.8522562980651855,,92.9050817489624,0.027031421661376953
2179,3.833519458770752,,92.94695401191711,0.026617050170898438
2180,3.853822708129883,,92.98786354064941,0.02489757537841797
2181,3.8512046337127686,,93.02986979484558,0.026002168655395508
2182,3.8586537837982178,,93.07214331626892,0.03612208366394043
2183,3.8487906455993652,,93.11038422584534,0.024025917053222656
2184,3.8569889068603516,,93.15387296676636,0.025992870330810547
2185,3.854755401611328,,93.19527792930603,0.026532411575317383
2186,3.8311667442321777,,93.23664116859436,0.026326417922973633
2187,3.854696035385132,,93.27941060066223,0.027532339096069336
2188,3.851513385772705,,93.32228565216064,0.02804088592529297
2189,3.8368546962738037,,93.36424446105957,0.027182817459106445
2190,3.8392701148986816,,93.40820121765137,0.02861332893371582
2191,3.845365047454834,,93.45095491409302,0.02781391143798828
2192,3.8447957038879395,,93.49947237968445,0.034981727600097656
2193,3.8366074562072754,,93.5491578578949,0.02819204330444336
2194,3.8330931663513184,,93.59415364265442,0.029000282287597656
2195,3.8350377082824707,,93.6389708518982,0.028818130493164062
2196,3.8569746017456055,,93.6869752407074,0.03000354766845703
2197,3.842533826828003,,93.73997569084167,0.03497576713562012
2198,3.8220760822296143,,93.7828369140625,0.031862735748291016
2199,3.8328139781951904,,93.82493042945862,0.02671957015991211
2200,3.8427000045776367,0.8843910574913025,93.88047099113464,0.03443479537963867
2201,3.8240532875061035,,93.92425346374512,0.029880523681640625
2202,3.8421332836151123,,93.96877074241638,0.028498411178588867
2203,3.8356637954711914,,94.01508688926697,0.03029632568359375
2204,3.8329896926879883,,94.0597472190857,0.02784895896911621
2205,3.8408727645874023,,94.10742449760437,0.031032800674438477
2206,3.8327829837799072,,94.14994955062866,0.028079748153686523
2207,3.8362491130828857,,94.1936182975769,0.028105974197387695
2208,3.830657958984375,,94.23613381385803,0.027516841888427734
2209,3.8545923233032227,,94.2830810546875,0.02813577651977539
2210,3.853687286376953,,94.3104293346405,0.013107776641845703
2211,3.819751024246216,,94.36825919151306,0.027205467224121094
2212,3.8201472759246826,,94.40902066230774,0.025260448455810547
2213,3.8286356925964355,,94.45130705833435,0.040198564529418945
2214,3.8014063835144043,,94.49503064155579,0.027799367904663086
2215,3.8206233978271484,,94.53526592254639,0.025663375854492188
2216,3.8364691734313965,,94.57639908790588,0.026064157485961914
2217,3.8310818672180176,,94.61084222793579,0.019114971160888672
2218,3.822420835494995,,94.66089367866516,0.02632594108581543
2219,3.818765163421631,,94.70417618751526,0.028162240982055664
2220,3.83518648147583,,94.74282360076904,0.023483991622924805
2221,3.828019380569458,,94.78777170181274,0.027292490005493164
2222,3.8243608474731445,,94.82910561561584,0.026334047317504883
2223,3.8236682415008545,,94.8605329990387,0.016118526458740234
2224,3.8163352012634277,,94.91360807418823,0.02821826934814453
2225,3.8294754028320312,,94.956955909729,0.027350664138793945
2226,3.8163650035858154,,94.98538279533386,0.014168024063110352
2227,3.803722381591797,,95.03908944129944,0.024393796920776367
2228,3.8275132179260254,,95.08028602600098,0.025194168090820312
2229,3.8248579502105713,,95.12073469161987,0.025259017944335938
2230,3.814142942428589,,95.16317915916443,0.027322769165039062
2231,3.8314595222473145,,95.2053291797638,0.02715325355529785
2232,3.8231515884399414,,95.24691843986511,0.026320219039916992
2233,3.804924964904785,,95.28741264343262,0.025206804275512695
2234,3.820744514465332,,95.32823276519775,0.02631855010986328
2235,3.8234167098999023,,95.37078762054443,0.027325868606567383
2236,3.825127601623535,,95.41073250770569,0.025786638259887695
2237,3.802577018737793,,95.45196676254272,0.026237010955810547
2238,3.824573516845703,,95.4854006767273,0.01814889907836914
2239,3.800633430480957,,95.53417563438416,0.025237083435058594
2240,3.8197274208068848,,95.57643508911133,0.026241064071655273
2241,3.8089685440063477,,95.61902689933777,0.027321815490722656
2242,3.829385757446289,,95.66237354278564,0.028349637985229492
2243,3.838477611541748,,95.70428395271301,0.026938915252685547
2244,3.821565866470337,,95.74679398536682,0.027310609817504883
2245,3.8219399452209473,,95.789222240448,0.026205778121948242
2246,3.7904324531555176,,95.83211946487427,0.027900218963623047
2247,3.8109731674194336,,95.8605260848999,0.01313018798828125
2248,3.8146936893463135,,95.91437816619873,0.025359153747558594
2249,3.809328556060791,,95.95545482635498,0.026079893112182617
2250,3.7997379302978516,,95.99695158004761,0.02623915672302246
2251,3.8088748455047607,,96.03937458992004,0.026229381561279297
2252,3.8214194774627686,,96.08303833007812,0.027666807174682617
2253,3.796132802963257,,96.124685049057,0.02730250358581543
2254,3.802237033843994,,96.16698241233826,0.02701282501220703
2255,3.8198130130767822,,96.20922946929932,0.02724933624267578
2256,3.8151063919067383,,96.25008702278137,0.02520608901977539
2257,3.814248561859131,,96.29042673110962,0.025157451629638672
2258,3.792977809906006,,96.33073329925537,0.0247042179107666
2259,3.811675548553467,,96.37285280227661,0.027133941650390625
2260,3.814779281616211,,96.41517376899719,0.029187917709350586
2261,3.8232581615448,,96.45748853683472,0.02527141571044922
2262,3.8160834312438965,,96.49906420707703,0.026271820068359375
2263,3.820706844329834,,96.54145884513855,0.02714085578918457
2264,3.8043227195739746,,96.58304977416992,0.026593923568725586
2265,3.8134450912475586,,96.627032995224,0.02779984474182129
2266,3.815941333770752,,96.66621470451355,0.024930477142333984
2267,3.806041717529297,,96.70944142341614,0.0259091854095459
2268,3.803144931793213,,96.74877452850342,0.024257421493530273
2269,3.8030829429626465,,96.79133796691895,0.027285337448120117
2270,3.797419548034668,,96.83265233039856,0.026317119598388672
2271,3.8173391819000244,,96.8755886554718,0.03985190391540527
2272,3.805758476257324,,96.9169065952301,0.031192302703857422
2273,3.7939043045043945,,96.95907092094421,0.026198148727416992
2274,3.7951650619506836,,97.00128173828125,0.026958942413330078
2275,3.8014392852783203,,97.04353976249695,0.03316664695739746
2276,3.8038063049316406,,97.08490443229675,0.026361465454101562
2277,3.7928192615509033,,97.12537884712219,0.025332212448120117
2278,3.7950758934020996,,97.16769480705261,0.03216290473937988
2279,3.8108911514282227,,97.21101975440979,0.028325319290161133
2280,3.806393623352051,,97.25327253341675,0.0271151065826416
2281,3.7995777130126953,,97.29669094085693,0.03627133369445801
2282,3.802748918533325,,97.34013247489929,0.028176069259643555
2283,3.782075881958008,,97.38337969779968,0.028249502182006836
2284,3.7939271926879883,,97.42620587348938,0.040744781494140625
2285,3.801222324371338,,97.46909832954407,0.027381420135498047
2286,3.799680233001709,,97.51254081726074,0.02729964256286621
2287,3.7825231552124023,,97.5547559261322,0.027218103408813477
2288,3.7967638969421387,,97.59623956680298,0.02624225616455078
2289,3.794497489929199,,97.63842105865479,0.026880741119384766
2290,3.800626277923584,,97.67967867851257,0.025290489196777344
2291,3.800419330596924,,97.72234988212585,0.02731466293334961
2292,3.8030929565429688,,97.76492166519165,0.027338266372680664
2293,3.8002853393554688,,97.8061580657959,0.026239871978759766
2294,3.775441884994507,,97.8476836681366,0.026260852813720703
2295,3.787438154220581,,97.88970303535461,0.02679276466369629
2296,3.79716157913208,,97.93091297149658,0.02621293067932129
2297,3.7944374084472656,,97.97345423698425,0.027276277542114258
2298,3.8028013706207275,,98.0149290561676,0.026201248168945312
2299,3.79996395111084,,98.05615735054016,0.025231122970581055
2300,3.79757022857666,0.8827487587928772,98.10753774642944,0.035192012786865234
2301,3.7853620052337646,,98.15023350715637,0.027582883834838867
2302,3.7868547439575195,,98.1855616569519,0.020090579986572266
2303,3.7925117015838623,,98.23499536514282,0.02714705467224121
2304,3.779629945755005,,98.27642250061035,0.026310205459594727
2305,3.7825052738189697,,98.32037401199341,0.028712749481201172
2306,3.7764151096343994,,98.36025834083557,0.025221586227416992
2307,3.7819087505340576,,98.40369391441345,0.028294086456298828
2308,3.8089301586151123,,98.44330954551697,0.03243756294250488
2309,3.802496910095215,,98.48362159729004,0.024309635162353516
2310,3.793844223022461,,98.51098132133484,0.012083053588867188
2311,3.803750991821289,,98.5632586479187,0.02407240867614746
2312,3.785543918609619,,98.60514616966248,0.025884389877319336
2313,3.7997970581054688,,98.64499187469482,0.02455735206604004
2314,3.783026695251465,,98.68493914604187,0.024219989776611328
2315,3.772022008895874,,98.72719645500183,0.02614569664001465
2316,3.779176950454712,,98.76836585998535,0.03307366371154785
2317,3.767143726348877,,98.81062054634094,0.027280807495117188
2318,3.7906527519226074,,98.8519811630249,0.04136061668395996
2319,3.767366886138916,,98.89244031906128,0.02516913414001465
2320,3.7945258617401123,,98.93281292915344,0.02537393569946289
2321,3.7795026302337646,,98.97248315811157,0.024309635162353516
2322,3.7940385341644287,,99.0127420425415,0.027137279510498047
2323,3.7616262435913086,,99.05570554733276,0.027933120727539062
2324,3.780416488647461,,99.09782004356384,0.0267641544342041
2325,3.7855687141418457,,99.13716316223145,0.025180816650390625
2326,3.773498058319092,,99.1792664527893,0.02710866928100586
2327,3.7936854362487793,,99.21715998649597,0.022548198699951172
2328,3.7582898139953613,,99.26004767417908,0.02523183822631836
2329,3.7732954025268555,,99.30233025550842,0.04128074645996094
2330,3.7729411125183105,,99.34284162521362,0.025186777114868164
2331,3.7779221534729004,,99.38504815101624,0.027199745178222656
2332,3.7680392265319824,,99.42630910873413,0.026132583618164062
2333,3.778841018676758,,99.46706581115723,0.024221181869506836
2334,3.7740862369537354,,99.50930643081665,0.027243852615356445
2335,3.768380641937256,,99.54881000518799,0.03842449188232422
2336,3.752887487411499,,99.58922123908997,0.02520608901977539
2337,3.7952990531921387,,99.63041877746582,0.0261995792388916
2338,3.789546012878418,,99.67297983169556,0.027234792709350586
2339,3.7609994411468506,,99.71344590187073,0.025160551071166992
2340,3.7579383850097656,,99.75539708137512,0.02695012092590332
2341,3.7699103355407715,,99.79721236228943,0.026705265045166016
2342,3.7742748260498047,,99.83710145950317,0.02472233772277832
2343,3.7626826763153076,,99.87921810150146,0.026146650314331055
2344,3.7759361267089844,,99.9212851524353,0.025821447372436523
2345,3.768747329711914,,99.96374583244324,0.02625560760498047
2346,3.795804977416992,,100.00495409965515,0.026211023330688477
2347,3.7475576400756836,,100.03536534309387,0.014136552810668945
2348,3.772529125213623,,100.08812689781189,0.025225400924682617
2349,3.7836475372314453,,100.13089156150818,0.026767492294311523
2350,3.758204460144043,,100.1722252368927,0.026278972625732422
2351,3.7557499408721924,,100.21523404121399,0.027260780334472656
2352,3.750070571899414,,100.25748133659363,0.027472734451293945
2353,3.7422797679901123,,100.30302619934082,0.03167223930358887
2354,3.7699873447418213,,100.3537962436676,0.03262615203857422
2355,3.774707317352295,,100.39629006385803,0.030314207077026367
2356,3.7497525215148926,,100.44314932823181,0.03186297416687012
2357,3.758551597595215,,100.48914575576782,0.0279695987701416
2358,3.7739877700805664,,100.53399062156677,0.02662825584411621
2359,3.748077869415283,,100.58102607727051,0.029969215393066406
2360,3.754110336303711,,100.62690210342407,0.029646635055541992
2361,3.762974739074707,,100.67405486106873,0.030997276306152344
2362,3.7857706546783447,,100.72322082519531,0.02899622917175293
2363,3.7576937675476074,,100.76535558700562,0.0261380672454834
2364,3.7627768516540527,,100.81125950813293,0.028902053833007812
2365,3.7719931602478027,,100.8585913181305,0.02918720245361328
2366,3.766082286834717,,100.90159130096436,0.02700185775756836
2367,3.785104751586914,,100.9415910243988,0.02500295639038086
2368,3.7551050186157227,,100.983083486557,0.02649545669555664
2369,3.755615234375,,101.02508473396301,0.026997804641723633
2370,3.767409324645996,,101.06708526611328,0.026988744735717773
2371,3.7734804153442383,,101.10810947418213,0.025998830795288086
2372,3.7770938873291016,,101.14910936355591,0.025966167449951172
2373,3.772108316421509,,101.19013833999634,0.024996042251586914
2374,3.7617344856262207,,101.2331268787384,0.027987241744995117
2375,3.7517995834350586,,101.27427768707275,0.02503204345703125
2376,3.7691588401794434,,101.31616497039795,0.025892257690429688
2377,3.765035390853882,,101.36016321182251,0.028029203414916992
2378,3.7528295516967773,,101.40256762504578,0.02588343620300293
2379,3.7405076026916504,,101.44920349121094,0.027631521224975586
2380,3.7654471397399902,,101.4972276687622,0.02899336814880371
2381,3.768914222717285,,101.54422187805176,0.028003215789794922
2382,3.765672445297241,,101.59122204780579,0.028001070022583008
2383,3.7583937644958496,,101.63723158836365,0.02800583839416504
2384,3.749972343444824,,101.68420147895813,0.027975082397460938
2385,3.7458395957946777,,101.73010730743408,0.026879072189331055
2386,3.7612154483795166,,101.77638149261475,0.02824234962463379
2387,3.7368903160095215,,101.81974864006042,0.028280258178710938
2388,3.748464822769165,,101.86960196495056,0.028299808502197266
2389,3.7580246925354004,,101.91452169418335,0.02927422523498535
2390,3.7430837154388428,,101.95744132995605,0.02780461311340332
2391,3.74855899810791,,102.00599789619446,0.03230571746826172
2392,3.7502403259277344,,102.04958081245422,0.027405738830566406
2393,3.7679691314697266,,102.09397220611572,0.03252410888671875
2394,3.7498772144317627,,102.13712692260742,0.027102947235107422
2395,3.748969793319702,,102.17681789398193,0.02485489845275879
2396,3.750267744064331,,102.21851682662964,0.025561094284057617
2397,3.755671977996826,,102.2582426071167,0.024637937545776367
2398,3.745675802230835,,102.29977130889893,0.026688337326049805
2399,3.7430765628814697,,102.3398540019989,0.02546548843383789
2400,3.758432388305664,0.8835261106491089,102.38924312591553,0.0346529483795166
2401,3.7504003047943115,,102.43142771720886,0.02735614776611328
2402,3.766078233718872,,102.47286176681519,0.02615952491760254
2403,3.751114845275879,,102.5155975818634,0.02716374397277832
2404,3.7528533935546875,,102.55770444869995,0.026109695434570312
2405,3.755009174346924,,102.59924674034119,0.026268482208251953
2406,3.747157573699951,,102.64163851737976,0.031021833419799805
2407,3.739748001098633,,102.68373942375183,0.026098966598510742
2408,3.760061264038086,,102.73188495635986,0.03191328048706055
2409,3.731539249420166,,102.77279114723206,0.028998136520385742
2410,3.7517263889312744,,102.82317566871643,0.03551530838012695
2411,3.742979049682617,,102.86717486381531,0.026969432830810547
2412,3.7436065673828125,,102.91252040863037,0.029316186904907227
2413,3.7553024291992188,,102.96501064300537,0.03285074234008789
2414,3.733718156814575,,103.01084399223328,0.028876304626464844
2415,3.7560346126556396,,103.05568075180054,0.02719855308532715
2416,3.7450709342956543,,103.10016655921936,0.02803969383239746
2417,3.7423882484436035,,103.14499974250793,0.027873516082763672
2418,3.747001886367798,,103.1881697177887,0.028328657150268555
2419,3.741844654083252,,103.23182821273804,0.026013612747192383
2420,3.740398406982422,,103.28045129776001,0.031537771224975586
2421,3.743830680847168,,103.33195662498474,0.03498554229736328
2422,3.7428598403930664,,103.3734610080719,0.02753305435180664
2423,3.7424111366271973,,103.41885495185852,0.028727054595947266
2424,3.749901056289673,,103.46216797828674,0.02735590934753418
2425,3.745694398880005,,103.50499939918518,0.027991533279418945
2426,3.7578675746917725,,103.54643750190735,0.026439666748046875
2427,3.7658143043518066,,103.58689618110657,0.02548813819885254
2428,3.723172187805176,,103.62770867347717,0.025453805923461914
2429,3.736393928527832,,103.66996026039124,0.026488542556762695
2430,3.7561686038970947,,103.71289658546448,0.027768611907958984
2431,3.736213207244873,,103.76407313346863,0.036401987075805664
2432,3.749494791030884,,103.81100177764893,0.0316767692565918
2433,3.7226552963256836,,103.8603515625,0.03472328186035156
2434,3.7197725772857666,,103.91032338142395,0.030969858169555664
2435,3.7324066162109375,,103.9553234577179,0.028998851776123047
2436,3.7552781105041504,,104.00568556785583,0.033232927322387695
2437,3.7673866748809814,,104.0522403717041,0.02918863296508789
2438,3.7386415004730225,,104.1002995967865,0.029149770736694336
2439,3.725529193878174,,104.1453013420105,0.02900242805480957
2440,3.74005126953125,,104.19039058685303,0.028058290481567383
2441,3.724179267883301,,104.2373640537262,0.028003454208374023
2442,3.7299411296844482,,104.28735971450806,0.028969287872314453
2443,3.7417197227478027,,104.33236026763916,0.02600240707397461
2444,3.720839500427246,,104.37539196014404,0.027034521102905273
2445,3.7398014068603516,,104.41836047172546,0.02699875831604004
2446,3.7302639484405518,,104.45916557312012,0.024808168411254883
2447,3.7457261085510254,,104.50047945976257,0.025069236755371094
2448,3.727194309234619,,104.54348564147949,0.027002811431884766
2449,3.7204389572143555,,104.58620262145996,0.02671957015991211
2450,3.7444138526916504,,104.62717270851135,0.025970458984375
2451,3.7285218238830566,,104.66960024833679,0.026990890502929688
2452,3.7394683361053467,,104.71062231063843,0.0250246524810791
2453,3.743570327758789,,104.75265741348267,0.02600240707397461
2454,3.727076530456543,,104.79362893104553,0.025957584381103516
2455,3.716839551925659,,104.83566212654114,0.026000022888183594
2456,3.7506327629089355,,104.87705397605896,0.02596592903137207
2457,3.7170872688293457,,104.92256760597229,0.028972864151000977
2458,3.726325511932373,,104.96401023864746,0.025412559509277344
2459,3.730804681777954,,105.00706577301025,0.027001380920410156
2460,3.731905460357666,,105.04806447029114,0.024964570999145508
2461,3.7159037590026855,,105.09109950065613,0.027034759521484375
2462,3.735764741897583,,105.13309574127197,0.02700066566467285
2463,3.7289693355560303,,105.17547750473022,0.0263674259185791
2464,3.7254176139831543,,105.22500777244568,0.03248167037963867
2465,3.7291526794433594,,105.26897597312927,0.02700042724609375
2466,3.7203779220581055,,105.3149766921997,0.027968645095825195
2467,3.7208337783813477,,105.36097860336304,0.027971982955932617
2468,3.723041534423828,,105.41011905670166,0.030062198638916016
2469,3.733234405517578,,105.46194338798523,0.032752275466918945
2470,3.730971336364746,,105.51464676856995,0.03464078903198242
2471,3.7257986068725586,,105.56458830833435,0.03529500961303711
2472,3.7364590167999268,,105.61777138710022,0.03385305404663086
2473,3.731152057647705,,105.66703414916992,0.03243255615234375
2474,3.725464344024658,,105.71700668334961,0.03222060203552246
2475,3.7193078994750977,,105.76093912124634,0.027363061904907227
2476,3.7197818756103516,,105.80255913734436,0.02619481086730957
2477,3.7358076572418213,,105.84511017799377,0.026535511016845703
2478,3.7261834144592285,,105.89180755615234,0.03235626220703125
2479,3.721384048461914,,105.93287992477417,0.025775432586669922
2480,3.7029452323913574,,105.9781584739685,0.02971959114074707
2481,3.7284293174743652,,106.02624821662903,0.03345131874084473
2482,3.712984323501587,,106.06754875183105,0.026202917098999023
2483,3.735081672668457,,106.11082553863525,0.028282880783081055
2484,3.7231714725494385,,106.15438795089722,0.027829647064208984
2485,3.7303242683410645,,106.19814658164978,0.026473522186279297
2486,3.7105233669281006,,106.23881530761719,0.025507450103759766
2487,3.7181131839752197,,106.28535056114197,0.030834436416625977
2488,3.710535764694214,,106.32605290412903,0.03209543228149414
2489,3.7187867164611816,,106.36707949638367,0.02820754051208496
2490,3.699496269226074,,106.41018772125244,0.028113126754760742
2491,3.7200863361358643,,106.45379519462585,0.027409791946411133
2492,3.72863507270813,,106.49703431129456,0.029096603393554688
2493,3.7206263542175293,,106.54137969017029,0.02931523323059082
2494,3.723146677017212,,106.58152770996094,0.025147199630737305
2495,3.727281093597412,,106.62378716468811,0.025961875915527344
2496,3.7104098796844482,,106.66628956794739,0.02637767791748047
2497,3.715700149536133,,106.70928907394409,0.028029918670654297
2498,3.7130370140075684,,106.74979615211487,0.025582551956176758
2499,3.7208123207092285,,106.7930679321289,0.026968955993652344
2500,3.712523937225342,0.8810379147529602,106.84335041046143,0.03428363800048828
2501,3.7174482345581055,,106.88544821739197,0.027061939239501953
2502,3.7331271171569824,,106.92926049232483,0.027802467346191406
2503,3.7161669731140137,,106.9606864452362,0.016120433807373047
2504,3.7111170291900635,,107.00920820236206,0.024123668670654297
2505,3.7054765224456787,,107.05223631858826,0.026746749877929688
2506,3.7057313919067383,,107.09444785118103,0.026846885681152344
2507,3.710411787033081,,107.13768577575684,0.027413129806518555
2508,3.713562488555908,,107.18058133125305,0.028144359588623047
2509,3.7135839462280273,,107.22423958778381,0.028351545333862305
2510,3.707028388977051,,107.26072406768799,0.021152257919311523
2511,3.6955137252807617,,107.30888247489929,0.027191638946533203
2512,3.720297336578369,,107.3485689163208,0.02436661720275879
2513,3.7024149894714355,,107.38596653938293,0.021081924438476562
2514,3.7052619457244873,,107.430655002594,0.02381753921508789
2515,3.714550256729126,,107.47325563430786,0.03749704360961914
2516,3.709345579147339,,107.5171070098877,0.028592348098754883
2517,3.696481227874756,,107.55914688110352,0.027406692504882812
2518,3.7064900398254395,,107.60156345367432,0.02720808982849121
2519,3.6944704055786133,,107.64307165145874,0.02623271942138672
2520,3.7149503231048584,,107.68584728240967,0.026808500289916992
2521,3.7108371257781982,,107.7280044555664,0.027071237564086914
2522,3.711770534515381,,107.77033162117004,0.02709341049194336
2523,3.691422462463379,,107.81065082550049,0.02417778968811035
2524,3.7148451805114746,,107.85523557662964,0.02616286277770996
2525,3.7087764739990234,,107.88559603691101,0.01412510871887207
2526,3.687549114227295,,107.93972134590149,0.026171445846557617
2527,3.6942825317382812,,107.98096036911011,0.025272369384765625
2528,3.713916301727295,,108.01034450531006,0.014191389083862305
2529,3.697016716003418,,108.06112885475159,0.022118806838989258
2530,3.698978900909424,,108.10665607452393,0.02636098861694336
2531,3.7098333835601807,,108.147385597229,0.025249958038330078
2532,3.705801486968994,,108.18947792053223,0.02675008773803711
2533,3.696842670440674,,108.2339141368866,0.027520179748535156
2534,3.7056808471679688,,108.27560448646545,0.026308536529541016
2535,3.6956818103790283,,108.31660532951355,0.025116682052612305
2536,3.7119765281677246,,108.35609316825867,0.024491071701049805
2537,3.661991834640503,,108.39723610877991,0.025877952575683594
2538,3.7139415740966797,,108.43936109542847,0.02715444564819336
2539,3.6996889114379883,,108.48001432418823,0.025895118713378906
2540,3.704676389694214,,108.52140855789185,0.026620864868164062
2541,3.692290782928467,,108.56390476226807,0.026214599609375
2542,3.7086944580078125,,108.60532522201538,0.025935888290405273
2543,3.6979568004608154,,108.6476697921753,0.03714132308959961
2544,3.6980230808258057,,108.69010639190674,0.027196407318115234
2545,3.704322099685669,,108.73093938827515,0.02583599090576172
2546,3.6861486434936523,,108.77473521232605,0.028026819229125977
2547,3.6995487213134766,,108.81542611122131,0.0260012149810791
2548,3.6995275020599365,,108.85793161392212,0.02775096893310547
2549,3.7143502235412598,,108.9001886844635,0.027190208435058594
2550,3.7019405364990234,,108.9434461593628,0.03326058387756348
2551,3.6838924884796143,,108.98752880096436,0.027324914932250977
2552,3.6949665546417236,,109.03337264060974,0.02787470817565918
2553,3.6799068450927734,,109.07850623130798,0.02891993522644043
2554,3.6875510215759277,,109.12689185142517,0.03493237495422363
2555,3.7060327529907227,,109.17223358154297,0.02962517738342285
2556,3.699458122253418,,109.21457743644714,0.02567601203918457
2557,3.687223434448242,,109.26386070251465,0.030200958251953125
2558,3.700863838195801,,109.30685567855835,0.028270483016967773
2559,3.6847567558288574,,109.35032820701599,0.02625298500061035
2560,3.683467149734497,,109.39558148384094,0.028752565383911133
2561,3.6886816024780273,,109.44053316116333,0.028128623962402344
2562,3.6849722862243652,,109.48288655281067,0.027355670928955078
2563,3.6752002239227295,,109.52594661712646,0.02771759033203125
2564,3.694432497024536,,109.5672812461853,0.031030654907226562
2565,3.7027220726013184,,109.60870003700256,0.02635049819946289
2566,3.6942334175109863,,109.6514322757721,0.025735855102539062
2567,3.6978912353515625,,109.69315099716187,0.02657938003540039
2568,3.680980682373047,,109.73779392242432,0.029870986938476562
2569,3.6842379570007324,,109.77766442298889,0.02610325813293457
2570,3.6844630241394043,,109.82013845443726,0.02703857421875
2571,3.676255464553833,,109.86276602745056,0.027780532836914062
2572,3.699474334716797,,109.90623426437378,0.028647422790527344
2573,3.6937875747680664,,109.95402026176453,0.03184700012207031
2574,3.675276756286621,,109.99470496177673,0.026823997497558594
2575,3.6913177967071533,,110.03731608390808,0.027760982513427734
2576,3.7048120498657227,,110.08767127990723,0.0325014591217041
2577,3.690800189971924,,110.13262748718262,0.02950310707092285
2578,3.675318717956543,,110.1755542755127,0.02809906005859375
2579,3.6822948455810547,,110.22082304954529,0.02816486358642578
2580,3.6970911026000977,,110.2665650844574,0.02877664566040039
2581,3.6902475357055664,,110.31406426429749,0.02866840362548828
2582,3.6831655502319336,,110.36201691627502,0.03022027015686035
2583,3.7113451957702637,,110.40574645996094,0.027973413467407227
2584,3.7083652019500732,,110.4540958404541,0.029703140258789062
2585,3.6858487129211426,,110.49702310562134,0.030959129333496094
2586,3.68513822555542,,110.5448648929596,0.029381752014160156
2587,3.6810848712921143,,110.58686423301697,0.02700185775756836
2588,3.6776833534240723,,110.63563013076782,0.03359103202819824
2589,3.6840388774871826,,110.68119359016418,0.031022310256958008
2590,3.682317018508911,,110.72383713722229,0.027756214141845703
2591,3.697803497314453,,110.76676511764526,0.02970600128173828
2592,3.6939778327941895,,110.81109023094177,0.03208637237548828
2593,3.6721935272216797,,110.8548674583435,0.028677940368652344
2594,3.6850697994232178,,110.9035096168518,0.036015987396240234
2595,3.6987271308898926,,110.9460186958313,0.028339385986328125
2596,3.6941676139831543,,110.98931980133057,0.029025793075561523
2597,3.6849629878997803,,111.02981781959534,0.026772737503051758
2598,3.685239791870117,,111.07421636581421,0.029549837112426758
2599,3.6871142387390137,,111.11565446853638,0.02894306182861328
2600,3.6808319091796875,0.8794139623641968,111.16099238395691,0.03058791160583496
2601,3.6806111335754395,,111.20131611824036,0.02654743194580078
2602,3.6723759174346924,,111.24124336242676,0.025065183639526367
2603,3.6686041355133057,,111.2817931175232,0.02485179901123047
2604,3.685518741607666,,111.32233738899231,0.024789094924926758
2605,3.6778454780578613,,111.36397194862366,0.025731325149536133
2606,3.6787266731262207,,111.40479326248169,0.025659561157226562
2607,3.679215431213379,,111.44702863693237,0.03616952896118164
2608,3.670776128768921,,111.48766565322876,0.025200843811035156
2609,3.6601855754852295,,111.52932691574097,0.02669215202331543
2610,3.6771373748779297,,111.57075715065002,0.02605581283569336
2611,3.6944565773010254,,111.6111752986908,0.025339126586914062
2612,3.6662933826446533,,111.6555564403534,0.027207374572753906
2613,3.6744275093078613,,111.69854855537415,0.03727841377258301
2614,3.683864116668701,,111.73880553245544,0.02812671661376953
2615,3.669428825378418,,111.78201532363892,0.0272066593170166
2616,3.689182758331299,,111.82170844078064,0.024526596069335938
2617,3.681699275970459,,111.86430716514587,0.02727985382080078
2618,3.679945945739746,,111.90552306175232,0.02621936798095703
2619,3.6539292335510254,,111.94812035560608,0.027297496795654297
2620,3.6662368774414062,,111.99093723297119,0.027484893798828125
2621,3.6814684867858887,,112.03028321266174,0.024348974227905273
2622,3.661041259765625,,112.07310342788696,0.027575969696044922
2623,3.659816026687622,,112.11352491378784,0.025138139724731445
2624,3.6799073219299316,,112.15475678443909,0.026235342025756836
2625,3.6736679077148438,,112.19725489616394,0.02719283103942871
2626,3.675915002822876,,112.23565745353699,0.02314901351928711
2627,3.6709933280944824,,112.28046703338623,0.026422500610351562
2628,3.6741747856140137,,112.3104088306427,0.014088153839111328
2629,3.6786725521087646,,112.36276078224182,0.02431201934814453
2630,3.662728786468506,,112.40317058563232,0.024420499801635742
2631,3.664080858230591,,112.44365048408508,0.025221586227416992
2632,3.6716268062591553,,112.48296809196472,0.024304866790771484
2633,3.6729965209960938,,112.52343249320984,0.03728342056274414
2634,3.6555516719818115,,112.56089782714844,0.02215123176574707
2635,3.6756887435913086,,112.60723853111267,0.028310060501098633
2636,3.6682841777801514,,112.64683842658997,0.024286508560180664
2637,3.670332908630371,,112.68754959106445,0.026563644409179688
2638,3.655299425125122,,112.72689604759216,0.02434396743774414
2639,3.658080577850342,,112.76810812950134,0.02493596076965332
2640,3.677511692047119,,112.80846357345581,0.025327205657958984
2641,3.6666040420532227,,112.84807085990906,0.02428913116455078
2642,3.6700754165649414,,112.88664412498474,0.02327752113342285
2643,3.6597723960876465,,112.92863774299622,0.025292158126831055
2644,3.665494203567505,,112.96113967895508,0.017140626907348633
2645,3.663632392883301,,113.00893497467041,0.024693965911865234
2646,3.6581859588623047,,113.03614616394043,0.025113582611083984
2647,3.6513009071350098,,113.09082746505737,0.02632594108581543
2648,3.669346809387207,,113.13125348091125,0.025381803512573242
2649,3.6494834423065186,,113.17186665534973,0.025312423706054688
2650,3.660762310028076,,113.2112865447998,0.024085283279418945
2651,3.671146869659424,,113.25233864784241,0.024819135665893555
2652,3.6610107421875,,113.29222822189331,0.024444103240966797
2653,3.656923770904541,,113.33328413963318,0.0253753662109375
2654,3.6738109588623047,,113.37289094924927,0.025107145309448242
2655,3.6659460067749023,,113.4130187034607,0.027016878128051758
2656,3.6660168170928955,,113.45523309707642,0.026213407516479492
2657,3.6645352840423584,,113.49717426300049,0.026782751083374023
2658,3.6765143871307373,,113.53968000411987,0.02722620964050293
2659,3.6584420204162598,,113.5817244052887,0.02704763412475586
2660,3.6603991985321045,,113.62196373939514,0.025242328643798828
2661,3.6745800971984863,,113.66403675079346,0.026785850524902344
2662,3.6632862091064453,,113.70587801933289,0.0258636474609375
2663,3.673835039138794,,113.74844145774841,0.027266502380371094
2664,3.6523776054382324,,113.78996801376343,0.02628183364868164
2665,3.6649672985076904,,113.83215546607971,0.02622079849243164
2666,3.670438289642334,,113.87475109100342,0.02733135223388672
2667,3.6589293479919434,,113.91732168197632,0.026992082595825195
2668,3.6574466228485107,,113.95859289169312,0.02627420425415039
2669,3.6573004722595215,,114.00091123580933,0.04019451141357422
2670,3.648667812347412,,114.04362297058105,0.027498245239257812
2671,3.6594176292419434,,114.08567690849304,0.027057170867919922
2672,3.67236328125,,114.12705564498901,0.026293039321899414
2673,3.6633758544921875,,114.16959691047668,0.02633380889892578
2674,3.6536645889282227,,114.21177530288696,0.027063608169555664
2675,3.6871373653411865,,114.2530460357666,0.026273488998413086
2676,3.6631505489349365,,114.2853615283966,0.01703190803527832
2677,3.6456451416015625,,114.3373966217041,0.027069091796875
2678,3.6580629348754883,,114.37866067886353,0.026267290115356445
2679,3.6688289642333984,,114.41826939582825,0.024305105209350586
2680,3.6813364028930664,,114.46046423912048,0.026179790496826172
2681,3.6674036979675293,,114.50286030769348,0.027251720428466797
2682,3.6671290397644043,,114.54438948631287,0.033454179763793945
2683,3.645028591156006,,114.58582043647766,0.025266408920288086
2684,3.640052080154419,,114.62975239753723,0.02708888053894043
2685,3.6662487983703613,,114.66905522346497,0.024061203002929688
2686,3.6679089069366455,,114.71059036254883,0.02553248405456543
2687,3.655158519744873,,114.75285172462463,0.026148319244384766
2688,3.639826774597168,,114.79763913154602,0.029419422149658203
2689,3.6643996238708496,,114.83802890777588,0.025200605392456055
2690,3.6576428413391113,,114.87908434867859,0.02608513832092285
2691,3.666771411895752,,114.91919255256653,0.023892641067504883
2692,3.648581027984619,,114.96250009536743,0.027184724807739258
2693,3.6415205001831055,,115.00457572937012,0.027076244354248047
2694,3.6573996543884277,,115.0444233417511,0.033759117126464844
2695,3.6416049003601074,,115.08764147758484,0.027095556259155273
2696,3.6534667015075684,,115.12883448600769,0.026196002960205078
2697,3.653269052505493,,115.17144989967346,0.02736210823059082
2698,3.6576428413391113,,115.21409296989441,0.02730584144592285
2699,3.6703357696533203,,115.25630760192871,0.027185678482055664
2700,3.6716830730438232,0.8813640475273132,115.29861879348755,0.02706146240234375
2701,3.6508240699768066,,115.34126710891724,0.02637767791748047
2702,3.6393520832061768,,115.38250422477722,0.026239395141601562
2703,3.6470789909362793,,115.41094779968262,0.013149261474609375
2704,3.64245867729187,,115.46677303314209,0.027324438095092773
2705,3.644219398498535,,115.5081467628479,0.026377201080322266
2706,3.648426055908203,,115.53552103042603,0.011109590530395508
2707,3.6510701179504395,,115.58607244491577,0.020158052444458008
2708,3.6593141555786133,,115.63467168807983,0.02636575698852539
2709,3.6558096408843994,,115.67659068107605,0.026834487915039062
2710,3.6546225547790527,,115.71909356117249,0.027259111404418945
2711,3.640148162841797,,115.76142954826355,0.02733922004699707
2712,3.6521527767181396,,115.8007493019104,0.024322509765625
2713,3.645305633544922,,115.8432788848877,0.0262453556060791
2714,3.6430881023406982,,115.88518810272217,0.026912212371826172
2715,3.654024600982666,,115.92754077911377,0.027261018753051758
2716,3.644853353500366,,115.96907782554626,0.026294946670532227
2717,3.6411266326904297,,116.01159143447876,0.0264284610748291
2718,3.6453442573547363,,116.05282139778137,0.02623295783996582
2719,3.6587748527526855,,116.09911561012268,0.03098464012145996
2720,3.6513819694519043,,116.1355631351471,0.02205634117126465
2721,3.6547722816467285,,116.18692302703857,0.028352975845336914
2722,3.6293513774871826,,116.23018026351929,0.028259754180908203
2723,3.6577420234680176,,116.26943588256836,0.024958133697509766
2724,3.6446826457977295,,116.30884027481079,0.024393320083618164
2725,3.6475472450256348,,116.34938955307007,0.025176048278808594
2726,3.6394526958465576,,116.38876605033875,0.02822256088256836
2727,3.6416380405426025,,116.43083786964417,0.02606058120727539
2728,3.6514852046966553,,116.47047543525696,0.024288415908813477
2729,3.642652988433838,,116.51085758209229,0.024059534072875977
2730,3.649829626083374,,116.55312538146973,0.027153491973876953
2731,3.632667064666748,,116.59316849708557,0.02466130256652832
2732,3.6480538845062256,,116.63430619239807,0.026139020919799805
2733,3.6329894065856934,,116.67773175239563,0.027178049087524414
2734,3.636667251586914,,116.71741342544556,0.025246143341064453
2735,3.6489598751068115,,116.75976133346558,0.026347875595092773
2736,3.6407113075256348,,116.80116295814514,0.02623748779296875
2737,3.6370019912719727,,116.84181022644043,0.031381845474243164
2738,3.645059108734131,,116.88399815559387,0.027180194854736328
2739,3.6570961475372314,,116.92331910133362,0.023997783660888672
2740,3.6597914695739746,,116.96502685546875,0.026394128799438477
2741,3.6500587463378906,,117.00663352012634,0.025134563446044922
2742,3.644434928894043,,117.04914331436157,0.027207136154174805
2743,3.626922130584717,,117.09164547920227,0.02722477912902832
2744,3.638843059539795,,117.13196516036987,0.025322914123535156
2745,3.645066499710083,,117.17428183555603,0.03825807571411133
2746,3.644176959991455,,117.21674394607544,0.02721571922302246
2747,3.647162675857544,,117.25797700881958,0.02623605728149414
2748,3.636086940765381,,117.28536891937256,0.012147665023803711
2749,3.6391618251800537,,117.34136414527893,0.02614426612854004
2750,3.6344540119171143,,117.38260769844055,0.02624678611755371
2751,3.638066530227661,,117.42508888244629,0.027298688888549805
2752,3.614828109741211,,117.46645188331604,0.026131629943847656
2753,3.6478376388549805,,117.50863647460938,0.026190757751464844
2754,3.639967679977417,,117.5506386756897,0.026736736297607422
2755,3.653212785720825,,117.58605432510376,0.020146846771240234
2756,3.6210901737213135,,117.63259387016296,0.024081945419311523
2757,3.6538238525390625,,117.66095423698425,0.012143135070800781
2758,3.633692502975464,,117.7172384262085,0.0266265869140625
2759,3.6319775581359863,,117.75640964508057,0.02417159080505371
2760,3.646841526031494,,117.79872512817383,0.03819012641906738
2761,3.649484157562256,,117.8401997089386,0.02624654769897461
2762,3.628467082977295,,117.88146877288818,0.02530217170715332
2763,3.6248271465301514,,117.92388653755188,0.027211427688598633
2764,3.6376404762268066,,117.96537828445435,0.026203393936157227
2765,3.6485204696655273,,118.00659275054932,0.02524876594543457
2766,3.629955768585205,,118.04880857467651,0.03815317153930664
2767,3.6326582431793213,,118.09327101707458,0.02921772003173828
2768,3.6400492191314697,,118.13604021072388,0.02877020835876465
2769,3.6379826068878174,,118.17941904067993,0.0272676944732666
2770,3.625173807144165,,118.22161889076233,0.03604841232299805
2771,3.63454008102417,,118.26313972473145,0.026289939880371094
2772,3.6282262802124023,,118.3043417930603,0.025240659713745117
2773,3.636648178100586,,118.34645581245422,0.025876760482788086
2774,3.635793447494507,,118.3889513015747,0.026308059692382812
2775,3.629788398742676,,118.43015313148499,0.026204824447631836
2776,3.6308984756469727,,118.4716899394989,0.02625131607055664
2777,3.625709056854248,,118.51416611671448,0.026213645935058594
2778,3.617326021194458,,118.5553662776947,0.026203155517578125
2779,3.6325223445892334,,118.59692239761353,0.026326417922973633
2780,3.6346893310546875,,118.63534617424011,0.023167133331298828
2781,3.6291844844818115,,118.6816475391388,0.027170658111572266
2782,3.6312355995178223,,118.72278761863708,0.02587294578552246
2783,3.6321284770965576,,118.76524877548218,0.02722001075744629
2784,3.632439136505127,,118.80748534202576,0.027239084243774414
2785,3.6378374099731445,,118.85003423690796,0.027266502380371094
2786,3.6330862045288086,,118.89265513420105,0.02722001075744629
2787,3.6333112716674805,,118.93495035171509,0.027293920516967773
2788,3.6080574989318848,,118.97639393806458,0.026302576065063477
2789,3.637232780456543,,119.0206413269043,0.028031587600708008
2790,3.628659725189209,,119.06706500053406,0.034200429916381836
2791,3.6309773921966553,,119.10788536071777,0.025821447372436523
2792,3.6320338249206543,,119.14934182167053,0.026151657104492188
2793,3.6288866996765137,,119.19166541099548,0.0311887264251709
2794,3.6232309341430664,,119.23375535011292,0.027092933654785156
2795,3.6291565895080566,,119.27730560302734,0.02831554412841797
2796,3.6401455402374268,,119.31882762908936,0.027259111404418945
2797,3.6190383434295654,,119.36115789413452,0.02733325958251953
2798,3.6262893676757812,,119.40342736244202,0.0271761417388916
2799,3.613224744796753,,119.43584990501404,0.017147064208984375
2800,3.620293140411377,0.8813473463058472,119.49401307106018,0.033356666564941406
2801,3.617794990539551,,119.53539562225342,0.026385068893432617
2802,3.632474422454834,,119.57806825637817,0.026559114456176758
2803,3.634676933288574,,119.61751437187195,0.0241854190826416
2804,3.6244969367980957,,119.65999031066895,0.026469945907592773
2805,3.6231160163879395,,119.70315933227539,0.028496980667114258
2806,3.6321825981140137,,119.73533773422241,0.01706218719482422
2807,3.6088578701019287,,119.78573727607727,0.027219295501708984
2808,3.607415199279785,,119.83165836334229,0.03077411651611328
2809,3.621011972427368,,119.87108373641968,0.02426004409790039
2810,3.629281997680664,,119.91149139404297,0.02530837059020996
2811,3.628969669342041,,119.95271611213684,0.026227951049804688
2812,3.632462501525879,,119.99430203437805,0.026259183883666992
2813,3.6219732761383057,,120.0367271900177,0.027428388595581055
2814,3.631450891494751,,120.07900476455688,0.027280330657958984
2815,3.628807544708252,,120.12057733535767,0.02727341651916504
2816,3.626117467880249,,120.16301798820496,0.027346134185791016
2817,3.6265792846679688,,120.20420050621033,0.02618575096130371
2818,3.628324031829834,,120.24455857276917,0.03429579734802246
2819,3.626466751098633,,120.28749942779541,0.0268247127532959
2820,3.611250877380371,,120.32862877845764,0.026128053665161133
2821,3.631587028503418,,120.36881566047668,0.024939537048339844
2822,3.612722873687744,,120.41111397743225,0.026295900344848633
2823,3.633152723312378,,120.45342254638672,0.027123451232910156
2824,3.6413159370422363,,120.49290466308594,0.024187326431274414
2825,3.5980026721954346,,120.53520083427429,0.026286840438842773
2826,3.6238179206848145,,120.57750868797302,0.027155399322509766
2827,3.6186296939849854,,120.61894416809082,0.026177644729614258
2828,3.6307103633880615,,120.65726566314697,0.024315357208251953
2829,3.6195669174194336,,120.69777393341064,0.024279356002807617
2830,3.59798526763916,,120.73836517333984,0.02524876594543457
2831,3.633058547973633,,120.78077507019043,0.026441335678100586
2832,3.6346492767333984,,120.8223922252655,0.02642989158630371
2833,3.604034423828125,,120.86507272720337,0.026412010192871094
2834,3.6186866760253906,,120.90504956245422,0.023979663848876953
2835,3.6247737407684326,,120.9475667476654,0.02626204490661621
2836,3.6256566047668457,,120.9859516620636,0.023157835006713867
2837,3.616245746612549,,121.03161668777466,0.02629256248474121
2838,3.6120128631591797,,121.06057715415955,0.012715578079223633
2839,3.614353656768799,,121.11417365074158,0.024310827255249023
2840,3.615720748901367,,121.1563241481781,0.026187419891357422
2841,3.6304731369018555,,121.1979591846466,0.02629375457763672
2842,3.6101765632629395,,121.2404203414917,0.026290416717529297
2843,3.6231422424316406,,121.28174138069153,0.025324106216430664
2844,3.6115870475769043,,121.32426881790161,0.026287555694580078
2845,3.608738422393799,,121.36679935455322,0.027266502380371094
2846,3.6274890899658203,,121.40621209144592,0.024383068084716797
2847,3.6149868965148926,,121.44874596595764,0.026291847229003906
2848,3.604245901107788,,121.49120283126831,0.02720808982849121
2849,3.6153101921081543,,121.53244543075562,0.026245594024658203
2850,3.614652156829834,,121.57480883598328,0.03926372528076172
2851,3.604262351989746,,121.61528301239014,0.025220155715942383
2852,3.6257553100585938,,121.65711498260498,0.026829957962036133
2853,3.6137242317199707,,121.69862651824951,0.026250123977661133
2854,3.609480381011963,,121.7411367893219,0.027234554290771484
2855,3.617946147918701,,121.78086566925049,0.024731874465942383
2856,3.609079360961914,,121.82101798057556,0.023981094360351562
2857,3.607555866241455,,121.86457419395447,0.028415441513061523
2858,3.603830575942993,,121.90607261657715,0.026892423629760742
2859,3.6030988693237305,,121.94861555099487,0.02727198600769043
2860,3.606368064880371,,121.99118709564209,0.027335166931152344
2861,3.6207034587860107,,122.03268647193909,0.02715158462524414
2862,3.6056885719299316,,122.0751883983612,0.026915550231933594
2863,3.5958123207092285,,122.11069965362549,0.020089387893676758
2864,3.6187095642089844,,122.15788650512695,0.026262998580932617
2865,3.617802143096924,,122.20033502578735,0.02714228630065918
2866,3.6043529510498047,,122.24245166778564,0.026880502700805664
2867,3.6255855560302734,,122.28454399108887,0.027095317840576172
2868,3.6076865196228027,,122.32659077644348,0.026924610137939453
2869,3.6000070571899414,,122.36822938919067,0.026202678680419922
2870,3.61051869392395,,122.41031455993652,0.027088403701782227
2871,3.613574981689453,,122.45224452018738,0.026280641555786133
2872,3.617215394973755,,122.49456930160522,0.034229278564453125
2873,3.6129558086395264,,122.53380489349365,0.02413320541381836
2874,3.6180498600006104,,122.57640147209167,0.02727675437927246
2875,3.6024394035339355,,122.61082744598389,0.019150495529174805
2876,3.6014697551727295,,122.66010117530823,0.026389598846435547
2877,3.605229139328003,,122.70207142829895,0.02685379981994629
2878,3.618964195251465,,122.74359941482544,0.02629876136779785
2879,3.6024560928344727,,122.78579711914062,0.026140213012695312
2880,3.6074538230895996,,122.82801032066345,0.026498794555664062
2881,3.610678195953369,,122.87053799629211,0.027261972427368164
2882,3.6157705783843994,,122.91287922859192,0.027249574661254883
2883,3.5946669578552246,,122.95426416397095,0.026377201080322266
2884,3.609959363937378,,122.99446177482605,0.024030685424804688
2885,3.6130642890930176,,123.036940574646,0.02632284164428711
2886,3.605588912963867,,123.07729434967041,0.025356769561767578
2887,3.6112260818481445,,123.12074327468872,0.03531384468078613
2888,3.5999064445495605,,123.16423296928406,0.0283658504486084
2889,3.615109443664551,,123.20393657684326,0.024703264236450195
2890,3.6099390983581543,,123.24406456947327,0.024863719940185547
2891,3.600496530532837,,123.2865252494812,0.027457714080810547
2892,3.602606773376465,,123.32660579681396,0.025083541870117188
2893,3.600367784500122,,123.36623644828796,0.024319887161254883
2894,3.5952718257904053,,123.40636897087097,0.024132490158081055
2895,3.60703182220459,,123.44608211517334,0.023496389389038086
2896,3.5989179611206055,,123.48655867576599,0.02416825294494629
2897,3.6009292602539062,,123.52838826179504,0.025829553604125977
2898,3.6130592823028564,,123.5699474811554,0.026288509368896484
2899,3.616300106048584,,123.61030578613281,0.024304866790771484
2900,3.6063637733459473,0.8772232055664062,123.66079616546631,0.033292293548583984
2901,3.6013407707214355,,123.70205044746399,0.041254281997680664
2902,3.6078810691833496,,123.74551677703857,0.027238130569458008
2903,3.6034798622131348,,123.78696036338806,0.026361465454101562
2904,3.603461742401123,,123.82816290855408,0.025205373764038086
2905,3.6068079471588135,,123.87068176269531,0.027242422103881836
2906,3.5984764099121094,,123.91213321685791,0.026348352432250977
2907,3.600712299346924,,123.95330214500427,0.026171445846557617
2908,3.5874996185302734,,123.99582552909851,0.027280092239379883
2909,3.590331554412842,,124.03727269172668,0.026354551315307617
2910,3.6108016967773438,,124.07808041572571,0.02581024169921875
2911,3.5926613807678223,,124.12047910690308,0.0343019962310791
2912,3.603660821914673,,124.16175079345703,0.026142120361328125
2913,3.587139129638672,,124.20394492149353,0.02622699737548828
2914,3.5920863151550293,,124.23531079292297,0.016132831573486328
2915,3.585211992263794,,124.28549551963806,0.02637791633605957
2916,3.5866212844848633,,124.32892298698425,0.02731180191040039
2917,3.5872998237609863,,124.3725814819336,0.028385400772094727
2918,3.597036123275757,,124.41215229034424,0.02525496482849121
2919,3.6037139892578125,,124.45239162445068,0.025242328643798828
2920,3.60705304145813,,124.49490571022034,0.027302980422973633
2921,3.591174602508545,,124.53734755516052,0.02732682228088379
2922,3.609412670135498,,124.57656860351562,0.024224042892456055
2923,3.6161370277404785,,124.61851239204407,0.026673555374145508
2924,3.590027093887329,,124.66087555885315,0.026360273361206055
2925,3.5963191986083984,,124.70213079452515,0.04125523567199707
2926,3.602693557739258,,124.74460291862488,0.027266502380371094
2927,3.589956283569336,,124.78594398498535,0.02618408203125
2928,3.6046509742736816,,124.82828140258789,0.026223182678222656
2929,3.5945706367492676,,124.86923050880432,0.025402307510375977
2930,3.5963404178619385,,124.9093496799469,0.025119304656982422
2931,3.599900722503662,,124.94845199584961,0.023949146270751953
2932,3.5812864303588867,,124.9895989894867,0.025896549224853516
2933,3.5959935188293457,,125.03273463249207,0.02816629409790039
2934,3.597076892852783,,125.07267737388611,0.024693965911865234
2935,3.579556941986084,,125.1109471321106,0.025090456008911133
2936,3.5958786010742188,,125.1583092212677,0.026801109313964844
2937,3.610618829727173,,125.18557047843933,0.012020349502563477
2938,3.597433090209961,,125.24214458465576,0.026236772537231445
2939,3.596393585205078,,125.28448367118835,0.02734208106994629
2940,3.593379497528076,,125.3258273601532,0.02625131607055664
2941,3.591796398162842,,125.36825561523438,0.026223182678222656
2942,3.599581718444824,,125.40860247612,0.025316715240478516
2943,3.591233730316162,,125.45114827156067,0.027294158935546875
2944,3.6154465675354004,,125.48565673828125,0.020148038864135742
2945,3.591127395629883,,125.53450608253479,0.026290178298950195
2946,3.604689598083496,,125.57678461074829,0.041278839111328125
2947,3.587510108947754,,125.618243932724,0.026230335235595703
2948,3.597318649291992,,125.66057133674622,0.026330232620239258
2949,3.5890910625457764,,125.70200705528259,0.02631831169128418
2950,3.589165210723877,,125.74450159072876,0.0272524356842041
2951,3.586987018585205,,125.7858190536499,0.026204824447631836
2952,3.5866806507110596,,125.82822036743164,0.026284217834472656
2953,3.584867477416992,,125.8605887889862,0.017142295837402344
2954,3.5892114639282227,,125.91225028038025,0.026346445083618164
2955,3.59017014503479,,125.951575756073,0.02432847023010254
2956,3.593782424926758,,125.99390149116516,0.03322958946228027
2957,3.6016950607299805,,126.03527855873108,0.026378631591796875
2958,3.5906434059143066,,126.07760000228882,0.026267528533935547
2959,3.5807042121887207,,126.12016916275024,0.027263879776000977
2960,3.5988354682922363,,126.16146755218506,0.026175498962402344
2961,3.5937209129333496,,126.20270681381226,0.025254249572753906
2962,3.584592342376709,,126.24520802497864,0.026295185089111328
2963,3.5959837436676025,,126.28762078285217,0.027308940887451172
2964,3.602604389190674,,126.32881140708923,0.026193857192993164
2965,3.5727224349975586,,126.37121295928955,0.027167797088623047
2966,3.5923283100128174,,126.41280841827393,0.026278972625732422
2967,3.5775907039642334,,126.4523401260376,0.02449965476989746
2968,3.591635227203369,,126.48575830459595,0.0181276798248291
2969,3.590686321258545,,126.53675675392151,0.026331186294555664
2970,3.5852441787719727,,126.57802748680115,0.026273488998413086
2971,3.602623224258423,,126.61951875686646,0.0262606143951416
2972,3.579244613647461,,126.66193652153015,0.027337312698364258
2973,3.565863609313965,,126.7022316455841,0.025298357009887695
2974,3.5910122394561768,,126.74379873275757,0.02628946304321289
2975,3.590892791748047,,126.78779673576355,0.027935028076171875
2976,3.5979106426239014,,126.8297667503357,0.026973247528076172
2977,3.5929927825927734,,126.87229251861572,0.026295185089111328
2978,3.5889511108398438,,126.91063928604126,0.023140668869018555
2979,3.5727884769439697,,126.95582485198975,0.025957822799682617
2980,3.5834743976593018,,126.99838590621948,0.027353286743164062
2981,3.5831704139709473,,127.04158616065979,0.031113862991333008
2982,3.5825953483581543,,127.08491253852844,0.02832961082458496
2983,3.5909042358398438,,127.12631487846375,0.027299165725708008
2984,3.592069149017334,,127.17031979560852,0.028722763061523438
2985,3.582789897918701,,127.21271896362305,0.02725505828857422
2986,3.58957576751709,,127.25399684906006,0.026280879974365234
2987,3.571200370788574,,127.29442286491394,0.025309085845947266
2988,3.591312885284424,,127.3357880115509,0.026250600814819336
2989,3.582836389541626,,127.37756872177124,0.026693344116210938
2990,3.582456111907959,,127.4200348854065,0.027231216430664062
2991,3.5885262489318848,,127.46159338951111,0.02638411521911621
2992,3.5805983543395996,,127.50297570228577,0.025420427322387695
2993,3.5813796520233154,,127.53544497489929,0.017149925231933594
2994,3.5887093544006348,,127.58724999427795,0.02634286880493164
2995,3.582226037979126,,127.62847590446472,0.02522897720336914
2996,3.5908122062683105,,127.67117762565613,0.027470111846923828
2997,3.57589054107666,,127.71265697479248,0.026423931121826172
2998,3.597701072692871,,127.7548086643219,0.02618694305419922
2999,3.583367347717285,,127.79631662368774,0.026273250579833984
3000,3.5881359577178955,0.8794361114501953,127.8457944393158,0.03423786163330078
