epochs,losses,accuracies,cumulative_time_seconds,epoch_time_seconds
1,32.591705322265625,,0.04756951332092285,0.04756951332092285
2,31.489845275878906,,0.07704424858093262,0.029474735260009766
3,30.66417694091797,,0.10130453109741211,0.021666765213012695
4,29.996013641357422,,0.12486910820007324,0.023564577102661133
5,29.439861297607422,,0.14909625053405762,0.02052140235900879
6,28.942148208618164,,0.17254066467285156,0.023444414138793945
7,28.64586639404297,,0.19696474075317383,0.021870851516723633
8,28.288576126098633,,0.22281432151794434,0.025849580764770508
9,28.012775421142578,,0.24467992782592773,0.0218656063079834
10,27.8114013671875,,0.27054929733276367,0.025869369506835938
11,27.54169273376465,,0.29237866401672363,0.02182936668395996
12,27.318580627441406,,0.31827378273010254,0.025895118713378906
13,27.149059295654297,,0.3400890827178955,0.02181529998779297
14,26.921894073486328,,0.36574721336364746,0.025658130645751953
15,26.827495574951172,,0.3877866268157959,0.022039413452148438
16,26.706418991088867,,0.4134659767150879,0.025679349899291992
17,26.596752166748047,,0.43556857109069824,0.02210259437561035
18,26.433792114257812,,0.4611842632293701,0.025615692138671875
19,26.33296775817871,,0.4832777976989746,0.022093534469604492
20,26.287757873535156,,0.5089056491851807,0.025627851486206055
21,26.248016357421875,,0.530987024307251,0.022081375122070312
22,26.12470245361328,,0.5565986633300781,0.02561163902282715
23,26.118921279907227,,0.5786454677581787,0.022046804428100586
24,25.988540649414062,,0.604217529296875,0.02557206153869629
25,25.999126434326172,,0.6271710395812988,0.022953510284423828
26,25.915443420410156,,0.6516416072845459,0.02447056770324707
27,25.848220825195312,,0.6737453937530518,0.02210378646850586
28,25.814632415771484,,0.699347734451294,0.025602340698242188
29,25.80270767211914,,0.7214491367340088,0.022101402282714844
30,25.76415252685547,,0.7470605373382568,0.025611400604248047
31,25.690319061279297,,0.7691009044647217,0.022040367126464844
32,25.681541442871094,,0.7947494983673096,0.02564859390258789
33,25.629959106445312,,0.81683349609375,0.02208399772644043
34,25.593856811523438,,0.8424854278564453,0.025651931762695312
35,25.527137756347656,,0.8648571968078613,0.022371768951416016
36,25.530487060546875,,0.8902342319488525,0.02537703514099121
37,25.525203704833984,,0.9123103618621826,0.022076129913330078
38,25.474149703979492,,0.9378817081451416,0.025571346282958984
39,25.42225456237793,,0.9599432945251465,0.022061586380004883
40,25.415987014770508,,0.9855451583862305,0.025601863861083984
41,25.386137008666992,,1.0076234340667725,0.022078275680541992
42,25.370595932006836,,1.0332388877868652,0.025615453720092773
43,25.358577728271484,,1.0553343296051025,0.022095441818237305
44,25.30838394165039,,1.0809390544891357,0.025604724884033203
45,25.305496215820312,,1.102989673614502,0.02205061912536621
46,25.3077392578125,,1.12841796875,0.025428295135498047
47,25.23900604248047,,1.1506407260894775,0.02222275733947754
48,25.248165130615234,,1.176081895828247,0.02544116973876953
49,25.213764190673828,,1.1981470584869385,0.022065162658691406
50,25.18256378173828,,1.2238068580627441,0.025659799575805664
51,25.15174102783203,,1.2458751201629639,0.022068262100219727
52,25.173500061035156,,1.2712223529815674,0.025347232818603516
53,25.157520294189453,,1.293196201324463,0.021973848342895508
54,25.105388641357422,,1.3188164234161377,0.025620222091674805
55,25.105981826782227,,1.3482885360717773,0.02947211265563965
56,25.071561813354492,,1.3708808422088623,0.01880621910095215
57,25.04698371887207,,1.3866589069366455,0.015778064727783203
58,25.02913475036621,,1.4185833930969238,0.03192448616027832
59,25.017719268798828,,1.4343180656433105,0.01573467254638672
60,24.992652893066406,,1.4677455425262451,0.017714977264404297
61,24.970096588134766,,1.4836125373840332,0.015866994857788086
62,24.973220825195312,,1.5153779983520508,0.03176546096801758
63,24.981311798095703,,1.5312657356262207,0.015887737274169922
64,24.933448791503906,,1.5631911754608154,0.03192543983459473
65,24.923946380615234,,1.578852653503418,0.01566147804260254
66,24.877613067626953,,1.6105961799621582,0.031743526458740234
67,24.897457122802734,,1.6264219284057617,0.015825748443603516
68,24.806758880615234,,1.6579184532165527,0.031496524810791016
69,24.857566833496094,,1.6736090183258057,0.01569056510925293
70,24.804092407226562,,1.7050817012786865,0.015689849853515625
71,24.790908813476562,,1.7370164394378662,0.03193473815917969
72,24.756521224975586,,1.768826961517334,0.03181052207946777
73,24.751035690307617,,1.7932586669921875,0.024431705474853516
74,24.713741302490234,,1.820357322692871,0.019703388214111328
75,24.719648361206055,,1.8481907844543457,0.02783346176147461
76,24.672344207763672,,1.873140811920166,0.024950027465820312
77,24.68716049194336,,1.8996384143829346,0.019661664962768555
78,24.631000518798828,,1.9272284507751465,0.027590036392211914
79,24.638933181762695,,1.9525494575500488,0.025321006774902344
80,24.620487213134766,,1.9805395603179932,0.021664857864379883
81,24.55237579345703,,2.0066890716552734,0.026149511337280273
82,24.5368709564209,,2.0238521099090576,0.01716303825378418
83,24.519332885742188,,2.054529905319214,0.015726089477539062
84,24.50200080871582,,2.08618426322937,0.03165435791015625
85,24.487110137939453,,2.117783784866333,0.03159952163696289
86,24.466772079467773,,2.1338396072387695,0.016055822372436523
87,24.438425064086914,,2.165419101715088,0.01569199562072754
88,24.42801284790039,,2.1970369815826416,0.03161787986755371
89,24.384624481201172,,2.212966203689575,0.015929222106933594
90,24.36054801940918,,2.2446815967559814,0.015677690505981445
91,24.28186798095703,,2.276254653930664,0.03157305717468262
92,24.257678985595703,,2.307993173599243,0.0317385196685791
93,24.27281379699707,,2.3239686489105225,0.015975475311279297
94,24.240495681762695,,2.355470657348633,0.015694379806518555
95,24.189828872680664,,2.387021541595459,0.03155088424682617
96,24.17597007751465,,2.402994394302368,0.01597285270690918
97,24.109424591064453,,2.4343674182891846,0.015675783157348633
98,24.10445785522461,,2.4661662578582764,0.0317988395690918
99,24.100540161132812,,2.4978554248809814,0.03168916702270508
100,24.102588653564453,0.0,2.5137836933135986,0.015928268432617188
101,24.00953483581543,,2.5451691150665283,0.0157315731048584
102,23.974334716796875,,2.576796293258667,0.03162717819213867
103,23.95244598388672,,2.608520984649658,0.02328181266784668
104,23.929584503173828,,2.6242032051086426,0.015682220458984375
105,23.848663330078125,,2.655588150024414,0.01568126678466797
106,23.814395904541016,,2.687006711959839,0.031418561935424805
107,23.786026000976562,,2.7185988426208496,0.03159213066101074
108,23.781147003173828,,2.7346904277801514,0.016091585159301758
109,23.700210571289062,,2.766266107559204,0.015674829483032227
110,23.63934326171875,,2.799208879470825,0.032942771911621094
111,23.643653869628906,,2.81404709815979,0.014838218688964844
112,23.576709747314453,,2.8454437255859375,0.01572418212890625
113,23.527658462524414,,2.8771207332611084,0.0316770076751709
114,23.491727828979492,,2.908520221710205,0.03139948844909668
115,23.43387222290039,,2.9243006706237793,0.01578044891357422
116,23.406997680664062,,2.9572322368621826,0.01692485809326172
117,23.332862854003906,,2.9874236583709717,0.030191421508789062
118,23.309768676757812,,3.0188100337982178,0.031386375427246094
119,23.282243728637695,,3.034494638442993,0.01568460464477539
120,23.174814224243164,,3.066288948059082,0.015672683715820312
121,23.1510009765625,,3.097651243209839,0.031362295150756836
122,23.115650177001953,,3.1135623455047607,0.015911102294921875
123,23.072021484375,,3.1449363231658936,0.01572275161743164
124,23.044780731201172,,3.176494598388672,0.03155827522277832
125,22.949478149414062,,3.2082550525665283,0.031760454177856445
126,22.85793685913086,,3.225998640060425,0.017743587493896484
127,22.84352684020996,,3.2555580139160156,0.015678882598876953
128,22.792177200317383,,3.287217617034912,0.031659603118896484
129,22.765653610229492,,3.3188483715057373,0.031630754470825195
130,22.69903564453125,,3.3406360149383545,0.021787643432617188
131,22.624452590942383,,3.3681321144104004,0.0274960994720459
132,22.602890014648438,,3.3936586380004883,0.02552652359008789
133,22.51766586303711,,3.4202358722686768,0.02221059799194336
134,22.473464965820312,,3.4467570781707764,0.02652120590209961
135,22.409950256347656,,3.4731714725494385,0.02641439437866211
136,22.282611846923828,,3.499709129333496,0.023185014724731445
137,22.261734008789062,,3.5280301570892334,0.028321027755737305
138,22.238929748535156,,3.5528266429901123,0.024796485900878906
139,22.13081169128418,,3.5794453620910645,0.023807525634765625
140,22.068069458007812,,3.607241153717041,0.027795791625976562
141,21.990331649780273,,3.6347944736480713,0.027553319931030273
142,21.98763656616211,,3.6596739292144775,0.02487945556640625
143,21.91644287109375,,3.6860930919647217,0.019699811935424805
144,21.789875030517578,,3.71360445022583,0.0275113582611084
145,21.74286651611328,,3.739267110824585,0.025662660598754883
146,21.687252044677734,,3.76719331741333,0.021672487258911133
147,21.607200622558594,,3.792280435562134,0.02508711814880371
148,21.61187171936035,,3.818666458129883,0.026386022567749023
149,21.44671058654785,,3.8456015586853027,0.021663665771484375
150,21.443164825439453,,3.8734920024871826,0.027890443801879883
151,21.267526626586914,,3.898373603820801,0.024881601333618164
152,21.24335479736328,,3.924957752227783,0.02177906036376953
153,21.221662521362305,,3.952432870864868,0.02747511863708496
154,21.172435760498047,,3.977971315383911,0.02553844451904297
155,21.07427406311035,,4.006505966186523,0.024233579635620117
156,21.03277587890625,,4.033108472824097,0.026602506637573242
157,20.908967971801758,,4.060337543487549,0.02722907066345215
158,20.8887939453125,,4.087117910385132,0.026780366897583008
159,20.70085906982422,,4.112026691436768,0.01968860626220703
160,20.684797286987305,,4.140235662460327,0.02820897102355957
161,20.607254028320312,,4.165085792541504,0.024850130081176758
162,20.513591766357422,,4.191652536392212,0.01970648765563965
163,20.476577758789062,,4.219319820404053,0.02766728401184082
164,20.377338409423828,,4.245181560516357,0.025861740112304688
165,20.392789840698242,,4.272681951522827,0.021719932556152344
166,20.253620147705078,,4.298074722290039,0.025392770767211914
167,20.18800163269043,,4.324599266052246,0.02652454376220703
168,20.119098663330078,,4.35169529914856,0.020522594451904297
169,20.109413146972656,,4.379422903060913,0.027727603912353516
170,19.943063735961914,,4.404276132583618,0.024853229522705078
171,19.919658660888672,,4.431243896484375,0.021708965301513672
172,19.822250366210938,,4.459118604660034,0.02787470817565918
173,19.71251678466797,,4.483942747116089,0.024824142456054688
174,19.58333969116211,,4.510854244232178,0.021666288375854492
175,19.64841079711914,,4.537594795227051,0.026740550994873047
176,19.45861053466797,,4.563291311264038,0.025696516036987305
177,19.415367126464844,,4.589855194091797,0.02174544334411621
178,19.318496704101562,,4.617420673370361,0.027565479278564453
179,19.25750160217285,,4.642988920211792,0.025568246841430664
180,19.30815887451172,,4.669292211532593,0.02190566062927246
181,19.198890686035156,,4.69689416885376,0.027601957321166992
182,18.965641021728516,,4.7223570346832275,0.025462865829467773
183,19.0040283203125,,4.748819828033447,0.02216958999633789
184,18.91417121887207,,4.77542519569397,0.02660536766052246
185,18.807140350341797,,4.801992416381836,0.02656722068786621
186,18.802230834960938,,4.828467845916748,0.023184776306152344
187,18.66324234008789,,4.856818437576294,0.0283505916595459
188,18.601734161376953,,4.881757974624634,0.024939537048339844
189,18.611549377441406,,4.908189058303833,0.023539066314697266
190,18.486204147338867,,4.935731649398804,0.027542591094970703
191,18.325353622436523,,4.963437795639038,0.027706146240234375
192,18.35403823852539,,4.987755298614502,0.024317502975463867
193,18.289627075195312,,5.01474142074585,0.019664525985717773
194,18.202686309814453,,5.042128324508667,0.027386903762817383
195,18.13420295715332,,5.067819118499756,0.025690793991088867
196,18.01264190673828,,5.095922470092773,0.021806955337524414
197,17.96769905090332,,5.121943473815918,0.02602100372314453
198,17.831825256347656,,5.147545576095581,0.025602102279663086
199,17.808568954467773,,5.1755735874176025,0.021735191345214844
200,17.80576515197754,0.22351819276809692,5.207406044006348,0.03183245658874512
201,17.62492561340332,,5.234076738357544,0.02667069435119629
202,17.56093406677246,,5.260786294937134,0.026709556579589844
203,17.491376876831055,,5.287394762039185,0.023226261138916016
204,17.412612915039062,,5.3156914710998535,0.028296709060668945
205,17.378826141357422,,5.340482950210571,0.024791479110717773
206,17.293642044067383,,5.366992712020874,0.02324533462524414
207,17.22109031677246,,5.393554210662842,0.026561498641967773
208,17.194726943969727,,5.420058250427246,0.026504039764404297
209,17.218029022216797,,5.4464757442474365,0.023152589797973633
210,17.170740127563477,,5.474761247634888,0.028285503387451172
211,17.036434173583984,,5.499742746353149,0.02498149871826172
212,16.997312545776367,,5.526288270950317,0.0237123966217041
213,16.941844940185547,,5.554070234298706,0.027781963348388672
214,16.913177490234375,,5.581698894500732,0.027628660202026367
215,16.73174285888672,,5.606227874755859,0.02324986457824707
216,16.69707489013672,,5.633205413818359,0.019699573516845703
217,16.751487731933594,,5.660990953445435,0.027785539627075195
218,16.541324615478516,,5.686113357543945,0.025122404098510742
219,16.558626174926758,,5.713005304336548,0.020060062408447266
220,16.460166931152344,,5.740960121154785,0.027954816818237305
221,16.42241668701172,,5.765899896621704,0.024939775466918945
222,16.297199249267578,,5.792367935180664,0.01971745491027832
223,16.274600982666016,,5.820070743560791,0.027702808380126953
224,16.121152877807617,,5.845604419708252,0.025533676147460938
225,16.13335418701172,,5.873684406280518,0.021654129028320312
226,16.085906982421875,,5.899636268615723,0.025951862335205078
227,16.051435470581055,,5.925239324569702,0.025603055953979492
228,16.004011154174805,,5.9523303508758545,0.021788597106933594
229,15.921892166137695,,5.980052471160889,0.02772212028503418
230,15.928531646728516,,6.004698991775513,0.024646520614624023
231,15.782753944396973,,6.031310558319092,0.021745681762695312
232,15.72141170501709,,6.058859348297119,0.027548789978027344
233,15.74041748046875,,6.0843024253845215,0.025443077087402344
234,15.559853553771973,,6.1108057498931885,0.022303104400634766
235,15.595651626586914,,6.137270212173462,0.026464462280273438
236,15.538457870483398,,6.163805246353149,0.0265350341796875
237,15.475187301635742,,6.190497636795044,0.023341894149780273
238,15.482336044311523,,6.218595266342163,0.02809762954711914
239,15.437786102294922,,6.243608236312866,0.025012969970703125
240,15.394688606262207,,6.270084381103516,0.023678064346313477
241,15.26361083984375,,6.297624349594116,0.01981353759765625
242,15.251509666442871,,6.3251566886901855,0.027532339096069336
243,15.162322998046875,,6.349786758422852,0.024630069732666016
244,15.127909660339355,,6.37636923789978,0.019783496856689453
245,15.059821128845215,,6.404054403305054,0.027685165405273438
246,15.059775352478027,,6.429678678512573,0.02562427520751953
247,14.978137016296387,,6.457618713378906,0.021664142608642578
248,14.963556289672852,,6.482965469360352,0.025346755981445312
249,14.895830154418945,,6.512244462966919,0.029278993606567383
250,14.86424732208252,,6.539179801940918,0.02448415756225586
251,14.684516906738281,,6.566141128540039,0.026961326599121094
252,14.768226623535156,,6.593339204788208,0.027198076248168945
253,14.717533111572266,,6.618104696273804,0.024765491485595703
254,14.696372985839844,,6.64533257484436,0.019924640655517578
255,14.607712745666504,,6.6730732917785645,0.0277407169342041
256,14.582368850708008,,6.697565317153931,0.02449202537536621
257,14.571294784545898,,6.724325895309448,0.019835948944091797
258,14.50139045715332,,6.752407789230347,0.028081893920898438
259,14.465022087097168,,6.7772674560546875,0.02485966682434082
260,14.337553024291992,,6.803708791732788,0.019650697708129883
261,14.3270263671875,,6.8323047161102295,0.028595924377441406
262,14.341329574584961,,6.856870651245117,0.024565935134887695
263,14.308157920837402,,6.884962320327759,0.021724939346313477
264,14.284632682800293,,6.910170555114746,0.025208234786987305
265,14.14966106414795,,6.93688440322876,0.026713848114013672
266,14.179210662841797,,6.96390962600708,0.02170395851135254
267,14.07657527923584,,6.9915382862091064,0.027628660202026367
268,14.00289535522461,,7.016833543777466,0.025295257568359375
269,14.002915382385254,,7.043138027191162,0.02200031280517578
270,13.971139907836914,,7.070209741592407,0.027071714401245117
271,13.946571350097656,,7.0968568325042725,0.026647090911865234
272,13.87512493133545,,7.123433351516724,0.023046493530273438
273,13.911620140075684,,7.1498658657073975,0.026432514190673828
274,13.84182071685791,,7.173250436782837,0.023384571075439453
275,13.792522430419922,,7.195356607437134,0.01567840576171875
276,13.841375350952148,,7.227156400680542,0.0317997932434082
277,13.682374954223633,,7.2547767162323,0.027620315551757812
278,13.70982551574707,,7.280422925949097,0.02124333381652832
279,13.601901054382324,,7.302608966827393,0.016696453094482422
280,13.651914596557617,,7.326644420623779,0.019819259643554688
281,13.671228408813477,,7.350170850753784,0.023526430130004883
282,13.533066749572754,,7.374648332595825,0.020114898681640625
283,13.536588668823242,,7.398095607757568,0.023447275161743164
284,13.396356582641602,,7.422547817230225,0.020075321197509766
285,13.512660026550293,,7.445895433425903,0.02334761619567871
286,13.433786392211914,,7.469622850418091,0.01946091651916504
287,13.356168746948242,,7.493727207183838,0.02410435676574707
288,13.368392944335938,,7.519162893295288,0.021674394607543945
289,13.310906410217285,,7.541678428649902,0.022515535354614258
290,13.259817123413086,,7.566946506500244,0.021781444549560547
291,13.222261428833008,,7.589760780334473,0.022814273834228516
292,13.25588607788086,,7.6145179271698,0.02075815200805664
293,13.153558731079102,,7.637611150741577,0.023093223571777344
294,13.145734786987305,,7.662020683288574,0.021655797958374023
295,13.08434009552002,,7.687644004821777,0.025623321533203125
296,13.179471969604492,,7.709508657455444,0.021864652633666992
297,13.069162368774414,,7.7352378368377686,0.02572917938232422
298,13.03475570678711,,7.757504940032959,0.02226710319519043
299,12.995697021484375,,7.783011436462402,0.02550649642944336
300,12.981525421142578,0.5190735340118409,7.808303117752075,0.02529168128967285
301,12.943644523620605,,7.832280397415161,0.017266511917114258
302,12.934996604919434,,7.856385707855225,0.024105310440063477
303,12.827628135681152,,7.882211446762085,0.01996326446533203
304,12.79842472076416,,7.904642820358276,0.022431373596191406
305,12.868054389953613,,7.930380582809448,0.0199737548828125
306,12.792137145996094,,7.952746868133545,0.02236628532409668
307,12.731008529663086,,7.977825880050659,0.01970648765563965
308,12.76078987121582,,8.00076961517334,0.022943735122680664
309,12.679558753967285,,8.024744272232056,0.01918506622314453
310,12.669869422912598,,8.048778057098389,0.024033784866333008
311,12.70588207244873,,8.073726892471313,0.021168231964111328
312,12.613655090332031,,8.096661567687988,0.022934675216674805
313,12.643672943115234,,8.122024297714233,0.02187824249267578
314,12.5422945022583,,8.144642353057861,0.02261805534362793
315,12.575920104980469,,8.16978931427002,0.021887779235839844
316,12.554515838623047,,8.192372798919678,0.022583484649658203
317,12.545310974121094,,8.217617988586426,0.02179098129272461
318,12.480203628540039,,8.242393016815186,0.024775028228759766
319,12.428010940551758,,8.265330791473389,0.02190256118774414
320,12.48921012878418,,8.288599729537964,0.023268938064575195
321,12.428234100341797,,8.31322193145752,0.021886587142944336
322,12.34627914428711,,8.338755130767822,0.025533199310302734
323,12.36937427520752,,8.37032699584961,0.03157186508178711
324,12.312829971313477,,8.386051893234253,0.015724897384643555
325,12.282540321350098,,8.417558670043945,0.01571798324584961
326,12.26038932800293,,8.449441909790039,0.03188323974609375
327,12.26276969909668,,8.46534252166748,0.015900611877441406
328,12.232843399047852,,8.496707439422607,0.015692472457885742
329,12.177433013916016,,8.528178215026855,0.03147077560424805
330,12.18535041809082,,8.559931516647339,0.0317533016204834
331,12.147212028503418,,8.575892210006714,0.015960693359375
332,12.117454528808594,,8.607589483261108,0.01568436622619629
333,12.10554313659668,,8.639340162277222,0.03175067901611328
334,12.102449417114258,,8.655179738998413,0.015839576721191406
335,12.071125030517578,,8.686534643173218,0.01569342613220215
336,12.097198486328125,,8.71796989440918,0.031435251235961914
337,12.000486373901367,,8.749456405639648,0.03148651123046875
338,11.971145629882812,,8.765519857406616,0.016063451766967773
339,11.971585273742676,,8.797305583953857,0.015718460083007812
340,11.902685165405273,,8.82898736000061,0.03168177604675293
341,11.85409164428711,,8.860424041748047,0.03143668174743652
342,11.944465637207031,,8.876101732254028,0.015677690505981445
343,11.888470649719238,,8.90753173828125,0.015672683715820312
344,11.843170166015625,,8.939344644546509,0.03181290626525879
345,11.82291030883789,,8.955142736434937,0.015798091888427734
346,11.856351852416992,,8.986487627029419,0.015694379806518555
347,11.810333251953125,,9.019034147262573,0.0325465202331543
348,11.761246681213379,,9.03356385231018,0.014529705047607422
349,11.82026195526123,,9.064910650253296,0.015691757202148438
350,11.787969589233398,,9.096532583236694,0.03162193298339844
351,11.722420692443848,,9.112167119979858,0.015634536743164062
352,11.698080062866211,,9.143779754638672,0.015668630599975586
353,11.683828353881836,,9.175084829330444,0.03130507469177246
354,11.609566688537598,,9.190783262252808,0.01569843292236328
355,11.67847728729248,,9.22210144996643,0.03131818771362305
356,11.567732810974121,,9.237756490707397,0.015655040740966797
357,11.599641799926758,,9.269073009490967,0.01565098762512207
358,11.578995704650879,,9.300371170043945,0.031298160552978516
359,11.555749893188477,,9.31606411933899,0.015692949295043945
360,11.563514709472656,,9.347375631332397,0.01566457748413086
361,11.5072021484375,,9.3787682056427,0.031392574310302734
362,11.524923324584961,,9.39442229270935,0.01565408706665039
363,11.452059745788574,,9.42578387260437,0.03136157989501953
364,11.422592163085938,,9.441487550735474,0.015703678131103516
365,11.455816268920898,,9.472885847091675,0.015732765197753906
366,11.471258163452148,,9.50424337387085,0.031357526779174805
367,11.420077323913574,,9.519955158233643,0.01571178436279297
368,11.412849426269531,,9.55134892463684,0.015661239624023438
369,11.362950325012207,,9.58267593383789,0.031327009201049805
370,11.318882942199707,,9.598328113555908,0.015652179718017578
371,11.30234146118164,,9.629669189453125,0.0313410758972168
372,11.333653450012207,,9.645374774932861,0.015705585479736328
373,11.368410110473633,,9.676981925964355,0.015958309173583984
374,11.285630226135254,,9.708402156829834,0.031420230865478516
375,11.32286262512207,,9.724061489105225,0.015659332275390625
376,11.254020690917969,,9.755401849746704,0.015663862228393555
377,11.227240562438965,,9.786725282669067,0.03132343292236328
378,11.253198623657227,,9.802588939666748,0.015863656997680664
379,11.222082138061523,,9.834001541137695,0.015743017196655273
380,11.170572280883789,,9.849705457687378,0.015703916549682617
381,11.134063720703125,,9.881017923355103,0.015665292739868164
382,11.10348892211914,,9.912374496459961,0.0313565731048584
383,11.088223457336426,,9.928064107894897,0.015689611434936523
384,11.07882022857666,,9.959430694580078,0.0156552791595459
385,11.082940101623535,,9.990785837173462,0.03135514259338379
386,11.11075496673584,,10.006487131118774,0.0157012939453125
387,11.055283546447754,,10.037959098815918,0.015819787979125977
388,10.98980712890625,,10.053648948669434,0.015689849853515625
389,11.043560981750488,,10.084973812103271,0.01566004753112793
390,11.022317886352539,,10.116326332092285,0.03135251998901367
391,10.955994606018066,,10.132019758224487,0.01569342613220215
392,10.969305038452148,,10.163333177566528,0.015645742416381836
393,10.93545913696289,,10.194731950759888,0.031398773193359375
394,10.941718101501465,,10.210426807403564,0.015694856643676758
395,10.990111351013184,,10.24176549911499,0.01569342613220215
396,10.890073776245117,,10.257502317428589,0.015736818313598633
397,10.88945198059082,,10.288858890533447,0.01564955711364746
398,10.897945404052734,,10.320165872573853,0.03130698204040527
399,10.860298156738281,,10.335864782333374,0.015698909759521484
400,10.825101852416992,0.6148566246032715,10.367196798324585,0.015680789947509766
401,10.841665267944336,,10.398835182189941,0.015720129013061523
402,10.762476921081543,,10.414479732513428,0.015644550323486328
403,10.766143798828125,,10.445810317993164,0.01566600799560547
404,10.759093284606934,,10.477154731750488,0.03134441375732422
405,10.729310989379883,,10.492822408676147,0.01566767692565918
406,10.748069763183594,,10.524138927459717,0.01564931869506836
407,10.716266632080078,,10.555635929107666,0.03149700164794922
408,10.722938537597656,,10.571335554122925,0.01569962501525879
409,10.641803741455078,,10.602643966674805,0.015664339065551758
410,10.74303913116455,,10.618287801742554,0.015643835067749023
411,10.704200744628906,,10.649635553359985,0.01565265655517578
412,10.689531326293945,,10.681049585342407,0.031414031982421875
413,10.614179611206055,,10.696743965148926,0.015694379806518555
414,10.650559425354004,,10.728051662445068,0.015659809112548828
415,10.624502182006836,,10.759574890136719,0.03152322769165039
416,10.612317085266113,,10.77547574043274,0.015900850296020508
417,10.567346572875977,,10.806835174560547,0.03135943412780762
418,10.568607330322266,,10.8224937915802,0.01565861701965332
419,10.557708740234375,,10.853935241699219,0.01564812660217285
420,10.5470609664917,,10.885446071624756,0.03151082992553711
421,10.500456809997559,,10.901114225387573,0.015668153762817383
422,10.527286529541016,,10.932433366775513,0.015670061111450195
423,10.468585014343262,,10.963787317276001,0.03135395050048828
424,10.426523208618164,,10.979430913925171,0.015643596649169922
425,10.459556579589844,,11.011255502700806,0.031824588775634766
426,10.421528816223145,,11.034581184387207,0.023325681686401367
427,10.45108699798584,,11.058483362197876,0.023902177810668945
428,10.403980255126953,,11.082478284835815,0.023994922637939453
429,10.376053810119629,,11.106172800064087,0.023694515228271484
430,10.434885025024414,,11.130245208740234,0.02407240867614746
431,10.40758228302002,,11.153797388076782,0.02355217933654785
432,10.354455947875977,,11.169804811477661,0.016007423400878906
433,10.348657608032227,,11.201530933380127,0.01594853401184082
434,10.33875846862793,,11.233553409576416,0.03202247619628906
435,10.318428039550781,,11.265039205551147,0.031485795974731445
436,10.347502708435059,,11.2808198928833,0.01578068733215332
437,10.335432052612305,,11.312581300735474,0.015646696090698242
438,10.29487419128418,,11.345436811447144,0.03285551071166992
439,10.304036140441895,,11.360254526138306,0.01481771469116211
440,10.28288745880127,,11.391811847686768,0.015674352645874023
441,10.272078514099121,,11.423277854919434,0.031466007232666016
442,10.257081031799316,,11.454692602157593,0.03141474723815918
443,10.240580558776855,,11.470547437667847,0.015854835510253906
444,10.214140892028809,,11.501814126968384,0.015631437301635742
445,10.217195510864258,,11.533331394195557,0.03151726722717285
446,10.203621864318848,,11.564958333969116,0.03162693977355957
447,10.177589416503906,,11.580748081207275,0.01578974723815918
448,10.18424129486084,,11.612157106399536,0.015631437301635742
449,10.17846393585205,,11.643503665924072,0.03134655952453613
450,10.176322937011719,,11.659233808517456,0.01573014259338379
451,10.068593978881836,,11.690865755081177,0.01566028594970703
452,10.096681594848633,,11.722355365753174,0.03148961067199707
453,10.090127944946289,,11.754141807556152,0.031786441802978516
454,10.054670333862305,,11.770083665847778,0.015941858291625977
455,10.102279663085938,,11.801355838775635,0.015638113021850586
456,10.103391647338867,,11.833372592926025,0.032016754150390625
457,10.008553504943848,,11.849453926086426,0.01608133316040039
458,10.0390625,,11.88084602355957,0.015656709671020508
459,10.002185821533203,,11.912519693374634,0.03167366981506348
460,10.052056312561035,,11.944390535354614,0.03187084197998047
461,10.047728538513184,,11.960182189941406,0.011024713516235352
462,9.9923677444458,,11.991305828094482,0.017560482025146484
463,9.987693786621094,,12.007412910461426,0.009261131286621094
464,9.96945571899414,,12.039230346679688,0.017117977142333984
465,9.972875595092773,,12.065649509429932,0.0194246768951416
466,9.948141098022461,,12.086612462997437,0.015742063522338867
467,9.984620094299316,,12.11844539642334,0.03183293342590332
468,9.965432167053223,,12.134474039077759,0.016028642654418945
469,9.912656784057617,,12.166162014007568,0.0158383846282959
470,9.956714630126953,,12.197831630706787,0.03166961669921875
471,9.945272445678711,,12.213767290115356,0.015935659408569336
472,9.867487907409668,,12.245232343673706,0.015777587890625
473,9.93348503112793,,12.27672815322876,0.03149580955505371
474,9.884822845458984,,12.301197290420532,0.01702284812927246
475,9.836331367492676,,12.325356006622314,0.017705202102661133
476,9.77855110168457,,12.349487066268921,0.024131059646606445
477,9.762407302856445,,12.374584197998047,0.019669771194458008
478,9.850996017456055,,12.39758825302124,0.02300405502319336
479,9.762447357177734,,12.422444343566895,0.019968509674072266
480,9.765482902526855,,12.44541049003601,0.02296614646911621
481,9.787388801574707,,12.470209836959839,0.020059585571289062
482,9.779212951660156,,12.493097066879272,0.022887229919433594
483,9.75391960144043,,12.517095804214478,0.018079280853271484
484,9.71168041229248,,12.541117668151855,0.02402186393737793
485,9.740621566772461,,12.566659212112427,0.022007226943969727
486,9.761106491088867,,12.588907718658447,0.022248506546020508
487,9.730628967285156,,12.612366437911987,0.019871234893798828
488,9.71389102935791,,12.636525392532349,0.024158954620361328
489,9.703302383422852,,12.662033081054688,0.021728515625
490,9.73269271850586,,12.68433403968811,0.02230095863342285
491,9.666696548461914,,12.708977937698364,0.021140098571777344
492,9.649198532104492,,12.732303142547607,0.023325204849243164
493,9.717220306396484,,12.75734281539917,0.021708250045776367
494,9.672525405883789,,12.780029535293579,0.02268671989440918
495,9.67267894744873,,12.805259704589844,0.021698951721191406
496,9.686594009399414,,12.827658414840698,0.022398710250854492
497,9.603189468383789,,12.852934122085571,0.021715402603149414
498,9.595403671264648,,12.875746011734009,0.0228118896484375
499,9.547889709472656,,12.900736570358276,0.021709442138671875
500,9.602901458740234,0.7123206973075866,12.92636752128601,0.025630950927734375
501,9.573123931884766,,12.950116395950317,0.02374887466430664
502,9.547107696533203,,12.975955247879028,0.025838851928710938
503,9.571250915527344,,12.998079061508179,0.02212381362915039
504,9.534544944763184,,13.023777961730957,0.018016338348388672
505,9.489971160888672,,13.046049118041992,0.022271156311035156
506,9.49945068359375,,13.071439743041992,0.018001317977905273
507,9.50002384185791,,13.093743324279785,0.02230358123779297
508,9.487540245056152,,13.118789672851562,0.0176846981048584
509,9.484806060791016,,13.144031763076782,0.025242090225219727
510,9.4852294921875,,13.168116569519043,0.019509315490722656
511,9.424150466918945,,13.192599773406982,0.024483203887939453
512,9.500874519348145,,13.216145038604736,0.019926071166992188
513,9.419652938842773,,13.241693496704102,0.025548458099365234
514,9.4232177734375,,13.265812397003174,0.021488189697265625
515,9.404914855957031,,13.290415525436401,0.02460312843322754
516,9.432199478149414,,13.31331181526184,0.021861791610717773
517,9.445184707641602,,13.336546421051025,0.02323460578918457
518,9.382955551147461,,13.361075401306152,0.02178668975830078
519,9.375783920288086,,13.386925220489502,0.02584981918334961
520,9.38116455078125,,13.408491849899292,0.02156662940979004
521,9.346762657165527,,13.43454122543335,0.026049375534057617
522,9.349018096923828,,13.456336259841919,0.021795034408569336
523,9.366868019104004,,13.481900453567505,0.025564193725585938
524,9.32234001159668,,13.50419545173645,0.022294998168945312
525,9.332429885864258,,13.529484033584595,0.02528858184814453
526,9.291321754455566,,13.55205512046814,0.022571086883544922
527,9.329824447631836,,13.577407598495483,0.02535247802734375
528,9.302810668945312,,13.599688291549683,0.02228069305419922
529,9.294469833374023,,13.62505030632019,0.025362014770507812
530,9.250890731811523,,13.647606134414673,0.022555828094482422
531,9.24726676940918,,13.672605037689209,0.024998903274536133
532,9.219980239868164,,13.695576667785645,0.022971630096435547
533,9.231115341186523,,13.720492362976074,0.024915695190429688
534,9.22752571105957,,13.743271112442017,0.022778749465942383
535,9.20145034790039,,13.768245220184326,0.02497410774230957
536,9.199928283691406,,13.791281461715698,0.02303624153137207
537,9.219966888427734,,13.816153049468994,0.0248715877532959
538,9.241083145141602,,13.838973045349121,0.022819995880126953
539,9.148538589477539,,13.86428689956665,0.025313854217529297
540,9.20378303527832,,13.886841773986816,0.022554874420166016
541,9.225545883178711,,13.912391424179077,0.025549650192260742
542,9.129618644714355,,13.934714794158936,0.0223233699798584
543,9.153848648071289,,13.960326194763184,0.025611400604248047
544,9.122934341430664,,13.982681512832642,0.022355318069458008
545,9.164155006408691,,14.008394718170166,0.025713205337524414
546,9.099746704101562,,14.030622959136963,0.022228240966796875
547,9.131478309631348,,14.056252717971802,0.025629758834838867
548,9.114164352416992,,14.078284740447998,0.02203202247619629
549,9.050725936889648,,14.104042768478394,0.025758028030395508
550,9.113175392150879,,14.126085996627808,0.022043228149414062
551,9.104275703430176,,14.151710748672485,0.017896175384521484
552,9.047172546386719,,14.17395305633545,0.022242307662963867
553,9.024861335754395,,14.198961019515991,0.017713308334350586
554,9.054437637329102,,14.22172498703003,0.022763967514038086
555,9.025629043579102,,14.246596097946167,0.01808333396911621
556,9.024625778198242,,14.269628524780273,0.023032426834106445
557,9.01791000366211,,14.293593883514404,0.017186880111694336
558,9.026878356933594,,14.317442417144775,0.023848533630371094
559,8.988483428955078,,14.343137741088867,0.019972801208496094
560,9.02173900604248,,14.365331172943115,0.022193431854248047
561,8.956884384155273,,14.391068458557129,0.01992344856262207
562,8.971451759338379,,14.413153886795044,0.02208542823791504
563,8.920724868774414,,14.438859462738037,0.019960641860961914
564,8.931375503540039,,14.461056470870972,0.02219700813293457
565,8.937305450439453,,14.48660683631897,0.01973724365234375
566,8.937519073486328,,14.508821725845337,0.022214889526367188
567,8.913063049316406,,14.53386926651001,0.019823551177978516
568,8.885454177856445,,14.556918382644653,0.023049116134643555
569,8.905773162841797,,14.5817289352417,0.02000141143798828
570,8.918294906616211,,14.604626178741455,0.02289724349975586
571,8.878942489624023,,14.629090309143066,0.019651412963867188
572,8.834589004516602,,14.652700185775757,0.02360987663269043
573,8.87201976776123,,14.67664361000061,0.019729137420654297
574,8.912153244018555,,14.700315237045288,0.023671627044677734
575,8.878859519958496,,14.725950479507446,0.02182793617248535
576,8.817627906799316,,14.748214721679688,0.02226424217224121
577,8.820367813110352,,14.773572206497192,0.021692991256713867
578,8.848977088928223,,14.795830249786377,0.02225804328918457
579,8.784305572509766,,14.820966720581055,0.021665334701538086
580,8.794309616088867,,14.843752384185791,0.022785663604736328
581,8.836543083190918,,14.86812973022461,0.021673917770385742
582,8.800027847290039,,14.893690586090088,0.025560855865478516
583,8.758611679077148,,14.915403127670288,0.021712541580200195
584,8.769591331481934,,14.940990686416626,0.02558755874633789
585,8.797018051147461,,14.96312689781189,0.022136211395263672
586,8.748743057250977,,14.988210678100586,0.02508378028869629
587,8.743881225585938,,15.011332988739014,0.023122310638427734
588,8.739644050598145,,15.035380363464355,0.024047374725341797
589,8.703057289123535,,15.059343338012695,0.023962974548339844
590,8.755590438842773,,15.085027694702148,0.017893552780151367
591,8.697550773620605,,15.107275485992432,0.022247791290283203
592,8.705188751220703,,15.132704496383667,0.018114089965820312
593,8.737995147705078,,15.155009269714355,0.022304773330688477
594,8.667325973510742,,15.179987907409668,0.01772165298461914
595,8.685405731201172,,15.202821731567383,0.022833824157714844
596,8.687864303588867,,15.228089094161987,0.01804184913635254
597,8.674718856811523,,15.250315189361572,0.02222609519958496
598,8.698629379272461,,15.275620460510254,0.018046855926513672
599,8.666744232177734,,15.298110723495483,0.022490262985229492
600,8.639686584472656,0.7709080576896667,15.326914548873901,0.021544456481933594
601,8.663284301757812,,15.352960109710693,0.026045560836791992
602,8.680898666381836,,15.378894090652466,0.02593398094177246
603,8.627748489379883,,15.408625841140747,0.023730039596557617
604,8.661116600036621,,15.432303190231323,0.023677349090576172
605,8.570746421813965,,15.454500436782837,0.022197246551513672
606,8.566381454467773,,15.479849338531494,0.025348901748657227
607,8.633010864257812,,15.5021390914917,0.022289752960205078
608,8.569404602050781,,15.527712106704712,0.025573015213012695
609,8.577138900756836,,15.542961359024048,0.009758710861206055
610,8.583816528320312,,15.574729442596436,0.01782703399658203
611,8.555536270141602,,15.597523927688599,0.01670980453491211
612,8.538534164428711,,15.622495412826538,0.024971485137939453
613,8.552265167236328,,15.645312309265137,0.022816896438598633
614,8.546525955200195,,15.670193910598755,0.024881601333618164
615,8.531676292419434,,15.693208694458008,0.02301478385925293
616,8.490991592407227,,15.71724796295166,0.024039268493652344
617,8.51835823059082,,15.741063117980957,0.023815155029296875
618,8.4913330078125,,15.766594886779785,0.025531768798828125
619,8.509269714355469,,15.788640975952148,0.02204608917236328
620,8.49985122680664,,15.81420612335205,0.025565147399902344
621,8.461198806762695,,15.836442947387695,0.02223682403564453
622,8.43902587890625,,15.862238883972168,0.025795936584472656
623,8.462869644165039,,15.884251832962036,0.022012948989868164
624,8.470141410827637,,15.909915208816528,0.025663375854492188
625,8.420169830322266,,15.932113647460938,0.02219843864440918
626,8.45628833770752,,15.957735300064087,0.025621652603149414
627,8.395880699157715,,15.979964971542358,0.022229671478271484
628,8.400284767150879,,16.00562834739685,0.025663375854492188
629,8.43343448638916,,16.027755737304688,0.022127389907836914
630,8.418174743652344,,16.053278923034668,0.01787877082824707
631,8.383503913879395,,16.075556993484497,0.0222780704498291
632,8.371526718139648,,16.10136580467224,0.02580881118774414
633,8.379278182983398,,16.123359441757202,0.021993637084960938
634,8.392221450805664,,16.147292375564575,0.023932933807373047
635,8.33825969696045,,16.171262741088867,0.023970365524291992
636,8.364663124084473,,16.196796894073486,0.02553415298461914
637,8.31687068939209,,16.21902561187744,0.022228717803955078
638,8.386152267456055,,16.24454402923584,0.025518417358398438
639,8.298643112182617,,16.2667293548584,0.022185325622558594
640,8.30112075805664,,16.292205810546875,0.025476455688476562
641,8.305593490600586,,16.31435489654541,0.022149085998535156
642,8.322774887084961,,16.339659214019775,0.01802825927734375
643,8.262205123901367,,16.362122297286987,0.022463083267211914
644,8.29409408569336,,16.387365102767944,0.018006324768066406
645,8.284067153930664,,16.409603595733643,0.022238492965698242
646,8.306282997131348,,16.434895753860474,0.018019437789916992
647,8.279434204101562,,16.457222938537598,0.022327184677124023
648,8.2890043258667,,16.48251175880432,0.01799774169921875
649,8.29102897644043,,16.504750728607178,0.022238969802856445
650,8.234060287475586,,16.52971625328064,0.017723560333251953
651,8.299046516418457,,16.55242156982422,0.0227053165435791
652,8.271127700805664,,16.57766032218933,0.018016338348388672
653,8.244502067565918,,16.600077152252197,0.02241683006286621
654,8.198960304260254,,16.62509036064148,0.017698287963867188
655,8.279848098754883,,16.647948026657104,0.022857666015625
656,8.190607070922852,,16.672956943511963,0.018262624740600586
657,8.211400032043457,,16.69570255279541,0.022745609283447266
658,8.236644744873047,,16.721210956573486,0.019726037979125977
659,8.203275680541992,,16.743379592895508,0.022168636322021484
660,8.185067176818848,,16.768989324569702,0.019965648651123047
661,8.169936180114746,,16.791295528411865,0.022306203842163086
662,8.142740249633789,,16.816187620162964,0.019646644592285156
663,8.16684627532959,,16.8390109539032,0.022823333740234375
664,8.13756275177002,,16.86300230026245,0.017846345901489258
665,8.152694702148438,,16.886873722076416,0.023871421813964844
666,8.1539945602417,,16.912269353866577,0.02172708511352539
667,8.163705825805664,,16.934383153915405,0.022113800048828125
668,8.104032516479492,,16.958101272583008,0.019985198974609375
669,8.115409851074219,,16.98206090927124,0.023959636688232422
670,8.109806060791016,,17.00752902030945,0.021682262420654297
671,8.09544849395752,,17.030110597610474,0.02258157730102539
672,8.105550765991211,,17.05463457107544,0.021204233169555664
673,8.06794548034668,,17.078054189682007,0.023419618606567383
674,8.089614868164062,,17.102978229522705,0.021731853485107422
675,8.086344718933105,,17.12568688392639,0.022708654403686523
676,8.079756736755371,,17.15113663673401,0.02195572853088379
677,8.12846851348877,,17.173325538635254,0.022188901901245117
678,8.105367660522461,,17.19851803779602,0.021664142608642578
679,8.020160675048828,,17.22115421295166,0.02263617515563965
680,8.021919250488281,,17.246203899383545,0.021666288375854492
681,8.02985954284668,,17.270789861679077,0.024585962295532227
682,8.005093574523926,,17.294034004211426,0.021708011627197266
683,8.013724327087402,,17.316970109939575,0.022936105728149414
684,8.047237396240234,,17.341611862182617,0.02182483673095703
685,8.040743827819824,,17.364720582962036,0.023108720779418945
686,8.00085163116455,,17.38924813270569,0.02166581153869629
687,8.022225379943848,,17.414879083633423,0.025630950927734375
688,8.003229141235352,,17.436583757400513,0.021704673767089844
689,7.991497039794922,,17.462296962738037,0.025713205337524414
690,7.964240550994873,,17.48420786857605,0.021910905838012695
691,7.930273056030273,,17.50998830795288,0.025780439376831055
692,7.943046569824219,,17.53197717666626,0.021988868713378906
693,7.952225208282471,,17.557491540908813,0.02551436424255371
694,7.995123863220215,,17.57950210571289,0.02201056480407715
695,7.975100517272949,,17.60537362098694,0.02587151527404785
696,7.885581016540527,,17.620896577835083,0.015014886856079102
697,7.946284770965576,,17.652482271194458,0.015717744827270508
698,7.946737766265869,,17.683950662612915,0.03146839141845703
699,7.911174774169922,,17.69964289665222,0.01569223403930664
700,7.908971309661865,0.8009059190750122,17.730972290039062,0.01566004753112793
701,7.859960556030273,,17.762670516967773,0.015676259994506836
702,7.927080154418945,,17.794280290603638,0.03160977363586426
703,7.916346549987793,,17.825807571411133,0.03152728080749512
704,7.870931625366211,,17.841535329818726,0.015727758407592773
705,7.912857532501221,,17.873252153396606,0.01567220687866211
706,7.863745212554932,,17.90485119819641,0.03159904479980469
707,7.9167938232421875,,17.92065930366516,0.01580810546875
708,7.890763759613037,,17.952296257019043,0.015689849853515625
709,7.853835105895996,,17.983662605285645,0.03136634826660156
710,7.838271617889404,,18.015416145324707,0.0317535400390625
711,7.85642671585083,,18.031267404556274,0.015851259231567383
712,7.857494354248047,,18.062730073928833,0.031462669372558594
713,7.791319370269775,,18.094165086746216,0.03143501281738281
714,7.834678649902344,,18.110092639923096,0.015927553176879883
715,7.834244728088379,,18.141674518585205,0.01567673683166504
716,7.772857666015625,,18.173217058181763,0.03154253959655762
717,7.806393623352051,,18.18922758102417,0.016010522842407227
718,7.816803455352783,,18.220580577850342,0.015699148178100586
719,7.799509525299072,,18.252038717269897,0.015725135803222656
720,7.777887344360352,,18.283560514450073,0.03152179718017578
721,7.779556751251221,,18.29936909675598,0.015808582305908203
722,7.757112503051758,,18.33078932762146,0.015676259994506836
723,7.74862003326416,,18.362539768218994,0.03175044059753418
724,7.753050804138184,,18.378661394119263,0.016121625900268555
725,7.7675461769104,,18.410041332244873,0.015729188919067383
726,7.750580787658691,,18.441827297210693,0.03178596496582031
727,7.769465446472168,,18.473533868789673,0.03170657157897949
728,7.746646881103516,,18.489240884780884,0.015707015991210938
729,7.717936992645264,,18.52105474472046,0.015719890594482422
730,7.675586700439453,,18.552791833877563,0.03173708915710449
731,7.724911689758301,,18.568751573562622,0.015959739685058594
732,7.748824596405029,,18.600136280059814,0.0156862735748291
733,7.680857181549072,,18.631660223007202,0.031523942947387695
734,7.704708576202393,,18.66326665878296,0.031606435775756836
735,7.677539825439453,,18.678967237472534,0.015700578689575195
736,7.664100170135498,,18.710662126541138,0.01568126678466797
737,7.709582328796387,,18.74266004562378,0.0319979190826416
738,7.692149639129639,,18.75869107246399,0.01603102684020996
739,7.649825096130371,,18.790026426315308,0.015686988830566406
740,7.674626350402832,,18.82178258895874,0.03175616264343262
741,7.6633710861206055,,18.8533718585968,0.03158926963806152
742,7.678345680236816,,18.869264125823975,0.01589226722717285
743,7.658441066741943,,18.900699853897095,0.015674829483032227
744,7.658364295959473,,18.932418823242188,0.03171896934509277
745,7.617600917816162,,18.948105812072754,0.015686988830566406
746,7.629805088043213,,18.979439973831177,0.015688180923461914
747,7.609311103820801,,19.010830640792847,0.03139066696166992
748,7.587681293487549,,19.04271960258484,0.03188896179199219
749,7.599403381347656,,19.058730602264404,0.01601099967956543
750,7.635765075683594,,19.090200901031494,0.01569080352783203
751,7.610757827758789,,19.121671199798584,0.031470298767089844
752,7.585760116577148,,19.137506246566772,0.015835046768188477
753,7.592174530029297,,19.168846607208252,0.015677690505981445
754,7.5703125,,19.200223445892334,0.03137683868408203
755,7.594745635986328,,19.23161554336548,0.03139209747314453
756,7.55744743347168,,19.247313261032104,0.015697717666625977
757,7.5641937255859375,,19.278661251068115,0.015689611434936523
758,7.5360283851623535,,19.31004548072815,0.03138422966003418
759,7.572412014007568,,19.32611632347107,0.016070842742919922
760,7.588799476623535,,19.357465267181396,0.015694379806518555
761,7.573101997375488,,19.38901948928833,0.031554222106933594
762,7.573844909667969,,19.4203839302063,0.03136444091796875
763,7.532220363616943,,19.436327695846558,0.01594376564025879
764,7.5515899658203125,,19.46848177909851,0.016062259674072266
765,7.496994972229004,,19.500033617019653,0.03155183792114258
766,7.518013000488281,,19.515695810317993,0.015662193298339844
767,7.516478538513184,,19.54704236984253,0.01569652557373047
768,7.522937774658203,,19.57880687713623,0.03176450729370117
769,7.52003812789917,,19.610592126846313,0.03178524971008301
770,7.516505241394043,,19.626312017440796,0.015719890594482422
771,7.490873336791992,,19.657877683639526,0.01567697525024414
772,7.481287479400635,,19.6895694732666,0.031691789627075195
773,7.501405239105225,,19.705660581588745,0.016091108322143555
774,7.503499507904053,,19.737104654312134,0.01579141616821289
775,7.451386451721191,,19.76863956451416,0.03153491020202637
776,7.457667350769043,,19.800302028656006,0.0316624641418457
777,7.4972639083862305,,19.823381423950195,0.023079395294189453
778,7.468632698059082,,19.847747325897217,0.024365901947021484
779,7.4123101234436035,,19.871352195739746,0.023604869842529297
780,7.454398155212402,,19.894575834274292,0.017734050750732422
781,7.42887544631958,,19.91042971611023,0.009761810302734375
782,7.4132819175720215,,19.94205904006958,0.017540693283081055
783,7.438483715057373,,19.964709043502808,0.016689777374267578
784,7.425570487976074,,19.989492177963257,0.02478313446044922
785,7.403682708740234,,20.012447357177734,0.02295517921447754
786,7.402586460113525,,20.03646945953369,0.02402210235595703
787,7.429359436035156,,20.063095808029175,0.0266263484954834
788,7.374804496765137,,20.09005379676819,0.021654605865478516
789,7.357821464538574,,20.11785626411438,0.027802467346191406
790,7.3802924156188965,,20.14245581626892,0.024599552154541016
791,7.367926120758057,,20.169387817382812,0.02166438102722168
792,7.3740434646606445,,20.194886207580566,0.025498390197753906
793,7.329321384429932,,20.22169065475464,0.026804447174072266
794,7.384615898132324,,20.248777866363525,0.021875619888305664
795,7.328342914581299,,20.274474382400513,0.025696516036987305
796,7.389046669006348,,20.300863027572632,0.02638864517211914
797,7.369155406951904,,20.328295707702637,0.022045612335205078
798,7.374513626098633,,20.35373091697693,0.025435209274291992
799,7.324919700622559,,20.380359649658203,0.026628732681274414
800,7.328835487365723,0.8358127236366272,20.413395643234253,0.027817487716674805
801,7.359079360961914,,20.43975591659546,0.02260112762451172
802,7.375328063964844,,20.466217756271362,0.02646183967590332
803,7.3061418533325195,,20.492830276489258,0.026612520217895508
804,7.346492767333984,,20.519269466400146,0.0229952335357666
805,7.331624507904053,,20.5456223487854,0.026352882385253906
806,7.3106489181518555,,20.57187247276306,0.026250123977661133
807,7.2938971519470215,,20.59849739074707,0.023125886917114258
808,7.308332920074463,,20.626878261566162,0.028380870819091797
809,7.3228254318237305,,20.65386652946472,0.02698826789855957
810,7.282778263092041,,20.68101191520691,0.0271453857421875
811,7.273077487945557,,20.70759153366089,0.021780014038085938
812,7.262582778930664,,20.733498573303223,0.025907039642333984
813,7.306848526000977,,20.759012699127197,0.02551412582397461
814,7.239563941955566,,20.78694486618042,0.021724700927734375
815,7.246049880981445,,20.812840700149536,0.02589583396911621
816,7.274980068206787,,20.840701818466187,0.02786111831665039
817,7.23505163192749,,20.86634635925293,0.021843910217285156
818,7.225296497344971,,20.89396071434021,0.027614355087280273
819,7.250675678253174,,20.91898465156555,0.025023937225341797
820,7.203438758850098,,20.94550919532776,0.02171492576599121
821,7.209607124328613,,20.97334122657776,0.02783203125
822,7.236445426940918,,20.998229026794434,0.024887800216674805
823,7.2111711502075195,,21.024540185928345,0.021512985229492188
824,7.192706108093262,,21.052711963653564,0.028171777725219727
825,7.248114585876465,,21.077537775039673,0.0248258113861084
826,7.174848556518555,,21.106138229370117,0.02378392219543457
827,7.1990580558776855,,21.131860494613647,0.025722265243530273
828,7.1988067626953125,,21.159733533859253,0.02787303924560547
829,7.183380603790283,,21.18436336517334,0.022853374481201172
830,7.1684722900390625,,21.210986375808716,0.026623010635375977
831,7.157984256744385,,21.2375066280365,0.026520252227783203
832,7.1749043464660645,,21.26392936706543,0.022980690002441406
833,7.173704624176025,,21.290334463119507,0.02640509605407715
834,7.170025825500488,,21.31656551361084,0.026231050491333008
835,7.145689964294434,,21.3433997631073,0.02332901954650879
836,7.178126335144043,,21.369775533676147,0.026375770568847656
837,7.16702938079834,,21.39614462852478,0.026369094848632812
838,7.131688117980957,,21.422724962234497,0.023067474365234375
839,7.124905109405518,,21.449259757995605,0.0265347957611084
840,7.121639728546143,,21.475733280181885,0.026473522186279297
841,7.111591815948486,,21.50238871574402,0.023362159729003906
842,7.074332237243652,,21.530656576156616,0.028267860412597656
843,7.1225433349609375,,21.555346727371216,0.02469015121459961
844,7.111257553100586,,21.581969261169434,0.023115873336791992
845,7.113552093505859,,21.60827088356018,0.02630162239074707
846,7.128900527954102,,21.634554862976074,0.026283979415893555
847,7.079578876495361,,21.661004066467285,0.023020029067993164
848,7.09688663482666,,21.68732261657715,0.02631855010986328
849,7.102479934692383,,21.71378517150879,0.026462554931640625
850,7.0991058349609375,,21.740134954452515,0.022913694381713867
851,7.094119071960449,,21.766530513763428,0.026395559310913086
852,7.114118576049805,,21.79277467727661,0.026244163513183594
853,7.054421901702881,,21.819392204284668,0.023195981979370117
854,7.069368362426758,,21.847442865371704,0.028050661087036133
855,7.049363613128662,,21.872432231903076,0.02498936653137207
856,7.070798397064209,,21.8988835811615,0.023711442947387695
857,7.068487644195557,,21.92678999900818,0.020071983337402344
858,7.067321300506592,,21.951603174209595,0.024813175201416016
859,7.044153213500977,,21.978200435638428,0.023849010467529297
860,7.039747714996338,,22.005722761154175,0.02752232551574707
861,7.01618766784668,,22.033364057540894,0.02764129638671875
862,7.023714065551758,,22.060242891311646,0.026878833770751953
863,7.023712158203125,,22.08726167678833,0.02165699005126953
864,7.032170295715332,,22.1126492023468,0.02538752555847168
865,7.04022741317749,,22.13905358314514,0.026404380798339844
866,7.025108337402344,,22.16604971885681,0.021749496459960938
867,7.027965068817139,,22.191683530807495,0.025633811950683594
868,7.026824951171875,,22.21808409690857,0.02640056610107422
869,6.987215042114258,,22.24516248703003,0.021776676177978516
870,7.023653507232666,,22.27269434928894,0.027531862258911133
871,6.986873626708984,,22.297541856765747,0.02484750747680664
872,6.969296455383301,,22.324568033218384,0.021672964096069336
873,6.985836029052734,,22.35213851928711,0.027570486068725586
874,6.921181678771973,,22.37804913520813,0.025910615921020508
875,6.984954833984375,,22.404675006866455,0.022910118103027344
876,6.946305274963379,,22.431106328964233,0.02643132209777832
877,6.920690536499023,,22.457699060440063,0.026592731475830078
878,6.962580680847168,,22.484044075012207,0.023035526275634766
879,6.95257568359375,,22.510393142700195,0.02634906768798828
880,6.951093673706055,,22.536682605743408,0.02628946304321289
881,6.9731550216674805,,22.563064575195312,0.022856950759887695
882,6.948385715484619,,22.58943009376526,0.02636551856994629
883,6.920104026794434,,22.61591386795044,0.026483774185180664
884,6.941390514373779,,22.642322063446045,0.023111343383789062
885,6.926424503326416,,22.670461893081665,0.028139829635620117
886,6.910066604614258,,22.695507287979126,0.025045394897460938
887,6.900239944458008,,22.722236394882202,0.023894071578979492
888,6.9285454750061035,,22.750128269195557,0.02010941505432129
889,6.897421836853027,,22.775203466415405,0.025075197219848633
890,6.9146294593811035,,22.80158305168152,0.023514747619628906
891,6.908134937286377,,22.82951331138611,0.020087480545043945
892,6.855993270874023,,22.85747718811035,0.027963876724243164
893,6.858401298522949,,22.884626150131226,0.027148962020874023
894,6.852353096008301,,22.911274671554565,0.022406578063964844
895,6.875494003295898,,22.938715934753418,0.02744126319885254
896,6.874116897583008,,22.96407961845398,0.025363683700561523
897,6.910223007202148,,22.990646600723267,0.022316932678222656
898,6.872986793518066,,23.018073320388794,0.027426719665527344
899,6.856574535369873,,23.04371213912964,0.025638818740844727
900,6.896689414978027,0.8504436254501343,23.07697033882141,0.02892303466796875
901,6.885599613189697,,23.1037495136261,0.02398967742919922
902,6.815428733825684,,23.13140559196472,0.027656078338623047
903,6.877307891845703,,23.15888786315918,0.027482271194458008
904,6.82968807220459,,23.1831796169281,0.0242917537689209
905,6.8112897872924805,,23.20613932609558,0.015694856643676758
906,6.828821182250977,,23.222246885299683,0.016107559204101562
907,6.827821731567383,,23.25400686264038,0.01569962501525879
908,6.792726993560791,,23.270012617111206,0.016005754470825195
909,6.825547218322754,,23.3071551322937,0.021472454071044922
910,6.793346881866455,,23.33552050590515,0.028365373611450195
911,6.8014960289001465,,23.36042308807373,0.0249025821685791
912,6.827374458312988,,23.38705563545227,0.021702289581298828
913,6.801615238189697,,23.414605379104614,0.02754974365234375
914,6.815858840942383,,23.439992666244507,0.025387287139892578
915,6.78855037689209,,23.466711282730103,0.02247309684753418
916,6.781379699707031,,23.493271350860596,0.026560068130493164
917,6.750141620635986,,23.519802570343018,0.026531219482421875
918,6.771818161010742,,23.546297073364258,0.023270368576049805
919,6.731912136077881,,23.57255506515503,0.026257991790771484
920,6.790869235992432,,23.59908127784729,0.026526212692260742
921,6.775295734405518,,23.62570834159851,0.02313971519470215
922,6.756673812866211,,23.653825044631958,0.028116703033447266
923,6.746697902679443,,23.678584098815918,0.02475905418395996
924,6.7601776123046875,,23.704880237579346,0.023524761199951172
925,6.751340389251709,,23.733025550842285,0.028145313262939453
926,6.7477312088012695,,23.757482051849365,0.024456501007080078
927,6.7455363273620605,,23.78400421142578,0.023101091384887695
928,6.74466609954834,,23.81003475189209,0.026030540466308594
929,6.723419189453125,,23.836824893951416,0.026790142059326172
930,6.715094089508057,,23.863439083099365,0.023348093032836914
931,6.720094680786133,,23.88956928253174,0.026130199432373047
932,6.7289958000183105,,23.916104793548584,0.026535511016845703
933,6.712689399719238,,23.942687034606934,0.02305316925048828
934,6.710963249206543,,23.969191789627075,0.0265047550201416
935,6.7224321365356445,,23.995562076568604,0.02637028694152832
936,6.683860778808594,,24.022121906280518,0.023082256317138672
937,6.718883514404297,,24.04858422279358,0.026462316513061523
938,6.715559959411621,,24.07493257522583,0.026348352432250977
939,6.719305515289307,,24.094096899032593,0.01454472541809082
940,6.683962821960449,,24.126196146011353,0.032099246978759766
941,6.699296474456787,,24.14920973777771,0.023013591766357422
942,6.6788787841796875,,24.17488121986389,0.02567148208618164
943,6.639648914337158,,24.197188138961792,0.016816377639770508
944,6.642091751098633,,24.22195553779602,0.017868518829345703
945,6.709439277648926,,24.24471640586853,0.022760868072509766
946,6.684198379516602,,24.26939845085144,0.017824888229370117
947,6.700076103210449,,24.29417586326599,0.02477741241455078
948,6.657687187194824,,24.317043781280518,0.017923593521118164
949,6.685123443603516,,24.339847087860107,0.022803306579589844
950,6.676875114440918,,24.36518621444702,0.017928600311279297
951,6.643061637878418,,24.3875093460083,0.022323131561279297
952,6.623873233795166,,24.412598848342896,0.01782059669494629
953,6.633576393127441,,24.435376167297363,0.022777318954467773
954,6.646091938018799,,24.460182189941406,0.017876625061035156
955,6.6054182052612305,,24.483123540878296,0.02294135093688965
956,6.589364051818848,,24.50800132751465,0.018035411834716797
957,6.626565933227539,,24.5307674407959,0.02276611328125
958,6.636387825012207,,24.555456399917603,0.01789402961730957
959,6.60499906539917,,24.578229904174805,0.02277350425720215
960,6.620379447937012,,24.60298776626587,0.017853975296020508
961,6.576380729675293,,24.616933822631836,0.013946056365966797
962,6.586999416351318,,24.648833513259888,0.015781879425048828
963,6.613483428955078,,24.680546760559082,0.031713247299194336
964,6.574711799621582,,24.712392330169678,0.0318455696105957
965,6.560389518737793,,24.72832155227661,0.015929222106933594
966,6.526344299316406,,24.75960421562195,0.01563572883605957
967,6.6058349609375,,24.790924787521362,0.03132057189941406
968,6.566817283630371,,24.807064533233643,0.016139745712280273
969,6.589653968811035,,24.838684558868408,0.015918970108032227
970,6.592679977416992,,24.870331048965454,0.0316464900970459
971,6.553094387054443,,24.902026176452637,0.03169512748718262
972,6.54575777053833,,24.933581829071045,0.0315556526184082
973,6.537680625915527,,24.949575901031494,0.01599407196044922
974,6.572847366333008,,24.98118758201599,0.015642404556274414
975,6.563836097717285,,25.013091564178467,0.031903982162475586
976,6.528792381286621,,25.028788328170776,0.01569676399230957
977,6.536693096160889,,25.060341596603394,0.01568436622619629
978,6.517295837402344,,25.091967582702637,0.031625986099243164
979,6.524564743041992,,25.1237370967865,0.031769514083862305
980,6.537562370300293,,25.13944435119629,0.01570725440979004
981,6.4922003746032715,,25.171209812164307,0.015643596649169922
982,6.508718490600586,,25.204100131988525,0.03289031982421875
983,6.543271541595459,,25.218693494796753,0.014593362808227539
984,6.513720512390137,,25.250101327896118,0.015698671340942383
985,6.504173278808594,,25.281744718551636,0.03164339065551758
986,6.5440473556518555,,25.313243865966797,0.03149914741516113
987,6.482168197631836,,25.329365015029907,0.01612114906311035
988,6.500473976135254,,25.360974550247192,0.031609535217285156
989,6.52304744720459,,25.392808198928833,0.031833648681640625
990,6.463066101074219,,25.408616065979004,0.0158078670501709
991,6.481494426727295,,25.440421104431152,0.015691518783569336
992,6.480193614959717,,25.472043991088867,0.031622886657714844
993,6.464917182922363,,25.48771619796753,0.01567220687866211
994,6.487060546875,,25.51911449432373,0.01570725440979004
995,6.455749988555908,,25.55042338371277,0.031308889389038086
996,6.4424943923950195,,25.582226037979126,0.03180265426635742
997,6.458901405334473,,25.598233699798584,0.016007661819458008
998,6.450321197509766,,25.6299467086792,0.01570415496826172
999,6.446041107177734,,25.661396503448486,0.03144979476928711
1000,6.452206611633301,0.8603865504264832,25.692774772644043,0.03137826919555664
1001,6.459600448608398,,25.708890199661255,0.016115427017211914
1002,6.448935508728027,,25.740415334701538,0.015691280364990234
1003,6.460062503814697,,25.771956205368042,0.031540870666503906
1004,6.440647602081299,,25.78778600692749,0.015829801559448242
1005,6.438277244567871,,25.819321632385254,0.01577448844909668
1006,6.415587902069092,,25.85070562362671,0.03138399124145508
1007,6.422579765319824,,25.882426500320435,0.031720876693725586
1008,6.432185173034668,,25.898247003555298,0.01582050323486328
1009,6.397613525390625,,25.929941177368164,0.01573777198791504
1010,6.417639255523682,,25.961289167404175,0.03134799003601074
1011,6.412697792053223,,25.97695779800415,0.015668630599975586
1012,6.394135475158691,,26.0083327293396,0.015653371810913086
1013,6.378003120422363,,26.040018320083618,0.031685590744018555
1014,6.390653133392334,,26.072171211242676,0.03215289115905762
1015,6.415126800537109,,26.087965488433838,0.01579427719116211
1016,6.387823104858398,,26.119274616241455,0.015631437301635742
1017,6.363117218017578,,26.15080761909485,0.031533002853393555
1018,6.411100387573242,,26.166682720184326,0.01587510108947754
1019,6.364073753356934,,26.198302507400513,0.015640735626220703
1020,6.389036655426025,,26.229891777038574,0.03158926963806152
1021,6.354439735412598,,26.261438131332397,0.03154635429382324
1022,6.350677013397217,,26.277241706848145,0.01580357551574707
1023,6.334203720092773,,26.309046268463135,0.015727758407592773
1024,6.355730056762695,,26.34068727493286,0.03164100646972656
1025,6.341649532318115,,26.35640287399292,0.015715599060058594
1026,6.356198787689209,,26.388039588928223,0.015958786010742188
1027,6.370182514190674,,26.419639825820923,0.031600236892700195
1028,6.371921062469482,,26.451281785964966,0.03164196014404297
1029,6.322477340698242,,26.467047691345215,0.015765905380249023
1030,6.359326362609863,,26.49883246421814,0.01565694808959961
1031,6.377063274383545,,26.53060793876648,0.031775474548339844
1032,6.333280563354492,,26.546292066574097,0.015684127807617188
1033,6.2838897705078125,,26.577619791030884,0.015643596649169922
1034,6.326266288757324,,26.608994722366333,0.03137493133544922
1035,6.3153462409973145,,26.640393257141113,0.03139853477478027
1036,6.317194938659668,,26.656129121780396,0.015735864639282227
1037,6.27378511428833,,26.68784785270691,0.015641450881958008
1038,6.298221111297607,,26.719560146331787,0.03171229362487793
1039,6.295731067657471,,26.735238790512085,0.01567864418029785
1040,6.311812877655029,,26.766608715057373,0.015691518783569336
1041,6.306070327758789,,26.79805016517639,0.031441450119018555
1042,6.27937126159668,,26.829569578170776,0.031519412994384766
1043,6.2966156005859375,,26.845205068588257,0.01563549041748047
1044,6.289653778076172,,26.876957654953003,0.01484537124633789
1045,6.2896409034729,,26.908532857894897,0.03157520294189453
1046,6.265751361846924,,26.924198389053345,0.015665531158447266
1047,6.210921764373779,,26.95569682121277,0.01565837860107422
1048,6.286998748779297,,26.98702621459961,0.03132939338684082
1049,6.292957305908203,,27.018523454666138,0.03149724006652832
1050,6.268519401550293,,27.03424072265625,0.015717267990112305
1051,6.251035690307617,,27.06713628768921,0.016811370849609375
1052,6.250885963439941,,27.097402095794678,0.03026580810546875
1053,6.253911972045898,,27.11307644844055,0.015674352645874023
1054,6.223110198974609,,27.14455270767212,0.015784740447998047
1055,6.268721580505371,,27.175915002822876,0.031362295150756836
1056,6.271219253540039,,27.207301139831543,0.03138613700866699
1057,6.241881370544434,,27.22310447692871,0.01580333709716797
1058,6.221584796905518,,27.254785299301147,0.015639305114746094
1059,6.234121322631836,,27.286385774612427,0.0316004753112793
1060,6.208682060241699,,27.302098512649536,0.015712738037109375
1061,6.219375133514404,,27.3396098613739,0.02170705795288086
1062,6.240004062652588,,27.36214852333069,0.02253866195678711
1063,6.2097625732421875,,27.387138843536377,0.02164769172668457
1064,6.208396911621094,,27.409919023513794,0.022780179977416992
1065,6.218320846557617,,27.43429183959961,0.02172374725341797
1066,6.213712692260742,,27.459648370742798,0.025356531143188477
1067,6.208364486694336,,27.481401681900024,0.021753311157226562
1068,6.217196464538574,,27.50506830215454,0.0236666202545166
1069,6.19721794128418,,27.52338480949402,0.015729665756225586
1070,6.221399307250977,,27.554726362228394,0.015634775161743164
1071,6.212210655212402,,27.586256742477417,0.03153038024902344
1072,6.19706916809082,,27.601959228515625,0.015702486038208008
1073,6.187002182006836,,27.63356637954712,0.01573801040649414
1074,6.176519393920898,,27.665011167526245,0.03144478797912598
1075,6.200015068054199,,27.696433544158936,0.03142237663269043
1076,6.21049690246582,,27.71244215965271,0.016008615493774414
1077,6.179681777954102,,27.74408507347107,0.01563715934753418
1078,6.194150924682617,,27.775898218154907,0.03181314468383789
1079,6.1630778312683105,,27.791561603546143,0.01566338539123535
1080,6.196276664733887,,27.82317280769348,0.015729904174804688
1081,6.149553298950195,,27.85454297065735,0.03137016296386719
1082,6.1702189445495605,,27.886174201965332,0.0316312313079834
1083,6.182802200317383,,27.901854991912842,0.015680789947509766
1084,6.1360297203063965,,27.93402886390686,0.016093730926513672
1085,6.157540321350098,,27.96564245223999,0.03161358833312988
1086,6.132476806640625,,27.98172426223755,0.016081809997558594
1087,6.139194488525391,,28.013326406478882,0.015694379806518555
1088,6.1465744972229,,28.04501438140869,0.03168797492980957
1089,6.150881767272949,,28.060869216918945,0.015854835510253906
1090,6.110560894012451,,28.09225058555603,0.01565074920654297
1091,6.120241165161133,,28.123773097991943,0.031522512435913086
1092,6.132546424865723,,28.15554642677307,0.03177332878112793
1093,6.1342973709106445,,28.171456575393677,0.01591014862060547
1094,6.105350494384766,,28.20280122756958,0.015631437301635742
1095,6.119461536407471,,28.234266757965088,0.03146553039550781
1096,6.10716438293457,,28.25000548362732,0.015738725662231445
1097,6.115203380584717,,28.28171992301941,0.01571345329284668
1098,6.086671829223633,,28.313371181488037,0.03165125846862793
1099,6.1018853187561035,,28.345021724700928,0.031650543212890625
1100,6.1065449714660645,0.8814210176467896,28.376415967941284,0.031394243240356445
1101,6.078217506408691,,28.392258167266846,0.015842199325561523
1102,6.106048583984375,,28.42355704307556,0.015635251998901367
1103,6.068169593811035,,28.454890727996826,0.03133368492126465
1104,6.07528018951416,,28.47097945213318,0.01608872413635254
1105,6.071905136108398,,28.502901554107666,0.01607799530029297
1106,6.082551956176758,,28.534326314926147,0.031424760818481445
1107,6.072999954223633,,28.56606411933899,0.0317378044128418
1108,6.04791259765625,,28.58176279067993,0.015698671340942383
1109,6.05764627456665,,28.613080501556396,0.01567554473876953
1110,6.053130149841309,,28.644890069961548,0.03180956840515137
1111,6.063380241394043,,28.66063642501831,0.015746355056762695
1112,6.049910068511963,,28.6920325756073,0.015752553939819336
1113,6.061541557312012,,28.72378373146057,0.031751155853271484
1114,6.072765827178955,,28.756564140319824,0.03278040885925293
1115,6.081654071807861,,28.77130889892578,0.014744758605957031
1116,6.066344261169434,,28.803016901016235,0.01566028594970703
1117,6.02677059173584,,28.83496880531311,0.031951904296875
1118,6.02272367477417,,28.85068440437317,0.015715599060058594
1119,6.0658674240112305,,28.882653951644897,0.01611948013305664
1120,6.038724422454834,,28.914323568344116,0.03166961669921875
1121,6.025522708892822,,28.945852994918823,0.03152942657470703
1122,6.036275386810303,,28.961686849594116,0.01583385467529297
1123,6.029184341430664,,28.99299192428589,0.015630483627319336
1124,5.998719215393066,,29.024457216262817,0.03146529197692871
1125,6.0518107414245605,,29.040454626083374,0.01599740982055664
1126,6.0029191970825195,,29.073209524154663,0.016922473907470703
1127,6.011879920959473,,29.10385823249817,0.03064870834350586
1128,5.996932029724121,,29.135713815689087,0.03185558319091797
1129,5.9960174560546875,,29.153408765792847,0.017694950103759766
1130,6.025757312774658,,29.183082103729248,0.01563119888305664
1131,6.010566711425781,,29.214587926864624,0.03150582313537598
1132,5.995695114135742,,29.23021674156189,0.015628814697265625
1133,5.97344970703125,,29.26197862625122,0.016102075576782227
1134,5.997641563415527,,29.29345941543579,0.03148078918457031
1135,5.978084564208984,,29.32549786567688,0.03203845024108887
1136,5.980725288391113,,29.341308116912842,0.015810251235961914
1137,5.99127197265625,,29.372729301452637,0.015709400177001953
1138,5.963947296142578,,29.404229402542114,0.03150010108947754
1139,6.013033390045166,,29.419954538345337,0.015725135803222656
1140,5.963314056396484,,29.451934814453125,0.016027450561523438
1141,5.97524881362915,,29.483497142791748,0.03156232833862305
1142,5.953212261199951,,29.515321016311646,0.03182387351989746
1143,5.939187049865723,,29.531090021133423,0.015769004821777344
1144,5.954304218292236,,29.56236433982849,0.015633344650268555
1145,5.9467315673828125,,29.593782901763916,0.031418561935424805
1146,5.957282543182373,,29.609768629074097,0.015985727310180664
1147,5.932668685913086,,29.64183807373047,0.01610255241394043
1148,5.979707717895508,,29.67333221435547,0.031494140625
1149,5.936611175537109,,29.705071210861206,0.031738996505737305
1150,5.943202018737793,,29.72078847885132,0.015717267990112305
1151,5.943899154663086,,29.752144813537598,0.015707015991210938
1152,5.966548919677734,,29.783437490463257,0.03129267692565918
1153,5.9233174324035645,,29.799525499343872,0.016088008880615234
1154,5.883647441864014,,29.831315517425537,0.016084909439086914
1155,5.898507118225098,,29.862792253494263,0.031476736068725586
1156,5.931617736816406,,29.89461636543274,0.03182411193847656
1157,5.919793128967285,,29.91064953804016,0.016033172607421875
1158,5.920934677124023,,29.942631721496582,0.01593804359436035
1159,5.947671890258789,,29.97404670715332,0.03141498565673828
1160,5.925867557525635,,29.989691495895386,0.01564478874206543
1161,5.892908096313477,,30.02118945121765,0.015692949295043945
1162,5.917442321777344,,30.05365753173828,0.03246808052062988
1163,5.9011688232421875,,30.083864450454712,0.030206918716430664
1164,5.880877494812012,,30.099705934524536,0.01584148406982422
1165,5.87628173828125,,30.131043672561646,0.015663623809814453
1166,5.874513626098633,,30.162819862365723,0.03177618980407715
1167,5.904990196228027,,30.178730010986328,0.01591014862060547
1168,5.9063615798950195,,30.210151433944702,0.015694379806518555
1169,5.880982398986816,,30.241832733154297,0.03168129920959473
1170,5.867582321166992,,30.273603200912476,0.03177046775817871
1171,5.870965957641602,,30.28943920135498,0.015836000442504883
1172,5.867733955383301,,30.32074785232544,0.01567387580871582
1173,5.895072937011719,,30.352338314056396,0.03159046173095703
1174,5.857182502746582,,30.368042945861816,0.015704631805419922
1175,5.8588409423828125,,30.39965271949768,0.01578974723815918
1176,5.824692726135254,,30.43098521232605,0.03133249282836914
1177,5.851505279541016,,30.46243929862976,0.03145408630371094
1178,5.84314489364624,,30.478326559066772,0.01588726043701172
1179,5.8155412673950195,,30.50989580154419,0.01568770408630371
1180,5.8467936515808105,,30.541244983673096,0.03134918212890625
1181,5.8829345703125,,30.557074308395386,0.01582932472229004
1182,5.869620323181152,,30.588913440704346,0.016054868698120117
1183,5.858432292938232,,30.62035059928894,0.03143715858459473
1184,5.8159942626953125,,30.652156352996826,0.03180575370788574
1185,5.8299241065979,,30.668047189712524,0.015890836715698242
1186,5.861586093902588,,30.699336528778076,0.015653610229492188
1187,5.849117755889893,,30.730857133865356,0.03152060508728027
1188,5.820064067840576,,30.746785879135132,0.01592874526977539
1189,5.785673141479492,,30.778705835342407,0.01587510108947754
1190,5.833914756774902,,30.809988021850586,0.03128218650817871
1191,5.788910388946533,,30.842028856277466,0.03204083442687988
1192,5.834368705749512,,30.85772681236267,0.015697956085205078
1193,5.809342384338379,,30.8893084526062,0.015827655792236328
1194,5.826534271240234,,30.921020030975342,0.031711578369140625
1195,5.782787322998047,,30.936658143997192,0.015638113021850586
1196,5.783185958862305,,30.96796679496765,0.015635013580322266
1197,5.7803449630737305,,30.999263048171997,0.0312962532043457
1198,5.7477288246154785,,31.031209468841553,0.031946420669555664
1199,5.807157039642334,,31.04700469970703,0.015795230865478516
1200,5.792239665985107,0.8786304950714111,31.078773736953735,0.01571369171142578
1201,5.791537761688232,,31.110358238220215,0.03158450126647949
1202,5.780409812927246,,31.14213991165161,0.031781673431396484
1203,5.770610809326172,,31.157872438430786,0.015732526779174805
1204,5.776115417480469,,31.189481496810913,0.015684127807617188
1205,5.786334991455078,,31.220856428146362,0.03137493133544922
1206,5.745344161987305,,31.23653817176819,0.015681743621826172
1207,5.773471355438232,,31.268462896347046,0.015827417373657227
1208,5.76638650894165,,31.299808025360107,0.03134512901306152
1209,5.78331995010376,,31.332703590393066,0.032895565032958984
1210,5.751885890960693,,31.34718084335327,0.014477252960205078
1211,5.767195701599121,,31.378504753112793,0.01564311981201172
1212,5.746728897094727,,31.410093784332275,0.03158903121948242
1213,5.7577972412109375,,31.42622423171997,0.016130447387695312
1214,5.738211631774902,,31.458122491836548,0.015796899795532227
1215,5.7636871337890625,,31.489980936050415,0.03185844421386719
1216,5.725912094116211,,31.505919456481934,0.015938520431518555
1217,5.70577335357666,,31.538589000701904,0.016808509826660156
1218,5.749250411987305,,31.568928956985474,0.030339956283569336
1219,5.7321271896362305,,31.58460521697998,0.015676259994506836
1220,5.746656894683838,,31.616413831710815,0.015804767608642578
1221,5.719611167907715,,31.64830994606018,0.031896114349365234
1222,5.711391925811768,,31.663982152938843,0.01567220687866211
1223,5.688956260681152,,31.695793628692627,0.015772104263305664
1224,5.76007604598999,,31.727257013320923,0.0314633846282959
1225,5.709334373474121,,31.743135690689087,0.015878677368164062
1226,5.671669960021973,,31.77485156059265,0.01596856117248535
1227,5.723181247711182,,31.806244373321533,0.031392812728881836
1228,5.696486473083496,,31.822341918945312,0.016097545623779297
1229,5.709230422973633,,31.853814125061035,0.01572895050048828
1230,5.70809268951416,,31.885439157485962,0.03162503242492676
1231,5.700169086456299,,31.916783809661865,0.03134465217590332
1232,5.699956893920898,,31.932692527770996,0.01590871810913086
1233,5.667343616485596,,31.964821815490723,0.016117095947265625
1234,5.686094284057617,,31.996284008026123,0.03146219253540039
1235,5.6603827476501465,,32.01191973686218,0.01563572883605957
1236,5.684721946716309,,32.043285608291626,0.015654563903808594
1237,5.659314155578613,,32.076175689697266,0.03289008140563965
1238,5.6848931312561035,,32.09093952178955,0.014763832092285156
1239,5.680036544799805,,32.122366189956665,0.01578521728515625
1240,5.6607818603515625,,32.154008626937866,0.03164243698120117
1241,5.663661003112793,,32.16993284225464,0.01592421531677246
1242,5.63637638092041,,32.20146679878235,0.015803813934326172
1243,5.668748378753662,,32.233413219451904,0.031946420669555664
1244,5.667346000671387,,32.24921703338623,0.015803813934326172
1245,5.656998157501221,,32.28082323074341,0.01569056510925293
1246,5.645174503326416,,32.31265377998352,0.031830549240112305
1247,5.648890495300293,,32.328551292419434,0.015897512435913086
1248,5.631081581115723,,32.36034369468689,0.014760732650756836
1249,5.679487228393555,,32.39206600189209,0.031722307205200195
1250,5.628791809082031,,32.40795850753784,0.015892505645751953
1251,5.637487411499023,,32.43973469734192,0.015684843063354492
1252,5.629586219787598,,32.47160077095032,0.03186607360839844
1253,5.669275760650635,,32.487529277801514,0.01592850685119629
1254,5.614858150482178,,32.518938302993774,0.015688419342041016
1255,5.633984088897705,,32.55166220664978,0.03272390365600586
1256,5.639922618865967,,32.566160917282104,0.014498710632324219
1257,5.634833812713623,,32.59768867492676,0.015681028366088867
1258,5.601507186889648,,32.62962579727173,0.0319371223449707
1259,5.6194257736206055,,32.645281076431274,0.0156552791595459
1260,5.6165666580200195,,32.66139578819275,0.01611471176147461
1261,5.661864280700684,,32.69282913208008,0.015742063522338867
1262,5.574066162109375,,32.72429060935974,0.015636682510375977
1263,5.612776756286621,,32.756094217300415,0.03180360794067383
1264,5.5914201736450195,,32.771848917007446,0.01575469970703125
1265,5.617510795593262,,32.80314803123474,0.01563739776611328
1266,5.601103782653809,,32.83444309234619,0.031295061111450195
1267,5.654913425445557,,32.866722106933594,0.032279014587402344
1268,5.599567413330078,,32.88227462768555,0.011804342269897461
1269,5.621222496032715,,32.914106130599976,0.015730619430541992
1270,5.61046028137207,,32.945648431777954,0.021286487579345703
1271,5.57977294921875,,32.96133828163147,0.009761571884155273
1272,5.593411922454834,,32.99270844459534,0.01412057876586914
1273,5.574945449829102,,33.02467656135559,0.019147872924804688
1274,5.559263229370117,,33.05660653114319,0.024072885513305664
1275,5.60346794128418,,33.07217764854431,0.013065099716186523
1276,5.5714874267578125,,33.1043062210083,0.017784595489501953
1277,5.551563262939453,,33.13554406166077,0.021880626678466797
1278,5.56682014465332,,33.150896072387695,0.01002192497253418
1279,5.599049091339111,,33.182894468307495,0.01410818099975586
1280,5.569517135620117,,33.214253187179565,0.019571542739868164
1281,5.585843086242676,,33.24574851989746,0.023461341857910156
1282,5.561631202697754,,33.262760639190674,0.013005733489990234
1283,5.538571834564209,,33.293516397476196,0.01742410659790039
1284,5.545236110687256,,33.32495856285095,0.021638870239257812
1285,5.532435417175293,,33.34009337425232,0.00976252555847168
1286,5.527401924133301,,33.37127161026001,0.013850212097167969
1287,5.551769256591797,,33.403306007385254,0.01873040199279785
1288,5.57456111907959,,33.435189962387085,0.023613929748535156
1289,5.533633232116699,,33.45099377632141,0.011797428131103516
1290,5.5067853927612305,,33.48283290863037,0.017444372177124023
1291,5.53971004486084,,33.514259338378906,0.021606922149658203
1292,5.497192859649658,,33.52941036224365,0.009762048721313477
1293,5.480158805847168,,33.560505390167236,0.013748645782470703
1294,5.542204856872559,,33.59152364730835,0.017696380615234375
1295,5.543305397033691,,33.622551679611206,0.021593809127807617
1296,5.502362251281738,,33.63769221305847,0.009762287139892578
1297,5.511227607727051,,33.669150829315186,0.014065742492675781
1298,5.515414237976074,,33.70063614845276,0.018683671951293945
1299,5.52901554107666,,33.73261642456055,0.023595333099365234
1300,5.542490005493164,0.8909306287765503,33.75039339065552,0.013770341873168945
1301,5.497710227966309,,33.7799768447876,0.013909101486206055
1302,5.468257904052734,,33.811667680740356,0.018892288208007812
1303,5.471133708953857,,33.84355044364929,0.023541688919067383
1304,5.481518745422363,,33.859354734420776,0.011797666549682617
1305,5.46981143951416,,33.89114022254944,0.017318010330200195
1306,5.530174255371094,,33.92263698577881,0.021770954132080078
1307,5.48309326171875,,33.93777823448181,0.009761810302734375
1308,5.504514694213867,,33.96863675117493,0.01368403434753418
1309,5.484790802001953,,33.999714612960815,0.017783403396606445
1310,5.509341239929199,,34.030853509902954,0.021744251251220703
1311,5.488421440124512,,34.04693841934204,0.010765790939331055
1312,5.490647315979004,,34.07881832122803,0.0159454345703125
1313,5.484737396240234,,34.109790563583374,0.019731521606445312
1314,5.459715843200684,,34.14108872413635,0.02387404441833496
1315,5.486398220062256,,34.15689492225647,0.011799335479736328
1316,5.505485534667969,,34.188541412353516,0.017223834991455078
1317,5.453625679016113,,34.22030854225159,0.02200460433959961
1318,5.467836380004883,,34.23571586608887,0.010021209716796875
1319,5.424602508544922,,34.26755118370056,0.013849258422851562
1320,5.502169609069824,,34.29903173446655,0.019182443618774414
1321,5.480382919311523,,34.31600522994995,0.016973495483398438
1322,5.446253776550293,,34.34977149963379,0.019252777099609375
1323,5.42822265625,,34.37186121940613,0.016599178314208984
1324,5.42156982421875,,34.395798444747925,0.017667770385742188
1325,5.4975385665893555,,34.41978311538696,0.023984670639038086
1326,5.456095218658447,,34.445350646972656,0.019759178161621094
1327,5.423099040985107,,34.4674437046051,0.02209305763244629
1328,5.417077541351318,,34.49318838119507,0.019983291625976562
1329,5.447293281555176,,34.51529264450073,0.022104263305664062
1330,5.4445624351501465,,34.54079484939575,0.018506526947021484
1331,5.468915939331055,,34.5630099773407,0.02221512794494629
1332,5.439947605133057,,34.58823275566101,0.020034313201904297
1333,5.440741539001465,,34.61069393157959,0.0224611759185791
1334,5.449121475219727,,34.63592052459717,0.019951581954956055
1335,5.420807361602783,,34.65827560424805,0.022355079650878906
1336,5.457248687744141,,34.683539628982544,0.020047426223754883
1337,5.427947521209717,,34.70605230331421,0.02251267433166504
1338,5.420107364654541,,34.73141098022461,0.019999027252197266
1339,5.382411956787109,,34.75402092933655,0.022609949111938477
1340,5.392624855041504,,34.77930974960327,0.019912242889404297
1341,5.411941051483154,,34.801814556121826,0.022504806518554688
1342,5.41591215133667,,34.82710886001587,0.01999664306640625
1343,5.417863845825195,,34.84957504272461,0.022466182708740234
1344,5.401974678039551,,34.87491846084595,0.02007317543029785
1345,5.412774085998535,,34.89734125137329,0.02242279052734375
1346,5.403731346130371,,34.92263650894165,0.01991868019104004
1347,5.387035369873047,,34.945157289505005,0.022520780563354492
1348,5.384440898895264,,34.97040343284607,0.01997518539428711
1349,5.403685092926025,,34.992852210998535,0.02244877815246582
1350,5.383400917053223,,35.018131732940674,0.020079612731933594
1351,5.385618209838867,,35.04060101509094,0.022469282150268555
1352,5.380241394042969,,35.06566500663757,0.019783973693847656
1353,5.353877067565918,,35.08887791633606,0.023212909698486328
1354,5.372112274169922,,35.11368107795715,0.020057201385498047
1355,5.344985008239746,,35.13676333427429,0.023082256317138672
1356,5.3507609367370605,,35.16157054901123,0.019994258880615234
1357,5.353906631469727,,35.18447256088257,0.02290201187133789
1358,5.402641296386719,,35.209261894226074,0.019971370697021484
1359,5.37327766418457,,35.23225665092468,0.0229947566986084
1360,5.3659539222717285,,35.257092237472534,0.02005624771118164
1361,5.338505268096924,,35.28019452095032,0.023102283477783203
1362,5.329835891723633,,35.30454993247986,0.019663572311401367
1363,5.365488052368164,,35.32803750038147,0.023487567901611328
1364,5.339000701904297,,35.352001905441284,0.0197298526763916
1365,5.382631301879883,,35.375757455825806,0.023755550384521484
1366,5.323976516723633,,35.401774168014526,0.021727561950683594
1367,5.341488361358643,,35.424108028411865,0.022333860397338867
1368,5.343729019165039,,35.44901776313782,0.021668434143066406
1369,5.314357280731201,,35.47195386886597,0.022936105728149414
1370,5.351091384887695,,35.496448040008545,0.02167034149169922
1371,5.341040134429932,,35.51965117454529,0.023203134536743164
1372,5.360431671142578,,35.54424071311951,0.02182912826538086
1373,5.321210861206055,,35.567357301712036,0.023116588592529297
1374,5.313821792602539,,35.59186506271362,0.021656513214111328
1375,5.288546562194824,,35.617483139038086,0.02561807632446289
1376,5.330389499664307,,35.639204263687134,0.02172112464904785
1377,5.349603652954102,,35.66480112075806,0.02559685707092285
1378,5.304160118103027,,35.68685960769653,0.022058486938476562
1379,5.29942512512207,,35.712393045425415,0.025533437728881836
1380,5.297397613525391,,35.73443913459778,0.02204608917236328
1381,5.324155807495117,,35.76004099845886,0.025601863861083984
1382,5.330536842346191,,35.78205752372742,0.022016525268554688
1383,5.293540000915527,,35.80744194984436,0.02538442611694336
1384,5.313263893127441,,35.82972741127014,0.02228546142578125
1385,5.301573753356934,,35.855345487594604,0.02561807632446289
1386,5.304562568664551,,35.8773877620697,0.022042274475097656
1387,5.330926418304443,,35.903021812438965,0.025634050369262695
1388,5.324610710144043,,35.925095081329346,0.02207326889038086
1389,5.2752461433410645,,35.950854539871216,0.025759458541870117
1390,5.2931389808654785,,35.972861528396606,0.022006988525390625
1391,5.277944564819336,,35.99841809272766,0.025556564331054688
1392,5.269281387329102,,36.023354053497314,0.02493596076965332
1393,5.295627593994141,,36.049795389175415,0.01967024803161621
1394,5.303611755371094,,36.07769775390625,0.02790236473083496
1395,5.284086227416992,,36.10006523132324,0.022367477416992188
1396,5.2571611404418945,,36.125858545303345,0.02579331398010254
1397,5.293373107910156,,36.14796304702759,0.01661396026611328
1398,5.26539421081543,,36.172807693481445,0.024844646453857422
1399,5.305666923522949,,36.195619344711304,0.0228116512298584
1400,5.3242292404174805,0.887408971786499,36.224262714385986,0.028643369674682617
1401,5.2773756980896,,36.24618649482727,0.02192378044128418
1402,5.275784015655518,,36.27001738548279,0.017519474029541016
1403,5.267182350158691,,36.29380822181702,0.023790836334228516
1404,5.242323875427246,,36.319522857666016,0.019968748092651367
1405,5.270077228546143,,36.344244956970215,0.02472209930419922
1406,5.273852348327637,,36.367080211639404,0.019704103469848633
1407,5.251226425170898,,36.39496994018555,0.027889728546142578
1408,5.262509346008301,,36.41671967506409,0.02174973487854004
1409,5.2830400466918945,,36.44248867034912,0.02576899528503418
1410,5.248105525970459,,36.46469187736511,0.02220320701599121
1411,5.2189788818359375,,36.490447998046875,0.025756120681762695
1412,5.235884189605713,,36.512529373168945,0.022081375122070312
1413,5.243875503540039,,36.537925243377686,0.025395870208740234
1414,5.272844314575195,,36.55994749069214,0.020904064178466797
1415,5.223478317260742,,36.585957288742065,0.026009798049926758
1416,5.238424777984619,,36.60765337944031,0.021696090698242188
1417,5.228571891784668,,36.6333429813385,0.02568960189819336
1418,5.235661506652832,,36.64902663230896,0.015683650970458984
1419,5.25023078918457,,36.68050026893616,0.031473636627197266
1420,5.257946014404297,,36.69614815711975,0.01564788818359375
1421,5.233880996704102,,36.712231397628784,0.016083240509033203
1422,5.223311424255371,,36.74982309341431,0.021665096282958984
1423,5.214531421661377,,36.77789664268494,0.028073549270629883
1424,5.255637168884277,,36.80264329910278,0.02474665641784668
1425,5.220738410949707,,36.82957315444946,0.021670818328857422
1426,5.216240882873535,,36.85540843009949,0.025835275650024414
1427,5.206103801727295,,36.88207268714905,0.026664257049560547
1428,5.218986988067627,,36.909018754959106,0.02166581153869629
1429,5.2339935302734375,,36.93680191040039,0.02778315544128418
1430,5.261720657348633,,36.96157479286194,0.02477288246154785
1431,5.194890975952148,,36.98823165893555,0.021903514862060547
1432,5.185166835784912,,37.01579022407532,0.027558565139770508
1433,5.188180923461914,,37.04121470451355,0.025424480438232422
1434,5.196625709533691,,37.06764531135559,0.02214217185974121
1435,5.161069869995117,,37.09527015686035,0.027624845504760742
1436,5.201766490936279,,37.12061262130737,0.025342464447021484
1437,5.1653032302856445,,37.14696907997131,0.02214360237121582
1438,5.2025346755981445,,37.173452377319336,0.02648329734802246
1439,5.211339950561523,,37.199828147888184,0.026375770568847656
1440,5.1993513107299805,,37.22858738899231,0.0252687931060791
1441,5.190849781036377,,37.2549033164978,0.026315927505493164
1442,5.189420700073242,,37.28271770477295,0.027814388275146484
1443,5.1832404136657715,,37.30769109725952,0.024973392486572266
1444,5.167870998382568,,37.33510160446167,0.020132780075073242
1445,5.15596866607666,,37.36298179626465,0.027880191802978516
1446,5.175339698791504,,37.38873505592346,0.025753259658813477
1447,5.174585819244385,,37.41644859313965,0.021849393844604492
1448,5.169961452484131,,37.444188356399536,0.027739763259887695
1449,5.157212257385254,,37.468947887420654,0.024759531021118164
1450,5.166095733642578,,37.49586343765259,0.02166581153869629
1451,5.190643310546875,,37.52155518531799,0.025691747665405273
1452,5.168993949890137,,37.548253297805786,0.02669811248779297
1453,5.135860919952393,,37.57535147666931,0.021827220916748047
1454,5.150964736938477,,37.6011381149292,0.025786638259887695
1455,5.148763656616211,,37.62793827056885,0.026800155639648438
1456,5.1536664962768555,,37.6548707485199,0.021758079528808594
1457,5.138481140136719,,37.68242025375366,0.02754950523376465
1458,5.144360542297363,,37.70719575881958,0.02477550506591797
1459,5.135742664337158,,37.7340567111969,0.021665096282958984
1460,5.128539562225342,,37.76206946372986,0.028012752532958984
1461,5.152192115783691,,37.788684368133545,0.026614904403686523
1462,5.167393684387207,,37.81401705741882,0.02178955078125
1463,5.128928184509277,,37.8396270275116,0.025609970092773438
1464,5.151473522186279,,37.86641216278076,0.02678513526916504
1465,5.1217360496521,,37.89340400695801,0.021728992462158203
1466,5.149243354797363,,37.92112350463867,0.027719497680664062
1467,5.152755260467529,,37.94844031333923,0.027316808700561523
1468,5.10673189163208,,37.975951194763184,0.025093555450439453
1469,5.168087959289551,,38.002384662628174,0.026433467864990234
1470,5.155489921569824,,38.027668714523315,0.0252840518951416
1471,5.118042469024658,,38.05429220199585,0.023700714111328125
1472,5.090609550476074,,38.082417726516724,0.028125524520874023
1473,5.143479347229004,,38.10738921165466,0.024971485137939453
1474,5.096745491027832,,38.13378381729126,0.023675203323364258
1475,5.135150909423828,,38.15996193885803,0.02617812156677246
1476,5.126519203186035,,38.186561822891235,0.026599884033203125
1477,5.0834059715271,,38.215184688568115,0.025165796279907227
1478,5.098824977874756,,38.24353742599487,0.028352737426757812
1479,5.11659049987793,,38.26949119567871,0.02595376968383789
1480,5.1227827072143555,,38.29757308959961,0.028081893920898438
1481,5.1028337478637695,,38.32284498214722,0.021666526794433594
1482,5.098719596862793,,38.3505973815918,0.027752399444580078
1483,5.128842830657959,,38.37528395652771,0.024686574935913086
1484,5.093029022216797,,38.39664173126221,0.01655721664428711
1485,5.061383247375488,,38.42751717567444,0.030875444412231445
1486,5.123600006103516,,38.44959020614624,0.022073030471801758
1487,5.0621843338012695,,38.475146770477295,0.025556564331054688
1488,5.096156120300293,,38.4972243309021,0.022077560424804688
1489,5.088825702667236,,38.522801637649536,0.025577306747436523
1490,5.108023643493652,,38.54637050628662,0.02356886863708496
1491,5.096691131591797,,38.56980538368225,0.0176849365234375
1492,5.0675787925720215,,38.59229803085327,0.016464948654174805
1493,5.117875099182129,,38.6175491809845,0.025251150131225586
1494,5.097965240478516,,38.6398229598999,0.022273778915405273
1495,5.06113338470459,,38.66525387763977,0.025430917739868164
1496,5.0952935218811035,,38.68750023841858,0.022246360778808594
1497,5.0758161544799805,,38.71272802352905,0.025227785110473633
1498,5.049564361572266,,38.73524880409241,0.022520780563354492
1499,5.05576229095459,,38.76009941101074,0.02485060691833496
1500,5.061511993408203,0.885562002658844,38.78573703765869,0.022777557373046875
1501,5.057443141937256,,38.80955195426941,0.017734050750732422
1502,5.067759990692139,,38.83539032936096,0.025838375091552734
1503,5.032588958740234,,38.85920524597168,0.019916534423828125
1504,5.031818866729736,,38.88171362876892,0.02250838279724121
1505,5.034061431884766,,38.906543016433716,0.01970219612121582
1506,5.050025939941406,,38.92946910858154,0.02292609214782715
1507,5.035103797912598,,38.95324230194092,0.019137144088745117
1508,5.045339107513428,,38.9770929813385,0.023850679397583008
1509,5.058666706085205,,39.00133490562439,0.02013707160949707
1510,5.030340671539307,,39.02502226829529,0.023687362670898438
1511,5.029746055603027,,39.04916024208069,0.020028352737426758
1512,5.045431137084961,,39.07292318344116,0.023762941360473633
1513,5.030232906341553,,39.09668493270874,0.019667863845825195
1514,5.045223712921143,,39.120540618896484,0.02385568618774414
1515,5.012145519256592,,39.14429211616516,0.01967930793762207
1516,5.025016784667969,,39.168469190597534,0.024177074432373047
1517,5.041389465332031,,39.19349670410156,0.021653413772583008
1518,5.040842056274414,,39.216224193573,0.022727489471435547
1519,5.024611473083496,,39.24109768867493,0.021836042404174805
1520,5.056537628173828,,39.26425290107727,0.02315521240234375
1521,5.030765533447266,,39.288673400878906,0.02173900604248047
1522,5.031959533691406,,39.314049243927,0.025375843048095703
1523,5.0361480712890625,,39.337769985198975,0.023720741271972656
1524,5.034746170043945,,39.36183714866638,0.01876091957092285
1525,4.986203193664551,,39.37756538391113,0.015728235244750977
1526,5.004987716674805,,39.40954637527466,0.01593494415283203
1527,5.019362449645996,,39.44090008735657,0.03135371208190918
1528,5.0204949378967285,,39.45690584182739,0.016005754470825195
1529,4.998907089233398,,39.48855185508728,0.015958309173583984
1530,4.989720344543457,,39.50459146499634,0.016039609909057617
1531,4.997780799865723,,39.53624224662781,0.01588892936706543
1532,4.971212387084961,,39.552334785461426,0.016092538833618164
1533,5.009685516357422,,39.5841600894928,0.01590132713317871
1534,5.035512447357178,,39.61136198043823,0.02720189094543457
1535,5.01154088973999,,39.63527727127075,0.01969766616821289
1536,5.003952980041504,,39.65909123420715,0.023813962936401367
1537,4.983307361602783,,39.684476137161255,0.021666288375854492
1538,5.002513408660889,,39.70683693885803,0.022360801696777344
1539,5.005395412445068,,39.732192277908325,0.021825075149536133
1540,4.960278511047363,,39.75477361679077,0.02258133888244629
1541,4.953434467315674,,39.780219316482544,0.020740985870361328
1542,4.983080863952637,,39.8027126789093,0.022493362426757812
1543,4.99459171295166,,39.82783007621765,0.02171802520751953
1544,4.963587760925293,,39.85061001777649,0.02277994155883789
1545,4.976219177246094,,39.87550330162048,0.021665334701538086
1546,4.985141277313232,,39.8984375,0.0229341983795166
1547,4.968692779541016,,39.922884702682495,0.02170109748840332
1548,4.9801225662231445,,39.948559522628784,0.025674819946289062
1549,4.99040412902832,,39.9713876247406,0.022828102111816406
1550,4.996878623962402,,39.99609184265137,0.0247042179107666
1551,4.9593634605407715,,40.01816987991333,0.02207803726196289
1552,4.9979448318481445,,40.04385161399841,0.025681734085083008
1553,4.978721618652344,,40.065484285354614,0.021632671356201172
1554,4.978944778442383,,40.09146499633789,0.025980710983276367
1555,4.95993709564209,,40.11327362060547,0.021808624267578125
1556,4.990697860717773,,40.138883113861084,0.025609493255615234
1557,4.961575508117676,,40.16063952445984,0.021756410598754883
1558,4.949257850646973,,40.18638825416565,0.025748729705810547
1559,4.963022232055664,,40.208484172821045,0.022095918655395508
1560,4.946778774261475,,40.234215259552,0.02573108673095703
1561,4.975396156311035,,40.25633907318115,0.02212381362915039
1562,4.916515827178955,,40.282110929489136,0.0257718563079834
1563,4.915615081787109,,40.307204484939575,0.025093555450439453
1564,4.953793525695801,,40.3337140083313,0.019705772399902344
1565,4.937892436981201,,40.3611855506897,0.027471542358398438
1566,4.967369079589844,,40.3870062828064,0.02582073211669922
1567,4.931227684020996,,40.414448499679565,0.0217130184173584
1568,4.9430718421936035,,40.4400429725647,0.025594472885131836
1569,4.959392547607422,,40.46659874916077,0.026555776596069336
1570,4.9280290603637695,,40.49354362487793,0.021683216094970703
1571,4.9243083000183105,,40.52114820480347,0.02760457992553711
1572,4.943171501159668,,40.545753717422485,0.024605512619018555
1573,4.930790901184082,,40.5730082988739,0.021947860717773438
1574,4.950466632843018,,40.5985963344574,0.025588035583496094
1575,4.945361614227295,,40.62511444091797,0.02651810646057129
1576,4.9315385818481445,,40.65203928947449,0.021708965301513672
1577,4.931899547576904,,40.67969536781311,0.027656078338623047
1578,4.922618389129639,,40.70440912246704,0.024713754653930664
1579,4.895758152008057,,40.731258392333984,0.02168560028076172
1580,4.9178667068481445,,40.75946545600891,0.028207063674926758
1581,4.907868385314941,,40.7839195728302,0.023918628692626953
1582,4.909719467163086,,40.81044578552246,0.021663427352905273
1583,4.920864582061768,,40.83797574043274,0.02752995491027832
1584,4.924147605895996,,40.863367557525635,0.025391817092895508
1585,4.904970169067383,,40.88991737365723,0.022318363189697266
1586,4.931750774383545,,40.916311502456665,0.026394128799438477
1587,4.934179782867432,,40.94579315185547,0.02948164939880371
1588,4.921266555786133,,40.962684631347656,0.0168914794921875
1589,4.901673316955566,,40.99314904212952,0.015674114227294922
1590,4.905948162078857,,41.024714946746826,0.03156590461730957
1591,4.90915584564209,,41.04053783416748,0.015822887420654297
1592,4.936219215393066,,41.071882486343384,0.015692710876464844
1593,4.917510986328125,,41.103668451309204,0.03178596496582031
1594,4.864099502563477,,41.13534355163574,0.031675100326538086
1595,4.8788676261901855,,41.151256799697876,0.01591324806213379
1596,4.909905433654785,,41.18284583091736,0.015687227249145508
1597,4.913041114807129,,41.214547634124756,0.03170180320739746
1598,4.885220527648926,,41.230459451675415,0.01591181755065918
1599,4.893232345581055,,41.26185631752014,0.01569533348083496
1600,4.850884914398193,0.8927888035774231,41.29348945617676,0.03163313865661621
1601,4.907256126403809,,41.32618522644043,0.032695770263671875
1602,4.858076572418213,,41.359699726104736,0.024476289749145508
1603,4.862832546234131,,41.377660512924194,0.015682220458984375
1604,4.8922224044799805,,41.40945506095886,0.03179454803466797
1605,4.898096084594727,,41.44107246398926,0.03161740303039551
1606,4.88304328918457,,41.45680570602417,0.01573324203491211
1607,4.869595527648926,,41.48819422721863,0.01569056510925293
1608,4.860049247741699,,41.519760847091675,0.031566619873046875
1609,4.898961067199707,,41.53588247299194,0.016121625900268555
1610,4.868922233581543,,41.56755709648132,0.015677928924560547
1611,4.872073173522949,,41.598952770233154,0.031395673751831055
1612,4.87777042388916,,41.614935874938965,0.015983104705810547
1613,4.8637800216674805,,41.64628028869629,0.01569342613220215
1614,4.854182243347168,,41.67763638496399,0.031356096267700195
1615,4.860520362854004,,41.70907735824585,0.03144097328186035
1616,4.854682922363281,,41.724912881851196,0.01583552360534668
1617,4.859742164611816,,41.75643610954285,0.01569056510925293
1618,4.881993293762207,,41.78792476654053,0.031488656997680664
1619,4.834865570068359,,41.80374073982239,0.01581597328186035
1620,4.859551906585693,,41.83512353897095,0.01567983627319336
1621,4.852383136749268,,41.86688733100891,0.03176379203796387
1622,4.829082489013672,,41.898494243621826,0.03160691261291504
1623,4.814245700836182,,41.914382219314575,0.015887975692749023
1624,4.8466477394104,,41.94604134559631,0.01569676399230957
1625,4.8137712478637695,,41.97750759124756,0.03146624565124512
1626,4.818277359008789,,41.993550300598145,0.016042709350585938
1627,4.852802276611328,,42.02492904663086,0.015721797943115234
1628,4.832789421081543,,42.056628465652466,0.031699419021606445
1629,4.834273338317871,,42.0880012512207,0.031372785568237305
1630,4.837284088134766,,42.10412859916687,0.015039920806884766
1631,4.841992378234863,,42.13576102256775,0.031632423400878906
1632,4.804678440093994,,42.167264461517334,0.03150343894958496
1633,4.830209732055664,,42.183149337768555,0.015884876251220703
1634,4.833865165710449,,42.21468949317932,0.015720605850219727
1635,4.81488561630249,,42.246315002441406,0.03162550926208496
1636,4.856374740600586,,42.27780604362488,0.03149104118347168
1637,4.823776721954346,,42.295499086380005,0.017693042755126953
1638,4.846658229827881,,42.325061321258545,0.01573491096496582
1639,4.8012566566467285,,42.35676121711731,0.03169989585876465
1640,4.834232807159424,,42.372599363327026,0.015838146209716797
1641,4.802227973937988,,42.40394139289856,0.01567673683166504
1642,4.812898635864258,,42.43558311462402,0.03164172172546387
1643,4.833438873291016,,42.467355728149414,0.031772613525390625
1644,4.814276218414307,,42.483991384506226,0.016635656356811523
1645,4.812649250030518,,42.514602184295654,0.015691757202148438
1646,4.829397201538086,,42.54604363441467,0.031441450119018555
1647,4.838197231292725,,42.56179904937744,0.015755414962768555
1648,4.82949686050415,,42.59320640563965,0.015720129013061523
1649,4.814121246337891,,42.62478733062744,0.03158092498779297
1650,4.803818225860596,,42.656245470047,0.031458139419555664
1651,4.820466995239258,,42.67211723327637,0.015871763229370117
1652,4.836855411529541,,42.70400285720825,0.01575946807861328
1653,4.844489574432373,,42.73554968833923,0.031546831130981445
1654,4.8092803955078125,,42.751362323760986,0.01581263542175293
1655,4.7975969314575195,,42.78276038169861,0.015724897384643555
1656,4.78034782409668,,42.81455183029175,0.03179144859313965
1657,4.808349609375,,42.83030891418457,0.015757083892822266
1658,4.8336591720581055,,42.86168956756592,0.015680551528930664
1659,4.792153358459473,,42.893248558044434,0.031558990478515625
1660,4.779303550720215,,42.92472982406616,0.031481266021728516
1661,4.803242206573486,,42.940781116485596,0.016051292419433594
1662,4.773310661315918,,42.97216320037842,0.015680789947509766
1663,4.7736029624938965,,43.003777265548706,0.031614065170288086
1664,4.762884140014648,,43.01968336105347,0.015906095504760742
1665,4.767621994018555,,43.051130294799805,0.01572108268737793
1666,4.764315128326416,,43.08270072937012,0.0315704345703125
1667,4.780364990234375,,43.1142954826355,0.03159475326538086
1668,4.778164863586426,,43.130165576934814,0.015870094299316406
1669,4.786673069000244,,43.16149616241455,0.015668630599975586
1670,4.79520320892334,,43.19322752952576,0.031731367111206055
1671,4.806069374084473,,43.20899724960327,0.01576972007751465
1672,4.7912678718566895,,43.240387201309204,0.015692710876464844
1673,4.798089504241943,,43.27196717262268,0.03157997131347656
1674,4.7744340896606445,,43.30329918861389,0.03133201599121094
1675,4.774049282073975,,43.32642078399658,0.02312159538269043
1676,4.765233039855957,,43.352771043777466,0.02635025978088379
1677,4.779435157775879,,43.375086545944214,0.022315502166748047
1678,4.763897895812988,,43.39818835258484,0.01570296287536621
1679,4.757683753967285,,43.42994046211243,0.03175210952758789
1680,4.769741058349609,,43.46132850646973,0.031388044357299805
1681,4.766118049621582,,43.47707414627075,0.01574563980102539
1682,4.763362884521484,,43.50885081291199,0.01567864418029785
1683,4.763416767120361,,43.540316581726074,0.031465768814086914
1684,4.761999130249023,,43.556111574172974,0.015794992446899414
1685,4.75767183303833,,43.58756995201111,0.015686511993408203
1686,4.7385969161987305,,43.619197368621826,0.03162741661071777
1687,4.729830265045166,,43.65057992935181,0.03138256072998047
1688,4.762738227844238,,43.66626334190369,0.015683412551879883
1689,4.744553565979004,,43.69802904129028,0.01567816734313965
1690,4.74127197265625,,43.72971224784851,0.03168320655822754
1691,4.747284889221191,,43.74558997154236,0.015877723693847656
1692,4.781853675842285,,43.77711820602417,0.01569056510925293
1693,4.758156776428223,,43.80859851837158,0.03148031234741211
1694,4.7478861808776855,,43.82436537742615,0.01576685905456543
1695,4.723781585693359,,43.857213258743286,0.017194509506225586
1696,4.737850189208984,,43.88768768310547,0.030474424362182617
1697,4.7178521156311035,,43.91908359527588,0.031395912170410156
1698,4.74524450302124,,43.93503189086914,0.01594829559326172
1699,4.731395721435547,,43.966641902923584,0.01568007469177246
1700,4.733223915100098,0.8959543704986572,43.99831008911133,0.03166818618774414
1701,4.711939334869385,,44.0299928188324,0.031682729721069336
1702,4.706885814666748,,44.045645236968994,0.01565241813659668
1703,4.738768100738525,,44.07696318626404,0.014538049697875977
1704,4.718409538269043,,44.108343839645386,0.031380653381347656
1705,4.7278008460998535,,44.124443769454956,0.016099929809570312
1706,4.725257396697998,,44.1561861038208,0.016048431396484375
1707,4.704141616821289,,44.18779015541077,0.03160405158996582
1708,4.726592540740967,,44.20388436317444,0.016094207763671875
1709,4.720674514770508,,44.235329389572144,0.015655040740966797
1710,4.727385520935059,,44.26668167114258,0.03135228157043457
1711,4.7351250648498535,,44.282336711883545,0.015655040740966797
1712,4.733078956604004,,44.31365132331848,0.01565837860107422
1713,4.713970184326172,,44.345064878463745,0.03141355514526367
1714,4.742473125457764,,44.376622438430786,0.031557559967041016
1715,4.709082126617432,,44.392332315444946,0.015709877014160156
1716,4.668033123016357,,44.42363905906677,0.015658140182495117
1717,4.714853286743164,,44.45517945289612,0.0315403938293457
1718,4.722293853759766,,44.48660922050476,0.03142976760864258
1719,4.739382743835449,,44.50226712226868,0.015657901763916016
1720,4.6965742111206055,,44.533660888671875,0.015647172927856445
1721,4.727331161499023,,44.565025329589844,0.03136444091796875
1722,4.728189945220947,,44.580692529678345,0.015667200088500977
1723,4.685032844543457,,44.61200189590454,0.01566338539123535
1724,4.693387985229492,,44.64341616630554,0.03141427040100098
1725,4.70880651473999,,44.674763441085815,0.03134727478027344
1726,4.671436309814453,,44.690407276153564,0.015643835067749023
1727,4.685969829559326,,44.72171711921692,0.015646934509277344
1728,4.699454307556152,,44.7530779838562,0.03136086463928223
1729,4.650543212890625,,44.78443121910095,0.03135323524475098
1730,4.679779052734375,,44.80007839202881,0.015647172927856445
1731,4.723356246948242,,44.81578326225281,0.015704870223999023
1732,4.69519567489624,,44.84726691246033,0.01566290855407715
1733,4.647294998168945,,44.862969636917114,0.01570272445678711
1734,4.699328422546387,,44.89442706108093,0.015650510787963867
1735,4.676861763000488,,44.92626452445984,0.03183746337890625
1736,4.656172752380371,,44.94819617271423,0.02193164825439453
1737,4.677297592163086,,44.97362661361694,0.02543044090270996
1738,4.67099666595459,,44.995545387268066,0.021918773651123047
1739,4.6753997802734375,,45.02108931541443,0.025543928146362305
1740,4.684025764465332,,45.036871910095215,0.015782594680786133
1741,4.661355972290039,,45.06875467300415,0.015856266021728516
1742,4.667016983032227,,45.10054922103882,0.03179454803466797
1743,4.654425144195557,,45.11636829376221,0.015819072723388672
1744,4.641672134399414,,45.14797258377075,0.015918731689453125
1745,4.676975727081299,,45.17965483665466,0.03168225288391113
1746,4.674378395080566,,45.21146845817566,0.031813621520996094
1747,4.689018249511719,,45.22760534286499,0.014816522598266602
1748,4.652761459350586,,45.2591609954834,0.015683650970458984
1749,4.667750358581543,,45.290547370910645,0.031386375427246094
1750,4.695097923278809,,45.30627632141113,0.01572895050048828
1751,4.681012153625488,,45.33763647079468,0.01567554473876953
1752,4.678668975830078,,45.36923670768738,0.031600236892700195
1753,4.6869635581970215,,45.400755167007446,0.03151845932006836
1754,4.630498886108398,,45.417831897735596,0.017076730728149414
1755,4.65594482421875,,45.44806241989136,0.01568746566772461
1756,4.6692705154418945,,45.47960638999939,0.03154397010803223
1757,4.667841911315918,,45.49532651901245,0.015720129013061523
1758,4.648860454559326,,45.526761054992676,0.015687942504882812
1759,4.654183864593506,,45.5581955909729,0.03143453598022461
1760,4.649141311645508,,45.5896213054657,0.03142571449279785
1761,4.667862892150879,,45.60534071922302,0.01571941375732422
1762,4.641693592071533,,45.6368350982666,0.01583075523376465
1763,4.6511006355285645,,45.66841673851013,0.03158164024353027
1764,4.6553239822387695,,45.69980978965759,0.03139305114746094
1765,4.626997947692871,,45.71574282646179,0.01593303680419922
1766,4.643388271331787,,45.74717974662781,0.015725374221801758
1767,4.649643898010254,,45.77868986129761,0.031510114669799805
1768,4.609737396240234,,45.79437184333801,0.015681982040405273
1769,4.639766693115234,,45.82593870162964,0.01586461067199707
1770,4.624258518218994,,45.857372522354126,0.031433820724487305
1771,4.661667346954346,,45.88910412788391,0.031731605529785156
1772,4.615962982177734,,45.90523886680603,0.01613473892211914
1773,4.6506218910217285,,45.93692755699158,0.031688690185546875
1774,4.646747589111328,,45.96838641166687,0.03145885467529297
1775,4.624462127685547,,45.98412322998047,0.015736818313598633
1776,4.590005874633789,,46.01568794250488,0.015881776809692383
1777,4.639519214630127,,46.04712748527527,0.03143954277038574
1778,4.614096164703369,,46.062814712524414,0.015687227249145508
1779,4.6184892654418945,,46.09455585479736,0.015751123428344727
1780,4.6274542808532715,,46.12596368789673,0.031407833099365234
1781,4.6276726722717285,,46.15737557411194,0.03141188621520996
1782,4.627010345458984,,46.173404693603516,0.01602911949157715
1783,4.628958702087402,,46.20507764816284,0.015990734100341797
1784,4.624998092651367,,46.2365243434906,0.03144669532775879
1785,4.631350994110107,,46.252384424209595,0.01586008071899414
1786,4.628668308258057,,46.283793687820435,0.015682220458984375
1787,4.656012535095215,,46.315306186676025,0.03151249885559082
1788,4.5970659255981445,,46.34670543670654,0.03139925003051758
1789,4.622014045715332,,46.36252760887146,0.015822172164916992
1790,4.5924177169799805,,46.39400124549866,0.015726327896118164
1791,4.605950355529785,,46.42567777633667,0.031676530838012695
1792,4.599869251251221,,46.4570677280426,0.03138995170593262
1793,4.628656387329102,,46.47278332710266,0.015715599060058594
1794,4.633626461029053,,46.50446653366089,0.015943527221679688
1795,4.588007926940918,,46.53592848777771,0.03146195411682129
1796,4.596406936645508,,46.55164122581482,0.015712738037109375
1797,4.596096992492676,,46.584426164627075,0.017103195190429688
1798,4.5854172706604,,46.6145715713501,0.03014540672302246
1799,4.609743118286133,,46.64632034301758,0.03174877166748047
1800,4.568441390991211,0.8905872702598572,46.66225719451904,0.015936851501464844
1801,4.601746559143066,,46.69381380081177,0.015878677368164062
1802,4.611750602722168,,46.72538375854492,0.0315699577331543
1803,4.592981338500977,,46.75717854499817,0.03179478645324707
1804,4.618707180023193,,46.77311038970947,0.01593184471130371
1805,4.611904144287109,,46.80449104309082,0.015666961669921875
1806,4.62448263168335,,46.83640456199646,0.03191351890563965
1807,4.614749431610107,,46.85207271575928,0.015668153762817383
1808,4.579737663269043,,46.884159564971924,0.01601409912109375
1809,4.587151527404785,,46.915754079818726,0.03159451484680176
1810,4.596596717834473,,46.94764161109924,0.03188753128051758
1811,4.594332695007324,,46.963318824768066,0.015677213668823242
1812,4.606908798217773,,46.99471688270569,0.015671730041503906
1813,4.593191146850586,,47.026143312454224,0.031426429748535156
1814,4.556889057159424,,47.04196524620056,0.01582193374633789
1815,4.56911563873291,,47.07345795631409,0.01572251319885254
1816,4.580140113830566,,47.1061110496521,0.032653093338012695
1817,4.583195686340332,,47.13638138771057,0.03027033805847168
1818,4.578976631164551,,47.15205693244934,0.01567554473876953
1819,4.5673017501831055,,47.183502197265625,0.01572251319885254
1820,4.562932968139648,,47.21527314186096,0.031770944595336914
1821,4.581782817840576,,47.23134255409241,0.016069412231445312
1822,4.584112644195557,,47.2630729675293,0.015741586685180664
1823,4.576967239379883,,47.29447269439697,0.03139972686767578
1824,4.575606346130371,,47.32592439651489,0.03145170211791992
1825,4.579721927642822,,47.34164643287659,0.015722036361694336
1826,4.549914360046387,,47.37315821647644,0.01573967933654785
1827,4.549371719360352,,47.404569149017334,0.031410932540893555
1828,4.590479373931885,,47.42040705680847,0.015837907791137695
1829,4.544312000274658,,47.452208042144775,0.01568293571472168
1830,4.555758476257324,,47.48368215560913,0.03147411346435547
1831,4.547360420227051,,47.51564979553223,0.0319676399230957
1832,4.5724287033081055,,47.531329870224,0.01568007469177246
1833,4.545849323272705,,47.5627236366272,0.015673398971557617
1834,4.545743942260742,,47.594252824783325,0.03152918815612793
1835,4.556089401245117,,47.625702142715454,0.031449317932128906
1836,4.556696891784668,,47.64152193069458,0.015819787979125977
1837,4.5206708908081055,,47.67326092720032,0.01587080955505371
1838,4.530612468719482,,47.70467662811279,0.031415700912475586
1839,4.518932342529297,,47.72039294242859,0.0157163143157959
1840,4.53964376449585,,47.752556800842285,0.016094207763671875
1841,4.545056343078613,,47.78421950340271,0.031662702560424805
1842,4.531236171722412,,47.79993772506714,0.01571822166442871
1843,4.555131912231445,,47.83148384094238,0.0156402587890625
1844,4.53687858581543,,47.86341905593872,0.03193521499633789
1845,4.532505989074707,,47.89478254318237,0.031363487243652344
1846,4.554312705993652,,47.91057348251343,0.015790939331054688
1847,4.540518283843994,,47.94197630882263,0.015686988830566406
1848,4.547396183013916,,47.9734308719635,0.03145456314086914
1849,4.5455498695373535,,47.98910164833069,0.0156707763671875
1850,4.546708106994629,,48.02078461647034,0.015796184539794922
1851,4.54150390625,,48.052327156066895,0.03154253959655762
1852,4.543753147125244,,48.08373236656189,0.03140521049499512
1853,4.545982837677002,,48.0996880531311,0.015955686569213867
1854,4.504393100738525,,48.13110303878784,0.015685558319091797
1855,4.564491271972656,,48.16250419616699,0.03140115737915039
1856,4.555695056915283,,48.17822480201721,0.015720605850219727
1857,4.526573181152344,,48.20999026298523,0.015780210494995117
1858,4.5053815841674805,,48.24146127700806,0.03147101402282715
1859,4.521275520324707,,48.27332782745361,0.03186655044555664
1860,4.4729132652282715,,48.28905272483826,0.015724897384643555
1861,4.5210771560668945,,48.320443868637085,0.015665769577026367
1862,4.5137553215026855,,48.35195183753967,0.03150796890258789
1863,4.491365432739258,,48.3833167552948,0.03136491775512695
1864,4.547945976257324,,48.3991277217865,0.01581096649169922
1865,4.5368123054504395,,48.43098330497742,0.03185558319091797
1866,4.526593208312988,,48.46238851547241,0.03140521049499512
1867,4.510924339294434,,48.47811579704285,0.01572728157043457
1868,4.527449131011963,,48.50989246368408,0.01609659194946289
1869,4.509518623352051,,48.54132962226868,0.03143715858459473
1870,4.5197343826293945,,48.55703020095825,0.015700578689575195
1871,4.499900817871094,,48.589025259017944,0.016111135482788086
1872,4.5261688232421875,,48.620527029037476,0.03150177001953125
1873,4.515071392059326,,48.6522798538208,0.031752824783325195
1874,4.5439348220825195,,48.668994426727295,0.01671457290649414
1875,4.508509159088135,,48.699512004852295,0.01566767692565918
1876,4.480882167816162,,48.73130512237549,0.03179311752319336
1877,4.508878231048584,,48.747034788131714,0.015729665756225586
1878,4.521921157836914,,48.77846813201904,0.01575160026550293
1879,4.4879045486450195,,48.80996799468994,0.03149986267089844
1880,4.519298553466797,,48.8413782119751,0.03141021728515625
1881,4.503997325897217,,48.857123613357544,0.01574540138244629
1882,4.503117561340332,,48.888503074645996,0.015696287155151367
1883,4.474772930145264,,48.92009139060974,0.03158831596374512
1884,4.4745049476623535,,48.93581676483154,0.015725374221801758
1885,4.502285480499268,,48.96766185760498,0.016130685806274414
1886,4.507128715515137,,48.99909448623657,0.0314326286315918
1887,4.503996849060059,,49.030516147613525,0.031421661376953125
1888,4.509140968322754,,49.04627442359924,0.015758275985717773
1889,4.478387832641602,,49.07770752906799,0.015725374221801758
1890,4.521742820739746,,49.1095244884491,0.031816959381103516
1891,4.501966953277588,,49.12523651123047,0.01571202278137207
1892,4.4872331619262695,,49.15689516067505,0.015903472900390625
1893,4.485998153686523,,49.18832516670227,0.03143000602722168
1894,4.498407363891602,,49.21978235244751,0.03145718574523926
1895,4.48494815826416,,49.2355477809906,0.01576542854309082
1896,4.508176326751709,,49.26700973510742,0.015741586685180664
1897,4.503072738647461,,49.298593282699585,0.031583547592163086
1898,4.481939315795898,,49.31430983543396,0.015716552734375
1899,4.479548454284668,,49.345771074295044,0.015743494033813477
1900,4.48126220703125,0.8937634348869323,49.377524614334106,0.0317535400390625
1901,4.471249580383301,,49.409252882003784,0.031728267669677734
1902,4.506422996520996,,49.42497110366821,0.01571822166442871
1903,4.472131252288818,,49.456435203552246,0.01574087142944336
1904,4.468577861785889,,49.48812532424927,0.031690120697021484
1905,4.505790710449219,,49.51980137825012,0.03167605400085449
1906,4.467667579650879,,49.535531520843506,0.01573014259338379
1907,4.454183578491211,,49.56735396385193,0.016088008880615234
1908,4.4633917808532715,,49.59875512123108,0.03140115737915039
1909,4.462991714477539,,49.61442685127258,0.015671730041503906
1910,4.477899074554443,,49.64599967002869,0.015727996826171875
1911,4.476401329040527,,49.677743434906006,0.031743764877319336
1912,4.49622106552124,,49.69376182556152,0.016018390655517578
1913,4.469557762145996,,49.72517967224121,0.015684843063354492
1914,4.4716997146606445,,49.75664806365967,0.015738964080810547
1915,4.4769182205200195,,49.788042068481445,0.031394004821777344
1916,4.444630146026611,,49.80375623703003,0.015714168548583984
1917,4.474891185760498,,49.835190773010254,0.01572251319885254
1918,4.4648237228393555,,49.866695404052734,0.03150463104248047
1919,4.447710037231445,,49.89816880226135,0.031473398208618164
1920,4.482707500457764,,49.91396999359131,0.015801191329956055
1921,4.464793682098389,,49.9457585811615,0.01604461669921875
1922,4.492122650146484,,49.97714877128601,0.03139019012451172
1923,4.5071120262146,,49.992825508117676,0.01567673683166504
1924,4.48571252822876,,50.024476528167725,0.01576519012451172
1925,4.425942420959473,,50.055922746658325,0.031446218490600586
1926,4.483309745788574,,50.0873658657074,0.031443119049072266
1927,4.435860633850098,,50.10322093963623,0.015855073928833008
1928,4.468995571136475,,50.13480091094971,0.015726566314697266
1929,4.490143775939941,,50.166189432144165,0.03138852119445801
1930,4.4790191650390625,,50.181899070739746,0.015709638595581055
1931,4.434171199798584,,50.21357297897339,0.01569223403930664
1932,4.463634014129639,,50.24504113197327,0.03146815299987793
1933,4.447124481201172,,50.27642774581909,0.031386613845825195
1934,4.4226531982421875,,50.292123317718506,0.015695571899414062
1935,4.4431586265563965,,50.323668003082275,0.015681982040405273
1936,4.443218231201172,,50.355623960494995,0.03195595741271973
1937,4.454277515411377,,50.37137317657471,0.015749216079711914
1938,4.4525957107543945,,50.40293335914612,0.015836000442504883
1939,4.434239387512207,,50.434410095214844,0.031476736068725586
1940,4.467100143432617,,50.46607446670532,0.031664371490478516
1941,4.423548221588135,,50.481924295425415,0.015849828720092773
1942,4.47206449508667,,50.51385140419006,0.01614689826965332
1943,4.425731658935547,,50.545483112335205,0.0316317081451416
1944,4.445769309997559,,50.561362743377686,0.01587963104248047
1945,4.413762092590332,,50.59289741516113,0.01572132110595703
1946,4.434002876281738,,50.624650716781616,0.0317533016204834
1947,4.453724384307861,,50.64076066017151,0.016109943389892578
1948,4.42378568649292,,50.672398805618286,0.015802860260009766
1949,4.424386024475098,,50.70427346229553,0.031874656677246094
1950,4.436319828033447,,50.73574471473694,0.03147125244140625
1951,4.42587423324585,,50.751495599746704,0.015750885009765625
1952,4.453882217407227,,50.7829008102417,0.015684843063354492
1953,4.391757011413574,,50.81444263458252,0.03154182434082031
1954,4.430683135986328,,50.830161333084106,0.015718698501586914
1955,4.440307140350342,,50.86198329925537,0.01613020896911621
1956,4.410891532897949,,50.89337754249573,0.031394243240356445
1957,4.432187080383301,,50.925089597702026,0.03171205520629883
1958,4.425839424133301,,50.94077968597412,0.015690088272094727
1959,4.454134941101074,,50.97253608703613,0.01608729362487793
1960,4.440977096557617,,51.00437140464783,0.031835317611694336
1961,4.406771183013916,,51.020100593566895,0.015729188919067383
1962,4.416260242462158,,51.05155563354492,0.015734434127807617
1963,4.394781112670898,,51.082996129989624,0.03144049644470215
1964,4.389433860778809,,51.114561319351196,0.031565189361572266
1965,4.427155017852783,,51.13030290603638,0.015741586685180664
1966,4.413820266723633,,51.16172218322754,0.01572561264038086
1967,4.403992176055908,,51.19351840019226,0.03179621696472168
1968,4.429084777832031,,51.20957899093628,0.016060590744018555
1969,4.4201202392578125,,51.24097990989685,0.015682697296142578
1970,4.389778137207031,,51.2725043296814,0.0315244197845459
1971,4.4128899574279785,,51.30394697189331,0.03144264221191406
1972,4.419589042663574,,51.31962966918945,0.015682697296142578
1973,4.432084083557129,,51.351194620132446,0.015837669372558594
1974,4.438887119293213,,51.38259792327881,0.031403303146362305
1975,4.4341278076171875,,51.39833045005798,0.015732526779174805
1976,4.405148029327393,,51.42987012863159,0.015680313110351562
1977,4.39299201965332,,51.46139883995056,0.03152871131896973
1978,4.40985107421875,,51.4930362701416,0.03163743019104004
1979,4.42675256729126,,51.50875473022461,0.015718460083007812
1980,4.3940534591674805,,51.54045867919922,0.01598215103149414
1981,4.3640828132629395,,51.57212471961975,0.03166604042053223
1982,4.4146809577941895,,51.588072776794434,0.015948057174682617
1983,4.411625385284424,,51.619956970214844,0.01591634750366211
1984,4.403501033782959,,51.65145516395569,0.03149819374084473
1985,4.375118255615234,,51.682902097702026,0.03144693374633789
1986,4.393782615661621,,51.69864225387573,0.015740156173706055
1987,4.408669471740723,,51.73056602478027,0.01580524444580078
1988,4.384793281555176,,51.76197576522827,0.03140974044799805
1989,4.390192031860352,,51.77801251411438,0.0160367488861084
1990,4.39061975479126,,51.80947971343994,0.015747547149658203
1991,4.349509239196777,,51.840924978256226,0.03144526481628418
1992,4.390758514404297,,51.87263536453247,0.03171038627624512
1993,4.384186744689941,,51.89010238647461,0.017467021942138672
1994,4.404853820800781,,51.91982054710388,0.02971816062927246
1995,4.3624067306518555,,51.95148062705994,0.03166007995605469
1996,4.397624969482422,,51.967209339141846,0.01572871208190918
1997,4.391135215759277,,51.99885129928589,0.015913009643554688
1998,4.3533148765563965,,52.03031015396118,0.03145885467529297
1999,4.386525630950928,,52.06171727180481,0.03140711784362793
2000,4.375932216644287,0.8930948615074158,52.07739782333374,0.015680551528930664
2001,4.3898797035217285,,52.10880756378174,0.014539718627929688
2002,4.406024932861328,,52.14017033576965,0.03136277198791504
2003,4.368679046630859,,52.171618938446045,0.0314486026763916
2004,4.366154193878174,,52.18735980987549,0.01574087142944336
2005,4.377628326416016,,52.2189040184021,0.015861034393310547
2006,4.361286163330078,,52.250298738479614,0.03139472007751465
2007,4.381644248962402,,52.26596975326538,0.0156710147857666
2008,4.3505096435546875,,52.29755878448486,0.015683650970458984
2009,4.364866733551025,,52.32902932167053,0.031470537185668945
2010,4.3959808349609375,,52.36088967323303,0.0318603515625
2011,4.346619129180908,,52.37681794166565,0.015928268432617188
2012,4.357065200805664,,52.40868902206421,0.01615309715270996
2013,4.395575523376465,,52.44024848937988,0.03155946731567383
2014,4.39468240737915,,52.455962896347046,0.015714406967163086
2015,4.360136032104492,,52.48750352859497,0.015735626220703125
2016,4.350412368774414,,52.519068002700806,0.03156447410583496
2017,4.348176002502441,,52.55058693885803,0.03151893615722656
2018,4.35972785949707,,52.56627798080444,0.015691041946411133
2019,4.370738983154297,,52.59772253036499,0.015670299530029297
2020,4.367228031158447,,52.62924814224243,0.031525611877441406
2021,4.384011268615723,,52.64504075050354,0.0157926082611084
2022,4.351605415344238,,52.676504135131836,0.015700101852416992
2023,4.378681659698486,,52.70843744277954,0.03193330764770508
2024,4.343930244445801,,52.73986577987671,0.03142833709716797
2025,4.351843357086182,,52.75559210777283,0.015726327896118164
2026,4.341294765472412,,52.78736877441406,0.01605534553527832
2027,4.423361778259277,,52.81877684593201,0.031408071517944336
2028,4.387050151824951,,52.834599018096924,0.015822172164916992
2029,4.328897953033447,,52.86605906486511,0.015737533569335938
2030,4.341286659240723,,52.89771032333374,0.03165125846862793
2031,4.363965034484863,,52.91368126869202,0.015970945358276367
2032,4.324352741241455,,52.94528365135193,0.015892982482910156
2033,4.3476948738098145,,52.97714042663574,0.03185677528381348
2034,4.341070175170898,,53.008506059646606,0.03136563301086426
2035,4.357464790344238,,53.02439284324646,0.015886783599853516
2036,4.304670333862305,,53.05615711212158,0.016034364700317383
2037,4.332278251647949,,53.087557315826416,0.031400203704833984
2038,4.353864669799805,,53.10332679748535,0.015769481658935547
2039,4.338391304016113,,53.134729862213135,0.015682458877563477
2040,4.347524166107178,,53.16612005233765,0.03139019012451172
2041,4.350049018859863,,53.19758105278015,0.03146100044250488
2042,4.365215301513672,,53.2132933139801,0.015712261199951172
2043,4.3433027267456055,,53.24492931365967,0.01598334312438965
2044,4.354794025421143,,53.276355028152466,0.03142571449279785
2045,4.324954032897949,,53.2920823097229,0.01572728157043457
2046,4.349898815155029,,53.32704496383667,0.019279003143310547
2047,4.3359174728393555,,53.35505723953247,0.015818357467651367
2048,4.355126857757568,,53.38651895523071,0.03146171569824219
2049,4.322342872619629,,53.40224647521973,0.015727519989013672
2050,4.3167266845703125,,53.43435478210449,0.016100645065307617
2051,4.3378095626831055,,53.450380086898804,0.016025304794311523
2052,4.34622049331665,,53.48211860656738,0.016057729721069336
2053,4.311896324157715,,53.49827027320862,0.01615166664123535
2054,4.340372085571289,,53.53038215637207,0.03211188316345215
2055,4.359021186828613,,53.54652261734009,0.016140460968017578
2056,4.333461761474609,,53.578490018844604,0.0319674015045166
2057,4.332197189331055,,53.59453892707825,0.016048908233642578
2058,4.347297668457031,,53.62624740600586,0.031708478927612305
2059,4.3525261878967285,,53.64232635498047,0.016078948974609375
2060,4.328716278076172,,53.67444944381714,0.03212308883666992
2061,4.320298194885254,,53.69040060043335,0.015951156616210938
2062,4.329527854919434,,53.722609996795654,0.03220939636230469
2063,4.304113388061523,,53.7384991645813,0.01588916778564453
2064,4.336747169494629,,53.77031064033508,0.03181147575378418
2065,4.318166732788086,,53.786250591278076,0.015939950942993164
2066,4.327728271484375,,53.81831431388855,0.03206372261047363
2067,4.322593688964844,,53.83421206474304,0.015897750854492188
2068,4.353665351867676,,53.86587619781494,0.031664133071899414
2069,4.326995372772217,,53.881972551345825,0.01609635353088379
2070,4.30043888092041,,53.91413068771362,0.03215813636779785
2071,4.3174848556518555,,53.9301016330719,0.015970945358276367
2072,4.336118221282959,,53.961987018585205,0.031885385513305664
2073,4.327114105224609,,53.977952003479004,0.015964984893798828
2074,4.315230369567871,,53.99404549598694,0.01609349250793457
2075,4.330672264099121,,54.02604413032532,0.015842437744140625
2076,4.325329303741455,,54.04182314872742,0.01577901840209961
2077,4.354611873626709,,54.0736289024353,0.015795469284057617
2078,4.312215805053711,,54.08973264694214,0.016103744506835938
2079,4.329926013946533,,54.12133502960205,0.014660120010375977
2080,4.292962074279785,,54.1371009349823,0.015765905380249023
2081,4.2773942947387695,,54.16895151138306,0.015767574310302734
2082,4.2991180419921875,,54.20055866241455,0.015804290771484375
2083,4.279000282287598,,54.231966495513916,0.031407833099365234
2084,4.284237861633301,,54.24764919281006,0.015682697296142578
2085,4.319928169250488,,54.27910280227661,0.015687942504882812
2086,4.328054428100586,,54.31048393249512,0.03138113021850586
2087,4.298762321472168,,54.34201002120972,0.03152608871459961
2088,4.287076950073242,,54.35811424255371,0.01610422134399414
2089,4.279348373413086,,54.38968205451965,0.01584148406982422
2090,4.330879211425781,,54.4211962223053,0.03151416778564453
2091,4.306084632873535,,54.436931133270264,0.01573491096496582
2092,4.311605453491211,,54.47013711929321,0.017518043518066406
2093,4.321921348571777,,54.49990677833557,0.0297696590423584
2094,4.301674842834473,,54.53141951560974,0.03151273727416992
2095,4.292678356170654,,54.54744839668274,0.016028881072998047
2096,4.276698112487793,,54.57891845703125,0.015688180923461914
2097,4.296062469482422,,54.61041712760925,0.03149867057800293
2098,4.2816925048828125,,54.62648272514343,0.016065597534179688
2099,4.272611618041992,,54.65863275527954,0.016130924224853516
2100,4.297862529754639,0.8957749366760254,54.69046092033386,0.03182816505432129
2101,4.31325626373291,,54.7223117351532,0.03185081481933594
2102,4.291093826293945,,54.73804235458374,0.015730619430541992
2103,4.2847700119018555,,54.769909381866455,0.015721797943115234
2104,4.298394680023193,,54.801398277282715,0.031488895416259766
2105,4.3171892166137695,,54.817158937454224,0.01576066017150879
2106,4.287609100341797,,54.84891891479492,0.01602792739868164
2107,4.303408622741699,,54.88041114807129,0.03149223327636719
2108,4.25678014755249,,54.91214323043823,0.03173208236694336
2109,4.268417835235596,,54.92786955833435,0.015726327896118164
2110,4.291844367980957,,54.95966196060181,0.031792402267456055
2111,4.304218769073486,,54.97539019584656,0.015728235244750977
2112,4.288071155548096,,55.00726342201233,0.031873226165771484
2113,4.280075550079346,,55.02326226234436,0.01599884033203125
2114,4.2904767990112305,,55.03941822052002,0.01615595817565918
2115,4.304934978485107,,55.071208477020264,0.01569199562072754
2116,4.2629828453063965,,55.08729791641235,0.016089439392089844
2117,4.281149864196777,,55.11900568008423,0.015680789947509766
2118,4.287720680236816,,55.134852170944214,0.01584649085998535
2119,4.289217948913574,,55.1665825843811,0.015683650970458984
2120,4.277217864990234,,55.1825168132782,0.015934228897094727
2121,4.271421432495117,,55.21466279029846,0.016152381896972656
2122,4.287729740142822,,55.23063898086548,0.0159761905670166
2123,4.310563087463379,,55.26223421096802,0.015936851501464844
2124,4.312939643859863,,55.2783842086792,0.01614999771118164
2125,4.292036533355713,,55.3098464012146,0.015737533569335938
2126,4.243853569030762,,55.34121823310852,0.0313718318939209
2127,4.26590633392334,,55.356990337371826,0.01176595687866211
2128,4.266824722290039,,55.388604164123535,0.018685102462768555
2129,4.284969329833984,,55.40437459945679,0.011764287948608398
2130,4.2520036697387695,,55.435298681259155,0.0177915096282959
2131,4.261430740356445,,55.45117163658142,0.009502172470092773
2132,4.295428276062012,,55.482916831970215,0.017473220825195312
2133,4.258918762207031,,55.505510330200195,0.016576528549194336
2134,4.275748252868652,,55.53076410293579,0.025253772735595703
2135,4.277812957763672,,55.55300521850586,0.02224111557006836
2136,4.282043933868408,,55.578524589538574,0.025519371032714844
2137,4.278769016265869,,55.60059404373169,0.022069454193115234
2138,4.248456954956055,,55.626118898391724,0.02552485466003418
2139,4.275965690612793,,55.64820742607117,0.02208852767944336
2140,4.262908458709717,,55.67368507385254,0.02547764778137207
2141,4.237557411193848,,55.695919036865234,0.022233963012695312
2142,4.283590316772461,,55.721091508865356,0.02517247200012207
2143,4.251418590545654,,55.743300676345825,0.02220916748046875
2144,4.248039245605469,,55.76875877380371,0.025458097457885742
2145,4.254340171813965,,55.790745973587036,0.021987199783325195
2146,4.248380184173584,,55.816237449645996,0.02549147605895996
2147,4.234957695007324,,55.83837151527405,0.022134065628051758
2148,4.232443809509277,,55.863330364227295,0.02495884895324707
2149,4.252535820007324,,55.88614273071289,0.022812366485595703
2150,4.230993747711182,,55.91008639335632,0.023943662643432617
2151,4.262712001800537,,55.933842420578,0.023756027221679688
2152,4.222820281982422,,55.95947241783142,0.02562999725341797
2153,4.270545959472656,,55.98145914077759,0.021986722946166992
2154,4.20590877532959,,56.00511622428894,0.02365708351135254
2155,4.238776206970215,,56.029059410095215,0.023943185806274414
2156,4.2528581619262695,,56.052794456481934,0.02373504638671875
2157,4.24715518951416,,56.07650566101074,0.023711204528808594
2158,4.260091781616211,,56.100228786468506,0.023723125457763672
2159,4.234647750854492,,56.12396955490112,0.023740768432617188
2160,4.250545024871826,,56.14948654174805,0.025516986846923828
2161,4.226667881011963,,56.17154860496521,0.022062063217163086
2162,4.233783721923828,,56.19526124000549,0.023712635040283203
2163,4.224804878234863,,56.219138622283936,0.023877382278442383
2164,4.265994071960449,,56.24263620376587,0.01578044891357422
2165,4.2256951332092285,,56.266571044921875,0.02393484115600586
2166,4.254702568054199,,56.292068004608154,0.025496959686279297
2167,4.2398481369018555,,56.31412100791931,0.022053003311157227
2168,4.224278450012207,,56.33956551551819,0.025444507598876953
2169,4.249672889709473,,56.36156344413757,0.021997928619384766
2170,4.207047462463379,,56.38717699050903,0.017830371856689453
2171,4.235766410827637,,56.40922546386719,0.022048473358154297
2172,4.225992202758789,,56.43471956253052,0.025494098663330078
2173,4.216325759887695,,56.456889152526855,0.02216958999633789
2174,4.257436275482178,,56.48213052749634,0.017928600311279297
2175,4.24712610244751,,56.50433325767517,0.022202730178833008
2176,4.235063552856445,,56.52780103683472,0.015774965286254883
2177,4.237408638000488,,56.551902294158936,0.02410125732421875
2178,4.253305912017822,,56.57738375663757,0.017808914184570312
2179,4.256613731384277,,56.59937644004822,0.02199268341064453
2180,4.230810165405273,,56.623132944107056,0.02375650405883789
2181,4.238178253173828,,56.64695906639099,0.023826122283935547
2182,4.2326788902282715,,56.67061138153076,0.023652315139770508
2183,4.223527908325195,,56.69432830810547,0.02371692657470703
2184,4.2198333740234375,,56.71789526939392,0.02356696128845215
2185,4.21943998336792,,56.741904973983765,0.02400970458984375
2186,4.21254301071167,,56.7674241065979,0.025519132614135742
2187,4.2000203132629395,,56.789653301239014,0.02222919464111328
2188,4.202226638793945,,56.81523251533508,0.025579214096069336
2189,4.24233341217041,,56.83724856376648,0.022016048431396484
2190,4.19849967956543,,56.861292362213135,0.024043798446655273
2191,4.213329315185547,,56.88509678840637,0.023804426193237305
2192,4.237075328826904,,56.90865230560303,0.015868663787841797
2193,4.226086616516113,,56.9326605796814,0.02400827407836914
2194,4.194761753082275,,56.956427574157715,0.01603102684020996
2195,4.234918594360352,,56.982460021972656,0.026032447814941406
2196,4.2220001220703125,,57.0062940120697,0.01794719696044922
2197,4.216568470001221,,57.02832078933716,0.022026777267456055
2198,4.200939178466797,,57.05382323265076,0.017740488052368164
2199,4.236217498779297,,57.075828552246094,0.022005319595336914
2200,4.239278316497803,0.8922796130180359,57.102418184280396,0.01885509490966797
2201,4.196602821350098,,57.12604260444641,0.023624420166015625
2202,4.2251787185668945,,57.15126013755798,0.020082473754882812
2203,4.209630012512207,,57.17357850074768,0.022318363189697266
2204,4.215104103088379,,57.19898700714111,0.019780397415161133
2205,4.188040256500244,,57.22125792503357,0.022270917892456055
2206,4.245197772979736,,57.2464714050293,0.020028352737426758
2207,4.206653594970703,,57.26879405975342,0.022322654724121094
2208,4.234502792358398,,57.29408311843872,0.01998615264892578
2209,4.1890058517456055,,57.31642150878906,0.022338390350341797
2210,4.223526477813721,,57.34179997444153,0.020130395889282227
2211,4.209875106811523,,57.36737108230591,0.025571107864379883
2212,4.215395927429199,,57.39165925979614,0.02199578285217285
2213,4.218379497528076,,57.4165940284729,0.024934768676757812
2214,4.232563018798828,,57.438942670822144,0.022348642349243164
2215,4.196529388427734,,57.46432423591614,0.02538156509399414
2216,4.224143981933594,,57.48672533035278,0.022401094436645508
2217,4.178839683532715,,57.51225543022156,0.025530099868774414
2218,4.213877201080322,,57.5345196723938,0.02226424217224121
2219,4.191351890563965,,57.560052156448364,0.02553248405456543
2220,4.212311744689941,,57.58214259147644,0.022090435028076172
2221,4.212734222412109,,57.60769462585449,0.025552034378051758
2222,4.1762614250183105,,57.629878520965576,0.022183895111083984
2223,4.222089767456055,,57.65508151054382,0.02520298957824707
2224,4.174244403839111,,57.67744445800781,0.022362947463989258
2225,4.194012641906738,,57.70268726348877,0.02524280548095703
2226,4.1697611808776855,,57.72514081001282,0.02245354652404785
2227,4.184841156005859,,57.75035810470581,0.025217294692993164
2228,4.196641445159912,,57.77261996269226,0.022261857986450195
2229,4.150705337524414,,57.79832363128662,0.02570366859436035
2230,4.1967267990112305,,57.820337533950806,0.02201390266418457
2231,4.216549873352051,,57.846086263656616,0.025748729705810547
2232,4.2178497314453125,,57.867804288864136,0.02171802520751953
2233,4.199033737182617,,57.89358615875244,0.025781869888305664
2234,4.204462051391602,,57.915297508239746,0.021711349487304688
2235,4.189629554748535,,57.94071865081787,0.025421142578125
2236,4.16702127456665,,57.962615728378296,0.021897077560424805
2237,4.20482063293457,,57.98800468444824,0.02538895606994629
2238,4.189761161804199,,58.01003098487854,0.02202630043029785
2239,4.204631805419922,,58.035451889038086,0.0254209041595459
2240,4.1653900146484375,,58.05739164352417,0.021939754486083984
2241,4.206506729125977,,58.08315563201904,0.025763988494873047
2242,4.177906513214111,,58.10492420196533,0.021768569946289062
2243,4.174694538116455,,58.13063049316406,0.02570629119873047
2244,4.156233787536621,,58.15238285064697,0.021752357482910156
2245,4.189387321472168,,58.17778730392456,0.02540445327758789
2246,4.157903671264648,,58.19980835914612,0.022021055221557617
2247,4.167484283447266,,58.225324869155884,0.025516510009765625
2248,4.1706438064575195,,58.247398853302,0.022073984146118164
2249,4.187823295593262,,58.27291464805603,0.02551579475402832
2250,4.183289051055908,,58.294920682907104,0.02200603485107422
2251,4.172665119171143,,58.32032012939453,0.025399446487426758
2252,4.175265312194824,,58.3359854221344,0.015665292739868164
2253,4.166268825531006,,58.367613315582275,0.015722274780273438
2254,4.177863121032715,,58.39907789230347,0.031464576721191406
2255,4.204024791717529,,58.414976835250854,0.015898942947387695
2256,4.179791450500488,,58.44631838798523,0.015677452087402344
2257,4.141092300415039,,58.47770071029663,0.03138232231140137
2258,4.207430839538574,,58.509119510650635,0.031418800354003906
2259,4.174805641174316,,58.52492642402649,0.015806913375854492
2260,4.163874626159668,,58.556660652160645,0.015685319900512695
2261,4.187495231628418,,58.588096618652344,0.03143596649169922
2262,4.160554885864258,,58.60396194458008,0.015865325927734375
2263,4.171834468841553,,58.635315895080566,0.015697717666625977
2264,4.16727876663208,,58.66708207130432,0.03176617622375488
2265,4.206094264984131,,58.69854664802551,0.031464576721191406
2266,4.182928085327148,,58.7146372795105,0.01609063148498535
2267,4.174332618713379,,58.74595785140991,0.015676498413085938
2268,4.16948127746582,,58.777414083480835,0.03145623207092285
2269,4.177761554718018,,58.79333734512329,0.015923261642456055
2270,4.162561416625977,,58.82468342781067,0.015691518783569336
2271,4.1466875076293945,,58.8564817905426,0.031798362731933594
2272,4.165597915649414,,58.888107776641846,0.031625986099243164
2273,4.142589092254639,,58.9039204120636,0.01581263542175293
2274,4.159947395324707,,58.935452699661255,0.0157010555267334
2275,4.164295673370361,,58.96708297729492,0.03163027763366699
2276,4.16782283782959,,58.982999324798584,0.01591634750366211
2277,4.142938613891602,,59.01434278488159,0.015679359436035156
2278,4.160228729248047,,59.046146392822266,0.03180360794067383
2279,4.178604602813721,,59.07765579223633,0.0315093994140625
2280,4.14777946472168,,59.09368300437927,0.016027212142944336
2281,4.127702713012695,,59.12565517425537,0.01615142822265625
2282,4.157685279846191,,59.15701937675476,0.03136420249938965
2283,4.156673431396484,,59.17284822463989,0.015828847885131836
2284,4.1381330490112305,,59.204288721084595,0.015675783157348633
2285,4.160369396209717,,59.23584055900574,0.03155183792114258
2286,4.134246826171875,,59.26732778549194,0.031487226486206055
2287,4.188685417175293,,59.28302526473999,0.015697479248046875
2288,4.1407084465026855,,59.314693212509155,0.015688657760620117
2289,4.151339530944824,,59.34625005722046,0.03155684471130371
2290,4.151333332061768,,59.362008810043335,0.015758752822875977
2291,4.142017364501953,,59.393622398376465,0.01568317413330078
2292,4.1512556076049805,,59.42517113685608,0.03154873847961426
2293,4.12745475769043,,59.45660209655762,0.031430959701538086
2294,4.119677543640137,,59.47234058380127,0.015738487243652344
2295,4.165524482727051,,59.50406193733215,0.03172135353088379
2296,4.1375885009765625,,59.536012172698975,0.03195023536682129
2297,4.1555986404418945,,59.552125215530396,0.0161130428314209
2298,4.151027679443359,,59.58378052711487,0.01567244529724121
2299,4.164639472961426,,59.615471839904785,0.03169131278991699
2300,4.150759696960449,0.8944360256195069,59.64724946022034,0.03177762031555176
2301,4.148632049560547,,59.66330432891846,0.016054868698120117
2302,4.141470909118652,,59.69485807418823,0.015689611434936523
2303,4.158635139465332,,59.72643160820007,0.03157353401184082
2304,4.128466606140137,,59.74240303039551,0.01597142219543457
2305,4.13803768157959,,59.77377462387085,0.01572108268737793
2306,4.157349586486816,,59.80565547943115,0.031880855560302734
2307,4.137414932250977,,59.83725666999817,0.0316011905670166
2308,4.147431373596191,,59.853169441223145,0.015912771224975586
2309,4.129149913787842,,59.88493728637695,0.015682458877563477
2310,4.132565975189209,,59.916619539260864,0.03168225288391113
2311,4.136894226074219,,59.9326446056366,0.016025066375732422
2312,4.126894474029541,,59.963988065719604,0.015694141387939453
2313,4.169896602630615,,59.99576020240784,0.03177213668823242
2314,4.13831901550293,,60.02725601196289,0.03149580955505371
2315,4.121674537658691,,60.04328966140747,0.016033649444580078
2316,4.140083312988281,,60.07483243942261,0.01571965217590332
2317,4.142841339111328,,60.10675549507141,0.03192305564880371
2318,4.150934219360352,,60.1228404045105,0.016084909439086914
2319,4.149632453918457,,60.15450835227966,0.015681743621826172
2320,4.133199691772461,,60.18595862388611,0.03145027160644531
2321,4.1408915519714355,,60.20175385475159,0.015795230865478516
2322,4.127147674560547,,60.23309803009033,0.015694379806518555
2323,4.129993438720703,,60.26492619514465,0.03182816505432129
2324,4.159807205200195,,60.29654049873352,0.03161430358886719
2325,4.099286079406738,,60.31242084503174,0.015880346298217773
2326,4.125419616699219,,60.34377837181091,0.015679359436035156
2327,4.143484592437744,,60.37556171417236,0.031783342361450195
2328,4.112005233764648,,60.39167046546936,0.01610875129699707
2329,4.126897811889648,,60.423009157180786,0.015690326690673828
2330,4.142590522766113,,60.45437574386597,0.031366586685180664
2331,4.108854293823242,,60.48607301712036,0.03169727325439453
2332,4.10957145690918,,60.508612394332886,0.022539377212524414
2333,4.113521575927734,,60.53427481651306,0.02566242218017578
2334,4.15350341796875,,60.55630373954773,0.016280174255371094
2335,4.134011268615723,,60.58117127418518,0.024867534637451172
2336,4.0977067947387695,,60.60427641868591,0.023105144500732422
2337,4.130411624908447,,60.62827754020691,0.024001121520996094
2338,4.10325813293457,,60.6521577835083,0.0238802433013916
2339,4.10843563079834,,60.67778182029724,0.017914295196533203
2340,4.125078201293945,,60.69989585876465,0.022114038467407227
2341,4.1120076179504395,,60.7256498336792,0.01801896095275879
2342,4.135387420654297,,60.74775552749634,0.022105693817138672
2343,4.113926887512207,,60.77333855628967,0.01787400245666504
2344,4.103240013122559,,60.795414209365845,0.022075653076171875
2345,4.1365275382995605,,60.82113003730774,0.02571582794189453
2346,4.102604389190674,,60.843177795410156,0.022047758102416992
2347,4.14100456237793,,60.86704754829407,0.023869752883911133
2348,4.115638732910156,,60.890865325927734,0.023817777633666992
2349,4.116517066955566,,60.916475772857666,0.017899274826049805
2350,4.133042335510254,,60.938565492630005,0.022089719772338867
2351,4.1056318283081055,,60.964163303375244,0.025597810745239258
2352,4.12252950668335,,60.98634672164917,0.02218341827392578
2353,4.113274097442627,,61.01200294494629,0.017923831939697266
2354,4.11558723449707,,61.03417491912842,0.022171974182128906
2355,4.1257781982421875,,61.05783247947693,0.023657560348510742
2356,4.102151870727539,,61.0818829536438,0.024050474166870117
2357,4.1266889572143555,,61.10541081428528,0.015888214111328125
2358,4.104678153991699,,61.12945365905762,0.024042844772338867
2359,4.117713451385498,,61.155102014541626,0.01793813705444336
2360,4.094485759735107,,61.1772940158844,0.022192001342773438
2361,4.138907432556152,,61.202911615371704,0.025617599487304688
2362,4.114947319030762,,61.22500538825989,0.022093772888183594
2363,4.105709075927734,,61.25059485435486,0.017888784408569336
2364,4.109864234924316,,61.27272915840149,0.02213430404663086
2365,4.07330846786499,,61.29852318763733,0.025794029235839844
2366,4.116457939147949,,61.320613861083984,0.022090673446655273
2367,4.114893913269043,,61.35695028305054,0.028652667999267578
2368,4.102042198181152,,61.37807512283325,0.018128156661987305
2369,4.131369590759277,,61.403719425201416,0.025644302368164062
2370,4.128330230712891,,61.42773151397705,0.019880294799804688
2371,4.100045204162598,,61.45413899421692,0.02227187156677246
2372,4.096577167510986,,61.480000019073486,0.0217745304107666
2373,4.107084274291992,,61.497883558273315,0.0178835391998291
2374,4.0868635177612305,,61.527772665023804,0.015887737274169922
2375,4.123317241668701,,61.55940771102905,0.03163504600524902
2376,4.10813570022583,,61.57545709609985,0.01604938507080078
2377,4.091153621673584,,61.60697150230408,0.01567530632019043
2378,4.073616981506348,,61.63844323158264,0.03147172927856445
2379,4.11973237991333,,61.67007040977478,0.03162717819213867
2380,4.093324661254883,,61.68585658073425,0.015786170959472656
2381,4.082231521606445,,61.71734046936035,0.015706300735473633
2382,4.095790863037109,,61.748769760131836,0.031429290771484375
2383,4.094521999359131,,61.78158187866211,0.03281211853027344
2384,4.101673603057861,,61.79611158370972,0.014529705047607422
2385,4.076319217681885,,61.82752585411072,0.01574993133544922
2386,4.067410469055176,,61.859020709991455,0.031494855880737305
2387,4.08080530166626,,61.87499976158142,0.01597905158996582
2388,4.079214096069336,,61.9077033996582,0.017003297805786133
2389,4.0944108963012695,,61.9381685256958,0.030465126037597656
2390,4.071186542510986,,61.96974301338196,0.03157448768615723
2391,4.083205223083496,,61.985668897628784,0.015925884246826172
2392,4.097051620483398,,62.017382860183716,0.015700101852416992
2393,4.082849502563477,,62.04892015457153,0.03153729438781738
2394,4.0919389724731445,,62.064878940582275,0.015958786010742188
2395,4.063483715057373,,62.09623980522156,0.015674352645874023
2396,4.068386077880859,,62.127625703811646,0.03138589859008789
2397,4.102329254150391,,62.15908455848694,0.03145885467529297
2398,4.083587646484375,,62.174872398376465,0.015787839889526367
2399,4.12252140045166,,62.20648646354675,0.01567673683166504
2400,4.086400985717773,0.8960395693778992,62.2380805015564,0.031594038009643555
2401,4.071470260620117,,62.26944971084595,0.03136920928955078
2402,4.07703971862793,,62.285189151763916,0.01573944091796875
2403,4.099573135375977,,62.31676650047302,0.015691757202148438
2404,4.112921714782715,,62.34821820259094,0.03145170211791992
2405,4.085423469543457,,62.36400318145752,0.01578497886657715
2406,4.0894083976745605,,62.39535140991211,0.015675783157348633
2407,4.072145462036133,,62.42697811126709,0.03162670135498047
2408,4.094598770141602,,62.45850467681885,0.03152656555175781
2409,4.0895586013793945,,62.47433137893677,0.015826702117919922
2410,4.086403846740723,,62.50644063949585,0.03210926055908203
2411,4.075976848602295,,62.52812671661377,0.021686077117919922
2412,4.099350452423096,,62.55377697944641,0.0256502628326416
2413,4.068441867828369,,62.57570505142212,0.021928071975708008
2414,4.051252365112305,,62.60150218009949,0.025797128677368164
2415,4.077609539031982,,62.61721134185791,0.01570916175842285
2416,4.083902359008789,,62.649149894714355,0.03193855285644531
2417,4.060363292694092,,62.66492056846619,0.015770673751831055
2418,4.094532489776611,,62.69671559333801,0.03179502487182617
2419,4.076601028442383,,62.7124559879303,0.015740394592285156
2420,4.051037311553955,,62.74444627761841,0.03199028968811035
2421,4.083451747894287,,62.760127782821655,0.01568150520324707
2422,4.079357147216797,,62.7919499874115,0.03182220458984375
2423,4.07292366027832,,62.807785511016846,0.01583552360534668
2424,4.10758113861084,,62.83945322036743,0.03166770935058594
2425,4.093589782714844,,62.85548257827759,0.01602935791015625
2426,4.083859920501709,,62.8871123790741,0.03162980079650879
2427,4.077802658081055,,62.90312623977661,0.01601386070251465
2428,4.066568851470947,,62.91907024383545,0.01594400405883789
2429,4.065960884094238,,62.951098680496216,0.015039682388305664
2430,4.0525665283203125,,62.96682381629944,0.015725135803222656
2431,4.045872211456299,,62.99838733673096,0.015672683715820312
2432,4.079039096832275,,63.02994227409363,0.0315549373626709
2433,4.0526628494262695,,63.04567575454712,0.01573348045349121
2434,4.068843364715576,,63.07756042480469,0.03188467025756836
2435,4.106109619140625,,63.09330368041992,0.015743255615234375
2436,4.058340072631836,,63.125136613845825,0.03183293342590332
2437,4.084063529968262,,63.14198923110962,0.016852617263793945
2438,4.0479559898376465,,63.173126459121704,0.03113722801208496
2439,4.0563178062438965,,63.1888542175293,0.015727758407592773
2440,4.080480098724365,,63.22073459625244,0.03188037872314453
2441,4.095894813537598,,63.23646950721741,0.01573491096496582
2442,4.092587471008301,,63.26871991157532,0.032250404357910156
2443,4.082366943359375,,63.284398794174194,0.015678882598876953
2444,4.069239616394043,,63.30011701583862,0.01571822166442871
2445,4.0618577003479,,63.33192706108093,0.01567363739013672
2446,4.04770565032959,,63.3638436794281,0.03191661834716797
2447,4.041075706481934,,63.37955904006958,0.015715360641479492
2448,4.073853015899658,,63.41113996505737,0.03158092498779297
2449,4.0518951416015625,,63.42686057090759,0.015720605850219727
2450,4.040108680725098,,63.45887041091919,0.03200984001159668
2451,4.042667865753174,,63.47462487220764,0.01575446128845215
2452,4.081482410430908,,63.50645661354065,0.03183174133300781
2453,4.046726703643799,,63.522186517715454,0.015729904174804688
2454,4.037957191467285,,63.553916215896606,0.031729698181152344
2455,4.075183868408203,,63.5696587562561,0.01574254035949707
2456,4.033205986022949,,63.60168123245239,0.03202247619628906
2457,4.05996561050415,,63.61758875846863,0.01590752601623535
2458,4.037949562072754,,63.649731397628784,0.03214263916015625
2459,4.047197341918945,,63.66547966003418,0.015748262405395508
2460,4.043652057647705,,63.697242736816406,0.03176307678222656
2461,4.034010887145996,,63.713125228881836,0.015882492065429688
2462,4.0261430740356445,,63.74452614784241,0.03140091896057129
2463,4.057531356811523,,63.76025032997131,0.01572418212890625
2464,4.0316162109375,,63.79200744628906,0.03175711631774902
2465,4.060785293579102,,63.807843923568726,0.015836477279663086
2466,4.044354438781738,,63.83951783180237,0.03167390823364258
2467,4.055561065673828,,63.855403661727905,0.01588582992553711
2468,4.039870262145996,,63.88724088668823,0.03183722496032715
2469,4.052872657775879,,63.90318489074707,0.01594400405883789
2470,4.047297954559326,,63.93490767478943,0.0317227840423584
2471,4.0175042152404785,,63.950576305389404,0.015668630599975586
2472,4.061557292938232,,63.98204183578491,0.03146553039550781
2473,4.0602641105651855,,63.997912645339966,0.01587080955505371
2474,4.033851146697998,,64.02952647209167,0.031613826751708984
2475,4.027419090270996,,64.0453691482544,0.015842676162719727
2476,4.029623985290527,,64.07704901695251,0.03167986869812012
2477,4.0445780754089355,,64.09276485443115,0.015715837478637695
2478,4.043699264526367,,64.12446975708008,0.03170490264892578
2479,4.06840181350708,,64.1401994228363,0.015729665756225586
2480,4.042623519897461,,64.17194509506226,0.03174567222595215
2481,4.058174133300781,,64.18761730194092,0.01567220687866211
2482,4.036048889160156,,64.21949195861816,0.031874656677246094
2483,4.044435501098633,,64.2356071472168,0.016115188598632812
2484,4.046783447265625,,64.26773190498352,0.03212475776672363
2485,4.025793552398682,,64.28345441818237,0.01572251319885254
2486,4.036364555358887,,64.31530261039734,0.03184819221496582
2487,4.0162248611450195,,64.33102059364319,0.01571798324584961
2488,4.044199466705322,,64.36291527748108,0.031894683837890625
2489,4.024897575378418,,64.37863993644714,0.015724658966064453
2490,4.046865940093994,,64.39469385147095,0.01605391502380371
2491,4.050666809082031,,64.42639422416687,0.015772104263305664
2492,4.034475326538086,,64.44211173057556,0.015717506408691406
2493,4.071267127990723,,64.47389101982117,0.015700578689575195
2494,4.016227722167969,,64.48956418037415,0.015673160552978516
2495,4.020020961761475,,64.52126288414001,0.014509916305541992
2496,4.039092063903809,,64.53899836540222,0.01773548126220703
2497,4.014835357666016,,64.56873774528503,0.01573967933654785
2498,4.040821075439453,,64.58455014228821,0.015812397003173828
2499,4.034537315368652,,64.61650204658508,0.015872716903686523
2500,3.993129014968872,0.8931679844856262,64.64815497398376,0.03165292739868164
2501,4.045876502990723,,64.66421270370483,0.016057729721069336
2502,4.022634506225586,,64.69724011421204,0.03302741050720215
2503,4.01120138168335,,64.71215844154358,0.014918327331542969
2504,4.031618118286133,,64.74371480941772,0.03155636787414551
2505,4.029085159301758,,64.75941967964172,0.015704870223999023
2506,4.0479021072387695,,64.7912585735321,0.03183889389038086
2507,4.000575065612793,,64.80711936950684,0.015860795974731445
2508,4.032680511474609,,64.83883118629456,0.03171181678771973
2509,4.043448448181152,,64.8546974658966,0.01586627960205078
2510,4.003486633300781,,64.8863275051117,0.03163003921508789
2511,4.0085296630859375,,64.9032974243164,0.016969919204711914
2512,4.029361724853516,,64.93395256996155,0.0306551456451416
2513,4.019808769226074,,64.94970321655273,0.015750646591186523
2514,4.028383255004883,,64.98154211044312,0.03183889389038086
2515,4.039823055267334,,64.997225522995,0.015683412551879883
2516,4.0208420753479,,65.02897620201111,0.03175067901611328
2517,4.01235294342041,,65.04469418525696,0.01571798324584961
2518,4.021914005279541,,65.07658696174622,0.03189277648925781
2519,4.028552532196045,,65.0922589302063,0.015671968460083008
2520,4.048018455505371,,65.12408804893494,0.031829118728637695
2521,4.0138373374938965,,65.13980412483215,0.015716075897216797
2522,4.011385917663574,,65.17159175872803,0.03178763389587402
2523,4.021933078765869,,65.19579482078552,0.024203062057495117
2524,4.021024703979492,,65.21947503089905,0.01609325408935547
2525,4.028462886810303,,65.2352466583252,0.01577162742614746
2526,4.041255950927734,,65.26694536209106,0.03169870376586914
2527,4.0299882888793945,,65.28266596794128,0.015720605850219727
2528,4.013298034667969,,65.3148512840271,0.03218531608581543
2529,4.031376838684082,,65.33053207397461,0.015680789947509766
2530,4.017807960510254,,65.36239814758301,0.03186607360839844
2531,4.017971038818359,,65.37813401222229,0.015735864639282227
2532,3.9879841804504395,,65.41000366210938,0.03186964988708496
2533,4.017664432525635,,65.42596006393433,0.015956401824951172
2534,4.022794723510742,,65.45752358436584,0.031563520431518555
2535,3.9792990684509277,,65.47324347496033,0.015719890594482422
2536,4.008366584777832,,65.50480222702026,0.03155875205993652
2537,4.018923282623291,,65.52054214477539,0.015739917755126953
2538,4.058152198791504,,65.55226826667786,0.03172612190246582
2539,4.019997596740723,,65.56837034225464,0.016102075576782227
2540,4.008490562438965,,65.59980773925781,0.015684843063354492
2541,4.057542324066162,,65.6315529346466,0.031745195388793945
2542,3.995265245437622,,65.64727902412415,0.015726089477539062
2543,4.000703811645508,,65.67914175987244,0.0157620906829834
2544,4.034769535064697,,65.71054816246033,0.031406402587890625
2545,4.012155532836914,,65.72626686096191,0.015718698501586914
2546,3.995232343673706,,65.75799798965454,0.01577162742614746
2547,4.022940635681152,,65.77399134635925,0.015993356704711914
2548,4.0127410888671875,,65.80561566352844,0.0158538818359375
2549,3.9952731132507324,,65.82166171073914,0.01604604721069336
2550,4.01284122467041,,65.85345673561096,0.015856504440307617
2551,3.9906816482543945,,65.8692364692688,0.015779733657836914
2552,3.989269733428955,,65.90122437477112,0.015841245651245117
2553,4.001524925231934,,65.91694736480713,0.015722990036010742
2554,3.9980721473693848,,65.94851279258728,0.015737533569335938
2555,4.032392978668213,,65.96419310569763,0.015680313110351562
2556,3.9773170948028564,,65.99560213088989,0.015681743621826172
2557,4.0076985359191895,,66.01140117645264,0.01579904556274414
2558,3.997921943664551,,66.04323196411133,0.016047954559326172
2559,3.9862923622131348,,66.05902361869812,0.015791654586791992
2560,3.9997339248657227,,66.09083795547485,0.01580214500427246
2561,4.00333309173584,,66.10678553581238,0.015947580337524414
2562,3.9766082763671875,,66.13836860656738,0.01568293571472168
2563,3.9905550479888916,,66.15406918525696,0.015700578689575195
2564,4.031355381011963,,66.18584537506104,0.01580047607421875
2565,3.9809489250183105,,66.20156240463257,0.015717029571533203
2566,4.003795146942139,,66.23295593261719,0.01568770408630371
2567,3.9754621982574463,,66.248690366745,0.015734434127807617
2568,3.981438159942627,,66.28049826622009,0.015803813934326172
2569,4.013004302978516,,66.31194353103638,0.03144526481628418
2570,4.009840965270996,,66.32795190811157,0.016008377075195312
2571,4.011144638061523,,66.34405565261841,0.016103744506835938
2572,3.9857230186462402,,66.37598776817322,0.01587700843811035
2573,3.9861466884613037,,66.39192819595337,0.015940427780151367
2574,4.012341022491455,,66.4235589504242,0.015751361846923828
2575,4.006325721740723,,66.43948340415955,0.015924453735351562
2576,3.9991888999938965,,66.47137308120728,0.01593494415283203
2577,4.0047454833984375,,66.4871039390564,0.015730857849121094
2578,4.021181583404541,,66.51897144317627,0.01581573486328125
2579,3.99617338180542,,66.55034828186035,0.03137683868408203
2580,3.96783709526062,,66.56603193283081,0.015683650970458984
2581,4.017463207244873,,66.59780073165894,0.031768798828125
2582,3.97525691986084,,66.6136405467987,0.015839815139770508
2583,3.9940969944000244,,66.64557242393494,0.03193187713623047
2584,3.988294839859009,,66.66126084327698,0.015688419342041016
2585,4.001482963562012,,66.69319534301758,0.031934499740600586
2586,4.010794639587402,,66.7092912197113,0.016095876693725586
2587,4.001972675323486,,66.74099731445312,0.03170609474182129
2588,3.9911863803863525,,66.75673055648804,0.01573324203491211
2589,3.994668483734131,,66.78866720199585,0.0319366455078125
2590,3.979368209838867,,66.80466055870056,0.015993356704711914
2591,3.9472272396087646,,66.83652329444885,0.031862735748291016
2592,3.997323513031006,,66.85224413871765,0.015720844268798828
2593,3.9542508125305176,,66.88420701026917,0.03196287155151367
2594,4.004868507385254,,66.90015840530396,0.01595139503479004
2595,3.994264602661133,,66.93201112747192,0.03185272216796875
2596,3.959012508392334,,66.94790840148926,0.015897274017333984
2597,3.9616799354553223,,66.97975754737854,0.03184914588928223
2598,3.99442195892334,,66.99561810493469,0.015860557556152344
2599,3.993567943572998,,67.0274293422699,0.03181123733520508
2600,3.9776840209960938,0.8946144461631775,67.04315328598022,0.01572394371032715
2601,3.967561721801758,,67.07467079162598,0.015674352645874023
2602,3.9881393909454346,,67.09034991264343,0.015679121017456055
2603,3.9828193187713623,,67.12342762947083,0.01696300506591797
2604,3.975421905517578,,67.1379668712616,0.014539241790771484
2605,3.982246160507202,,67.16978859901428,0.015720129013061523
2606,3.9995689392089844,,67.18551707267761,0.015728473663330078
2607,3.965554714202881,,67.21738386154175,0.015836238861083984
2608,4.014407157897949,,67.2331223487854,0.015738487243652344
2609,3.9828455448150635,,67.26505184173584,0.01584339141845703
2610,3.9778523445129395,,67.2807674407959,0.015715599060058594
2611,3.9770777225494385,,67.31265044212341,0.015772581100463867
2612,3.9597415924072266,,67.32836627960205,0.015715837478637695
2613,3.982356071472168,,67.36030411720276,0.015785694122314453
2614,3.9793009757995605,,67.37598037719727,0.015676259994506836
2615,4.000072479248047,,67.4079852104187,0.01584768295288086
2616,3.9690372943878174,,67.42412447929382,0.01613926887512207
2617,3.9457037448883057,,67.45581436157227,0.01602649688720703
2618,3.979840040206909,,67.47153782844543,0.015723466873168945
2619,3.972461223602295,,67.50334286689758,0.015673398971557617
2620,3.980663776397705,,67.51919174194336,0.015848875045776367
2621,3.9910857677459717,,67.55093312263489,0.01602005958557129
2622,3.9629087448120117,,67.56665754318237,0.01572442054748535
2623,3.978294610977173,,67.59859991073608,0.015873432159423828
2624,3.973480701446533,,67.61454510688782,0.0159451961517334
2625,3.963562250137329,,67.646151304245,0.015742063522338867
2626,4.001199245452881,,67.66214609146118,0.015994787216186523
2627,3.977029323577881,,67.6936845779419,0.01579594612121582
2628,3.97369122505188,,67.70941138267517,0.015726804733276367
2629,3.9864754676818848,,67.74117183685303,0.01572895050048828
2630,3.95978045463562,,67.7568416595459,0.015669822692871094
2631,3.9534099102020264,,67.78872680664062,0.015823841094970703
2632,3.9578804969787598,,67.80459856987,0.015871763229370117
2633,3.955465078353882,,67.83628463745117,0.015764236450195312
2634,3.97365403175354,,67.85209965705872,0.015815019607543945
2635,3.968059778213501,,67.88380146026611,0.015720367431640625
2636,3.9789838790893555,,67.89953804016113,0.01573657989501953
2637,3.955864191055298,,67.93128871917725,0.016091108322143555
2638,3.9691061973571777,,67.94730138778687,0.01601266860961914
2639,3.956972122192383,,67.97923541069031,0.016160011291503906
2640,3.957596778869629,,67.99498724937439,0.01575183868408203
2641,3.9540462493896484,,68.02683973312378,0.015803098678588867
2642,3.9559366703033447,,68.04270434379578,0.01586461067199707
2643,3.9809718132019043,,68.07438898086548,0.015730619430541992
2644,3.9640440940856934,,68.09007239341736,0.015683412551879883
2645,3.951967239379883,,68.12189674377441,0.015706300735473633
2646,3.9525163173675537,,68.13762259483337,0.01572585105895996
2647,3.9697041511535645,,68.16953182220459,0.015839099884033203
2648,3.9826223850250244,,68.18520450592041,0.015672683715820312
2649,3.936328649520874,,68.21724653244019,0.0159456729888916
2650,3.9640402793884277,,68.23302340507507,0.015776872634887695
2651,3.985051155090332,,68.26487851142883,0.015814781188964844
2652,3.949378490447998,,68.28061270713806,0.015734195709228516
2653,3.954693078994751,,68.31243801116943,0.016132593154907227
2654,3.979055643081665,,68.32815289497375,0.01571488380432129
2655,3.95253324508667,,68.35965919494629,0.0157468318939209
2656,3.956500291824341,,68.37545132637024,0.015792131423950195
2657,3.979447364807129,,68.40760970115662,0.016000986099243164
2658,3.9697155952453613,,68.42345833778381,0.015848636627197266
2659,3.95322585105896,,68.45503306388855,0.015901803970336914
2660,3.988157033920288,,68.47074174880981,0.01570868492126465
2661,3.966022491455078,,68.50252914428711,0.01571798324584961
2662,3.9684219360351562,,68.5183916091919,0.015862464904785156
2663,3.9426324367523193,,68.55040693283081,0.01607203483581543
2664,3.954191207885742,,68.5661232471466,0.0157163143157959
2665,3.9338364601135254,,68.5979974269867,0.01589035987854004
2666,3.9556126594543457,,68.61393642425537,0.015938997268676758
2667,3.9366259574890137,,68.6454267501831,0.0156707763671875
2668,3.9502086639404297,,68.66115117073059,0.01572442054748535
2669,3.977231502532959,,68.69339442253113,0.016126155853271484
2670,3.963634967803955,,68.70921325683594,0.01581883430480957
2671,3.9548254013061523,,68.74127173423767,0.016104459762573242
2672,3.9575858116149902,,68.75695729255676,0.015685558319091797
2673,3.956480026245117,,68.78874254226685,0.015745162963867188
2674,3.934107780456543,,68.8045859336853,0.01584339141845703
2675,3.9378180503845215,,68.83619046211243,0.015714645385742188
2676,3.961515426635742,,68.85219645500183,0.016005992889404297
2677,3.94252610206604,,68.88396906852722,0.0160980224609375
2678,3.954047679901123,,68.89965105056763,0.015681982040405273
2679,3.945286750793457,,68.93149971961975,0.03184866905212402
2680,3.963899612426758,,68.94722294807434,0.015723228454589844
2681,3.947056293487549,,68.97899436950684,0.03177142143249512
2682,3.985623836517334,,68.99466586112976,0.015671491622924805
2683,3.953430652618408,,69.02644348144531,0.016006946563720703
2684,3.9615066051483154,,69.04216957092285,0.015726089477539062
2685,3.9449074268341064,,69.07392644882202,0.03175687789916992
2686,3.9743943214416504,,69.08964681625366,0.015720367431640625
2687,3.9609830379486084,,69.12137150764465,0.03172469139099121
2688,3.9555811882019043,,69.13821744918823,0.0168459415435791
2689,3.9437527656555176,,69.16871237754822,0.03049492835998535
2690,3.9230778217315674,,69.18443703651428,0.015724658966064453
2691,3.943424701690674,,69.21631455421448,0.03187751770019531
2692,3.9250471591949463,,69.23199772834778,0.01568317413330078
2693,3.9339919090270996,,69.26380896568298,0.03181123733520508
2694,3.9274585247039795,,69.27956748008728,0.015758514404296875
2695,3.9526753425598145,,69.31124114990234,0.03167366981506348
2696,3.942399024963379,,69.32695508003235,0.015713930130004883
2697,3.935335636138916,,69.35870289802551,0.03174781799316406
2698,3.943737030029297,,69.37444996833801,0.0157470703125
2699,3.9184656143188477,,69.4063470363617,0.03189706802368164
2700,3.9286274909973145,0.8931745767593384,69.42206192016602,0.01571488380432129
2701,3.934009075164795,,69.45403003692627,0.016112327575683594
2702,3.916609764099121,,69.46971464157104,0.01568460464477539
2703,3.938429594039917,,69.50107908248901,0.01569199562072754
2704,3.9322359561920166,,69.51694941520691,0.015870332717895508
2705,3.937283515930176,,69.54850459098816,0.015738964080810547
2706,3.9374728202819824,,69.56428074836731,0.01577615737915039
2707,3.9153966903686523,,69.59602332115173,0.015848875045776367
2708,3.9145898818969727,,69.61177635192871,0.01575303077697754
2709,3.956784725189209,,69.64320588111877,0.015726804733276367
2710,3.919680595397949,,69.65889143943787,0.015685558319091797
2711,3.9520273208618164,,69.690682888031,0.01589059829711914
2712,3.91921329498291,,69.70664238929749,0.015959501266479492
2713,3.9114370346069336,,69.73833131790161,0.016004562377929688
2714,3.9330382347106934,,69.75404644012451,0.01571512222290039
2715,3.9351744651794434,,69.78563070297241,0.015722990036010742
2716,3.9270243644714355,,69.8013527393341,0.015722036361694336
2717,3.951169490814209,,69.8331401348114,0.015863656997680664
2718,3.9309771060943604,,69.84905672073364,0.01591658592224121
2719,3.951228618621826,,69.8809585571289,0.01574563980102539
2720,3.9693117141723633,,69.89667963981628,0.01572108268737793
2721,3.935070514678955,,69.92835187911987,0.015700817108154297
2722,3.944112539291382,,69.94420766830444,0.015855789184570312
2723,3.9507079124450684,,69.97586131095886,0.015751361846923828
2724,3.9233691692352295,,69.99157762527466,0.0157163143157959
2725,3.9215919971466064,,70.02327847480774,0.015694379806518555
2726,3.928678512573242,,70.03898620605469,0.015707731246948242
2727,3.9003305435180664,,70.07085680961609,0.015869855880737305
2728,3.927865743637085,,70.0865683555603,0.015711545944213867
2729,3.9356565475463867,,70.11846852302551,0.015926599502563477
2730,3.9076905250549316,,70.13423085212708,0.0157623291015625
2731,3.9345717430114746,,70.16569781303406,0.01571345329284668
2732,3.913558006286621,,70.1814079284668,0.015710115432739258
2733,3.947352409362793,,70.21327757835388,0.015846729278564453
2734,3.9337737560272217,,70.22899270057678,0.01571512222290039
2735,3.9161667823791504,,70.26058626174927,0.015733957290649414
2736,3.927762746810913,,70.27630138397217,0.01571512222290039
2737,3.9250223636627197,,70.30831789970398,0.015859603881835938
2738,3.9300155639648438,,70.32404494285583,0.01572704315185547
2739,3.930798053741455,,70.35555744171143,0.015723705291748047
2740,3.8876953125,,70.37127137184143,0.015713930130004883
2741,3.9206862449645996,,70.40301036834717,0.015753984451293945
2742,3.91902494430542,,70.41883158683777,0.015821218490600586
2743,3.8934924602508545,,70.45023036003113,0.015730857849121094
2744,3.9076895713806152,,70.46597123146057,0.01574087142944336
2745,3.9406285285949707,,70.49772644042969,0.015811443328857422
2746,3.9247264862060547,,70.5134699344635,0.015743494033813477
2747,3.927809238433838,,70.54505968093872,0.015727519989013672
2748,3.9376935958862305,,70.56084942817688,0.01578974723815918
2749,3.9262514114379883,,70.59253787994385,0.01572132110595703
2750,3.9127535820007324,,70.60842657089233,0.015888690948486328
2751,3.93475341796875,,70.64012885093689,0.015687227249145508
2752,3.892739772796631,,70.65585231781006,0.015723466873168945
2753,3.976353883743286,,70.68765926361084,0.01574420928955078
2754,3.8874893188476562,,70.70354437828064,0.015885114669799805
2755,3.926311492919922,,70.7352499961853,0.015684127807617188
2756,3.902585983276367,,70.75096774101257,0.015717744827270508
2757,3.9255969524383545,,70.78246021270752,0.015698909759521484
2758,3.90096116065979,,70.79817533493042,0.01571512222290039
2759,3.928283214569092,,70.82981991767883,0.0156862735748291
2760,3.907832622528076,,70.84559917449951,0.01577925682067871
2761,3.924821615219116,,70.87719368934631,0.015694379806518555
2762,3.9170632362365723,,70.89291405677795,0.015720367431640625
2763,3.9000144004821777,,70.92446064949036,0.015698671340942383
2764,3.9054951667785645,,70.94017553329468,0.01571488380432129
2765,3.9311468601226807,,70.97179245948792,0.015677213668823242
2766,3.9289674758911133,,70.98756337165833,0.015770912170410156
2767,3.923408031463623,,71.01926136016846,0.01576852798461914
2768,3.9078238010406494,,71.03494811058044,0.015686750411987305
2769,3.913097620010376,,71.06655669212341,0.015695810317993164
2770,3.9153404235839844,,71.0822401046753,0.015683412551879883
2771,3.9086415767669678,,71.11401200294495,0.015810728073120117
2772,3.9175350666046143,,71.1296935081482,0.01568150520324707
2773,3.9401402473449707,,71.16125535964966,0.015679121017456055
2774,3.882113456726074,,71.1770327091217,0.0157773494720459
2775,3.9060769081115723,,71.20895743370056,0.015813589096069336
2776,3.916903495788574,,71.22473502159119,0.015777587890625
2777,3.9237277507781982,,71.25640439987183,0.01569199562072754
2778,3.925959825515747,,71.2721312046051,0.015726804733276367
2779,3.9154715538024902,,71.30379915237427,0.015824556350708008
2780,3.911863088607788,,71.31960320472717,0.015804052352905273
2781,3.891965389251709,,71.35117769241333,0.015714645385742188
2782,3.8970656394958496,,71.36703753471375,0.01585984230041504
2783,3.8869757652282715,,71.39849424362183,0.01568293571472168
2784,3.885089159011841,,71.4302282333374,0.03173398971557617
2785,3.927516222000122,,71.445960521698,0.015732288360595703
2786,3.886920213699341,,71.46208333969116,0.016122817993164062
2787,3.911667823791504,,71.49373888969421,0.015681982040405273
2788,3.9371395111083984,,71.52532625198364,0.03158736228942871
2789,3.9055895805358887,,71.54104995727539,0.015723705291748047
2790,3.925349235534668,,71.5724573135376,0.01572418212890625
2791,3.908177375793457,,71.60403108596802,0.03157377243041992
2792,3.8827996253967285,,71.61974477767944,0.01571369171142578
2793,3.882233142852783,,71.65158677101135,0.015690088272094727
2794,3.9008593559265137,,71.6831374168396,0.03155064582824707
2795,3.907914161682129,,71.71476435661316,0.03162693977355957
2796,3.890395164489746,,71.73048138618469,0.015717029571533203
2797,3.915618896484375,,71.76187658309937,0.015662670135498047
2798,3.9264612197875977,,71.79327845573425,0.031401872634887695
2799,3.9239377975463867,,71.80913925170898,0.015860795974731445
2800,3.879859685897827,0.899352204799652,71.84060716629028,0.015748023986816406
2801,3.8921022415161133,,71.87214493751526,0.015724897384643555
2802,3.924347162246704,,71.903737783432,0.03159284591674805
2803,3.9253244400024414,,71.92123627662659,0.017498493194580078
2804,3.8611197471618652,,71.95096063613892,0.01568460464477539
2805,3.9083688259124756,,71.98239779472351,0.03143715858459473
2806,3.9005861282348633,,72.01399207115173,0.031594276428222656
2807,3.8870205879211426,,72.02971172332764,0.01571965217590332
2808,3.8828701972961426,,72.0611162185669,0.015680789947509766
2809,3.912224769592285,,72.09255385398865,0.03143763542175293
2810,3.8912668228149414,,72.12421226501465,0.03165841102600098
2811,3.9005513191223145,,72.13991975784302,0.01570749282836914
2812,3.8950023651123047,,72.17181205749512,0.016019582748413086
2813,3.9107179641723633,,72.20381474494934,0.03200268745422363
2814,3.891563892364502,,72.21966910362244,0.015854358673095703
2815,3.905564546585083,,72.2510621547699,0.0156705379486084
2816,3.866792678833008,,72.28254985809326,0.03148770332336426
2817,3.884047508239746,,72.29825282096863,0.01570296287536621
2818,3.9104743003845215,,72.32969069480896,0.015729427337646484
2819,3.8945870399475098,,72.34584140777588,0.016150712966918945
2820,3.8704779148101807,,72.3774209022522,0.015755891799926758
2821,3.874566078186035,,72.39312624931335,0.015705347061157227
2822,3.8659439086914062,,72.42495322227478,0.01608133316040039
2823,3.869274377822876,,72.44065618515015,0.01570296287536621
2824,3.904904842376709,,72.47240877151489,0.01568889617919922
2825,3.9113826751708984,,72.48924112319946,0.016832351684570312
2826,3.883610248565674,,72.51955580711365,0.015765905380249023
2827,3.892991542816162,,72.53547668457031,0.01592087745666504
2828,3.92305064201355,,72.5670690536499,0.015727996826171875
2829,3.874091625213623,,72.58278489112854,0.015715837478637695
2830,3.863471031188965,,72.61445021629333,0.015684843063354492
2831,3.885467529296875,,72.63015961647034,0.015709400177001953
2832,3.887644052505493,,72.66208243370056,0.015793561935424805
2833,3.8611090183258057,,72.67779660224915,0.015714168548583984
2834,3.8710238933563232,,72.70951104164124,0.01590585708618164
2835,3.8888356685638428,,72.72526717185974,0.01575613021850586
2836,3.897162437438965,,72.75686120986938,0.01573038101196289
2837,3.9115195274353027,,72.77299475669861,0.016133546829223633
2838,3.8761963844299316,,72.804612159729,0.015867233276367188
2839,3.902026414871216,,72.82033061981201,0.015718460083007812
2840,3.8911325931549072,,72.85195016860962,0.015679121017456055
2841,3.873596429824829,,72.86765456199646,0.01570439338684082
2842,3.8903603553771973,,72.89937686920166,0.015680789947509766
2843,3.9078617095947266,,72.91541075706482,0.01603388786315918
2844,3.893498659133911,,72.94708108901978,0.01572728157043457
2845,3.8938212394714355,,72.96279573440552,0.015714645385742188
2846,3.8657948970794678,,72.99463820457458,0.01571941375732422
2847,3.868600845336914,,73.01039385795593,0.015755653381347656
2848,3.880201816558838,,73.04176211357117,0.0157012939453125
2849,3.868346691131592,,73.05746817588806,0.01570606231689453
2850,3.8735437393188477,,73.08927154541016,0.01602768898010254
2851,3.8431315422058105,,73.1051549911499,0.015883445739746094
2852,3.8824210166931152,,73.1369559764862,0.015893220901489258
2853,3.882505178451538,,73.15267252922058,0.015716552734375
2854,3.8461856842041016,,73.18438172340393,0.015801429748535156
2855,3.8882622718811035,,73.20015072822571,0.015769004821777344
2856,3.8616702556610107,,73.23230028152466,0.016054153442382812
2857,3.8979129791259766,,73.24800562858582,0.015705347061157227
2858,3.876420021057129,,73.27956175804138,0.015676259994506836
2859,3.9159083366394043,,73.29546761512756,0.01590585708618164
2860,3.878347873687744,,73.32709383964539,0.015753984451293945
2861,3.881502628326416,,73.34305214881897,0.015958309173583984
2862,3.8594579696655273,,73.3745710849762,0.015685081481933594
2863,3.880770444869995,,73.39029836654663,0.01572728157043457
2864,3.8776726722717285,,73.4217426776886,0.01573944091796875
2865,3.874260425567627,,73.43742847442627,0.0156857967376709
2866,3.866702079772949,,73.46947431564331,0.01597738265991211
2867,3.8658969402313232,,73.48516774177551,0.01569342613220215
2868,3.852651596069336,,73.51703357696533,0.016025781631469727
2869,3.8571624755859375,,73.53317832946777,0.016144752502441406
2870,3.870750665664673,,73.56502771377563,0.015906572341918945
2871,3.8814802169799805,,73.58070921897888,0.01568150520324707
2872,3.8992128372192383,,73.61267733573914,0.015877485275268555
2873,3.848114490509033,,73.62840366363525,0.015726327896118164
2874,3.8922080993652344,,73.66012358665466,0.015738248825073242
2875,3.8826355934143066,,73.67594075202942,0.01581716537475586
2876,3.862354278564453,,73.70792388916016,0.01589798927307129
2877,3.8479840755462646,,73.72391533851624,0.0159914493560791
2878,3.8687987327575684,,73.75573754310608,0.016018152236938477
2879,3.872384548187256,,73.77186417579651,0.016126632690429688
2880,3.8585219383239746,,73.80360388755798,0.015889406204223633
2881,3.8653221130371094,,73.81926727294922,0.01566338539123535
2882,3.8986191749572754,,73.85106873512268,0.015807628631591797
2883,3.8627099990844727,,73.86678552627563,0.0157167911529541
2884,3.881279468536377,,73.89842867851257,0.015652179718017578
2885,3.867558479309082,,73.91458749771118,0.0161588191986084
2886,3.879274368286133,,73.94618678092957,0.015730619430541992
2887,3.856271743774414,,73.96188855171204,0.015701770782470703
2888,3.8633008003234863,,73.99371528625488,0.01569056510925293
2889,3.875985622406006,,74.00980615615845,0.016090869903564453
2890,3.8671932220458984,,74.04137969017029,0.015727758407592773
2891,3.8709065914154053,,74.0574221611023,0.016042470932006836
2892,3.8739309310913086,,74.08895254135132,0.015726327896118164
2893,3.873704195022583,,74.10470581054688,0.01575326919555664
2894,3.852828025817871,,74.13673186302185,0.01591348648071289
2895,3.862037181854248,,74.15261340141296,0.01588153839111328
2896,3.8704357147216797,,74.18436050415039,0.015723705291748047
2897,3.8838024139404297,,74.20028114318848,0.015920639038085938
2898,3.865626335144043,,74.2318742275238,0.015697956085205078
2899,3.8588480949401855,,74.24784851074219,0.01597428321838379
2900,3.847093105316162,0.895915687084198,74.279456615448,0.01568150520324707
2901,3.8617424964904785,,74.31100630760193,0.031549692153930664
2902,3.822113275527954,,74.3266851902008,0.015678882598876953
2903,3.868928909301758,,74.35845375061035,0.0317685604095459
2904,3.861417770385742,,74.37417221069336,0.015718460083007812
2905,3.885654926300049,,74.4060869216919,0.031914710998535156
2906,3.8718724250793457,,74.42180109024048,0.015714168548583984
2907,3.855417490005493,,74.45322704315186,0.03142595291137695
2908,3.856497287750244,,74.46896862983704,0.015741586685180664
2909,3.8786840438842773,,74.50192928314209,0.03296065330505371
2910,3.8509933948516846,,74.51654171943665,0.014612436294555664
2911,3.848551034927368,,74.54837822914124,0.031836509704589844
2912,3.8421883583068848,,74.564049243927,0.0156710147857666
2913,3.8755335807800293,,74.5959780216217,0.03192877769470215
2914,3.8441004753112793,,74.61170864105225,0.015730619430541992
2915,3.8569140434265137,,74.64360570907593,0.03189706802368164
2916,3.8722476959228516,,74.65928888320923,0.01568317413330078
2917,3.8693342208862305,,74.69128036499023,0.016037702560424805
2918,3.866492986679077,,74.70700287818909,0.01572251319885254
2919,3.8471121788024902,,74.73873949050903,0.03173661231994629
2920,3.8649420738220215,,74.75450682640076,0.015767335891723633
2921,3.850541591644287,,74.78640747070312,0.031900644302368164
2922,3.8552019596099854,,74.80213832855225,0.015730857849121094
2923,3.8375024795532227,,74.83409762382507,0.03195929527282715
2924,3.8473763465881348,,74.84978675842285,0.01568913459777832
2925,3.871363639831543,,74.8816647529602,0.031877994537353516
2926,3.8571619987487793,,74.89738202095032,0.015717267990112305
2927,3.861250638961792,,74.9291615486145,0.01599717140197754
2928,3.860395669937134,,74.94489049911499,0.01572895050048828
2929,3.8522562980651855,,74.97676205635071,0.03187155723571777
2930,3.876514196395874,,74.99244689941406,0.015684843063354492
2931,3.850644826889038,,75.02432632446289,0.031879425048828125
2932,3.8537707328796387,,75.04004526138306,0.015718936920166016
2933,3.8402581214904785,,75.07159304618835,0.015859603881835938
2934,3.8576107025146484,,75.08762001991272,0.016026973724365234
2935,3.840611457824707,,75.1192843914032,0.01572895050048828
2936,3.8530044555664062,,75.13500165939331,0.015717267990112305
2937,3.8511528968811035,,75.16686272621155,0.015825986862182617
2938,3.8488950729370117,,75.18254399299622,0.01568126678466797
2939,3.852081298828125,,75.21430802345276,0.01567864418029785
2940,3.8770551681518555,,75.23042678833008,0.016118764877319336
2941,3.8662643432617188,,75.26221919059753,0.01599407196044922
2942,3.8562395572662354,,75.2779312133789,0.01571202278137207
2943,3.854881525039673,,75.30978894233704,0.03185772895812988
2944,3.847724199295044,,75.32549905776978,0.015710115432739258
2945,3.854903221130371,,75.35688638687134,0.01567840576171875
2946,3.8497443199157715,,75.37258386611938,0.015697479248046875
2947,3.8366026878356934,,75.4105293750763,0.022281885147094727
2948,3.831092357635498,,75.43551278114319,0.019222736358642578
2949,3.8600707054138184,,75.45128393173218,0.011765003204345703
2950,3.856506824493408,,75.48292589187622,0.01579737663269043
2951,3.8676772117614746,,75.51443767547607,0.031511783599853516
2952,3.8623690605163574,,75.53040289878845,0.01596522331237793
2953,3.8295304775238037,,75.56178283691406,0.015683650970458984
2954,3.8776350021362305,,75.59323906898499,0.03145623207092285
2955,3.8591649532318115,,75.62476468086243,0.031525611877441406
2956,3.836468458175659,,75.64047718048096,0.015712499618530273
2957,3.8460495471954346,,75.67242956161499,0.0319523811340332
2958,3.8561692237854004,,75.68817901611328,0.015749454498291016
2959,3.8436057567596436,,75.71999979019165,0.03182077407836914
2960,3.836561679840088,,75.7357485294342,0.01574873924255371
2961,3.820079803466797,,75.75173091888428,0.015982389450073242
2962,3.8212995529174805,,75.78342080116272,0.015680789947509766
2963,3.8457651138305664,,75.81484699249268,0.031426191329956055
2964,3.8314566612243652,,75.83057260513306,0.01572561264038086
2965,3.8271164894104004,,75.86205720901489,0.03148460388183594
2966,3.851116895675659,,75.87780714035034,0.01574993133544922
2967,3.876091957092285,,75.9096097946167,0.03180265426635742
2968,3.855985403060913,,75.92532968521118,0.015719890594482422
2969,3.8578975200653076,,75.95714163780212,0.03181195259094238
2970,3.833062171936035,,75.972891330719,0.015749692916870117
2971,3.862870693206787,,76.005126953125,0.03223562240600586
2972,3.8407716751098633,,76.02093958854675,0.01581263542175293
2973,3.8504767417907715,,76.05279183387756,0.03185224533081055
2974,3.8375563621520996,,76.06875920295715,0.015967369079589844
2975,3.8192811012268066,,76.10050106048584,0.03174185752868652
2976,3.817472457885742,,76.11618232727051,0.01568126678466797
2977,3.8436527252197266,,76.14772081375122,0.03153848648071289
2978,3.8444631099700928,,76.16339540481567,0.015674591064453125
2979,3.840782403945923,,76.19513511657715,0.03173971176147461
2980,3.8446853160858154,,76.21085143089294,0.0157163143157959
2981,3.85823655128479,,76.24258208274841,0.03173065185546875
2982,3.8498196601867676,,76.25826263427734,0.015680551528930664
2983,3.807664394378662,,76.28978848457336,0.03152585029602051
2984,3.8428893089294434,,76.30551218986511,0.015723705291748047
2985,3.8572893142700195,,76.33735847473145,0.03184628486633301
2986,3.8509650230407715,,76.35343551635742,0.016077041625976562
2987,3.827543258666992,,76.38493943214417,0.031503915786743164
2988,3.848278522491455,,76.40063714981079,0.015697717666625977
2989,3.807313919067383,,76.43282055854797,0.03218340873718262
2990,3.8234505653381348,,76.44854211807251,0.015721559524536133
2991,3.8563122749328613,,76.48040127754211,0.03185915946960449
2992,3.811654567718506,,76.49611020088196,0.01570892333984375
2993,3.8447911739349365,,76.52786588668823,0.031755685806274414
2994,3.8127899169921875,,76.54354166984558,0.015675783157348633
2995,3.83040714263916,,76.57497024536133,0.03142857551574707
2996,3.8287644386291504,,76.59078741073608,0.01581716537475586
2997,3.843712091445923,,76.62216091156006,0.03137350082397461
2998,3.8430495262145996,,76.63810300827026,0.015942096710205078
2999,3.8211746215820312,,76.66979503631592,0.0316920280456543
3000,3.8332271575927734,0.8969886541366577,76.70122361183167,0.03142857551574707
