epochs,losses,accuracies,cumulative_time_seconds,epoch_time_seconds
1,20.310815811157227,,0.0346226692199707,0.0346226692199707
2,17.944595336914062,,0.06424474716186523,0.02155327796936035
3,16.44696807861328,,0.0897819995880127,0.02372264862060547
4,15.665582656860352,,0.11317873001098633,0.021399736404418945
5,15.004916191101074,,0.13228154182434082,0.019102811813354492
6,14.581737518310547,,0.1494889259338379,0.01620793342590332
7,14.313962936401367,,0.17142248153686523,0.018983840942382812
8,14.14842414855957,,0.19467997550964355,0.021260738372802734
9,13.998289108276367,,0.21431231498718262,0.019632339477539062
10,13.840045928955078,,0.23785066604614258,0.0220034122467041
11,13.731767654418945,,0.2630324363708496,0.023143529891967773
12,13.56614875793457,,0.28063297271728516,0.016573190689086914
13,13.484119415283203,,0.29959797859191895,0.0169675350189209
14,13.412418365478516,,0.3257863521575928,0.02119159698486328
15,13.29731559753418,,0.3491683006286621,0.018507719039916992
16,13.223843574523926,,0.3776407241821289,0.024086713790893555
17,13.155132293701172,,0.3980128765106201,0.01840043067932129
18,13.0870361328125,,0.4258408546447754,0.027827978134155273
19,12.902741432189941,,0.44611048698425293,0.0192563533782959
20,12.88760757446289,,0.46964454650878906,0.021990299224853516
21,12.836679458618164,,0.4866676330566406,0.017023086547851562
22,12.830116271972656,,0.5053544044494629,0.017329692840576172
23,12.72668170928955,,0.5263407230377197,0.015863418579101562
24,12.628177642822266,,0.5446610450744629,0.01628875732421875
25,12.592987060546875,,0.56424880027771,0.017098665237426758
26,12.528360366821289,,0.58990478515625,0.02394390106201172
27,12.497257232666016,,0.6061525344848633,0.014250755310058594
28,12.437965393066406,,0.6276669502258301,0.021514415740966797
29,12.490744590759277,,0.6454095840454102,0.015430212020874023
30,12.383235931396484,,0.6635193824768066,0.0157320499420166
31,12.30111026763916,,0.6835579872131348,0.016537189483642578
32,12.238006591796875,,0.7042474746704102,0.018692493438720703
33,12.22973918914795,,0.7241804599761963,0.01642322540283203
34,12.24521541595459,,0.7385754585266113,0.011825084686279297
35,12.223514556884766,,0.7695865631103516,0.02478814125061035
36,12.16763687133789,,0.789161205291748,0.019574642181396484
37,12.059194564819336,,0.8075354099273682,0.013875484466552734
38,12.079065322875977,,0.8283240795135498,0.0167696475982666
39,12.088592529296875,,0.8489413261413574,0.020617246627807617
40,12.06040096282959,,0.8708906173706055,0.019913434982299805
41,12.021745681762695,,0.8905680179595947,0.015085697174072266
42,11.993159294128418,,0.9134089946746826,0.019602060317993164
43,11.96923828125,,0.9378547668457031,0.02094411849975586
44,11.95899486541748,,0.955784797668457,0.016426563262939453
45,11.922513961791992,,0.9774637222290039,0.020673751831054688
46,11.957225799560547,,0.9947564601898193,0.015295028686523438
47,11.920092582702637,,1.0165889263153076,0.019791126251220703
48,11.885748863220215,,1.0364112854003906,0.017819881439208984
49,11.893287658691406,,1.0582466125488281,0.01683354377746582
50,11.86515998840332,,1.0758237838745117,0.015579938888549805
51,11.823982238769531,,1.0995800495147705,0.021706104278564453
52,11.769660949707031,,1.1193122863769531,0.019732236862182617
53,11.763023376464844,,1.1415643692016602,0.020213603973388672
54,11.767930030822754,,1.1628332138061523,0.01672530174255371
55,11.77156925201416,,1.1880857944488525,0.02067852020263672
56,11.777931213378906,,1.2144582271575928,0.02500605583190918
57,11.72984504699707,,1.2378184795379639,0.021795988082885742
58,11.7255859375,,1.2676706314086914,0.0288088321685791
59,11.735099792480469,,1.2884938716888428,0.020823240280151367
60,11.719858169555664,,1.3092827796936035,0.017791748046875
61,11.645211219787598,,1.3255364894866943,0.015254497528076172
62,11.728309631347656,,1.3473539352416992,0.019512414932250977
63,11.69564151763916,,1.3654062747955322,0.016221046447753906
64,11.652978897094727,,1.3868043422698975,0.017392396926879883
65,11.656583786010742,,1.4085254669189453,0.02071547508239746
66,11.63897705078125,,1.4332537651062012,0.022730588912963867
67,11.594945907592773,,1.4463739395141602,0.012120723724365234
68,11.658717155456543,,1.4805002212524414,0.02738022804260254
69,11.668333053588867,,1.496659278869629,0.015576839447021484
70,11.60713005065918,,1.5185785293579102,0.016916751861572266
71,11.630788803100586,,1.5364305973052979,0.015854835510253906
72,11.62322998046875,,1.5572736263275146,0.018833160400390625
73,11.580371856689453,,1.5713088512420654,0.011997461318969727
74,11.598264694213867,,1.595635175704956,0.01987910270690918
75,11.566442489624023,,1.6178264617919922,0.02018284797668457
76,11.551822662353516,,1.6389274597167969,0.017104387283325195
77,11.5623779296875,,1.6566166877746582,0.015829801559448242
78,11.565884590148926,,1.6775054931640625,0.015914440155029297
79,11.5155029296875,,1.6992311477661133,0.01972818374633789
80,11.520584106445312,,1.7241253852844238,0.020924806594848633
81,11.531967163085938,,1.741574764251709,0.015868663787841797
82,11.547898292541504,,1.7628045082092285,0.019232511520385742
83,11.551555633544922,,1.7807080745697021,0.015900135040283203
84,11.519079208374023,,1.8020625114440918,0.019359827041625977
85,11.537351608276367,,1.826927900314331,0.020349979400634766
86,11.540946960449219,,1.8472633361816406,0.016017913818359375
87,11.46642780303955,,1.8703954219818115,0.0210568904876709
88,11.507526397705078,,1.8908600807189941,0.015142440795898438
89,11.477633476257324,,1.909566879272461,0.018706798553466797
90,11.496761322021484,,1.9279041290283203,0.014216423034667969
91,11.439950942993164,,1.946303367614746,0.014002323150634766
92,11.426036834716797,,1.9662792682647705,0.019975900650024414
93,11.428466796875,,1.9857349395751953,0.01668548583984375
94,11.493318557739258,,2.0038769245147705,0.015804052352905273
95,11.385116577148438,,2.0247962474823,0.016344547271728516
96,11.443601608276367,,2.042219400405884,0.01588892936706543
97,11.45963191986084,,2.066926956176758,0.02019810676574707
98,11.421409606933594,,2.088740825653076,0.019810199737548828
99,11.443085670471191,,2.112860918045044,0.021783828735351562
100,11.390572547912598,0.0,2.1407790184020996,0.026880502700805664
101,11.434494018554688,,2.158555746078491,0.015606403350830078
102,11.388792037963867,,2.1798548698425293,0.017302513122558594
103,11.391000747680664,,2.1961798667907715,0.015325307846069336
104,11.42908763885498,,2.214104413986206,0.0159151554107666
105,11.380895614624023,,2.231030225753784,0.01241445541381836
106,11.378966331481934,,2.2540664672851562,0.01831841468811035
107,11.399887084960938,,2.265848398208618,0.010247230529785156
108,11.367642402648926,,2.2956900596618652,0.022103548049926758
109,11.383098602294922,,2.3178043365478516,0.02010631561279297
110,11.377310752868652,,2.3417961597442627,0.022991180419921875
111,11.427778244018555,,2.360917568206787,0.018122434616088867
112,11.392833709716797,,2.3856003284454346,0.023685455322265625
113,11.39120101928711,,2.4075331687927246,0.01992940902709961
114,11.341743469238281,,2.4275612831115723,0.015031576156616211
115,11.36467170715332,,2.4462428092956543,0.016748666763305664
116,11.339588165283203,,2.4685113430023193,0.020218849182128906
117,11.313288688659668,,2.4857447147369385,0.016335010528564453
118,11.325782775878906,,2.5123226642608643,0.02406167984008789
119,11.304636001586914,,2.533644199371338,0.020322322845458984
120,11.302677154541016,,2.554755926132202,0.018613100051879883
121,11.314552307128906,,2.5774054527282715,0.021646499633789062
122,11.311128616333008,,2.598489761352539,0.01660299301147461
123,11.304295539855957,,2.6214232444763184,0.021474838256835938
124,11.312007904052734,,2.6418325901031494,0.01640939712524414
125,11.249183654785156,,2.6595354080200195,0.01570582389831543
126,11.295417785644531,,2.6815528869628906,0.020020484924316406
127,11.281593322753906,,2.6991376876831055,0.015548467636108398
128,11.29953384399414,,2.7196521759033203,0.015513181686401367
129,11.279064178466797,,2.7378649711608887,0.016212940216064453
130,11.26728630065918,,2.761885166168213,0.02294611930847168
131,11.269641876220703,,2.7797162532806396,0.015833616256713867
132,11.23493480682373,,2.799844741821289,0.01808023452758789
133,11.208152770996094,,2.8224425315856934,0.016067028045654297
134,11.242107391357422,,2.848318576812744,0.023879289627075195
135,11.23265552520752,,2.8721044063568115,0.023215293884277344
136,11.225887298583984,,2.897548198699951,0.021900177001953125
137,11.175895690917969,,2.91971755027771,0.021091461181640625
138,11.183113098144531,,2.9388880729675293,0.01714611053466797
139,11.18478012084961,,2.9556212425231934,0.015136480331420898
140,11.210161209106445,,2.9784939289093018,0.020864248275756836
141,11.187520980834961,,2.9958131313323975,0.015321969985961914
142,11.221870422363281,,3.0165724754333496,0.018750667572021484
143,11.123910903930664,,3.029721736907959,0.01114654541015625
144,11.191685676574707,,3.0550055503845215,0.018585681915283203
145,11.181273460388184,,3.0714008808135986,0.01589202880859375
146,11.165831565856934,,3.0914969444274902,0.0200960636138916
147,11.120243072509766,,3.1165578365325928,0.020058631896972656
148,11.115608215332031,,3.1360790729522705,0.017519474029541016
149,11.132843017578125,,3.160137891769409,0.022054433822631836
150,11.121743202209473,,3.186849594116211,0.0212705135345459
151,11.13364315032959,,3.196601390838623,0.007749080657958984
152,11.079166412353516,,3.225588321685791,0.01914834976196289
153,11.167646408081055,,3.243237257003784,0.017648935317993164
154,11.115416526794434,,3.2665934562683105,0.02235722541809082
155,11.132772445678711,,3.280339241027832,0.011744260787963867
156,11.122817039489746,,3.3028476238250732,0.01746654510498047
157,11.110408782958984,,3.322943687438965,0.016552448272705078
158,11.119016647338867,,3.3477210998535156,0.023776531219482422
159,11.059652328491211,,3.3717544078826904,0.022548675537109375
160,11.094868659973145,,3.3945071697235107,0.018186569213867188
161,11.012365341186523,,3.416656494140625,0.0210878849029541
162,11.081459045410156,,3.4369115829467773,0.0162503719329834
163,10.997407913208008,,3.4541590213775635,0.015247821807861328
164,11.031794548034668,,3.4765560626983643,0.019885540008544922
165,10.998470306396484,,3.494616746902466,0.01606011390686035
166,11.015544891357422,,3.515573740005493,0.019854068756103516
167,11.01531982421875,,3.533083915710449,0.015410900115966797
168,11.016401290893555,,3.552946090698242,0.01732158660888672
169,11.024741172790527,,3.571366786956787,0.015913724899291992
170,10.997621536254883,,3.5909206867218018,0.01955389976501465
171,10.97210693359375,,3.6160552501678467,0.021448612213134766
172,10.982622146606445,,3.6355173587799072,0.016422748565673828
173,10.9747314453125,,3.6571261882781982,0.02057361602783203
174,10.930625915527344,,3.6804866790771484,0.01935887336730957
175,10.943296432495117,,3.7022159099578857,0.019729137420654297
176,10.912246704101562,,3.7236032485961914,0.016846179962158203
177,10.90257453918457,,3.745438814163208,0.0212554931640625
178,10.930477142333984,,3.7657082080841064,0.016010761260986328
179,10.951615333557129,,3.788771390914917,0.023063182830810547
180,10.88044261932373,,3.8142383098602295,0.021465778350830078
181,10.850311279296875,,3.830780029296875,0.016541719436645508
182,10.841657638549805,,3.8492462635040283,0.015466451644897461
183,10.860940933227539,,3.868528366088867,0.019282102584838867
184,10.872358322143555,,3.8889570236206055,0.0159761905670166
185,10.867420196533203,,3.911804437637329,0.021143436431884766
186,10.843637466430664,,3.932279109954834,0.015935420989990234
187,10.81784439086914,,3.94610857963562,0.011784791946411133
188,10.79908561706543,,3.971060276031494,0.024951696395874023
189,10.821752548217773,,3.9877216815948486,0.013784646987915039
190,10.742509841918945,,4.011120080947876,0.023398399353027344
191,10.756880760192871,,4.029947996139526,0.01682305335998535
192,10.732152938842773,,4.050358295440674,0.018145322799682617
193,10.781379699707031,,4.0743567943573,0.02102971076965332
194,10.749584197998047,,4.093885183334351,0.01952838897705078
195,10.746917724609375,,4.116582870483398,0.02117133140563965
196,10.775975227355957,,4.137669324874878,0.020084857940673828
197,10.707286834716797,,4.154507875442505,0.015833377838134766
198,10.77804183959961,,4.175749063491821,0.019138336181640625
199,10.682446479797363,,4.198091268539429,0.02085256576538086
200,10.697032928466797,0.0,4.218450546264648,0.020359277725219727
201,10.636946678161621,,4.241831064224243,0.021347522735595703
202,10.658624649047852,,4.261922359466553,0.018091440200805664
203,10.609603881835938,,4.285391569137573,0.023469209671020508
204,10.614599227905273,,4.30717658996582,0.01683807373046875
205,10.630772590637207,,4.329043865203857,0.019596338272094727
206,10.548568725585938,,4.349240064620972,0.01619696617126465
207,10.56108283996582,,4.367718696594238,0.0184786319732666
208,10.580825805664062,,4.3889360427856445,0.01604938507080078
209,10.551749229431152,,4.405615568161011,0.014680862426757812
210,10.54823112487793,,4.427801609039307,0.0163266658782959
211,10.584772109985352,,4.446961164474487,0.015073299407958984
212,10.490089416503906,,4.469508171081543,0.0202791690826416
213,10.546979904174805,,4.486769437789917,0.01607966423034668
214,10.483711242675781,,4.505593299865723,0.017813444137573242
215,10.45139217376709,,4.527348279953003,0.01601696014404297
216,10.502716064453125,,4.545453310012817,0.01610875129699707
217,10.449825286865234,,4.566021680831909,0.01602911949157715
218,10.376749038696289,,4.584542512893677,0.01648569107055664
219,10.366493225097656,,4.610399961471558,0.02026677131652832
220,10.389814376831055,,4.630499362945557,0.020099401473999023
221,10.357412338256836,,4.647610425949097,0.015085458755493164
222,10.419559478759766,,4.666116952896118,0.018506526947021484
223,10.334632873535156,,4.6895222663879395,0.017030954360961914
224,10.33026123046875,,4.7129387855529785,0.023416519165039062
225,10.306573867797852,,4.735464572906494,0.019962549209594727
226,10.35392951965332,,4.753456115722656,0.01799154281616211
227,10.2720947265625,,4.777371644973755,0.021396875381469727
228,10.266963958740234,,4.797755002975464,0.020383358001708984
229,10.276477813720703,,4.814288139343262,0.015524625778198242
230,10.185406684875488,,4.832877159118652,0.016023635864257812
231,10.182945251464844,,4.849222421646118,0.013806581497192383
232,10.216300964355469,,4.869842529296875,0.020620107650756836
233,10.228623390197754,,4.8909008502960205,0.016625642776489258
234,10.215510368347168,,4.914217233657837,0.023316383361816406
235,10.220297813415527,,4.933290719985962,0.016503095626831055
236,10.046743392944336,,4.951663494110107,0.015867948532104492
237,10.149029731750488,,4.971790552139282,0.015558242797851562
238,10.06588363647461,,4.991757869720459,0.01674652099609375
239,10.069403648376465,,5.0127105712890625,0.019953012466430664
240,10.081134796142578,,5.029663324356079,0.013010501861572266
241,10.001893997192383,,5.052819013595581,0.023155689239501953
242,10.092839241027832,,5.065807819366455,0.01098489761352539
243,9.949368476867676,,5.089080333709717,0.016896486282348633
244,10.00436782836914,,5.113835334777832,0.020757436752319336
245,9.912906646728516,,5.134324789047241,0.02048945426940918
246,9.973411560058594,,5.156631708145142,0.020801305770874023
247,9.931758880615234,,5.18137264251709,0.02070903778076172
248,9.896754264831543,,5.199165105819702,0.01562809944152832
249,9.838257789611816,,5.219817638397217,0.018619775772094727
250,9.869115829467773,,5.237887144088745,0.016071557998657227
251,9.82922649383545,,5.256361484527588,0.0178072452545166
252,9.782072067260742,,5.276163101196289,0.016794681549072266
253,9.775736808776855,,5.293736696243286,0.015542030334472656
254,9.829817771911621,,5.31432318687439,0.01858663558959961
255,9.791658401489258,,5.331216335296631,0.015159130096435547
256,9.781225204467773,,5.356730699539185,0.02251744270324707
257,9.689483642578125,,5.372699022293091,0.01596832275390625
258,9.662834167480469,,5.392481803894043,0.0167849063873291
259,9.678755760192871,,5.417555570602417,0.020988941192626953
260,9.707789421081543,,5.443498611450195,0.02178668975830078
261,9.643583297729492,,5.45986533164978,0.015366315841674805
262,9.605159759521484,,5.481189727783203,0.017351627349853516
263,9.614676475524902,,5.504240274429321,0.02093338966369629
264,9.514605522155762,,5.521695137023926,0.01591944694519043
265,9.605074882507324,,5.539450645446777,0.015577554702758789
266,9.516387939453125,,5.56029748916626,0.015583038330078125
267,9.491727828979492,,5.578198432922363,0.015900373458862305
268,9.493293762207031,,5.605426549911499,0.02654099464416504
269,9.512149810791016,,5.6228392124176025,0.017412662506103516
270,9.387284278869629,,5.647627115249634,0.019214630126953125
271,9.381244659423828,,5.666197061538696,0.0185699462890625
272,9.416290283203125,,5.689168453216553,0.017587900161743164
273,9.330782890319824,,5.712586402893066,0.023417949676513672
274,9.297185897827148,,5.731189250946045,0.016606807708740234
275,9.276867866516113,,5.749512672424316,0.018323421478271484
276,9.312517166137695,,5.773655414581299,0.021148204803466797
277,9.239738464355469,,5.7900474071502686,0.016391992568969727
278,9.214606285095215,,5.807860851287842,0.014804840087890625
279,9.179849624633789,,5.8332250118255615,0.025364160537719727
280,9.244474411010742,,5.857946157455444,0.022187471389770508
281,9.154964447021484,,5.877351522445679,0.019405364990234375
282,9.172865867614746,,5.898129940032959,0.01978135108947754
283,9.125248908996582,,5.919133424758911,0.02100348472595215
284,9.147171974182129,,5.936909198760986,0.015471458435058594
285,9.079580307006836,,5.954150438308716,0.014724493026733398
286,8.96274185180664,,5.977520227432251,0.020830869674682617
287,9.02645206451416,,5.99582576751709,0.01630544662475586
288,8.952548027038574,,6.016703128814697,0.01936793327331543
289,8.983201026916504,,6.02972149848938,0.011028528213500977
290,8.949003219604492,,6.0572896003723145,0.01975536346435547
291,8.9811372756958,,6.071306467056274,0.011976242065429688
292,8.920341491699219,,6.09447455406189,0.01881098747253418
293,8.856857299804688,,6.1176674365997314,0.021657705307006836
294,8.831958770751953,,6.1412646770477295,0.018187761306762695
295,8.81190299987793,,6.162966251373291,0.016722440719604492
296,8.802663803100586,,6.189190149307251,0.02165389060974121
297,8.761289596557617,,6.205810546875,0.016620397567749023
298,8.753511428833008,,6.229156732559204,0.020304441452026367
299,8.695478439331055,,6.245521306991577,0.016364574432373047
300,8.800622940063477,0.1319615046183268,6.269673585891724,0.022121429443359375
301,8.595611572265625,,6.291484594345093,0.020817995071411133
302,8.617103576660156,,6.314227819442749,0.018176555633544922
303,8.585638046264648,,6.3280298709869385,0.012268304824829102
304,8.640079498291016,,6.353687763214111,0.02565789222717285
305,8.628656387329102,,6.369752883911133,0.014061927795410156
306,8.54442310333252,,6.389367580413818,0.019614696502685547
307,8.511837005615234,,6.415498495101929,0.021965980529785156
308,8.537349700927734,,6.440555095672607,0.02254772186279297
309,8.515830993652344,,6.460638761520386,0.02008366584777832
310,8.40191650390625,,6.4808385372161865,0.01717543601989746
311,8.435094833374023,,6.503946781158447,0.022350311279296875
312,8.485203742980957,,6.523858070373535,0.01635456085205078
313,8.362310409545898,,6.545597076416016,0.02018904685974121
314,8.368094444274902,,6.565534830093384,0.016565561294555664
315,8.252989768981934,,6.587986946105957,0.020419836044311523
316,8.242481231689453,,6.606183767318726,0.015168190002441406
317,8.240946769714355,,6.625512361526489,0.019328594207763672
318,8.23442554473877,,6.647939920425415,0.016909122467041016
319,8.2310791015625,,6.665808916091919,0.017868995666503906
320,8.178184509277344,,6.68750262260437,0.016121864318847656
321,8.175878524780273,,6.710260391235352,0.020990610122680664
322,8.091808319091797,,6.731199741363525,0.015084028244018555
323,8.148609161376953,,6.750413417816162,0.01921367645263672
324,8.05046558380127,,6.770567893981934,0.01859879493713379
325,8.009521484375,,6.795487880706787,0.02076864242553711
326,8.034595489501953,,6.816845893859863,0.015510082244873047
327,8.01677417755127,,6.835079193115234,0.016229867935180664
328,7.991130828857422,,6.855899810791016,0.01924729347229004
329,7.941102981567383,,6.873415470123291,0.015480279922485352
330,7.9251861572265625,,6.894052982330322,0.018131732940673828
331,7.923467636108398,,6.912663698196411,0.01710653305053711
332,7.996888637542725,,6.931793451309204,0.017130374908447266
333,7.833899974822998,,6.9566969871521,0.020905256271362305
334,7.841379642486572,,6.976025581359863,0.01632833480834961
335,7.862334728240967,,6.988727331161499,0.010669946670532227
336,7.80263090133667,,7.014145135879517,0.01837325096130371
337,7.760152816772461,,7.029757738113403,0.013041019439697266
338,7.827656269073486,,7.0555760860443115,0.019052982330322266
339,7.70896577835083,,7.0794453620910645,0.02138662338256836
340,7.6517014503479,,7.098352670669556,0.017913103103637695
341,7.716716766357422,,7.12213134765625,0.021514892578125
342,7.696197509765625,,7.140507459640503,0.01837611198425293
343,7.689115524291992,,7.163684844970703,0.021177291870117188
344,7.794031143188477,,7.181844234466553,0.01815938949584961
345,7.617884635925293,,7.204817056655884,0.021002769470214844
346,7.553773880004883,,7.223127126693726,0.017340898513793945
347,7.500859260559082,,7.246844530105591,0.021085262298583984
348,7.531024932861328,,7.2647621631622314,0.017917633056640625
349,7.607139587402344,,7.288668155670166,0.021840572357177734
350,7.442577362060547,,7.308419227600098,0.01975107192993164
351,7.398463249206543,,7.33184289932251,0.02177262306213379
352,7.40938663482666,,7.351891279220581,0.01904773712158203
353,7.367980003356934,,7.370077133178711,0.016181468963623047
354,7.412262916564941,,7.388270854949951,0.018193721771240234
355,7.369421005249023,,7.4135870933532715,0.021146297454833984
356,7.294010162353516,,7.432729005813599,0.01914191246032715
357,7.381844520568848,,7.455430507659912,0.020697832107543945
358,7.212141990661621,,7.4747703075408936,0.0163116455078125
359,7.283357620239258,,7.498347282409668,0.021073341369628906
360,7.28226375579834,,7.5227577686309814,0.02137303352355957
361,7.22562313079834,,7.5435097217559814,0.020751953125
362,7.1656341552734375,,7.562835216522217,0.015728235244750977
363,7.113166809082031,,7.586637020111084,0.02104330062866211
364,7.092823028564453,,7.606184720993042,0.016510486602783203
365,7.129570960998535,,7.624089956283569,0.017905235290527344
366,7.046130180358887,,7.647101640701294,0.018122434616088867
367,7.047621726989746,,7.669534206390381,0.02155137062072754
368,7.2120256423950195,,7.689540147781372,0.01594829559326172
369,7.049057960510254,,7.708321809768677,0.018781661987304688
370,7.112746238708496,,7.729766607284546,0.01607370376586914
371,7.024158954620361,,7.745383024215698,0.014206171035766602
372,6.952004909515381,,7.765538454055786,0.02015542984008789
373,6.95611572265625,,7.787131309509277,0.01676630973815918
374,6.846612930297852,,7.808943748474121,0.019751787185668945
375,6.998046875,,7.826140880584717,0.016276836395263672
376,6.868106842041016,,7.847390413284302,0.01887226104736328
377,6.9680705070495605,,7.870386123657227,0.02099776268005371
378,6.901993751525879,,7.888529539108276,0.018143415451049805
379,6.821712493896484,,7.907596111297607,0.017066478729248047
380,6.7906622886657715,,7.925400495529175,0.015834808349609375
381,6.792222023010254,,7.9461281299591064,0.01634383201599121
382,6.822216987609863,,7.970535516738892,0.024407386779785156
383,6.876240253448486,,7.987801551818848,0.015268087387084961
384,6.760409355163574,,8.020289182662964,0.025774240493774414
385,6.727676868438721,,8.036511898040771,0.016222715377807617
386,6.651994705200195,,8.056961297988892,0.018413543701171875
387,6.623069763183594,,8.08023977279663,0.021304607391357422
388,6.669857025146484,,8.099909782409668,0.018669605255126953
389,6.599399566650391,,8.117494583129883,0.015583992004394531
390,6.61985969543457,,8.137833833694458,0.018339872360229492
391,6.677114486694336,,8.15561556816101,0.015779495239257812
392,6.556167125701904,,8.173136711120605,0.015486001968383789
393,6.493900299072266,,8.198683023452759,0.021953821182250977
394,6.688042640686035,,8.21683931350708,0.01713085174560547
395,6.501768589019775,,8.235579490661621,0.01576972007751465
396,6.559349060058594,,8.253448009490967,0.015521049499511719
397,6.417954444885254,,8.274672746658325,0.01565384864807129
398,6.464470863342285,,8.292849063873291,0.016645431518554688
399,6.429896354675293,,8.312023878097534,0.014665365219116211
400,6.466102600097656,0.655440886815389,8.328306198120117,0.012511014938354492
401,6.404367923736572,,8.361000299453735,0.025376081466674805
402,6.410194396972656,,8.376459121704102,0.015458822250366211
403,6.331424713134766,,8.397614002227783,0.016154766082763672
404,6.405500888824463,,8.416239023208618,0.017372846603393555
405,6.373115539550781,,8.436397790908813,0.018157243728637695
406,6.3463850021362305,,8.454214096069336,0.015813827514648438
407,6.291859149932861,,8.474590539932251,0.018836259841918945
408,6.240745544433594,,8.497793436050415,0.022233009338378906
409,6.267938613891602,,8.516767024993896,0.0164334774017334
410,6.227693557739258,,8.539459943771362,0.021723270416259766
411,6.435276031494141,,8.558196544647217,0.018736600875854492
412,6.216691017150879,,8.576153755187988,0.01622295379638672
413,6.135562896728516,,8.593591451644897,0.015399932861328125
414,6.22886848449707,,8.620522499084473,0.020761966705322266
415,6.250064373016357,,8.640831708908081,0.0203092098236084
416,6.142389297485352,,8.66364049911499,0.020622730255126953
417,6.140564918518066,,8.683906555175781,0.017728328704833984
418,6.140956401824951,,8.706321716308594,0.020875930786132812
419,6.0604047775268555,,8.72780466079712,0.017452001571655273
420,6.1206955909729,,8.74587368965149,0.01707148551940918
421,6.006768226623535,,8.76963186264038,0.02148151397705078
422,6.132969379425049,,8.787463426589966,0.01583242416381836
423,6.054884910583496,,8.805880784988403,0.016411304473876953
424,6.06088924407959,,8.824504137039185,0.015237569808959961
425,6.011205673217773,,8.842612028121948,0.01557016372680664
426,5.973000526428223,,8.86564016342163,0.016484975814819336
427,6.399411201477051,,8.884114027023315,0.01643681526184082
428,5.9454874992370605,,8.90670657157898,0.017046689987182617
429,5.885565280914307,,8.925700902938843,0.0169985294342041
430,5.892600059509277,,8.946425437927246,0.016317367553710938
431,6.111264228820801,,8.968728303909302,0.022302865982055664
432,5.862696647644043,,8.987805128097534,0.01807546615600586
433,5.899779319763184,,9.01888132095337,0.03107619285583496
434,5.83788537979126,,9.036550283432007,0.01566910743713379
435,5.929539680480957,,9.057106494903564,0.01852107048034668
436,5.866981506347656,,9.079990148544312,0.020723819732666016
437,5.841530799865723,,9.099047422409058,0.018026351928710938
438,5.781367301940918,,9.122539520263672,0.021454572677612305
439,5.857086181640625,,9.141891479492188,0.01634836196899414
440,5.840147018432617,,9.15868091583252,0.014758586883544922
441,5.772546291351318,,9.179900169372559,0.019219160079956055
442,5.696264266967773,,9.202836275100708,0.020936250686645508
443,5.715985298156738,,9.2222580909729,0.019421815872192383
444,5.710567474365234,,9.245410919189453,0.021116971969604492
445,5.600575923919678,,9.26423192024231,0.018821001052856445
446,5.665440082550049,,9.287217378616333,0.021437406539916992
447,5.707594871520996,,9.306195259094238,0.018977880477905273
448,5.615809440612793,,9.32466745376587,0.016438722610473633
449,5.602415561676025,,9.3490309715271,0.02282428741455078
450,5.646244049072266,,9.370351791381836,0.02032470703125
451,5.641880512237549,,9.397368431091309,0.023790597915649414
452,5.564730644226074,,9.425410032272339,0.028041601181030273
453,5.562350749969482,,9.453570365905762,0.026152849197387695
454,5.5623979568481445,,9.47908067703247,0.025510311126708984
455,5.53736686706543,,9.497443199157715,0.017362356185913086
456,5.511256217956543,,9.51963472366333,0.017638206481933594
457,5.568323135375977,,9.539559125900269,0.017927885055541992
458,5.44489860534668,,9.559990406036377,0.019430875778198242
459,5.41886043548584,,9.577003240585327,0.017012834548950195
460,5.4776458740234375,,9.595473289489746,0.016477346420288086
461,5.457097053527832,,9.622092723846436,0.021045207977294922
462,5.460227966308594,,9.640545845031738,0.018453121185302734
463,5.490989685058594,,9.664276123046875,0.020603179931640625
464,5.428807258605957,,9.68301010131836,0.015162467956542969
465,5.436865329742432,,9.705480098724365,0.019938945770263672
466,5.4291181564331055,,9.726715803146362,0.016981124877929688
467,5.418108940124512,,9.743937015533447,0.01722121238708496
468,5.403715133666992,,9.764094352722168,0.01760721206665039
469,5.410823345184326,,9.782896041870117,0.016257286071777344
470,5.320720195770264,,9.801716327667236,0.016292572021484375
471,5.287250995635986,,9.821430921554565,0.016744375228881836
472,5.380519866943359,,9.839647769927979,0.01613759994506836
473,5.349020004272461,,9.864172458648682,0.020554304122924805
474,5.3353776931762695,,9.88605785369873,0.01931142807006836
475,5.284097671508789,,9.904555082321167,0.016458988189697266
476,5.28622579574585,,9.921880722045898,0.01523590087890625
477,5.244985103607178,,9.946383476257324,0.019185781478881836
478,5.188255310058594,,9.967648267745972,0.02126479148864746
479,5.238150596618652,,9.985782146453857,0.016083478927612305
480,5.179774284362793,,10.009835004806519,0.022016525268554688
481,5.129931449890137,,10.029760599136353,0.017902612686157227
482,5.221020698547363,,10.05919599533081,0.023382902145385742
483,5.214010715484619,,10.081500768661499,0.020270824432373047
484,5.1705522537231445,,10.105948448181152,0.01903986930847168
485,5.160376071929932,,10.126081228256226,0.020132780075073242
486,5.135585784912109,,10.147605895996094,0.01610255241394043
487,5.162559509277344,,10.1705961227417,0.02262115478515625
488,5.101143836975098,,10.196240425109863,0.022639751434326172
489,5.167932987213135,,10.220799922943115,0.02352428436279297
490,5.1134748458862305,,10.238430261611938,0.015630245208740234
491,5.083573341369629,,10.264305830001831,0.01948261260986328
492,5.087649345397949,,10.287055492401123,0.021210670471191406
493,5.176087856292725,,10.305372953414917,0.018317461013793945
494,5.047735214233398,,10.323494911193848,0.015880823135375977
495,5.012508392333984,,10.341513633728027,0.015482187271118164
496,5.035680770874023,,10.361979007720947,0.016000032424926758
497,5.041028022766113,,10.380141019821167,0.01597762107849121
498,5.0021796226501465,,10.401094436645508,0.016952037811279297
499,4.979322910308838,,10.419212818145752,0.014652729034423828
500,4.991326808929443,0.8192857503890991,10.444587469100952,0.02277660369873047
501,4.961694717407227,,10.46232533454895,0.01583695411682129
502,5.033641338348389,,10.481363773345947,0.017006635665893555
503,4.955902099609375,,10.508437156677246,0.022994279861450195
504,4.9058122634887695,,10.529673337936401,0.019068241119384766
505,4.9177141189575195,,10.550497055053711,0.02082371711730957
506,4.895856857299805,,10.574241638183594,0.021456003189086914
507,4.9788923263549805,,10.597205877304077,0.0229642391204834
508,4.946483612060547,,10.614039897918701,0.015830278396606445
509,4.942156791687012,,10.631779432296753,0.015197992324829102
510,4.926113128662109,,10.658664464950562,0.02491474151611328
511,4.872737884521484,,10.6788911819458,0.020226716995239258
512,4.841814994812012,,10.701748371124268,0.021830320358276367
513,4.7663187980651855,,10.720102548599243,0.018354177474975586
514,4.849956512451172,,10.738627433776855,0.0164947509765625
515,4.840266704559326,,10.761707544326782,0.023080110549926758
516,4.836099624633789,,10.77970266342163,0.016008615493774414
517,4.773626804351807,,10.804702281951904,0.023888587951660156
518,4.785893440246582,,10.821557998657227,0.015318155288696289
519,4.7332634925842285,,10.84248971939087,0.016811370849609375
520,4.774291038513184,,10.86296010017395,0.016965389251708984
521,4.7396392822265625,,10.880449533462524,0.0162813663482666
522,4.7794694900512695,,10.902184963226318,0.016232967376708984
523,4.7085466384887695,,10.924039125442505,0.01985764503479004
524,4.698980808258057,,10.940028667449951,0.01598954200744629
525,4.727537155151367,,10.959949970245361,0.019921302795410156
526,4.717573642730713,,10.982276678085327,0.021323680877685547
527,4.6954569816589355,,11.00403904914856,0.020760297775268555
528,4.726553440093994,,11.023906946182251,0.017359495162963867
529,4.644168853759766,,11.041534185409546,0.016122817993164062
530,4.677082061767578,,11.063300848007202,0.01976943016052246
531,4.689053535461426,,11.080435037612915,0.015329122543334961
532,4.655932426452637,,11.097810983657837,0.015378236770629883
533,4.6512250900268555,,11.119455099105835,0.01714181900024414
534,4.68400239944458,,11.13957691192627,0.018460750579833984
535,4.67530632019043,,11.16316270828247,0.021588802337646484
536,4.626418113708496,,11.189452886581421,0.022717952728271484
537,4.583987236022949,,11.205474138259888,0.014725923538208008
538,4.596978187561035,,11.22468113899231,0.01607656478881836
539,4.562984466552734,,11.245438575744629,0.015657663345336914
540,4.554361820220947,,11.264337539672852,0.018898963928222656
541,4.5932488441467285,,11.290813684463501,0.02259540557861328
542,4.535533428192139,,11.31956958770752,0.026755094528198242
543,4.538419723510742,,11.34153437614441,0.02196478843688965
544,4.521889686584473,,11.3609459400177,0.017444133758544922
545,4.562412261962891,,11.383810043334961,0.02086639404296875
546,4.478494644165039,,11.40565276145935,0.018297195434570312
547,4.489689826965332,,11.434012174606323,0.023280620574951172
548,4.5672807693481445,,11.457687139511108,0.021132946014404297
549,4.475454807281494,,11.484326362609863,0.02264261245727539
550,4.474914073944092,,11.505442380905151,0.01957106590270996
551,4.497493743896484,,11.528448104858398,0.02100229263305664
552,4.480744361877441,,11.550673961639404,0.02090740203857422
553,4.488228797912598,,11.57445740699768,0.021780967712402344
554,4.421010971069336,,11.597661018371582,0.021666765213012695
555,4.432574272155762,,11.617457389831543,0.01779937744140625
556,4.469051837921143,,11.643705606460571,0.024248838424682617
557,4.364817142486572,,11.66085147857666,0.017145872116088867
558,4.362287521362305,,11.67970609664917,0.017855167388916016
559,4.341108322143555,,11.701453685760498,0.015770435333251953
560,4.388526916503906,,11.725370407104492,0.02240920066833496
561,4.414374351501465,,11.738720893859863,0.01184225082397461
562,4.42232608795166,,11.764670372009277,0.01877570152282715
563,4.3608903884887695,,11.782844066619873,0.016046524047851562
564,4.324777603149414,,11.800038814544678,0.01619410514831543
565,4.36185359954834,,11.821317195892334,0.015556812286376953
566,4.39953088760376,,11.84040093421936,0.01708674430847168
567,4.357633590698242,,11.866650581359863,0.021272897720336914
568,4.313333511352539,,11.890106439590454,0.021457672119140625
569,4.307231903076172,,11.913489818572998,0.022354602813720703
570,4.301589012145996,,11.933767795562744,0.01577472686767578
571,4.362936973571777,,11.946919441223145,0.011118888854980469
572,4.299952507019043,,11.972374439239502,0.018331527709960938
573,4.269866943359375,,11.992943525314331,0.01857161521911621
574,4.236266136169434,,12.01766562461853,0.023722410202026367
575,4.2673468589782715,,12.03542447090149,0.015717267990112305
576,4.278621673583984,,12.06012749671936,0.0226137638092041
577,4.2764787673950195,,12.07811689376831,0.01598381996154785
578,4.254866123199463,,12.09607195854187,0.016955852508544922
579,4.2609171867370605,,12.122375011444092,0.021149158477783203
580,4.317425727844238,,12.143970966339111,0.01699542999267578
581,4.184370994567871,,12.161631345748901,0.0160219669342041
582,4.303215503692627,,12.181739330291748,0.017997026443481445
583,4.254631519317627,,12.197038173675537,0.012301921844482422
584,4.183134078979492,,12.225563049316406,0.02852487564086914
585,4.247082710266113,,12.249108791351318,0.02146601676940918
586,4.203444480895996,,12.273914575576782,0.022806882858276367
587,4.188211441040039,,12.295788288116455,0.02187371253967285
588,4.155651569366455,,12.315398216247559,0.015601634979248047
589,4.178401470184326,,12.325789213180542,0.008018255233764648
590,4.149397373199463,,12.354016780853271,0.01784539222717285
591,4.092411041259766,,12.372040748596191,0.015452146530151367
592,4.108231544494629,,12.392964363098145,0.018898487091064453
593,4.103533744812012,,12.411681652069092,0.01620936393737793
594,4.079184532165527,,12.43564748764038,0.021969079971313477
595,4.110713958740234,,12.458180665969849,0.02030634880065918
596,4.163668155670166,,12.479211568832397,0.016034364700317383
597,4.113400936126709,,12.50159740447998,0.02038884162902832
598,4.171257972717285,,12.527427911758423,0.02391195297241211
599,4.110677719116211,,12.549299478530884,0.0208737850189209
600,4.029699325561523,0.8767096002896627,12.579184532165527,0.024571657180786133
601,4.062195777893066,,12.59761381149292,0.016060352325439453
602,4.0988240242004395,,12.618538618087769,0.01692366600036621
603,4.109388828277588,,12.635772943496704,0.014616250991821289
604,4.0758771896362305,,12.659619331359863,0.018434762954711914
605,4.046426773071289,,12.681828737258911,0.020212650299072266
606,4.033531188964844,,12.705407857894897,0.019076824188232422
607,3.9853463172912598,,12.729671001434326,0.02269268035888672
608,4.033708572387695,,12.752955913543701,0.021747827529907227
609,4.0331220626831055,,12.775447130203247,0.01792740821838379
610,3.9556028842926025,,12.798993825912476,0.020539522171020508
611,3.9718546867370605,,12.81881594657898,0.016825437545776367
612,3.9970059394836426,,12.83669400215149,0.015880584716796875
613,3.9168648719787598,,12.854002952575684,0.015306234359741211
614,3.9751319885253906,,12.875783681869507,0.016768217086791992
615,3.9813132286071777,,12.896349668502808,0.01853013038635254
616,3.9678146839141846,,12.92032790184021,0.02086782455444336
617,3.9374921321868896,,12.946739673614502,0.021411657333374023
618,3.918809413909912,,12.969309091567993,0.02256941795349121
619,3.8899927139282227,,12.995471239089966,0.022162675857543945
620,3.9121274948120117,,13.020352602005005,0.0228424072265625
621,4.042844772338867,,13.039550065994263,0.017200469970703125
622,3.8768157958984375,,13.062883853912354,0.022333621978759766
623,3.9897663593292236,,13.083289384841919,0.017935514450073242
624,3.9206607341766357,,13.106368064880371,0.0220797061920166
625,3.8785276412963867,,13.12407636642456,0.01657271385192871
626,3.9110593795776367,,13.141969442367554,0.016389846801757812
627,3.927401304244995,,13.166305780410767,0.023335695266723633
628,3.841411590576172,,13.191287279129028,0.022594213485717773
629,3.8827991485595703,,13.215502500534058,0.022209644317626953
630,3.8381142616271973,,13.238628149032593,0.018616676330566406
631,3.82291841506958,,13.255603790283203,0.01697564125061035
632,3.8369922637939453,,13.274721384048462,0.01708197593688965
633,3.882049560546875,,13.297895193099976,0.020665407180786133
634,3.855844020843506,,13.317863941192627,0.016972064971923828
635,3.761615753173828,,13.335690259933472,0.015828847885131836
636,3.8424441814422607,,13.353121757507324,0.015395402908325195
637,3.8526699542999268,,13.376813173294067,0.01818251609802246
638,3.833888530731201,,13.39748239517212,0.018615245819091797
639,3.756369113922119,,13.417131662368774,0.017679929733276367
640,3.8468947410583496,,13.442030429840088,0.024898767471313477
641,3.7656431198120117,,13.464341402053833,0.022310972213745117
642,3.8781299591064453,,13.488306045532227,0.018793344497680664
643,3.831559658050537,,13.507142543792725,0.018836498260498047
644,3.83905029296875,,13.529871940612793,0.018296003341674805
645,3.8479182720184326,,13.557188510894775,0.027316570281982422
646,3.751284122467041,,13.579027891159058,0.019488096237182617
647,3.8066000938415527,,13.60416841506958,0.02514052391052246
648,3.78291916847229,,13.627044677734375,0.021343708038330078
649,3.8069417476654053,,13.647551774978638,0.0182950496673584
650,3.7003345489501953,,13.666329383850098,0.016087055206298828
651,3.7096853256225586,,13.691355466842651,0.02399301528930664
652,3.7892723083496094,,13.708624362945557,0.016556978225708008
653,3.7490696907043457,,13.73553466796875,0.024573802947998047
654,3.6867942810058594,,13.758561611175537,0.02302694320678711
655,3.7301230430603027,,13.78657341003418,0.02361464500427246
656,3.643939971923828,,13.80464482307434,0.017767906188964844
657,3.6511640548706055,,13.826122760772705,0.0194704532623291
658,3.650700092315674,,13.844753742218018,0.016598224639892578
659,3.7131943702697754,,13.869834184646606,0.021611690521240234
660,3.6432926654815674,,13.892667770385742,0.022833585739135742
661,3.641303062438965,,13.911685228347778,0.016992807388305664
662,3.7055160999298096,,13.935442924499512,0.022652387619018555
663,3.6803314685821533,,13.957746982574463,0.021758079528808594
664,3.6805567741394043,,13.982697248458862,0.023954153060913086
665,3.5967488288879395,,14.003446578979492,0.019751310348510742
666,3.6536760330200195,,14.028479099273682,0.0209503173828125
667,3.6738088130950928,,14.046196699142456,0.01634526252746582
668,3.6914753913879395,,14.065605640411377,0.017402172088623047
669,3.616459369659424,,14.090012550354004,0.02089715003967285
670,3.6232848167419434,,14.116512298583984,0.02447509765625
671,3.6418371200561523,,14.133746862411499,0.0162353515625
672,3.6268153190612793,,14.154633522033691,0.019283533096313477
673,3.598814010620117,,14.16841459274292,0.011705160140991211
674,3.550419330596924,,14.191707611083984,0.01840829849243164
675,3.5804405212402344,,14.210155010223389,0.01644277572631836
676,3.5175371170043945,,14.229506731033325,0.019351720809936523
677,3.5615057945251465,,14.245451927185059,0.01153254508972168
678,3.572503089904785,,14.27100396156311,0.019187211990356445
679,3.5612564086914062,,14.28676152229309,0.013760805130004883
680,3.516411781311035,,14.3108811378479,0.02411961555480957
681,3.5852346420288086,,14.32840609550476,0.015527725219726562
682,3.5502538681030273,,14.350390672683716,0.021984577178955078
683,3.5434677600860596,,14.368735313415527,0.015314817428588867
684,3.511993885040283,,14.386370420455933,0.016297101974487305
685,3.572052240371704,,14.407647371292114,0.01827526092529297
686,3.483821392059326,,14.425942420959473,0.01626753807067871
687,3.5072274208068848,,14.453206777572632,0.023211240768432617
688,3.4907398223876953,,14.469613075256348,0.01640629768371582
689,3.491182804107666,,14.488115549087524,0.01199793815612793
690,3.5143051147460938,,14.509904861450195,0.015002965927124023
691,3.5213143825531006,,14.529913663864136,0.015973329544067383
692,3.5320467948913574,,14.553344011306763,0.023430347442626953
693,3.498837471008301,,14.572352170944214,0.015506267547607422
694,3.510465621948242,,14.585838556289673,0.011488914489746094
695,3.4693408012390137,,14.61292028427124,0.02081465721130371
696,3.548658847808838,,14.627078533172607,0.01309061050415039
697,3.4646551609039307,,14.652145147323608,0.020895719528198242
698,3.5467936992645264,,14.668675422668457,0.014526844024658203
699,3.4756550788879395,,14.688008785247803,0.017350196838378906
700,3.432772636413574,0.889983077843984,14.717236042022705,0.025510072708129883
701,3.4985928535461426,,14.738637924194336,0.01737236976623535
702,3.451892375946045,,14.766518354415894,0.021124601364135742
703,3.4351210594177246,,14.786797285079956,0.018094778060913086
704,3.5737643241882324,,14.809876680374146,0.023079395294189453
705,3.412975788116455,,14.828371047973633,0.016501188278198242
706,3.4163317680358887,,14.855337858200073,0.02696681022644043
707,3.4943432807922363,,14.870049953460693,0.01270914077758789
708,3.42264461517334,,14.894195079803467,0.01842355728149414
709,3.492084503173828,,14.918346643447876,0.021642684936523438
710,3.4137048721313477,,14.93733024597168,0.01898360252380371
711,3.3772778511047363,,14.96037220954895,0.02099323272705078
712,3.375661849975586,,14.980801582336426,0.020429372787475586
713,3.4060235023498535,,15.004149198532104,0.02234506607055664
714,3.3783884048461914,,15.026056051254272,0.02190685272216797
715,3.425480365753174,,15.04820728302002,0.0211484432220459
716,3.3412723541259766,,15.074331045150757,0.021810054779052734
717,3.371243953704834,,15.095351696014404,0.020021677017211914
718,3.3459630012512207,,15.11756157875061,0.018642663955688477
719,3.378150463104248,,15.135379076004028,0.015817880630493164
720,3.3520572185516357,,15.155616521835327,0.015681743621826172
721,3.370497226715088,,15.168461561203003,0.010809898376464844
722,3.3201847076416016,,15.19530177116394,0.019899368286132812
723,3.3665566444396973,,15.210083246231079,0.012773990631103516
724,3.3519437313079834,,15.23465609550476,0.01890850067138672
725,3.3129096031188965,,15.252952814102173,0.017292261123657227
726,3.4129014015197754,,15.273810386657715,0.01985645294189453
727,3.3941121101379395,,15.287181854248047,0.011834383010864258
728,3.4252424240112305,,15.311492681503296,0.018266677856445312
729,3.30460262298584,,15.335016012191772,0.02152705192565918
730,3.4166111946105957,,15.355456113815308,0.020440101623535156
731,3.339158058166504,,15.376816749572754,0.020825624465942383
732,3.345675468444824,,15.39719843864441,0.019315004348754883
733,3.285261869430542,,15.420342683792114,0.02117300033569336
734,3.295867919921875,,15.439232110977173,0.018889427185058594
735,3.319777488708496,,15.462480783462524,0.021274089813232422
736,3.2964723110198975,,15.482596158981323,0.020115375518798828
737,3.331454038619995,,15.507480382919312,0.020814895629882812
738,3.2447292804718018,,15.528507947921753,0.016712188720703125
739,3.3092784881591797,,15.546242475509644,0.016376972198486328
740,3.237661600112915,,15.564769744873047,0.017498254776000977
741,3.2064390182495117,,15.589842319488525,0.02092909812927246
742,3.3087666034698486,,15.608283996582031,0.014442205429077148
743,3.2885355949401855,,15.632306337356567,0.020015478134155273
744,3.2632269859313965,,15.65216064453125,0.018854141235351562
745,3.244126558303833,,15.66868257522583,0.014518260955810547
746,3.291212558746338,,15.68998098373413,0.01936817169189453
747,3.2802093029022217,,15.714566946029663,0.020704030990600586
748,3.2169952392578125,,15.738581657409668,0.022480487823486328
749,3.3543882369995117,,15.765371084213257,0.026789426803588867
750,3.202972888946533,,15.786458730697632,0.01881718635559082
751,3.293890953063965,,15.80751919746399,0.021060466766357422
752,3.2135043144226074,,15.828521013259888,0.018717288970947266
753,3.2776875495910645,,15.849368810653687,0.020847797393798828
754,3.1852011680603027,,15.870131969451904,0.017462968826293945
755,3.185670852661133,,15.892742156982422,0.022610187530517578
756,3.1519112586975098,,15.916414260864258,0.02267146110534668
757,3.224519968032837,,15.943334102630615,0.025920867919921875
758,3.1789772510528564,,15.964226245880127,0.02089214324951172
759,3.1462252140045166,,15.988207817077637,0.02008342742919922
760,3.2724132537841797,,16.005516529083252,0.016222238540649414
761,3.12886381149292,,16.025797843933105,0.018913984298706055
762,3.195239543914795,,16.043574333190918,0.015738487243652344
763,3.1645936965942383,,16.064139366149902,0.018804073333740234
764,3.1986677646636963,,16.082472801208496,0.016797780990600586
765,3.156369209289551,,16.10062527656555,0.016153812408447266
766,3.128577470779419,,16.122200965881348,0.016547441482543945
767,3.164724349975586,,16.1403226852417,0.016124248504638672
768,3.180722951889038,,16.162819147109985,0.01692342758178711
769,3.1462345123291016,,16.181493997573853,0.01614665985107422
770,3.1594138145446777,,16.202322959899902,0.016622543334960938
771,3.156343460083008,,16.219583749771118,0.015092134475708008
772,3.1735687255859375,,16.241942882537842,0.017323970794677734
773,3.185375213623047,,16.260043621063232,0.016100168228149414
774,3.215249538421631,,16.28677272796631,0.02472972869873047
775,3.2094531059265137,,16.307868242263794,0.02109551429748535
776,3.1275787353515625,,16.328388690948486,0.01833963394165039
777,3.1154837608337402,,16.348247289657593,0.019858598709106445
778,3.1420717239379883,,16.3656747341156,0.01645946502685547
779,3.131852149963379,,16.383840560913086,0.0161588191986084
780,3.1219425201416016,,16.405292749404907,0.016881465911865234
781,3.1612937450408936,,16.434718370437622,0.026875972747802734
782,3.0683438777923584,,16.453300714492798,0.017014026641845703
783,3.0897023677825928,,16.4710910320282,0.015581369400024414
784,3.137599468231201,,16.497777938842773,0.024645328521728516
785,3.117626190185547,,16.51534080505371,0.01556253433227539
786,3.1118955612182617,,16.537606716156006,0.016235828399658203
787,3.1401543617248535,,16.562986850738525,0.02338123321533203
788,3.1100716590881348,,16.57908058166504,0.013585567474365234
789,3.0913758277893066,,16.601632356643677,0.022551774978637695
790,3.0913634300231934,,16.619529247283936,0.016897201538085938
791,3.044090747833252,,16.63731074333191,0.016030073165893555
792,3.0712673664093018,,16.661673545837402,0.022363901138305664
793,3.0370841026306152,,16.680402994155884,0.016592979431152344
794,3.067471981048584,,16.704500913619995,0.019100427627563477
795,3.046691656112671,,16.728601694107056,0.02256178855895996
796,3.0841691493988037,,16.749440670013428,0.018842458724975586
797,3.065394401550293,,16.76913022994995,0.01768946647644043
798,3.112074375152588,,16.78674840927124,0.014622211456298828
799,3.041513442993164,,16.813305377960205,0.026556968688964844
800,3.0199356079101562,0.937280277411143,16.83561611175537,0.021310806274414062
801,3.1393325328826904,,16.855401277542114,0.01774907112121582
802,3.032170295715332,,16.86984658241272,0.012938737869262695
803,3.0900135040283203,,16.9000346660614,0.02321147918701172
804,3.04464054107666,,16.917470455169678,0.01543116569519043
805,3.078130006790161,,16.936619997024536,0.017179250717163086
806,3.044224262237549,,16.964064359664917,0.020441293716430664
807,3.0449471473693848,,16.988206386566162,0.018291950225830078
808,3.064891815185547,,17.01476740837097,0.02656102180480957
809,3.019911050796509,,17.03860306739807,0.021341323852539062
810,3.0868453979492188,,17.057005167007446,0.018402099609375
811,3.025165319442749,,17.075804233551025,0.016801118850708008
812,3.0134642124176025,,17.09312415122986,0.015312433242797852
813,2.95997953414917,,17.113991737365723,0.019868135452270508
814,3.0334949493408203,,17.133336067199707,0.016835689544677734
815,2.9859390258789062,,17.152364253997803,0.014457225799560547
816,2.965607166290283,,17.16870617866516,0.013066768646240234
817,2.9778990745544434,,17.191779375076294,0.01953911781311035
818,3.0036635398864746,,17.210588455200195,0.016804933547973633
819,2.9942357540130615,,17.23086714744568,0.019052982330322266
820,2.9907453060150146,,17.245517253875732,0.012558937072753906
821,3.039605140686035,,17.267785787582397,0.01713705062866211
822,2.96722412109375,,17.286811351776123,0.014027118682861328
823,2.9255733489990234,,17.31117272377014,0.024361371994018555
824,3.0033206939697266,,17.32813811302185,0.014943599700927734
825,2.9834518432617188,,17.353546380996704,0.025408267974853516
826,2.9157915115356445,,17.370023727416992,0.014479637145996094
827,2.9426217079162598,,17.392400979995728,0.02237725257873535
828,2.9502499103546143,,17.40890407562256,0.015503883361816406
829,2.957489490509033,,17.427955150604248,0.015339136123657227
830,2.897754192352295,,17.44646644592285,0.015514850616455078
831,2.948526382446289,,17.46654963493347,0.020083189010620117
832,2.994626522064209,,17.497403144836426,0.025725841522216797
833,2.96242618560791,,17.520790576934814,0.022387981414794922
834,2.938447952270508,,17.540600776672363,0.01781296730041504
835,2.9089341163635254,,17.565454244613647,0.023851394653320312
836,2.8804807662963867,,17.590073347091675,0.02277207374572754
837,2.9182145595550537,,17.613916158676147,0.02283787727355957
838,2.9825034141540527,,17.626983165740967,0.011562585830688477
839,2.9284653663635254,,17.65157389640808,0.01775836944580078
840,2.9218249320983887,,17.668692111968994,0.014092206954956055
841,2.9200329780578613,,17.691972255706787,0.02017951011657715
842,2.977450132369995,,17.710490226745605,0.016513586044311523
843,2.9993345737457275,,17.731101989746094,0.018292903900146484
844,2.8987789154052734,,17.75545048713684,0.02157449722290039
845,2.883263111114502,,17.78195071220398,0.02246236801147461
846,2.9128952026367188,,17.803133487701416,0.019186019897460938
847,2.904103994369507,,17.828471899032593,0.021834611892700195
848,2.8602874279022217,,17.84471869468689,0.016246795654296875
849,2.9205634593963623,,17.869792222976685,0.021567583084106445
850,2.9021878242492676,,17.890949249267578,0.020817995071411133
851,2.889188766479492,,17.912950038909912,0.022000789642333984
852,2.8527169227600098,,17.931525468826294,0.016074180603027344
853,2.8767952919006348,,17.953233003616333,0.019412994384765625
854,2.856323719024658,,17.97101926803589,0.016736268997192383
855,2.877593517303467,,17.9882709980011,0.014254331588745117
856,2.9061131477355957,,18.007742166519165,0.01594710350036621
857,2.894576072692871,,18.0298433303833,0.020822763442993164
858,2.8788881301879883,,18.05246615409851,0.02262282371520996
859,2.8710761070251465,,18.079121828079224,0.02210211753845215
860,2.924312114715576,,18.104413747787476,0.025291919708251953
861,2.861288070678711,,18.126680374145508,0.020765066146850586
862,2.8013768196105957,,18.152060985565186,0.02356863021850586
863,2.9240236282348633,,18.17567205429077,0.023611068725585938
864,2.8525359630584717,,18.200289487838745,0.020399093627929688
865,2.8464066982269287,,18.218148231506348,0.015860319137573242
866,2.8348941802978516,,18.23901605606079,0.018870830535888672
867,2.8292717933654785,,18.257367372512817,0.016383647918701172
868,2.8244338035583496,,18.27841305732727,0.01833796501159668
869,2.804609775543213,,18.295592069625854,0.014686822891235352
870,2.850884437561035,,18.317128658294678,0.019466876983642578
871,2.8283133506774902,,18.33881640434265,0.019685029983520508
872,2.8200504779815674,,18.361067295074463,0.017254114151000977
873,2.8564887046813965,,18.382907152175903,0.020839929580688477
874,2.8432517051696777,,18.409502029418945,0.0220489501953125
875,2.8551807403564453,,18.432838201522827,0.021303653717041016
876,2.7823243141174316,,18.45331120491028,0.017961502075195312
877,2.8593051433563232,,18.476695775985718,0.022196292877197266
878,2.8573012351989746,,18.494259357452393,0.016529560089111328
879,2.7942607402801514,,18.51568102836609,0.01991724967956543
880,2.8388442993164062,,18.529594898223877,0.010426521301269531
881,2.842822551727295,,18.55299973487854,0.01639580726623535
882,2.8095943927764893,,18.573319911956787,0.016816377639770508
883,2.796956777572632,,18.58597755432129,0.010660648345947266
884,2.804257392883301,,18.610835313796997,0.017657756805419922
885,2.8567912578582764,,18.627016067504883,0.013001441955566406
886,2.821948528289795,,18.65217638015747,0.020731210708618164
887,2.792496681213379,,18.668396711349487,0.014215946197509766
888,2.834725856781006,,18.687068223953247,0.016457319259643555
889,2.808770179748535,,18.70701813697815,0.01584911346435547
890,2.7587060928344727,,18.723928928375244,0.015336751937866211
891,2.797654867172241,,18.745523691177368,0.018082618713378906
892,2.752108097076416,,18.771368980407715,0.023221492767333984
893,2.7864303588867188,,18.78685736656189,0.013491392135620117
894,2.763805866241455,,18.811601400375366,0.024744033813476562
895,2.756732225418091,,18.828431129455566,0.014832019805908203
896,2.7997970581054688,,18.85561203956604,0.027180910110473633
897,2.778078556060791,,18.875513315200806,0.01839447021484375
898,2.7579691410064697,,18.8973650932312,0.02046036720275879
899,2.744267463684082,,18.91636633872986,0.01600337028503418
900,2.7943785190582275,0.9423666795094808,18.93533182144165,0.016963481903076172
901,2.7056002616882324,,18.957910299301147,0.020574331283569336
902,2.83298659324646,,18.97578763961792,0.015880107879638672
903,2.7336268424987793,,19.002482652664185,0.022140979766845703
904,2.7679691314697266,,19.025547981262207,0.022065401077270508
905,2.736515760421753,,19.049196004867554,0.021593809127807617
906,2.7218563556671143,,19.0758056640625,0.021224021911621094
907,2.7484090328216553,,19.093143939971924,0.015330314636230469
908,2.7233643531799316,,19.11655616760254,0.022413015365600586
909,2.7324771881103516,,19.133846282958984,0.015287399291992188
910,2.6809377670288086,,19.15570878982544,0.020318031311035156
911,2.74100399017334,,19.177555799484253,0.02080535888671875
912,2.745345115661621,,19.200297832489014,0.0177457332611084
913,2.7674832344055176,,19.2171733379364,0.014878273010253906
914,2.6910386085510254,,19.238728046417236,0.019538402557373047
915,2.7428231239318848,,19.25715446472168,0.01842641830444336
916,2.7083873748779297,,19.27933359146118,0.02018141746520996
917,2.701585054397583,,19.305757999420166,0.025424957275390625
918,2.7554168701171875,,19.327423572540283,0.017152070999145508
919,2.6801414489746094,,19.351428270339966,0.022002220153808594
920,2.669343948364258,,19.36986255645752,0.01644158363342285
921,2.75907564163208,,19.39566135406494,0.020371198654174805
922,2.6491127014160156,,19.420387983322144,0.02135014533996582
923,2.6860158443450928,,19.446273803710938,0.02089238166809082
924,2.7231712341308594,,19.468884229660034,0.02261042594909668
925,2.7590792179107666,,19.49494695663452,0.022629499435424805
926,2.6740174293518066,,19.520453691482544,0.023914575576782227
927,2.6621108055114746,,19.542622804641724,0.02114558219909668
928,2.720391273498535,,19.567312240600586,0.024689435958862305
929,2.6650772094726562,,19.586286544799805,0.01897430419921875
930,2.7074379920959473,,19.60788583755493,0.01926445960998535
931,2.681732177734375,,19.625794887542725,0.01707148551940918
932,2.6407575607299805,,19.645671844482422,0.01815009117126465
933,2.6710686683654785,,19.66873073577881,0.02105093002319336
934,2.646383285522461,,19.69531774520874,0.024378061294555664
935,2.703091621398926,,19.718251943588257,0.020859479904174805
936,2.7111215591430664,,19.738645553588867,0.015397310256958008
937,2.6315860748291016,,19.75770092010498,0.01905536651611328
938,2.6891798973083496,,19.77759051322937,0.017891645431518555
939,2.6825671195983887,,19.79982280731201,0.020232439041137695
940,2.6384780406951904,,19.821478366851807,0.01765894889831543
941,2.690162181854248,,19.84272050857544,0.020098447799682617
942,2.670778274536133,,19.868816137313843,0.021594524383544922
943,2.633155345916748,,19.892540454864502,0.022413969039916992
944,2.635791301727295,,19.91532039642334,0.020752906799316406
945,2.651542901992798,,19.941400289535522,0.024039030075073242
946,2.649155855178833,,19.96354913711548,0.021149158477783203
947,2.603954315185547,,19.98997449874878,0.0218963623046875
948,2.6515707969665527,,20.005274772644043,0.014301538467407227
949,2.627042770385742,,20.035441398620605,0.026616811752319336
950,2.619044065475464,,20.051697969436646,0.01625657081604004
951,2.6946070194244385,,20.078192234039307,0.021893739700317383
952,2.663783550262451,,20.09952974319458,0.021337509155273438
953,2.6404471397399902,,20.11707377433777,0.015510320663452148
954,2.622513771057129,,20.135774850845337,0.016668319702148438
955,2.6178557872772217,,20.156660795211792,0.01687932014465332
956,2.5715394020080566,,20.17964005470276,0.0209810733795166
957,2.604038715362549,,20.201332807540894,0.016695022583007812
958,2.568887233734131,,20.219173431396484,0.015843629837036133
959,2.6439785957336426,,20.24557614326477,0.024405956268310547
960,2.5985946655273438,,20.267977952957153,0.022401809692382812
961,2.620140552520752,,20.287658214569092,0.017679214477539062
962,2.6304168701171875,,20.308712482452393,0.019095420837402344
963,2.627734661102295,,20.328511953353882,0.014464139938354492
964,2.5934746265411377,,20.355746030807495,0.02723407745361328
965,2.6030139923095703,,20.369917392730713,0.012161731719970703
966,2.6192069053649902,,20.398444175720215,0.02159428596496582
967,2.557314872741699,,20.417474031448364,0.01571369171142578
968,2.5848021507263184,,20.434178352355957,0.014708518981933594
969,2.6214523315429688,,20.456836223602295,0.017147541046142578
970,2.5297603607177734,,20.474103212356567,0.015264272689819336
971,2.645371437072754,,20.49693775177002,0.020249366760253906
972,2.573795795440674,,20.519949197769165,0.02000904083251953
973,2.569140911102295,,20.5435791015625,0.018127918243408203
974,2.544170379638672,,20.560585260391235,0.015257596969604492
975,2.5853986740112305,,20.585906744003296,0.02032470703125
976,2.5983119010925293,,20.605626106262207,0.019719362258911133
977,2.5976920127868652,,20.624314785003662,0.015239715576171875
978,2.5952510833740234,,20.64236044883728,0.015523433685302734
979,2.5846121311187744,,20.662912607192993,0.01605081558227539
980,2.5358846187591553,,20.680509328842163,0.016597747802734375
981,2.563600540161133,,20.706058740615845,0.020552635192871094
982,2.6160483360290527,,20.72671604156494,0.019655227661132812
983,2.575824022293091,,20.75053310394287,0.02081465721130371
984,2.5613784790039062,,20.77311134338379,0.021578550338745117
985,2.5340189933776855,,20.79559588432312,0.01998281478881836
986,2.592597007751465,,20.8157742023468,0.01897287368774414
987,2.5594992637634277,,20.838777542114258,0.02099299430847168
988,2.52420711517334,,20.861859798431396,0.023082256317138672
989,2.5217180252075195,,20.884223461151123,0.02136516571044922
990,2.535910129547119,,20.909048318862915,0.023159265518188477
991,2.5177769660949707,,20.932525157928467,0.020905256271362305
992,2.52886700630188,,20.953277826309204,0.01524972915649414
993,2.4883368015289307,,20.967018604278564,0.011104106903076172
994,2.5635337829589844,,20.99749755859375,0.025124311447143555
995,2.5030250549316406,,21.01593255996704,0.018435001373291016
996,2.529536247253418,,21.04258131980896,0.021641254425048828
997,2.498293399810791,,21.063966989517212,0.021385669708251953
998,2.5534729957580566,,21.079233169555664,0.011755943298339844
999,2.4726884365081787,,21.10591197013855,0.020148754119873047
1000,2.578904628753662,0.9475177923838297,21.12584090232849,0.017632246017456055
1001,2.5028231143951416,,21.14899182319641,0.021872758865356445
1002,2.5505175590515137,,21.165444374084473,0.014459371566772461
1003,2.498983860015869,,21.191476345062256,0.02278304100036621
1004,2.5009522438049316,,21.208094120025635,0.014592409133911133
1005,2.542800188064575,,21.225674629211426,0.015492916107177734
1006,2.5222506523132324,,21.246520280838013,0.01683831214904785
1007,2.5139811038970947,,21.26387906074524,0.014389514923095703
1008,2.4730286598205566,,21.28666114807129,0.01659226417541504
1009,2.5387301445007324,,21.314180612564087,0.022475719451904297
1010,2.471806526184082,,21.328603744506836,0.011914253234863281
1011,2.509756326675415,,21.357120513916016,0.021352052688598633
1012,2.496988296508789,,21.37688183784485,0.017756938934326172
1013,2.5141334533691406,,21.39410376548767,0.015188932418823242
1014,2.551750659942627,,21.41460657119751,0.016993284225463867
1015,2.4958887100219727,,21.436118602752686,0.02001047134399414
1016,2.465224504470825,,21.457844018936157,0.016724109649658203
1017,2.494314670562744,,21.475608348846436,0.015177249908447266
1018,2.516979455947876,,21.496476650238037,0.018859148025512695
1019,2.473618984222412,,21.5177104473114,0.019231796264648438
1020,2.5327320098876953,,21.5426025390625,0.020895004272460938
1021,2.540956497192383,,21.563278913497925,0.020676374435424805
1022,2.549772024154663,,21.579007148742676,0.011413812637329102
1023,2.478721857070923,,21.60118269920349,0.015438079833984375
1024,2.4469985961914062,,21.620603561401367,0.01642322540283203
1025,2.4683685302734375,,21.639749765396118,0.019146203994750977
1026,2.512768268585205,,21.666905403137207,0.022763490676879883
1027,2.428802013397217,,21.69119668006897,0.022647380828857422
1028,2.527405261993408,,21.710710048675537,0.018482446670532227
1029,2.447232484817505,,21.740598440170288,0.025252819061279297
1030,2.4748218059539795,,21.75754952430725,0.01695108413696289
1031,2.4563612937927246,,21.775992155075073,0.016445159912109375
1032,2.474686622619629,,21.797081470489502,0.01608872413635254
1033,2.4346039295196533,,21.81756043434143,0.018478870391845703
1034,2.462310791015625,,21.83526611328125,0.01570868492126465
1035,2.42154598236084,,21.852612257003784,0.015801191329956055
1036,2.452864646911621,,21.870672464370728,0.014560222625732422
1037,2.4189069271087646,,21.88947629928589,0.018803834915161133
1038,2.478114128112793,,21.915663242340088,0.020242929458618164
1039,2.4676671028137207,,21.932467699050903,0.015235662460327148
1040,2.4724721908569336,,21.953285217285156,0.018776416778564453
1041,2.42971134185791,,21.9672954082489,0.011437177658081055
1042,2.4706649780273438,,21.997473001480103,0.025192737579345703
1043,2.4223098754882812,,22.016257286071777,0.018784284591674805
1044,2.4594171047210693,,22.03661799430847,0.015353202819824219
1045,2.396925449371338,,22.05534267425537,0.016680240631103516
1046,2.434493064880371,,22.07582187652588,0.019443035125732422
1047,2.400607109069824,,22.093178033828735,0.015348672866821289
1048,2.4672117233276367,,22.110636711120605,0.016459226608276367
1049,2.480910301208496,,22.12712788581848,0.01098489761352539
1050,2.457017421722412,,22.153040170669556,0.01922321319580078
1051,2.455134391784668,,22.16871976852417,0.01317739486694336
1052,2.420999526977539,,22.18924903869629,0.01652050018310547
1053,2.3665542602539062,,22.21549701690674,0.024008512496948242
1054,2.448841094970703,,22.2406907081604,0.023439884185791016
1055,2.4202792644500732,,22.263519763946533,0.020827531814575195
1056,2.535358190536499,,22.28681492805481,0.01853179931640625
1057,2.4000790119171143,,22.314130544662476,0.027315616607666016
1058,2.431000232696533,,22.33777666091919,0.021138429641723633
1059,2.3740479946136475,,22.354276418685913,0.015500307083129883
1060,2.4614086151123047,,22.379019498825073,0.02223944664001465
1061,2.368312120437622,,22.397398471832275,0.01837897300720215
1062,2.381626605987549,,22.415627479553223,0.016231060028076172
1063,2.44155216217041,,22.433520793914795,0.016385555267333984
1064,2.4609127044677734,,22.454263925552368,0.018772363662719727
1065,2.4055018424987793,,22.475637912750244,0.018866300582885742
1066,2.437725305557251,,22.50149703025818,0.021348953247070312
1067,2.410186529159546,,22.524028778076172,0.02186727523803711
1068,2.457397699356079,,22.54857873916626,0.023039817810058594
1069,2.39808988571167,,22.569706439971924,0.01891183853149414
1070,2.378404140472412,,22.585933685302734,0.01423025131225586
1071,2.387263774871826,,22.614190340042114,0.02369213104248047
1072,2.385958671569824,,22.633832216262817,0.018137454986572266
1073,2.474010944366455,,22.6546528339386,0.01830291748046875
1074,2.375608444213867,,22.676800966262817,0.02013373374938965
1075,2.3623414039611816,,22.698270320892334,0.019466400146484375
1076,2.388880729675293,,22.71607780456543,0.01708388328552246
1077,2.37764310836792,,22.740439653396606,0.02332615852355957
1078,2.3813393115997314,,22.7619891166687,0.019552230834960938
1079,2.3836796283721924,,22.78652787208557,0.019658565521240234
1080,2.386837959289551,,22.805666208267212,0.019138336181640625
1081,2.310256242752075,,22.82845449447632,0.01841282844543457
1082,2.4081592559814453,,22.855640411376953,0.020415544509887695
1083,2.339777946472168,,22.8765230178833,0.018535137176513672
1084,2.3607473373413086,,22.901867628097534,0.023734092712402344
1085,2.361100435256958,,22.919482946395874,0.015618324279785156
1086,2.416182518005371,,22.944226264953613,0.022566556930541992
1087,2.3754005432128906,,22.966832637786865,0.0211026668548584
1088,2.369205951690674,,22.99211549758911,0.023284435272216797
1089,2.2965517044067383,,23.012458086013794,0.018339157104492188
1090,2.3681893348693848,,23.034708261489868,0.016747474670410156
1091,2.3361129760742188,,23.056950330734253,0.020253419876098633
1092,2.3782646656036377,,23.078210830688477,0.016263484954833984
1093,2.410393238067627,,23.09695339202881,0.017942428588867188
1094,2.37526798248291,,23.117046356201172,0.01582789421081543
1095,2.3816027641296387,,23.133853673934937,0.014804363250732422
1096,2.328143358230591,,23.151899099349976,0.01547384262084961
1097,2.3225412368774414,,23.17548680305481,0.018085241317749023
1098,2.342437267303467,,23.19987177848816,0.02229905128479004
1099,2.386380910873413,,23.220901489257812,0.02003002166748047
1100,2.3647899627685547,0.9688337842623392,23.25189185142517,0.026412248611450195
1101,2.308875560760498,,23.27753520011902,0.022072315216064453
1102,2.3410515785217285,,23.297139406204224,0.017638444900512695
1103,2.322007656097412,,23.32071614265442,0.021572589874267578
1104,2.3052284717559814,,23.339863777160645,0.01714944839477539
1105,2.3338475227355957,,23.365436553955078,0.02357172966003418
1106,2.304962396621704,,23.3822238445282,0.014740705490112305
1107,2.311434268951416,,23.404649257659912,0.020427703857421875
1108,2.401799201965332,,23.425456762313843,0.01867818832397461
1109,2.390057325363159,,23.45112681388855,0.024199485778808594
1110,2.2932310104370117,,23.47410774230957,0.022980928421020508
1111,2.307676315307617,,23.49550771713257,0.016889095306396484
1112,2.3684725761413574,,23.513497352600098,0.01598191261291504
1113,2.324479579925537,,23.539640188217163,0.024239778518676758
1114,2.3301994800567627,,23.56184196472168,0.020204782485961914
1115,2.3240180015563965,,23.585912466049194,0.01906442642211914
1116,2.263296127319336,,23.60775876045227,0.021846294403076172
1117,2.372105836868286,,23.62708616256714,0.017326831817626953
1118,2.2845654487609863,,23.656391382217407,0.024558544158935547
1119,2.2832794189453125,,23.668822050094604,0.010400533676147461
1120,2.350099563598633,,23.695756435394287,0.019206762313842773
1121,2.291452407836914,,23.718191385269165,0.021429777145385742
1122,2.3150835037231445,,23.737319469451904,0.018128156661987305
1123,2.309457540512085,,23.75754189491272,0.018225669860839844
1124,2.300665855407715,,23.781436920166016,0.022384166717529297
1125,2.2664315700531006,,23.799086332321167,0.015618562698364258
1126,2.317721366882324,,23.820778369903564,0.01901841163635254
1127,2.3024778366088867,,23.839768409729004,0.016992568969726562
1128,2.2805628776550293,,23.865981101989746,0.02421259880065918
1129,2.288989305496216,,23.88297939300537,0.016998291015625
1130,2.2887063026428223,,23.909371376037598,0.025392532348632812
1131,2.36867094039917,,23.931310415267944,0.02193903923034668
1132,2.2604241371154785,,23.952919244766235,0.01710987091064453
1133,2.23927640914917,,23.975386142730713,0.021034955978393555
1134,2.286262035369873,,23.995473384857178,0.016080141067504883
1135,2.3042330741882324,,24.01272201538086,0.015245199203491211
1136,2.3706493377685547,,24.03239607810974,0.01662158966064453
1137,2.3517584800720215,,24.05126118659973,0.01585698127746582
1138,2.298772096633911,,24.07605528831482,0.023546695709228516
1139,2.272660255432129,,24.097766160964966,0.02070784568786621
1140,2.2742743492126465,,24.11854648590088,0.01578235626220703
1141,2.2930493354797363,,24.13639521598816,0.015144586563110352
1142,2.3161234855651855,,24.162877559661865,0.021483182907104492
1143,2.2707228660583496,,24.180580615997314,0.01770305633544922
1144,2.2325448989868164,,24.20811438560486,0.02353525161743164
1145,2.3241186141967773,,24.231666326522827,0.0225369930267334
1146,2.2670187950134277,,24.251004934310913,0.016976118087768555
1147,2.2782387733459473,,24.265389442443848,0.013385295867919922
1148,2.2845687866210938,,24.294686317443848,0.024905681610107422
1149,2.33400821685791,,24.315715789794922,0.02002859115600586
1150,2.3011527061462402,,24.338764667510986,0.021540164947509766
1151,2.2430214881896973,,24.356870412826538,0.018105745315551758
1152,2.242532253265381,,24.375444650650024,0.016570568084716797
1153,2.3225622177124023,,24.39756679534912,0.019632339477539062
1154,2.2513747215270996,,24.41973876953125,0.020173072814941406
1155,2.27744460105896,,24.440194368362427,0.018459081649780273
1156,2.2308316230773926,,24.459858179092407,0.01666712760925293
1157,2.262232780456543,,24.476658582687378,0.0151519775390625
1158,2.2607569694519043,,24.499481678009033,0.020821094512939453
1159,2.2812321186065674,,24.516825675964355,0.015347003936767578
1160,2.2661094665527344,,24.544811487197876,0.02598285675048828
1161,2.246593713760376,,24.568800926208496,0.02241802215576172
1162,2.325718402862549,,24.58597207069397,0.015206098556518555
1163,2.2364039421081543,,24.610739707946777,0.024767637252807617
1164,2.2288641929626465,,24.62709641456604,0.013855218887329102
1165,2.271233558654785,,24.650288105010986,0.02319169044494629
1166,2.2466940879821777,,24.668718814849854,0.017433643341064453
1167,2.286616325378418,,24.69577145576477,0.027052640914916992
1168,2.227391242980957,,24.715718030929565,0.018941164016723633
1169,2.2236316204071045,,24.74043869972229,0.023246288299560547
1170,2.2753148078918457,,24.76374578475952,0.021302461624145508
1171,2.2651925086975098,,24.78693175315857,0.018280029296875
1172,2.2306714057922363,,24.811567783355713,0.02087688446044922
1173,2.250910997390747,,24.82853412628174,0.014458656311035156
1174,2.2145466804504395,,24.85227346420288,0.02070927619934082
1175,2.231091022491455,,24.87031316757202,0.014540910720825195
1176,2.2394542694091797,,24.89561438560486,0.022191524505615234
1177,2.2598228454589844,,24.92085075378418,0.022193431854248047
1178,2.2269043922424316,,24.944188833236694,0.021345853805541992
1179,2.212167739868164,,24.96254873275757,0.015851974487304688
1180,2.189333200454712,,24.979655027389526,0.015105485916137695
1181,2.2577216625213623,,25.00426936149597,0.01964282989501953
1182,2.2523722648620605,,25.028457641601562,0.022640466690063477
1183,2.1892716884613037,,25.045472621917725,0.016016244888305664
1184,2.2045764923095703,,25.063229084014893,0.015748977661132812
1185,2.182465076446533,,25.085570812225342,0.018700838088989258
1186,2.2083778381347656,,25.115658044815063,0.024980783462524414
1187,2.2575628757476807,,25.13200068473816,0.01594376564025879
1188,2.227172374725342,,25.150420427322388,0.016124963760375977
1189,2.2319555282592773,,25.16948103904724,0.016035795211791992
1190,2.281468152999878,,25.187344789505005,0.01586127281188965
1191,2.2452287673950195,,25.205519676208496,0.014861822128295898
1192,2.1703224182128906,,25.226001977920532,0.014701366424560547
1193,2.2206408977508545,,25.251911401748657,0.02382659912109375
1194,2.1962571144104004,,25.275506734848022,0.022492647171020508
1195,2.206234931945801,,25.298203945159912,0.021692514419555664
1196,2.2226274013519287,,25.31973385810852,0.0215299129486084
1197,2.301007032394409,,25.339765071868896,0.018033981323242188
1198,2.217108964920044,,25.36288094520569,0.022118091583251953
1199,2.1794633865356445,,25.38193917274475,0.01805901527404785
1200,2.1976356506347656,0.9678151806195577,25.40654230117798,0.02263164520263672
1201,2.205374240875244,,25.423823833465576,0.01634073257446289
1202,2.155289888381958,,25.44302463531494,0.017361164093017578
1203,2.263293981552124,,25.464468717575073,0.016111135482788086
1204,2.2131006717681885,,25.48266053199768,0.01669001579284668
1205,2.2189390659332275,,25.503247261047363,0.016088008880615234
1206,2.2129595279693604,,25.5210280418396,0.01678466796875
1207,2.1726572513580322,,25.5474956035614,0.021961688995361328
1208,2.18839168548584,,25.56325078010559,0.015755176544189453
1209,2.242018699645996,,25.584651470184326,0.01658177375793457
1210,2.2038440704345703,,25.607666015625,0.02213311195373535
1211,2.1749022006988525,,25.62585759162903,0.01616501808166504
1212,2.2038912773132324,,25.642462253570557,0.01522374153137207
1213,2.2431020736694336,,25.668822526931763,0.02189469337463379
1214,2.197925567626953,,25.689632177352905,0.020809650421142578
1215,2.1554408073425293,,25.710244178771973,0.020612001419067383
1216,2.162508010864258,,25.728833198547363,0.018589019775390625
1217,2.1443424224853516,,25.750354528427124,0.017271995544433594
1218,2.121218204498291,,25.766111612319946,0.013763189315795898
1219,2.1897964477539062,,25.795573472976685,0.024785280227661133
1220,2.2333803176879883,,25.81260395050049,0.015522480010986328
1221,2.2006561756134033,,25.828226566314697,0.01262044906616211
1222,2.196993112564087,,25.853145360946655,0.024918794631958008
1223,2.190455913543701,,25.870293855667114,0.014646768569946289
1224,2.1615538597106934,,25.894051551818848,0.020708799362182617
1225,2.167248249053955,,25.91895604133606,0.02139449119567871
1226,2.0957446098327637,,25.94449281692505,0.025536775588989258
1227,2.169175624847412,,25.966081380844116,0.02008819580078125
1228,2.148336410522461,,25.992430210113525,0.023810625076293945
1229,2.1753618717193604,,26.01442861557007,0.02199840545654297
1230,2.1595072746276855,,26.036659240722656,0.017218589782714844
1231,2.141763687133789,,26.058530807495117,0.02084970474243164
1232,2.213660955429077,,26.078586101531982,0.014997005462646484
1233,2.1875691413879395,,26.09979796409607,0.021211862564086914
1234,2.169248104095459,,26.124227285385132,0.020432233810424805
1235,2.129765748977661,,26.147948503494263,0.022184371948242188
1236,2.191577434539795,,26.16650128364563,0.016217708587646484
1237,2.1744678020477295,,26.184547424316406,0.0160067081451416
1238,2.1535634994506836,,26.206082105636597,0.016028881072998047
1239,2.1190345287323,,26.224249124526978,0.016135215759277344
1240,2.1198253631591797,,26.245469570159912,0.016641616821289062
1241,2.140936851501465,,26.259742736816406,0.012265205383300781
1242,2.177557945251465,,26.282353162765503,0.018115997314453125
1243,2.1613330841064453,,26.305814027786255,0.021456003189086914
1244,2.196108341217041,,26.331603288650513,0.02245187759399414
1245,2.1529133319854736,,26.35636591911316,0.023760318756103516
1246,2.1286253929138184,,26.37717032432556,0.018800020217895508
1247,2.150934934616089,,26.398586750030518,0.02033400535583496
1248,2.1082189083099365,,26.420851230621338,0.02026653289794922
1249,2.172825336456299,,26.444084644317627,0.022233247756958008
1250,2.0862865447998047,,26.467167377471924,0.021578550338745117
1251,2.154432535171509,,26.494260787963867,0.024791479110717773
1252,2.1695382595062256,,26.50872802734375,0.013724088668823242
1253,2.162139415740967,,26.528345823287964,0.01709771156311035
1254,2.1194634437561035,,26.55043125152588,0.01729559898376465
1255,2.147311210632324,,26.572500944137573,0.020087480545043945
1256,2.122598171234131,,26.59679126739502,0.01978921890258789
1257,2.1565113067626953,,26.623531579971313,0.021741390228271484
1258,2.1051626205444336,,26.644317865371704,0.01978445053100586
1259,2.1481614112854004,,26.662931442260742,0.016140460968017578
1260,2.0938804149627686,,26.684587478637695,0.01909184455871582
1261,2.1684160232543945,,26.710179805755615,0.02202749252319336
1262,2.12058687210083,,26.73546314239502,0.025283336639404297
1263,2.084052085876465,,26.75775694847107,0.020290613174438477
1264,2.1191389560699463,,26.782115936279297,0.022361278533935547
1265,2.1607086658477783,,26.79920268058777,0.01505732536315918
1266,2.0937905311584473,,26.820664405822754,0.01883697509765625
1267,2.121950149536133,,26.840288877487183,0.018625497817993164
1268,2.0900745391845703,,26.86529564857483,0.023999452590942383
1269,2.105889320373535,,26.888673543930054,0.021362781524658203
1270,2.039773941040039,,26.914666652679443,0.021611690521240234
1271,2.1000843048095703,,26.932496786117554,0.015821456909179688
1272,2.112985372543335,,26.953296899795532,0.018703460693359375
1273,2.0838582515716553,,26.967419862747192,0.012052059173583984
1274,2.143977642059326,,26.9965181350708,0.02496504783630371
1275,2.100162982940674,,27.015591859817505,0.0190737247467041
1276,2.1493587493896484,,27.040675163269043,0.02059149742126465
1277,2.1534340381622314,,27.058229207992554,0.015557050704956055
1278,2.1422066688537598,,27.079074382781982,0.01805281639099121
1279,2.140162467956543,,27.103471755981445,0.02439737319946289
1280,2.0891380310058594,,27.127191066741943,0.019899845123291016
1281,2.1100924015045166,,27.1443293094635,0.017138242721557617
1282,2.062922477722168,,27.167419910430908,0.020586729049682617
1283,2.1383590698242188,,27.185561895370483,0.016794681549072266
1284,2.095633029937744,,27.210482120513916,0.02241063117980957
1285,2.1216866970062256,,27.2357177734375,0.025235652923583984
1286,2.1204981803894043,,27.253173351287842,0.015447616577148438
1287,2.050509452819824,,27.273734092712402,0.017997264862060547
1288,2.0510737895965576,,27.296119928359985,0.02082037925720215
1289,2.073880910873413,,27.320545434951782,0.023421525955200195
1290,2.053358554840088,,27.339287281036377,0.017775774002075195
1291,2.0899720191955566,,27.36285924911499,0.022568464279174805
1292,2.099857807159424,,27.37998342514038,0.016124725341796875
1293,2.0308775901794434,,27.401527166366577,0.01951003074645996
1294,2.090487003326416,,27.423827171325684,0.021300315856933594
1295,2.1329197883605957,,27.448613166809082,0.022861242294311523
1296,2.0260751247406006,,27.46746301651001,0.0168454647064209
1297,2.1221818923950195,,27.485711574554443,0.018248558044433594
1298,2.084975242614746,,27.51105546951294,0.02283501625061035
1299,2.067736864089966,,27.536678552627563,0.024599075317382812
1300,2.0803089141845703,0.9672560890515646,27.56358575820923,0.024872779846191406
1301,2.098928689956665,,27.585959672927856,0.019086599349975586
1302,2.083800792694092,,27.613741397857666,0.02317976951599121
1303,2.073535919189453,,27.633921146392822,0.018675565719604492
1304,2.086698293685913,,27.659459590911865,0.023969650268554688
1305,2.0540077686309814,,27.682560682296753,0.02110147476196289
1306,2.0603103637695312,,27.70849347114563,0.02132248878479004
1307,2.0411736965179443,,27.732053756713867,0.02178478240966797
1308,2.0264129638671875,,27.755677461624146,0.021619081497192383
1309,2.092954397201538,,27.779014348983765,0.02132868766784668
1310,2.036743640899658,,27.801173448562622,0.021184444427490234
1311,2.0619094371795654,,27.827566623687744,0.021866321563720703
1312,2.075333833694458,,27.85024881362915,0.02195143699645996
1313,2.0816869735717773,,27.876993656158447,0.022690296173095703
1314,2.0796055793762207,,27.895344018936157,0.01631450653076172
1315,2.048964023590088,,27.91618299484253,0.017833471298217773
1316,2.106872797012329,,27.933517456054688,0.015326499938964844
1317,2.049478054046631,,27.954342365264893,0.01882624626159668
1318,2.0575194358825684,,27.967416286468506,0.01157236099243164
1319,2.0448474884033203,,27.990206003189087,0.016043663024902344
1320,2.080080032348633,,28.009190320968628,0.014976024627685547
1321,2.045987129211426,,28.030356884002686,0.019077777862548828
1322,2.0810272693634033,,28.04844641685486,0.01624894142150879
1323,2.0588955879211426,,28.073699951171875,0.022935152053833008
1324,2.0368683338165283,,28.09231734275818,0.01611781120300293
1325,2.016854763031006,,28.117223024368286,0.02290964126586914
1326,2.008289337158203,,28.144440174102783,0.024221420288085938
1327,2.0076231956481934,,28.168857097625732,0.02191305160522461
1328,2.0450439453125,,28.19530177116394,0.026444673538208008
1329,2.0690245628356934,,28.210495471954346,0.01318502426147461
1330,2.080695152282715,,28.235499620437622,0.019808530807495117
1331,2.0505852699279785,,28.253169059753418,0.01563239097595215
1332,2.0460071563720703,,28.273570775985718,0.01789999008178711
1333,2.055413246154785,,28.286926746368408,0.01135873794555664
1334,2.045623779296875,,28.309040784835815,0.015439748764038086
1335,2.067309617996216,,28.32858657836914,0.015549421310424805
1336,2.05781888961792,,28.34788417816162,0.016628026962280273
1337,2.046633243560791,,28.36934804916382,0.01611161231994629
1338,1.9992274045944214,,28.391830921173096,0.02188396453857422
1339,2.0484538078308105,,28.4182391166687,0.021775245666503906
1340,2.042574405670166,,28.440657377243042,0.020779132843017578
1341,2.0082952976226807,,28.46254539489746,0.019890785217285156
1342,2.0155327320098877,,28.486016988754272,0.02247023582458496
1343,2.0399537086486816,,28.50877332687378,0.021750926971435547
1344,2.0135064125061035,,28.534299612045288,0.023922443389892578
1345,1.9900190830230713,,28.556453704833984,0.021150827407836914
1346,2.0180182456970215,,28.578490734100342,0.01703333854675293
1347,2.1254398822784424,,28.601796627044678,0.023305892944335938
1348,1.9872157573699951,,28.627171277999878,0.021875858306884766
1349,2.0779166221618652,,28.64346981048584,0.016298532485961914
1350,2.0164103507995605,,28.667625188827515,0.02165699005126953
1351,2.0263051986694336,,28.690422296524048,0.021830320358276367
1352,1.988885521888733,,28.708191633224487,0.01545405387878418
1353,2.017782211303711,,28.725947618484497,0.015385150909423828
1354,1.9865236282348633,,28.74652600288391,0.01657271385192871
1355,1.998060941696167,,28.768654346466064,0.020125389099121094
1356,2.058933973312378,,28.786622762680054,0.013971328735351562
1357,1.9962910413742065,,28.80534791946411,0.018725156784057617
1358,2.0574612617492676,,28.826700687408447,0.01598811149597168
1359,1.9769165515899658,,28.846803188323975,0.018220186233520508
1360,2.003216028213501,,28.870311975479126,0.01912236213684082
1361,2.049795150756836,,28.897332906723022,0.02185201644897461
1362,1.9956250190734863,,28.91617202758789,0.01684117317199707
1363,2.029644012451172,,28.933554887771606,0.015374898910522461
1364,1.9894685745239258,,28.954346656799316,0.01882147789001465
1365,2.0480027198791504,,28.967421531677246,0.011573076248168945
1366,2.0373735427856445,,28.99246335029602,0.018271207809448242
1367,1.9964642524719238,,29.0088369846344,0.014368534088134766
1368,2.000469923019409,,29.027952432632446,0.01682758331298828
1369,1.9498085975646973,,29.055296659469604,0.023434877395629883
1370,1.9949462413787842,,29.078577518463135,0.022244691848754883
1371,2.0315473079681396,,29.09681010246277,0.01615118980407715
1372,2.0243821144104004,,29.11660623550415,0.015793561935424805
1373,2.02215313911438,,29.135430097579956,0.016820430755615234
1374,2.033416271209717,,29.159735679626465,0.023259401321411133
1375,2.0154435634613037,,29.181562662124634,0.020827770233154297
1376,1.9860575199127197,,29.205414533615112,0.01935291290283203
1377,1.997856855392456,,29.23375940322876,0.02834486961364746
1378,1.9410176277160645,,29.256768226623535,0.022008180618286133
1379,1.9319669008255005,,29.279147148132324,0.021378755569458008
1380,1.967254400253296,,29.29715657234192,0.016011714935302734
1381,2.0376944541931152,,29.317060947418213,0.017903566360473633
1382,1.9989290237426758,,29.340338945388794,0.021274328231811523
1383,2.015315532684326,,29.360703229904175,0.02036428451538086
1384,1.9443163871765137,,29.378992080688477,0.016291379928588867
1385,1.9775915145874023,,29.398420333862305,0.017431020736694336
1386,1.9518476724624634,,29.422954082489014,0.022534608840942383
1387,1.9723197221755981,,29.44452691078186,0.020573139190673828
1388,2.004706859588623,,29.467496156692505,0.02046513557434082
1389,1.9353692531585693,,29.4946391582489,0.0248258113861084
1390,1.978754997253418,,29.509101390838623,0.014095306396484375
1391,1.9215744733810425,,29.52892518043518,0.019823789596557617
1392,1.9168846607208252,,29.55377459526062,0.021950483322143555
1393,2.0158748626708984,,29.578732013702393,0.023422718048095703
1394,1.9494820833206177,,29.60378623008728,0.020797252655029297
1395,2.0092170238494873,,29.622606992721558,0.016312837600708008
1396,1.9735404253005981,,29.644351720809937,0.0197446346282959
1397,1.9758795499801636,,29.668867826461792,0.02202606201171875
1398,1.9937089681625366,,29.69443130493164,0.025563478469848633
1399,1.9828840494155884,,29.717785120010376,0.021818161010742188
1400,1.9538004398345947,0.9808413585027059,29.739285707473755,0.020457029342651367
1401,1.999305248260498,,29.759110689163208,0.017827987670898438
1402,2.0522336959838867,,29.779532432556152,0.01833200454711914
1403,2.0069026947021484,,29.79719090461731,0.01665949821472168
1404,2.0301401615142822,,29.817606925964355,0.018418312072753906
1405,1.9590821266174316,,29.839768886566162,0.02065443992614746
1406,1.9222009181976318,,29.8621346950531,0.021364688873291016
1407,1.990323543548584,,29.880969762802124,0.017836570739746094
1408,1.9390801191329956,,29.90682864189148,0.023842811584472656
1409,1.9190466403961182,,29.92383623123169,0.016060352325439453
1410,1.9257965087890625,,29.944167375564575,0.017786741256713867
1411,1.9603660106658936,,29.96269416809082,0.01601886749267578
1412,1.9602382183074951,,29.979736804962158,0.015045642852783203
1413,1.9649969339370728,,30.005828857421875,0.020586013793945312
1414,1.9823166131973267,,30.0286922454834,0.021831274032592773
1415,1.9619574546813965,,30.04546070098877,0.015769243240356445
1416,1.9202580451965332,,30.063371419906616,0.015874385833740234
1417,1.9543018341064453,,30.086045026779175,0.018164634704589844
1418,1.922591209411621,,30.112414121627808,0.026369094848632812
1419,1.9508378505706787,,30.134576082229614,0.020165443420410156
1420,2.0143883228302,,30.156593322753906,0.01658773422241211
1421,1.9547829627990723,,30.180633544921875,0.022680044174194336
1422,1.933258056640625,,30.204598903656006,0.01896834373474121
1423,1.974161148071289,,30.22687315940857,0.020738840103149414
1424,1.9530441761016846,,30.24754762649536,0.016672134399414062
1425,1.9479939937591553,,30.26535677909851,0.015812158584594727
1426,1.9446475505828857,,30.28666114807129,0.018820762634277344
1427,1.9258313179016113,,30.30439591407776,0.017399311065673828
1428,1.9382829666137695,,30.32570743560791,0.016421794891357422
1429,2.008408546447754,,30.34330725669861,0.016093730926513672
1430,1.9443542957305908,,30.369476318359375,0.021602630615234375
1431,1.9940755367279053,,30.391963005065918,0.022004365921020508
1432,1.9229185581207275,,30.417625427246094,0.021136760711669922
1433,1.9116857051849365,,30.441851139068604,0.02272343635559082
1434,1.9461311101913452,,30.46461772918701,0.020770788192749023
1435,1.9204137325286865,,30.48704171180725,0.021423816680908203
1436,1.8893473148345947,,30.50574779510498,0.016736745834350586
1437,1.9434590339660645,,30.528782844543457,0.021027326583862305
1438,1.8893660306930542,,30.551156997680664,0.021374940872192383
1439,2.009692668914795,,30.576012134552002,0.02278900146484375
1440,1.9122048616409302,,30.59956932067871,0.02255392074584961
1441,1.8816943168640137,,30.625449180603027,0.021848440170288086
1442,1.9518195390701294,,30.6476309299469,0.020715951919555664
1443,1.9304332733154297,,30.66886329650879,0.017976999282836914
1444,1.9338364601135254,,30.695407390594482,0.02654409408569336
1445,1.9541015625,,30.71561884880066,0.020211458206176758
1446,1.9785358905792236,,30.73562264442444,0.01839923858642578
1447,1.9197008609771729,,30.75430178642273,0.017171144485473633
1448,2.0145459175109863,,30.779160499572754,0.023858308792114258
1449,1.9391741752624512,,30.801828861236572,0.021668195724487305
1450,1.8732762336730957,,30.827086210250854,0.020756006240844727
1451,1.9265750646591187,,30.844310522079468,0.01570916175842285
1452,1.9278347492218018,,30.865634202957153,0.015746593475341797
1453,1.8771377801895142,,30.887691974639893,0.020568370819091797
1454,1.894112467765808,,30.91471004486084,0.021669864654541016
1455,1.9263105392456055,,30.92576289176941,0.009505271911621094
1456,1.9541876316070557,,30.955372095108032,0.021819353103637695
1457,1.9150605201721191,,30.967499494552612,0.01159048080444336
1458,1.900429129600525,,30.997587203979492,0.02339792251586914
1459,1.9176950454711914,,31.01409125328064,0.015517950057983398
1460,1.9333434104919434,,31.040703535079956,0.021036624908447266
1461,1.8994253873825073,,31.058268547058105,0.015567779541015625
1462,1.9428060054779053,,31.07844877243042,0.01799464225769043
1463,1.8723424673080444,,31.098260641098022,0.01981186866760254
1464,1.9351484775543213,,31.119738340377808,0.015484094619750977
1465,1.8529784679412842,,31.13950490951538,0.017735004425048828
1466,1.9600050449371338,,31.161736011505127,0.017202138900756836
1467,1.8607051372528076,,31.182543754577637,0.01962423324584961
1468,1.883118748664856,,31.204594612121582,0.017238140106201172
1469,1.934052586555481,,31.222738027572632,0.015634775161743164
1470,1.9434614181518555,,31.247612953186035,0.019301652908325195
1471,1.875619888305664,,31.265315055847168,0.015703201293945312
1472,1.8806583881378174,,31.28660821914673,0.021293163299560547
1473,1.9341282844543457,,31.314655542373657,0.02804732322692871
1474,1.912911057472229,,31.338363647460938,0.022204875946044922
1475,1.9040578603744507,,31.36362338066101,0.024259567260742188
1476,1.9116697311401367,,31.380950927734375,0.015326261520385742
1477,1.986891508102417,,31.40138006210327,0.018429279327392578
1478,1.9220201969146729,,31.419909954071045,0.016529560089111328
1479,1.9459073543548584,,31.4379141330719,0.01596832275390625
1480,1.8990867137908936,,31.459899425506592,0.017026185989379883
1481,1.867783546447754,,31.477747917175293,0.01615738868713379
1482,1.9009419679641724,,31.498579740524292,0.01500844955444336
1483,1.9190528392791748,,31.52139902114868,0.020855188369750977
1484,1.9236030578613281,,31.543737649917603,0.01970195770263672
1485,1.8972036838531494,,31.561660051345825,0.016132116317749023
1486,1.879691243171692,,31.58063244819641,0.01697254180908203
1487,1.8683772087097168,,31.600080728530884,0.019448280334472656
1488,1.9011143445968628,,31.62730574607849,0.02533245086669922
1489,1.859978437423706,,31.650222301483154,0.022916555404663086
1490,1.9473226070404053,,31.66859745979309,0.015376806259155273
1491,1.9224292039871216,,31.687158346176147,0.01856088638305664
1492,1.8917431831359863,,31.709577322006226,0.01607036590576172
1493,1.8224464654922485,,31.73179030418396,0.02120232582092285
1494,1.8576011657714844,,31.754199266433716,0.017784595489501953
1495,1.862850546836853,,31.770610094070435,0.014876127243041992
1496,1.914191484451294,,31.79269242286682,0.016546010971069336
1497,1.8569573163986206,,31.80974507331848,0.015682458877563477
1498,1.891111969947815,,31.83086133003235,0.0191190242767334
1499,1.9185338020324707,,31.852630138397217,0.019763946533203125
1500,1.883779764175415,0.981836756070455,31.875459671020508,0.021823406219482422
1501,1.8870525360107422,,31.897762537002563,0.02079606056213379
1502,1.905163049697876,,31.921459674835205,0.018320798873901367
1503,1.8675810098648071,,31.94119119644165,0.019731521606445312
1504,1.8731720447540283,,31.96162724494934,0.01611495018005371
1505,1.9118225574493408,,31.98267698287964,0.020050525665283203
1506,1.8917261362075806,,32.00679326057434,0.020570755004882812
1507,1.9089590311050415,,32.02980446815491,0.020691633224487305
1508,1.8912155628204346,,32.050785779953,0.01798224449157715
1509,1.8781545162200928,,32.07310366630554,0.022317886352539062
1510,1.845803141593933,,32.09025979042053,0.01615619659423828
1511,1.8896079063415527,,32.1088125705719,0.015468835830688477
1512,1.8509175777435303,,32.12692832946777,0.015118837356567383
1513,1.905816912651062,,32.15092658996582,0.023998260498046875
1514,1.8688973188400269,,32.16899847984314,0.015074729919433594
1515,1.873816967010498,,32.195594787597656,0.0265963077545166
1516,1.824615716934204,,32.21931505203247,0.02215123176574707
1517,1.8577837944030762,,32.24441385269165,0.022591114044189453
1518,1.795894742012024,,32.26222038269043,0.016304969787597656
1519,1.878316044807434,,32.28555727005005,0.021339893341064453
1520,1.859404444694519,,32.308945178985596,0.021379470825195312
1521,1.8461532592773438,,32.33531928062439,0.02434253692626953
1522,1.8701951503753662,,32.35790467262268,0.021536588668823242
1523,1.8374378681182861,,32.37795829772949,0.01605391502380371
1524,1.827157735824585,,32.3954873085022,0.01553201675415039
1525,1.8995758295059204,,32.417283058166504,0.019771814346313477
1526,1.8682154417037964,,32.43974590301514,0.02092146873474121
1527,1.7649240493774414,,32.4604332447052,0.016690731048583984
1528,1.9120615720748901,,32.48457050323486,0.024137258529663086
1529,1.9057033061981201,,32.507861852645874,0.02071213722229004
1530,1.8358731269836426,,32.52962923049927,0.020766258239746094
1531,1.8338415622711182,,32.55555319786072,0.022609710693359375
1532,1.8254120349884033,,32.575571060180664,0.02001786231994629
1533,1.8943798542022705,,32.5943021774292,0.017162322998046875
1534,1.8490185737609863,,32.6158664226532,0.019053936004638672
1535,1.8765312433242798,,32.641703844070435,0.02179431915283203
1536,1.8118867874145508,,32.6620397567749,0.018342018127441406
1537,1.8434478044509888,,32.685646295547485,0.021602869033813477
1538,1.8079568147659302,,32.70401740074158,0.014801740646362305
1539,1.856215476989746,,32.727535247802734,0.020973920822143555
1540,1.8426570892333984,,32.752214670181274,0.02367997169494629
1541,1.9008567333221436,,32.7683322429657,0.016117572784423828
1542,1.8408092260360718,,32.79364776611328,0.020314931869506836
1543,1.8615671396255493,,32.80736470222473,0.011115789413452148
1544,1.8241990804672241,,32.838327407836914,0.030962705612182617
1545,1.851218342781067,,32.855400800704956,0.017073392868041992
1546,1.7933108806610107,,32.88100600242615,0.02203679084777832
1547,1.8452717065811157,,32.8996639251709,0.016657590866088867
1548,1.8155300617218018,,32.921958923339844,0.020954370498657227
1549,1.9048833847045898,,32.941885471343994,0.0189211368560791
1550,1.7950739860534668,,32.959503173828125,0.014115095138549805
1551,1.8826065063476562,,32.980897426605225,0.02139425277709961
1552,1.8597025871276855,,33.00892400741577,0.023452043533325195
1553,1.856014370918274,,33.025641679763794,0.014681577682495117
1554,1.811356544494629,,33.04851174354553,0.02287006378173828
1555,1.8304606676101685,,33.06732892990112,0.01881718635559082
1556,1.8306469917297363,,33.09228849411011,0.020960330963134766
1557,1.8237059116363525,,33.11622428894043,0.020360231399536133
1558,1.8900574445724487,,33.13543891906738,0.016185760498046875
1559,1.904517650604248,,33.1477632522583,0.010288476943969727
1560,1.8437135219573975,,33.173075914382935,0.01731586456298828
1561,1.8341182470321655,,33.18977165222168,0.013157367706298828
1562,1.8310155868530273,,33.2127959728241,0.023024320602416992
1563,1.8338899612426758,,33.23050785064697,0.01520395278930664
1564,1.8688108921051025,,33.24988508224487,0.018474817276000977
1565,1.8207924365997314,,33.27587389945984,0.02189469337463379
1566,1.868546962738037,,33.301953077316284,0.022076845169067383
1567,1.8100292682647705,,33.32055044174194,0.01655888557434082
1568,1.7717723846435547,,33.3424334526062,0.018309593200683594
1569,1.838431715965271,,33.36416149139404,0.020648479461669922
1570,1.7975223064422607,,33.38667392730713,0.017940759658813477
1571,1.8748997449874878,,33.40806698799133,0.020364999771118164
1572,1.8783315420150757,,33.42957544326782,0.01650691032409668
1573,1.926356315612793,,33.445396184921265,0.013820409774780273
1574,1.8409565687179565,,33.4654061794281,0.020009994506835938
1575,1.8799468278884888,,33.48743414878845,0.016080379486083984
1576,1.884184718132019,,33.50915265083313,0.016402721405029297
1577,1.8216476440429688,,33.53253674507141,0.02338409423828125
1578,1.7756067514419556,,33.55089449882507,0.015355587005615234
1579,1.8395540714263916,,33.57407188415527,0.023177385330200195
1580,1.8036041259765625,,33.59577202796936,0.017190217971801758
1581,1.8073511123657227,,33.61309742927551,0.015317916870117188
1582,1.8669862747192383,,33.63545632362366,0.021296977996826172
1583,1.8339236974716187,,33.65848445892334,0.02002239227294922
1584,1.8369455337524414,,33.68062925338745,0.01714777946472168
1585,1.8308478593826294,,33.69850444793701,0.01590871810913086
1586,1.8417346477508545,,33.72026038169861,0.019758224487304688
1587,1.7387981414794922,,33.73825979232788,0.017000198364257812
1588,1.8152110576629639,,33.76120710372925,0.020842552185058594
1589,1.8437354564666748,,33.779356956481934,0.01614975929260254
1590,1.8203940391540527,,33.80286884307861,0.019515275955200195
1591,1.8300535678863525,,33.82050967216492,0.016641616821289062
1592,1.8698756694793701,,33.84164786338806,0.01574254035949707
1593,1.8055219650268555,,33.85924434661865,0.016927719116210938
1594,1.7935049533843994,,33.87959814071655,0.016383886337280273
1595,1.8136531114578247,,33.901854515075684,0.020259618759155273
1596,1.8305575847625732,,33.92246174812317,0.018610000610351562
1597,1.8095866441726685,,33.94022607803345,0.01624584197998047
1598,1.838054895401001,,33.960399866104126,0.01828598976135254
1599,1.7738726139068604,,33.98407602310181,0.02089691162109375
1600,1.8588910102844238,0.9779176910718282,34.01392865180969,0.02491903305053711
1601,1.839989423751831,,34.037485122680664,0.021437644958496094
1602,1.8497225046157837,,34.06058478355408,0.0211026668548584
1603,1.8100999593734741,,34.077653646469116,0.017068862915039062
1604,1.8136917352676392,,34.09886956214905,0.016216039657592773
1605,1.8561391830444336,,34.11669564247131,0.0160977840423584
1606,1.817059874534607,,34.13850474357605,0.0198061466217041
1607,1.8010352849960327,,34.161524057388306,0.021022319793701172
1608,1.7954492568969727,,34.181596755981445,0.01707315444946289
1609,1.7962461709976196,,34.199477672576904,0.015679359436035156
1610,1.8447959423065186,,34.22025442123413,0.019778013229370117
1611,1.8262566328048706,,34.23808741569519,0.015835285186767578
1612,1.8263474702835083,,34.259591579437256,0.01939845085144043
1613,1.7589576244354248,,34.27715301513672,0.01756143569946289
1614,1.7825052738189697,,34.297523021698,0.017372846603393555
1615,1.8197321891784668,,34.32106161117554,0.021535158157348633
1616,1.828124761581421,,34.35249662399292,0.02696704864501953
1617,1.7760305404663086,,34.37243843078613,0.018942594528198242
1618,1.7921032905578613,,34.395397663116455,0.020961523056030273
1619,1.8531345129013062,,34.412421226501465,0.017023563385009766
1620,1.755768060684204,,34.43529391288757,0.019370317459106445
1621,1.78676438331604,,34.457921504974365,0.02062368392944336
1622,1.7821345329284668,,34.4757342338562,0.01578497886657715
1623,1.790250301361084,,34.49631977081299,0.02058553695678711
1624,1.7764949798583984,,34.509192943573,0.010870933532714844
1625,1.833448052406311,,34.53896450996399,0.02206873893737793
1626,1.7701911926269531,,34.56153655052185,0.021554946899414062
1627,1.7739390134811401,,34.58444786071777,0.021911144256591797
1628,1.8388127088546753,,34.60145854949951,0.015509605407714844
1629,1.7692753076553345,,34.619694232940674,0.01621103286743164
1630,1.8212536573410034,,34.64226269721985,0.019567251205444336
1631,1.7210628986358643,,34.66129994392395,0.016039609909057617
1632,1.7358996868133545,,34.68160629272461,0.018309354782104492
1633,1.7869346141815186,,34.69947910308838,0.015615701675415039
1634,1.7863657474517822,,34.72073435783386,0.019257545471191406
1635,1.7560014724731445,,34.7433078289032,0.020546436309814453
1636,1.7936732769012451,,34.76877975463867,0.021966934204101562
1637,1.7860881090164185,,34.78786516189575,0.019085407257080078
1638,1.7722914218902588,,34.805540323257446,0.015677452087402344
1639,1.7158476114273071,,34.82380771636963,0.016234636306762695
1640,1.786375880241394,,34.84545636177063,0.017142534255981445
1641,1.7565579414367676,,34.86438989639282,0.016521692276000977
1642,1.8290469646453857,,34.88422775268555,0.01728510856628418
1643,1.7371978759765625,,34.90382480621338,0.015515565872192383
1644,1.7895041704177856,,34.92592692375183,0.0162353515625
1645,1.810286521911621,,34.946797609329224,0.020870685577392578
1646,1.801309585571289,,34.97421455383301,0.02373957633972168
1647,1.7747862339019775,,34.99237513542175,0.01665496826171875
1648,1.7224234342575073,,35.008914947509766,0.013071298599243164
1649,1.7589032649993896,,35.033899545669556,0.020804166793823242
1650,1.7950160503387451,,35.05089616775513,0.013489246368408203
1651,1.7483232021331787,,35.07811975479126,0.02256917953491211
1652,1.7730343341827393,,35.10149049758911,0.021088600158691406
1653,1.7781190872192383,,35.12538480758667,0.021897554397583008
1654,1.7719470262527466,,35.1489474773407,0.02155923843383789
1655,1.797023057937622,,35.17325711250305,0.022273540496826172
1656,1.741280436515808,,35.195433378219604,0.022176265716552734
1657,1.7824933528900146,,35.22230315208435,0.021359920501708984
1658,1.7552435398101807,,35.243289947509766,0.02001810073852539
1659,1.7990878820419312,,35.266027212142944,0.017946958541870117
1660,1.7561371326446533,,35.29316854476929,0.027141332626342773
1661,1.7881660461425781,,35.31450581550598,0.021337270736694336
1662,1.7839148044586182,,35.334067821502686,0.0195620059967041
1663,1.7514569759368896,,35.34939932823181,0.013826608657836914
1664,1.7383242845535278,,35.37279534339905,0.023396015167236328
1665,1.837241768836975,,35.391101598739624,0.01730799674987793
1666,1.7967556715011597,,35.41032791137695,0.0192263126373291
1667,1.793485403060913,,35.432563066482544,0.016728878021240234
1668,1.8033338785171509,,35.450512170791626,0.01594257354736328
1669,1.7319633960723877,,35.467559814453125,0.014050722122192383
1670,1.7815961837768555,,35.49524664878845,0.02768683433532715
1671,1.6827335357666016,,35.51893162727356,0.02217721939086914
1672,1.7705692052841187,,35.5384783744812,0.0195467472076416
1673,1.7908337116241455,,35.558438539505005,0.017963647842407227
1674,1.6845166683197021,,35.58633327484131,0.02789473533630371
1675,1.768592119216919,,35.60808730125427,0.02068042755126953
1676,1.7632876634597778,,35.6298451423645,0.019758939743041992
1677,1.7448914051055908,,35.65095639228821,0.01910567283630371
1678,1.7198081016540527,,35.680816888809204,0.028487205505371094
1679,1.7445414066314697,,35.704346656799316,0.021532297134399414
1680,1.7384693622589111,,35.72549033164978,0.018637895584106445
1681,1.7972933053970337,,35.75057768821716,0.0232086181640625
1682,1.8080085515975952,,35.766053676605225,0.013478755950927734
1683,1.7307229042053223,,35.790263175964355,0.019466638565063477
1684,1.7158299684524536,,35.80782413482666,0.015564680099487305
1685,1.7816104888916016,,35.82613229751587,0.018308162689208984
1686,1.824461817741394,,35.846070528030396,0.01793074607849121
1687,1.7040753364562988,,35.863197803497314,0.016122102737426758
1688,1.7662088871002197,,35.88511419296265,0.019211530685424805
1689,1.761213779449463,,35.90285634994507,0.016229629516601562
1690,1.7563095092773438,,35.930500745773315,0.022806406021118164
1691,1.7140194177627563,,35.95411658287048,0.02361583709716797
1692,1.7761119604110718,,35.97827339172363,0.02264714241027832
1693,1.763878583908081,,36.00131297111511,0.02204728126525879
1694,1.7678577899932861,,36.01992726325989,0.017615318298339844
1695,1.8193912506103516,,36.03974270820618,0.017817258834838867
1696,1.6854408979415894,,36.05859851837158,0.016891956329345703
1697,1.7503235340118408,,36.08316779136658,0.02358245849609375
1698,1.712320327758789,,36.10678672790527,0.022591352462768555
1699,1.7659190893173218,,36.13214826583862,0.02433037757873535
1700,1.769185185432434,0.982523520787557,36.1573691368103,0.025220870971679688
1701,1.7205371856689453,,36.178667068481445,0.016330957412719727
1702,1.7806601524353027,,36.196473598480225,0.015841960906982422
1703,1.750284194946289,,36.215707778930664,0.01719832420349121
1704,1.7007958889007568,,36.2313437461853,0.013034820556640625
1705,1.7703585624694824,,36.254010915756226,0.018653154373168945
1706,1.7218513488769531,,36.276153802871704,0.019634723663330078
1707,1.7715365886688232,,36.29642391204834,0.015262126922607422
1708,1.7671611309051514,,36.318994998931885,0.02056884765625
1709,1.7490489482879639,,36.3423535823822,0.019352197647094727
1710,1.6776503324508667,,36.365373849868774,0.019864559173583984
1711,1.731508731842041,,36.38877749443054,0.020222902297973633
1712,1.7266349792480469,,36.41151976585388,0.02035069465637207
1713,1.7045824527740479,,36.43215036392212,0.016627073287963867
1714,1.6673074960708618,,36.455406188964844,0.021541833877563477
1715,1.7178341150283813,,36.46722340583801,0.010301828384399414
1716,1.7502527236938477,,36.48841857910156,0.014160394668579102
1717,1.7628917694091797,,36.50923037528992,0.020811796188354492
1718,1.7425105571746826,,36.53614640235901,0.026916027069091797
1719,1.7335541248321533,,36.558366775512695,0.0202181339263916
1720,1.716584324836731,,36.58426880836487,0.02590203285217285
1721,1.734732985496521,,36.60144853591919,0.01618027687072754
1722,1.765846848487854,,36.61873769760132,0.015291690826416016
1723,1.738624095916748,,36.64049243927002,0.019757747650146484
1724,1.7338597774505615,,36.65732955932617,0.015119791030883789
1725,1.75752592086792,,36.68732762336731,0.02699899673461914
1726,1.7000608444213867,,36.713093519210815,0.024199724197387695
1727,1.6556167602539062,,36.73030209541321,0.017208576202392578
1728,1.7134891748428345,,36.75000882148743,0.018869638442993164
1729,1.667855978012085,,36.777400493621826,0.023423194885253906
1730,1.681375503540039,,36.79669761657715,0.017299890518188477
1731,1.7199339866638184,,36.81450867652893,0.0158078670501709
1732,1.7269790172576904,,36.834532499313354,0.01789093017578125
1733,1.6973075866699219,,36.84941601753235,0.012411832809448242
1734,1.7345573902130127,,36.87933087348938,0.023150920867919922
1735,1.6867480278015137,,36.89787268638611,0.016544580459594727
1736,1.7436718940734863,,36.9214723110199,0.022593259811401367
1737,1.7255816459655762,,36.93968462944031,0.016176939010620117
1738,1.6931240558624268,,36.95756125450134,0.015833616256713867
1739,1.7137515544891357,,36.979337215423584,0.016782522201538086
1740,1.728259801864624,,36.999908208847046,0.018597841262817383
1741,1.7809053659439087,,37.02291393280029,0.021006345748901367
1742,1.7263997793197632,,37.04638171195984,0.022214412689208984
1743,1.7039566040039062,,37.06358218193054,0.015169143676757812
1744,1.7236814498901367,,37.083823680877686,0.017805099487304688
1745,1.710418462753296,,37.101523876190186,0.015192508697509766
1746,1.7343449592590332,,37.11900854110718,0.015454769134521484
1747,1.739498257637024,,37.145349979400635,0.021777629852294922
1748,1.7305889129638672,,37.16728949546814,0.021939516067504883
1749,1.75616455078125,,37.190017223358154,0.02073073387145996
1750,1.689018726348877,,37.21218156814575,0.018948793411254883
1751,1.7295907735824585,,37.22984981536865,0.015663862228393555
1752,1.6834890842437744,,37.247979164123535,0.016817331314086914
1753,1.7071781158447266,,37.26536417007446,0.011382818222045898
1754,1.7336676120758057,,37.28875279426575,0.0161588191986084
1755,1.734208106994629,,37.31887412071228,0.02610921859741211
1756,1.6609503030776978,,37.33769202232361,0.01582050323486328
1757,1.7644259929656982,,37.35563278198242,0.015908241271972656
1758,1.6905333995819092,,37.37563681602478,0.018384218215942383
1759,1.667675256729126,,37.39525103569031,0.016605615615844727
1760,1.7361881732940674,,37.42113757133484,0.023255586624145508
1761,1.6763417720794678,,37.4453067779541,0.02214646339416504
1762,1.6353775262832642,,37.465665102005005,0.01705765724182129
1763,1.7470612525939941,,37.483540058135986,0.015896081924438477
1764,1.6933531761169434,,37.505969524383545,0.017857789993286133
1765,1.7129631042480469,,37.52776122093201,0.020786523818969727
1766,1.6387519836425781,,37.550955057144165,0.018054485321044922
1767,1.7234642505645752,,37.5781135559082,0.02244853973388672
1768,1.705121636390686,,37.60178899765015,0.021355628967285156
1769,1.6517693996429443,,37.62535881996155,0.021564483642578125
1770,1.7398834228515625,,37.643272161483765,0.01591038703918457
1771,1.7262539863586426,,37.66138696670532,0.016082763671875
1772,1.7008531093597412,,37.68633723258972,0.019591808319091797
1773,1.725745677947998,,37.704489946365356,0.01614975929260254
1774,1.7354990243911743,,37.72588109970093,0.0158843994140625
1775,1.7325057983398438,,37.74417805671692,0.015789031982421875
1776,1.7360098361968994,,37.76619911193848,0.016198158264160156
1777,1.6839838027954102,,37.78701877593994,0.020819664001464844
1778,1.6597957611083984,,37.80780267715454,0.018480777740478516
1779,1.6674307584762573,,37.83396244049072,0.019414663314819336
1780,1.7288541793823242,,37.849451303482056,0.013983726501464844
1781,1.6615679264068604,,37.87655329704285,0.020856618881225586
1782,1.7436120510101318,,37.891093492507935,0.012537002563476562
1783,1.7006239891052246,,37.91336703300476,0.01775360107421875
1784,1.656950831413269,,37.935324907302856,0.018390178680419922
1785,1.7420294284820557,,37.96774077415466,0.027094125747680664
1786,1.686396837234497,,37.98803162574768,0.020290851593017578
1787,1.7113187313079834,,38.0097930431366,0.021390914916992188
1788,1.72310471534729,,38.02976655960083,0.014458417892456055
1789,1.7261333465576172,,38.05561685562134,0.025850296020507812
1790,1.7079925537109375,,38.079395055770874,0.023778200149536133
1791,1.702614188194275,,38.102548599243164,0.021132707595825195
1792,1.7224699258804321,,38.12569522857666,0.021153926849365234
1793,1.6802054643630981,,38.145281076431274,0.017079591751098633
1794,1.7540147304534912,,38.171435594558716,0.023349523544311523
1795,1.6899960041046143,,38.194355487823486,0.020915508270263672
1796,1.6848864555358887,,38.21557402610779,0.015744924545288086
1797,1.6943774223327637,,38.23945641517639,0.02110147476196289
1798,1.6512601375579834,,38.266109466552734,0.021656274795532227
1799,1.6745753288269043,,38.29079055786133,0.02468109130859375
1800,1.674329161643982,0.9873836437861124,38.307844400405884,0.015057086944580078
1801,1.6749398708343506,,38.332345485687256,0.02450108528137207
1802,1.7352643013000488,,38.34916877746582,0.014826059341430664
1803,1.6885786056518555,,38.37080264091492,0.02163386344909668
1804,1.662493109703064,,38.391136169433594,0.018084049224853516
1805,1.6599903106689453,,38.41044235229492,0.019306182861328125
1806,1.6950851678848267,,38.43568468093872,0.020239830017089844
1807,1.708439588546753,,38.460265159606934,0.02317070960998535
1808,1.6446619033813477,,38.477322816848755,0.01606130599975586
1809,1.6765241622924805,,38.49746751785278,0.019145488739013672
1810,1.6526442766189575,,38.519959449768066,0.021486282348632812
1811,1.6819751262664795,,38.53955268859863,0.019593238830566406
1812,1.6825144290924072,,38.56164765357971,0.020097732543945312
1813,1.6851786375045776,,38.578705072402954,0.01608896255493164
1814,1.7011513710021973,,38.601555585861206,0.0198519229888916
1815,1.664052963256836,,38.624696493148804,0.022142410278320312
1816,1.6069295406341553,,38.64319038391113,0.016019582748413086
1817,1.6616499423980713,,38.66142392158508,0.017234325408935547
1818,1.659618616104126,,38.689796686172485,0.0222170352935791
1819,1.6714732646942139,,38.71143102645874,0.018167495727539062
1820,1.6872711181640625,,38.73554730415344,0.02147817611694336
1821,1.6390941143035889,,38.76124119758606,0.021651268005371094
1822,1.7373381853103638,,38.78340768814087,0.02116703987121582
1823,1.6503885984420776,,38.803990840911865,0.017081260681152344
1824,1.6291275024414062,,38.820558071136475,0.015031814575195312
1825,1.6830425262451172,,38.84246492385864,0.016341686248779297
1826,1.655509352684021,,38.86021161079407,0.015665769577026367
1827,1.6702958345413208,,38.87779641151428,0.015587806701660156
1828,1.6967768669128418,,38.895328998565674,0.014530420303344727
1829,1.650205135345459,,38.91826105117798,0.019327640533447266
1830,1.6508275270462036,,38.938141107559204,0.017882347106933594
1831,1.6460542678833008,,38.962910175323486,0.023213624954223633
1832,1.6772563457489014,,38.98545169830322,0.021542072296142578
1833,1.6967840194702148,,39.008949995040894,0.01961827278137207
1834,1.62333083152771,,39.033382177352905,0.021142244338989258
1835,1.6300140619277954,,39.050896644592285,0.015015363693237305
1836,1.637742519378662,,39.06969594955444,0.018799304962158203
1837,1.6482020616531372,,39.09229326248169,0.017600059509277344
1838,1.6254403591156006,,39.11424231529236,0.020876169204711914
1839,1.6811611652374268,,39.14337396621704,0.024558305740356445
1840,1.6829679012298584,,39.16643476486206,0.021063566207885742
1841,1.6786940097808838,,39.18544387817383,0.017006874084472656
1842,1.6303532123565674,,39.20747518539429,0.022031307220458984
1843,1.6433558464050293,,39.224321126937866,0.015847444534301758
1844,1.6897836923599243,,39.242355823516846,0.01646733283996582
1845,1.672886610031128,,39.265543937683105,0.021191120147705078
1846,1.6904220581054688,,39.285754919052124,0.020210981369018555
1847,1.66422438621521,,39.30763816833496,0.01587677001953125
1848,1.6506588459014893,,39.329142808914185,0.01602911949157715
1849,1.6580257415771484,,39.34914827346802,0.016727209091186523
1850,1.67620849609375,,39.37116265296936,0.021656513214111328
1851,1.6775329113006592,,39.390870332717896,0.015116691589355469
1852,1.6834490299224854,,39.415833950042725,0.0249636173248291
1853,1.6547518968582153,,39.44181942939758,0.021678924560546875
1854,1.708499789237976,,39.4666645526886,0.022845745086669922
1855,1.6615777015686035,,39.48443293571472,0.016763925552368164
1856,1.6997991800308228,,39.50265073776245,0.01671576499938965
1857,1.6609424352645874,,39.527642250061035,0.02048969268798828
1858,1.6541659832000732,,39.55287742614746,0.023730993270874023
1859,1.6608495712280273,,39.570579051971436,0.01513671875
1860,1.6580127477645874,,39.588730335235596,0.015964746475219727
1861,1.6484934091567993,,39.606366872787476,0.011101245880126953
1862,1.6930632591247559,,39.63198208808899,0.0189054012298584
1863,1.6254228353500366,,39.6480610370636,0.014082193374633789
1864,1.6017597913742065,,39.67521047592163,0.027149438858032227
1865,1.6507242918014526,,39.69950890541077,0.020103931427001953
1866,1.6347688436508179,,39.72533845901489,0.02183222770690918
1867,1.671381950378418,,39.738744497299194,0.01189875602722168
1868,1.6587135791778564,,39.76594686508179,0.020323514938354492
1869,1.6737455129623413,,39.78396987915039,0.018023014068603516
1870,1.637128233909607,,39.80378818511963,0.017310619354248047
1871,1.622269868850708,,39.82629990577698,0.0200040340423584
1872,1.659318208694458,,39.84956932067871,0.0180361270904541
1873,1.624285340309143,,39.876476526260376,0.023129701614379883
1874,1.64504075050354,,39.891215085983276,0.012735843658447266
1875,1.6275931596755981,,39.91702103614807,0.02148294448852539
1876,1.6886205673217773,,39.94203281402588,0.020044565200805664
1877,1.6335114240646362,,39.965667724609375,0.021636247634887695
1878,1.6334583759307861,,39.98937678337097,0.021532058715820312
1879,1.6339175701141357,,40.010786294937134,0.01938009262084961
1880,1.6350224018096924,,40.02574038505554,0.013956308364868164
1881,1.6545753479003906,,40.04849600791931,0.01918196678161621
1882,1.660085916519165,,40.0652596950531,0.014766931533813477
1883,1.6068501472473145,,40.09171533584595,0.019254446029663086
1884,1.6194579601287842,,40.11025786399841,0.01654505729675293
1885,1.5980992317199707,,40.133400678634644,0.022141695022583008
1886,1.6772427558898926,,40.148043632507324,0.013643503189086914
1887,1.6523351669311523,,40.177778005599976,0.022955894470214844
1888,1.600083351135254,,40.20053672790527,0.020734548568725586
1889,1.644284963607788,,40.226131200790405,0.020595073699951172
1890,1.6576731204986572,,40.24535131454468,0.01922011375427246
1891,1.737762212753296,,40.266154289245605,0.016641855239868164
1892,1.6680577993392944,,40.288933992385864,0.02277970314025879
1893,1.672537922859192,,40.30765986442566,0.01472926139831543
1894,1.6330817937850952,,40.33206605911255,0.02094745635986328
1895,1.6298161745071411,,40.34946584701538,0.013900518417358398
1896,1.572364091873169,,40.376670837402344,0.02720499038696289
1897,1.6655032634735107,,40.39531207084656,0.016638517379760742
1898,1.5784462690353394,,40.420146465301514,0.024834394454956055
1899,1.6163363456726074,,40.442047119140625,0.01990056037902832
1900,1.6009893417358398,0.9884820183118185,40.465330839157104,0.021283864974975586
1901,1.6590662002563477,,40.48705768585205,0.020220041275024414
1902,1.6133230924606323,,40.513612031936646,0.023976564407348633
1903,1.615912914276123,,40.53611660003662,0.020500898361206055
1904,1.6128876209259033,,40.557466983795166,0.017342805862426758
1905,1.644298791885376,,40.58025121688843,0.021851062774658203
1906,1.629281997680664,,40.60608720779419,0.021838665008544922
1907,1.6155818700790405,,40.62823462486267,0.02182292938232422
1908,1.6412811279296875,,40.64810013771057,0.018077850341796875
1909,1.5962295532226562,,40.67116975784302,0.02306962013244629
1910,1.6612436771392822,,40.68844985961914,0.0162808895111084
1911,1.6487810611724854,,40.70567536354065,0.015902280807495117
1912,1.6484766006469727,,40.73547863960266,0.027292490005493164
1913,1.6293227672576904,,40.756545543670654,0.01955556869506836
1914,1.598175048828125,,40.77948594093323,0.02094411849975586
1915,1.614576816558838,,40.79848861694336,0.01835322380065918
1916,1.6100913286209106,,40.8227756023407,0.02229022979736328
1917,1.6060664653778076,,40.841604232788086,0.018828630447387695
1918,1.6677231788635254,,40.85923719406128,0.015636444091796875
1919,1.6442475318908691,,40.87715816497803,0.015924453735351562
1920,1.5938465595245361,,40.89886832237244,0.01970052719116211
1921,1.6279497146606445,,40.916308879852295,0.015444755554199219
1922,1.5602471828460693,,40.937100887298584,0.018795013427734375
1923,1.6250615119934082,,40.95539855957031,0.0156097412109375
1924,1.606826901435852,,40.97637391090393,0.015970468521118164
1925,1.6253271102905273,,40.988298416137695,0.009927749633789062
1926,1.635915756225586,,41.021018743515015,0.02540135383605957
1927,1.6634395122528076,,41.04630374908447,0.025285005569458008
1928,1.6303393840789795,,41.06567692756653,0.016362905502319336
1929,1.6445845365524292,,41.084697008132935,0.01902008056640625
1930,1.6136598587036133,,41.111250162124634,0.02500462532043457
1931,1.6092735528945923,,41.13718795776367,0.021411418914794922
1932,1.6057708263397217,,41.15836524963379,0.016092538833618164
1933,1.5975286960601807,,41.17966365814209,0.017302513122558594
1934,1.6261374950408936,,41.201576471328735,0.019913434982299805
1935,1.6237677335739136,,41.22427177429199,0.018098831176757812
1936,1.6427072286605835,,41.24200129508972,0.015716075897216797
1937,1.6411030292510986,,41.26287579536438,0.018877506256103516
1938,1.5977659225463867,,41.281025648117065,0.017151594161987305
1939,1.5836193561553955,,41.30235767364502,0.019336700439453125
1940,1.587157964706421,,41.320602893829346,0.01624917984008789
1941,1.6668639183044434,,41.341615200042725,0.020013809204101562
1942,1.6066595315933228,,41.36523675918579,0.021624326705932617
1943,1.582876205444336,,41.38360285758972,0.018366098403930664
1944,1.6267225742340088,,41.401901960372925,0.015796661376953125
1945,1.6053199768066406,,41.422733783721924,0.018836021423339844
1946,1.60524320602417,,41.435320138931274,0.010083675384521484
1947,1.6606826782226562,,41.461140632629395,0.025820493698120117
1948,1.6187018156051636,,41.48162770271301,0.01748943328857422
1949,1.6310011148452759,,41.4987690448761,0.01659536361694336
1950,1.6108529567718506,,41.52559781074524,0.021549224853515625
1951,1.589001178741455,,41.541598081588745,0.01600027084350586
1952,1.6129686832427979,,41.56454014778137,0.017866849899291992
1953,1.6606419086456299,,41.582319498062134,0.015727519989013672
1954,1.5662927627563477,,41.601482629776,0.0171658992767334
1955,1.6464974880218506,,41.618752002716064,0.015273332595825195
1956,1.6094870567321777,,41.641257762908936,0.017505168914794922
1957,1.6208951473236084,,41.66355657577515,0.020223617553710938
1958,1.64933443069458,,41.68742871284485,0.019367456436157227
1959,1.6575673818588257,,41.70474195480347,0.016313791275024414
1960,1.5665977001190186,,41.72326397895813,0.01700901985168457
1961,1.6271772384643555,,41.7433660030365,0.017856836318969727
1962,1.540125846862793,,41.76628303527832,0.017237424850463867
1963,1.6374843120574951,,41.78873324394226,0.02245020866394043
1964,1.5982117652893066,,41.80757546424866,0.014845848083496094
1965,1.591968297958374,,41.83034372329712,0.0158083438873291
1966,1.6620992422103882,,41.84953188896179,0.015675783157348633
1967,1.6055290699005127,,41.86788535118103,0.01835346221923828
1968,1.6261098384857178,,41.88962268829346,0.019285202026367188
1969,1.612473726272583,,41.91139626502991,0.020283222198486328
1970,1.618709683418274,,41.93365144729614,0.01675128936767578
1971,1.6047683954238892,,41.95543146133423,0.020781993865966797
1972,1.5623774528503418,,41.977335691452026,0.01689910888671875
1973,1.598522663116455,,41.99568033218384,0.016376018524169922
1974,1.6122381687164307,,42.01695227622986,0.019265413284301758
1975,1.5696275234222412,,42.03911328315735,0.020165681838989258
1976,1.6413288116455078,,42.05856204032898,0.016452789306640625
1977,1.6475400924682617,,42.07634663581848,0.017784595489501953
1978,1.6038470268249512,,42.098079442977905,0.016737937927246094
1979,1.6229333877563477,,42.11745738983154,0.01799488067626953
1980,1.6049396991729736,,42.138357162475586,0.016904354095458984
1981,1.6112642288208008,,42.16037154197693,0.020014524459838867
1982,1.5679292678833008,,42.182783365249634,0.016843795776367188
1983,1.5715887546539307,,42.205530881881714,0.021667003631591797
1984,1.5866508483886719,,42.225332736968994,0.016232013702392578
1985,1.614851713180542,,42.238507986068726,0.011139154434204102
1986,1.6401360034942627,,42.26198387145996,0.01640009880065918
1987,1.6188849210739136,,42.28006100654602,0.01607966423034668
1988,1.5726535320281982,,42.30157017707825,0.019326210021972656
1989,1.6052484512329102,,42.32382416725159,0.021292686462402344
1990,1.538804054260254,,42.34951567649841,0.021143436431884766
1991,1.6072055101394653,,42.3685462474823,0.01903057098388672
1992,1.5901820659637451,,42.38999581336975,0.01705622673034668
1993,1.5726139545440674,,42.41141176223755,0.020133256912231445
1994,1.5870616436004639,,42.437204360961914,0.0201876163482666
1995,1.5945520401000977,,42.45405316352844,0.01684880256652832
1996,1.6236714124679565,,42.48033142089844,0.021729230880737305
1997,1.6073209047317505,,42.49771332740784,0.016419410705566406
1998,1.5744609832763672,,42.517961263656616,0.01925492286682129
1999,1.5225715637207031,,42.53569269180298,0.015730619430541992
2000,1.5935174226760864,0.9829141696294149,42.55865836143494,0.020889759063720703
