epochs,losses,size_losses,religion_losses,ethnicity_losses,household_composition_losses,religion_accuracies,ethnicity_accuracies,household_composition_accuracies,size_distribution_accuracies,overall_accuracies,cumulative_time_seconds,epoch_time_seconds,tau_values,learning_rate,hidden_channels,combination_id
1,11.642953872680664,3.2328622341156006,1.4052180051803589,1.6315261125564575,5.373347282409668,45.732165206508135,58.61076345431789,11.314142678347935,95.68225145339966,52.834830698143406,3.604630947113037,3.604630947113037,0.995,0.005,128,lr_0.005_hc_128
2,10.759834289550781,2.4115729331970215,1.3950783014297485,1.6032443046569824,5.349938869476318,44.58072590738423,57.934918648310386,11.539424280350438,95.32442688941956,52.34487393136615,7.101589679718018,3.3277626037597656,0.990025,0.005,128,lr_0.005_hc_128
3,9.79824447631836,1.6006617546081543,1.3647722005844116,1.5775328874588013,5.255277633666992,45.006257822277846,57.183979974968715,13.09136420525657,93.60687136650085,52.22211834225099,10.902574300765991,3.641380548477173,0.985074875,0.005,128,lr_0.005_hc_128
4,9.09475326538086,0.9106321930885315,1.3309638500213623,1.552033543586731,5.301124095916748,43.917396745932415,55.694618272841055,14.342928660826033,84.87818241119385,49.708281522698336,15.039201259613037,3.956894636154175,0.9801495006250001,0.005,128,lr_0.005_hc_128
5,8.98931884765625,0.834970235824585,1.2910281419754028,1.4984798431396484,5.364840030670166,44.217772215269086,54.580725907384235,15.607008760951189,78.95143032073975,48.33923430108606,18.787192344665527,3.59192156791687,0.9752487531218751,0.005,128,lr_0.005_hc_128
6,8.731707572937012,0.7421730160713196,1.2265785932540894,1.4497785568237305,5.313177108764648,46.020025031289116,54.91864831038799,16.408010012515646,78.95506620407104,49.07543738956595,22.428219318389893,3.4790189266204834,0.9703725093562657,0.005,128,lr_0.005_hc_128
7,8.440580368041992,0.6508088707923889,1.1694989204406738,1.3751153945922852,5.245157718658447,48.8360450563204,55.8322903629537,16.09511889862328,80.39187788963318,50.288833051882634,26.024619579315186,3.4381282329559326,0.9655206468094844,0.005,128,lr_0.005_hc_128
8,8.260274887084961,0.6336132884025574,1.1529947519302368,1.3413118124008179,5.132355690002441,48.57321652065082,57.08385481852315,16.80851063829787,84.99199151992798,51.86439337434996,29.511729955673218,3.3259692192077637,0.960693043575437,0.005,128,lr_0.005_hc_128
9,8.183612823486328,0.6912215948104858,1.1367199420928955,1.318496823310852,5.037174224853516,49.787234042553195,57.33416770963705,17.60951188986233,86.87281012535095,52.90093094185089,33.118226289749146,3.4446325302124023,0.9558895783575597,0.005,128,lr_0.005_hc_128
10,8.105729103088379,0.7172324061393738,1.1327439546585083,1.3143750429153442,4.941377639770508,50.212765957446805,57.09637046307885,17.922403003754695,87.79234886169434,53.25597207149366,36.91110396385193,3.6385769844055176,0.9511101304657719,0.005,128,lr_0.005_hc_128
11,7.8990678787231445,0.7040386199951172,1.11982262134552,1.297570824623108,4.7776360511779785,50.35043804755945,56.65832290362953,20.312891113892366,86.25065684318542,53.3930772270667,40.56935739517212,3.500437021255493,0.946354579813443,0.005,128,lr_0.005_hc_128
12,7.84229040145874,0.7331457138061523,1.1122137308120728,1.2783397436141968,4.718591213226318,51.06382978723404,56.77096370463078,21.614518147684606,83.29833149909973,53.18691078466229,44.131298780441284,3.388849973678589,0.9416228069143757,0.005,128,lr_0.005_hc_128
13,7.700809001922607,0.7704550623893738,1.0535368919372559,1.2366302013397217,4.640186786651611,54.4055068836045,59.2866082603254,23.19148936170213,82.19185471534729,54.76886480524483,47.75492978096008,3.465759754180908,0.9369146928798039,0.005,128,lr_0.005_hc_128
14,7.568826198577881,0.781484842300415,1.0303566455841064,1.1994962692260742,4.557488441467285,55.49436795994994,59.887359198998745,24.46808510638298,81.03212118148804,55.22048336170493,51.319318771362305,3.393048048019409,0.9322301194154049,0.005,128,lr_0.005_hc_128
15,7.434914588928223,0.762263298034668,1.0188426971435547,1.1604257822036743,4.493382930755615,56.032540675844814,61.00125156445557,25.219023779724658,80.69798946380615,55.737701370957794,54.92504835128784,3.449428081512451,0.9275689688183278,0.005,128,lr_0.005_hc_128
16,7.4063520431518555,0.7821718454360962,1.006198763847351,1.1390999555587769,4.478881359100342,56.7584480600751,62.403003754693366,25.494367959949937,80.58744668960571,56.31081661608103,58.56065917015076,3.472261428833008,0.9229311239742362,0.005,128,lr_0.005_hc_128
17,7.175683975219727,0.7402058243751526,0.9844202399253845,1.1335970163345337,4.317461013793945,58.260325406758454,62.490613266583225,27.2090112640801,83.05935859680176,57.754827133555885,62.18835115432739,3.4680538177490234,0.918316468354365,0.005,128,lr_0.005_hc_128
18,7.128235816955566,0.7806102633476257,0.9810985326766968,1.1239441633224487,4.24258279800415,58.27284105131414,63.191489361702125,28.548185231539424,82.01980590820312,58.0080803881897,65.77548456192017,3.42930269241333,0.9137248860125932,0.005,128,lr_0.005_hc_128
19,7.040859222412109,0.7908701300621033,0.9821633100509644,1.1408014297485352,4.127024173736572,58.77346683354193,63.2665832290363,30.738423028785984,82.10511207580566,58.72089629179247,69.33645725250244,3.403049945831299,0.9091562615825302,0.005,128,lr_0.005_hc_128
20,7.011220932006836,0.8552500009536743,0.9362858533859253,1.124642252922058,4.095042705535889,60.95118898623279,65.1063829787234,32.11514392991239,80.63886165618896,59.702894387764395,72.93036842346191,3.438978672027588,0.9046104802746175,0.005,128,lr_0.005_hc_128
21,6.87693977355957,0.8665879964828491,0.9216586351394653,1.0871593952178955,4.001533508300781,62.50312891113893,65.8322903629537,33.42928660826033,80.71908950805664,60.6209488476024,76.54462623596191,3.4529311656951904,0.9000874278732445,0.005,128,lr_0.005_hc_128
22,6.799781799316406,0.857884407043457,0.8980532884597778,1.0642284154891968,3.9796154499053955,62.24030037546934,65.89486858573217,34.4055068836045,79.33799028396606,60.46966653219301,80.32506251335144,3.6070892810821533,0.8955869907338783,0.005,128,lr_0.005_hc_128
23,6.7701287269592285,0.8774360418319702,0.8775092363357544,1.0665282011032104,3.948655128479004,63.99249061326658,66.60826032540676,34.39299123904881,80.09109497070312,61.27120928710632,83.97745060920715,3.4904327392578125,0.8911090557802088,0.005,128,lr_0.005_hc_128
24,6.792994022369385,0.8964585065841675,0.8715513348579407,1.0659888982772827,3.9589953422546387,64.49311639549437,66.30788485607009,34.95619524405507,80.7991623878479,61.63908972086685,87.5207052230835,3.3847947120666504,0.8866535105013078,0.005,128,lr_0.005_hc_128
25,6.677396297454834,0.8568639755249023,0.8523792624473572,1.0643565654754639,3.903796434402466,64.95619524405507,66.85857321652065,34.618272841051315,81.30011558532715,61.93328922173854,91.09173893928528,3.4123809337615967,0.8822202429488013,0.005,128,lr_0.005_hc_128
26,6.594925880432129,0.8787217736244202,0.8478036522865295,1.0438997745513916,3.824500799179077,64.99374217772215,67.10888610763455,35.96996245306634,78.55141162872314,61.65600059178655,94.66856026649475,3.4067060947418213,0.8778091417340573,0.005,128,lr_0.005_hc_128
27,6.59172248840332,0.9013188481330872,0.8480457663536072,1.041290283203125,3.801067590713501,65.5819774718398,67.52190237797247,36.896120150187734,80.08355498313904,62.52088874578477,98.29316926002502,3.4665422439575195,0.8734200960253871,0.005,128,lr_0.005_hc_128
28,6.492690086364746,0.9021035432815552,0.8224441409111023,1.0196771621704102,3.748465061187744,66.84605757196496,68.3479349186483,38.06007509386733,80.25238513946533,63.37661318098648,101.87669444084167,3.424628257751465,0.8690529955452602,0.005,128,lr_0.005_hc_128
29,6.491519927978516,0.9323697090148926,0.7966368198394775,1.0036051273345947,3.75890851020813,67.57196495619525,68.01001251564456,37.42177722152691,80.33676743507385,63.33513053211014,105.46791863441467,3.4341607093811035,0.8647077305675338,0.005,128,lr_0.005_hc_128
30,6.448824882507324,0.9229027032852173,0.8149645328521729,1.0114511251449585,3.6995067596435547,67.75969962453067,68.53566958698373,38.748435544430535,79.67618107795715,63.67999645847552,109.21875405311584,3.60440993309021,0.8603841919146962,0.005,128,lr_0.005_hc_128
31,6.37846565246582,0.9224551320075989,0.7979193925857544,1.0083545446395874,3.649736166000366,69.22403003754694,68.64831038798498,38.47309136420526,78.68534922599792,63.757695253933775,112.85859990119934,3.4820804595947266,0.8560822709551227,0.005,128,lr_0.005_hc_128
32,6.385345935821533,0.9574089050292969,0.7961902618408203,1.0251888036727905,3.606557846069336,68.41051314142679,68.23529411764706,39.57446808510638,79.74958419799805,63.99246488554458,116.45010900497437,3.4447062015533447,0.851801859600347,0.005,128,lr_0.005_hc_128
33,6.421396255493164,1.0057398080825806,0.7845653295516968,0.9976291656494141,3.6334617137908936,69.54943679599499,70.08760951188987,38.94868585732165,80.74038028717041,64.83152811309422,120.10397696495056,3.506019115447998,0.8475428503023453,0.005,128,lr_0.005_hc_128
34,6.3071370124816895,0.9822149872779846,0.7815407514572144,0.9762841463088989,3.5670971870422363,70.55068836045056,70.35043804755945,39.92490613266583,80.03216981887817,65.2145505898885,123.75907921791077,3.496614694595337,0.8433051360508336,0.005,128,lr_0.005_hc_128
35,6.26401424407959,1.0033226013183594,0.7736999988555908,0.9651618003845215,3.521829605102539,70.08760951188987,70.66332916145181,40.438047559449316,80.31107783317566,65.37501601649166,127.3421266078949,3.425053596496582,0.8390886103705794,0.005,128,lr_0.005_hc_128
36,6.246319770812988,1.0238147974014282,0.7557463645935059,0.9715545773506165,3.495204210281372,70.26282853566958,70.17521902377972,41.05131414267834,77.95871496200562,64.86201916603332,130.92450666427612,3.424818277359009,0.8348931673187264,0.005,128,lr_0.005_hc_128
37,6.20832633972168,1.0485773086547852,0.7592548131942749,0.9858449101448059,3.414649486541748,70.4755944931164,70.41301627033792,42.21526908635795,78.51653099060059,65.40510271010322,134.50405073165894,3.4218077659606934,0.8307187014821328,0.005,128,lr_0.005_hc_128
38,6.174217224121094,1.0731980800628662,0.776743471622467,0.9847384691238403,3.3395369052886963,69.96245306633291,70.66332916145181,43.60450563204005,79.30002212524414,65.88257749626723,138.06112504005432,3.403092861175537,0.8265651079747222,0.005,128,lr_0.005_hc_128
39,6.110984802246094,1.0695595741271973,0.7457426190376282,0.9648661613464355,3.3308162689208984,71.45181476846058,71.60200250312892,42.377972465581976,78.24493646621704,65.91918155084713,141.63934779167175,3.436223268508911,0.8224322824348486,0.005,128,lr_0.005_hc_128
40,6.06981897354126,1.0679090023040771,0.7317917943000793,0.951945424079895,3.3181729316711426,73.07884856070088,71.35168961201502,41.52690863579475,80.06889820098877,66.50658625237486,145.23806810379028,3.440563440322876,0.8183201210226743,0.005,128,lr_0.005_hc_128
41,6.106739521026611,1.1375694274902344,0.7316403388977051,0.9408568143844604,3.296672821044922,72.85356695869837,72.37797246558198,42.25281602002503,79.53857183456421,66.7557318197174,148.85201930999756,3.4561548233032227,0.8142285204175609,0.005,128,lr_0.005_hc_128
42,6.0594329833984375,1.1712912321090698,0.7253100275993347,0.9582654237747192,3.204566240310669,72.74092615769712,71.80225281602003,44.05506883604506,79.87070083618164,67.11723716148596,152.40014719963074,3.3773744106292725,0.810157377815473,0.005,128,lr_0.005_hc_128
43,5.951074600219727,1.1801284551620483,0.7303506731987,0.9502843618392944,3.090311050415039,73.4918648310388,72.37797246558198,45.18147684605757,80.78261613845825,67.95848257028415,155.92749786376953,3.349756956100464,0.8061065909263957,0.005,128,lr_0.005_hc_128
44,5.955147743225098,1.1702357530593872,0.7022038698196411,0.9520738124847412,3.130634307861328,74.04255319148936,72.60325406758447,44.53066332916145,80.92753887176514,68.02600236500011,159.52896523475647,3.4436612129211426,0.8020760579717637,0.005,128,lr_0.005_hc_128
45,5.826263427734375,1.1695823669433594,0.6916975378990173,0.9495002627372742,3.0154831409454346,74.24280350438048,72.96620775969961,45.5944931163955,82.02298879623413,68.70662329417743,163.12097573280334,3.4351673126220703,0.798065677681905,0.005,128,lr_0.005_hc_128
46,5.880988597869873,1.1954154968261719,0.7014338970184326,0.9389914274215698,3.0451478958129883,74.46808510638297,72.64080100125156,45.782227784730914,80.11292815208435,68.25101051111244,166.81482815742493,3.5428049564361572,0.7940753492934954,0.005,128,lr_0.005_hc_128
47,5.830602645874023,1.2671151161193848,0.6903821229934692,0.9259427785873413,2.947162389755249,74.80600750938673,73.2415519399249,46.58322903629537,80.48357367515564,68.77859054019066,170.3731188774109,3.3985519409179688,0.7901049725470279,0.005,128,lr_0.005_hc_128
48,5.748702049255371,1.2648271322250366,0.6852554678916931,0.9219279289245605,2.8766913414001465,74.95619524405507,73.31664580725908,47.221526908635795,79.30374145507812,68.69952735375702,174.1267066001892,3.5954747200012207,0.7861544476842928,0.005,128,lr_0.005_hc_128
49,5.78510856628418,1.258496642112732,0.7074841260910034,0.9391857981681824,2.879941701889038,74.51814768460576,73.80475594493117,48.08510638297872,81.06878995895386,69.36919999286737,177.72262167930603,3.438206195831299,0.7822236754458713,0.005,128,lr_0.005_hc_128
50,5.719223976135254,1.3139879703521729,0.6758301258087158,0.9535958170890808,2.7758100032806396,75.7947434292866,72.86608260325407,48.27284105131414,80.21377325057983,69.28686008360866,181.3185794353485,3.437527656555176,0.778312557068642,0.005,128,lr_0.005_hc_128
51,5.588557243347168,1.2492365837097168,0.6784757375717163,0.9289038777351379,2.731940746307373,76.09511889862328,73.7546933667084,48.44806007509387,81.74959421157837,70.01186663800098,184.91997718811035,3.4432411193847656,0.7744209942832988,0.005,128,lr_0.005_hc_128
52,5.587077617645264,1.3059040307998657,0.6675295233726501,0.9278795719146729,2.6857645511627197,76.0575719649562,73.79224030037547,49.62453066332916,80.92575073242188,70.10002341527067,188.5162012577057,3.442117691040039,0.7705488893118823,0.005,128,lr_0.005_hc_128
53,5.5327606201171875,1.3546254634857178,0.6424278020858765,0.9187047481536865,2.617002487182617,77.00876095118898,74.21777221526908,50.45056320400501,79.34956550598145,70.25666546911114,192.12186408042908,3.4461371898651123,0.7666961448653229,0.005,128,lr_0.005_hc_128
54,5.5267157554626465,1.3801261186599731,0.6438624262809753,0.9169761538505554,2.5857510566711426,77.57196495619525,74.4180225281602,51.17647058823529,80.01378774642944,70.79506145475504,195.70228552818298,3.432995080947876,0.7628626641409962,0.005,128,lr_0.005_hc_128
55,5.476436138153076,1.340863585472107,0.6566077470779419,0.9206082820892334,2.558356523513794,77.94743429286608,74.45556946182728,51.376720901126404,80.087149143219,70.9667184497597,199.32158613204956,3.4702298641204834,0.7590483508202912,0.005,128,lr_0.005_hc_128
56,5.435050010681152,1.3595350980758667,0.6582183837890625,0.9739775657653809,2.443319082260132,77.4092615769712,73.45431789737171,52.352941176470594,80.47066926956177,70.92179748009382,202.90390801429749,3.439535140991211,0.7552531090661897,0.005,128,lr_0.005_hc_128
57,5.387979030609131,1.343953013420105,0.6456431746482849,0.9594120979309082,2.4389708042144775,78.41051314142679,73.71714643304131,51.989987484355446,83.09094905853271,71.80214902933906,206.65762591362,3.6010329723358154,0.7514768435208588,0.005,128,lr_0.005_hc_128
58,5.321591377258301,1.3869808912277222,0.657295823097229,0.913770854473114,2.363543748855591,78.04755944931165,74.55569461827284,53.191489361702125,80.39546608924866,71.54755237963381,210.5894546508789,3.7611238956451416,0.7477194593032545,0.005,128,lr_0.005_hc_128
59,5.325994491577148,1.4014681577682495,0.6379209160804749,0.9237622022628784,2.3628430366516113,78.3729662077597,74.74342928660826,53.34167709637047,79.58264946937561,71.51018051502851,214.35202717781067,3.6040406227111816,0.7439808620067382,0.005,128,lr_0.005_hc_128
60,5.303424835205078,1.413825273513794,0.6486361026763916,0.9152190089225769,2.325744152069092,77.18397997496871,74.76846057571966,54.79349186483103,81.6523790359497,72.09957786286728,217.8884415626526,3.3629350662231445,0.7402609576967045,0.005,128,lr_0.005_hc_128
61,5.213491916656494,1.450142502784729,0.6400701999664307,0.8923510909080505,2.2309279441833496,77.82227784730914,75.74468085106383,55.444305381727155,81.56243562698364,72.64342492677093,221.5001711845398,3.4534733295440674,0.736559652908221,0.005,128,lr_0.005_hc_128
62,5.180081367492676,1.420288324356079,0.6523640751838684,0.897282063961029,2.210146903991699,77.27158948685857,75.39424280350438,55.50688360450563,78.42657566070557,71.64982288889354,225.08929085731506,3.421259641647339,0.7328768546436799,0.005,128,lr_0.005_hc_128
63,5.156462669372559,1.3949494361877441,0.6344653964042664,0.9091137647628784,2.2179343700408936,79.0863579474343,75.28160200250313,56.22027534418022,81.7313015460968,73.07988421005362,228.89201760292053,3.6283318996429443,0.7292124703704616,0.005,128,lr_0.005_hc_128
64,5.089735507965088,1.4495271444320679,0.6295654773712158,0.9230905175209045,2.087552547454834,79.0863579474343,74.99374217772215,57.75969962453066,80.51657676696777,73.08909412916373,232.49469900131226,3.4492247104644775,0.7255664080186093,0.005,128,lr_0.005_hc_128
65,5.127572059631348,1.4867790937423706,0.6328588128089905,0.9063964486122131,2.1015377044677734,78.49812265331664,75.40675844806007,57.6720901126408,80.25233745574951,72.95732716744176,236.2464816570282,3.5937044620513916,0.7219385759785162,0.005,128,lr_0.005_hc_128
66,5.103501319885254,1.4999669790267944,0.6363539695739746,0.9033231735229492,2.063857078552246,78.44806007509388,75.70713391739675,58.48560700876095,81.33863806724548,73.49485976712427,239.83960485458374,3.418818235397339,0.7183288830986236,0.005,128,lr_0.005_hc_128
67,5.115018367767334,1.514621615409851,0.6168184876441956,0.9116923213005066,2.071885824203491,78.92365456821027,75.64455569461828,57.947434292866085,80.34040331840515,73.21401196852494,243.45095562934875,3.4495651721954346,0.7147372386831305,0.005,128,lr_0.005_hc_128
68,5.049411296844482,1.5959240198135376,0.6177670359611511,0.8935354351997375,1.9421849250793457,79.47434292866082,76.33291614518147,60.50062578222778,80.55325746536255,74.21528558035816,247.0257065296173,3.416618824005127,0.7111635524897149,0.005,128,lr_0.005_hc_128
69,5.071816444396973,1.6100558042526245,0.6114991903305054,0.9099721312522888,1.9402894973754883,78.96120150187734,75.91989987484355,60.913642052565706,78.77157926559448,73.64158067372027,250.79119348526,3.6104986667633057,0.7076077347272662,0.005,128,lr_0.005_hc_128
70,4.9754133224487305,1.5606132745742798,0.6055813431739807,0.9249474406242371,1.8842710256576538,79.67459324155193,75.44430538172716,62.52816020025031,80.73311448097229,74.59504332612543,254.45168280601501,3.501178503036499,0.7040696960536299,0.005,128,lr_0.005_hc_128
71,4.93833589553833,1.5586005449295044,0.6065576076507568,0.9131155610084534,1.8600620031356812,79.82478097622028,76.38297872340426,62.45306633291614,80.2669107913971,74.73193420598444,258.0049822330475,3.3950812816619873,0.7005493475733617,0.005,128,lr_0.005_hc_128
72,4.917478084564209,1.5911844968795776,0.6132037043571472,0.9073400497436523,1.8057498931884766,80.57571964956195,76.57071339173967,63.36670838548185,79.06151413917542,74.89366389148972,261.78315258026123,3.622767686843872,0.697046600835495,0.005,128,lr_0.005_hc_128
73,4.995695114135742,1.6902072429656982,0.6207095980644226,0.911120593547821,1.7736576795578003,79.7622027534418,76.34543178973718,64.28035043804756,79.97230887413025,75.0900734638392,265.34615302085876,3.407684326171875,0.6935613678313175,0.005,128,lr_0.005_hc_128
74,4.850456714630127,1.5976111888885498,0.6077020764350891,0.910849928855896,1.7342934608459473,80.2503128911139,76.45807259073842,64.95619524405507,79.80276942253113,75.36683753710963,268.88177704811096,3.372119903564453,0.6900935609921609,0.005,128,lr_0.005_hc_128
75,4.857970237731934,1.6068732738494873,0.5988562703132629,0.9044368863105774,1.7478039264678955,80.35043804755945,77.00876095118898,65.39424280350438,80.31654953956604,75.7674978354547,272.5644121170044,3.5242185592651367,0.6866430931872001,0.005,128,lr_0.005_hc_128
76,4.891630172729492,1.6649081707000732,0.5818333625793457,0.9317426681518555,1.7131457328796387,81.15143929912391,76.87108886107634,66.00750938673342,79.254150390625,75.82104698438967,276.1126501560211,3.391653060913086,0.6832098777212641,0.005,128,lr_0.005_hc_128
77,4.823518753051758,1.5813732147216797,0.5889947414398193,0.9172373414039612,1.7359132766723633,80.6883604505632,77.25907384230288,64.76846057571964,79.8792839050293,75.64879469340376,279.6482992172241,3.381779193878174,0.6797938283326578,0.005,128,lr_0.005_hc_128
78,4.852095603942871,1.6553558111190796,0.5754582285881042,0.8996497392654419,1.7216321229934692,81.82728410513141,77.47183979974969,65.70713391739675,79.35508489608765,76.09033567959138,283.26101422309875,3.4395384788513184,0.6763948591909945,0.005,128,lr_0.005_hc_128
79,4.825974941253662,1.6274738311767578,0.5811187028884888,0.901852548122406,1.7155300378799438,81.97747183979975,77.32165206508135,66.04505632040049,80.03349304199219,76.34441831681843,286.8159101009369,3.3972408771514893,0.6730128848950395,0.005,128,lr_0.005_hc_128
80,4.846579551696777,1.6533586978912354,0.5710658431053162,0.9367067217826843,1.6854480504989624,81.41426783479349,76.49561952440551,66.9712140175219,80.22751808166504,76.27715486459648,290.7423195838928,3.7688980102539062,0.6696478204705644,0.005,128,lr_0.005_hc_128
81,4.758773326873779,1.6380589008331299,0.578184187412262,0.9005985856056213,1.6419317722320557,81.55193992490614,76.94618272841052,67.47183979974969,80.07883429527283,76.51219918708479,294.3019049167633,3.3921782970428467,0.6662995813682115,0.005,128,lr_0.005_hc_128
82,4.766360282897949,1.7536636590957642,0.5744301676750183,0.8980252146720886,1.5402413606643677,82.06508135168961,77.94743429286608,68.98623279098874,78.49451303482056,76.87331536759125,297.870393037796,3.4106693267822266,0.6629680834613705,0.005,128,lr_0.005_hc_128
83,4.796074867248535,1.7472039461135864,0.5901628732681274,0.8960345983505249,1.5626734495162964,82.25281602002504,77.60951188986233,68.94868585732166,79.15505170822144,76.99151636885762,301.6414816379547,3.611854076385498,0.6596532430440636,0.005,128,lr_0.005_hc_128
84,4.720560073852539,1.7020403146743774,0.5750839114189148,0.9038618803024292,1.539574146270752,82.00250312891114,77.63454317897371,69.57446808510637,79.40642833709717,77.15448568252211,305.22798776626587,3.4128315448760986,0.6563549768288433,0.005,128,lr_0.005_hc_128
85,4.743200778961182,1.7495912313461304,0.5504852533340454,0.8696758151054382,1.5734485387802124,82.11514392991239,78.36045056320401,69.13642052565707,77.4797797203064,76.77294868476996,308.80438351631165,3.407172918319702,0.653073201944699,0.005,128,lr_0.005_hc_128
86,4.903676986694336,1.8595019578933716,0.5402787327766418,0.9012156128883362,1.6026808023452759,82.54067584480602,77.73466833541927,68.76095118898623,78.37519645690918,76.85287295653018,312.39592266082764,3.4330673217773438,0.6498078359349755,0.005,128,lr_0.005_hc_128
87,4.801039218902588,1.7524800300598145,0.5402560830116272,0.9266225695610046,1.5816805362701416,82.42803504380475,77.39674593241553,68.63579474342929,80.03226518630981,77.12321022648985,315.9618215560913,3.4086828231811523,0.6465587967553006,0.005,128,lr_0.005_hc_128
88,4.801075458526611,1.7849420309066772,0.553192675113678,0.9223636388778687,1.5405770540237427,83.0538172715895,77.78473091364205,69.86232790988736,78.83946895599365,77.38508626277813,319.4542021751404,3.3344321250915527,0.6433260027715241,0.005,128,lr_0.005_hc_128
89,4.729305267333984,1.7202894687652588,0.5599075555801392,0.9025837779045105,1.5465245246887207,83.20400500625782,77.82227784730914,70.71339173967459,79.02563214302063,77.69132668406554,323.0189094543457,3.3951416015625,0.6401093727576664,0.005,128,lr_0.005_hc_128
90,4.6999406814575195,1.7613939046859741,0.5597677826881409,0.8665394186973572,1.5122395753860474,83.04130162703379,78.27284105131415,70.62578222778473,78.59719395637512,77.63427971562695,326.5662567615509,3.38913631439209,0.6369088258938781,0.005,128,lr_0.005_hc_128
91,4.704028606414795,1.7213821411132812,0.5442735552787781,0.9172456860542297,1.5211271047592163,82.96620775969963,78.33541927409262,70.7008760951189,78.88161540031433,77.72102963230635,330.27511835098267,3.5506069660186768,0.6337242817644086,0.005,128,lr_0.005_hc_128
92,4.6938700675964355,1.7328344583511353,0.5456373691558838,0.9140896797180176,1.501308560371399,83.0538172715895,77.70963704630789,71.46433041301627,78.58437299728394,77.7030394320494,333.9984061717987,3.5519213676452637,0.6305556603555866,0.005,128,lr_0.005_hc_128
93,4.61168098449707,1.7122606039047241,0.5476558208465576,0.908786952495575,1.4429775476455688,83.2540675844806,78.31038798498122,72.31539424280349,78.83570194244385,78.17888793867729,337.5641520023346,3.4074113368988037,0.6274028820538087,0.005,128,lr_0.005_hc_128
94,4.71750020980835,1.7014539241790771,0.5527287125587463,0.9073048830032349,1.556012749671936,82.96620775969963,78.42302878598247,71.31414267834793,79.31630611419678,78.00492133455671,341.2400426864624,3.509249448776245,0.6242658676435396,0.005,128,lr_0.005_hc_128
95,4.683549880981445,1.8045541048049927,0.5402944087982178,0.8993873000144958,1.4393141269683838,83.4793491864831,78.62327909887358,72.29036295369211,78.95147204399109,78.33611582075997,344.84274983406067,3.4344773292541504,0.6211445383053219,0.005,128,lr_0.005_hc_128
96,4.6492509841918945,1.7528713941574097,0.5523555278778076,0.9087203145027161,1.435304045677185,83.4793491864831,78.28535669586984,72.05256570713392,80.12942671775818,78.48667457681127,348.9021100997925,3.9014034271240234,0.6180388156137953,0.005,128,lr_0.005_hc_128
97,4.791990280151367,1.8992465734481812,0.5381401777267456,0.9132086038589478,1.4413949251174927,83.70463078848562,78.28535669586984,72.49061326658322,78.43572497367859,78.22908143115431,352.47806549072266,3.418957233428955,0.6149486215357263,0.005,128,lr_0.005_hc_128
98,4.719936847686768,1.8634941577911377,0.5222874283790588,0.924063503742218,1.410091757774353,84.38047559449312,78.1101376720901,73.5168961201502,79.43028211593628,78.85944787566743,356.02339339256287,3.387188673019409,0.6118738784280476,0.005,128,lr_0.005_hc_128
99,4.6669135093688965,1.8196908235549927,0.5306974053382874,0.8904889225959778,1.4260363578796387,84.11764705882354,79.69962453066333,73.34167709637046,79.65596318244934,79.20372796707666,359.66401410102844,3.4704577922821045,0.6088145090359074,0.005,128,lr_0.005_hc_128
100,4.71135139465332,1.894750952720642,0.5284311771392822,0.9024409651756287,1.3857284784317017,83.89236545682103,79.64956195244055,74.35544430538172,78.1348466873169,79.00805460049006,363.20710492134094,3.3853824138641357,0.6057704364907278,0.005,128,lr_0.005_hc_128
101,4.657487392425537,1.8632087707519531,0.5354596972465515,0.8832704424858093,1.375548243522644,83.66708385481853,79.64956195244055,73.40425531914893,79.3495237827301,79.01760622728453,366.7990620136261,3.4173381328582764,0.6027415843082742,0.005,128,lr_0.005_hc_128
102,4.539772987365723,1.7618591785430908,0.5198982954025269,0.9152573347091675,1.3427579402923584,84.180225281602,78.92365456821027,74.36795994993743,79.70730662345886,79.29478660580213,370.5442535877228,3.5782320499420166,0.5997278763867329,0.005,128,lr_0.005_hc_128
103,4.564216136932373,1.805284857749939,0.5293824076652527,0.8995610475540161,1.3299881219863892,84.04255319148936,79.13642052565707,74.93116395494368,79.45781350135803,79.39198779336203,374.1612160205841,3.471428632736206,0.5967292370047992,0.005,128,lr_0.005_hc_128
104,4.611743927001953,1.8807827234268188,0.5365931987762451,0.9079121947288513,1.286455512046814,83.90488110137672,79.02377972465582,75.30663329161452,79.2345404624939,79.36745864503524,377.75766134262085,3.4258573055267334,0.5937455908197752,0.005,128,lr_0.005_hc_128
105,4.591455459594727,1.877831220626831,0.5356022119522095,0.8971046209335327,1.2809169292449951,83.92991239048811,79.06132665832291,75.45682102628285,78.67248058319092,79.28013516457119,381.37345719337463,3.4528725147247314,0.5907768628656763,0.005,128,lr_0.005_hc_128
106,4.587451934814453,1.8462258577346802,0.5142807364463806,0.8982884883880615,1.328656792640686,84.8936170212766,79.42428035043805,74.70588235294117,78.99730205535889,79.50527044500367,385.02215242385864,3.4935903549194336,0.5878229785513479,0.005,128,lr_0.005_hc_128
107,4.603637218475342,1.8779875040054321,0.5271262526512146,0.8904339671134949,1.3080896139144897,84.51814768460576,79.33667083854819,75.1063829787234,79.07061576843262,79.50795431757749,388.8285434246063,3.648195266723633,0.5848838636585911,0.005,128,lr_0.005_hc_128
108,4.663051605224609,1.9114465713500977,0.5174197554588318,0.8981308937072754,1.3360543251037598,84.69336670838548,79.93742177722153,75.09386733416771,79.87895011901855,79.90090148469832,392.4413592815399,3.4549756050109863,0.5819594443402982,0.005,128,lr_0.005_hc_128
109,4.688965797424316,1.9551368951797485,0.5311662554740906,0.8808674812316895,1.321795105934143,84.4305381727159,79.2991239048811,75.45682102628285,77.47058868408203,79.16426794699046,396.0448799133301,3.4298455715179443,0.5790496471185967,0.005,128,lr_0.005_hc_128
110,4.612242698669434,1.9142850637435913,0.5045986175537109,0.8665848970413208,1.326774001121521,85.01877346683354,80.0250312891114,75.78222778473092,77.94401049613953,79.69251075920386,399.68175888061523,3.4787721633911133,0.5761543988830038,0.005,128,lr_0.005_hc_128
111,4.648196220397949,1.9330272674560547,0.5376025438308716,0.8754258751869202,1.3021408319473267,84.8936170212766,79.7622027534418,76.0575719649562,77.81007289886475,79.63086615963483,403.204874753952,3.363706111907959,0.5732736268885887,0.005,128,lr_0.005_hc_128
112,4.645166397094727,2.011683940887451,0.5262001752853394,0.8875296115875244,1.2197524309158325,85.14392991239049,79.2740926157697,77.12140175219024,77.90916562080383,79.86214747528857,406.8068001270294,3.4325413703918457,0.5704072587541458,0.005,128,lr_0.005_hc_128
113,4.722146987915039,2.017728328704834,0.5409359335899353,0.9132634997367859,1.2502192258834839,84.69336670838548,79.86232790988736,76.43304130162704,80.22292256355286,80.30291462086319,410.4369387626648,3.456162929534912,0.567555222460375,0.005,128,lr_0.005_hc_128
114,4.72225284576416,2.0807671546936035,0.5247464179992676,0.921975314617157,1.1947637796401978,85.55694618272841,79.68710888610764,77.82227784730914,77.56784558296204,80.15854462477681,414.0505442619324,3.455622673034668,0.5647174463480732,0.005,128,lr_0.005_hc_128
115,4.672466278076172,2.0482537746429443,0.5392109751701355,0.9038832187652588,1.181118369102478,85.28160200250313,80.31289111389238,77.69712140175218,77.79843211174011,80.27251165747195,417.7758996486664,3.5516607761383057,0.5618938591163328,0.005,128,lr_0.005_hc_128
116,4.716688632965088,2.125000238418579,0.5182772874832153,0.887948751449585,1.185462236404419,85.65707133917397,80.33792240300376,78.19774718397997,77.97763347625732,80.54259360060375,421.36579060554504,3.416463613510132,0.5590843898207511,0.005,128,lr_0.005_hc_128
117,4.722352027893066,2.1081461906433105,0.5113528370857239,0.8983893394470215,1.2044634819030762,85.60700876095119,80.10012515644556,77.87234042553192,77.86684036254883,80.36157867636938,425.2782015800476,3.754470109939575,0.5562889678716474,0.005,128,lr_0.005_hc_128
118,4.622912406921387,1.993209958076477,0.49094170331954956,0.9085214734077454,1.2302396297454834,85.49436795994994,79.47434292866082,77.13391739674593,77.24819779396057,79.83770651982931,428.8439531326294,3.4027769565582275,0.5535075230322891,0.005,128,lr_0.005_hc_128
119,4.661174774169922,2.0022614002227783,0.48292964696884155,0.9235970973968506,1.252386450767517,85.83229036295369,79.5369211514393,77.09637046307884,79.22723889350891,80.42320521774519,432.38445496559143,3.375382423400879,0.5507399854171277,0.005,128,lr_0.005_hc_128
120,4.714588165283203,2.075227975845337,0.5230327844619751,0.9211656451225281,1.1951618194580078,85.40675844806007,80.11264080100126,77.97246558197747,77.8338372707367,80.33142552544388,435.95973658561707,3.407309055328369,0.547986285490042,0.005,128,lr_0.005_hc_128
121,4.7077813148498535,2.0253801345825195,0.5323247313499451,0.9205853939056396,1.2294909954071045,85.38172715894868,79.83729662077596,77.6720901126408,78.46877574920654,80.33997241039299,439.5907166004181,3.466430425643921,0.5452463540625918,0.005,128,lr_0.005_hc_128
122,4.685144901275635,2.07668137550354,0.5292883515357971,0.9407631754875183,1.1384119987487793,85.26908635794743,79.71214017521902,78.81101376720902,78.60087156295776,80.5982779658333,443.24123764038086,3.491849899291992,0.5425201222922789,0.005,128,lr_0.005_hc_128
123,4.670080184936523,2.053035020828247,0.51984703540802,0.9261369109153748,1.1710609197616577,85.66958698372966,79.66207759699626,78.23529411764706,79.55928444862366,80.78156078674915,446.84822940826416,3.449284076690674,0.5398075216808175,0.005,128,lr_0.005_hc_128
124,4.697412490844727,2.0767831802368164,0.5452662110328674,0.8944740295410156,1.1808891296386719,85.23153942428036,79.86232790988736,77.82227784730914,78.68808507919312,80.40105756516749,450.4823157787323,3.460780620574951,0.5371084840724134,0.005,128,lr_0.005_hc_128
125,4.710257530212402,2.0388641357421875,0.5374284982681274,0.916733980178833,1.2172309160232544,85.45682102628285,79.69962453066333,78.56070087609513,78.16973328590393,80.47171992973631,454.0944826602936,3.4428982734680176,0.5344229416520513,0.005,128,lr_0.005_hc_128
126,4.777292728424072,2.125980854034424,0.5182497501373291,0.9175909161567688,1.2154713869094849,85.60700876095119,80.07509386733418,78.33541927409262,77.9057502746582,80.48081804425904,457.76130652427673,3.5022618770599365,0.531750826943791,0.005,128,lr_0.005_hc_128
127,4.620172023773193,2.018301248550415,0.48764175176620483,0.89671790599823,1.2175112962722778,85.86983729662077,80.22528160200251,78.49812265331664,78.29312682151794,80.72159209336446,461.4381465911865,3.517761707305908,0.5290920728090721,0.005,128,lr_0.005_hc_128
128,4.538994789123535,1.960473656654358,0.4881165325641632,0.8952056169509888,1.1951987743377686,86.77096370463079,80.32540675844805,79.02377972465582,77.98432111740112,81.02611782628395,465.0289161205292,3.441082000732422,0.5264466124450268,0.005,128,lr_0.005_hc_128
129,4.564580917358398,2.0171217918395996,0.4892199635505676,0.9043064117431641,1.1539325714111328,86.38297872340426,80.36295369211514,79.33667083854819,76.9550085067749,80.75940294021062,468.6499273777008,3.4513518810272217,0.5238143793828016,0.005,128,lr_0.005_hc_128
130,4.510887145996094,1.9478111267089844,0.4847026467323303,0.8692695498466492,1.2091038227081299,86.38297872340426,80.90112640801001,78.58573216520651,78.61741781234741,81.12181377724205,472.17270708084106,3.3640010356903076,0.5211953074858876,0.005,128,lr_0.005_hc_128
131,4.620090007781982,1.9822449684143066,0.5093302130699158,0.9088276624679565,1.2196871042251587,85.69461827284105,80.28785982478097,78.73591989987484,78.29640507698059,80.75370076861937,475.73268365859985,3.4051358699798584,0.5185893309484582,0.005,128,lr_0.005_hc_128
132,4.566778659820557,2.060910701751709,0.49991971254348755,0.9072338342666626,1.0987142324447632,86.09511889862328,80.43804755944932,80.30037546933667,76.86506509780884,80.92465175630453,479.3350827693939,3.444605827331543,0.5159963842937159,0.005,128,lr_0.005_hc_128
133,4.468967437744141,1.9880218505859375,0.49965304136276245,0.9100518226623535,1.071240782737732,86.78347934918649,80.35043804755945,80.61326658322903,78.64912152290344,81.5990763757196,482.9372818470001,3.4440791606903076,0.5134164023722473,0.005,128,lr_0.005_hc_128
134,4.568062782287598,2.0386672019958496,0.5080384016036987,0.9207255244255066,1.1006312370300293,86.62077596996245,80.76345431789737,81.1639549436796,78.96194458007812,81.87753245290439,486.56932306289673,3.4751288890838623,0.510849320360386,0.005,128,lr_0.005_hc_128
135,4.5690436363220215,2.002092123031616,0.501639723777771,0.9226980209350586,1.1426137685775757,86.43304130162703,80.9136420525657,80.33792240300376,78.96420955657959,81.66220382844402,490.24708557128906,3.519587516784668,0.5082950737585841,0.005,128,lr_0.005_hc_128
136,4.593062400817871,2.0264973640441895,0.5064356327056885,0.9009289145469666,1.1592005491256714,86.54568210262829,81.26408010012516,80.4755944931164,79.08401489257812,81.84234289711199,493.91369557380676,3.5093464851379395,0.5057535983897912,0.005,128,lr_0.005_hc_128
137,4.5601396560668945,2.0280673503875732,0.5019828677177429,0.9273138642311096,1.1027755737304688,86.70838548185232,80.77596996245306,81.02628285356695,78.95646691322327,81.8667763027739,497.43966841697693,3.376734972000122,0.5032248303978422,0.005,128,lr_0.005_hc_128
138,4.527720928192139,2.043948173522949,0.5065736770629883,0.9392144680023193,1.0379847288131714,86.63329161451814,80.52565707133917,81.72715894868585,79.28347587585449,82.04239587759942,501.29842734336853,3.6849896907806396,0.500708706245853,0.005,128,lr_0.005_hc_128
139,4.570528984069824,2.077340841293335,0.5081211924552917,0.9353860020637512,1.0496807098388672,86.54568210262829,81.48936170212767,81.70212765957446,78.00449728965759,81.935417188497,504.84373927116394,3.3792922496795654,0.5,0.005,128,lr_0.005_hc_128
140,4.547741889953613,2.0912296772003174,0.4844713509082794,0.9293270707130432,1.0427141189575195,86.94618272841052,80.97622027534418,81.98998748435544,78.40824127197266,82.0801579400207,508.39082622528076,3.3895387649536133,0.5,0.005,128,lr_0.005_hc_128
141,4.536340713500977,1.9995540380477905,0.4895259439945221,0.9625676870346069,1.0846929550170898,87.53441802252816,81.3892365456821,82.09011264080101,78.24488878250122,82.31466399787813,512.0280995368958,3.4794723987579346,0.5,0.005,128,lr_0.005_hc_128
142,4.49704122543335,2.0377938747406006,0.4846527874469757,0.917538583278656,1.0570560693740845,87.03379224030037,81.28911138923655,82.15269086357947,79.00996208190918,82.37138914375639,515.6362707614899,3.4503679275512695,0.5,0.005,128,lr_0.005_hc_128
143,4.530364036560059,2.0675113201141357,0.4835599958896637,0.9350176453590393,1.044274926185608,87.02127659574468,81.03879849812266,81.71464330413016,77.76235938072205,81.88426944467989,519.1542611122131,3.3642492294311523,0.5,0.005,128,lr_0.005_hc_128
144,4.440160274505615,2.015994071960449,0.4526778757572174,0.9236353039741516,1.0478529930114746,88.22277847309137,81.53942428035043,82.5531914893617,78.58616709709167,82.7253903349738,522.7446882724762,3.4362688064575195,0.5,0.005,128,lr_0.005_hc_128
145,4.469590187072754,2.0104801654815674,0.49860939383506775,0.9137635231018066,1.0467371940612793,87.34668335419275,81.46433041301627,82.10262828535669,79.90002632141113,82.70341709349421,526.3496506214142,3.443120241165161,0.5,0.005,128,lr_0.005_hc_128
146,4.437736988067627,2.0267441272735596,0.4970117509365082,0.8861616253852844,1.0278196334838867,87.28410513141426,81.80225281602003,82.36545682102629,79.25113439559937,82.67573729101498,529.969080209732,3.4611618518829346,0.5,0.005,128,lr_0.005_hc_128
147,4.5139265060424805,2.0926554203033447,0.4896973967552185,0.8908922672271729,1.0406816005706787,87.13391739674593,81.33917396745932,82.36545682102629,78.48711013793945,82.33141458079275,533.587393283844,3.457418441772461,0.5,0.005,128,lr_0.005_hc_128
148,4.431337833404541,2.012395143508911,0.49976933002471924,0.9082276225090027,1.010945439338684,86.63329161451814,81.28911138923655,81.93992490613266,79.18621301651001,82.26213523159934,537.2159955501556,3.4551191329956055,0.5,0.005,128,lr_0.005_hc_128
149,4.408543109893799,2.0022120475769043,0.4737752377986908,0.9134389162063599,1.019116997718811,87.38423028785982,81.05131414267834,82.45306633291615,78.52567434310913,82.35357127664086,540.8748021125793,3.4859495162963867,0.5,0.005,128,lr_0.005_hc_128
150,4.4130048751831055,1.9678667783737183,0.4871157109737396,0.9097520112991333,1.0482701063156128,86.75844806007508,81.639549436796,81.83979974968712,79.90361452102661,82.5353529418962,544.5284245014191,3.4951698780059814,0.5,0.005,128,lr_0.005_hc_128
151,4.313785552978516,1.9679759740829468,0.488995760679245,0.8855730891227722,0.9712408185005188,87.12140175219024,81.81476846057572,82.99123904881101,80.41008710861206,83.08437409254725,548.175746679306,3.4853873252868652,0.5,0.005,128,lr_0.005_hc_128
152,4.3345746994018555,2.0329551696777344,0.4833635985851288,0.8783808350563049,0.9398750066757202,87.70963704630789,81.639549436796,83.27909887359199,77.48862504959106,82.52922760157173,551.8060991764069,3.4708151817321777,0.5,0.005,128,lr_0.005_hc_128
153,4.358988285064697,2.0531349182128906,0.44988957047462463,0.8881757259368896,0.96778804063797,87.98498122653316,81.66458072590738,83.20400500625782,79.23948764801025,83.02326365167715,555.4434435367584,3.464219093322754,0.5,0.005,128,lr_0.005_hc_128
154,4.328798294067383,2.0164990425109863,0.4520401954650879,0.8752887845039368,0.9849703311920166,88.32290362953692,82.29036295369212,83.07884856070088,79.24609780311584,83.23455323676144,559.2635242938995,3.636925220489502,0.5,0.005,128,lr_0.005_hc_128
155,4.349460601806641,2.0769855976104736,0.4518354833126068,0.8487879633903503,0.9718514084815979,87.84730913642052,82.3279098873592,83.60450563204004,77.89813876152039,82.91946585433504,563.5193152427673,4.082229375839233,0.5,0.005,128,lr_0.005_hc_128
156,4.297618389129639,1.991160273551941,0.448116272687912,0.8407297134399414,1.017612099647522,87.9224030037547,82.46558197747184,82.3153942428035,79.0229082107544,82.9315718586961,567.5386259555817,3.8446006774902344,0.5,0.005,128,lr_0.005_hc_128
157,4.38414192199707,2.05629301071167,0.44877201318740845,0.8794493675231934,0.9996273517608643,88.21026282853566,81.91489361702128,82.99123904881101,77.85226702690125,82.7421656303173,571.5203127861023,3.807201862335205,0.5,0.005,128,lr_0.005_hc_128
158,4.214181900024414,1.9022871255874634,0.447163850069046,0.8732329607009888,0.991497814655304,88.31038798498123,82.20275344180226,82.5531914893617,80.15871047973633,83.30626084897038,576.0840153694153,4.398064613342285,0.5,0.005,128,lr_0.005_hc_128
159,4.249516487121582,1.9578391313552856,0.43931901454925537,0.8878263831138611,0.9645320773124695,87.87234042553192,81.70212765957446,83.0037546933667,79.72201108932495,83.07505846694951,581.1546912193298,4.90240740776062,0.5,0.005,128,lr_0.005_hc_128
160,4.296586513519287,1.9840219020843506,0.47578948736190796,0.8483526110649109,0.9884225130081177,87.75969962453067,82.27784730913642,82.80350438047559,78.04126739501953,82.72057967729054,585.8884677886963,4.552062273025513,0.5,0.005,128,lr_0.005_hc_128
161,4.367851257324219,2.0143651962280273,0.47203007340431213,0.9077007174491882,0.9737553596496582,87.53441802252816,81.75219023779725,83.14142678347935,78.05413603782654,82.62054277040782,589.7679452896118,3.7211458683013916,0.5,0.005,128,lr_0.005_hc_128
162,4.194941520690918,1.980241298675537,0.4677497148513794,0.8794651031494141,0.8674853444099426,87.6720901126408,82.0775969962453,84.6433041301627,78.408282995224,83.2003185585682,593.5825641155243,3.6565957069396973,0.5,0.005,128,lr_0.005_hc_128
163,4.245476245880127,2.0212860107421875,0.46879759430885315,0.8752537369728088,0.8801386952400208,87.28410513141426,81.48936170212767,83.82978723404256,78.71099710464478,82.82856279305732,597.3847839832306,3.628817319869995,0.5,0.005,128,lr_0.005_hc_128
164,4.294965744018555,2.024139165878296,0.47681760787963867,0.8873682618141174,0.9066408276557922,87.909887359199,81.96495619524406,84.24280350438048,79.51796054840088,83.4089019018061,601.2318909168243,3.6772356033325195,0.5,0.005,128,lr_0.005_hc_128
165,4.2592267990112305,1.9690618515014648,0.47447067499160767,0.8812137842178345,0.9344808459281921,87.94743429286608,81.67709637046308,83.99249061326658,79.87249493598938,83.37237905314628,605.063723564148,3.6579203605651855,0.5,0.005,128,lr_0.005_hc_128
166,4.159258842468262,1.9857585430145264,0.4356711506843567,0.8414518237113953,0.896377444267273,88.44806007509388,82.49061326658322,84.1677096370463,79.30654883384705,83.60323295314261,608.8176004886627,3.599252223968506,0.5,0.005,128,lr_0.005_hc_128
167,4.175301551818848,2.006692886352539,0.41769903898239136,0.8390501141548157,0.9118592739105225,88.49812265331664,82.3279098873592,84.04255319148936,78.78256440162659,83.41278753344795,612.6313121318817,3.6560771465301514,0.5,0.005,128,lr_0.005_hc_128
168,4.250300884246826,2.0301473140716553,0.4299323856830597,0.8686627149581909,0.9215582609176636,88.3479349186483,82.10262828535669,83.74217772215269,78.4156322479248,83.15209329352062,616.4031541347504,3.5992867946624756,0.5,0.005,128,lr_0.005_hc_128
169,4.231019973754883,2.002012252807617,0.4277048408985138,0.8821085691452026,0.9191941022872925,88.54818523153942,82.06508135168961,83.7546933667084,78.68162989616394,83.26239746152534,620.2039268016815,3.628018379211426,0.5,0.005,128,lr_0.005_hc_128
170,4.2635416984558105,2.021991014480591,0.42586052417755127,0.8866978287696838,0.9289921522140503,88.74843554443054,82.29036295369212,83.85481852315394,78.62845063209534,83.38051691334299,624.1496436595917,3.7876598834991455,0.5,0.005,128,lr_0.005_hc_128
171,4.209314823150635,2.046895980834961,0.47020357847213745,0.8511381149291992,0.8410772085189819,87.4092615769712,82.44055068836045,84.95619524405507,79.18915748596191,83.49879124883716,628.1238732337952,3.8161065578460693,0.5,0.005,128,lr_0.005_hc_128
172,4.210633754730225,2.051530122756958,0.4539298117160797,0.836383581161499,0.8687902688980103,88.1351689612015,83.04130162703379,84.79349186483104,79.50819730758667,83.86953994016325,632.1863782405853,3.9102015495300293,0.5,0.005,128,lr_0.005_hc_128
173,4.212749481201172,2.0017619132995605,0.46315068006515503,0.8436041474342346,0.9042325615882874,87.63454317897371,82.70337922403004,84.56821026282853,79.59088683128357,83.62425487427898,637.4274663925171,5.055799722671509,0.5,0.005,128,lr_0.005_hc_128
174,4.182886123657227,2.0421247482299805,0.4371328055858612,0.8366653919219971,0.8669633865356445,88.54818523153942,83.20400500625782,85.06883604505632,79.35110926628113,84.04303388728367,643.2470486164093,5.6450889110565186,0.5,0.005,128,lr_0.005_hc_128
175,4.152534484863281,2.000927209854126,0.4552260935306549,0.8158773183822632,0.88050377368927,88.32290362953692,82.60325406758447,84.95619524405507,78.84498238563538,83.68183383170296,648.2800962924957,4.849558353424072,0.5,0.005,128,lr_0.005_hc_128
176,4.137176036834717,1.9868807792663574,0.4667910039424896,0.8417293429374695,0.8417750000953674,87.80976220275343,82.99123904881101,84.30538172715895,77.46695280075073,83.14333394486853,652.445725440979,3.9869985580444336,0.5,0.005,128,lr_0.005_hc_128
177,4.194375514984131,2.009850025177002,0.44052091240882874,0.8666013479232788,0.877403199672699,88.36045056320401,82.66583229036296,84.84355444305382,79.68713045120239,83.8892419369558,656.4746327400208,3.8612279891967773,0.5,0.005,128,lr_0.005_hc_128
178,4.293429851531982,2.049483299255371,0.4503483176231384,0.8760483860969543,0.917549729347229,87.95994993742178,82.86608260325407,83.9424280350438,78.43761444091797,83.3015187541594,661.4857261180878,4.852585077285767,0.5,0.005,128,lr_0.005_hc_128
179,4.15080451965332,1.9985193014144897,0.45836812257766724,0.82947838306427,0.8644386529922485,88.07259073842303,83.07884856070088,85.08135168961202,79.19178009033203,83.85614276976699,666.3918595314026,4.748167991638184,0.5,0.005,128,lr_0.005_hc_128
180,4.137433052062988,1.9886326789855957,0.4383341372013092,0.8407464027404785,0.8697195649147034,88.43554443053817,82.69086357947434,84.8936170212766,80.46143054962158,84.12036389522767,670.5087003707886,3.9424214363098145,0.5,0.005,128,lr_0.005_hc_128
181,4.135740756988525,2.0346615314483643,0.42556145787239075,0.8476255536079407,0.8278922438621521,88.47309136420526,82.71589486858574,85.369211514393,77.61375904083252,83.54298919700412,676.6404325962067,5.955931663513184,0.5,0.005,128,lr_0.005_hc_128
182,4.103799819946289,1.952249526977539,0.4290292263031006,0.8454188108444214,0.8771021962165833,88.93617021276596,82.85356695869838,84.96871088861077,79.973304271698,84.18293808294327,682.5812239646912,5.775639295578003,0.5,0.005,128,lr_0.005_hc_128
183,4.127461910247803,2.032700300216675,0.4456914961338043,0.8340545892715454,0.8150153160095215,87.85982478097623,82.97872340425532,85.61952440550688,79.70166206359863,84.03993366358426,687.5437817573547,4.7799973487854,0.5,0.005,128,lr_0.005_hc_128
184,4.06757116317749,1.997922420501709,0.44249847531318665,0.8267183899879456,0.8004318475723267,87.94743429286608,83.27909887359199,85.5944931163955,79.93202805519104,84.18826358451115,692.3111073970795,4.575587034225464,0.5,0.005,128,lr_0.005_hc_128
185,4.086063385009766,2.010612726211548,0.4424681067466736,0.8477379679679871,0.7852445244789124,88.11013767209012,82.40300375469337,85.26908635794743,79.351407289505,83.78340876855899,697.0465097427368,4.542816162109375,0.5,0.005,128,lr_0.005_hc_128
186,4.116089820861816,1.9872207641601562,0.4374503493309021,0.8412019610404968,0.850216805934906,88.29787234042553,82.80350438047559,85.03128911138924,79.2522668838501,83.84623317903512,701.299890756607,4.0595550537109375,0.5,0.005,128,lr_0.005_hc_128
187,4.089311599731445,1.9939606189727783,0.45542430877685547,0.8081342577934265,0.8317922353744507,88.1602002503129,83.2415519399249,84.85607008760951,79.36694622039795,83.90619212456131,706.3025996685028,4.7828004360198975,0.5,0.005,128,lr_0.005_hc_128
188,4.0947957038879395,2.049220561981201,0.42657986283302307,0.8350120782852173,0.7839831709861755,88.43554443053817,82.90362953692116,85.64455569461828,79.17890548706055,84.04065878728454,709.9307420253754,3.4436769485473633,0.5,0.005,128,lr_0.005_hc_128
189,4.022144794464111,1.9812366962432861,0.42070040106773376,0.8309018611907959,0.7893060445785522,88.19774718397998,82.70337922403004,85.83229036295369,79.83958721160889,84.14325099564314,714.5365145206451,4.444961309432983,0.5,0.005,128,lr_0.005_hc_128
190,4.103560924530029,2.0234787464141846,0.4197320342063904,0.8287872672080994,0.8315626978874207,88.68585732165207,83.04130162703379,85.98247809762202,78.70090007781982,84.10263428103192,719.5077817440033,4.726290464401245,0.5,0.005,128,lr_0.005_hc_128
191,4.011108875274658,1.942244529724121,0.43685153126716614,0.8011518716812134,0.8308609127998352,88.69837296620776,83.52941176470588,85.31914893617021,79.09084558486938,84.15944481298831,723.7691721916199,4.066290378570557,0.5,0.005,128,lr_0.005_hc_128
192,4.020168304443359,2.0095434188842773,0.4316670000553131,0.8164122104644775,0.7625457644462585,88.47309136420526,82.85356695869838,86.15769712140175,79.32077050209045,84.20128148659896,727.8485872745514,3.8445897102355957,0.5,0.005,128,lr_0.005_hc_128
193,4.153515815734863,2.061086654663086,0.4126007556915283,0.8449121713638306,0.8349162936210632,88.63579474342929,82.85356695869838,85.5944931163955,78.8210391998291,83.97622350458806,732.0655307769775,3.977051258087158,0.5,0.005,128,lr_0.005_hc_128
194,4.03693962097168,2.0021774768829346,0.445343941450119,0.8146950602531433,0.7747228145599365,88.39799749687108,83.20400500625782,85.91989987484355,80.28284907341003,84.45118786284563,736.1598353385925,3.91709303855896,0.5,0.005,128,lr_0.005_hc_128
195,4.038946628570557,1.9869489669799805,0.4279175102710724,0.845364511013031,0.7787156701087952,88.18523153942428,82.60325406758447,86.0450563204005,79.7734022140503,84.15173603536489,740.1956505775452,3.8357276916503906,0.5,0.005,128,lr_0.005_hc_128
196,4.034188747406006,2.0301718711853027,0.42963600158691406,0.8397690057754517,0.7346118092536926,88.3729662077597,83.0162703379224,86.65832290362954,79.87433671951294,84.48047404220614,743.9651575088501,3.5877256393432617,0.5,0.005,128,lr_0.005_hc_128
197,4.014984130859375,2.010225534439087,0.420186847448349,0.8041179180145264,0.7804539203643799,88.58573216520651,83.30413016270339,85.85732165206508,79.29083108901978,84.25950376724869,747.5762839317322,3.4345037937164307,0.5,0.005,128,lr_0.005_hc_128
198,4.019660472869873,2.0362484455108643,0.39554640650749207,0.7995548844337463,0.7883109450340271,88.33541927409262,83.55444305381727,85.66958698372966,79.35871481895447,84.2295410326485,751.2021009922028,3.4564437866210938,0.5,0.005,128,lr_0.005_hc_128
199,4.034847736358643,2.0128557682037354,0.42361775040626526,0.8135384917259216,0.7848356366157532,88.63579474342929,83.21652065081352,86.15769712140175,78.96420955657959,84.24355551805604,754.9174783229828,3.5585715770721436,0.5,0.005,128,lr_0.005_hc_128
200,4.03715705871582,2.028766393661499,0.39048507809638977,0.7861427068710327,0.8317627310752869,89.28660826032541,83.46683354192741,85.65707133917397,78.84454727172852,84.31376510328882,758.6614999771118,3.562767505645752,0.5,0.005,128,lr_0.005_hc_128
201,4.084110260009766,1.9900509119033813,0.423264741897583,0.8119259476661682,0.8588683605194092,88.69837296620776,83.19148936170212,85.14392991239049,78.09813022613525,83.78298061660891,762.2973079681396,3.4658637046813965,0.5,0.005,128,lr_0.005_hc_128
202,4.068100452423096,2.0216715335845947,0.4124796390533447,0.8430557250976562,0.7908937335014343,88.69837296620776,82.74092615769713,85.85732165206508,79.38655614852905,84.17079423112475,765.9845485687256,3.5081491470336914,0.5,0.005,128,lr_0.005_hc_128
203,4.0737409591674805,2.027644634246826,0.41038796305656433,0.8538973331451416,0.7818112373352051,88.79849812265331,83.14142678347935,86.18272841051315,78.89834642410278,84.25524993518715,769.6245498657227,3.4822752475738525,0.5,0.005,128,lr_0.005_hc_128
204,4.0414137840271,2.047823667526245,0.4100835621356964,0.8175497055053711,0.765956699848175,88.88610763454318,83.14142678347935,86.40801001251565,77.78074145317078,84.05407147092724,773.5550785064697,3.752074956893921,0.5,0.005,128,lr_0.005_hc_128
205,3.974736452102661,1.9574488401412964,0.4061855971813202,0.825994610786438,0.7851073741912842,89.39924906132666,83.2540675844806,85.95744680851064,79.33377027511597,84.48613343235847,777.1325461864471,3.408186197280884,0.5,0.005,128,lr_0.005_hc_128
206,3.9924638271331787,1.964521884918213,0.4303172528743744,0.8090264201164246,0.7885982394218445,88.6232790988736,83.46683354192741,85.73216520650814,79.27248477935791,84.27369065666677,780.7216801643372,3.415327548980713,0.5,0.005,128,lr_0.005_hc_128
207,4.102811813354492,2.0755391120910645,0.42477598786354065,0.7905321717262268,0.8119645118713379,88.87359198998749,83.27909887359199,86.12015018773467,78.99827361106873,84.31777866559572,784.3047156333923,3.4254817962646484,0.5,0.005,128,lr_0.005_hc_128
208,4.022702217102051,2.060687303543091,0.44424888491630554,0.7765103578567505,0.7412555813789368,88.51063829787233,83.81727158948686,86.92115143929912,76.72014236450195,83.99230092279006,788.06423163414,3.5742876529693604,0.5,0.005,128,lr_0.005_hc_128
209,3.8708279132843018,1.886572003364563,0.4185493588447571,0.7687870860099792,0.7969194054603577,88.76095118898624,83.67959949937422,85.44430538172716,79.43763732910156,84.33062334979728,791.9425277709961,3.718172788619995,0.5,0.005,128,lr_0.005_hc_128
210,3.9576263427734375,2.0182697772979736,0.37901511788368225,0.7967866063117981,0.7635548114776611,89.0488110137672,83.34167709637046,86.39549436795994,77.95683145523071,84.18570348333208,796.0078451633453,3.863826036453247,0.5,0.005,128,lr_0.005_hc_128
211,3.962286949157715,1.9338246583938599,0.4073667526245117,0.7915003895759583,0.8295954465866089,88.79849812265331,83.56695869837296,85.18147684605756,79.04497385025024,84.14797687933351,800.183069229126,4.003590106964111,0.5,0.005,128,lr_0.005_hc_128
212,3.9237542152404785,1.9864650964736938,0.379503458738327,0.7973589897155762,0.7604266405105591,89.22403003754692,83.22903629536921,86.07008760951189,78.7311315536499,84.31357137401949,804.3939135074615,4.031245231628418,0.5,0.005,128,lr_0.005_hc_128
213,4.01271915435791,2.031022071838379,0.4052819311618805,0.8399758338928223,0.7364391684532166,89.14893617021276,83.0538172715895,86.87108886107634,79.82277870178223,84.72415525116521,808.1890068054199,3.615304946899414,0.5,0.005,128,lr_0.005_hc_128
214,3.95308256149292,2.0121617317199707,0.409426212310791,0.7816562652587891,0.7498382925987244,88.77346683354193,83.77972465581978,86.33291614518149,79.1330337524414,84.50478534674615,811.7133555412292,3.3580880165100098,0.5,0.005,128,lr_0.005_hc_128
215,3.98281192779541,2.0012943744659424,0.3788103759288788,0.8254323601722717,0.7772747278213501,89.61201501877348,83.40425531914893,86.19524405506883,79.13527488708496,84.58669732001906,815.3223080635071,3.446681261062622,0.5,0.005,128,lr_0.005_hc_128
216,4.014167785644531,2.011672258377075,0.40561366081237793,0.8254693150520325,0.77141273021698,89.21151439299125,83.0287859824781,86.24530663329162,79.3092131614685,84.44870504255736,818.9184060096741,3.4142873287200928,0.5,0.005,128,lr_0.005_hc_128
217,3.970587968826294,2.0116019248962402,0.39744043350219727,0.8076645731925964,0.75388103723526,89.64956195244055,83.39173967459324,86.09511889862328,80.8108925819397,84.98682827689919,822.536260843277,3.4426097869873047,0.5,0.005,128,lr_0.005_hc_128
218,3.987722396850586,1.980413556098938,0.41668009757995605,0.8129502534866333,0.777678370475769,89.09887359198999,83.44180225281602,86.20775969962453,78.92202138900757,84.41761423335953,826.3378748893738,3.62992000579834,0.5,0.005,128,lr_0.005_hc_128
219,3.974750518798828,1.9750299453735352,0.4189669191837311,0.7792942523956299,0.8014592528343201,89.03629536921152,83.77972465581978,86.17021276595744,80.59926629066467,84.89637477041335,829.9418902397156,3.446474552154541,0.5,0.005,128,lr_0.005_hc_128
220,3.926685333251953,1.9553256034851074,0.39226704835891724,0.7905645966529846,0.7885281443595886,89.66207759699626,83.70463078848562,86.34543178973718,80.01580238342285,84.93198563966047,833.7239425182343,3.62442684173584,0.5,0.005,128,lr_0.005_hc_128
221,3.912708282470703,1.96535325050354,0.3943031430244446,0.7963712215423584,0.7566807866096497,88.89862327909887,83.2415519399249,86.89612015018774,78.46513986587524,84.3753588087717,837.3868825435638,3.4954240322113037,0.5,0.005,128,lr_0.005_hc_128
222,3.9487218856811523,1.98391854763031,0.40689387917518616,0.78397136926651,0.7739381790161133,88.52315394242804,83.81727158948686,85.819774718398,79.02107238769531,84.29531815950206,840.9938278198242,3.439065456390381,0.5,0.005,128,lr_0.005_hc_128
223,3.963029384613037,2.0067198276519775,0.4108830988407135,0.7883747816085815,0.7570513486862183,89.0488110137672,83.57947434292866,86.0575719649562,78.18071842193604,84.21664393589703,844.6971905231476,3.5347108840942383,0.5,0.005,128,lr_0.005_hc_128
224,3.875199317932129,1.9958059787750244,0.3974766731262207,0.7755565643310547,0.7063600420951843,89.67459324155193,84.01752190237796,87.37171464330413,79.38257455825806,85.11160108637303,848.4522390365601,3.5973920822143555,0.5,0.005,128,lr_0.005_hc_128
225,3.9878039360046387,2.031061887741089,0.3802999258041382,0.8066648840904236,0.7697773575782776,89.18648310387985,83.52941176470588,86.19524405506883,79.43395376205444,84.58627317142725,852.342746257782,3.7131824493408203,0.5,0.005,128,lr_0.005_hc_128
226,3.8769750595092773,1.9617918729782104,0.3877356946468353,0.7855221033096313,0.7419252991676331,89.68710888610764,83.42928660826033,86.53316645807259,80.86618781089783,85.12893744083459,856.0762915611267,3.5841262340545654,0.5,0.005,128,lr_0.005_hc_128
227,3.8809545040130615,1.9273476600646973,0.4089049696922302,0.7602685689926147,0.7844330668449402,89.13642052565707,84.01752190237796,86.23279098873591,79.80461120605469,84.7978361557064,859.7018938064575,3.445577383041382,0.5,0.005,128,lr_0.005_hc_128
228,3.9202818870544434,1.9805927276611328,0.40233340859413147,0.7677859663963318,0.7695695757865906,89.38673341677095,83.97997496871089,86.33291614518149,79.90370392799377,84.90083211466428,863.7959413528442,3.927060604095459,0.5,0.005,128,lr_0.005_hc_128
229,3.8888585567474365,2.0187289714813232,0.38804492354393005,0.7813929319381714,0.7006919980049133,89.36170212765957,83.76720901126407,87.1964956195244,80.22686243057251,85.13806729725513,867.3383610248566,3.3532516956329346,0.5,0.005,128,lr_0.005_hc_128
230,3.9212021827697754,1.9545499086380005,0.39357274770736694,0.8216372132301331,0.7514423131942749,89.0613266583229,83.12891113892366,87.28410513141426,78.86691093444824,84.58531346577726,871.2928767204285,3.7866697311401367,0.5,0.005,128,lr_0.005_hc_128
231,3.9580345153808594,2.0767016410827637,0.3930564820766449,0.7787317037582397,0.7095446586608887,89.49937421777221,83.92991239048811,87.53441802252816,78.41161489486694,84.84382988141385,874.9690170288086,3.507887601852417,0.5,0.005,128,lr_0.005_hc_128
232,3.9188971519470215,1.9863542318344116,0.40417423844337463,0.7814281582832336,0.7469406127929688,89.3241551939925,84.24280350438048,87.2090112640801,78.96308302879333,84.9347632478116,878.7880792617798,3.661684513092041,0.5,0.005,128,lr_0.005_hc_128
233,3.829340934753418,1.976675271987915,0.38744282722473145,0.7986682057380676,0.6665546894073486,89.5118898623279,83.89236545682103,87.38423028785982,79.77423667907715,85.14068057152147,882.4114453792572,3.440812587738037,0.5,0.005,128,lr_0.005_hc_128
234,3.933446168899536,2.034073829650879,0.38310444355010986,0.7722920775413513,0.7439759373664856,89.36170212765957,83.89236545682103,86.88360450563204,78.43945026397705,84.64428058852242,885.9456150531769,3.376033067703247,0.5,0.005,128,lr_0.005_hc_128
235,3.8393921852111816,1.9980332851409912,0.38234400749206543,0.7738898396492004,0.6851250529289246,89.2740926157697,84.03003754693367,87.07133917396746,79.4265627861023,84.95050803069329,889.5326697826385,3.412907123565674,0.5,0.005,128,lr_0.005_hc_128
236,3.85733962059021,1.9831657409667969,0.3841750919818878,0.7492623329162598,0.7407365441322327,89.7622027534418,84.24280350438048,86.72090112640801,78.97887229919434,84.92619492085616,893.1093876361847,3.4253170490264893,0.5,0.005,128,lr_0.005_hc_128
237,3.7547719478607178,1.8663489818572998,0.39212924242019653,0.7891136407852173,0.7071803212165833,89.11138923654568,84.54317897371715,86.99624530663328,80.51479458808899,85.29140202624627,896.7198276519775,3.451476812362671,0.5,0.005,128,lr_0.005_hc_128
238,3.8034675121307373,1.9005935192108154,0.4020434617996216,0.7524105310440063,0.748420000076294,89.3241551939925,84.49311639549437,87.2340425531915,79.68393564224243,85.1838124462302,900.730516910553,3.853304624557495,0.5,0.005,128,lr_0.005_hc_128
239,3.7487740516662598,1.8551517724990845,0.3914901912212372,0.7856966853141785,0.7164354920387268,89.39924906132666,83.96745932415519,87.02127659574468,80.6378722190857,85.25646430007805,904.2811560630798,3.3926496505737305,0.5,0.005,128,lr_0.005_hc_128
240,3.7257585525512695,1.8346203565597534,0.39760127663612366,0.7625014781951904,0.7310353517532349,89.34918648310388,84.50563204005006,87.24655819774718,81.84497356414795,85.73658757126226,907.8447406291962,3.4055144786834717,0.5,0.005,128,lr_0.005_hc_128
241,3.643247127532959,1.810849905014038,0.3831956386566162,0.743389904499054,0.7058117389678955,89.59949937421777,84.53066332916144,86.87108886107634,80.52389025688171,85.38128545533432,911.5350432395935,3.5322232246398926,0.5,0.005,128,lr_0.005_hc_128
242,3.776017665863037,1.9070303440093994,0.4095088243484497,0.7638023495674133,0.6956760883331299,89.26157697121401,84.26783479349187,87.33416770963704,80.25964498519897,85.28080611488548,915.1007354259491,3.4074203968048096,0.5,0.005,128,lr_0.005_hc_128
243,3.718435764312744,1.8444476127624512,0.3755374550819397,0.8099099397659302,0.688541054725647,89.43679599499374,83.76720901126407,87.88485607008761,80.45954704284668,85.38710202979803,918.7272980213165,3.454084873199463,0.5,0.005,128,lr_0.005_hc_128
244,3.7320685386657715,1.8691686391830444,0.3727554976940155,0.7671001553535461,0.7230444550514221,89.7747183979975,83.9424280350438,87.44680851063829,80.4523229598999,85.40406947589487,922.281133890152,3.3953936100006104,0.5,0.005,128,lr_0.005_hc_128
245,3.7761294841766357,1.9096760749816895,0.3853905200958252,0.7683054208755493,0.7127573490142822,89.3241551939925,84.11764705882354,87.39674593241553,79.2944610118866,85.03325229927954,926.0831663608551,3.6293113231658936,0.5,0.005,128,lr_0.005_hc_128
246,3.7011539936065674,1.851327657699585,0.3916948735713959,0.733422577381134,0.7247090935707092,88.79849812265331,84.71839799749688,87.30913642052566,80.39429187774658,85.3050811046056,929.7251915931702,3.4846904277801514,0.5,0.005,128,lr_0.005_hc_128
247,3.6770758628845215,1.8461120128631592,0.37391892075538635,0.7399957776069641,0.7170491218566895,89.36170212765957,83.97997496871089,87.04630788485606,79.54955697059631,84.9843854879557,933.2160575389862,3.3328158855438232,0.5,0.005,128,lr_0.005_hc_128
248,3.671969413757324,1.8405532836914062,0.3822397291660309,0.7375854849815369,0.7115907669067383,89.48685857321652,84.55569461827284,87.17146433041302,78.85229587554932,85.01657834936293,936.7804262638092,3.4052462577819824,0.5,0.005,128,lr_0.005_hc_128
249,3.7177703380584717,1.8712239265441895,0.3681982755661011,0.767501711845398,0.7108461260795593,89.7747183979975,83.91739674593242,87.44680851063829,80.03947734832764,85.29460025072396,940.3132538795471,3.37528133392334,0.5,0.005,128,lr_0.005_hc_128
250,3.6478779315948486,1.7671955823898315,0.3897276222705841,0.7579010725021362,0.7330535054206848,89.79974968710889,84.83103879849813,87.39674593241553,81.1093807220459,85.7842287850171,943.8324210643768,3.3421411514282227,0.5,0.005,128,lr_0.005_hc_128
251,3.647933006286621,1.778160572052002,0.37054651975631714,0.7615165710449219,0.7377091646194458,89.7872340425532,84.14267834793492,87.34668335419275,80.20642399787903,85.37075493563997,947.3653254508972,3.3747942447662354,0.5,0.005,128,lr_0.005_hc_128
252,3.702655792236328,1.913437008857727,0.3709428608417511,0.7542532086372375,0.6640226244926453,89.7622027534418,84.33041301627033,87.88485607008761,79.57341074943542,85.3877206473088,950.9625570774078,3.4394710063934326,0.5,0.005,128,lr_0.005_hc_128
253,3.6357641220092773,1.8331551551818848,0.35470765829086304,0.7789142727851868,0.6689870953559875,90.08760951188987,83.91739674593242,88.3729662077597,79.571533203125,85.48737641717675,954.6857316493988,3.5654098987579346,0.5,0.005,128,lr_0.005_hc_128
254,3.686229705810547,1.8596199750900269,0.3857218623161316,0.7714678049087524,0.6694203019142151,89.46182728410513,83.96745932415519,87.909887359199,79.39176559448242,85.18273489048545,958.2490918636322,3.391439437866211,0.5,0.005,128,lr_0.005_hc_128
255,3.6993486881256104,1.8727366924285889,0.3837190568447113,0.7778631448745728,0.665029764175415,89.47434292866082,84.01752190237796,87.83479349186483,79.71653938293457,85.26079942645954,961.8231341838837,3.4166808128356934,0.5,0.005,128,lr_0.005_hc_128
256,3.639436721801758,1.8411827087402344,0.3724075257778168,0.7645090818405151,0.6613373160362244,89.68710888610764,83.76720901126407,88.17271589486857,79.80535626411438,85.35809751408867,965.4103047847748,3.428621530532837,0.5,0.005,128,lr_0.005_hc_128
257,3.714280843734741,1.8787823915481567,0.378493994474411,0.7548089623451233,0.7021955847740173,89.81226533166458,84.71839799749688,88.06007509386733,78.82108688354492,85.35295632664342,969.0847935676575,3.504624128341675,0.5,0.005,128,lr_0.005_hc_128
258,3.6793224811553955,1.862884521484375,0.3775023818016052,0.7649003267288208,0.674035370349884,89.39924906132666,84.1927409261577,87.78473091364205,80.64311742782593,85.50495958223809,972.6584475040436,3.4242961406707764,0.5,0.005,128,lr_0.005_hc_128
259,3.6557729244232178,1.8502086400985718,0.3680868446826935,0.7518342733383179,0.6856428980827332,89.94993742177722,84.35544430538174,87.70963704630789,80.21745681762695,85.55811889777345,976.2554354667664,3.4396376609802246,0.5,0.005,128,lr_0.005_hc_128
260,3.70880126953125,1.9522875547409058,0.38754743337631226,0.7269906997680664,0.6419756412506104,89.89987484355444,84.75594493116395,88.23529411764706,78.60450744628906,85.37390533466362,979.8521595001221,3.4226651191711426,0.5,0.005,128,lr_0.005_hc_128
261,3.656006336212158,1.8581860065460205,0.3910429775714874,0.7508974671363831,0.6558799743652344,89.98748435544431,84.00500625782227,88.48560700876095,81.23499155044556,85.92827229311827,983.3859519958496,3.3759491443634033,0.5,0.005,128,lr_0.005_hc_128
262,3.6733713150024414,1.8463455438613892,0.37135520577430725,0.7632723450660706,0.6923983097076416,89.98748435544431,84.31789737171465,88.03504380475594,79.6137273311615,85.4885382157691,986.9763584136963,3.4322283267974854,0.5,0.005,128,lr_0.005_hc_128
263,3.662877321243286,1.8724803924560547,0.3610273599624634,0.7408482432365417,0.6885213851928711,90.16270337922403,84.55569461827284,88.33541927409262,80.34268617630005,85.84912586197238,990.6102268695831,3.4757211208343506,0.5,0.005,128,lr_0.005_hc_128
264,3.662928581237793,1.889510154724121,0.36233627796173096,0.743310809135437,0.6677714586257935,89.93742177722153,84.48060075093868,88.07259073842303,79.73860502243042,85.55730457225341,994.2874493598938,3.5189082622528076,0.5,0.005,128,lr_0.005_hc_128
265,3.6415300369262695,1.8346822261810303,0.35727837681770325,0.7617599964141846,0.687809407711029,90.2127659574468,84.46808510638299,88.12265331664581,80.74156641960144,85.88626770001926,997.9496309757233,3.503901958465576,0.5,0.005,128,lr_0.005_hc_128
266,3.6391055583953857,1.858908772468567,0.3647127151489258,0.7563837766647339,0.6591002345085144,90.13767209011264,84.05506883604505,88.27284105131415,80.28901815414429,85.68865003290404,1001.4859201908112,3.3668224811553955,0.5,0.005,128,lr_0.005_hc_128
267,3.6290454864501953,1.8309657573699951,0.3705200254917145,0.7589406967163086,0.6686190366744995,90.01251564455569,84.60575719649562,87.69712140175218,80.9293806552887,85.81119372452305,1005.05175614357,3.4122424125671387,0.5,0.005,128,lr_0.005_hc_128
268,3.5389702320098877,1.801876187324524,0.3492511808872223,0.7136387228965759,0.6742041110992432,90.71339173967459,84.8685857321652,88.41051314142678,80.70558309555054,86.17451842720428,1008.7856132984161,3.5654263496398926,0.5,0.005,128,lr_0.005_hc_128
269,3.616863489151001,1.8746349811553955,0.37583568692207336,0.7223095893859863,0.6440832614898682,90.16270337922403,85.31914893617021,87.69712140175218,79.91101741790771,85.77249778376354,1012.4292163848877,3.483334541320801,0.5,0.005,128,lr_0.005_hc_128
270,3.6854546070098877,1.9009662866592407,0.38872039318084717,0.7364042401313782,0.6593636870384216,89.7872340425532,84.59324155193993,88.11013767209012,79.6651542186737,85.53894187131424,1016.0581414699554,3.4708943367004395,0.5,0.005,128,lr_0.005_hc_128
271,3.5913174152374268,1.8718005418777466,0.37464335560798645,0.7358843684196472,0.6089890599250793,89.93742177722153,84.48060075093868,88.78598247809762,80.21736145019531,85.85534161411329,1019.6240501403809,3.4082815647125244,0.5,0.005,128,lr_0.005_hc_128
272,3.6034727096557617,1.8836617469787598,0.36903634667396545,0.7264504432678223,0.6243239641189575,90.05006257822278,84.4180225281602,88.92365456821027,80.53174018859863,85.98086996579796,1023.2211632728577,3.4389798641204834,0.5,0.005,128,lr_0.005_hc_128
273,3.5332040786743164,1.7977524995803833,0.37502363324165344,0.7405366897583008,0.6198910474777222,89.89987484355444,84.4180225281602,88.68585732165207,81.22868537902832,86.05811001809876,1026.7631735801697,3.3673105239868164,0.5,0.005,128,lr_0.005_hc_128
274,3.5249826908111572,1.7994155883789062,0.35792088508605957,0.7223676443099976,0.6452787518501282,89.87484355444305,84.66833541927409,88.54818523153942,79.4743537902832,85.64142949888493,1030.6202619075775,3.6990437507629395,0.5,0.005,128,lr_0.005_hc_128
275,3.60456919670105,1.8561458587646484,0.372538685798645,0.7347943186759949,0.6410903930664062,89.91239048811013,84.56821026282853,88.24780976220275,79.85595464706421,85.6460912900514,1034.188526391983,3.393890857696533,0.5,0.005,128,lr_0.005_hc_128
276,3.613793134689331,1.8610478639602661,0.37306585907936096,0.7188136577606201,0.660865843296051,89.83729662077597,84.8936170212766,88.49812265331664,78.79906892776489,85.50702630578353,1037.8782722949982,3.531649589538574,0.5,0.005,128,lr_0.005_hc_128
277,3.666184902191162,1.8926811218261719,0.3576609790325165,0.7421761155128479,0.673666775226593,90.33792240300376,84.70588235294117,88.39799749687108,79.36790585517883,85.7024270269987,1041.6653354167938,3.628791093826294,0.5,0.005,128,lr_0.005_hc_128
278,3.63930344581604,1.785444974899292,0.38927900791168213,0.7494897842407227,0.7150895595550537,90.0,84.29286608260325,87.85982478097623,80.06885051727295,85.55538534521311,1045.353581905365,3.5305163860321045,0.5,0.005,128,lr_0.005_hc_128
279,3.5955045223236084,1.8259130716323853,0.3717464506626129,0.7383066415786743,0.6595385074615479,90.22528160200251,84.84355444305382,88.3479349186483,80.8413565158844,86.06453186989725,1049.029662847519,3.5213468074798584,0.5,0.005,128,lr_0.005_hc_128
280,3.607830047607422,1.8366189002990723,0.37061601877212524,0.7281215190887451,0.6724736094474792,90.10012515644556,84.74342928660826,88.36045056320401,79.94038462638855,85.7860974081616,1052.609726190567,3.4217100143432617,0.5,0.005,128,lr_0.005_hc_128
281,3.6122758388519287,1.8429827690124512,0.36686137318611145,0.7158510684967041,0.6865805983543396,89.7872340425532,85.23153942428036,87.8973717146433,80.29637336730957,85.8031296371966,1056.2388553619385,3.4709489345550537,0.5,0.005,128,lr_0.005_hc_128
282,3.6142258644104004,1.8383971452713013,0.34169360995292664,0.7245060205459595,0.7096291780471802,90.55068836045056,84.85607008760951,87.459324155194,80.53572177886963,85.85045109553093,1059.8537695407867,3.4549927711486816,0.5,0.005,128,lr_0.005_hc_128
283,3.5723156929016113,1.812243103981018,0.3621380627155304,0.7462818622589111,0.651652455329895,90.22528160200251,84.94367959949938,88.44806007509388,79.39176559448242,85.75219671776955,1063.4345848560333,3.4228410720825195,0.5,0.005,128,lr_0.005_hc_128
284,3.680246591567993,1.8967143297195435,0.36302095651626587,0.752130389213562,0.6683809757232666,89.94993742177722,84.71839799749688,88.3854818523154,79.4284462928772,85.62056589111667,1067.018624305725,3.426541566848755,0.5,0.005,128,lr_0.005_hc_128
285,3.5368006229400635,1.82276451587677,0.34879064559936523,0.728344738483429,0.6369009017944336,90.22528160200251,85.06883604505632,88.3854818523154,80.92202544212341,86.1504062353744,1070.6140179634094,3.437204360961914,0.5,0.005,128,lr_0.005_hc_128
286,3.609044075012207,1.8934581279754639,0.3663862943649292,0.7396810054779053,0.6095188856124878,89.73717146433042,85.06883604505632,88.87359198998749,79.92020845413208,85.89995198837657,1074.2586829662323,3.4746689796447754,0.5,0.005,128,lr_0.005_hc_128
287,3.562544822692871,1.818987488746643,0.3529881536960602,0.7598952651023865,0.6306739449501038,90.37546933667085,84.80600750938675,88.66082603254067,80.93634247779846,86.19466133909917,1077.8859045505524,3.4721038341522217,0.5,0.005,128,lr_0.005_hc_128
288,3.6368446350097656,1.9197436571121216,0.36011365056037903,0.7277167439460754,0.6292705535888672,89.87484355444305,84.61827284105131,88.24780976220275,81.42569661140442,86.04165569227538,1081.4503304958344,3.4070217609405518,0.5,0.005,128,lr_0.005_hc_128
289,3.6377172470092773,1.860873818397522,0.3802803158760071,0.7360032200813293,0.6605600118637085,89.93742177722153,84.94367959949938,88.11013767209012,79.96244430541992,85.73842083855774,1085.0173251628876,3.393106460571289,0.5,0.005,128,lr_0.005_hc_128
290,3.5065715312957764,1.7796686887741089,0.3454892635345459,0.7605066299438477,0.6209070682525635,90.32540675844805,84.46808510638299,88.92365456821027,80.68907856941223,86.10155625061338,1088.5854141712189,3.409468650817871,0.5,0.005,128,lr_0.005_hc_128
291,3.676166534423828,1.9704233407974243,0.36175355315208435,0.7301947474479675,0.6137948036193848,90.32540675844805,84.70588235294117,89.0738423028786,79.95404005050659,86.0147928661936,1092.164378643036,3.420938014984131,0.5,0.005,128,lr_0.005_hc_128
292,3.600780487060547,1.878462791442871,0.3717593550682068,0.7458902597427368,0.6046682000160217,89.81226533166458,84.61827284105131,88.94868585732165,80.37161231040955,85.93770908511178,1095.7770380973816,3.4547300338745117,0.5,0.005,128,lr_0.005_hc_128
293,3.675359010696411,1.92378830909729,0.365874320268631,0.7509838342666626,0.6347125172615051,90.2503128911139,84.71839799749688,88.3479349186483,80.56564927101135,85.97057376956761,1099.4236688613892,3.4886882305145264,0.5,0.005,128,lr_0.005_hc_128
294,3.491312026977539,1.825422763824463,0.35970252752304077,0.7261885404586792,0.5799979567527771,90.60075093867334,85.21902377972465,89.0863579474343,81.13157153129578,86.50942604928203,1102.9397885799408,3.3586649894714355,0.5,0.005,128,lr_0.005_hc_128
295,3.529419422149658,1.8042982816696167,0.35637930035591125,0.7341330647468567,0.6346087455749512,89.96245306633291,84.71839799749688,88.66082603254067,79.86632585525513,85.8020007379064,1106.5684940814972,3.4712345600128174,0.5,0.005,128,lr_0.005_hc_128
296,3.6494274139404297,1.8708781003952026,0.3417118191719055,0.72690349817276,0.7099341154098511,90.82603254067585,84.63078848560701,88.17271589486857,79.78994250297546,85.85486985603173,1110.1686477661133,3.4421894550323486,0.5,0.005,128,lr_0.005_hc_128
297,3.6000654697418213,1.908478021621704,0.3422316908836365,0.7062443494796753,0.6431114673614502,90.82603254067585,84.93116395494368,88.54818523153942,79.77165579795837,86.01925938127934,1113.764194726944,3.437781810760498,0.5,0.005,128,lr_0.005_hc_128
298,3.5704915523529053,1.8162987232208252,0.35385662317276,0.7304572463035583,0.6698790192604065,90.10012515644556,85.15644555694618,88.39799749687108,81.0027003288269,86.16431713477243,1117.3759710788727,3.445866823196411,0.5,0.005,128,lr_0.005_hc_128
299,3.6015279293060303,1.8665839433670044,0.343803346157074,0.7522626519203186,0.6388780474662781,90.41301627033792,84.93116395494368,88.76095118898624,80.08902668952942,86.04853952594931,1121.0668606758118,3.517951488494873,0.5,0.005,128,lr_0.005_hc_128
300,3.627228260040283,1.8543742895126343,0.34388700127601624,0.7405256032943726,0.6884412169456482,90.72590738423028,84.94367959949938,88.31038798498123,80.38259744644165,86.09064310378814,1124.6252844333649,3.399655818939209,0.5,0.005,128,lr_0.005_hc_128
301,3.491361141204834,1.7917038202285767,0.35396918654441833,0.7368304133415222,0.6088576912879944,89.89987484355444,84.85607008760951,88.76095118898624,81.25966787338257,86.19414099838319,1128.3268914222717,3.533494234085083,0.5,0.005,128,lr_0.005_hc_128
302,3.5607385635375977,1.8636305332183838,0.34579914808273315,0.7225002646446228,0.6288084387779236,90.7008760951189,84.95619524405507,88.58573216520651,80.74703216552734,86.24745891747696,1131.7972066402435,3.3284852504730225,0.5,0.005,128,lr_0.005_hc_128
303,3.5995867252349854,1.8750498294830322,0.3549550175666809,0.7282828092575073,0.6412990093231201,90.63829787234042,85.16896120150189,88.78598247809762,80.15512228012085,86.18709095801519,1135.4106175899506,3.4556360244750977,0.5,0.005,128,lr_0.005_hc_128
304,3.5347580909729004,1.8112778663635254,0.36566677689552307,0.7175219058990479,0.6402913331985474,90.01251564455569,85.1188986232791,88.42302878598248,80.82853555679321,86.09574465265261,1138.992859840393,3.4246740341186523,0.5,0.005,128,lr_0.005_hc_128
305,3.6107871532440186,1.875201940536499,0.36942097544670105,0.7381284832954407,0.6280357837677002,90.32540675844805,84.71839799749688,89.28660826032541,80.46699166297913,86.19935116981236,1142.6373991966248,3.4853904247283936,0.5,0.005,128,lr_0.005_hc_128
306,3.5577921867370605,1.8587186336517334,0.35156890749931335,0.7325015068054199,0.615003228187561,90.15018773466834,84.80600750938675,88.76095118898624,80.18444776535034,85.97539854959791,1146.204630613327,3.408991813659668,0.5,0.005,128,lr_0.005_hc_128
307,3.576845645904541,1.8794009685516357,0.36583417654037476,0.7075135707855225,0.6240967512130737,89.94993742177722,84.96871088861077,88.67334167709637,79.34589385986328,85.7344709618369,1149.8995356559753,3.5362727642059326,0.5,0.005,128,lr_0.005_hc_128
308,3.512590169906616,1.832840085029602,0.33895230293273926,0.7284238338470459,0.6123737692832947,90.56320400500626,84.58072590738423,88.81101376720902,80.54958581924438,86.12613237471098,1153.4156923294067,3.358807325363159,0.5,0.005,128,lr_0.005_hc_128
309,3.503403663635254,1.82077956199646,0.36458149552345276,0.7154150009155273,0.6026275157928467,89.92490613266582,85.08135168961202,89.0738423028786,80.36242127418518,86.1106303498354,1157.0739583969116,3.5002925395965576,0.5,0.005,128,lr_0.005_hc_128
310,3.6114277839660645,1.8637038469314575,0.3585051894187927,0.7279507517814636,0.6612679958343506,89.7747183979975,84.83103879849813,88.5982478097622,79.02846932411194,85.55811858259244,1160.6435914039612,3.3991026878356934,0.5,0.005,128,lr_0.005_hc_128
311,3.555311918258667,1.828635811805725,0.3486858606338501,0.7382799983024597,0.6397102475166321,90.28785982478098,84.76846057571964,88.88610763454318,80.53303956985474,86.11886690122464,1164.2665195465088,3.456146478652954,0.5,0.005,128,lr_0.005_hc_128
312,3.6312124729156494,1.910903811454773,0.337388277053833,0.7230132222175598,0.6599072813987732,90.85106382978724,84.68085106382979,88.57321652065082,78.81933450698853,85.73111648031409,1167.8872466087341,3.4780867099761963,0.5,0.005,128,lr_0.005_hc_128
313,3.635974884033203,1.8668702840805054,0.35610008239746094,0.7054100632667542,0.7075945138931274,90.4630788485607,85.23153942428036,88.18523153942428,80.10181188583374,85.99541542452477,1171.369770526886,3.324502944946289,0.5,0.005,128,lr_0.005_hc_128
314,3.5763962268829346,1.842234492301941,0.3603280782699585,0.6979901194572449,0.6758435368537903,90.38798498122654,85.49436795994994,88.6232790988736,79.72017526626587,86.05645182657898,1175.124145269394,3.595942974090576,0.5,0.005,128,lr_0.005_hc_128
315,3.54555344581604,1.820229172706604,0.34338462352752686,0.7059497237205505,0.6759899258613586,90.82603254067585,85.09386733416771,88.3854818523154,79.9459457397461,86.06283186672627,1178.7355279922485,3.4536948204040527,0.5,0.005,128,lr_0.005_hc_128
316,3.5800552368164062,1.8972285985946655,0.3599298596382141,0.6952744722366333,0.6276222467422485,90.37546933667085,85.43178973717146,88.8360450563204,79.09998893737793,85.93582326688517,1182.2999386787415,3.4066660404205322,0.5,0.005,128,lr_0.005_hc_128
317,3.5328009128570557,1.8370903730392456,0.3579796254634857,0.7025368213653564,0.6351941227912903,90.07509386733416,85.1314142678348,88.8235294117647,79.12384271621704,85.78847006578766,1186.081481218338,3.6230247020721436,0.5,0.005,128,lr_0.005_hc_128
318,3.5392229557037354,1.8437550067901611,0.3486696779727936,0.7306618094444275,0.6161362528800964,90.22528160200251,84.68085106382979,89.02377972465581,80.33773899078369,86.06691284531794,1189.6218848228455,3.380005359649658,0.5,0.005,128,lr_0.005_hc_128
319,3.550370216369629,1.8698523044586182,0.35870736837387085,0.7271464467048645,0.5946639776229858,90.0,84.29286608260325,89.43679599499374,80.09629249572754,85.95648864333114,1193.1861369609833,3.4106900691986084,0.5,0.005,128,lr_0.005_hc_128
320,3.50362491607666,1.7852190732955933,0.3680599331855774,0.7261664271354675,0.6241792440414429,89.84981226533166,85.18147684605756,89.0738423028786,80.07065057754517,86.04394549795325,1196.8477861881256,3.5038561820983887,0.5,0.005,128,lr_0.005_hc_128
321,3.543726682662964,1.8662338256835938,0.37307557463645935,0.7029190063476562,0.6014984250068665,90.08760951188987,85.15644555694618,89.23654568210263,81.0403823852539,86.38024578404814,1200.4279336929321,3.4229986667633057,0.5,0.005,128,lr_0.005_hc_128
322,3.454359531402588,1.7756623029708862,0.35817667841911316,0.7131025195121765,0.6074179410934448,90.07509386733416,84.83103879849813,89.09887359198999,80.64032196998596,86.16133205695206,1204.374630689621,3.7898221015930176,0.5,0.005,128,lr_0.005_hc_128
323,3.4357144832611084,1.7738285064697266,0.35611188411712646,0.6914061903953552,0.614367663860321,90.37546933667085,85.41927409261577,89.26157697121401,80.92023134231567,86.49413793570409,1207.9856569766998,3.4629428386688232,0.5,0.005,128,lr_0.005_hc_128
324,3.5403711795806885,1.8689063787460327,0.34716561436653137,0.7095606327056885,0.6147385239601135,90.4380475594493,85.18147684605756,89.0738423028786,79.66152429580688,86.08872275104808,1211.644126176834,3.4939284324645996,0.5,0.005,128,lr_0.005_hc_128
325,3.4838709831237793,1.800450086593628,0.3645380735397339,0.721863329410553,0.5970197319984436,90.11264080100125,84.76846057571964,89.68710888610764,81.66914582252502,86.55933902133839,1215.1577785015106,3.3346962928771973,0.5,0.005,128,lr_0.005_hc_128
326,3.4488747119903564,1.7765541076660156,0.3516765534877777,0.6991595029830933,0.6214844584465027,90.0,85.46933667083854,89.26157697121401,82.23216533660889,86.74076974466536,1218.7391254901886,3.423548698425293,0.5,0.005,128,lr_0.005_hc_128
327,3.4228458404541016,1.7144936323165894,0.3564073145389557,0.7176622748374939,0.6342824697494507,90.22528160200251,84.80600750938675,88.76095118898624,81.34769797325134,86.28498456840671,1222.3391661643982,3.4419455528259277,0.5,0.005,128,lr_0.005_hc_128
328,3.499337673187256,1.8415392637252808,0.3657011389732361,0.7063195109367371,0.5857778191566467,90.11264080100125,84.99374217772215,89.24906132665832,81.58628940582275,86.48543342780111,1226.0870614051819,3.575930595397949,0.5,0.005,128,lr_0.005_hc_128
329,3.475717544555664,1.7623913288116455,0.35042616724967957,0.7314551472663879,0.6314449310302734,90.7008760951189,85.40675844806007,88.73591989987484,80.60827851295471,86.36295823900213,1229.6218600273132,3.373347043991089,0.5,0.005,128,lr_0.005_hc_128
330,3.3978495597839355,1.746610164642334,0.35050293803215027,0.7027069926261902,0.5980294346809387,90.4380475594493,85.09386733416771,89.48685857321652,81.44031763076782,86.61477277440034,1233.2155759334564,3.4140584468841553,0.5,0.005,128,lr_0.005_hc_128
331,3.4402806758880615,1.7713704109191895,0.32660171389579773,0.7262945771217346,0.6160140037536621,90.66332916145181,85.01877346683354,88.47309136420526,80.33305406570435,86.12206201454875,1236.819399356842,3.4466617107391357,0.5,0.005,128,lr_0.005_hc_128
332,3.493513584136963,1.8192113637924194,0.36078447103500366,0.7078801989555359,0.6056374907493591,90.31289111389236,85.3566958698373,89.33667083854819,79.65964078903198,86.16647465282745,1240.5330493450165,3.540818929672241,0.5,0.005,128,lr_0.005_hc_128
333,3.406870126724243,1.7439296245574951,0.35965004563331604,0.7096993923187256,0.5935909152030945,89.91239048811013,85.20650813516896,89.3241551939925,81.11523389816284,86.38957192885862,1244.2274825572968,3.521353244781494,0.5,0.005,128,lr_0.005_hc_128
334,3.454735040664673,1.7232242822647095,0.3597777783870697,0.7160553336143494,0.6556775569915771,90.31289111389236,84.96871088861077,88.47309136420526,80.81015348434448,86.14121171276322,1248.071697473526,3.686074733734131,0.5,0.005,128,lr_0.005_hc_128
335,3.472599983215332,1.8023874759674072,0.35180410742759705,0.6956998705863953,0.6227086782455444,90.61326658322903,85.51939924906132,89.34918648310388,80.6706964969635,86.53813720308943,1251.58957529068,3.3607194423675537,0.5,0.005,128,lr_0.005_hc_128
336,3.4565792083740234,1.7949719429016113,0.33694881200790405,0.7184504866600037,0.6062079071998596,90.38798498122654,84.96871088861077,88.88610763454318,80.70160150527954,86.236101252415,1255.1945340633392,3.4327988624572754,0.5,0.005,128,lr_0.005_hc_128
337,3.4185149669647217,1.7651197910308838,0.3418845534324646,0.7228034734725952,0.5887071490287781,90.58823529411765,85.04380475594493,89.0863579474343,81.01381063461304,86.43305215802748,1258.761085510254,3.407498836517334,0.5,0.005,128,lr_0.005_hc_128
338,3.380311965942383,1.7186294794082642,0.329700231552124,0.7265172600746155,0.6054650545120239,90.85106382978724,85.24405506883605,88.98623279098874,81.54960870742798,86.65774009926,1262.3449025154114,3.416015148162842,0.5,0.005,128,lr_0.005_hc_128
339,3.458237648010254,1.806941032409668,0.32824787497520447,0.6905485987663269,0.6325000524520874,90.80100125156446,85.43178973717146,88.67334167709637,80.58074712753296,86.37171994834132,1265.9451866149902,3.4328179359436035,0.5,0.005,128,lr_0.005_hc_128
340,3.4603710174560547,1.8008700609207153,0.34031999111175537,0.6954800486564636,0.6237007975578308,90.6883604505632,85.20650813516896,88.86107634543178,79.71653938293457,86.11812107852464,1269.552357673645,3.4494612216949463,0.5,0.005,128,lr_0.005_hc_128
341,3.4589786529541016,1.8130674362182617,0.3347330391407013,0.6904484629631042,0.6207296252250671,91.31414267834793,85.43178973717146,89.21151439299125,81.41913414001465,86.84414523713131,1273.4372897148132,3.7275607585906982,0.5,0.005,128,lr_0.005_hc_128
342,3.3978617191314697,1.776473879814148,0.33281320333480835,0.6907485127449036,0.5978263020515442,90.81351689612015,85.45682102628285,89.0863579474343,80.01746535301208,86.34354030571234,1277.0302910804749,3.442009687423706,0.5,0.005,128,lr_0.005_hc_128
343,3.3718676567077637,1.745089054107666,0.32900136709213257,0.708534300327301,0.5892430543899536,91.00125156445557,85.38172715894868,88.91113892365456,80.6633472442627,86.48936622283038,1280.6945531368256,3.508246421813965,0.5,0.005,128,lr_0.005_hc_128
344,3.393821954727173,1.753728985786438,0.3402523100376129,0.7252066135406494,0.5746341347694397,90.71339173967459,84.99374217772215,89.66207759699626,81.46412968635559,86.70833530018714,1284.418215751648,3.565859079360962,0.5,0.005,128,lr_0.005_hc_128
345,3.37982177734375,1.7354485988616943,0.35510602593421936,0.7024298906326294,0.5868372917175293,89.63704630788486,85.28160200250313,89.83729662077597,81.70294761657715,86.61472313693528,1288.0661284923553,3.4910309314727783,0.5,0.005,128,lr_0.005_hc_128
346,3.451035976409912,1.8037419319152832,0.34570419788360596,0.7259407043457031,0.5756491422653198,91.02628285356695,84.83103879849813,89.59949937421777,80.4985523223877,86.48884333716764,1291.6641237735748,3.439732074737549,0.5,0.005,128,lr_0.005_hc_128
347,3.3693132400512695,1.7417774200439453,0.35441142320632935,0.6970376968383789,0.5760867595672607,89.67459324155193,85.45682102628285,89.64956195244055,81.998610496521,86.69489667919909,1295.2372415065765,3.412001371383667,0.5,0.005,128,lr_0.005_hc_128
348,3.4999308586120605,1.8333122730255127,0.35896095633506775,0.7081518173217773,0.5995059609413147,90.47559449311639,85.43178973717146,89.24906132665832,80.82476854324341,86.49530352504739,1298.812341928482,3.4249086380004883,0.5,0.005,128,lr_0.005_hc_128
349,3.4307188987731934,1.7803038358688354,0.3482070863246918,0.7061717510223389,0.5960361361503601,90.85106382978724,85.29411764705883,89.13642052565707,81.61771297454834,86.72482874426287,1302.4271779060364,3.4544641971588135,0.5,0.005,128,lr_0.005_hc_128
350,3.430676221847534,1.7712962627410889,0.3616095781326294,0.7160261273384094,0.5817442536354065,90.35043804755945,85.44430538172716,89.62453066332915,81.48672580718994,86.72649997495144,1305.9922630786896,3.4066126346588135,0.5,0.005,128,lr_0.005_hc_128
351,3.4385626316070557,1.735142707824707,0.3622261881828308,0.7119001150131226,0.62929368019104,90.2127659574468,85.30663329161452,88.5982478097622,80.34228086471558,86.11498198088478,1309.5720527172089,3.4358577728271484,0.5,0.005,128,lr_0.005_hc_128
352,3.4672341346740723,1.7817354202270508,0.36990851163864136,0.7238444089889526,0.5917458534240723,90.37546933667085,85.24405506883605,89.33667083854819,79.59175109863281,86.13698658567198,1313.1894674301147,3.4485726356506348,0.5,0.005,128,lr_0.005_hc_128
353,3.4266226291656494,1.7957268953323364,0.3488527536392212,0.6793416738510132,0.6027013659477234,90.61326658322903,85.38172715894868,89.03629536921152,82.54040479660034,86.8929234769974,1316.8513770103455,3.504438638687134,0.5,0.005,128,lr_0.005_hc_128
354,3.4093425273895264,1.7543543577194214,0.35881146788597107,0.7001150846481323,0.5960614085197449,90.56320400500626,85.39424280350438,89.12390488110138,79.31468486785889,86.09900913936772,1320.3469598293304,3.337916851043701,0.5,0.005,128,lr_0.005_hc_128
355,3.4154765605926514,1.7806316614151,0.3377196788787842,0.6953406929969788,0.6017845273017883,90.63829787234042,85.61952440550688,89.18648310387985,81.67067766189575,86.77874576090574,1323.9511828422546,3.445690631866455,0.5,0.005,128,lr_0.005_hc_128
356,3.392268657684326,1.775123119354248,0.3236096501350403,0.6864017844200134,0.607134222984314,90.98873591989988,85.369211514393,89.0863579474343,80.43402433395386,86.46958242892026,1327.7061939239502,3.6117966175079346,0.5,0.005,128,lr_0.005_hc_128
357,3.457256555557251,1.8088879585266113,0.34023839235305786,0.7105873227119446,0.5975430011749268,90.62578222778474,85.21902377972465,88.93617021276596,80.20642399787903,86.2468500545386,1331.3100337982178,3.451011896133423,0.5,0.005,128,lr_0.005_hc_128
358,3.479480028152466,1.8060137033462524,0.3702332377433777,0.7043417096138,0.5988914370536804,90.05006257822278,85.33166458072591,89.64956195244055,80.95324039459229,86.49613237649538,1334.9587614536285,3.4701082706451416,0.5,0.005,128,lr_0.005_hc_128
359,3.386082887649536,1.7686208486557007,0.343809574842453,0.6992493271827698,0.5744032263755798,90.71339173967459,85.53191489361703,89.41176470588236,80.44681549072266,86.52597170747416,1338.5242204666138,3.4071898460388184,0.5,0.005,128,lr_0.005_hc_128
360,3.4027059078216553,1.7455939054489136,0.33716899156570435,0.7050295472145081,0.6149134039878845,90.90112640801001,85.30663329161452,88.52315394242804,80.77342510223389,86.37608468607162,1342.0738792419434,3.391777992248535,0.5,0.005,128,lr_0.005_hc_128
361,3.3588855266571045,1.722975492477417,0.3250271677970886,0.7018441557884216,0.6090386509895325,91.20150187734669,85.5444305381727,89.0488110137672,81.55444264411926,86.83729651835147,1345.656931400299,3.4250292778015137,0.5,0.005,128,lr_0.005_hc_128
362,3.42964506149292,1.758625864982605,0.31549158692359924,0.7166455388069153,0.6388821005821228,91.20150187734669,85.18147684605756,88.44806007509388,80.65017461776733,86.37030335406637,1349.206207036972,3.394878625869751,0.5,0.005,128,lr_0.005_hc_128
363,3.4165689945220947,1.7558640241622925,0.3366887867450714,0.7024766802787781,0.621539294719696,90.61326658322903,85.29411764705883,88.8235294117647,81.1184287071228,86.46233558729384,1352.760220527649,3.3953044414520264,0.5,0.005,128,lr_0.005_hc_128
364,3.4527018070220947,1.8112585544586182,0.31481581926345825,0.7042622566223145,0.6223651766777039,91.21401752190238,85.40675844806007,88.8360450563204,80.36609888076782,86.45572997676267,1356.379787683487,3.4585471153259277,0.5,0.005,128,lr_0.005_hc_128
365,3.38938045501709,1.761547327041626,0.3366243839263916,0.6900325417518616,0.6011762619018555,90.88861076345431,85.1188986232791,88.98623279098874,80.20458221435547,86.2995810980194,1359.9043626785278,3.3662004470825195,0.5,0.005,128,lr_0.005_hc_128
366,3.37068772315979,1.7439355850219727,0.325141042470932,0.707465648651123,0.5941454768180847,90.98873591989988,85.30663329161452,89.38673341677095,80.96426725387573,86.66159247054027,1363.5806126594543,3.508427619934082,0.5,0.005,128,lr_0.005_hc_128
367,3.337381601333618,1.7566773891448975,0.3300914168357849,0.6935073137283325,0.557105302810669,90.88861076345431,85.44430538172716,89.72465581977472,81.00094795227051,86.76462997930668,1367.1150815486908,3.3655893802642822,0.5,0.005,128,lr_0.005_hc_128
368,3.380312442779541,1.7868572473526,0.3298075199127197,0.7010396122932434,0.5626078844070435,90.65081351689612,85.58197747183979,89.5369211514393,82.0131003856659,86.94570313146028,1370.8014688491821,3.528773784637451,0.5,0.005,128,lr_0.005_hc_128
369,3.4789750576019287,1.8295806646347046,0.34718722105026245,0.7036473155021667,0.5985599160194397,90.56320400500626,85.44430538172716,89.38673341677095,80.97336888313293,86.59190292165933,1374.3703377246857,3.4110498428344727,0.5,0.005,128,lr_0.005_hc_128
370,3.3759374618530273,1.7744970321655273,0.3377149701118469,0.7013651728630066,0.5623602271080017,90.72590738423028,85.38172715894868,90.0250312891114,81.18622303009033,86.82972221559517,1377.876650094986,3.3299381732940674,0.5,0.005,128,lr_0.005_hc_128
371,3.44136905670166,1.780044436454773,0.3360092043876648,0.6873950958251953,0.6379203200340271,90.88861076345431,85.51939924906132,88.3729662077597,81.21568560600281,86.49916545656954,1381.4559497833252,3.409104585647583,0.5,0.005,128,lr_0.005_hc_128
372,3.4594650268554688,1.814905047416687,0.3526303470134735,0.6822300553321838,0.6096996068954468,90.51314142678348,85.89486858573217,89.37421777221527,81.6340446472168,86.85406810798693,1385.0526385307312,3.4264068603515625,0.5,0.005,128,lr_0.005_hc_128
373,3.404240131378174,1.7723374366760254,0.3570249080657959,0.7011855840682983,0.5736923813819885,90.55068836045056,85.56946182728412,89.69962453066333,81.38376474380493,86.80088486555073,1388.6916570663452,3.465786933898926,0.5,0.005,128,lr_0.005_hc_128
374,3.405447483062744,1.7572299242019653,0.3377951383590698,0.7018823623657227,0.6085401773452759,90.88861076345431,85.28160200250313,89.39924906132666,82.36615061759949,86.98390311122091,1392.2306485176086,3.3811275959014893,0.5,0.005,128,lr_0.005_hc_128
375,3.446596622467041,1.7785943746566772,0.3423917293548584,0.7105689644813538,0.6150417923927307,90.47559449311639,85.1063829787234,89.0488110137672,81.98083639144897,86.652906219264,1395.9359488487244,3.538259744644165,0.5,0.005,128,lr_0.005_hc_128
376,3.371919631958008,1.776937484741211,0.3437340557575226,0.6725422739982605,0.578705906867981,90.81351689612015,85.75719649561952,89.67459324155193,81.7606270313263,87.00148341615449,1399.4825613498688,3.3926634788513184,0.5,0.005,128,lr_0.005_hc_128
377,3.4132208824157715,1.7366042137145996,0.3494206368923187,0.680606484413147,0.6465898752212524,90.9261576971214,86.07008760951189,88.52315394242804,81.53678178787231,86.76404525923341,1403.0529396533966,3.4104161262512207,0.5,0.005,128,lr_0.005_hc_128
378,3.398495674133301,1.7695698738098145,0.34391099214553833,0.6745266914367676,0.6104881763458252,90.96370463078848,85.83229036295369,89.41176470588236,80.02661466598511,86.55859359140241,1406.8607020378113,3.6500473022460938,0.5,0.005,128,lr_0.005_hc_128
379,3.419865369796753,1.766786813735962,0.366033136844635,0.6840717196464539,0.6029736399650574,90.2503128911139,85.79474342928661,89.18648310387985,82.13351368904114,86.84126327833037,1410.5500659942627,3.508882522583008,0.5,0.005,128,lr_0.005_hc_128
380,3.4062390327453613,1.7473124265670776,0.3526424467563629,0.6997040510177612,0.6065801382064819,90.75093867334168,85.5944931163955,89.12390488110138,80.5954098701477,86.51618663524656,1414.0908210277557,3.3828134536743164,0.5,0.005,128,lr_0.005_hc_128
381,3.4476685523986816,1.8391504287719727,0.34016573429107666,0.6965637803077698,0.5717886686325073,91.35168961201502,85.41927409261577,89.43679599499374,79.99728322029114,86.55126072997892,1417.6080298423767,3.355592966079712,0.5,0.005,128,lr_0.005_hc_128
382,3.3032636642456055,1.7359647750854492,0.33706480264663696,0.6882357597351074,0.5419985055923462,91.03879849812266,85.63204005006257,89.96245306633291,81.24128580093384,86.96864435386298,1421.5342931747437,3.7664341926574707,0.5,0.005,128,lr_0.005_hc_128
383,3.3826048374176025,1.7552106380462646,0.32704246044158936,0.7103724479675293,0.5899794101715088,90.98873591989988,85.31914893617021,89.47434292866082,81.20763301849365,86.74746520080615,1425.118404865265,3.405595064163208,0.5,0.005,128,lr_0.005_hc_128
384,3.383713483810425,1.7514909505844116,0.3309033513069153,0.7118015885353088,0.5895175337791443,90.73842302878599,84.74342928660826,89.61201501877348,82.03227519989014,86.78153563351447,1428.7135393619537,3.4088709354400635,0.5,0.005,128,lr_0.005_hc_128
385,3.4275295734405518,1.7917324304580688,0.35898059606552124,0.7242846488952637,0.5525320172309875,90.41301627033792,85.31914893617021,90.2503128911139,81.38805627822876,86.84263359396269,1432.281262397766,3.4102470874786377,0.5,0.005,128,lr_0.005_hc_128
386,3.363124132156372,1.7624729871749878,0.3297062814235687,0.7018288969993591,0.5691158771514893,90.9386733416771,85.41927409261577,89.82478097622028,79.68170046806335,86.46610721964413,1435.871606349945,3.43220853805542,0.5,0.005,128,lr_0.005_hc_128
387,3.4137754440307617,1.7962325811386108,0.3331243097782135,0.6907297372817993,0.5936890244483948,90.85106382978724,85.49436795994994,88.98623279098874,80.87931275367737,86.55274433360083,1439.5175530910492,3.4671566486358643,0.5,0.005,128,lr_0.005_hc_128
388,3.4931068420410156,1.8299881219863892,0.3449287712574005,0.7208424210548401,0.5973473787307739,90.73842302878599,85.21902377972465,89.26157697121401,80.30551671981812,86.3811351248857,1443.104075908661,3.438647508621216,0.5,0.005,128,lr_0.005_hc_128
389,3.3517205715179443,1.742812156677246,0.32427898049354553,0.7172176241874695,0.5674116611480713,91.00125156445557,85.39424280350438,89.66207759699626,80.56796789169312,86.65638496416233,1446.6963911056519,3.438764810562134,0.5,0.005,128,lr_0.005_hc_128
390,3.4401066303253174,1.7848628759384155,0.30629587173461914,0.7132461071014404,0.6357017159461975,91.03879849812266,85.24405506883605,88.94868585732165,81.55863285064697,86.69754306873183,1450.29736495018,3.4266140460968018,0.5,0.005,128,lr_0.005_hc_128
391,3.438194513320923,1.7669731378555298,0.3363788425922394,0.7317295670509338,0.6031129956245422,91.00125156445557,84.93116395494368,89.01126408010013,80.83751201629639,86.44529790394894,1453.9717531204224,3.5163116455078125,0.5,0.005,128,lr_0.005_hc_128
392,3.4300849437713623,1.807452917098999,0.33479031920433044,0.690736711025238,0.5971050262451172,90.73842302878599,85.61952440550688,89.63704630788486,80.28774857521057,86.57068557934707,1457.5086781978607,3.3807501792907715,0.5,0.005,128,lr_0.005_hc_128
393,3.4828860759735107,1.831066608428955,0.3397276699542999,0.7000002264976501,0.6120914816856384,90.86357947434293,85.88235294117646,89.39924906132666,80.89388608932495,86.75976689154274,1461.110003709793,3.4296276569366455,0.5,0.005,128,lr_0.005_hc_128
394,3.409787178039551,1.770696759223938,0.33576294779777527,0.6752651333808899,0.6280626058578491,90.9136420525657,85.83229036295369,89.18648310387985,80.22480607032776,86.53930539743175,1464.7118694782257,3.433621644973755,0.5,0.005,128,lr_0.005_hc_128
395,3.3517346382141113,1.7611416578292847,0.3350662887096405,0.7088267803192139,0.5467000007629395,91.38923654568211,86.15769712140175,89.91239048811013,81.32502436637878,87.1960871303932,1468.2947463989258,3.425327777862549,0.5,0.005,128,lr_0.005_hc_128
396,3.3881921768188477,1.7592757940292358,0.33341479301452637,0.703500509262085,0.5920011401176453,90.88861076345431,85.23153942428036,89.57446808510639,81.57898187637329,86.81840003730359,1471.9474267959595,3.4875431060791016,0.5,0.005,128,lr_0.005_hc_128
397,3.435225009918213,1.7921439409255981,0.33005115389823914,0.7099916338920593,0.6030384302139282,91.22653316645807,85.40675844806007,89.46182728410513,81.30366206169128,86.84969524007865,1475.4988176822662,3.382537841796875,0.5,0.005,128,lr_0.005_hc_128
398,3.4071455001831055,1.774411678314209,0.3430241644382477,0.6857322454452515,0.6039771437644958,91.05131414267835,85.75719649561952,89.61201501877348,81.20527863502502,86.90645107302409,1479.0584681034088,3.3889565467834473,0.5,0.005,128,lr_0.005_hc_128
399,3.36958909034729,1.747054934501648,0.35299432277679443,0.6966630220413208,0.5728766918182373,90.4630788485607,85.819774718398,89.52440550688361,81.11470341682434,86.73049062266666,1482.6532816886902,3.437122344970703,0.5,0.005,128,lr_0.005_hc_128
400,3.373185634613037,1.727677583694458,0.3578122854232788,0.6897016763687134,0.5979942679405212,90.61326658322903,85.61952440550688,89.48685857321652,81.96122646331787,86.92021900631758,1486.2512373924255,3.4356460571289062,0.5,0.005,128,lr_0.005_hc_128
