epochs,losses,size_losses,religion_losses,ethnicity_losses,household_composition_losses,religion_accuracies,ethnicity_accuracies,household_composition_accuracies,size_distribution_accuracies,overall_accuracies,cumulative_time_seconds,epoch_time_seconds,tau_values,learning_rate,hidden_channels,combination_id
1,11.950435638427734,3.578089714050293,1.3371586799621582,1.6965701580047607,5.338617324829102,44.25544183364567,55.946374513478446,11.575609052904715,97.5790023803711,52.33910694509998,20.431703090667725,20.431703090667725,0.995,0.005,256,lr_0.005_hc_256
2,10.279548645019531,1.9796119928359985,1.331365942955017,1.6761928796768188,5.292377471923828,45.42309355629234,56.84013262217097,12.195473547643074,96.39917612075806,52.71446896171611,41.18045163154602,19.747005939483643,0.990025,0.005,256,lr_0.005_hc_256
3,9.591047286987305,1.1419769525527954,1.3071541786193848,1.6726036071777344,5.469313144683838,44.54375090096583,55.758973619720344,11.791840853394838,81.8928599357605,48.49685632746038,59.37462520599365,17.07133960723877,0.985074875,0.005,256,lr_0.005_hc_256
4,8.773970603942871,0.7633346915245056,1.2541340589523315,1.5871442556381226,5.169357776641846,45.32218538273028,55.34092547210609,14.804670606890586,80.35261034965515,48.95509795284553,77.41992235183716,16.993865728378296,0.9801495006250001,0.005,256,lr_0.005_hc_256
5,8.49057674407959,0.7631885409355164,1.2193756103515625,1.542445182800293,4.965567111968994,46.34568257171688,54.83638460429581,14.67493152659651,88.04190158843994,50.97472507276228,95.95409321784973,17.468718767166138,0.9752487531218751,0.005,256,lr_0.005_hc_256
6,8.380180358886719,0.8185760974884033,1.2056570053100586,1.510168194770813,4.845778465270996,47.181778866945365,55.946374513478446,15.914660516073232,88.62510323524475,51.91697928293545,114.28839898109436,17.203124284744263,0.9703725093562657,0.005,256,lr_0.005_hc_256
7,8.1536865234375,0.8558660745620728,1.1380579471588135,1.4189939498901367,4.740767955780029,51.376675796453796,57.87804526452357,16.592186824275622,86.57201528549194,53.10473079268624,132.4592182636261,17.091895580291748,0.9655206468094844,0.005,256,lr_0.005_hc_256
8,8.0212984085083,0.9233660101890564,1.097596526145935,1.3606666326522827,4.639669418334961,52.51549661236846,59.08894334726828,19.114891163327087,83.25784206390381,53.49429329671691,151.57945442199707,18.03111720085144,0.960693043575437,0.005,256,lr_0.005_hc_256
9,7.927633285522461,0.8900051712989807,1.0648269653320312,1.3121943473815918,4.660606861114502,55.28326365864207,61.09269136514344,20.066311085483637,83.15610885620117,54.89959374136758,172.0279402732849,19.331873178482056,0.9558895783575597,0.005,256,lr_0.005_hc_256
10,7.68351411819458,0.8077942728996277,1.0256680250167847,1.2956823110580444,4.5543694496154785,58.1086925183797,62.072942194032,20.729421940320023,83.24928879737854,56.04008636252756,192.47526049613953,19.363446474075317,0.9511101304657719,0.005,256,lr_0.005_hc_256
11,7.61209774017334,0.7759920954704285,1.0161166191101074,1.2861284017562866,4.533860683441162,57.70505982413147,62.13060400749604,20.902407380712123,84.0381383895874,56.19405240048175,212.87222123146057,19.222025394439697,0.946354579813443,0.005,256,lr_0.005_hc_256
12,7.537510395050049,0.8079755902290344,0.9872389435768127,1.2562978267669678,4.485998153686523,59.69439238864063,63.0964393830186,22.026812743260777,84.3253493309021,57.28574846145553,233.2697789669037,19.27288508415222,0.9416228069143757,0.005,256,lr_0.005_hc_256
13,7.4717183113098145,0.8738856315612793,0.9395848512649536,1.2345774173736572,4.423670291900635,61.827879486809856,64.07669021190716,23.03589447888136,82.80526399612427,57.93643204343066,254.32163739204407,19.897955894470215,0.9369146928798039,0.005,256,lr_0.005_hc_256
14,7.420132160186768,0.8839149475097656,0.9327341318130493,1.1908901929855347,4.412592887878418,61.236845898803516,64.33616837249532,23.583681706789676,82.38364458084106,57.885085139732396,275.5720658302307,20.13924288749695,0.9322301194154049,0.005,256,lr_0.005_hc_256
15,7.36311674118042,0.9362863302230835,0.903436005115509,1.1386152505874634,4.38477897644043,63.773965691220994,65.70563644226611,25.630676084762865,82.29175806045532,59.35050906967631,296.1517298221588,19.4477059841156,0.9275689688183278,0.005,256,lr_0.005_hc_256
16,7.192815780639648,0.9286338090896606,0.8866222500801086,1.128562569618225,4.248997211456299,63.70188842439095,65.53265100187402,26.48118783335736,81.42173290252686,59.28436504053729,314.5126209259033,17.25075387954712,0.9229311239742362,0.005,256,lr_0.005_hc_256
17,7.132425308227539,0.9364323616027832,0.8846636414527893,1.127946376800537,4.183382987976074,65.82096006919417,66.28225457690644,27.302868675219838,81.12139105796814,60.131868594822144,332.7632429599762,17.140196561813354,0.918316468354365,0.005,256,lr_0.005_hc_256
18,7.0272746086120605,0.8933204412460327,0.8837653398513794,1.1317028999328613,4.118485927581787,64.33616837249532,66.03719186968429,28.31195041084042,81.7078948020935,60.09830136377838,352.2141659259796,18.362857341766357,0.9137248860125932,0.005,256,lr_0.005_hc_256
19,6.978935718536377,0.9320517778396606,0.8594533801078796,1.094549536705017,4.092881202697754,65.50382009514199,67.233674499063,28.874153092114746,80.07881045341492,60.42261453493366,372.48411655426025,19.147684335708618,0.9091562615825302,0.005,256,lr_0.005_hc_256
20,6.940151214599609,0.9668527841567993,0.8554758429527283,1.0741649866104126,4.0436577796936035,66.39757820383451,67.96886262072942,29.912065734467348,80.21311163902283,61.12290454951352,392.768052816391,19.202237367630005,0.9046104802746175,0.005,256,lr_0.005_hc_256
21,6.899353504180908,1.011967420578003,0.828902006149292,1.0556412935256958,4.002842903137207,67.72379991350728,68.19950987458554,31.180625630676083,80.22363185882568,61.831891819398656,414.5376160144806,20.617677927017212,0.9000874278732445,0.005,256,lr_0.005_hc_256
22,6.79098653793335,1.0004605054855347,0.819756031036377,1.0381340980529785,3.93263578414917,67.9256162606314,68.38691076834367,30.978809283551968,80.86832165718079,62.03991449242696,434.85428500175476,19.199920415878296,0.8955869907338783,0.005,256,lr_0.005_hc_256
23,6.773466110229492,1.0381838083267212,0.8133555054664612,1.0508053302764893,3.871121406555176,68.73288164912786,68.19950987458554,31.685166498486378,81.14154934883118,62.439776842757745,456.816823720932,20.847578287124634,0.8911090557802088,0.005,256,lr_0.005_hc_256
24,6.701045036315918,1.0318942070007324,0.8202584385871887,1.0537954568862915,3.7950966358184814,68.31483350151363,68.22834078131757,33.472682715871414,80.99074959754944,62.751651649063014,477.48935055732727,19.508754014968872,0.8866535105013078,0.005,256,lr_0.005_hc_256
25,6.585150718688965,1.04610013961792,0.8021228313446045,1.0230656862258911,3.7138617038726807,69.33833069050021,69.56897794435635,34.87098169237422,81.51805400848389,63.82408608392866,497.7391836643219,19.17285180091858,0.8822202429488013,0.005,256,lr_0.005_hc_256
26,6.5601959228515625,1.1271662712097168,0.8064799904823303,1.0034385919570923,3.6231112480163574,68.31483350151363,69.90053337177454,36.139541588582965,80.33572435379028,63.672658203915354,517.9891452789307,19.15959906578064,0.8778091417340573,0.005,256,lr_0.005_hc_256
27,6.434149265289307,1.1112644672393799,0.7912774682044983,1.0069406032562256,3.5246667861938477,70.46273605304887,70.31858151938879,36.64408245639325,81.26575946807861,64.67278987422738,538.9616692066193,19.814125061035156,0.8734200960253871,0.005,256,lr_0.005_hc_256
28,6.378412246704102,1.1550321578979492,0.771943986415863,0.9930800795555115,3.458355665206909,70.73662966700303,70.10234971889867,37.10537696410552,81.19895458221436,64.78582773305538,559.4996256828308,19.349876165390015,0.8690529955452602,0.005,256,lr_0.005_hc_256
29,6.336509704589844,1.1842620372772217,0.7624323964118958,0.9805505275726318,3.40926456451416,71.3709096151074,71.09701600115324,38.56133775407237,81.0141384601593,65.51085045762306,579.840546131134,19.251147031784058,0.8647077305675338,0.005,256,lr_0.005_hc_256
30,6.307543754577637,1.2837258577346802,0.7475812435150146,0.9730142951011658,3.303222179412842,71.57272596223152,70.60689058670894,39.42626495603287,81.59896731376648,65.80121220468496,600.541111946106,19.563608407974243,0.8603841919146962,0.005,256,lr_0.005_hc_256
31,6.278494834899902,1.2316738367080688,0.7590280771255493,0.9826911687850952,3.3051018714904785,72.13492864350583,71.39974052183942,38.921724088222575,80.25399446487427,65.67759692961053,621.4357669353485,19.81681537628174,0.8560822709551227,0.005,256,lr_0.005_hc_256
32,6.152928352355957,1.2564985752105713,0.7346740961074829,0.9807193279266357,3.1810367107391357,72.68271587141416,71.27000144154533,40.046129450771225,80.23505210876465,66.05847471812385,641.993088722229,19.463756322860718,0.851801859600347,0.005,256,lr_0.005_hc_256
33,6.080061435699463,1.2621320486068726,0.7497975826263428,0.9804320931434631,3.0876998901367188,73.07193311229638,71.74571140262361,41.487674787372065,80.28514385223389,66.64761578863148,662.9386954307556,19.804423093795776,0.8475428503023453,0.005,256,lr_0.005_hc_256
34,6.024655342102051,1.3264070749282837,0.7326749563217163,0.9581809639930725,3.007392644882202,73.1151794723944,72.35116044399597,43.07337465763298,80.9699296951294,67.37741106728818,683.2728238105774,19.175845861434937,0.8433051360508336,0.005,256,lr_0.005_hc_256
35,5.912239074707031,1.2895801067352295,0.7215346097946167,0.9537269473075867,2.9473977088928223,73.25933400605449,72.07726683004181,42.799481043678824,80.72848320007324,67.2161412699621,704.6309099197388,20.24416422843933,0.8390886103705794,0.005,256,lr_0.005_hc_256
36,5.8445844650268555,1.28557288646698,0.7263450026512146,0.9486523866653442,2.884014368057251,74.41257027533516,72.92777857863629,44.082456393253565,80.64748048782349,68.01757143376213,725.1547875404358,19.438281536102295,0.8348931673187264,0.005,256,lr_0.005_hc_256
37,5.815350532531738,1.3485665321350098,0.7255618572235107,0.9500879049301147,2.7911341190338135,74.16750756811302,71.77454230935562,44.73115179472394,80.44171929359436,67.77873024144674,746.0125322341919,19.690349578857422,0.8307187014821328,0.005,256,lr_0.005_hc_256
38,5.854376316070557,1.4225002527236938,0.7317001223564148,0.9368200898170471,2.7633559703826904,75.09009658353756,73.05751765893037,45.98529623756667,79.61036562919617,68.43581902730769,767.5319383144379,20.33302617073059,0.8265651079747222,0.005,256,lr_0.005_hc_256
39,5.711266994476318,1.289703607559204,0.7459953427314758,0.9637528657913208,2.711815357208252,73.70621306040076,72.84128585844026,45.59607899668445,81.71194195747375,68.46387996824981,789.979975938797,21.23944926261902,0.8224322824348486,0.005,256,lr_0.005_hc_256
40,5.661503791809082,1.3397986888885498,0.7470754981040955,0.9489604830741882,2.625669240951538,73.7638748738648,72.78362404497621,47.49891884099755,83.34552645683289,69.34798605416785,813.8865156173706,22.701807022094727,0.8183201210226743,0.005,256,lr_0.005_hc_256
41,5.621270179748535,1.3793904781341553,0.7322343587875366,0.9182978868484497,2.5913476943969727,74.96035750324349,73.30258036615251,47.772812454951705,80.42763471603394,69.11584626009541,835.8793971538544,20.824944019317627,0.8142285204175609,0.005,256,lr_0.005_hc_256
42,5.675772666931152,1.4481186866760254,0.7162097096443176,0.9471341967582703,2.56430983543396,75.6811301715439,72.97102493873432,48.680986017010234,81.35437965393066,69.67188019530478,858.5815184116364,21.477293014526367,0.810157377815473,0.005,256,lr_0.005_hc_256
43,5.568098068237305,1.382320523262024,0.7343187928199768,0.9537626504898071,2.4976956844329834,74.45581663543318,72.76920859161021,50.02162318004901,81.77297115325928,69.75490489008791,880.8830056190491,21.17355251312256,0.8061065909263957,0.005,256,lr_0.005_hc_256
44,5.526285648345947,1.363935112953186,0.7303124666213989,0.9723327159881592,2.459705352783203,75.39282110422373,72.2214213637019,50.69914948825141,83.2221269607544,70.38387972923286,902.3208260536194,20.270434856414795,0.8020760579717637,0.005,256,lr_0.005_hc_256
45,5.586853981018066,1.4428203105926514,0.7158663868904114,0.9590674638748169,2.469099998474121,76.02710105232809,73.15842583249244,49.8342222862909,82.5985312461853,70.40457010432418,924.1139869689941,20.68117594718933,0.798065677681905,0.005,256,lr_0.005_hc_256
46,5.501646995544434,1.3539657592773438,0.7183542847633362,0.9433799386024475,2.4859471321105957,75.46489837105376,73.40348853971457,49.58915957906876,82.40234851837158,70.21497375205217,945.7279572486877,20.437734365463257,0.7940753492934954,0.005,256,lr_0.005_hc_256
47,5.473230361938477,1.4227887392044067,0.714425802230835,0.9440457820892334,2.391969680786133,75.95502378549806,73.08634856566239,51.246936716159716,84.61689949035645,71.22630213941915,967.3253920078278,20.424893379211426,0.7901049725470279,0.005,256,lr_0.005_hc_256
48,5.462399482727051,1.3995110988616943,0.7322419285774231,0.9434319138526917,2.3872148990631104,75.27749747729567,72.72596223151217,50.929796742107534,82.74056911468506,70.41845639140011,988.6700978279114,20.229015111923218,0.7861544476842928,0.005,256,lr_0.005_hc_256
49,5.439078330993652,1.4768855571746826,0.7189121842384338,0.9221302270889282,2.321150541305542,76.61813464033443,73.05751765893037,52.919129306616696,82.54967331886292,71.2861137311861,1010.2437522411346,20.455650329589844,0.7822236754458713,0.005,256,lr_0.005_hc_256
50,5.509607315063477,1.5511319637298584,0.7097470164299011,0.8987617492675781,2.349966287612915,76.8920282542886,73.95127576762289,52.29926481187833,82.97760486602783,71.53004342495441,1032.4338414669037,21.010867595672607,0.778312557068642,0.005,256,lr_0.005_hc_256
51,5.503355503082275,1.4949158430099487,0.7048115730285645,0.927280068397522,2.3763480186462402,76.30099466628225,73.17284128585844,51.938878477728124,82.1688711643219,70.89539639854767,1054.7439427375793,21.098145723342896,0.7744209942832988,0.005,256,lr_0.005_hc_256
52,5.396090030670166,1.4144624471664429,0.7167338132858276,0.9097456932067871,2.3551480770111084,76.70462736053048,73.1151794723944,53.03445293354476,82.48739838600159,71.3354145381178,1074.2360680103302,18.326934099197388,0.7705488893118823,0.005,256,lr_0.005_hc_256
53,5.417710781097412,1.4805833101272583,0.7173222303390503,0.9196581840515137,2.30014705657959,75.83970015856998,73.86478304742684,52.29926481187833,83.36305022239685,71.34169956006801,1092.3147819042206,16.989415884017944,0.7666961448653229,0.005,256,lr_0.005_hc_256
54,5.44355583190918,1.5122171640396118,0.6911531090736389,0.9336867332458496,2.3064987659454346,76.57488828023641,73.69179760703474,52.71731295949258,81.75411820411682,71.18452926272015,1110.9035739898682,17.496047496795654,0.7628626641409962,0.005,256,lr_0.005_hc_256
55,5.369650840759277,1.4803214073181152,0.6946458220481873,0.9351846575737,2.2594990730285645,77.56955456249099,73.93686031425688,53.193022920570854,82.68355131149292,71.8457472772029,1130.9161460399628,18.773717641830444,0.7590483508202912,0.005,256,lr_0.005_hc_256
56,5.367101669311523,1.4031641483306885,0.7169209122657776,0.9548423290252686,2.2921745777130127,75.82528470520398,73.4323194464466,53.250684734034884,83.51837992668152,71.50666720309175,1153.1091713905334,21.088969469070435,0.7552531090661897,0.005,256,lr_0.005_hc_256
57,5.386692047119141,1.5129410028457642,0.7090157866477966,0.9184216856956482,2.2463135719299316,76.77670462736053,73.67738215366873,54.101196482629376,82.82054662704468,71.84395747267583,1175.9511575698853,21.714011430740356,0.7514768435208588,0.005,256,lr_0.005_hc_256
58,5.414438247680664,1.6075553894042969,0.7090428471565247,0.9312398433685303,2.166599988937378,76.74787372062852,74.67204843592332,54.98053913795589,82.614266872406,72.25368204172842,1197.6957654953003,20.620203971862793,0.7477194593032545,0.005,256,lr_0.005_hc_256
59,5.296361923217773,1.5368071794509888,0.6954011917114258,0.9092251658439636,2.154928684234619,77.12267550814474,74.54230935562923,54.93729277785786,83.24660062789917,72.46221956738275,1219.091396331787,20.28018069267273,0.7439808620067382,0.005,256,lr_0.005_hc_256
60,5.373153209686279,1.556585431098938,0.6866663098335266,0.9039580225944519,2.2259433269500732,77.16592186824276,74.8306184229494,54.73547643073374,82.23737478256226,72.24234787612204,1240.3912143707275,20.206669807434082,0.7402609576967045,0.005,256,lr_0.005_hc_256
61,5.397111892700195,1.5392711162567139,0.6718345284461975,0.915001392364502,2.271005153656006,78.36240449762145,74.36932391523713,53.55340925472106,81.50366544723511,71.94720077870369,1261.969249010086,20.373738050460815,0.736559652908221,0.005,256,lr_0.005_hc_256
62,5.350253105163574,1.555181860923767,0.6792988181114197,0.9290857911109924,2.1866865158081055,78.6074672048436,74.06659939455096,55.355340925472106,83.60128998756409,72.90767437810769,1283.1210775375366,19.982298612594604,0.7328768546436799,0.005,256,lr_0.005_hc_256
63,5.360284328460693,1.6182688474655151,0.6752644777297974,0.930816650390625,2.135934352874756,77.52630820239297,74.138676661381,55.97520542021046,82.59852528572083,72.55967889242632,1305.0228390693665,20.801883220672607,0.7292124703704616,0.005,256,lr_0.005_hc_256
64,5.296456336975098,1.6649678945541382,0.6529866456985474,0.8917317986488342,2.0867700576782227,78.57863629811158,74.78737206285138,56.58065446158281,81.42187595367432,72.84213469405502,1326.4111683368683,20.180195331573486,0.7255664080186093,0.005,256,lr_0.005_hc_256
65,5.33242130279541,1.680338978767395,0.6722760796546936,0.9064134359359741,2.073392868041992,78.54980539137955,74.57114026236124,57.30142712988323,80.40769100189209,72.70751594637903,1348.3092353343964,20.731117010116577,0.7219385759785162,0.005,256,lr_0.005_hc_256
66,5.321415424346924,1.6746840476989746,0.6770572066307068,0.9307820200920105,2.0388920307159424,78.47772812454951,74.62880207582529,57.37350439671328,82.21126794815063,73.17282563630968,1370.1864380836487,20.645392179489136,0.7183288830986236,0.005,256,lr_0.005_hc_256
67,5.245596408843994,1.683425784111023,0.6681466698646545,0.8925396800041199,2.0014841556549072,78.86694536543175,76.12800922589015,59.074527893902264,80.62403202056885,73.67337862644825,1391.6051487922668,20.31237816810608,0.7147372386831305,0.005,256,lr_0.005_hc_256
68,5.248895645141602,1.6912832260131836,0.6461246609687805,0.892362654209137,2.01912522315979,81.2310797174571,76.02710105232809,58.59881793282399,80.00677824020386,73.96594423570326,1412.7305390834808,19.966247081756592,0.7111635524897149,0.005,256,lr_0.005_hc_256
69,5.287075519561768,1.6867269277572632,0.6526430249214172,0.9042680263519287,2.0434374809265137,80.23641343520254,75.96943923886407,57.978953438085625,81.03232383728027,73.80428248735814,1435.3221383094788,21.453447818756104,0.7076077347272662,0.005,256,lr_0.005_hc_256
70,5.266924858093262,1.709442377090454,0.667525589466095,0.8978779315948486,1.9920789003372192,79.06876171255585,75.60905290471386,59.72322329537264,81.36921525001526,73.94256329066441,1456.5076820850372,20.02315855026245,0.7040696960536299,0.005,256,lr_0.005_hc_256
71,5.287790775299072,1.6760307550430298,0.6549383997917175,0.8930515646934509,2.063770055770874,79.21291624621595,75.59463745134785,58.382586132333856,80.34671545028687,73.38421382004613,1477.9085628986359,20.23134422302246,0.7005493475733617,0.005,256,lr_0.005_hc_256
72,5.203971862792969,1.751288890838623,0.6398780345916748,0.887458324432373,1.9253466129302979,80.56796886262073,76.35865647974629,60.74672048435923,80.59070706367493,74.5660132226003,1499.7794196605682,20.688689708709717,0.697046600835495,0.005,256,lr_0.005_hc_256
73,5.203104496002197,1.6642554998397827,0.6288900375366211,0.9018328189849854,2.0081260204315186,79.91927346115035,76.0415165056941,59.56465330834655,81.13725781440735,74.1656752723996,1521.396330833435,20.510108470916748,0.6935613678313175,0.005,256,lr_0.005_hc_256
74,5.1242828369140625,1.622746467590332,0.614336371421814,0.9059052467346191,1.9812947511672974,81.07250973043102,75.83970015856998,60.09802508288886,79.50781583786011,74.1295127024375,1542.9560086727142,20.371472358703613,0.6900935609921609,0.005,256,lr_0.005_hc_256
75,5.177058219909668,1.7250566482543945,0.6152783036231995,0.8788235783576965,1.957900047302246,80.68329248954879,76.3874873864783,60.44399596367306,80.48797845840454,74.50068857452618,1565.4765927791595,21.40418004989624,0.6866430931872001,0.005,256,lr_0.005_hc_256
76,5.13654899597168,1.695260763168335,0.6314769387245178,0.9211600422859192,1.8886512517929077,80.30849070203257,75.59463745134785,61.92878766037192,80.72658181190491,74.63962440641431,1586.8653512001038,20.1838161945343,0.6832098777212641,0.005,256,lr_0.005_hc_256
77,5.1920623779296875,1.8141828775405884,0.6190690398216248,0.9084261059761047,1.8503844738006592,80.91393974340492,75.50814473115179,61.78463312671183,79.4018805027008,74.40214952599233,1608.3000574111938,20.296852111816406,0.6797938283326578,0.005,256,lr_0.005_hc_256
78,5.18408203125,1.8636350631713867,0.6126940846443176,0.8842447996139526,1.8235082626342773,81.62029695833934,76.11359377252414,63.427994810436786,79.7469973564148,75.22722072442876,1629.6733684539795,20.16008710861206,0.6763948591909945,0.005,256,lr_0.005_hc_256
79,5.213692665100098,1.8265893459320068,0.6070966720581055,0.8696258664131165,1.9103810787200928,81.66354331843736,76.5460573735044,61.84229494017587,78.52481603622437,74.6441779170855,1652.8907232284546,22.056668043136597,0.6730128848950395,0.005,256,lr_0.005_hc_256
80,5.1862030029296875,1.7938685417175293,0.6022419929504395,0.8817110061645508,1.9083815813064575,81.63471241170535,76.34424102638027,61.92878766037192,79.86171245574951,74.94236338855177,1674.5045583248138,20.423308849334717,0.6696478204705644,0.005,256,lr_0.005_hc_256
81,5.180387020111084,1.813239336013794,0.6148296594619751,0.8545209169387817,1.8977971076965332,81.01484791696699,77.10826005477873,62.41891307481621,80.74259161949158,75.32115316651338,1698.0085716247559,22.308738231658936,0.6662995813682115,0.005,256,lr_0.005_hc_256
82,5.141360759735107,1.7949427366256714,0.6192059516906738,0.8459612131118774,1.8812508583068848,80.53913795588872,77.03618278794868,63.182932103214654,80.43893575668335,75.29929715093385,1723.2166955471039,24.015883684158325,0.6629680834613705,0.005,256,lr_0.005_hc_256
83,5.1512370109558105,1.8207837343215942,0.6036735773086548,0.8585286736488342,1.868251085281372,81.46172697131325,76.94969006775263,63.341502090240745,79.00386452674866,75.18919591401382,1746.9421880245209,22.60360550880432,0.6596532430440636,0.005,256,lr_0.005_hc_256
84,5.177766799926758,1.8367809057235718,0.6055173277854919,0.8809338212013245,1.8545348644256592,81.3608187977512,76.43073374657632,62.7648839556004,81.67024850845337,75.55667125209531,1769.7283883094788,21.626314163208008,0.6563549768288433,0.005,256,lr_0.005_hc_256
85,5.132476806640625,1.8198823928833008,0.5986198782920837,0.8616926074028015,1.8522818088531494,81.90860602565951,77.20916822834079,63.6298111575609,81.1057448387146,75.96333256256895,1791.298590183258,20.441805124282837,0.653073201944699,0.005,256,lr_0.005_hc_256
86,5.16740608215332,1.8677071332931519,0.6072582006454468,0.8683391213417053,1.8241015672683716,81.75003603863341,76.97852097448464,63.86045841141704,78.27505469322205,75.21601752943928,1814.336522102356,21.840487480163574,0.6498078359349755,0.005,256,lr_0.005_hc_256
87,5.053469181060791,1.823011040687561,0.6132924556732178,0.8581461310386658,1.7590192556381226,81.69237422516939,76.99293642785065,64.68213925327952,78.62195372581482,75.4973509080286,1837.3204259872437,21.773926258087158,0.6465587967553006,0.005,256,lr_0.005_hc_256
88,5.174001216888428,1.9213783740997314,0.6037991642951965,0.8812394738197327,1.767584204673767,82.11042237278362,76.74787372062852,65.10018740089376,79.90118265151978,75.96491653645641,1858.496663093567,19.9643235206604,0.6433260027715241,0.005,256,lr_0.005_hc_256
89,5.251678943634033,1.8733320236206055,0.6273456811904907,0.9003028869628906,1.8506983518600464,81.46172697131325,76.64696554706646,63.745134784488975,80.05820512771606,75.47800810764619,1880.0603671073914,20.392733812332153,0.6401093727576664,0.005,256,lr_0.005_hc_256
90,5.143310546875,1.849409580230713,0.6047669649124146,0.8650259971618652,1.824108362197876,82.54288597376387,77.48306184229494,64.59564653308347,79.1502833366394,75.94296942144543,1901.7882900238037,20.60818386077881,0.6369088258938781,0.005,256,lr_0.005_hc_256
91,5.212876319885254,1.8626834154129028,0.6034941077232361,0.9087315797805786,1.8379672765731812,81.8941905722935,75.95502378549806,64.11993657200519,80.18730878829956,75.53911492952408,1923.6060211658478,20.715965509414673,0.6337242817644086,0.005,256,lr_0.005_hc_256
92,5.286721706390381,1.9031548500061035,0.6188227534294128,0.8993749022483826,1.8653689622879028,81.44731151794724,76.77670462736053,64.4659074527894,80.15370965003967,75.7109083120342,1945.1432132720947,20.364324808120728,0.6305556603555866,0.005,256,lr_0.005_hc_256
93,5.179084777832031,1.899848222732544,0.5689390897750854,0.9054022431373596,1.804895281791687,82.60054778722791,76.58930373360242,64.86954014703763,80.30707836151123,76.0916175073448,1967.207658290863,20.921738147735596,0.6274028820538087,0.005,256,lr_0.005_hc_256
94,5.157691478729248,1.9763643741607666,0.5443353056907654,0.8972825407981873,1.7397092580795288,84.08533948392677,77.46864638892893,65.43174282831194,79.13321256637573,76.52973531688585,1988.7760155200958,20.351909399032593,0.6242658676435396,0.005,256,lr_0.005_hc_256
95,5.167593955993652,2.0065345764160156,0.5598047375679016,0.8764241933822632,1.7248303890228271,83.46547498918841,76.87761280092259,66.26783912354044,78.97473573684692,76.39641566262458,2011.538563489914,21.668575763702393,0.6211445383053219,0.005,256,lr_0.005_hc_256
96,5.094306468963623,1.8859848976135254,0.5835860371589661,0.8846907019615173,1.7400448322296143,82.81677958771803,76.74787372062852,65.97953005622027,81.78741931915283,76.83290067092992,2032.9535257816315,20.260948419570923,0.6180388156137953,0.005,256,lr_0.005_hc_256
97,5.200102806091309,2.0170488357543945,0.577156662940979,0.9029353260993958,1.7029622793197632,83.20599682860026,77.12267550814474,66.67147181778867,80.6908667087555,76.9227527158223,2054.4177463054657,20.360092878341675,0.6149486215357263,0.005,256,lr_0.005_hc_256
98,5.247874736785889,2.0438804626464844,0.6020770072937012,0.9016657471656799,1.7002516984939575,82.68704050742396,76.8920282542886,67.11835087213493,79.8754632472992,76.64322072028666,2076.2217354774475,20.572010040283203,0.6118738784280476,0.005,256,lr_0.005_hc_256
99,5.089198112487793,1.9982151985168457,0.5796892046928406,0.8587353825569153,1.6525585651397705,83.32132045552832,77.46864638892893,68.05535534092547,80.35340309143066,77.29968131920334,2098.488508462906,21.13687825202942,0.6088145090359074,0.005,256,lr_0.005_hc_256
100,5.2922258377075195,2.0694353580474854,0.5792790651321411,0.9112560749053955,1.732255458831787,83.30690500216231,77.19475277497477,67.46432175291913,80.27762174606323,77.06090031902986,2120.597905397415,20.898538827896118,0.6057704364907278,0.005,256,lr_0.005_hc_256
101,5.19572114944458,1.9795290231704712,0.5745184421539307,0.9076638221740723,1.7340096235275269,83.33573590889434,77.09384460141273,66.85887271154678,80.10271191596985,76.84779128445591,2142.0194721221924,20.273913145065308,0.6027415843082742,0.005,256,lr_0.005_hc_256
102,5.221430778503418,2.0598244667053223,0.5255953669548035,0.8901346921920776,1.7458760738372803,85.02234395271732,77.15150641487675,66.95978088510883,79.23439741134644,77.09200716601234,2163.757673025131,20.6197726726532,0.5997278763867329,0.005,256,lr_0.005_hc_256
103,5.27878475189209,2.0845184326171875,0.5471017360687256,0.9090763330459595,1.7380883693695068,84.50338763154102,77.16592186824276,67.47873720628513,79.83298301696777,77.24525743075917,2185.2714099884033,20.388224124908447,0.5967292370047992,0.005,256,lr_0.005_hc_256
104,5.225457668304443,2.0048043727874756,0.5842025279998779,0.9341779351234436,1.7022730112075806,83.24924318869829,76.66138100043246,67.70938446014128,80.30542135238647,76.98135750041462,2206.8685235977173,20.365267276763916,0.5937455908197752,0.005,256,lr_0.005_hc_256
105,5.280785083770752,2.0653162002563477,0.5767077207565308,0.9545102119445801,1.684250831604004,83.1050886550382,76.5316419201384,67.95444716736341,79.32613492012024,76.72932816566507,2229.0731534957886,21.09607195854187,0.5907768628656763,0.005,256,lr_0.005_hc_256
106,5.16086483001709,2.0782577991485596,0.5479175448417664,0.8894476890563965,1.6452418565750122,84.44572581807698,77.71370909615108,68.44457258180769,78.55970859527588,77.2909290228279,2250.423052549362,20.226157426834106,0.5878229785513479,0.005,256,lr_0.005_hc_256
107,5.288254737854004,2.1389055252075195,0.5650598406791687,0.90378338098526,1.6805057525634766,84.15741675075681,77.32449185526885,67.68055355340925,79.43179607391357,77.14856455833711,2271.9450285434723,20.33472466468811,0.5848838636585911,0.005,256,lr_0.005_hc_256
108,5.3019537925720215,2.089827060699463,0.5910561084747314,0.8759817481040955,1.745088815689087,83.11950410840421,77.87227908317716,67.3922444860891,80.85692524909973,77.31023823169255,2293.3228771686554,20.202736139297485,0.5819594443402982,0.005,256,lr_0.005_hc_256
109,5.192438125610352,2.017413377761841,0.5833258628845215,0.8664819002151489,1.7252169847488403,82.65820960069195,77.85786362981115,67.68055355340925,79.6909749507904,76.97190043367569,2311.5689413547516,17.10216188430786,0.5790496471185967,0.005,256,lr_0.005_hc_256
110,5.3227739334106445,2.087085723876953,0.5677486658096313,0.9050129652023315,1.7629268169403076,83.65287588294652,77.94435635000721,67.44990629955312,80.18301725387573,77.30753894659564,2331.8833911418915,19.19085168838501,0.5761543988830038,0.005,256,lr_0.005_hc_256
111,5.251961708068848,2.0651278495788574,0.5570263862609863,0.8857659697532654,1.7440414428710938,84.35923309788093,77.64163182932103,68.02652443419346,79.81769442558289,77.46127094674458,2354.355715036392,21.333454847335815,0.5732736268885887,0.005,256,lr_0.005_hc_256
112,5.193565845489502,2.115724802017212,0.550341784954071,0.8770154714584351,1.65048348903656,84.77728124549517,78.4633126711835,69.4824852241603,80.3310751914978,78.2635385830842,2375.7384996414185,20.152844190597534,0.5704072587541458,0.005,256,lr_0.005_hc_256
113,5.225094795227051,2.0524911880493164,0.5519833564758301,0.9271626472473145,1.693457841873169,85.00792849935131,77.38215366873288,68.99235980971602,79.5582115650177,77.73516338570448,2397.6093697547913,20.69855260848999,0.567555222460375,0.005,256,lr_0.005_hc_256
114,5.150163650512695,2.006101608276367,0.5562754273414612,0.9218551516532898,1.6659314632415771,84.47455672480899,77.69929364278507,69.35274614386623,78.85282039642334,77.59485422697091,2420.7623817920685,21.926823377609253,0.5647174463480732,0.005,256,lr_0.005_hc_256
115,5.178958892822266,2.0805609226226807,0.5443911552429199,0.896690309047699,1.6573163270950317,84.56104944500504,78.01643361683725,69.17976070347413,80.27592897415161,78.008293184867,2442.4224236011505,20.390916109085083,0.5618938591163328,0.005,256,lr_0.005_hc_256
116,5.1121296882629395,2.037660837173462,0.5589964389801025,0.8965830206871033,1.6188894510269165,84.57546489837105,77.95877180337321,70.1744269857287,79.18878197669983,77.97436141604321,2463.7543280124664,20.191885709762573,0.5590843898207511,0.005,256,lr_0.005_hc_256
117,5.096192359924316,2.100513458251953,0.5387778878211975,0.9076962471008301,1.5492045879364014,84.95026668588727,78.1029263370333,71.09701600115324,79.71013188362122,78.46508522692375,2485.67976975441,20.75740075111389,0.5562889678716474,0.005,256,lr_0.005_hc_256
118,5.104659080505371,2.0779690742492676,0.5446323752403259,0.8890325427055359,1.593024730682373,84.71961943203114,78.75162173850367,71.18350872134928,78.61210107803345,78.31671274247938,2507.165693759918,20.289292573928833,0.5535075230322891,0.005,256,lr_0.005_hc_256
119,5.057985782623291,2.0768892765045166,0.5365650057792664,0.880714476108551,1.563817024230957,85.29623756667148,78.9534380856278,71.52947960213348,79.01531457901001,78.69861745836069,2528.5056965351105,20.243627786636353,0.5507399854171277,0.005,256,lr_0.005_hc_256
120,5.025232315063477,2.041377544403076,0.5315952301025391,0.8925657868385315,1.5596935749053955,85.58454663399164,78.31915813752343,71.29883234827736,79.20651435852051,78.60226286957823,2549.848179101944,20.155725955963135,0.547986285490042,0.005,256,lr_0.005_hc_256
121,5.041364669799805,2.0782458782196045,0.5338026881217957,0.8655977845191956,1.5637181997299194,85.57013118062564,79.38590168660804,71.18350872134928,78.18329334259033,78.58070873279333,2571.2595357894897,20.267446756362915,0.5452463540625918,0.005,256,lr_0.005_hc_256
122,5.02163553237915,2.155366897583008,0.5383332371711731,0.8903543949127197,1.4375810623168945,85.82960934121378,78.42006631108548,73.23050309932248,78.72836589813232,79.05213616243852,2592.2804369926453,19.90813183784485,0.5425201222922789,0.005,256,lr_0.005_hc_256
123,5.05078125,2.1988279819488525,0.5147643685340881,0.8859858512878418,1.4512033462524414,86.14674931526596,78.91019172552977,73.9656912209889,78.2330334186554,79.31391642011,2614.212085723877,20.808743238449097,0.5398075216808175,0.005,256,lr_0.005_hc_256
124,4.940580368041992,2.133286952972412,0.536978006362915,0.8759694695472717,1.394345998764038,86.16116476863198,79.25616260631398,74.4846475421652,77.09544897079468,79.24935597197646,2635.7030630111694,20.360921144485474,0.5371084840724134,0.005,256,lr_0.005_hc_256
125,5.015514373779297,2.2095987796783447,0.5449836254119873,0.885819673538208,1.3751122951507568,85.82960934121378,79.1552544327519,74.78737206285138,77.23168134689331,79.25097929592759,2657.0717248916626,20.18969225883484,0.5344229416520513,0.005,256,lr_0.005_hc_256
126,4.9835205078125,2.2063839435577393,0.5435269474983215,0.8887975215911865,1.3448121547698975,86.47830474268416,79.51564076690212,76.37307193311229,75.58616399765015,79.48829536008718,2678.756367921829,20.49041509628296,0.531750826943791,0.005,256,lr_0.005_hc_256
127,5.008585453033447,2.268754482269287,0.5447335243225098,0.8704621195793152,1.32463538646698,86.17558022199799,79.6597953005622,76.0559319590601,75.82613229751587,79.42935994478404,2700.340842485428,20.374862909317017,0.5290920728090721,0.005,256,lr_0.005_hc_256
128,5.025169372558594,2.2314279079437256,0.5427196621894836,0.9226866960525513,1.328335165977478,86.00259478160588,78.9534380856278,76.34424102638027,75.17050504684448,79.11769473511461,2721.6161236763,20.161561250686646,0.5264466124450268,0.005,256,lr_0.005_hc_256
129,5.056775093078613,2.300701856613159,0.5397487878799438,0.8744733333587646,1.3418511152267456,86.5359665561482,79.97693527461439,75.30632838402768,73.86178970336914,78.92025497953985,2743.8826534748077,21.04443335533142,0.5238143793828016,0.005,256,lr_0.005_hc_256
130,4.993022441864014,2.2335450649261475,0.5301072001457214,0.8919433355331421,1.3374266624450684,86.30531930229206,79.97693527461439,76.17125558598818,76.66809558868408,79.78040143789468,2762.634806394577,17.650646448135376,0.5211953074858876,0.005,256,lr_0.005_hc_256
131,5.073877811431885,2.280384063720703,0.5310172438621521,0.9045230746269226,1.3579531908035278,86.76661381000432,79.45797895343809,75.78203834510595,75.47274827957153,79.36984484702998,2782.5304696559906,18.78331971168518,0.5185893309484582,0.005,256,lr_0.005_hc_256
132,5.018091678619385,2.1485977172851562,0.5404680967330933,0.9053866267204285,1.423638939857483,85.8584402479458,79.68862620729422,74.78737206285138,77.34729051589966,79.42043225849777,2803.722395658493,20.07897138595581,0.5159963842937159,0.005,256,lr_0.005_hc_256
133,4.977921009063721,2.146404504776001,0.531680703163147,0.8789008259773254,1.420935034751892,86.75219835663832,79.76070347412426,74.3116621017731,77.65686511993408,79.62035726311744,2825.2613689899445,20.33794331550598,0.5134164023722473,0.005,256,lr_0.005_hc_256
134,4.99588680267334,2.1228673458099365,0.5286078453063965,0.8924965262413025,1.4519147872924805,86.34856566239009,79.70304166066022,74.32607755513911,78.14359664916992,79.63032038183984,2846.7010736465454,20.24986743927002,0.510849320360386,0.005,256,lr_0.005_hc_256
135,5.088791847229004,2.1806678771972656,0.5487328767776489,0.8872740268707275,1.472117304801941,86.36298111575609,79.84719619432032,74.9891884099755,78.3052146434784,79.87614509088257,2868.87694644928,20.98575496673584,0.5082950737585841,0.005,256,lr_0.005_hc_256
136,5.030991077423096,2.209803819656372,0.5317607522010803,0.8919903635978699,1.3974360227584839,86.99726106386045,79.93368891451637,75.29191293066167,78.63131761550903,80.21354513113688,2890.119820833206,20.04280948638916,0.5057535983897912,0.005,256,lr_0.005_hc_256
137,5.006057262420654,2.274260997772217,0.5232948064804077,0.9054585695266724,1.3030428886413574,87.05492287732449,80.30849070203257,76.45956465330835,76.10896825790405,79.98298662264236,2911.655242919922,20.423983812332153,0.5032248303978422,0.005,256,lr_0.005_hc_256
138,5.008861541748047,2.3171684741973877,0.5137186646461487,0.8692306280136108,1.3087437152862549,87.27115467781462,80.3517370621306,76.43073374657632,77.1169662475586,80.29264793352003,2933.149095058441,20.317838191986084,0.500708706245853,0.005,256,lr_0.005_hc_256
139,5.103720664978027,2.353400707244873,0.5404351353645325,0.919297993183136,1.2905867099761963,86.17558022199799,79.93368891451637,77.42540002883091,76.85681581497192,80.09787124507929,2954.5406515598297,20.263744354248047,0.5,0.005,256,lr_0.005_hc_256
140,5.078253269195557,2.311049699783325,0.5473244786262512,0.9176801443099976,1.3021990060806274,86.96843015712844,79.74628802075824,77.598385469223,76.88470482826233,80.299452118843,2976.040992498398,20.315296173095703,0.5,0.005,256,lr_0.005_hc_256
141,5.035150527954102,2.2589995861053467,0.5507788062095642,0.9062680006027222,1.3191041946411133,86.93959925039643,80.64004612945077,76.87761280092259,77.18558311462402,80.41071032384846,2998.325946331024,21.123313903808594,0.5,0.005,256,lr_0.005_hc_256
142,4.967778205871582,2.3053231239318848,0.534008264541626,0.8612537980079651,1.2671931982040405,86.95401470376243,80.95718610350295,77.58397001585699,76.13623142242432,80.40785056138667,3019.6761231422424,20.23410987854004,0.5,0.005,256,lr_0.005_hc_256
143,5.056613445281982,2.305938959121704,0.5532432198524475,0.9086939096450806,1.288737177848816,87.01167651722646,80.48147614242468,77.45423093556293,76.67598128318787,80.40584121960049,3041.232492208481,20.39088249206543,0.5,0.005,256,lr_0.005_hc_256
144,5.148781776428223,2.346454381942749,0.5450388789176941,0.9201910495758057,1.3370975255966187,86.82427562346837,80.5103070491567,77.80020181634713,76.80302858352661,80.4844532681247,3062.3924808502197,20.04778242111206,0.5,0.005,256,lr_0.005_hc_256
145,5.040648937225342,2.314796209335327,0.5403429865837097,0.8554782867431641,1.3300315141677856,86.60804382297823,80.94277065013694,76.57488828023641,76.69329643249512,80.20474979646167,3083.5618512630463,20.058422327041626,0.5,0.005,256,lr_0.005_hc_256
146,5.000187397003174,2.2942652702331543,0.520783007144928,0.8551483154296875,1.3299908638000488,87.67478737206285,80.76978520974485,76.51722646677239,75.69186091423035,80.1634149907026,3104.7662103176117,20.035545825958252,0.5,0.005,256,lr_0.005_hc_256
147,4.976315498352051,2.2576944828033447,0.5214189291000366,0.8884274959564209,1.308774471282959,87.14141559752055,80.40939887559463,77.64163182932103,75.83308219909668,80.25638212538323,3126.6665217876434,20.716132640838623,0.5,0.005,256,lr_0.005_hc_256
148,4.984773635864258,2.2605929374694824,0.516140341758728,0.8800080418586731,1.3280320167541504,87.09816923742252,80.06342799481044,76.84878189419058,76.30168199539185,80.07801528045384,3148.0531964302063,20.19861102104187,0.5,0.005,256,lr_0.005_hc_256
149,4.996311187744141,2.252255916595459,0.551099956035614,0.88587886095047,1.3070762157440186,86.65129018307626,80.42381432896065,77.03618278794868,76.4133870601654,80.13116859003775,3169.1583371162415,19.99444055557251,0.5,0.005,256,lr_0.005_hc_256
150,4.890764236450195,2.2223145961761475,0.5365671515464783,0.8540429472923279,1.277839183807373,86.65129018307626,81.40406515784922,77.07942914804671,78.80481481552124,80.98489982612335,3190.4120547771454,20.14375901222229,0.5,0.005,256,lr_0.005_hc_256
151,4.89713191986084,2.1740527153015137,0.5564348101615906,0.8788985013961792,1.287745714187622,86.36298111575609,80.62563067608475,77.46864638892893,76.45674347877502,80.2285004148862,3211.960953235626,20.37058734893799,0.5,0.005,256,lr_0.005_hc_256
152,4.823801517486572,2.1180784702301025,0.537233293056488,0.8693749904632568,1.29911470413208,86.62245927634424,80.40939887559463,77.45423093556293,77.54703760147095,80.50828167224319,3233.3500204086304,20.19880437850952,0.5,0.005,256,lr_0.005_hc_256
153,4.876669883728027,2.194913864135742,0.5169237852096558,0.8462098240852356,1.3186225891113281,86.85310653020038,80.8706933833069,76.99293642785065,76.62554979324341,80.33557153365034,3255.2580099105835,20.80234980583191,0.5,0.005,256,lr_0.005_hc_256
154,4.8339385986328125,2.157474994659424,0.5282226204872131,0.8422121405601501,1.3060288429260254,86.55038200951421,81.08692518379704,77.91552544327519,76.42084956169128,80.49342054956942,3276.6670598983765,20.284979820251465,0.5,0.005,256,lr_0.005_hc_256
155,4.857682228088379,2.1442925930023193,0.5451681017875671,0.8635078072547913,1.3047138452529907,86.55038200951421,80.94277065013694,77.82903272307914,77.71735787391663,80.75988581416172,3298.6351647377014,20.836856365203857,0.5,0.005,256,lr_0.005_hc_256
156,4.831478595733643,2.1167266368865967,0.5386180877685547,0.840797483921051,1.3353365659713745,86.78102926337033,81.24549517082312,77.29566094853682,77.52833366394043,80.71262976166767,3319.8038172721863,20.004013299942017,0.5,0.005,256,lr_0.005_hc_256
157,4.799031734466553,2.1593899726867676,0.519984245300293,0.8476369380950928,1.2720205783843994,87.17024650425256,81.27432607755513,78.1029263370333,77.87190675735474,81.10485141904893,3341.1797184944153,20.170026779174805,0.5,0.005,256,lr_0.005_hc_256
158,4.763765811920166,2.13914155960083,0.5284812450408936,0.8797605633735657,1.216382384300232,87.17024650425256,81.21666426409111,78.49214357791553,77.63469219207764,81.1284366345842,3362.5497522354126,20.29422903060913,0.5,0.005,256,lr_0.005_hc_256
159,4.7298994064331055,2.0842926502227783,0.5156154632568359,0.857278048992157,1.2727134227752686,86.8963528902984,81.54821969150929,76.8920282542886,77.31607556343079,80.66316909988177,3384.6235938072205,20.954089879989624,0.5,0.005,256,lr_0.005_hc_256
160,4.752840995788574,2.112088680267334,0.5284690260887146,0.8624668717384338,1.249816656112671,86.76661381000432,80.64004612945077,78.04526452356927,78.56976985931396,81.00542358058458,3405.7396218776703,19.98006796836853,0.5,0.005,256,lr_0.005_hc_256
161,4.810524940490723,2.1181962490081787,0.5160945057868958,0.8639859557151794,1.3122482299804688,87.70361827879486,81.27432607755513,77.65604728268704,76.47532224655151,80.77732847139714,3427.085205554962,20.15593957901001,0.5,0.005,256,lr_0.005_hc_256
162,4.783654689788818,2.174276113510132,0.523681640625,0.8537790179252625,1.2319178581237793,87.48738647830474,80.94277065013694,78.49214357791553,77.4544894695282,81.09419754397135,3448.356680393219,20.14123296737671,0.5,0.005,256,lr_0.005_hc_256
163,4.665698528289795,2.0775179862976074,0.5075122117996216,0.8455684185028076,1.2351001501083374,87.32881649127864,81.05809427706502,78.34798904425544,77.18754410743713,80.98061098000906,3469.639275074005,20.172718048095703,0.5,0.005,256,lr_0.005_hc_256
164,4.759125709533691,2.190992593765259,0.5214868783950806,0.8400691747665405,1.2065765857696533,87.2279083177166,81.029263370333,79.03993080582384,77.61130332946777,81.22710145583531,3491.066748857498,20.298270225524902,0.5,0.005,256,lr_0.005_hc_256
165,4.760073184967041,2.157413959503174,0.5137212872505188,0.8448073863983154,1.2441307306289673,87.32881649127864,81.21666426409111,78.24708087069338,78.0208945274353,81.20336403837462,3512.9049973487854,20.690353870391846,0.5,0.005,256,lr_0.005_hc_256
166,4.714456558227539,2.0960731506347656,0.5061039924621582,0.8523675799369812,1.2599118947982788,87.15583105088655,80.66887703618278,77.61280092258902,76.78934335708618,80.55671309168613,3534.0552237033844,19.991041660308838,0.5,0.005,256,lr_0.005_hc_256
167,4.715795040130615,2.100493907928467,0.5219825506210327,0.8245487809181213,1.2687697410583496,86.96843015712844,81.46172697131325,78.2903272307914,77.56392359733582,81.07110198914222,3556.1632871627808,20.964200019836426,0.5,0.005,256,lr_0.005_hc_256
168,4.711533546447754,2.151118755340576,0.5128551721572876,0.8381298780441284,1.2094298601150513,86.78102926337033,81.13017154389506,78.56422084474556,79.586923122406,81.51558619360424,3578.2821974754333,20.976833820343018,0.5,0.005,256,lr_0.005_hc_256
169,4.706717491149902,2.0318987369537354,0.5287062525749207,0.8520474433898926,1.2940647602081299,87.02609197059247,81.13017154389506,77.598385469223,79.1823148727417,81.23424096411306,3600.550077676773,21.14123845100403,0.5,0.005,256,lr_0.005_hc_256
170,4.648679256439209,2.0464673042297363,0.5011693239212036,0.8461152911186218,1.2549272775650024,87.38647830474268,81.5626351448753,77.82903272307914,79.47297692298889,81.5627807739215,3621.6085443496704,19.94763684272766,0.5,0.005,256,lr_0.005_hc_256
171,4.729687213897705,2.091876983642578,0.5099886059761047,0.870356559753418,1.2574650049209595,87.11258469078854,80.8706933833069,78.6218826582096,77.51020193099976,81.0288406658262,3643.5046565532684,20.711537837982178,0.5,0.005,256,lr_0.005_hc_256
172,4.660285472869873,2.101738452911377,0.4974254071712494,0.8376526832580566,1.2234690189361572,87.61712555859881,81.46172697131325,78.93902263226178,78.28521132469177,81.57577162171641,3664.915827512741,20.28096079826355,0.5,0.005,256,lr_0.005_hc_256
173,4.70233154296875,2.1762757301330566,0.49597495794296265,0.8425240516662598,1.1875566244125366,87.53063283840277,81.67795877180338,79.27057805967998,77.84473896026611,81.58097715753806,3686.7883722782135,20.71614933013916,0.5,0.005,256,lr_0.005_hc_256
174,4.727129936218262,2.0806143283843994,0.5069835186004639,0.8625224828720093,1.2770094871520996,87.7612800922589,81.08692518379704,77.9299408966412,78.63917946815491,81.354331410213,3706.693104982376,18.748727321624756,0.5,0.005,256,lr_0.005_hc_256
175,4.62465763092041,2.069284677505493,0.503889799118042,0.8399251103401184,1.2115579843521118,87.68920282542886,80.97160155686896,78.40565085771948,78.69758605957031,81.4410103248969,3724.980404138565,17.23544955253601,0.5,0.005,256,lr_0.005_hc_256
176,4.665748596191406,2.0932259559631348,0.5138004422187805,0.8512612581253052,1.2074611186981201,87.53063283840277,81.30315698428716,79.40031713997405,78.59207391738892,81.70654522001323,3743.390951871872,17.27200937271118,0.5,0.005,256,lr_0.005_hc_256
177,4.677007675170898,2.1251566410064697,0.5033719539642334,0.855519711971283,1.1929595470428467,87.53063283840277,80.78420066311085,78.70837537840565,77.72412300109863,81.18683297025447,3762.36878824234,17.89481806755066,0.5,0.005,256,lr_0.005_hc_256
178,4.605942726135254,2.1023635864257812,0.4955544173717499,0.8010290861129761,1.2069954872131348,87.94868098601701,81.69237422516939,78.82369900533371,78.31932306289673,81.6960193198542,3780.6754200458527,17.18214750289917,0.5,0.005,256,lr_0.005_hc_256
179,4.57810640335083,2.099200963973999,0.48913320899009705,0.8215171098709106,1.1682554483413696,88.23699005333717,81.75003603863341,79.09759261928788,78.64799499511719,81.9331534265939,3800.056389093399,18.26928949356079,0.5,0.005,256,lr_0.005_hc_256
180,4.6958088874816895,2.177666187286377,0.5057548880577087,0.8611200451850891,1.1512677669525146,87.32881649127864,80.88510883667291,79.22733169958195,76.41129493713379,80.96313799116682,3818.8869631290436,17.73711657524109,0.5,0.005,256,lr_0.005_hc_256
181,4.649882793426514,2.112232208251953,0.5100927352905273,0.8301011919975281,1.1974565982818604,87.55946374513478,81.5626351448753,78.96785353899381,78.2960593700409,81.5965029497612,3838.934837579727,18.940133571624756,0.5,0.005,256,lr_0.005_hc_256
182,4.586709976196289,2.0962002277374268,0.5171837210655212,0.8145105242729187,1.1588155031204224,88.03517370621307,81.67795877180338,79.4868098601701,77.31776237487793,81.62942617826612,3858.636799812317,18.590152502059937,0.5,0.005,256,lr_0.005_hc_256
183,4.585165023803711,2.0044569969177246,0.5151138305664062,0.8494850397109985,1.216109037399292,87.38647830474268,81.3752342511172,79.02551535245783,77.24359035491943,81.25770456580929,3877.953010559082,18.183370351791382,0.5,0.005,256,lr_0.005_hc_256
184,4.593920707702637,2.010251760482788,0.5043084621429443,0.8148009777069092,1.2645596265792847,87.50180193167076,81.80769785209745,78.16058815049733,78.28671932220459,81.43920181411754,3897.6445276737213,18.582571506500244,0.5,0.005,256,lr_0.005_hc_256
185,4.538638114929199,2.033776044845581,0.49099546670913696,0.8104586005210876,1.2034077644348145,87.81894190572294,81.85094421219547,78.57863629811158,77.75642275810242,81.5012362935331,3917.6794085502625,18.9621479511261,0.5,0.005,256,lr_0.005_hc_256
186,4.534861087799072,2.0659945011138916,0.5002744197845459,0.8206519484519958,1.1479400396347046,86.98284561049445,81.27432607755513,79.47239440680409,77.04236507415771,81.19298279225285,3938.4250140190125,19.61909246444702,0.5,0.005,256,lr_0.005_hc_256
187,4.5203447341918945,2.034315347671509,0.5009912848472595,0.8071998953819275,1.1778383255004883,87.38647830474268,82.11042237278362,79.44356350007207,78.42029929161072,81.84019086730228,3958.5547292232513,18.966905117034912,0.5,0.005,256,lr_0.005_hc_256
188,4.5633063316345215,2.054198741912842,0.5040721297264099,0.8087633848190308,1.1962717771530151,87.02609197059247,81.44731151794724,79.37148623324204,78.64784598350525,81.62318392632176,3978.0502285957336,18.406957626342773,0.5,0.005,256,lr_0.005_hc_256
189,4.616458892822266,2.122746706008911,0.501487135887146,0.8184108734130859,1.1738145351409912,87.71803373216088,81.59146605160731,78.76603719186969,78.54137420654297,81.65422779554521,3998.861702442169,19.697227478027344,0.5,0.005,256,lr_0.005_hc_256
190,4.659377574920654,2.128040313720703,0.49368202686309814,0.8417468667030334,1.195908546447754,87.83335735908895,81.46172697131325,78.73720628513767,79.39387559890747,81.85654155361183,4019.4616186618805,19.47350549697876,0.5,0.005,256,lr_0.005_hc_256
191,4.606903553009033,2.0551698207855225,0.48803579807281494,0.8355802297592163,1.2281174659729004,87.91985007928498,80.88510883667291,78.89577627216376,78.28717231750488,81.49697687640663,4041.0185663700104,20.366097688674927,0.5,0.005,256,lr_0.005_hc_256
192,4.695040702819824,2.146038770675659,0.5072435736656189,0.8104162216186523,1.231342077255249,87.64595646533083,81.53380423814329,78.4488972178175,78.4113883972168,81.5100115796271,4062.801645755768,20.63961124420166,0.5,0.005,256,lr_0.005_hc_256
193,4.641607284545898,2.0816006660461426,0.48755279183387756,0.8011192679405212,1.2713344097137451,87.73244918552689,82.15366873288164,78.2759117774254,79.13200855255127,81.82350956209629,4082.3647198677063,18.47305154800415,0.5,0.005,256,lr_0.005_hc_256
194,4.593038558959961,2.1471359729766846,0.5001081824302673,0.8252483606338501,1.1205459833145142,87.80452645235692,81.7212051319014,79.78953438085628,77.96680927276611,81.82051880947017,4100.877602815628,17.378546953201294,0.5,0.005,256,lr_0.005_hc_256
195,4.563997745513916,2.1001949310302734,0.5038850903511047,0.8239614963531494,1.1359564065933228,87.51621738503675,81.51938878477728,79.53005622026814,78.19275856018066,81.68960523756571,4120.151073217392,18.119980096817017,0.5,0.005,256,lr_0.005_hc_256
196,4.601031303405762,2.083350658416748,0.5018437504768372,0.8222315311431885,1.1936051845550537,87.45855557157273,82.03834510595358,79.09759261928788,77.37964987754822,81.4935357935906,4139.780021905899,18.500563621520996,0.5,0.005,256,lr_0.005_hc_256
197,4.504288673400879,2.0941355228424072,0.48611897230148315,0.7779662609100342,1.1460678577423096,87.47297102493874,81.92302147902552,79.73187256739224,78.78774404525757,81.97890227915352,4163.116106271744,22.11317539215088,0.5,0.005,256,lr_0.005_hc_256
198,4.572179317474365,2.1036205291748047,0.4851532280445099,0.8242172002792358,1.1591883897781372,87.66037191869684,81.34640334438518,79.61654894046418,77.85857915878296,81.6204758405823,4185.9881427288055,21.621943712234497,0.5,0.005,256,lr_0.005_hc_256
199,4.489564895629883,1.9944589138031006,0.5055052638053894,0.8096804022789001,1.1799203157424927,87.64595646533083,81.49055787804527,79.37148623324204,77.19923853874207,81.42680977884005,4205.226557254791,18.173254251480103,0.5,0.005,256,lr_0.005_hc_256
200,4.490825176239014,2.0846450328826904,0.4868304133415222,0.7808271050453186,1.138522744178772,88.10725097304311,81.70678967853539,80.25082888856855,78.43232750892639,82.12429926226837,4223.506859779358,17.160139560699463,0.5,0.005,256,lr_0.005_hc_256
201,4.509075164794922,2.049434185028076,0.5013594627380371,0.8487534523010254,1.1095283031463623,87.66037191869684,81.63471241170535,80.27965979530056,78.45441102981567,82.0072887888796,4241.71119427681,17.085604190826416,0.5,0.005,256,lr_0.005_hc_256
202,4.596480369567871,2.1018126010894775,0.508182942867279,0.8101611137390137,1.176323413848877,87.45855557157273,82.12483782614963,79.28499351304599,78.57173681259155,81.86003093083998,4260.98134636879,18.131539583206177,0.5,0.005,256,lr_0.005_hc_256
203,4.54866886138916,2.032464027404785,0.49496379494667053,0.8169364929199219,1.2043044567108154,87.91985007928498,81.82211330546346,79.12642352601989,78.9618968963623,81.95757095178267,4279.096883773804,17.018161058425903,0.5,0.005,256,lr_0.005_hc_256
204,4.599997520446777,2.0799131393432617,0.5031303763389587,0.8226908445358276,1.1942631006240845,87.71803373216088,81.93743693239153,78.80928355196771,78.45393419265747,81.72967210229439,4297.298796892166,17.109251022338867,0.5,0.005,256,lr_0.005_hc_256
205,4.649511814117432,2.105259656906128,0.49375954270362854,0.8635370135307312,1.186955451965332,87.7612800922589,81.11575609052905,79.8039498342223,78.36059927940369,81.76039632410348,4315.460736274719,17.077800273895264,0.5,0.005,256,lr_0.005_hc_256
206,4.453606128692627,1.9445178508758545,0.49178874492645264,0.8331985473632812,1.1841011047363281,87.94868098601701,81.93743693239153,79.25616260631398,79.30598258972168,82.11206577861104,4334.163928985596,17.566813945770264,0.5,0.005,256,lr_0.005_hc_256
207,4.602081775665283,2.1407041549682617,0.49473151564598083,0.7929161787033081,1.1737300157546997,87.73244918552689,82.67262505405795,79.74628802075824,78.91575694084167,82.26677980029619,4353.128164291382,17.86542057991028,0.5,0.005,256,lr_0.005_hc_256
208,4.52687931060791,2.028989315032959,0.4949985146522522,0.8201926946640015,1.1826984882354736,87.86218826582096,81.95185238575753,79.4868098601701,79.90955114364624,82.30260041384871,4371.533163070679,17.269868850708008,0.5,0.005,256,lr_0.005_hc_256
209,4.441937446594238,2.0207929611206055,0.4746362566947937,0.8040121793746948,1.1424963474273682,88.29465186680122,81.85094421219547,79.6453798471962,78.91554832458496,82.17663106269445,4390.450840711594,17.829430103302002,0.5,0.005,256,lr_0.005_hc_256
210,4.6010332107543945,2.1501882076263428,0.487012654542923,0.7942553162574768,1.1695770025253296,88.19374369323916,81.93743693239153,79.63096439383018,79.57099080085754,82.33328395507961,4408.6906707286835,17.13327646255493,0.5,0.005,256,lr_0.005_hc_256
211,4.535323143005371,2.140266180038452,0.4718683660030365,0.8090410828590393,1.114147424697876,88.53971457402335,81.90860602565951,80.17875162173851,77.45198011398315,82.01976308385113,4426.935990571976,17.17743706703186,0.5,0.005,256,lr_0.005_hc_256
212,4.4897074699401855,2.0992674827575684,0.47966399788856506,0.7947250604629517,1.1160506010055542,87.81894190572294,81.86535966556147,80.5103070491567,79.03882265090942,82.30835781783763,4446.2075934410095,18.10001230239868,0.5,0.005,256,lr_0.005_hc_256
213,4.510697364807129,2.091095209121704,0.48709163069725037,0.8111751675605774,1.121335506439209,88.22257459997117,81.64912786507136,80.03459708807841,77.87716388702393,81.94586586003622,4465.046275377274,17.69015645980835,0.5,0.005,256,lr_0.005_hc_256
214,4.486261367797852,2.087012767791748,0.46481966972351074,0.7801305651664734,1.1542983055114746,88.4532218538273,82.19691509297967,80.17875162173851,78.60896587371826,82.35946361056594,4483.938314676285,17.747597217559814,0.5,0.005,256,lr_0.005_hc_256
215,4.625922679901123,2.110900640487671,0.4940362274646759,0.8387628793716431,1.182222843170166,87.48738647830474,81.7212051319014,79.313824419778,78.4680426120758,81.74761466051498,4502.721399784088,17.61932373046875,0.5,0.005,256,lr_0.005_hc_256
216,4.58064603805542,2.09660267829895,0.4873640239238739,0.8156453371047974,1.1810342073440552,88.29465186680122,81.99509874585556,79.63096439383018,78.22946310043335,82.03754452673007,4522.2190980911255,18.387288570404053,0.5,0.005,256,lr_0.005_hc_256
217,4.5175676345825195,2.098177909851074,0.48956722021102905,0.8127612471580505,1.1170610189437866,88.15049733314113,81.63471241170535,80.5103070491567,78.00043821334839,82.07398875183789,4541.226365327835,17.8499436378479,0.5,0.005,256,lr_0.005_hc_256
218,4.508839130401611,2.0879712104797363,0.4727301597595215,0.7792275547981262,1.1689101457595825,88.23699005333717,82.25457690644372,79.14083897938589,79.40677404403687,82.25979499580092,4560.403337717056,17.994922876358032,0.5,0.005,256,lr_0.005_hc_256
219,4.542517185211182,2.146156072616577,0.46028897166252136,0.7770792245864868,1.1589927673339844,88.7847772812455,82.45639325356782,80.0057661813464,78.47707271575928,82.43100235797975,4579.340562820435,17.778321743011475,0.5,0.005,256,lr_0.005_hc_256
220,4.507149696350098,2.084355592727661,0.4845224618911743,0.7910269498825073,1.1472443342208862,88.33789822689924,82.16808418624765,79.97693527461439,79.28821444511414,82.44278303321886,4599.818068742752,19.359681129455566,0.5,0.005,256,lr_0.005_hc_256
221,4.4958600997924805,2.101207733154297,0.4890829026699066,0.7665567994117737,1.1390128135681152,87.99192734611503,81.66354331843736,79.91927346115035,78.911292552948,82.12150916966269,4618.745772123337,17.751190423965454,0.5,0.005,256,lr_0.005_hc_256
222,4.414736747741699,2.0702450275421143,0.46958795189857483,0.7570909261703491,1.1178128719329834,88.39556004036328,82.02392965258758,80.20758252847052,78.83191704750061,82.3647473172305,4638.2132403850555,18.371023654937744,0.5,0.005,256,lr_0.005_hc_256
223,4.507753372192383,2.0497915744781494,0.4909254014492035,0.8049846887588501,1.1620516777038574,87.63154101196483,81.87977511892748,79.06876171255585,78.72458696365356,81.82616620177544,4657.201826334,17.7889564037323,0.5,0.005,256,lr_0.005_hc_256
224,4.561578750610352,2.100954055786133,0.48912373185157776,0.7759458422660828,1.1955547332763672,87.68920282542886,82.9032723079141,79.70304166066022,78.18716168403625,82.12066961950985,4675.441513776779,17.125589609146118,0.5,0.005,256,lr_0.005_hc_256
225,4.494964599609375,2.1260035037994385,0.4677187502384186,0.7893127202987671,1.1119294166564941,88.2802364134352,82.61496324059392,80.03459708807841,78.77362966537476,82.42585660187058,4693.731585264206,17.167938232421875,0.5,0.005,256,lr_0.005_hc_256
226,4.415295600891113,2.0143344402313232,0.479614794254303,0.7974357008934021,1.1239107847213745,87.53063283840277,82.34106962663977,80.32290615539858,79.59368228912354,82.44707272739116,4712.913718223572,18.046210527420044,0.5,0.005,256,lr_0.005_hc_256
227,4.452025890350342,2.0638203620910645,0.48640701174736023,0.8205949068069458,1.081203579902649,87.6027101052328,82.55730142712989,81.11575609052905,78.53251695632935,82.45207114480527,4731.422479152679,17.33027696609497,0.5,0.005,256,lr_0.005_hc_256
228,4.468001842498779,2.072660207748413,0.4734841585159302,0.8162221312522888,1.1056352853775024,88.39556004036328,82.16808418624765,80.40939887559463,77.78280973434448,82.18896320913751,4750.285281658173,17.744998455047607,0.5,0.005,256,lr_0.005_hc_256
229,4.579801082611084,2.1214025020599365,0.4976622760295868,0.8254777789115906,1.1352583169937134,87.6027101052328,82.19691509297967,80.27965979530056,78.2982349395752,82.09437998327206,4768.400693893433,16.961445569992065,0.5,0.005,256,lr_0.005_hc_256
230,4.4840922355651855,2.095048189163208,0.49660059809684753,0.7969186305999756,1.095524787902832,87.45855557157273,82.22574599971169,80.07784344817644,78.61608862876892,82.09455841205745,4787.542488336563,18.05488634109497,0.5,0.005,256,lr_0.005_hc_256
231,4.493887901306152,2.07735538482666,0.5028091669082642,0.7741861939430237,1.1395374536514282,88.07842006631108,82.55730142712989,79.34265532651001,78.19471955299377,82.04327409323618,4806.098109483719,17.411495447158813,0.5,0.005,256,lr_0.005_hc_256
232,4.3823089599609375,2.0435523986816406,0.49843835830688477,0.7567391991615295,1.0835788249969482,87.7468646388929,82.9321032146461,80.55355340925472,79.50787544250488,82.68509917632466,4824.4378089904785,17.245059728622437,0.5,0.005,256,lr_0.005_hc_256
233,4.4185991287231445,2.1529581546783447,0.4793093204498291,0.7645112872123718,1.0218204259872437,87.99192734611503,82.4275623468358,81.66354331843736,77.48352885246277,82.39164046596275,4842.50715637207,16.97510290145874,0.5,0.005,256,lr_0.005_hc_256
234,4.462506294250488,2.0269453525543213,0.49638691544532776,0.7651004791259766,1.174073576927185,87.66037191869684,82.25457690644372,79.8039498342223,79.35081720352173,82.26742896572115,4861.029627561569,17.414852142333984,0.5,0.005,256,lr_0.005_hc_256
235,4.5524187088012695,2.082773208618164,0.4965267777442932,0.8088233470916748,1.1642955541610718,87.91985007928498,82.21133054634568,79.90485800778434,78.79266738891602,82.20717650558275,4879.809942007065,17.60269021987915,0.5,0.005,256,lr_0.005_hc_256
236,4.4428887367248535,2.0838637351989746,0.4786961078643799,0.7675248980522156,1.1128039360046387,88.13608187977512,82.2401614530777,80.3373216087646,77.94792056083679,82.16537137561355,4898.728962898254,17.78691053390503,0.5,0.005,256,lr_0.005_hc_256
237,4.374517917633057,2.0404539108276367,0.45229440927505493,0.7692458033561707,1.1125236749649048,88.39556004036328,82.09600691941762,80.22199798183652,79.3371319770813,82.51267422967467,4918.489262342453,18.582578659057617,0.5,0.005,256,lr_0.005_hc_256
238,4.483489036560059,2.139694929122925,0.47720444202423096,0.792170524597168,1.0744187831878662,88.40997549372928,82.13925327951564,80.3517370621306,77.38653421401978,82.07187501234883,4937.474825143814,17.819418907165527,0.5,0.005,256,lr_0.005_hc_256
239,4.443292617797852,2.1255810260772705,0.4705822169780731,0.7925440073013306,1.054585576057434,88.6117918408534,81.96626783912355,80.89952429003893,78.9551854133606,82.60819234584412,4957.231023073196,18.60008192062378,0.5,0.005,256,lr_0.005_hc_256
240,4.461000442504883,2.1143360137939453,0.46432819962501526,0.7904125452041626,1.0919239521026611,88.74153092114747,82.29782326654174,80.58238431598673,77.97257900238037,82.39857937651408,4975.4818816185,17.0642032623291,0.5,0.005,256,lr_0.005_hc_256
241,4.415358543395996,2.143254518508911,0.4681536555290222,0.7738721966743469,1.030078411102295,88.40997549372928,82.26899235980972,81.57705059824131,78.8835883140564,82.78490169145918,4996.598380565643,20.028035163879395,0.5,0.005,256,lr_0.005_hc_256
242,4.4517436027526855,2.0865285396575928,0.45435208082199097,0.7691619992256165,1.1417009830474854,88.59737638748739,82.9032723079141,80.1643361683725,77.68720388412476,82.33804718697468,5017.036562919617,19.34170126914978,0.5,0.005,256,lr_0.005_hc_256
243,4.38530158996582,2.0750961303710938,0.4602949917316437,0.7995263934135437,1.0503841638565063,88.46763730719331,82.5717168804959,80.98601701023497,79.47578430175781,82.8752888749205,5035.649217605591,17.551501989364624,0.5,0.005,256,lr_0.005_hc_256
244,4.45704984664917,2.080170154571533,0.45026668906211853,0.7760385870933533,1.1505744457244873,88.77036182787948,81.96626783912355,80.25082888856855,78.60233783721924,82.39744909819771,5054.762041568756,17.999454975128174,0.5,0.005,256,lr_0.005_hc_256
245,4.405688762664795,2.0473520755767822,0.48099285364151,0.7810252904891968,1.0963188409805298,87.84777281245495,81.90860602565951,80.98601701023497,78.51484417915344,82.31431000687571,5077.543567657471,21.62083125114441,0.5,0.005,256,lr_0.005_hc_256
246,4.461114883422852,2.065221071243286,0.46260619163513184,0.7920216917991638,1.141266107559204,88.66945365431744,81.90860602565951,79.6597953005622,79.79391813278198,82.50794327833029,5099.046452522278,20.251044750213623,0.5,0.005,256,lr_0.005_hc_256
247,4.438664436340332,2.056220293045044,0.460527628660202,0.7888123393058777,1.1331042051315308,88.00634279948105,82.0671760126856,80.1643361683725,79.46298122406006,82.42520905114979,5120.20255446434,20.000158071517944,0.5,0.005,256,lr_0.005_hc_256
248,4.3995537757873535,2.043767213821411,0.4688001573085785,0.7862018942832947,1.1007845401763916,88.29465186680122,81.67795877180338,80.4958915957907,78.74752879142761,82.30400775645572,5141.559959888458,20.13493061065674,0.5,0.005,256,lr_0.005_hc_256
249,4.467617034912109,2.142242908477783,0.4661734998226166,0.7573878169059753,1.1018128395080566,88.07842006631108,82.60054778722791,80.22199798183652,77.67937779426575,82.1450859074103,5163.399182796478,20.61984920501709,0.5,0.005,256,lr_0.005_hc_256
250,4.3963751792907715,2.048724412918091,0.4687373638153076,0.7746192812919617,1.1042941808700562,88.42439094709529,81.99509874585556,80.39498342222863,80.5061936378479,82.83016668825684,5185.50988984108,20.848321437835693,0.5,0.005,256,lr_0.005_hc_256
251,4.341428279876709,2.0276730060577393,0.484607070684433,0.7557317018508911,1.073416829109192,87.66037191869684,82.67262505405795,81.24549517082312,78.76595258712769,82.5861111826764,5206.766278266907,20.03143000602722,0.5,0.005,256,lr_0.005_hc_256
252,4.324765682220459,2.075706720352173,0.45200976729393005,0.741142213344574,1.055907130241394,88.62620729421941,82.73028686752198,81.31757243765317,78.546804189682,82.80521769726914,5227.985032081604,20.054325103759766,0.5,0.005,256,lr_0.005_hc_256
253,4.436223030090332,2.0617127418518066,0.473697304725647,0.7844765782356262,1.116336464881897,88.46763730719331,82.51405506703186,80.5247225025227,78.16864252090454,82.4187643494131,5249.228529930115,20.113593578338623,0.5,0.005,256,lr_0.005_hc_256
254,4.418768882751465,2.0991995334625244,0.4614011347293854,0.7672107815742493,1.0909572839736938,88.58296093412137,82.51405506703186,80.38056796886262,79.42227721214294,82.7249652955397,5270.551864385605,20.16435480117798,0.5,0.005,256,lr_0.005_hc_256
255,4.4184041023254395,2.088783025741577,0.47043851017951965,0.7859789133071899,1.073203444480896,88.2802364134352,82.44197780020181,80.94277065013694,78.77215147018433,82.60928408348957,5291.78179359436,20.011048078536987,0.5,0.005,256,lr_0.005_hc_256
256,4.423929214477539,2.086315393447876,0.4597508907318115,0.7373842000961304,1.1404786109924316,88.7991927346115,83.1050886550382,80.43822978232666,77.90417671203613,82.56167197100312,5313.82324051857,20.877060890197754,0.5,0.005,256,lr_0.005_hc_256
257,4.416996479034424,2.0979087352752686,0.47132447361946106,0.7382194399833679,1.1095439195632935,88.29465186680122,83.1050886550382,80.56796886262073,79.1197419166565,82.77186282527916,5335.137665510178,20.14745569229126,0.5,0.005,256,lr_0.005_hc_256
258,4.4136962890625,2.099843740463257,0.47089141607284546,0.753098726272583,1.0898621082305908,88.92893181490558,83.13391956177021,80.94277065013694,78.60249280929565,82.90202870902709,5356.415521144867,20.04678225517273,0.5,0.005,256,lr_0.005_hc_256
259,4.330641269683838,2.0391182899475098,0.4748101234436035,0.7418607473373413,1.0748519897460938,88.22257459997117,82.80236413435202,81.28874153092114,78.72978448867798,82.76086618848058,5377.663390636444,20.012529850006104,0.5,0.005,256,lr_0.005_hc_256
260,4.440661430358887,2.025604486465454,0.502219557762146,0.7568594813346863,1.1559779644012451,88.1216664264091,82.759117774254,79.94810436788237,79.3000340461731,82.53223065367963,5399.231957912445,20.34730815887451,0.5,0.005,256,lr_0.005_hc_256
261,4.408010482788086,2.0197393894195557,0.5031858682632446,0.7700140476226807,1.1150709390640259,88.03517370621307,82.64379414732593,80.56796886262073,80.44936060905457,82.92407433130357,5420.514108419418,20.150027751922607,0.5,0.005,256,lr_0.005_hc_256
262,4.358591556549072,2.0234262943267822,0.4827271103858948,0.7616850137710571,1.0907530784606934,87.83335735908895,83.19158137523425,80.23641343520254,79.28597927093506,82.63683286011519,5442.486250638962,20.73989486694336,0.5,0.005,256,lr_0.005_hc_256
263,4.361469268798828,2.0415382385253906,0.4787684381008148,0.7718349099159241,1.0693280696868896,88.2802364134352,82.0815914660516,80.39498342222863,79.28915023803711,82.51149038493814,5463.826899766922,20.092788696289062,0.5,0.005,256,lr_0.005_hc_256
264,4.404139518737793,2.031780958175659,0.4795433580875397,0.777191162109375,1.115624189376831,88.42439094709529,82.84561049445006,80.89952429003893,79.15814518928528,82.83191773021738,5484.870936393738,19.90282917022705,0.5,0.005,256,lr_0.005_hc_256
265,4.366642475128174,2.0829243659973145,0.46561717987060547,0.7348859906196594,1.0832151174545288,88.69828456104945,83.6384604295805,80.53913795588872,78.4207820892334,82.82416625893802,5506.2805507183075,20.186432600021362,0.5,0.005,256,lr_0.005_hc_256
266,4.393360137939453,2.118731737136841,0.4730507731437683,0.7557085752487183,1.045868992805481,88.90010090817356,82.55730142712989,81.14458699726106,78.02421450614929,82.65655095967846,5527.620651483536,20.143299341201782,0.5,0.005,256,lr_0.005_hc_256
267,4.398769855499268,2.1139121055603027,0.45695915818214417,0.7509620785713196,1.0769366025924683,88.65503820095142,83.04742684157416,80.65446158281678,77.3735761642456,82.43262569739699,5549.005801677704,20.165285110473633,0.5,0.005,256,lr_0.005_hc_256
268,4.361957550048828,1.9787813425064087,0.4784133732318878,0.7972296476364136,1.1075330972671509,88.19374369323916,82.22574599971169,80.39498342222863,78.57234477996826,82.34670447378693,5570.977949142456,20.806029081344604,0.5,0.005,256,lr_0.005_hc_256
269,4.303898334503174,2.088407516479492,0.46664679050445557,0.7640616297721863,0.9847822785377502,88.40997549372928,82.61496324059392,82.0527605593196,78.03279757499695,82.77762421715993,5592.223793268204,20.072553157806396,0.5,0.005,256,lr_0.005_hc_256
270,4.410906791687012,2.0977015495300293,0.4831562936306,0.7686993479728699,1.061349868774414,88.07842006631108,82.9321032146461,81.18783335735908,78.76148819923401,82.73996120938757,5613.651505470276,20.283688068389893,0.5,0.005,256,lr_0.005_hc_256
271,4.316300392150879,2.0398993492126465,0.44815319776535034,0.7701177000999451,1.0581302642822266,88.65503820095142,82.86002594781607,81.41848061121523,80.22363185882568,83.2892941547021,5635.10781621933,20.252208471298218,0.5,0.005,256,lr_0.005_hc_256
272,4.3513007164001465,2.027581214904785,0.48924097418785095,0.7388771176338196,1.0956015586853027,88.02075825284706,82.68704050742396,80.40939887559463,79.43660020828247,82.63844946103703,5656.416900634766,20.131398677825928,0.5,0.005,256,lr_0.005_hc_256
273,4.241457939147949,1.989620327949524,0.4685393273830414,0.7460677623748779,1.0372307300567627,89.02983998846764,82.80236413435202,81.46172697131325,79.06918525695801,83.09077908777273,5675.199903488159,17.515244960784912,0.5,0.005,256,lr_0.005_hc_256
274,4.300958633422852,2.028374195098877,0.4719502627849579,0.7373548150062561,1.0632795095443726,88.91451636153957,82.98976502811013,81.00043246360099,80.23402690887451,83.28468519053129,5695.119888544083,18.752052068710327,0.5,0.005,256,lr_0.005_hc_256
275,4.523871421813965,2.1741080284118652,0.478529691696167,0.7345438003540039,1.1366899013519287,88.56854548075536,82.5861323338619,80.30849070203257,78.27847003936768,82.43540963900438,5713.2631623744965,17.023533821105957,0.5,0.005,256,lr_0.005_hc_256
276,4.341604232788086,2.0879902839660645,0.4587949514389038,0.7306735515594482,1.064145565032959,88.88568545480754,83.30690500216231,81.50497333141126,78.81076335906982,83.12708178686275,5731.229383945465,16.90257453918457,0.5,0.005,256,lr_0.005_hc_256
277,4.415327072143555,2.167881965637207,0.47703394293785095,0.7578487992286682,1.0125623941421509,88.42439094709529,82.759117774254,81.3608187977512,79.21948432922363,82.94095296208103,5749.380169630051,17.012606143951416,0.5,0.005,256,lr_0.005_hc_256
278,4.378602981567383,2.0913009643554688,0.46087756752967834,0.7541788816452026,1.072245717048645,88.49646821392533,83.16275046850224,81.2022488107251,79.48261499404907,83.08602062180043,5767.826218128204,17.35862374305725,0.5,0.005,256,lr_0.005_hc_256
279,4.323805809020996,2.0587375164031982,0.463127464056015,0.7284881472587585,1.0734525918960571,88.30906732016722,83.19158137523425,81.17341790399308,79.51029539108276,83.04609049761933,5785.983193397522,17.018104553222656,0.5,0.005,256,lr_0.005_hc_256
280,4.308121204376221,2.078806161880493,0.4575784504413605,0.7349184155464172,1.0368181467056274,88.62620729421941,82.81677958771803,81.27432607755513,78.54194641113281,82.81481484265635,5804.393139600754,17.242789030075073,0.5,0.005,256,lr_0.005_hc_256
281,4.345220565795898,2.068371295928955,0.47229936718940735,0.7334258556365967,1.0711243152618408,88.95776272163761,83.32132045552832,80.6977079429148,79.51606512069702,83.12321406019444,5823.869118690491,18.334938049316406,0.5,0.005,256,lr_0.005_hc_256
282,4.3881683349609375,2.0543899536132812,0.4650283753871918,0.7281708121299744,1.140579342842102,88.69828456104945,83.30690500216231,80.0201816347124,79.2514443397522,82.8192038844191,5842.625053882599,17.620563745498657,0.5,0.005,256,lr_0.005_hc_256
283,4.34282112121582,2.026190757751465,0.4754820466041565,0.7167307734489441,1.124417781829834,88.51088366729134,83.49430589592043,80.3373216087646,79.3262243270874,82.91718387476594,5861.081327676773,17.348151922225952,0.5,0.005,256,lr_0.005_hc_256
284,4.363529682159424,2.0413169860839844,0.4559086859226227,0.7928926944732666,1.0734113454818726,88.58296093412137,82.49963961366585,80.8562779299409,79.42793369293213,82.84170304266507,5879.450256109238,17.217459678649902,0.5,0.005,256,lr_0.005_hc_256
285,4.325867652893066,2.026165008544922,0.4540174901485443,0.7483200430870056,1.0973650217056274,88.20815914660515,82.87444140118207,80.12108980827448,79.18766140937805,82.59783794135994,5897.584937095642,17.039852619171143,0.5,0.005,256,lr_0.005_hc_256
286,4.349353790283203,2.067070722579956,0.4682535231113434,0.7515893578529358,1.062440276145935,88.42439094709529,83.1050886550382,81.54821969150929,79.55597639083862,83.15841892112034,5915.873595952988,17.163901329040527,0.5,0.005,256,lr_0.005_hc_256
287,4.29836368560791,2.0264554023742676,0.4570188522338867,0.7099837064743042,1.104905605316162,88.2802364134352,83.59521406948248,80.72653884964683,80.06669282913208,83.16717054042415,5934.210600376129,17.217411279678345,0.5,0.005,256,lr_0.005_hc_256
288,4.326481819152832,2.0571138858795166,0.4597627818584442,0.6923109889030457,1.1172939538955688,88.64062274758541,83.85469223007064,80.23641343520254,79.27196025848389,83.00092216783561,5953.155945777893,17.86640477180481,0.5,0.005,256,lr_0.005_hc_256
289,4.305778980255127,2.0126829147338867,0.451015830039978,0.7270526885986328,1.1150275468826294,88.90010090817356,83.16275046850224,80.55355340925472,79.51769828796387,83.03352576847361,5971.743492841721,17.45331883430481,0.5,0.005,256,lr_0.005_hc_256
290,4.293227195739746,1.9998646974563599,0.4644438922405243,0.7232088446617126,1.1057095527648926,88.98659362836962,83.1050886550382,80.22199798183652,79.3595552444458,82.91830887742253,5989.959423065186,17.132330417633057,0.5,0.005,256,lr_0.005_hc_256
291,4.243200778961182,1.9601551294326782,0.4651707708835602,0.7674881815910339,1.0503867864608765,88.85685454807553,82.28340781317573,80.97160155686896,80.24245500564575,83.08857973094149,6009.056919336319,17.959944248199463,0.5,0.005,256,lr_0.005_hc_256
292,4.268370628356934,2.0024049282073975,0.4672895073890686,0.77419513463974,1.024480938911438,88.30906732016722,82.29782326654174,80.92835519677094,80.72583079338074,83.06526914421516,6027.182680130005,16.98409867286682,0.5,0.005,256,lr_0.005_hc_256
293,4.305595874786377,2.030151844024658,0.4603731334209442,0.7333110570907593,1.081760048866272,88.19374369323916,83.42222862909038,81.11575609052905,79.37170267105103,83.02585777097741,6045.3972334861755,17.104064464569092,0.5,0.005,256,lr_0.005_hc_256
294,4.270448684692383,2.0322697162628174,0.4559064507484436,0.728086531162262,1.0541863441467285,88.51088366729134,83.49430589592043,81.27432607755513,79.17180061340332,83.11282906354256,6063.970296621323,17.4478497505188,0.5,0.005,256,lr_0.005_hc_256
295,4.286378383636475,2.0413951873779297,0.4754492938518524,0.7197957038879395,1.0497380495071411,88.59737638748739,83.1050886550382,81.62029695833934,79.58144545555115,83.22605186410401,6084.086733579636,18.99888038635254,0.5,0.005,256,lr_0.005_hc_256
296,4.189438819885254,2.000460386276245,0.44923731684684753,0.6936022043228149,1.0461385250091553,88.68386910768344,83.11950410840421,80.88510883667291,78.734290599823,82.8556931631459,6102.189464569092,17.008882761001587,0.5,0.005,256,lr_0.005_hc_256
297,4.306424617767334,2.098571300506592,0.4617450535297394,0.7065808176994324,1.039527416229248,88.77036182787948,83.72495314977655,81.57705059824131,79.67233657836914,83.43617553856663,6120.601300954819,17.322348833084106,0.5,0.005,256,lr_0.005_hc_256
298,4.346719264984131,2.113954544067383,0.4338441789150238,0.7170936465263367,1.0818268060684204,89.27490269568979,83.53755225601846,80.8706933833069,78.84007692337036,83.13080631459637,6138.9411561489105,17.213363647460938,0.5,0.005,256,lr_0.005_hc_256
299,4.302659034729004,2.011660099029541,0.46148496866226196,0.7314996719360352,1.0980141162872314,88.36672913363125,83.13391956177021,81.04367882369901,79.24280166625977,82.94678229634006,6157.357986688614,17.29578185081482,0.5,0.005,256,lr_0.005_hc_256
300,4.218349456787109,2.0324156284332275,0.4386950433254242,0.7092148065567017,1.0380237102508545,89.3037336024218,83.40781317572437,81.5626351448753,78.69296073913574,83.2417856655393,6175.735201120377,17.236037969589233,0.5,0.005,256,lr_0.005_hc_256
301,4.2397966384887695,1.9815243482589722,0.46407297253608704,0.7447681427001953,1.049431324005127,88.42439094709529,82.91768776128009,81.3896497044832,80.02808094024658,83.1899523382763,6193.878995895386,17.055344104766846,0.5,0.005,256,lr_0.005_hc_256
302,4.1688995361328125,1.992535948753357,0.45998865365982056,0.7315934896469116,0.9847812652587891,88.48205276055931,83.17716592186825,81.92302147902552,79.00558710098267,83.14695681560893,6215.400185108185,20.43258237838745,0.5,0.005,256,lr_0.005_hc_256
303,4.209224224090576,1.9917842149734497,0.4587925970554352,0.7191799879074097,1.039467453956604,88.88568545480754,83.6384604295805,81.01484791696699,80.67975044250488,83.55468606096498,6237.368184804916,20.735090970993042,0.5,0.005,256,lr_0.005_hc_256
304,4.203769207000732,2.0068376064300537,0.46330559253692627,0.755436360836029,0.9781892895698547,88.56854548075536,83.33573590889434,82.4131468934698,79.22724485397339,83.38616828427323,6258.583489656448,20.041711807250977,0.5,0.005,256,lr_0.005_hc_256
305,4.320113182067871,2.0390353202819824,0.48622626066207886,0.747107207775116,1.0477443933486938,88.07842006631108,82.86002594781607,81.51938878477728,79.35553789138794,82.95334317257308,6279.74059009552,19.934038400650024,0.5,0.005,256,lr_0.005_hc_256
306,4.211065769195557,1.9706388711929321,0.4354488253593445,0.7182219624519348,1.0867561101913452,88.95776272163761,83.7826149632406,80.8706933833069,79.03395891189575,83.16125749502021,6300.8907995224,19.981050729751587,0.5,0.005,256,lr_0.005_hc_256
307,4.149209022521973,1.8853224515914917,0.4524739682674408,0.7190936207771301,1.0923188924789429,88.6117918408534,83.47989044255442,81.30315698428716,80.29841184616089,83.42331277846397,6322.045075178146,19.894710540771484,0.5,0.005,256,lr_0.005_hc_256
308,4.185303211212158,1.9541312456130981,0.45848169922828674,0.7261477112770081,1.0465426445007324,88.92893181490558,83.40781317572437,80.84186247657489,79.63870763778687,83.20432877624793,6344.05651640892,20.85786509513855,0.5,0.005,256,lr_0.005_hc_256
309,4.311679363250732,2.0407185554504395,0.46975183486938477,0.7293151021003723,1.0718939304351807,88.65503820095142,83.13391956177021,81.17341790399308,79.56540584564209,83.1319453780892,6365.436594009399,20.232747554779053,0.5,0.005,256,lr_0.005_hc_256
310,4.188848972320557,1.9348634481430054,0.4288947284221649,0.7293499708175659,1.0957406759262085,89.08750180193167,83.2780740954303,80.19316707510451,79.20083403587341,82.93989425208497,6386.656507015228,19.994338750839233,0.5,0.005,256,lr_0.005_hc_256
311,4.203116416931152,1.9695072174072266,0.45236536860466003,0.7387871742248535,1.0424567461013794,88.36672913363125,83.56638316275047,81.08692518379704,79.16681170463562,83.0467122962036,6407.977998018265,20.115917682647705,0.5,0.005,256,lr_0.005_hc_256
312,4.287616729736328,2.0429952144622803,0.46199169754981995,0.7459079623222351,1.0367214679718018,88.65503820095142,83.29248954879631,81.62029695833934,79.49098348617554,83.26470204856565,6429.164230585098,20.02911901473999,0.5,0.005,256,lr_0.005_hc_256
313,4.2737579345703125,2.016165018081665,0.4577028751373291,0.7631726861000061,1.0367175340652466,88.90010090817356,82.83119504108404,81.62029695833934,80.27212619781494,83.40592977635298,6450.542170286179,20.148072481155396,0.5,0.005,256,lr_0.005_hc_256
314,4.166717529296875,1.9509632587432861,0.45068809390068054,0.7467953562736511,1.0182706117630005,88.68386910768344,82.9321032146461,81.10134063716305,79.76582050323486,83.12078336568186,6472.543735980988,20.79528570175171,0.5,0.005,256,lr_0.005_hc_256
315,4.189340591430664,1.9704444408416748,0.4465634226799011,0.7311978340148926,1.0411348342895508,88.7847772812455,83.00418048147614,81.63471241170535,79.90595698356628,83.33240678949832,6493.961759567261,20.199422121047974,0.5,0.005,256,lr_0.005_hc_256
316,4.1785888671875,2.004901170730591,0.4576817750930786,0.7093521952629089,1.0066533088684082,88.87127000144154,82.9465186680121,81.63471241170535,78.28971147537231,82.93555313913284,6515.047811985016,19.963589191436768,0.5,0.005,256,lr_0.005_hc_256
317,4.190296173095703,1.9905513525009155,0.45861005783081055,0.7291250228881836,1.0120093822479248,88.62620729421941,83.39339772235836,81.24549517082312,78.91119718551636,83.04407434322931,6536.359795331955,20.167529106140137,0.5,0.005,256,lr_0.005_hc_256
318,4.239930629730225,2.0189104080200195,0.4501717686653137,0.7149473428726196,1.0559009313583374,88.6117918408534,83.06184229494018,81.59146605160731,78.95246744155884,83.05439190723993,6554.7251765728,17.215250968933105,0.5,0.005,256,lr_0.005_hc_256
319,4.260641098022461,2.0112452507019043,0.47568249702453613,0.7068407535552979,1.0668723583221436,88.15049733314113,83.52313680265244,81.21666426409111,78.46477627754211,82.8387686693567,6572.964093923569,17.124651670455933,0.5,0.005,256,lr_0.005_hc_256
320,4.1962690353393555,1.9681264162063599,0.4634629487991333,0.7114179730415344,1.0532617568969727,88.77036182787948,83.7970304166066,81.28874153092114,80.07530570030212,83.48285986892733,6592.008702516556,17.917844533920288,0.5,0.005,256,lr_0.005_hc_256
321,4.196378707885742,1.9926213026046753,0.4579181373119354,0.7105036377906799,1.035335898399353,88.51088366729134,83.29248954879631,81.04367882369901,79.3848991394043,83.05798779479774,6610.193277359009,17.031158924102783,0.5,0.005,256,lr_0.005_hc_256
322,4.196956634521484,2.027658700942993,0.4368118345737457,0.6940444111824036,1.0384418964385986,88.81360818797751,83.39339772235836,80.91393974340492,79.63833808898926,83.18982093568252,6628.486800432205,17.16173243522644,0.5,0.005,256,lr_0.005_hc_256
323,4.312027931213379,2.077786445617676,0.44235625863075256,0.7174889445304871,1.0743961334228516,88.88568545480754,83.23482773533227,81.2022488107251,78.54212522506714,82.966221806483,6646.702683925629,17.133841037750244,0.5,0.005,256,lr_0.005_hc_256
324,4.145270347595215,1.9929358959197998,0.46023598313331604,0.7225814461708069,0.969516932964325,88.88568545480754,83.52313680265244,82.31223871990774,79.49273586273193,83.55344921002492,6664.7802839279175,17.004809856414795,0.5,0.005,256,lr_0.005_hc_256
325,4.149022102355957,1.8933155536651611,0.46566277742385864,0.6935041546821594,1.0965399742126465,88.40997549372928,83.42222862909038,80.71212339628082,78.67084741592407,82.80379373375614,6684.551043272018,18.665634632110596,0.5,0.005,256,lr_0.005_hc_256
326,4.140007972717285,1.97796630859375,0.4333133101463318,0.7126669883728027,1.0160611867904663,89.34697996251982,83.6384604295805,81.66354331843736,77.85211205482483,83.12527394134062,6705.677107334137,19.971831560134888,0.5,0.005,256,lr_0.005_hc_256
327,4.201268672943115,1.93270742893219,0.4722583293914795,0.7141014337539673,1.082201600074768,88.77036182787948,83.94118495026669,81.00043246360099,79.88302111625671,83.39875008950098,6728.069901227951,21.12031865119934,0.5,0.005,256,lr_0.005_hc_256
328,4.184089660644531,2.004145860671997,0.4239113926887512,0.6909967064857483,1.0650359392166138,89.44788813608187,83.98443131036471,81.01484791696699,78.77453565597534,83.30542575484723,6749.743830680847,20.501647472381592,0.5,0.005,256,lr_0.005_hc_256
329,4.180950164794922,2.0006537437438965,0.4469764530658722,0.7352347373962402,0.9980853199958801,89.01542453510163,83.23482773533227,82.744702320888,78.96634340286255,83.49032449854612,6771.338759899139,20.39230704307556,0.5,0.005,256,lr_0.005_hc_256
330,4.096762657165527,1.940873622894287,0.42609503865242004,0.710503339767456,1.0192906856536865,89.37581086925184,82.81677958771803,81.87977511892748,80.17160892486572,83.56099362519078,6792.382344722748,19.8894464969635,0.5,0.005,256,lr_0.005_hc_256
331,4.1718430519104,1.9799590110778809,0.4239989221096039,0.7354915142059326,1.0323938131332397,89.46230358944788,83.82586132333863,81.33198789101918,81.30728006362915,83.98185821685871,6814.048104763031,20.517196893692017,0.5,0.005,256,lr_0.005_hc_256
332,4.094029426574707,1.913176417350769,0.43698281049728394,0.7166457176208496,1.0272247791290283,89.04425544183364,82.97534957474413,81.69237422516939,80.22018671035767,83.48304148802622,6835.550932884216,20.351751565933228,0.5,0.005,256,lr_0.005_hc_256
333,4.16091775894165,1.9511370658874512,0.43979132175445557,0.7102485299110413,1.0597410202026367,88.65503820095142,83.59521406948248,81.13017154389506,79.47686910629272,83.21432323015541,6858.164831399918,21.42726421356201,0.5,0.005,256,lr_0.005_hc_256
334,4.238126754760742,2.007000684738159,0.4641353487968445,0.7579380869865417,1.0090523958206177,88.81360818797751,82.83119504108404,82.15366873288164,78.80042791366577,83.14972496890223,6879.47301030159,20.128057956695557,0.5,0.005,256,lr_0.005_hc_256
335,4.111855983734131,1.9583288431167603,0.4466661214828491,0.7048832178115845,1.0019779205322266,89.05867089519965,83.58079861611648,81.96626783912355,79.9683153629303,83.64351317834249,6901.268791437149,20.61010241508484,0.5,0.005,256,lr_0.005_hc_256
336,4.244373798370361,2.000126838684082,0.4535180628299713,0.7340876460075378,1.0566409826278687,89.04425544183364,83.6384604295805,81.44731151794724,79.69774007797241,83.45694186683346,6922.900478839874,20.448137283325195,0.5,0.005,256,lr_0.005_hc_256
337,4.208646297454834,1.9882433414459229,0.4605361521244049,0.6998292803764343,1.0600372552871704,88.51088366729134,83.37898226899236,80.82744702320888,80.14775514602661,83.2162670263798,6944.129868030548,20.065040111541748,0.5,0.005,256,lr_0.005_hc_256
338,4.21211051940918,1.978542447090149,0.45767173171043396,0.7122413516044617,1.0636546611785889,88.52529912065734,83.17716592186825,81.08692518379704,80.10443449020386,83.22345617913162,6965.755278348923,20.478760242462158,0.5,0.005,256,lr_0.005_hc_256
339,4.155007839202881,1.9504547119140625,0.4682738184928894,0.7214961051940918,1.0147830247879028,88.81360818797751,83.16275046850224,81.66354331843736,80.01608848571777,83.41399761515872,6988.18582701683,21.20711326599121,0.5,0.005,256,lr_0.005_hc_256
340,4.188495635986328,1.9888347387313843,0.45645368099212646,0.7156589031219482,1.0275481939315796,88.98659362836962,83.29248954879631,81.85094421219547,80.61032295227051,83.68508758540798,7010.607767343521,21.25490665435791,0.5,0.005,256,lr_0.005_hc_256
341,4.148892402648926,1.9293627738952637,0.43719297647476196,0.7467461228370667,1.035590410232544,89.37581086925184,83.46547498918841,81.77886694536544,80.67439794540405,83.82363768730244,7030.133137464523,18.28301978111267,0.5,0.005,256,lr_0.005_hc_256
342,4.230304718017578,1.9828943014144897,0.4589165151119232,0.7382668852806091,1.0502270460128784,88.81360818797751,83.47989044255442,81.15900245062707,80.25463223457336,83.42678332893308,7048.363516330719,17.14935278892517,0.5,0.005,256,lr_0.005_hc_256
343,4.145468711853027,1.9417065382003784,0.47525063157081604,0.7388142943382263,0.9896973967552185,88.66945365431744,83.13391956177021,82.21133054634568,79.55479621887207,83.39237499532635,7066.467001914978,17.013672590255737,0.5,0.005,256,lr_0.005_hc_256
344,4.141366958618164,1.9603126049041748,0.43167340755462646,0.7212037444114685,1.028177261352539,89.08750180193167,83.29248954879631,81.63471241170535,80.35787343978882,83.59314430055554,7084.770433664322,17.220662355422974,0.5,0.005,256,lr_0.005_hc_256
345,4.0723443031311035,1.9501513242721558,0.4425872564315796,0.7014410495758057,0.9781644940376282,88.92893181490558,83.65287588294652,82.2401614530777,79.61015105247498,83.60803005085118,7103.088043451309,17.22067427635193,0.5,0.005,256,lr_0.005_hc_256
346,4.168346405029297,1.985272765159607,0.4361075758934021,0.7202564477920532,1.0267095565795898,89.21724088222575,83.88352313680265,82.15366873288164,78.59228253364563,83.46167882138892,7121.9951608181,17.842886924743652,0.5,0.005,256,lr_0.005_hc_256
347,4.135687828063965,1.9926731586456299,0.44519782066345215,0.7114659547805786,0.9863511323928833,89.43347268271587,83.91235404353466,82.11042237278362,79.31220531463623,83.6921136034176,7140.401029586792,17.300015449523926,0.5,0.005,256,lr_0.005_hc_256
348,4.10080099105835,2.0215113162994385,0.42462384700775146,0.6927520632743835,0.9619138836860657,89.54879630964395,83.75378405650858,82.25457690644372,80.10177612304688,83.91473334891077,7158.83277964592,17.378621339797974,0.5,0.005,256,lr_0.005_hc_256
349,4.105410099029541,1.98383629322052,0.44265544414520264,0.6898302435874939,0.9890878796577454,89.04425544183364,83.47989044255442,82.19691509297967,79.37272787094116,83.52344721207723,7177.004689216614,17.06517767906189,0.5,0.005,256,lr_0.005_hc_256
350,4.1271653175354,1.9345227479934692,0.4448043406009674,0.7184826731681824,1.0293554067611694,89.00100908173562,83.66729133631253,82.19691509297967,79.01655435562134,83.47044246666229,7195.524238109589,17.38188886642456,0.5,0.005,256,lr_0.005_hc_256
351,4.135760307312012,2.0330607891082764,0.44442689418792725,0.6878647208213806,0.9704077243804932,89.13074816202969,83.91235404353466,82.15366873288164,79.28833961486816,83.62127763832854,7213.62101483345,16.999773502349854,0.5,0.005,256,lr_0.005_hc_256
352,4.132876873016357,1.9856152534484863,0.43768954277038574,0.6852812767028809,1.0242908000946045,89.10191725529768,83.6240449762145,81.99509874585556,80.10246753692627,83.7058821285735,7231.9184539318085,17.21209979057312,0.5,0.005,256,lr_0.005_hc_256
353,4.080775260925293,1.984049916267395,0.432917058467865,0.6884921193122864,0.975316047668457,89.3037336024218,83.88352313680265,81.77886694536544,80.67545890808105,83.91039564816774,7250.907838582993,17.901826858520508,0.5,0.005,256,lr_0.005_hc_256
354,4.15168571472168,2.00746750831604,0.4494475722312927,0.685655415058136,1.00911545753479,89.31814905578781,84.1285858440248,82.21133054634568,79.44644689559937,83.77612808543941,7269.410807847977,17.38622784614563,0.5,0.005,256,lr_0.005_hc_256
355,4.154590606689453,1.9913190603256226,0.44999071955680847,0.6913889050483704,1.0218923091888428,88.74153092114747,83.98443131036471,82.35548508000576,79.24240827560425,83.58096389678055,7287.5873165130615,17.12274432182312,0.5,0.005,256,lr_0.005_hc_256
356,4.219705104827881,2.0497395992279053,0.4411684274673462,0.7064114809036255,1.022385597229004,88.48205276055931,83.4366440824564,82.65820960069195,79.37015891075134,83.48676633861474,7306.806362628937,18.136492252349854,0.5,0.005,256,lr_0.005_hc_256
357,4.083821773529053,1.9174220561981201,0.443874329328537,0.7145445942878723,1.0079809427261353,89.11633270866369,83.6240449762145,81.73562058526741,78.9551854133606,83.35779592087655,7325.341422796249,17.449159145355225,0.5,0.005,256,lr_0.005_hc_256
358,4.1354475021362305,1.9652111530303955,0.447513610124588,0.6973552703857422,1.025367259979248,89.3037336024218,83.36456681562635,81.70678967853539,80.42066097259521,83.6989377672947,7347.366044282913,20.766367435455322,0.5,0.005,256,lr_0.005_hc_256
359,4.074615478515625,1.9343030452728271,0.4407923221588135,0.7101712226867676,0.9893488883972168,88.88568545480754,83.2780740954303,82.0671760126856,80.34875392913818,83.6449223730154,7368.482100009918,19.893714904785156,0.5,0.005,256,lr_0.005_hc_256
360,4.167056560516357,1.938173770904541,0.45522192120552063,0.6979507803916931,1.0757100582122803,89.18840997549373,83.55196770938446,80.92835519677094,81.24579191207886,83.728631198432,7391.566914319992,21.878908157348633,0.5,0.005,256,lr_0.005_hc_256
361,4.142016410827637,1.982016682624817,0.45112544298171997,0.7101060748100281,0.9987679719924927,89.28931814905579,84.11417039065878,81.82211330546346,79.77696657180786,83.75064210424648,7412.7860741615295,20.01414656639099,0.5,0.005,256,lr_0.005_hc_256
362,4.1461968421936035,1.9608120918273926,0.43102556467056274,0.7077191472053528,1.0466402769088745,89.24607178895776,83.35015136226033,81.33198789101918,80.20719289779663,83.53385098500847,7434.0258622169495,20.11173439025879,0.5,0.005,256,lr_0.005_hc_256
363,4.1539812088012695,1.9586269855499268,0.4445400536060333,0.7334372997283936,1.0173766613006592,88.87127000144154,83.14833501513623,81.96626783912355,79.58637475967407,83.39306190384384,7455.232565402985,20.010273218154907,0.5,0.005,256,lr_0.005_hc_256
364,4.175936698913574,2.010204553604126,0.47040045261383057,0.6996639966964722,0.9956675171852112,88.52529912065734,83.82586132333863,82.32665417327375,79.86081838607788,83.6346582508369,7476.415710687637,20.016177892684937,0.5,0.005,256,lr_0.005_hc_256
365,4.14891242980957,1.981272578239441,0.45012181997299194,0.7157621383666992,1.001756191253662,88.6117918408534,83.39339772235836,82.19691509297967,80.15368580818176,83.58894761609331,7497.895552396774,20.225733518600464,0.5,0.005,256,lr_0.005_hc_256
366,4.117578506469727,1.9309110641479492,0.4519309997558594,0.7418793439865112,0.9928571581840515,88.62620729421941,83.13391956177021,82.25457690644372,80.38204908370972,83.59918821153576,7520.867584705353,21.81352186203003,0.5,0.005,256,lr_0.005_hc_256
367,4.144948482513428,1.9794899225234985,0.4475730061531067,0.7370556592941284,0.9808297753334045,88.7991927346115,83.76819950987459,82.54288597376387,79.6792209148407,83.69737478327266,7542.26330447197,20.230626106262207,0.5,0.005,256,lr_0.005_hc_256
368,4.142284870147705,1.962651014328003,0.4454736113548279,0.7262301445007324,1.0079301595687866,89.26048724232378,83.45105953582241,81.79328239873144,80.7752013206482,83.82000762438146,7563.540269374847,20.104492902755737,0.5,0.005,256,lr_0.005_hc_256
369,4.086472034454346,1.8989899158477783,0.43265780806541443,0.729133129119873,1.0256913900375366,89.57762721637596,83.68170678967853,81.59146605160731,79.62338924407959,83.61854732543534,7584.70174074173,19.940688848495483,0.5,0.005,256,lr_0.005_hc_256
370,4.1322431564331055,1.9344407320022583,0.4561854302883148,0.7372429370880127,1.0043742656707764,88.95776272163761,83.50872134928643,81.47614242467925,79.5503556728363,83.3732455421099,7605.960673570633,20.09761691093445,0.5,0.005,256,lr_0.005_hc_256
371,4.131767749786377,2.0011303424835205,0.44118034839630127,0.7142271399497986,0.9752297401428223,89.17399452212771,83.06184229494018,82.15366873288164,79.95188236236572,83.58534697807882,7627.2058198452,20.046797275543213,0.5,0.005,256,lr_0.005_hc_256
372,4.09774923324585,1.9173219203948975,0.4446324408054352,0.7181961536407471,1.0175986289978027,89.40464177598385,83.58079861611648,81.70678967853539,79.55543398857117,83.56191601480172,7649.443160295486,21.039440870285034,0.5,0.005,256,lr_0.005_hc_256
373,4.042209148406982,1.9031120538711548,0.4279361963272095,0.721193253993988,0.9899674654006958,89.85152083033012,83.1050886550382,82.29782326654174,80.86388111114502,84.02957846576378,7670.587121248245,19.937960863113403,0.5,0.005,256,lr_0.005_hc_256
374,4.10493278503418,1.968010425567627,0.4343424141407013,0.701446533203125,1.0011333227157593,89.20282542885974,83.36456681562635,81.76445149199942,79.90864515304565,83.56012222238279,7691.773712158203,20.018126487731934,0.5,0.005,256,lr_0.005_hc_256
375,4.093630790710449,1.927489995956421,0.4364161491394043,0.7135909199714661,1.0161337852478027,89.02983998846764,83.47989044255442,81.59146605160731,79.71351146697998,83.45367698740233,7712.763139247894,19.839539051055908,0.5,0.005,256,lr_0.005_hc_256
376,4.050199508666992,1.9335120916366577,0.4237845242023468,0.6958466172218323,0.997056245803833,89.63528902984,83.91235404353466,81.86535966556147,80.53708076477051,83.98752087592666,7733.967120885849,20.047972440719604,0.5,0.005,256,lr_0.005_hc_256
377,4.094635963439941,1.9426394701004028,0.4427333176136017,0.7131179571151733,0.996145486831665,89.18840997549373,83.91235404353466,82.28340781317573,80.87983131408691,84.06600078657276,7755.087122440338,19.94882869720459,0.5,0.005,256,lr_0.005_hc_256
378,4.041914463043213,1.8993380069732666,0.4500787556171417,0.7144956588745117,0.9780020713806152,88.82802364134352,83.42222862909038,82.25457690644372,80.20027279853821,83.67627549385396,7777.029122829437,20.800502061843872,0.5,0.005,256,lr_0.005_hc_256
379,4.048556804656982,1.9306704998016357,0.45013633370399475,0.6636664271354675,1.004083275794983,88.85685454807553,84.44572581807698,81.3752342511172,80.20583391189575,83.72091213229137,7798.426808357239,20.18761706352234,0.5,0.005,256,lr_0.005_hc_256
380,4.08076810836792,1.9356259107589722,0.45792073011398315,0.6716434359550476,1.0155779123306274,89.10191725529768,84.17183220412282,81.82211330546346,79.85419631004333,83.73751476873183,7819.688822031021,20.03985619544983,0.5,0.005,256,lr_0.005_hc_256
381,4.090371608734131,1.9651005268096924,0.4401090741157532,0.6769134402275085,1.0082485675811768,89.40464177598385,83.81144586997262,82.13925327951564,79.52890396118164,83.72106122166343,7840.858458995819,19.994475841522217,0.5,0.005,256,lr_0.005_hc_256
382,4.080780029296875,1.9094825983047485,0.4523548185825348,0.6944892406463623,1.0244531631469727,88.7991927346115,83.98443131036471,82.34106962663977,79.35320138931274,83.61947376523217,7862.9950041770935,20.974066972732544,0.5,0.005,256,lr_0.005_hc_256
383,4.131940841674805,1.9664170742034912,0.4324684739112854,0.7122470140457153,1.0208081007003784,89.44788813608187,83.76819950987459,81.98068329248956,79.8656165599823,83.76559687460707,7884.384558677673,20.2415509223938,0.5,0.005,256,lr_0.005_hc_256
384,4.053462028503418,1.8691470623016357,0.46065452694892883,0.7055564522743225,1.018104076385498,88.98659362836962,84.07092403056076,81.8941905722935,79.26005125045776,83.5529398704204,7906.490638971329,20.85907006263733,0.5,0.005,256,lr_0.005_hc_256
385,3.999399185180664,1.8484441041946411,0.4434907138347626,0.672678530216217,1.0347861051559448,89.37581086925184,84.43131036471097,81.13017154389506,80.71098923683167,83.91207050367238,7927.772401809692,20.07209038734436,0.5,0.005,256,lr_0.005_hc_256
386,3.9826385974884033,1.884534478187561,0.4421211779117584,0.6932063698768616,0.9627766013145447,89.4767190428139,83.89793859016866,82.39873144010379,80.1474928855896,83.980220489669,7949.107844352722,20.185582160949707,0.5,0.005,256,lr_0.005_hc_256
387,4.114391803741455,1.942410945892334,0.4737437963485718,0.7003066539764404,0.9979302883148193,88.58296093412137,83.94118495026669,81.87977511892748,79.6419084072113,83.51145735263171,7970.465365409851,20.187071561813354,0.5,0.005,256,lr_0.005_hc_256
388,4.108160018920898,1.938948631286621,0.4546305239200592,0.7048875093460083,1.0096932649612427,89.39022632261785,83.85469223007064,82.21133054634568,79.4495940208435,83.72646077996941,7991.673155784607,19.968837022781372,0.5,0.005,256,lr_0.005_hc_256
389,4.1339921951293945,1.9293867349624634,0.45689624547958374,0.7033586502075195,1.0443506240844727,88.9721781750036,83.91235404353466,81.43289606458123,79.49222922325134,83.45241437659271,8012.811353683472,19.96156406402588,0.5,0.005,256,lr_0.005_hc_256
390,4.049869537353516,1.8294174671173096,0.4243107736110687,0.700195848941803,1.0959457159042358,89.27490269568979,83.95560040363269,81.08692518379704,79.40925359725952,83.43167047009476,8034.704324245453,20.739887237548828,0.5,0.005,256,lr_0.005_hc_256
391,4.065018653869629,1.9361257553100586,0.44352033734321594,0.7074685096740723,0.9779041409492493,89.02983998846764,83.94118495026669,82.35548508000576,80.87025284767151,84.04919071660291,8055.99231338501,20.121291637420654,0.5,0.005,256,lr_0.005_hc_256
392,4.01673698425293,1.9289133548736572,0.43357279896736145,0.6943907141685486,0.95986008644104,89.51996540291192,83.46547498918841,82.5861323338619,80.51997423171997,84.02288673942056,8077.128619194031,20.0255765914917,0.5,0.005,256,lr_0.005_hc_256
393,4.070024490356445,1.9288182258605957,0.443792462348938,0.7298526167869568,0.9675613045692444,88.9721781750036,83.29248954879631,82.68704050742396,80.91458082199097,83.9665722633037,8098.405791759491,20.07987642288208,0.5,0.005,256,lr_0.005_hc_256
394,4.056879043579102,1.916353702545166,0.4341478645801544,0.7391457557678223,0.9672319889068604,89.59204266974197,82.96093412137812,82.4131468934698,80.63485622406006,83.90024497716249,8119.740884780884,20.104853868484497,0.5,0.005,256,lr_0.005_hc_256
395,4.010796546936035,1.8650974035263062,0.44555047154426575,0.7321297526359558,0.9680185317993164,88.91451636153957,83.07625774830618,82.759117774254,81.73524141311646,84.12128332430406,8141.080048084259,20.14778780937195,0.5,0.005,256,lr_0.005_hc_256
396,4.025763988494873,1.8956167697906494,0.4391034245491028,0.6866944432258606,1.0043493509292603,89.20282542885974,83.84027677670463,81.85094421219547,79.03483510017395,83.48222037948345,8162.974906921387,20.652628898620605,0.5,0.005,256,lr_0.005_hc_256
397,4.049177169799805,1.8975712060928345,0.4367786645889282,0.7091934084892273,1.0056335926055908,89.56321176300995,83.32132045552832,82.32665417327375,80.28255105018616,83.87343436049954,8184.467783212662,20.287980556488037,0.5,0.005,256,lr_0.005_hc_256
398,4.086460113525391,1.9301114082336426,0.4305714964866638,0.7122308611869812,1.0135459899902344,89.53438085627793,83.7826149632406,82.29782326654174,80.32612204551697,83.9852352828943,8205.470945596695,19.81426692008972,0.5,0.005,256,lr_0.005_hc_256
399,4.120928764343262,1.9430009126663208,0.43991631269454956,0.7023522853851318,1.0356594324111938,89.56321176300995,83.29248954879631,82.28340781317573,79.2937159538269,83.60820626970222,8226.66923904419,19.979530096054077,0.5,0.005,256,lr_0.005_hc_256
400,4.065644264221191,1.9811285734176636,0.42295193672180176,0.6790153980255127,0.9825484156608582,89.59204266974197,84.04209312382875,82.744702320888,79.34529185295105,83.93103249185245,8248.260604143143,20.411151885986328,0.5,0.005,256,lr_0.005_hc_256
