epochs,losses,accuracies,cumulative_time_seconds,epoch_time_seconds
1,32.073856353759766,,0.025763988494873047,0.025763988494873047
2,31.005014419555664,,0.06626129150390625,0.026801109313964844
3,30.068696975708008,,0.10455107688903809,0.024787425994873047
4,29.373716354370117,,0.1448829174041748,0.0261383056640625
5,28.84475326538086,,0.18525290489196777,0.025704383850097656
6,28.378503799438477,,0.22341513633728027,0.023473501205444336
7,27.950511932373047,,0.26478075981140137,0.026001453399658203
8,27.693082809448242,,0.30568718910217285,0.027282238006591797
9,27.46670913696289,,0.34431886672973633,0.02488565444946289
10,27.306602478027344,,0.38353705406188965,0.02465653419494629
11,27.13924217224121,,0.4237499237060547,0.02551102638244629
12,26.964580535888672,,0.4651980400085449,0.027434825897216797
13,26.83746337890625,,0.5066783428192139,0.0268552303314209
14,26.68975830078125,,0.5456650257110596,0.025350570678710938
15,26.584001541137695,,0.5860729217529297,0.025772809982299805
16,26.559778213500977,,0.6255581378936768,0.02445387840270996
17,26.440425872802734,,0.6640152931213379,0.023874521255493164
18,26.349475860595703,,0.7036001682281494,0.02478170394897461
19,26.276630401611328,,0.7421207427978516,0.024761199951171875
20,26.18239974975586,,0.7845363616943359,0.02689647674560547
21,26.085344314575195,,0.8254339694976807,0.026169538497924805
22,26.119482040405273,,0.864067792892456,0.023768186569213867
23,26.05167579650879,,0.9019720554351807,0.024303674697875977
24,25.998271942138672,,0.9418983459472656,0.02569437026977539
25,25.93588638305664,,0.9824366569519043,0.026403427124023438
26,25.892822265625,,1.0218884944915771,0.025156736373901367
27,25.791866302490234,,1.063222885131836,0.025489330291748047
28,25.801334381103516,,1.102074146270752,0.024272680282592773
29,25.703901290893555,,1.1408746242523193,0.02428579330444336
30,25.73138999938965,,1.181955337524414,0.025972604751586914
31,25.65948486328125,,1.222226858139038,0.02607440948486328
32,25.59242820739746,,1.2654659748077393,0.027564525604248047
33,25.623748779296875,,1.3049497604370117,0.025761842727661133
34,25.57086181640625,,1.3458783626556396,0.026324987411499023
35,25.526592254638672,,1.3863587379455566,0.02578568458557129
36,25.492633819580078,,1.4299499988555908,0.02800130844116211
37,25.441272735595703,,1.4678049087524414,0.02423095703125
38,25.45829200744629,,1.505767822265625,0.023998022079467773
39,25.435516357421875,,1.5449817180633545,0.024545907974243164
40,25.371261596679688,,1.583784818649292,0.0236508846282959
41,25.35736656188965,,1.6232020854949951,0.02444911003112793
42,25.27841567993164,,1.663769245147705,0.026554346084594727
43,25.29340362548828,,1.7036547660827637,0.026489973068237305
44,25.284799575805664,,1.7432570457458496,0.02546215057373047
45,25.246145248413086,,1.78224515914917,0.02404046058654785
46,25.165233612060547,,1.8220109939575195,0.024753093719482422
47,25.201326370239258,,1.862658977508545,0.0261077880859375
48,25.188207626342773,,1.9011411666870117,0.024661779403686523
49,25.141952514648438,,1.9419677257537842,0.027138948440551758
50,25.071889877319336,,1.9817616939544678,0.024249553680419922
51,25.065860748291016,,2.0204415321350098,0.024245262145996094
52,25.05282211303711,,2.0610463619232178,0.025545835494995117
53,25.04656219482422,,2.1014328002929688,0.025246143341064453
54,25.01058006286621,,2.142425537109375,0.027736663818359375
55,24.947586059570312,,2.181119441986084,0.024799108505249023
56,24.945396423339844,,2.220777988433838,0.02552056312561035
57,24.911630630493164,,2.258500337600708,0.023556947708129883
58,24.903335571289062,,2.2972304821014404,0.024013757705688477
59,24.88625717163086,,2.339402675628662,0.028230667114257812
60,24.808544158935547,,2.378547191619873,0.02520155906677246
61,24.79135513305664,,2.416713237762451,0.024255752563476562
62,24.79656219482422,,2.4584004878997803,0.026079416275024414
63,24.764629364013672,,2.4996514320373535,0.02780938148498535
64,24.73321533203125,,2.5419747829437256,0.028464078903198242
65,24.740938186645508,,2.5799012184143066,0.02417302131652832
66,24.655254364013672,,2.619598865509033,0.02506422996520996
67,24.627666473388672,,2.6583189964294434,0.025000572204589844
68,24.628334045410156,,2.6967580318450928,0.02357006072998047
69,24.606056213378906,,2.7387006282806396,0.027884244918823242
70,24.55207061767578,,2.777486562728882,0.025078296661376953
71,24.519655227661133,,2.8170084953308105,0.02472972869873047
72,24.493701934814453,,2.856248617172241,0.024222612380981445
73,24.454517364501953,,2.8960115909576416,0.025578022003173828
74,24.424177169799805,,2.936660051345825,0.02543187141418457
75,24.377105712890625,,2.9767110347747803,0.026729583740234375
76,24.359006881713867,,3.015901565551758,0.02361464500427246
77,24.333850860595703,,3.0571188926696777,0.025702714920043945
78,24.31158447265625,,3.0964102745056152,0.02426433563232422
79,24.310543060302734,,3.1382830142974854,0.027498483657836914
80,24.2474422454834,,3.1771793365478516,0.02476215362548828
81,24.21050262451172,,3.216421127319336,0.02438211441040039
82,24.211711883544922,,3.257906436920166,0.026501178741455078
83,24.162872314453125,,3.2967302799224854,0.0252382755279541
84,24.1125431060791,,3.334991455078125,0.02481818199157715
85,24.106632232666016,,3.3748433589935303,0.025982141494750977
86,24.0688533782959,,3.413696765899658,0.025258779525756836
87,24.06470489501953,,3.4533438682556152,0.025103092193603516
88,23.951175689697266,,3.4915311336517334,0.024677753448486328
89,23.98868179321289,,3.5319392681121826,0.025397062301635742
90,23.901752471923828,,3.5735158920288086,0.02723979949951172
91,23.838354110717773,,3.6125833988189697,0.02471613883972168
92,23.830791473388672,,3.6513683795928955,0.024197101593017578
93,23.833721160888672,,3.6899306774139404,0.02355337142944336
94,23.7340087890625,,3.728752851486206,0.023808956146240234
95,23.71160888671875,,3.7732386589050293,0.029790401458740234
96,23.62677764892578,,3.8112099170684814,0.024339675903320312
97,23.615543365478516,,3.8585691452026367,0.03302645683288574
98,23.62716293334961,,3.8999392986297607,0.028800010681152344
99,23.512893676757812,,3.938471794128418,0.02516627311706543
100,23.470903396606445,0.017443919181823732,3.9806761741638184,0.02785348892211914
101,23.470050811767578,,4.019455432891846,0.0241849422454834
102,23.32151222229004,,4.0586817264556885,0.024135589599609375
103,23.303569793701172,,4.09898829460144,0.02515554428100586
104,23.251188278198242,,4.138402462005615,0.025208234786987305
105,23.231313705444336,,4.179244756698608,0.026849985122680664
106,23.143287658691406,,4.217846155166626,0.02419137954711914
107,23.104156494140625,,4.258121967315674,0.025701522827148438
108,23.057893753051758,,4.296790361404419,0.024373292922973633
109,22.97356414794922,,4.335596799850464,0.024471759796142578
110,22.997859954833984,,4.374833822250366,0.02504587173461914
111,22.91791343688965,,4.414777994155884,0.026399850845336914
112,22.89566421508789,,4.455370664596558,0.027025222778320312
113,22.781341552734375,,4.49518895149231,0.025247812271118164
114,22.734025955200195,,4.533871650695801,0.025490283966064453
115,22.732425689697266,,4.571772575378418,0.02455759048461914
116,22.606163024902344,,4.611720561981201,0.0251309871673584
117,22.583251953125,,4.6503746509552,0.024064064025878906
118,22.529630661010742,,4.691919565200806,0.026401042938232422
119,22.43911361694336,,4.731109619140625,0.024367332458496094
120,22.370288848876953,,4.770393371582031,0.024709701538085938
121,22.271663665771484,,4.809076309204102,0.025166034698486328
122,22.190425872802734,,4.851713180541992,0.02718186378479004
123,22.05260467529297,,4.893767356872559,0.027384519577026367
124,22.150423049926758,,4.936791896820068,0.02841472625732422
125,22.009014129638672,,4.974690675735474,0.024660110473632812
126,21.901548385620117,,5.014041423797607,0.024310588836669922
127,21.85141372680664,,5.053684711456299,0.025229215621948242
128,21.783432006835938,,5.093119382858276,0.024349212646484375
129,21.71221923828125,,5.131319284439087,0.024428367614746094
130,21.670352935791016,,5.169556140899658,0.024581432342529297
131,21.615989685058594,,5.208495378494263,0.024878501892089844
132,21.508560180664062,,5.247614145278931,0.025589466094970703
133,21.464141845703125,,5.286269187927246,0.023693323135375977
134,21.39053726196289,,5.325470685958862,0.024575233459472656
135,21.29690933227539,,5.36825966835022,0.0276181697845459
136,21.12410545349121,,5.406474351882935,0.024806976318359375
137,21.126188278198242,,5.444634437561035,0.023334026336669922
138,21.04230499267578,,5.48529577255249,0.02484273910522461
139,20.992778778076172,,5.524363040924072,0.02512955665588379
140,20.947711944580078,,5.563085079193115,0.02457904815673828
141,20.917339324951172,,5.602463006973267,0.02527618408203125
142,20.82366943359375,,5.641452789306641,0.02510976791381836
143,20.64510726928711,,5.682049751281738,0.02567601203918457
144,20.58635902404785,,5.72084379196167,0.02423715591430664
145,20.470308303833008,,5.760204792022705,0.024213552474975586
146,20.380977630615234,,5.798863887786865,0.02541637420654297
147,20.334354400634766,,5.8376381397247314,0.024466753005981445
148,20.192859649658203,,5.876450300216675,0.024567604064941406
149,20.261274337768555,,5.914798021316528,0.024378061294555664
150,20.01532745361328,,5.95452094078064,0.024656295776367188
151,20.075008392333984,,5.99467921257019,0.0260009765625
152,19.94048309326172,,6.036344528198242,0.026946306228637695
153,19.847579956054688,,6.074803113937378,0.02458810806274414
154,19.829017639160156,,6.114192008972168,0.024199724197387695
155,19.725204467773438,,6.154181003570557,0.025481224060058594
156,19.603614807128906,,6.193556070327759,0.024584054946899414
157,19.549348831176758,,6.23486065864563,0.026790380477905273
158,19.504791259765625,,6.2743706703186035,0.025665760040283203
159,19.39767837524414,,6.315086126327515,0.026210784912109375
160,19.294391632080078,,6.3543174266815186,0.024675369262695312
161,19.211925506591797,,6.393573760986328,0.024747133255004883
162,19.17209815979004,,6.433930158615112,0.025842666625976562
163,19.03782844543457,,6.475159406661987,0.02730560302734375
164,19.017650604248047,,6.5132739543914795,0.023876190185546875
165,18.915950775146484,,6.554621934890747,0.02645730972290039
166,18.834606170654297,,6.59633207321167,0.027136564254760742
167,18.837406158447266,,6.635802984237671,0.02593827247619629
168,18.618741989135742,,6.677027940750122,0.026716232299804688
169,18.549602508544922,,6.71693754196167,0.026047706604003906
170,18.414445877075195,,6.757758617401123,0.025682449340820312
171,18.520313262939453,,6.797975778579712,0.025713682174682617
172,18.34213638305664,,6.836776494979858,0.024296998977661133
173,18.24352264404297,,6.878159046173096,0.02687978744506836
174,18.140281677246094,,6.918668270111084,0.02676844596862793
175,18.13040542602539,,6.958449363708496,0.02527475357055664
176,18.023542404174805,,6.999032735824585,0.027080535888671875
177,17.937551498413086,,7.040959596633911,0.027423620223999023
178,17.848493576049805,,7.081594705581665,0.027553319931030273
179,17.869239807128906,,7.1200644969940186,0.024138212203979492
180,17.641347885131836,,7.159543514251709,0.024349212646484375
181,17.589017868041992,,7.19857382774353,0.023899555206298828
182,17.570072174072266,,7.239563226699829,0.026480674743652344
183,17.56451988220215,,7.277947425842285,0.02430868148803711
184,17.49276351928711,,7.319347143173218,0.026219606399536133
185,17.361892700195312,,7.360684633255005,0.026068925857543945
186,17.21092414855957,,7.401076555252075,0.025381088256835938
187,17.186790466308594,,7.442523002624512,0.02730560302734375
188,17.09465789794922,,7.483345031738281,0.025689363479614258
189,17.161136627197266,,7.524946212768555,0.025783300399780273
190,16.931461334228516,,7.566318988800049,0.02665257453918457
191,16.871702194213867,,7.604610919952393,0.024788856506347656
192,16.839496612548828,,7.644644260406494,0.025443553924560547
193,16.664119720458984,,7.684198379516602,0.024777889251708984
194,16.715717315673828,,7.724570274353027,0.025508880615234375
195,16.66035270690918,,7.7651472091674805,0.025648832321166992
196,16.50383758544922,,7.803479433059692,0.024381399154663086
197,16.492176055908203,,7.843728303909302,0.0256502628326416
198,16.427745819091797,,7.884206056594849,0.025754928588867188
199,16.396808624267578,,7.923074960708618,0.025185585021972656
200,16.297195434570312,0.5472468376159668,7.965369939804077,0.026774168014526367
201,16.10671615600586,,8.004580736160278,0.024752140045166016
202,16.108875274658203,,8.043680667877197,0.024319887161254883
203,16.0952205657959,,8.082458734512329,0.024830102920532227
204,16.00983428955078,,8.12338662147522,0.025609731674194336
205,15.952468872070312,,8.16170048713684,0.02318882942199707
206,15.905484199523926,,8.201284885406494,0.0254361629486084
207,15.80078125,,8.239754915237427,0.024164676666259766
208,15.753280639648438,,8.280115604400635,0.025183439254760742
209,15.712495803833008,,8.320697546005249,0.026347875595092773
210,15.656332969665527,,8.360731601715088,0.025772571563720703
211,15.60718059539795,,8.403057098388672,0.02730584144592285
212,15.471288681030273,,8.4434494972229,0.026261329650878906
213,15.416790962219238,,8.484841108322144,0.026805877685546875
214,15.450706481933594,,8.525247812271118,0.025712251663208008
215,15.351998329162598,,8.566235303878784,0.026658296585083008
216,15.36616039276123,,8.607751369476318,0.02691960334777832
217,15.215169906616211,,8.648699760437012,0.027025222778320312
218,15.194098472595215,,8.689183473587036,0.02575540542602539
219,15.111113548278809,,8.729856729507446,0.026453018188476562
220,14.996953010559082,,8.769527912139893,0.02516031265258789
221,15.011048316955566,,8.810002088546753,0.026347875595092773
222,15.0953369140625,,8.851262331008911,0.026096343994140625
223,14.855111122131348,,8.891976833343506,0.025504112243652344
224,14.954916000366211,,8.932188272476196,0.02519512176513672
225,14.823465347290039,,8.97211742401123,0.026016950607299805
226,14.706915855407715,,9.013102769851685,0.0268099308013916
227,14.697750091552734,,9.054255485534668,0.02643585205078125
228,14.671648979187012,,9.095584630966187,0.02676558494567871
229,14.685790061950684,,9.136279344558716,0.027115345001220703
230,14.50687026977539,,9.174810886383057,0.024842023849487305
231,14.531720161437988,,9.215373754501343,0.025914669036865234
232,14.503708839416504,,9.256812334060669,0.027018308639526367
233,14.453912734985352,,9.295887231826782,0.024503469467163086
234,14.339527130126953,,9.336511850357056,0.027050256729125977
235,14.21651840209961,,9.37662148475647,0.02650308609008789
236,14.367940902709961,,9.414064407348633,0.02377462387084961
237,14.096078872680664,,9.453611612319946,0.024839401245117188
238,14.162531852722168,,9.492491722106934,0.024272680282592773
239,14.140228271484375,,9.534594774246216,0.027983665466308594
240,14.098523139953613,,9.574347734451294,0.026641130447387695
241,14.059795379638672,,9.61585783958435,0.0260007381439209
242,13.995588302612305,,9.654438734054565,0.024077415466308594
243,13.978080749511719,,9.69392442703247,0.02488875389099121
244,13.962156295776367,,9.733154058456421,0.0246429443359375
245,13.880809783935547,,9.77120852470398,0.023904800415039062
246,13.897795677185059,,9.811094284057617,0.025661230087280273
247,13.759878158569336,,9.8519446849823,0.025645017623901367
248,13.760625839233398,,9.892345666885376,0.025254011154174805
249,13.627490997314453,,9.932528972625732,0.026172161102294922
250,13.544248580932617,,9.971491575241089,0.025093793869018555
251,13.675901412963867,,10.011940479278564,0.02626657485961914
252,13.604910850524902,,10.050017356872559,0.0238344669342041
253,13.529356002807617,,10.091553688049316,0.0262603759765625
254,13.49087905883789,,10.130687236785889,0.02512383460998535
255,13.485326766967773,,10.172486782073975,0.027120113372802734
256,13.424276351928711,,10.213648319244385,0.02696990966796875
257,13.372283935546875,,10.25528860092163,0.02677750587463379
258,13.355389595031738,,10.293781280517578,0.024916648864746094
259,13.37243938446045,,10.33513593673706,0.02775263786315918
260,13.27736759185791,,10.375830888748169,0.027594566345214844
261,13.19217300415039,,10.415391445159912,0.02583456039428711
262,13.236465454101562,,10.454688787460327,0.024679183959960938
263,13.132791519165039,,10.49337124824524,0.0241701602935791
264,13.137679100036621,,10.535301208496094,0.027823209762573242
265,13.08779239654541,,10.575990200042725,0.027550220489501953
266,13.058473587036133,,10.61540150642395,0.024664640426635742
267,13.061622619628906,,10.655739068984985,0.025783538818359375
268,13.044431686401367,,10.70022439956665,0.028939008712768555
269,13.037176132202148,,10.741186141967773,0.026948928833007812
270,12.90871810913086,,10.781650066375732,0.02529764175415039
271,12.928168296813965,,10.823598623275757,0.0257413387298584
272,12.888526916503906,,10.86550235748291,0.027245521545410156
273,12.80798053741455,,10.905808925628662,0.02671360969543457
274,12.837325096130371,,10.946097373962402,0.026685714721679688
275,12.736994743347168,,10.986280679702759,0.025776147842407227
276,12.724014282226562,,11.027769565582275,0.0258023738861084
277,12.752681732177734,,11.068758726119995,0.026712417602539062
278,12.654657363891602,,11.108050346374512,0.02578902244567871
279,12.638063430786133,,11.14953351020813,0.02636122703552246
280,12.61251449584961,,11.191583395004272,0.026303529739379883
281,12.540289878845215,,11.23080563545227,0.025207042694091797
282,12.536558151245117,,11.270467281341553,0.02514815330505371
283,12.460777282714844,,11.311152935028076,0.026297807693481445
284,12.514969825744629,,11.352094411849976,0.025774717330932617
285,12.465478897094727,,11.39313006401062,0.02585434913635254
286,12.424489974975586,,11.431835412979126,0.02419304847717285
287,12.451805114746094,,11.473131895065308,0.026055574417114258
288,12.359550476074219,,11.513312339782715,0.025925636291503906
289,12.233087539672852,,11.553718566894531,0.025494098663330078
290,12.256312370300293,,11.593852996826172,0.02595663070678711
291,12.300239562988281,,11.634411334991455,0.026772022247314453
292,12.253572463989258,,11.67342209815979,0.02597355842590332
293,12.209946632385254,,11.711962699890137,0.02380681037902832
294,12.198075294494629,,11.753491401672363,0.026696443557739258
295,12.072585105895996,,11.792254209518433,0.02424907684326172
296,12.159996032714844,,11.831560611724854,0.024671554565429688
297,12.144158363342285,,11.871323823928833,0.025838613510131836
298,12.058237075805664,,11.909367322921753,0.024796485900878906
299,12.061819076538086,,11.948046922683716,0.02318716049194336
300,12.06901741027832,0.669185733795166,11.990234136581421,0.02718186378479004
301,12.030582427978516,,12.03145694732666,0.026269912719726562
302,11.993108749389648,,12.070116996765137,0.024839162826538086
303,11.962136268615723,,12.108776807785034,0.024235248565673828
304,11.875711441040039,,12.147438526153564,0.023679018020629883
305,11.847097396850586,,12.186253547668457,0.023801088333129883
306,11.862848281860352,,12.227516651153564,0.02574467658996582
307,11.89154052734375,,12.267706871032715,0.025217771530151367
308,11.819690704345703,,12.305856466293335,0.024383068084716797
309,11.804522514343262,,12.3465416431427,0.026360750198364258
310,11.767379760742188,,12.385531663894653,0.02472543716430664
311,11.789817810058594,,12.424446105957031,0.023850202560424805
312,11.760123252868652,,12.463514804840088,0.02456068992614746
313,11.642396926879883,,12.501811742782593,0.024058818817138672
314,11.651752471923828,,12.541475057601929,0.02501225471496582
315,11.614974975585938,,12.579925537109375,0.025168895721435547
316,11.642417907714844,,12.619649887084961,0.02471756935119629
317,11.618745803833008,,12.66035532951355,0.027098894119262695
318,11.561386108398438,,12.699699878692627,0.024828195571899414
319,11.482242584228516,,12.738340377807617,0.02489185333251953
320,11.517095565795898,,12.776460647583008,0.023334980010986328
321,11.546979904174805,,12.816072225570679,0.02500772476196289
322,11.512971878051758,,12.857759714126587,0.026163578033447266
323,11.465017318725586,,12.898686647415161,0.02694249153137207
324,11.49614143371582,,12.939029932022095,0.026615619659423828
325,11.469062805175781,,12.978880405426025,0.025904178619384766
326,11.377368927001953,,13.020442247390747,0.02615833282470703
327,11.381611824035645,,13.059731721878052,0.02427983283996582
328,11.268023490905762,,13.099451780319214,0.024712800979614258
329,11.335411071777344,,13.138479948043823,0.025250673294067383
330,11.350358009338379,,13.177234172821045,0.02473163604736328
331,11.31983757019043,,13.21663522720337,0.02448749542236328
332,11.290620803833008,,13.257171154022217,0.026297569274902344
333,11.260209083557129,,13.297362804412842,0.025597810745239258
334,11.240042686462402,,13.337044954299927,0.026920318603515625
335,11.181085586547852,,13.37862753868103,0.02768230438232422
336,11.164907455444336,,13.416944026947021,0.023403167724609375
337,11.18008804321289,,13.458489894866943,0.026587247848510742
338,11.215655326843262,,13.497379064559937,0.025382041931152344
339,11.10049057006836,,13.537439823150635,0.025760889053344727
340,11.074000358581543,,13.576673030853271,0.02436518669128418
341,11.122941970825195,,13.61741304397583,0.026476144790649414
342,11.036580085754395,,13.658376455307007,0.026094436645507812
343,11.020538330078125,,13.699589252471924,0.02611064910888672
344,11.014671325683594,,13.741910219192505,0.027393579483032227
345,11.00596809387207,,13.780386209487915,0.024204492568969727
346,10.981603622436523,,13.819089651107788,0.02369379997253418
347,10.937642097473145,,13.858784198760986,0.02449774742126465
348,10.956457138061523,,13.898494958877563,0.024706125259399414
349,10.936223030090332,,13.939046859741211,0.026717185974121094
350,10.826834678649902,,13.977838516235352,0.024782180786132812
351,10.875202178955078,,14.016536235809326,0.024805068969726562
352,10.928391456604004,,14.05721640586853,0.02567267417907715
353,10.863293647766113,,14.096519470214844,0.024651288986206055
354,10.867258071899414,,14.134267330169678,0.02443242073059082
355,10.815990447998047,,14.173543691635132,0.02499842643737793
356,10.87004280090332,,14.211906909942627,0.024688243865966797
357,10.823614120483398,,14.251607418060303,0.02469348907470703
358,10.764391899108887,,14.294923543930054,0.027157306671142578
359,10.842022895812988,,14.336035251617432,0.02786874771118164
360,10.719603538513184,,14.37521743774414,0.026465177536010742
361,10.701135635375977,,14.413298845291138,0.023540735244750977
362,10.700045585632324,,14.45589017868042,0.027522563934326172
363,10.78235149383545,,14.496304750442505,0.025693655014038086
364,10.595102310180664,,14.535667419433594,0.025144100189208984
365,10.679315567016602,,14.573980331420898,0.024605274200439453
366,10.691780090332031,,14.613340854644775,0.02430248260498047
367,10.549901008605957,,14.651490449905396,0.024103879928588867
368,10.541341781616211,,14.69133448600769,0.024268388748168945
369,10.516504287719727,,14.731832027435303,0.026355981826782227
370,10.5230073928833,,14.770517349243164,0.02380657196044922
371,10.507036209106445,,14.810224294662476,0.026256799697875977
372,10.494901657104492,,14.850858926773071,0.026189327239990234
373,10.505457878112793,,14.890401840209961,0.025007247924804688
374,10.541382789611816,,14.931475162506104,0.02689528465270996
375,10.478487014770508,,14.970153331756592,0.02474212646484375
376,10.434208869934082,,15.00963830947876,0.025220870971679688
377,10.415250778198242,,15.050228357315063,0.026119232177734375
378,10.420994758605957,,15.09100890159607,0.026238441467285156
379,10.403550148010254,,15.132286548614502,0.026570796966552734
380,10.391048431396484,,15.171000957489014,0.024335145950317383
381,10.362106323242188,,15.209978103637695,0.024808168411254883
382,10.290167808532715,,15.24885892868042,0.025378942489624023
383,10.404505729675293,,15.28915286064148,0.025333642959594727
384,10.312705993652344,,15.329530954360962,0.025371551513671875
385,10.30040168762207,,15.368364334106445,0.024888992309570312
386,10.335895538330078,,15.409379005432129,0.02616262435913086
387,10.269704818725586,,15.45115351676941,0.026335954666137695
388,10.231684684753418,,15.49179983139038,0.0256803035736084
389,10.275925636291504,,15.532535314559937,0.02502131462097168
390,10.288002967834473,,15.571756362915039,0.025441646575927734
391,10.244841575622559,,15.611741065979004,0.024700164794921875
392,10.252496719360352,,15.651058673858643,0.024591445922851562
393,10.187566757202148,,15.690150737762451,0.024945974349975586
394,10.192827224731445,,15.728875875473022,0.024549007415771484
395,10.130448341369629,,15.76806116104126,0.02457141876220703
396,10.093034744262695,,15.807193040847778,0.02471137046813965
397,10.167110443115234,,15.845022678375244,0.02399158477783203
398,10.114333152770996,,15.887539148330688,0.026723384857177734
399,10.143477439880371,,15.928736448287964,0.026230812072753906
400,10.093219757080078,0.733726966381073,15.976799488067627,0.033421993255615234
401,10.05823040008545,,16.015493392944336,0.023671865463256836
402,10.011924743652344,,16.05584478378296,0.025241613388061523
403,10.005718231201172,,16.095475912094116,0.02467942237854004
404,9.995783805847168,,16.13382077217102,0.023941516876220703
405,10.056407928466797,,16.172016859054565,0.02349710464477539
406,10.029417037963867,,16.21346163749695,0.02629876136779785
407,9.949352264404297,,16.251835823059082,0.023978471755981445
408,10.09622573852539,,16.291380643844604,0.024271488189697266
409,9.908706665039062,,16.330196142196655,0.02428150177001953
410,9.879228591918945,,16.370985746383667,0.026365280151367188
411,9.93707275390625,,16.40952467918396,0.024965763092041016
412,9.885053634643555,,16.448025465011597,0.023515939712524414
413,9.952656745910645,,16.487377405166626,0.02423572540283203
414,9.95833683013916,,16.525476455688477,0.024124622344970703
415,9.840811729431152,,16.56518244743347,0.024202585220336914
416,9.886751174926758,,16.604698181152344,0.02579474449157715
417,9.814019203186035,,16.643523931503296,0.024104833602905273
418,9.868205070495605,,16.683178186416626,0.025113344192504883
419,9.817483901977539,,16.724263191223145,0.026305437088012695
420,9.791728019714355,,16.765161991119385,0.026169776916503906
421,9.7862548828125,,16.804502725601196,0.025712966918945312
422,9.744251251220703,,16.843408346176147,0.024245500564575195
423,9.789115905761719,,16.884010076522827,0.025640249252319336
424,9.735790252685547,,16.92449712753296,0.025803089141845703
425,9.746583938598633,,16.964879989624023,0.02687525749206543
426,9.701915740966797,,17.005297899246216,0.026715755462646484
427,9.653352737426758,,17.046720027923584,0.02679157257080078
428,9.706127166748047,,17.08771276473999,0.026361942291259766
429,9.719062805175781,,17.12712788581848,0.024690628051757812
430,9.580892562866211,,17.16586923599243,0.025238037109375
431,9.639676094055176,,17.205387592315674,0.025896787643432617
432,9.653310775756836,,17.246777057647705,0.02732539176940918
433,9.608156204223633,,17.286120653152466,0.024710655212402344
434,9.544877052307129,,17.32660698890686,0.02577495574951172
435,9.58348560333252,,17.36811900138855,0.026723861694335938
436,9.613947868347168,,17.40860366821289,0.0268557071685791
437,9.611285209655762,,17.44883680343628,0.025073766708374023
438,9.562793731689453,,17.48954176902771,0.0255582332611084
439,9.550554275512695,,17.531512022018433,0.02676844596862793
440,9.547380447387695,,17.57134461402893,0.02710437774658203
441,9.535654067993164,,17.611497163772583,0.026013851165771484
442,9.500734329223633,,17.652686595916748,0.026034832000732422
443,9.461358070373535,,17.693519592285156,0.026680707931518555
444,9.46786117553711,,17.73494529724121,0.02684760093688965
445,9.376708984375,,17.775307178497314,0.026609420776367188
446,9.452518463134766,,17.81727623939514,0.027187108993530273
447,9.410194396972656,,17.858036756515503,0.02718329429626465
448,9.4347505569458,,17.898152589797974,0.025040149688720703
449,9.380585670471191,,17.937739849090576,0.026694536209106445
450,9.410179138183594,,17.979055643081665,0.02701735496520996
451,9.377723693847656,,18.017532110214233,0.023242712020874023
452,9.402356147766113,,18.058520317077637,0.02528691291809082
453,9.314136505126953,,18.0987069606781,0.02518153190612793
454,9.300891876220703,,18.139470100402832,0.026256799697875977
455,9.351441383361816,,18.179773569107056,0.026586294174194336
456,9.327774047851562,,18.220463752746582,0.026116371154785156
457,9.275026321411133,,18.26097869873047,0.026621580123901367
458,9.311755180358887,,18.299756288528442,0.02458333969116211
459,9.300437927246094,,18.3393976688385,0.02548980712890625
460,9.310267448425293,,18.379005432128906,0.025778532028198242
461,9.28204345703125,,18.418857097625732,0.027096986770629883
462,9.207686424255371,,18.457696676254272,0.02425861358642578
463,9.260541915893555,,18.496129751205444,0.023851394653320312
464,9.190378189086914,,18.536104440689087,0.025387287139892578
465,9.215338706970215,,18.57399344444275,0.024122953414916992
466,9.222064971923828,,18.615473747253418,0.025966405868530273
467,9.178210258483887,,18.654927492141724,0.024950742721557617
468,9.11024284362793,,18.695065021514893,0.026558876037597656
469,9.11133861541748,,18.736090660095215,0.0265045166015625
470,9.149011611938477,,18.77478551864624,0.024682283401489258
471,9.12498664855957,,18.815452814102173,0.025989770889282227
472,9.171622276306152,,18.855441331863403,0.025268077850341797
473,9.214232444763184,,18.89543128013611,0.025484561920166016
474,9.103048324584961,,18.935956716537476,0.026022672653198242
475,9.060168266296387,,18.97466516494751,0.024700164794921875
476,9.03665828704834,,19.014392137527466,0.024967193603515625
477,9.0620698928833,,19.05349111557007,0.024245023727416992
478,9.108095169067383,,19.094541788101196,0.02668166160583496
479,9.009879112243652,,19.134788513183594,0.026670217514038086
480,9.045955657958984,,19.173059940338135,0.02512359619140625
481,9.078866958618164,,19.213505029678345,0.02677297592163086
482,9.001603126525879,,19.254476308822632,0.02614307403564453
483,8.956937789916992,,19.29347848892212,0.024434328079223633
484,9.000115394592285,,19.335129022598267,0.027837753295898438
485,8.955402374267578,,19.374884605407715,0.026594877243041992
486,8.94177532196045,,19.415579795837402,0.026032447814941406
487,8.972390174865723,,19.45490789413452,0.024825096130371094
488,8.928949356079102,,19.4944269657135,0.024016141891479492
489,8.897212982177734,,19.534984350204468,0.02607560157775879
490,8.951288223266602,,19.57476568222046,0.025777339935302734
491,8.916119575500488,,19.615405797958374,0.025972843170166016
492,8.908105850219727,,19.655200481414795,0.0242919921875
493,8.864141464233398,,19.695560455322266,0.026793956756591797
494,8.883132934570312,,19.73567008972168,0.02656698226928711
495,8.882606506347656,,19.775431632995605,0.025751113891601562
496,8.868051528930664,,19.81559705734253,0.027935266494750977
497,8.86434555053711,,19.85580587387085,0.025574922561645508
498,8.84528636932373,,19.89522075653076,0.024912118911743164
499,8.793688774108887,,19.93646478652954,0.02674126625061035
500,8.785181045532227,0.8104707717895507,19.98418092727661,0.033425331115722656
501,8.759389877319336,,20.02470111846924,0.025804758071899414
502,8.767257690429688,,20.065144300460815,0.025200605392456055
503,8.741613388061523,,20.104423761367798,0.02478194236755371
504,8.767748832702637,,20.143736600875854,0.0256805419921875
505,8.71304702758789,,20.185543298721313,0.02669525146484375
506,8.689899444580078,,20.224143743515015,0.023848295211791992
507,8.685888290405273,,20.2672221660614,0.028342008590698242
508,8.696934700012207,,20.306755304336548,0.025808334350585938
509,8.676918029785156,,20.347320556640625,0.026719331741333008
510,8.633390426635742,,20.388381004333496,0.025884628295898438
511,8.66883659362793,,20.429635047912598,0.02655315399169922
512,8.665589332580566,,20.47129774093628,0.027529239654541016
513,8.703079223632812,,20.510783672332764,0.02628779411315918
514,8.691927909851074,,20.550776481628418,0.025768518447875977
515,8.67431354522705,,20.59148931503296,0.025509119033813477
516,8.67580509185791,,20.630634307861328,0.02513861656188965
517,8.630049705505371,,20.669272899627686,0.024628400802612305
518,8.661916732788086,,20.710710763931274,0.027310609817504883
519,8.57650375366211,,20.751466751098633,0.026671648025512695
520,8.600780487060547,,20.79169273376465,0.026476144790649414
521,8.601491928100586,,20.831592082977295,0.02488422393798828
522,8.53145980834961,,20.87026333808899,0.0246579647064209
523,8.53594970703125,,20.909661293029785,0.02521800994873047
524,8.528635025024414,,20.95167827606201,0.026805639266967773
525,8.540083885192871,,20.99228000640869,0.025458335876464844
526,8.560504913330078,,21.03167414665222,0.024382829666137695
527,8.515621185302734,,21.071892976760864,0.025205135345458984
528,8.528459548950195,,21.112187147140503,0.025278568267822266
529,8.548965454101562,,21.15305233001709,0.026658058166503906
530,8.504905700683594,,21.191930532455444,0.02386307716369629
531,8.506860733032227,,21.23232340812683,0.024376869201660156
532,8.403444290161133,,21.270063638687134,0.023730754852294922
533,8.445442199707031,,21.30928683280945,0.0251772403717041
534,8.417914390563965,,21.34825873374939,0.02377033233642578
535,8.436333656311035,,21.388614654541016,0.025213956832885742
536,8.427422523498535,,21.431162118911743,0.027259349822998047
537,8.416698455810547,,21.472230911254883,0.026862144470214844
538,8.366035461425781,,21.511548042297363,0.025113344192504883
539,8.42578125,,21.551652908325195,0.024796724319458008
540,8.367263793945312,,21.5900981426239,0.024070024490356445
541,8.353206634521484,,21.62924337387085,0.024817705154418945
542,8.34585952758789,,21.668938875198364,0.025684833526611328
543,8.33975601196289,,21.709657669067383,0.027454614639282227
544,8.362066268920898,,21.74767017364502,0.024608850479125977
545,8.347573280334473,,21.78604531288147,0.023780107498168945
546,8.270208358764648,,21.825573444366455,0.0250246524810791
547,8.303712844848633,,21.863517999649048,0.02285170555114746
548,8.34775161743164,,21.903135776519775,0.025385141372680664
549,8.29712963104248,,21.941215753555298,0.024201393127441406
550,8.315874099731445,,21.98183846473694,0.025557279586791992
551,8.261188507080078,,22.023587465286255,0.026736736297607422
552,8.207160949707031,,22.063446760177612,0.025345802307128906
553,8.284881591796875,,22.103480577468872,0.025453567504882812
554,8.267516136169434,,22.14421582221985,0.026960372924804688
555,8.23147964477539,,22.183202743530273,0.02475142478942871
556,8.21613597869873,,22.223973989486694,0.02627396583557129
557,8.206949234008789,,22.26569366455078,0.027198076248168945
558,8.233634948730469,,22.30482292175293,0.02438211441040039
559,8.275045394897461,,22.34552311897278,0.026310205459594727
560,8.17291259765625,,22.38463854789734,0.02478814125061035
561,8.191559791564941,,22.423325538635254,0.024125099182128906
562,8.152880668640137,,22.465216636657715,0.027377605438232422
563,8.127372741699219,,22.505985260009766,0.02701115608215332
564,8.157890319824219,,22.545430183410645,0.024780750274658203
565,8.140177726745605,,22.583630323410034,0.023307085037231445
566,8.14043140411377,,22.62175989151001,0.023195505142211914
567,8.131353378295898,,22.663455486297607,0.025678634643554688
568,8.093600273132324,,22.70469617843628,0.027317523956298828
569,8.097243309020996,,22.741886854171753,0.023697376251220703
570,8.109871864318848,,22.781503438949585,0.024233579635620117
571,8.075401306152344,,22.821105241775513,0.0246126651763916
572,8.070741653442383,,22.860490798950195,0.024191856384277344
573,8.059722900390625,,22.898991346359253,0.02336716651916504
574,8.05394458770752,,22.937557220458984,0.024092435836791992
575,8.040745735168457,,22.979929208755493,0.0281217098236084
576,8.094079971313477,,23.019609928131104,0.024133920669555664
577,8.049436569213867,,23.058286428451538,0.02457404136657715
578,8.02469253540039,,23.099485635757446,0.02730703353881836
579,8.055963516235352,,23.137792587280273,0.02439713478088379
580,8.064949035644531,,23.177331686019897,0.0251767635345459
581,7.997838020324707,,23.216930150985718,0.025655746459960938
582,7.980703830718994,,23.255824327468872,0.023862123489379883
583,7.994917869567871,,23.29451274871826,0.024111509323120117
584,7.997175216674805,,23.334272146224976,0.025914669036865234
585,7.951429843902588,,23.373467206954956,0.025904178619384766
586,7.902468204498291,,23.415868282318115,0.02820110321044922
587,7.862370491027832,,23.454558849334717,0.02409076690673828
588,7.93972635269165,,23.49629521369934,0.026227474212646484
589,7.921375274658203,,23.53360915184021,0.023865461349487305
590,7.921732425689697,,23.571845531463623,0.023458480834960938
591,7.901611804962158,,23.61194658279419,0.024225711822509766
592,7.8943963050842285,,23.653095960617065,0.0267946720123291
593,7.928783416748047,,23.693542957305908,0.02552342414855957
594,7.944347858428955,,23.733325481414795,0.02426767349243164
595,7.909632682800293,,23.771119594573975,0.024433135986328125
596,7.854502201080322,,23.810221433639526,0.02405691146850586
597,7.846792221069336,,23.851398944854736,0.026577234268188477
598,7.840480804443359,,23.890567541122437,0.024066925048828125
599,7.836933135986328,,23.929871320724487,0.024105548858642578
600,7.781228542327881,0.8458574295043946,23.971905946731567,0.028078079223632812
601,7.840545654296875,,24.01161789894104,0.026103973388671875
602,7.853528022766113,,24.051419973373413,0.0252838134765625
603,7.791114807128906,,24.091512203216553,0.02465200424194336
604,7.787783622741699,,24.129751443862915,0.02380228042602539
605,7.759693145751953,,24.171326160430908,0.027255535125732422
606,7.800937652587891,,24.209330797195435,0.024065256118774414
607,7.780271053314209,,24.248866081237793,0.024799108505249023
608,7.748921871185303,,24.288341999053955,0.023412704467773438
609,7.788090705871582,,24.32767605781555,0.024328231811523438
610,7.779965400695801,,24.368467330932617,0.02728867530822754
611,7.75071382522583,,24.40670108795166,0.02497076988220215
612,7.770171642303467,,24.44816255569458,0.026726961135864258
613,7.737150192260742,,24.48884677886963,0.025621652603149414
614,7.706766128540039,,24.52807641029358,0.02472829818725586
615,7.695469856262207,,24.567353010177612,0.024196147918701172
616,7.658275604248047,,24.606436729431152,0.025351762771606445
617,7.689775466918945,,24.645153045654297,0.024381637573242188
618,7.714513301849365,,24.684293031692505,0.024089336395263672
619,7.691666126251221,,24.723833322525024,0.024454355239868164
620,7.63599967956543,,24.76454782485962,0.02708125114440918
621,7.6877970695495605,,24.803925037384033,0.024691343307495117
622,7.574831008911133,,24.84351897239685,0.02623724937438965
623,7.653755187988281,,24.885810136795044,0.027776479721069336
624,7.6802592277526855,,24.925562381744385,0.0252835750579834
625,7.591940402984619,,24.964001893997192,0.024870872497558594
626,7.62108039855957,,25.002499103546143,0.02453160285949707
627,7.578519821166992,,25.041144132614136,0.024517059326171875
628,7.585329532623291,,25.080066204071045,0.025593042373657227
629,7.575596809387207,,25.118298530578613,0.023729562759399414
630,7.535362243652344,,25.158488273620605,0.025086164474487305
631,7.6060709953308105,,25.19680643081665,0.02374577522277832
632,7.57305383682251,,25.23556137084961,0.024491071701049805
633,7.555771827697754,,25.275892972946167,0.026108264923095703
634,7.539922714233398,,25.318164587020874,0.027736663818359375
635,7.483294486999512,,25.356905937194824,0.0251619815826416
636,7.5094075202941895,,25.398149967193604,0.026674509048461914
637,7.598355770111084,,25.436375856399536,0.02488875389099121
638,7.533594608306885,,25.475969552993774,0.025777339935302734
639,7.499588489532471,,25.5166597366333,0.026197433471679688
640,7.503100395202637,,25.556536197662354,0.026339292526245117
641,7.463284492492676,,25.59660053253174,0.0245206356048584
642,7.484570026397705,,25.63446044921875,0.02452683448791504
643,7.4795823097229,,25.67329216003418,0.024687767028808594
644,7.449989318847656,,25.713051557540894,0.025730133056640625
645,7.538293361663818,,25.75323748588562,0.026286602020263672
646,7.414745330810547,,25.79340624809265,0.025780439376831055
647,7.479924201965332,,25.832377433776855,0.024055004119873047
648,7.40015983581543,,25.874345064163208,0.027836322784423828
649,7.452884197235107,,25.91344976425171,0.025745868682861328
650,7.445154190063477,,25.954232931137085,0.026680946350097656
651,7.443302154541016,,25.99541926383972,0.02698802947998047
652,7.352416038513184,,26.03539252281189,0.026751279830932617
653,7.382102966308594,,26.07629704475403,0.025966167449951172
654,7.392785549163818,,26.11527681350708,0.02425098419189453
655,7.371495246887207,,26.15643572807312,0.02611565589904785
656,7.409080505371094,,26.194860219955444,0.023921489715576172
657,7.3111138343811035,,26.236093521118164,0.026780366897583008
658,7.3228936195373535,,26.27457356452942,0.024782657623291016
659,7.311514854431152,,26.313674211502075,0.024281024932861328
660,7.299842834472656,,26.35192084312439,0.02315545082092285
661,7.337201118469238,,26.395162105560303,0.027647733688354492
662,7.314670562744141,,26.434556245803833,0.024890422821044922
663,7.311464786529541,,26.475955963134766,0.027714967727661133
664,7.359320163726807,,26.515565872192383,0.0256955623626709
665,7.34411096572876,,26.554986238479614,0.02482438087463379
666,7.315476417541504,,26.593204975128174,0.024209022521972656
667,7.2906646728515625,,26.631733655929565,0.024765968322753906
668,7.227948188781738,,26.673632383346558,0.02735590934753418
669,7.298949241638184,,26.713141679763794,0.02580738067626953
670,7.272565841674805,,26.75229001045227,0.024153947830200195
671,7.288813591003418,,26.791158199310303,0.024344205856323242
672,7.261641025543213,,26.83149480819702,0.02532815933227539
673,7.2949724197387695,,26.870373964309692,0.025871753692626953
674,7.242681980133057,,26.90988564491272,0.026262283325195312
675,7.229374885559082,,26.951385736465454,0.026293277740478516
676,7.173783302307129,,26.99160361289978,0.0256650447845459
677,7.216676712036133,,27.031923055648804,0.024302959442138672
678,7.226957321166992,,27.071677207946777,0.025739192962646484
679,7.195026874542236,,27.110650777816772,0.024248361587524414
680,7.156984806060791,,27.151607751846313,0.025751829147338867
681,7.202117919921875,,27.19370198249817,0.02728748321533203
682,7.2474775314331055,,27.234209060668945,0.025992631912231445
683,7.170280456542969,,27.27387809753418,0.02616119384765625
684,7.175214767456055,,27.314385175704956,0.025809764862060547
685,7.182736396789551,,27.35366654396057,0.02402973175048828
686,7.1560163497924805,,27.39336609840393,0.024683475494384766
687,7.1323442459106445,,27.433568716049194,0.025689125061035156
688,7.120423316955566,,27.47304081916809,0.025771617889404297
689,7.138413429260254,,27.51310396194458,0.025353670120239258
690,7.169948101043701,,27.55557155609131,0.027036666870117188
691,7.081829071044922,,27.597304821014404,0.027652978897094727
692,7.139981746673584,,27.637722730636597,0.026875734329223633
693,7.1709113121032715,,27.67851161956787,0.027279376983642578
694,7.132819175720215,,27.719934225082397,0.02679920196533203
695,7.082944869995117,,27.759613037109375,0.025331735610961914
696,7.118514060974121,,27.80022358894348,0.026600122451782227
697,7.065836429595947,,27.8386447429657,0.0244138240814209
698,7.093301773071289,,27.880505323410034,0.02734827995300293
699,7.100768566131592,,27.92336630821228,0.029095172882080078
700,7.037229061126709,0.8745762467384338,27.964781284332275,0.02774333953857422
701,7.0542449951171875,,28.003479480743408,0.023946046829223633
702,7.068572044372559,,28.044897317886353,0.026792287826538086
703,7.046498775482178,,28.08498215675354,0.0256650447845459
704,7.043464183807373,,28.125480890274048,0.02578258514404297
705,7.003798484802246,,28.164777517318726,0.024793624877929688
706,7.006239414215088,,28.20519757270813,0.026798248291015625
707,6.9665679931640625,,28.24601173400879,0.027192115783691406
708,6.962765693664551,,28.28591799736023,0.024761438369750977
709,6.959043502807617,,28.325255393981934,0.024833202362060547
710,6.996713638305664,,28.365400552749634,0.025725603103637695
711,7.003512859344482,,28.40386462211609,0.024141788482666016
712,6.9488372802734375,,28.443333864212036,0.02486562728881836
713,6.980910778045654,,28.483351945877075,0.025468111038208008
714,6.970980167388916,,28.528239727020264,0.029415130615234375
715,6.943009376525879,,28.565911769866943,0.025197267532348633
716,6.930116176605225,,28.604414224624634,0.024999618530273438
717,6.926598072052002,,28.644664525985718,0.026621103286743164
718,6.92923641204834,,28.684772968292236,0.02473902702331543
719,6.929535388946533,,28.724194049835205,0.02472066879272461
720,6.934134483337402,,28.766284227371216,0.026302576065063477
721,6.897132396697998,,28.805773973464966,0.025822877883911133
722,6.93250846862793,,28.846227884292603,0.02648162841796875
723,6.897518157958984,,28.884734630584717,0.023685455322265625
724,6.912731170654297,,28.924082040786743,0.024790525436401367
725,6.906636714935303,,28.96484875679016,0.026259660720825195
726,6.876806259155273,,29.00504732131958,0.02653789520263672
727,6.86612606048584,,29.045312643051147,0.025926828384399414
728,6.882129669189453,,29.08554244041443,0.02529430389404297
729,6.851482391357422,,29.125929355621338,0.025664567947387695
730,6.890024662017822,,29.16467046737671,0.024198293685913086
731,6.854165077209473,,29.203229188919067,0.0247652530670166
732,6.865828037261963,,29.241786241531372,0.023804664611816406
733,6.849262237548828,,29.280670404434204,0.023773908615112305
734,6.8311767578125,,29.319851398468018,0.02383732795715332
735,6.798708915710449,,29.358699560165405,0.023711442947387695
736,6.824712753295898,,29.398266315460205,0.02454853057861328
737,6.791399002075195,,29.436676740646362,0.02490711212158203
738,6.811676979064941,,29.476317405700684,0.024813413619995117
739,6.813145637512207,,29.51491618156433,0.024808645248413086
740,6.766406059265137,,29.553342580795288,0.023760557174682617
741,6.776671409606934,,29.59327793121338,0.024698495864868164
742,6.806480407714844,,29.630780696868896,0.02398991584777832
743,6.775374889373779,,29.669379949569702,0.024478912353515625
744,6.749815940856934,,29.707786321640015,0.02423882484436035
745,6.7702436447143555,,29.74816370010376,0.02575516700744629
746,6.793865203857422,,29.787153482437134,0.024846792221069336
747,6.752004146575928,,29.82565665245056,0.023775100708007812
748,6.757083892822266,,29.86635708808899,0.026000261306762695
749,6.739881992340088,,29.907766342163086,0.02678370475769043
750,6.766021251678467,,29.94839334487915,0.0252382755279541
751,6.666024208068848,,29.98947834968567,0.02550959587097168
752,6.691921234130859,,30.029149055480957,0.0243227481842041
753,6.7197113037109375,,30.069337606430054,0.026112079620361328
754,6.688492774963379,,30.107741117477417,0.024292469024658203
755,6.72871732711792,,30.147063732147217,0.023594141006469727
756,6.65913200378418,,30.185619354248047,0.02375650405883789
757,6.714956760406494,,30.225227117538452,0.0238645076751709
758,6.701695442199707,,30.2652690410614,0.025278568267822266
759,6.673286437988281,,30.30512762069702,0.026237964630126953
760,6.678415775299072,,30.34529948234558,0.025550127029418945
761,6.664119243621826,,30.3863046169281,0.025820016860961914
762,6.661492347717285,,30.427742958068848,0.026754140853881836
763,6.6298394203186035,,30.46838617324829,0.026830434799194336
764,6.636723041534424,,30.508790016174316,0.02678084373474121
765,6.663042068481445,,30.54865288734436,0.025270462036132812
766,6.6381025314331055,,30.587599992752075,0.023589611053466797
767,6.656858444213867,,30.627208948135376,0.024848461151123047
768,6.608371734619141,,30.665805339813232,0.025093793869018555
769,6.602787494659424,,30.706162214279175,0.026733875274658203
770,6.583747863769531,,30.747848987579346,0.026833534240722656
771,6.612623691558838,,30.78890585899353,0.026703834533691406
772,6.61698055267334,,30.828911542892456,0.02550792694091797
773,6.578303813934326,,30.868658542633057,0.02524423599243164
774,6.61129093170166,,30.909193754196167,0.025875329971313477
775,6.60704231262207,,30.95062017440796,0.026263713836669922
776,6.6326775550842285,,30.989657640457153,0.02428889274597168
777,6.561698913574219,,31.030556201934814,0.026432275772094727
778,6.566701889038086,,31.07031536102295,0.025749683380126953
779,6.560713768005371,,31.109586000442505,0.02526402473449707
780,6.5469889640808105,,31.15045952796936,0.02567005157470703
781,6.523366928100586,,31.191887378692627,0.026584625244140625
782,6.522088527679443,,31.231215953826904,0.024312496185302734
783,6.546505928039551,,31.270227670669556,0.025003433227539062
784,6.498464107513428,,31.310741662979126,0.026134252548217773
785,6.516646385192871,,31.35217523574829,0.026271581649780273
786,6.458008766174316,,31.393235683441162,0.026314973831176758
787,6.541624069213867,,31.432403326034546,0.024152517318725586
788,6.495748519897461,,31.472439765930176,0.025196075439453125
789,6.469831466674805,,31.511934995651245,0.025310039520263672
790,6.5266265869140625,,31.553568840026855,0.02612161636352539
791,6.49654483795166,,31.591798543930054,0.02321171760559082
792,6.506749153137207,,31.633204221725464,0.026260852813720703
793,6.469059944152832,,31.673351287841797,0.0255281925201416
794,6.485682964324951,,31.71171736717224,0.023616790771484375
795,6.525672912597656,,31.753165245056152,0.02635359764099121
796,6.419723033905029,,31.794184923171997,0.026343345642089844
797,6.389407157897949,,31.83468532562256,0.026293277740478516
798,6.438385009765625,,31.874280214309692,0.025268077850341797
799,6.450982570648193,,31.915069818496704,0.026374340057373047
800,6.475597858428955,0.8837877631187439,31.961681842803955,0.03210568428039551
801,6.422012805938721,,32.0023238658905,0.027324676513671875
802,6.371579170227051,,32.04302525520325,0.026354551315307617
803,6.377638816833496,,32.083696603775024,0.026707172393798828
804,6.421427249908447,,32.123887062072754,0.025582313537597656
805,6.436270713806152,,32.163145542144775,0.023642301559448242
806,6.410127639770508,,32.203354835510254,0.025909423828125
807,6.39059591293335,,32.24194860458374,0.023809194564819336
808,6.3996076583862305,,32.28160858154297,0.02411055564880371
809,6.368715286254883,,32.32227420806885,0.025646209716796875
810,6.3704609870910645,,32.36304712295532,0.02673482894897461
811,6.353364944458008,,32.401289224624634,0.024580717086791992
812,6.368110656738281,,32.4413001537323,0.025185585021972656
813,6.348170280456543,,32.48197555541992,0.02676868438720703
814,6.325303077697754,,32.52316379547119,0.02659773826599121
815,6.342019557952881,,32.56135559082031,0.023598432540893555
816,6.313546180725098,,32.60157752037048,0.024909019470214844
817,6.351778984069824,,32.64065647125244,0.024225473403930664
818,6.296328544616699,,32.67937421798706,0.02386784553527832
819,6.33259391784668,,32.720057010650635,0.02520918846130371
820,6.339609146118164,,32.763301849365234,0.027617454528808594
821,6.317929267883301,,32.80214715003967,0.024953603744506836
822,6.307338714599609,,32.840426445007324,0.024079561233520508
823,6.320013046264648,,32.87881064414978,0.025194406509399414
824,6.257368087768555,,32.92211604118347,0.027887582778930664
825,6.278232574462891,,32.96069884300232,0.025040864944458008
826,6.304989814758301,,32.99897813796997,0.023899555206298828
827,6.241641044616699,,33.04112124443054,0.027848243713378906
828,6.244904041290283,,33.08209562301636,0.027167320251464844
829,6.316550254821777,,33.1209032535553,0.0247957706451416
830,6.215632438659668,,33.15954661369324,0.022971630096435547
831,6.226705074310303,,33.19905352592468,0.024793148040771484
832,6.237483978271484,,33.23836660385132,0.024708032608032227
833,6.271904945373535,,33.276580572128296,0.024836063385009766
834,6.240781784057617,,33.31741809844971,0.025942564010620117
835,6.226934432983398,,33.356882095336914,0.02488851547241211
836,6.211944580078125,,33.3977108001709,0.025727272033691406
837,6.2198486328125,,33.43733096122742,0.026001691818237305
838,6.258801460266113,,33.47593450546265,0.02465081214904785
839,6.210426330566406,,33.5143187046051,0.024341344833374023
840,6.20696496963501,,33.55394530296326,0.023711681365966797
841,6.2216925621032715,,33.593175649642944,0.023628711700439453
842,6.216305732727051,,33.631768226623535,0.024727821350097656
843,6.185456275939941,,33.671183824539185,0.025024890899658203
844,6.1579461097717285,,33.71012878417969,0.024804353713989258
845,6.209136962890625,,33.7478928565979,0.023842334747314453
846,6.146387100219727,,33.78849816322327,0.02512979507446289
847,6.149172782897949,,33.82679629325867,0.0247955322265625
848,6.177403450012207,,33.866042137145996,0.024888277053833008
849,6.15562629699707,,33.904693603515625,0.024944782257080078
850,6.163320541381836,,33.94382357597351,0.024749755859375
851,6.1702775955200195,,33.98303532600403,0.024617433547973633
852,6.164390563964844,,34.02718949317932,0.02962803840637207
853,6.149572372436523,,34.06634593009949,0.02471780776977539
854,6.158514022827148,,34.10394763946533,0.023696422576904297
855,6.1501545906066895,,34.14321303367615,0.02469801902770996
856,6.17872953414917,,34.18230748176575,0.024678945541381836
857,6.081995487213135,,34.22107291221619,0.024099349975585938
858,6.1417012214660645,,34.26282048225403,0.026926040649414062
859,6.108053207397461,,34.30235528945923,0.026227474212646484
860,6.107536315917969,,34.34312105178833,0.026831865310668945
861,6.112760543823242,,34.384865283966064,0.026854276657104492
862,6.109074592590332,,34.42534923553467,0.02707076072692871
863,6.086647033691406,,34.46443748474121,0.02544546127319336
864,6.084120750427246,,34.51459527015686,0.03656268119812012
865,6.057621955871582,,34.55308270454407,0.026854991912841797
866,6.079492092132568,,34.593141317367554,0.025542259216308594
867,6.101711273193359,,34.636462688446045,0.030460119247436523
868,6.061818599700928,,34.676584005355835,0.02589106559753418
869,6.043177127838135,,34.7170307636261,0.026765823364257812
870,6.015231132507324,,34.75836730003357,0.0264279842376709
871,6.038852691650391,,34.796671867370605,0.024094581604003906
872,6.046475410461426,,34.83701205253601,0.02567124366760254
873,6.055046558380127,,34.87678050994873,0.025552988052368164
874,6.024197578430176,,34.91511559486389,0.024466514587402344
875,6.020451545715332,,34.95617461204529,0.026804208755493164
876,6.080465793609619,,34.9944429397583,0.023697853088378906
877,6.0039496421813965,,35.03332567214966,0.024532794952392578
878,5.996264457702637,,35.07549428939819,0.027940988540649414
879,6.01216983795166,,35.11645460128784,0.02634882926940918
880,6.04573917388916,,35.15751814842224,0.026053428649902344
881,6.0052876472473145,,35.19814157485962,0.026482820510864258
882,5.955350399017334,,35.23753261566162,0.025358915328979492
883,5.986257553100586,,35.27617359161377,0.024345874786376953
884,5.953194618225098,,35.31542348861694,0.023897409439086914
885,5.980301856994629,,35.35454607009888,0.024625301361083984
886,6.022025108337402,,35.39317059516907,0.023597240447998047
887,5.967753887176514,,35.43305850028992,0.025376558303833008
888,5.981145858764648,,35.47186088562012,0.024561166763305664
889,5.997230529785156,,35.510719299316406,0.0241243839263916
890,5.990084171295166,,35.55041790008545,0.024155855178833008
891,5.951804161071777,,35.59214401245117,0.027142763137817383
892,5.929994583129883,,35.63348412513733,0.02748274803161621
893,5.916958332061768,,35.67484641075134,0.027117490768432617
894,5.904933929443359,,35.713191747665405,0.025035381317138672
895,5.9129486083984375,,35.754313945770264,0.02656722068786621
896,5.975773811340332,,35.793222188949585,0.0247952938079834
897,5.96599817276001,,35.83154582977295,0.023989439010620117
898,5.907437324523926,,35.871012449264526,0.024846315383911133
899,5.94890022277832,,35.909794092178345,0.02498936653137207
900,5.893612384796143,0.8953904271125793,35.958192110061646,0.03323054313659668
901,5.841777801513672,,35.99673676490784,0.023648500442504883
902,5.882522106170654,,36.03578734397888,0.024987220764160156
903,5.894516944885254,,36.074578523635864,0.02498316764831543
904,5.87678337097168,,36.11392045021057,0.024136781692504883
905,5.877763748168945,,36.151644706726074,0.023126602172851562
906,5.866811752319336,,36.19390153884888,0.026304960250854492
907,5.878996849060059,,36.23210048675537,0.02359604835510254
908,5.873055458068848,,36.27047419548035,0.024519920349121094
909,5.846473693847656,,36.31037402153015,0.026067256927490234
910,5.87870979309082,,36.34999346733093,0.02551579475402832
911,5.8523430824279785,,36.39074683189392,0.025681495666503906
912,5.857767105102539,,36.42899799346924,0.024392366409301758
913,5.85862922668457,,36.46770691871643,0.02439284324645996
914,5.87149715423584,,36.50643610954285,0.024523258209228516
915,5.862320423126221,,36.545432567596436,0.02459549903869629
916,5.798048496246338,,36.58487057685852,0.024489879608154297
917,5.811976432800293,,36.62441420555115,0.025035381317138672
918,5.791752815246582,,36.66560506820679,0.02668285369873047
919,5.815322399139404,,36.70617151260376,0.0267026424407959
920,5.826706886291504,,36.74685072898865,0.02669501304626465
921,5.860239028930664,,36.787092447280884,0.025725126266479492
922,5.840646743774414,,36.826030015945435,0.023749351501464844
923,5.809421062469482,,36.86466670036316,0.0239107608795166
924,5.8412981033325195,,36.90325427055359,0.02428579330444336
925,5.795193672180176,,36.941861629486084,0.0240323543548584
926,5.81726598739624,,36.98225688934326,0.02562856674194336
927,5.834545612335205,,37.023305892944336,0.025722026824951172
928,5.789126396179199,,37.06180787086487,0.023738384246826172
929,5.795558929443359,,37.10171937942505,0.02513742446899414
930,5.799353122711182,,37.14216232299805,0.0271151065826416
931,5.78078031539917,,37.18109083175659,0.023799896240234375
932,5.761584281921387,,37.221561431884766,0.025258302688598633
933,5.739988327026367,,37.26417922973633,0.02722907066345215
934,5.786170482635498,,37.30506110191345,0.02675318717956543
935,5.759810447692871,,37.343024253845215,0.02427053451538086
936,5.7542033195495605,,37.38454627990723,0.02655816078186035
937,5.7555155754089355,,37.425092935562134,0.02583599090576172
938,5.727606296539307,,37.46612310409546,0.0275270938873291
939,5.695502281188965,,37.50658845901489,0.02634882926940918
940,5.720902442932129,,37.546985149383545,0.025773286819458008
941,5.742232322692871,,37.58782124519348,0.026206493377685547
942,5.709594249725342,,37.62838339805603,0.02683401107788086
943,5.691702842712402,,37.66841721534729,0.026530981063842773
944,5.731040954589844,,37.70875334739685,0.026691436767578125
945,5.708396911621094,,37.748141288757324,0.02576303482055664
946,5.696099281311035,,37.78691744804382,0.023890018463134766
947,5.718019485473633,,37.828556060791016,0.027085065841674805
948,5.679455757141113,,37.86928462982178,0.027187585830688477
949,5.677181243896484,,37.907557010650635,0.02450704574584961
950,5.6958513259887695,,37.9482855796814,0.025855541229248047
951,5.66131591796875,,37.989551305770874,0.026091814041137695
952,5.6827874183654785,,38.0311713218689,0.026346206665039062
953,5.678590297698975,,38.070839405059814,0.02655792236328125
954,5.654378414154053,,38.11103129386902,0.026181697845458984
955,5.68215274810791,,38.150859355926514,0.024626731872558594
956,5.685652732849121,,38.19229435920715,0.026221275329589844
957,5.636507034301758,,38.23164486885071,0.02533864974975586
958,5.577573776245117,,38.27210307121277,0.026336193084716797
959,5.643989562988281,,38.31125783920288,0.024998903274536133
960,5.62386417388916,,38.35174298286438,0.025312185287475586
961,5.649267673492432,,38.39337491989136,0.025886058807373047
962,5.597241401672363,,38.434062004089355,0.026579618453979492
963,5.7041192054748535,,38.472249269485474,0.02422165870666504
964,5.64637565612793,,38.51060080528259,0.024042606353759766
965,5.638428211212158,,38.55199575424194,0.026213407516479492
966,5.630241394042969,,38.59334111213684,0.02716517448425293
967,5.586582183837891,,38.633111000061035,0.02619338035583496
968,5.608712196350098,,38.67177486419678,0.025056838989257812
969,5.593089580535889,,38.71322536468506,0.027240514755249023
970,5.576048851013184,,38.75468373298645,0.02702045440673828
971,5.600815773010254,,38.79320788383484,0.024382591247558594
972,5.583110809326172,,38.837581157684326,0.030751466751098633
973,5.58100700378418,,38.878273487091064,0.02817702293395996
974,5.609282970428467,,38.917705059051514,0.024688005447387695
975,5.610642910003662,,38.9587562084198,0.026517391204833984
976,5.5545654296875,,38.9992573261261,0.027354717254638672
977,5.5755934715271,,39.04063653945923,0.02736949920654297
978,5.603482723236084,,39.080766677856445,0.026019811630249023
979,5.582251071929932,,39.12218713760376,0.026198148727416992
980,5.594109535217285,,39.160420179367065,0.024219036102294922
981,5.566841125488281,,39.20034098625183,0.025412321090698242
982,5.560564994812012,,39.24159264564514,0.0272519588470459
983,5.57834529876709,,39.28014612197876,0.023440122604370117
984,5.591320991516113,,39.31859278678894,0.0232851505279541
985,5.523879051208496,,39.35879707336426,0.025004148483276367
986,5.552516937255859,,39.39829421043396,0.024856090545654297
987,5.572292327880859,,39.43860673904419,0.026803255081176758
988,5.534456729888916,,39.47855854034424,0.026288509368896484
989,5.525053024291992,,39.51998972892761,0.026678085327148438
990,5.533555507659912,,39.55989933013916,0.026072978973388672
991,5.526144981384277,,39.60070323944092,0.026103973388671875
992,5.556806564331055,,39.641825914382935,0.02710580825805664
993,5.551104545593262,,39.68080449104309,0.02486705780029297
994,5.549316883087158,,39.72115755081177,0.026128768920898438
995,5.5178375244140625,,39.763091802597046,0.026671886444091797
996,5.482540607452393,,39.80412030220032,0.026706457138061523
997,5.484659194946289,,39.844711780548096,0.025962352752685547
998,5.484299659729004,,39.884838581085205,0.025939464569091797
999,5.507869243621826,,39.92636799812317,0.025803089141845703
1000,5.489128112792969,0.8972046256065369,39.96682572364807,0.02695488929748535
1001,5.505366325378418,,40.00683093070984,0.025882959365844727
1002,5.470804214477539,,40.047016620635986,0.025562286376953125
1003,5.516067981719971,,40.08879065513611,0.027170658111572266
1004,5.471687316894531,,40.127129316329956,0.02382040023803711
1005,5.439566612243652,,40.16615390777588,0.024654626846313477
1006,5.451325416564941,,40.20704936981201,0.02675461769104004
1007,5.450751304626465,,40.247172832489014,0.026500463485717773
1008,5.446659088134766,,40.28610682487488,0.02432537078857422
1009,5.49186897277832,,40.32737612724304,0.02581620216369629
1010,5.456096649169922,,40.3680419921875,0.025994062423706055
1011,5.452180862426758,,40.40750312805176,0.0255429744720459
1012,5.4403276443481445,,40.44857358932495,0.026761293411254883
1013,5.473987579345703,,40.48683738708496,0.02361440658569336
1014,5.431404113769531,,40.527204751968384,0.025534868240356445
1015,5.4474921226501465,,40.56893801689148,0.026856660842895508
1016,5.406816482543945,,40.60815715789795,0.02520442008972168
1017,5.4276123046875,,40.649373292922974,0.026128768920898438
1018,5.421557426452637,,40.69040060043335,0.025635242462158203
1019,5.425491809844971,,40.73081374168396,0.02540421485900879
1020,5.416135787963867,,40.77067184448242,0.025788545608520508
1021,5.471896171569824,,40.81079649925232,0.026952743530273438
1022,5.388742446899414,,40.85114097595215,0.0251767635345459
1023,5.387080192565918,,40.89301085472107,0.026723146438598633
1024,5.408447265625,,40.9339919090271,0.026839733123779297
1025,5.397341728210449,,40.97396802902222,0.02622079849243164
1026,5.372511863708496,,41.01215887069702,0.023822784423828125
1027,5.358315467834473,,41.05417084693909,0.026842594146728516
1028,5.370255470275879,,41.09471130371094,0.02643442153930664
1029,5.378264904022217,,41.13396453857422,0.024750947952270508
1030,5.352022171020508,,41.173919439315796,0.025338172912597656
1031,5.366256237030029,,41.21422362327576,0.025793075561523438
1032,5.395556449890137,,41.25544023513794,0.026400327682495117
1033,5.378159046173096,,41.29502749443054,0.02458024024963379
1034,5.336146354675293,,41.333457231521606,0.024927139282226562
1035,5.355420112609863,,41.374367475509644,0.026396989822387695
1036,5.302089691162109,,41.41469955444336,0.026823997497558594
1037,5.35615348815918,,41.454986333847046,0.025586605072021484
1038,5.36819314956665,,41.49338102340698,0.02338242530822754
1039,5.398214340209961,,41.53164005279541,0.023433446884155273
1040,5.332257270812988,,41.571120262145996,0.024654626846313477
1041,5.333648204803467,,41.60955309867859,0.024289608001708984
1042,5.329376220703125,,41.647990703582764,0.023142337799072266
1043,5.322213172912598,,41.687007904052734,0.02394247055053711
1044,5.342305660247803,,41.72659659385681,0.024821043014526367
1045,5.3587799072265625,,41.765657901763916,0.024302244186401367
1046,5.333508014678955,,41.805826902389526,0.025801658630371094
1047,5.300881385803223,,41.844398975372314,0.024878740310668945
1048,5.31956672668457,,41.883339643478394,0.023752689361572266
1049,5.270875453948975,,41.922425508499146,0.024125099182128906
1050,5.293495178222656,,41.961416482925415,0.023845434188842773
1051,5.3179521560668945,,42.000553131103516,0.024332284927368164
1052,5.259029388427734,,42.039798974990845,0.025243759155273438
1053,5.327775955200195,,42.08220028877258,0.02813100814819336
1054,5.304064750671387,,42.1218945980072,0.024722814559936523
1055,5.258990287780762,,42.160351276397705,0.023775815963745117
1056,5.2833147048950195,,42.199029207229614,0.024439334869384766
1057,5.247796058654785,,42.238213777542114,0.024401187896728516
1058,5.2551679611206055,,42.277241706848145,0.025280237197875977
1059,5.2412567138671875,,42.31536316871643,0.02375650405883789
1060,5.2711591720581055,,42.35466814041138,0.023718595504760742
1061,5.280797004699707,,42.39442443847656,0.02522897720336914
1062,5.242097854614258,,42.43303847312927,0.024035930633544922
1063,5.283016204833984,,42.47135329246521,0.02383112907409668
1064,5.2396697998046875,,42.51079344749451,0.025158405303955078
1065,5.25482702255249,,42.549609422683716,0.023372888565063477
1066,5.264890670776367,,42.58917236328125,0.02410602569580078
1067,5.256308555603027,,42.62842798233032,0.02411174774169922
1068,5.262514114379883,,42.666356325149536,0.024594545364379883
1069,5.246700763702393,,42.70534586906433,0.02484297752380371
1070,5.22264289855957,,42.74485898017883,0.024745941162109375
1071,5.256098747253418,,42.78310775756836,0.023720264434814453
1072,5.208915710449219,,42.823277711868286,0.02505016326904297
1073,5.215114593505859,,42.86109209060669,0.02369856834411621
1074,5.215150356292725,,42.901297092437744,0.0252530574798584
1075,5.209075450897217,,42.94032096862793,0.025132417678833008
1076,5.226369380950928,,42.981985092163086,0.027685165405273438
1077,5.2208709716796875,,43.020694971084595,0.02410578727722168
1078,5.1990509033203125,,43.06008195877075,0.024162769317626953
1079,5.219093322753906,,43.099204540252686,0.024413585662841797
1080,5.182826042175293,,43.138548374176025,0.02554035186767578
1081,5.2234578132629395,,43.177443981170654,0.02563023567199707
1082,5.189997673034668,,43.21680808067322,0.02522873878479004
1083,5.207162857055664,,43.255406618118286,0.024286508560180664
1084,5.178902626037598,,43.294230461120605,0.02370738983154297
1085,5.170018672943115,,43.33349657058716,0.02501845359802246
1086,5.136188507080078,,43.37176203727722,0.02447795867919922
1087,5.185865879058838,,43.41138219833374,0.024523496627807617
1088,5.201835632324219,,43.45032596588135,0.0242006778717041
1089,5.1853132247924805,,43.48892307281494,0.023989439010620117
1090,5.146327972412109,,43.52818155288696,0.024102449417114258
1091,5.15690279006958,,43.56708526611328,0.02380061149597168
1092,5.140216827392578,,43.60696792602539,0.025696516036987305
1093,5.198412895202637,,43.645445346832275,0.024339914321899414
1094,5.18471622467041,,43.6834659576416,0.023108720779418945
1095,5.176441192626953,,43.72315049171448,0.024074316024780273
1096,5.159324645996094,,43.76240944862366,0.024650096893310547
1097,5.1809186935424805,,43.801244258880615,0.02501988410949707
1098,5.152862071990967,,43.840150594711304,0.02478170394897461
1099,5.115222930908203,,43.87893056869507,0.025284767150878906
1100,5.138922691345215,0.8968464851379394,43.921507835388184,0.027133464813232422
1101,5.107198715209961,,43.96018052101135,0.024762630462646484
1102,5.1493682861328125,,43.998621225357056,0.024712800979614258
1103,5.12974739074707,,44.03664708137512,0.024764299392700195
1104,5.15883731842041,,44.07596969604492,0.024416208267211914
1105,5.136580467224121,,44.11543846130371,0.02429032325744629
1106,5.12356424331665,,44.15612554550171,0.026146650314331055
1107,5.113611221313477,,44.19492840766907,0.023794889450073242
1108,5.105348587036133,,44.23455333709717,0.025067806243896484
1109,5.099602699279785,,44.27661943435669,0.028636455535888672
1110,5.093033790588379,,44.316394329071045,0.024781227111816406
1111,5.130629539489746,,44.35663461685181,0.025792360305786133
1112,5.081985950469971,,44.395726680755615,0.024011611938476562
1113,5.081094741821289,,44.43757891654968,0.026860952377319336
1114,5.099399566650391,,44.476030588150024,0.023702383041381836
1115,5.102034568786621,,44.515464544296265,0.02390003204345703
1116,5.091485977172852,,44.55607771873474,0.025835275650024414
1117,5.111342430114746,,44.59585499763489,0.025468111038208008
1118,5.065096855163574,,44.63505554199219,0.024985551834106445
1119,5.074432373046875,,44.67336893081665,0.02462625503540039
1120,5.092045783996582,,44.71221590042114,0.024701595306396484
1121,5.077274322509766,,44.75341534614563,0.026324987411499023
1122,5.097642421722412,,44.79412651062012,0.026087045669555664
1123,5.032716274261475,,44.835787534713745,0.02834463119506836
1124,5.078089714050293,,44.87396216392517,0.02487969398498535
1125,5.101706027984619,,44.91730213165283,0.02857661247253418
1126,5.1055192947387695,,44.95509195327759,0.024081707000732422
1127,5.0502424240112305,,44.99402642250061,0.023369312286376953
1128,5.085840225219727,,45.03347945213318,0.024881362915039062
1129,5.0236334800720215,,45.07251262664795,0.025873661041259766
1130,5.067531585693359,,45.11548185348511,0.02862691879272461
1131,5.013564109802246,,45.15463590621948,0.024014949798583984
1132,5.052059650421143,,45.19492840766907,0.025711774826049805
1133,5.039069175720215,,45.23392343521118,0.02372288703918457
1134,5.036084175109863,,45.27327537536621,0.025348901748657227
1135,5.1036906242370605,,45.314409255981445,0.026135683059692383
1136,5.066261291503906,,45.353089570999146,0.02415323257446289
1137,5.0330610275268555,,45.393211364746094,0.02563953399658203
1138,5.072771072387695,,45.43312621116638,0.024404048919677734
1139,5.021053314208984,,45.47396659851074,0.026067733764648438
1140,5.019996643066406,,45.5133113861084,0.024715185165405273
1141,5.008393287658691,,45.55150890350342,0.023192405700683594
1142,4.981089115142822,,45.59071588516235,0.023653030395507812
1143,5.010356903076172,,45.62972974777222,0.023957014083862305
1144,5.031924724578857,,45.671140909194946,0.026741981506347656
1145,4.963804721832275,,45.709513425827026,0.02503681182861328
1146,4.988454341888428,,45.74797987937927,0.024292469024658203
1147,5.01491641998291,,45.786561012268066,0.023506641387939453
1148,5.010963439941406,,45.825886726379395,0.024687767028808594
1149,5.01445198059082,,45.86455965042114,0.02415943145751953
1150,5.010740280151367,,45.903902769088745,0.02486896514892578
1151,5.015398979187012,,45.94355320930481,0.02516651153564453
1152,4.988419055938721,,45.98462462425232,0.02738165855407715
1153,4.994834899902344,,46.024341106414795,0.02523517608642578
1154,5.010937213897705,,46.065757274627686,0.025843143463134766
1155,5.012086868286133,,46.10602593421936,0.02672863006591797
1156,4.982362747192383,,46.143295764923096,0.02342510223388672
1157,5.022747993469238,,46.18238139152527,0.02369856834411621
1158,4.9742255210876465,,46.22110033035278,0.024055957794189453
1159,4.987725734710693,,46.261406660079956,0.02562689781188965
1160,4.972220420837402,,46.30146622657776,0.0251922607421875
1161,4.964081764221191,,46.3422212600708,0.02575540542602539
1162,4.954041957855225,,46.383463621139526,0.026726961135864258
1163,4.977962493896484,,46.42186236381531,0.024481773376464844
1164,4.972652435302734,,46.46319341659546,0.02631521224975586
1165,4.946012020111084,,46.50149989128113,0.024357080459594727
1166,4.9225754737854,,46.54133439064026,0.025555849075317383
1167,4.974968910217285,,46.58031177520752,0.025259971618652344
1168,4.953629493713379,,46.61858367919922,0.02381730079650879
1169,4.941015243530273,,46.65757203102112,0.024418115615844727
1170,4.944478988647461,,46.69633221626282,0.02421879768371582
1171,4.961915493011475,,46.736645221710205,0.02642202377319336
1172,4.939884185791016,,46.775230407714844,0.024195194244384766
1173,4.933480262756348,,46.81408476829529,0.023499488830566406
1174,4.909830093383789,,46.85363054275513,0.02465224266052246
1175,4.895145416259766,,46.89191293716431,0.0232388973236084
1176,4.919040203094482,,46.932175636291504,0.02512192726135254
1177,4.959597110748291,,46.97092533111572,0.024203777313232422
1178,4.9135942459106445,,47.00955390930176,0.024310827255249023
1179,4.91706657409668,,47.048282623291016,0.023932218551635742
1180,4.915459632873535,,47.08855414390564,0.02416539192199707
1181,4.937826156616211,,47.12717008590698,0.023856639862060547
1182,4.910919189453125,,47.16529941558838,0.024709463119506836
1183,4.915652275085449,,47.20399713516235,0.024854660034179688
1184,4.9102935791015625,,47.24340271949768,0.025437593460083008
1185,4.8946428298950195,,47.288214445114136,0.02770090103149414
1186,4.913012504577637,,47.33243203163147,0.027387142181396484
1187,4.880064010620117,,47.37710690498352,0.027246475219726562
1188,4.911256313323975,,47.42068529129028,0.02762913703918457
1189,4.895693778991699,,47.46736526489258,0.027875661849975586
1190,4.8751325607299805,,47.51414227485657,0.030870676040649414
1191,4.891650199890137,,47.56462550163269,0.03264927864074707
1192,4.887977123260498,,47.6204514503479,0.03838038444519043
1193,4.878721237182617,,47.66331958770752,0.02941417694091797
1194,4.901580810546875,,47.71228551864624,0.030022382736206055
1195,4.882213115692139,,47.75797891616821,0.027729511260986328
1196,4.895269393920898,,47.806883573532104,0.03144264221191406
1197,4.887052536010742,,47.8561224937439,0.032622575759887695
1198,4.879735946655273,,47.90683174133301,0.0321197509765625
1199,4.885352611541748,,47.951279640197754,0.027968168258666992
1200,4.896974563598633,0.8974700212478638,47.99959349632263,0.030174732208251953
1201,4.849530220031738,,48.05040168762207,0.03249645233154297
1202,4.8576979637146,,48.09824204444885,0.03178215026855469
1203,4.869161605834961,,48.14087629318237,0.0278933048248291
1204,4.864745140075684,,48.18717336654663,0.028915882110595703
1205,4.867093086242676,,48.23314571380615,0.027860403060913086
1206,4.8603363037109375,,48.27977728843689,0.02904367446899414
1207,4.879295349121094,,48.32603120803833,0.02773308753967285
1208,4.84934139251709,,48.36978197097778,0.025873899459838867
1209,4.825253486633301,,48.417409896850586,0.028803348541259766
1210,4.843610763549805,,48.463390588760376,0.02830362319946289
1211,4.854841232299805,,48.510987520217896,0.0297544002532959
1212,4.830286026000977,,48.55547022819519,0.028985261917114258
1213,4.833274841308594,,48.60344481468201,0.030025482177734375
1214,4.830503463745117,,48.65304160118103,0.03279852867126465
1215,4.881532669067383,,48.70045733451843,0.03138446807861328
1216,4.812297821044922,,48.74502205848694,0.028961181640625
1217,4.809664726257324,,48.78866481781006,0.025927305221557617
1218,4.779877662658691,,48.83444857597351,0.028063297271728516
1219,4.8046979904174805,,48.883270502090454,0.03193187713623047
1220,4.822761535644531,,48.925793170928955,0.024431467056274414
1221,4.8079118728637695,,48.97534966468811,0.026842832565307617
1222,4.818553924560547,,49.02041292190552,0.028839588165283203
1223,4.823587417602539,,49.065120220184326,0.026284217834472656
1224,4.8035888671875,,49.11521553993225,0.03167605400085449
1225,4.764499664306641,,49.16183423995972,0.03138470649719238
1226,4.787472724914551,,49.207040548324585,0.027729034423828125
1227,4.82754373550415,,49.25071859359741,0.027377843856811523
1228,4.790992736816406,,49.29567337036133,0.027724742889404297
1229,4.798460960388184,,49.341206789016724,0.029093503952026367
1230,4.793087959289551,,49.3859167098999,0.02772688865661621
1231,4.796174049377441,,49.43242001533508,0.027579545974731445
1232,4.777981758117676,,49.47571396827698,0.027238130569458008
1233,4.832281112670898,,49.52099967002869,0.02794814109802246
1234,4.789118766784668,,49.56480026245117,0.02599811553955078
1235,4.8053178787231445,,49.611467123031616,0.0279996395111084
1236,4.799864768981934,,49.659475564956665,0.030704975128173828
1237,4.75538969039917,,49.70539355278015,0.029120445251464844
1238,4.768824100494385,,49.75311350822449,0.029726743698120117
1239,4.74421501159668,,49.80047655105591,0.029853105545043945
1240,4.765287399291992,,49.849122762680054,0.03251171112060547
1241,4.80272102355957,,49.890920639038086,0.02560591697692871
1242,4.742005348205566,,49.936518907547,0.02765345573425293
1243,4.811654090881348,,49.983299016952515,0.029867172241210938
1244,4.78554630279541,,50.029945373535156,0.02916240692138672
1245,4.734924793243408,,50.07675290107727,0.02959465980529785
1246,4.776744842529297,,50.12369513511658,0.02985858917236328
1247,4.755634784698486,,50.17338800430298,0.03259086608886719
1248,4.7552971839904785,,50.217283964157104,0.02799224853515625
1249,4.7354583740234375,,50.26532816886902,0.029568195343017578
1250,4.706524848937988,,50.313185930252075,0.03074502944946289
1251,4.750006675720215,,50.35729718208313,0.027233600616455078
1252,4.785767555236816,,50.39838409423828,0.026006460189819336
1253,4.735417366027832,,50.43681526184082,0.024866580963134766
1254,4.727993965148926,,50.47600769996643,0.024587154388427734
1255,4.747056484222412,,50.51523971557617,0.02508711814880371
1256,4.725729942321777,,50.553648471832275,0.024674654006958008
1257,4.7264227867126465,,50.59425401687622,0.025908946990966797
1258,4.758551597595215,,50.63563680648804,0.02681446075439453
1259,4.7473955154418945,,50.675835847854614,0.026612520217895508
1260,4.709519386291504,,50.713709592819214,0.024734973907470703
1261,4.719303607940674,,50.75310826301575,0.023622989654541016
1262,4.7312822341918945,,50.79176115989685,0.023777246475219727
1263,4.735908508300781,,50.833104372024536,0.02624368667602539
1264,4.767454147338867,,50.873939990997314,0.025722026824951172
1265,4.729022979736328,,50.91484236717224,0.026889562606811523
1266,4.678158760070801,,50.955453872680664,0.025782108306884766
1267,4.7235307693481445,,50.99622678756714,0.0251004695892334
1268,4.677852630615234,,51.035414695739746,0.023685216903686523
1269,4.711745738983154,,51.075716495513916,0.025799274444580078
1270,4.711363792419434,,51.11701822280884,0.02708911895751953
1271,4.68774938583374,,51.15733337402344,0.0265960693359375
1272,4.660189628601074,,51.19817566871643,0.026111125946044922
1273,4.722437858581543,,51.23910212516785,0.025834321975708008
1274,4.695138931274414,,51.279030561447144,0.025847673416137695
1275,4.717942237854004,,51.31740427017212,0.02418828010559082
1276,4.685025215148926,,51.35841655731201,0.026289939880371094
1277,4.681119441986084,,51.40192365646362,0.02977299690246582
1278,4.670967102050781,,51.439353942871094,0.023197174072265625
1279,4.68931770324707,,51.47884154319763,0.024700641632080078
1280,4.656145095825195,,51.519213914871216,0.026146411895751953
1281,4.687921524047852,,51.56048893928528,0.02607560157775879
1282,4.654720306396484,,51.60119271278381,0.026501893997192383
1283,4.671936511993408,,51.63963437080383,0.024294137954711914
1284,4.676434516906738,,51.68054914474487,0.026840925216674805
1285,4.683976173400879,,51.72083306312561,0.026064157485961914
1286,4.674694061279297,,51.76133131980896,0.025289058685302734
1287,4.677614212036133,,51.802231550216675,0.0257871150970459
1288,4.664609909057617,,51.84236001968384,0.025487422943115234
1289,4.681408405303955,,51.88107681274414,0.024532556533813477
1290,4.662008285522461,,51.9223051071167,0.026014089584350586
1291,4.652712821960449,,51.96314787864685,0.02567148208618164
1292,4.642904281616211,,52.00524711608887,0.02687549591064453
1293,4.64674711227417,,52.04452109336853,0.025771379470825195
1294,4.654411315917969,,52.08525228500366,0.026050806045532227
1295,4.6584882736206055,,52.125561475753784,0.026310443878173828
1296,4.632892608642578,,52.165141344070435,0.025075674057006836
1297,4.653008937835693,,52.20597863197327,0.02584385871887207
1298,4.657588958740234,,52.244914054870605,0.024552106857299805
1299,4.633914947509766,,52.2842960357666,0.02433943748474121
1300,4.652059555053711,0.900081193447113,52.32597875595093,0.02767467498779297
1301,4.666871070861816,,52.36703944206238,0.026491641998291016
1302,4.620352745056152,,52.4059202671051,0.024742841720581055
1303,4.675937175750732,,52.44381833076477,0.02420520782470703
1304,4.58779239654541,,52.4835741519928,0.025294065475463867
1305,4.608213424682617,,52.52434039115906,0.026246309280395508
1306,4.637595176696777,,52.56216859817505,0.023805856704711914
1307,4.624599456787109,,52.60376524925232,0.026615142822265625
1308,4.629090785980225,,52.644476652145386,0.02639150619506836
1309,4.626587867736816,,52.68347978591919,0.024693965911865234
1310,4.600419521331787,,52.72226023674011,0.023752927780151367
1311,4.595376968383789,,52.761539459228516,0.024736881256103516
1312,4.610807418823242,,52.80061435699463,0.024003267288208008
1313,4.642030715942383,,52.84167289733887,0.02724909782409668
1314,4.604123115539551,,52.880810022354126,0.024436235427856445
1315,4.608110427856445,,52.92067360877991,0.025124788284301758
1316,4.595010757446289,,52.95937919616699,0.024246931076049805
1317,4.6192522048950195,,52.99865102767944,0.024158954620361328
1318,4.599834442138672,,53.03683018684387,0.023514747619628906
1319,4.590346813201904,,53.07571291923523,0.025317668914794922
1320,4.61491584777832,,53.115041971206665,0.02469658851623535
1321,4.60981559753418,,53.15335416793823,0.024332523345947266
1322,4.607799530029297,,53.19155836105347,0.022878170013427734
1323,4.601128578186035,,53.23121786117554,0.024163007736206055
1324,4.588840484619141,,53.269680976867676,0.02478957176208496
1325,4.593253135681152,,53.30972480773926,0.025478601455688477
1326,4.5804338455200195,,53.351165533065796,0.02734827995300293
1327,4.577327728271484,,53.39186191558838,0.0267791748046875
1328,4.603216171264648,,53.43054437637329,0.024034976959228516
1329,4.592654228210449,,53.46886467933655,0.023308515548706055
1330,4.592525482177734,,53.50946855545044,0.02633357048034668
1331,4.589327812194824,,53.570297718048096,0.04619312286376953
1332,4.587475299835205,,53.60812258720398,0.029315948486328125
1333,4.582032203674316,,53.64702248573303,0.025033950805664062
1334,4.568586349487305,,53.68666458129883,0.02587413787841797
1335,4.606174468994141,,53.72513723373413,0.023688077926635742
1336,4.548471450805664,,53.76457238197327,0.023961544036865234
1337,4.523327350616455,,53.80318593978882,0.024242877960205078
1338,4.571570873260498,,53.84191536903381,0.024389028549194336
1339,4.578169345855713,,53.880871057510376,0.02469158172607422
1340,4.557761192321777,,53.92156267166138,0.02517104148864746
1341,4.5777435302734375,,53.96030640602112,0.02321147918701172
1342,4.585725784301758,,54.000088691711426,0.02456188201904297
1343,4.5786848068237305,,54.038872957229614,0.02477741241455078
1344,4.522944450378418,,54.078065156936646,0.02496933937072754
1345,4.56527042388916,,54.11507797241211,0.023760318756103516
1346,4.570806503295898,,54.15675067901611,0.02679753303527832
1347,4.542212963104248,,54.19510364532471,0.023801326751708984
1348,4.560757637023926,,54.23472309112549,0.024661779403686523
1349,4.555863380432129,,54.273465633392334,0.025358200073242188
1350,4.566372871398926,,54.31158113479614,0.024884939193725586
1351,4.540892124176025,,54.35316300392151,0.027232646942138672
1352,4.530800819396973,,54.39183235168457,0.02472400665283203
1353,4.537257194519043,,54.433146476745605,0.02639007568359375
1354,4.547251224517822,,54.473843574523926,0.02741694450378418
1355,4.497535705566406,,54.51213550567627,0.024412155151367188
1356,4.531338214874268,,54.5606369972229,0.03405117988586426
1357,4.514726161956787,,54.59776306152344,0.025581836700439453
1358,4.524152755737305,,54.63628673553467,0.024573087692260742
1359,4.504796028137207,,54.67673063278198,0.025919675827026367
1360,4.530200004577637,,54.71672964096069,0.02622365951538086
1361,4.498425483703613,,54.7554829120636,0.02463245391845703
1362,4.513314723968506,,54.794724225997925,0.02431631088256836
1363,4.550076484680176,,54.83593034744263,0.026689767837524414
1364,4.547421455383301,,54.87336850166321,0.02420973777770996
1365,4.507784366607666,,54.913187980651855,0.02519965171813965
1366,4.517631530761719,,54.95171284675598,0.02412128448486328
1367,4.503395080566406,,54.99007987976074,0.023626327514648438
1368,4.503475666046143,,55.0297110080719,0.024045705795288086
1369,4.562406539916992,,55.06866788864136,0.024291276931762695
1370,4.514098644256592,,55.10981559753418,0.027397632598876953
1371,4.496147155761719,,55.15072512626648,0.027167081832885742
1372,4.518662452697754,,55.18946433067322,0.02417588233947754
1373,4.506082534790039,,55.2277991771698,0.023337602615356445
1374,4.475914001464844,,55.27014708518982,0.0270841121673584
1375,4.507284164428711,,55.30850958824158,0.024219512939453125
1376,4.504336357116699,,55.34651803970337,0.025056123733520508
1377,4.489530563354492,,55.385865449905396,0.024657011032104492
1378,4.491307258605957,,55.426573276519775,0.026255369186401367
1379,4.514350891113281,,55.46489977836609,0.023373842239379883
1380,4.508675575256348,,55.504565477371216,0.02465987205505371
1381,4.480906963348389,,55.55745458602905,0.038562774658203125
1382,4.512975692749023,,55.5952422618866,0.023134231567382812
1383,4.492990970611572,,55.635552406311035,0.024837493896484375
1384,4.483994007110596,,55.67422032356262,0.024306535720825195
1385,4.482797622680664,,55.71301746368408,0.02443981170654297
1386,4.4880595207214355,,55.751965045928955,0.024628162384033203
1387,4.496531009674072,,55.790677547454834,0.02426004409790039
1388,4.4655680656433105,,55.82936954498291,0.024111270904541016
1389,4.470845699310303,,55.87009835243225,0.026612520217895508
1390,4.495422840118408,,55.908541679382324,0.02456831932067871
1391,4.478902816772461,,55.947413206100464,0.024216890335083008
1392,4.496420860290527,,55.98575210571289,0.02337503433227539
1393,4.45620059967041,,56.02532243728638,0.024776935577392578
1394,4.463955879211426,,56.06604313850403,0.025719404220581055
1395,4.433009624481201,,56.10485029220581,0.02493119239807129
1396,4.469470500946045,,56.14413094520569,0.02504730224609375
1397,4.4539690017700195,,56.18556046485901,0.02776813507080078
1398,4.463990211486816,,56.225224018096924,0.025775432586669922
1399,4.458044528961182,,56.264018297195435,0.023835420608520508
1400,4.496682643890381,0.8948092222213745,56.30615735054016,0.027631521224975586
1401,4.454805374145508,,56.34557294845581,0.024976015090942383
1402,4.467099189758301,,56.38393020629883,0.02475261688232422
1403,4.477049827575684,,56.42170023918152,0.023319721221923828
1404,4.460292816162109,,56.46380853652954,0.025702238082885742
1405,4.453479766845703,,56.50299620628357,0.024580955505371094
1406,4.47025203704834,,56.543339252471924,0.02645254135131836
1407,4.421548366546631,,56.581833839416504,0.024531126022338867
1408,4.455486297607422,,56.622023820877075,0.024688243865966797
1409,4.4324798583984375,,56.661784410476685,0.025812149047851562
1410,4.421298980712891,,56.70114612579346,0.02422046661376953
1411,4.4362382888793945,,56.74027395248413,0.024404048919677734
1412,4.412283420562744,,56.78019976615906,0.02567315101623535
1413,4.44419002532959,,56.8204140663147,0.027076005935668945
1414,4.441797256469727,,56.86114454269409,0.026211977005004883
1415,4.3924713134765625,,56.90031361579895,0.024671554565429688
1416,4.451927185058594,,56.94015860557556,0.0258328914642334
1417,4.417874336242676,,56.978914976119995,0.02436542510986328
1418,4.418218612670898,,57.0177640914917,0.024712324142456055
1419,4.404280185699463,,57.05707931518555,0.0251920223236084
1420,4.449610233306885,,57.09537315368652,0.023789644241333008
1421,4.443405628204346,,57.13665723800659,0.025735855102539062
1422,4.427023887634277,,57.17797017097473,0.026804208755493164
1423,4.416379928588867,,57.21865677833557,0.027535676956176758
1424,4.415629863739014,,57.25967240333557,0.026387691497802734
1425,4.416131496429443,,57.29875111579895,0.024595975875854492
1426,4.436424255371094,,57.34019494056702,0.026438236236572266
1427,4.414837837219238,,57.38090753555298,0.026586294174194336
1428,4.42430305480957,,57.42126941680908,0.025175809860229492
1429,4.408663749694824,,57.461567878723145,0.02512502670288086
1430,4.421622276306152,,57.50295567512512,0.025190114974975586
1431,4.435735702514648,,57.543221950531006,0.025753498077392578
1432,4.413814544677734,,57.58309459686279,0.02626323699951172
1433,4.374114036560059,,57.623024463653564,0.02530694007873535
1434,4.420046329498291,,57.66476559638977,0.025563955307006836
1435,4.421378135681152,,57.70578074455261,0.02630782127380371
1436,4.391313076019287,,57.74502110481262,0.024737834930419922
1437,4.383405685424805,,57.78558588027954,0.026395320892333984
1438,4.3820624351501465,,57.825711727142334,0.025307178497314453
1439,4.412695407867432,,57.86523103713989,0.023789405822753906
1440,4.434806823730469,,57.90492057800293,0.025113821029663086
1441,4.392787933349609,,57.94360399246216,0.024712800979614258
1442,4.390128135681152,,57.9822793006897,0.025003433227539062
1443,4.398736953735352,,58.021469593048096,0.024056196212768555
1444,4.410637855529785,,58.06178307533264,0.02610921859741211
1445,4.408814430236816,,58.10152816772461,0.024729490280151367
1446,4.362353324890137,,58.141844511032104,0.026148080825805664
1447,4.374749183654785,,58.181185245513916,0.0252225399017334
1448,4.378659725189209,,58.22112536430359,0.02572798728942871
1449,4.377476215362549,,58.262972593307495,0.02668476104736328
1450,4.361899375915527,,58.30381441116333,0.026134967803955078
1451,4.417012691497803,,58.344417095184326,0.025836944580078125
1452,4.391840934753418,,58.38493013381958,0.026343822479248047
1453,4.341922283172607,,58.42685294151306,0.026194334030151367
1454,4.379039287567139,,58.46794128417969,0.02634406089782715
1455,4.383798599243164,,58.508190631866455,0.026677370071411133
1456,4.372841835021973,,58.54800367355347,0.025799989700317383
1457,4.36018180847168,,58.58832025527954,0.025179624557495117
1458,4.363195419311523,,58.630470514297485,0.026951074600219727
1459,4.364076614379883,,58.66885757446289,0.0242464542388916
1460,4.3731818199157715,,58.70902895927429,0.026015281677246094
1461,4.349274635314941,,58.74828505516052,0.025246143341064453
1462,4.392592430114746,,58.787192583084106,0.023772239685058594
1463,4.3719353675842285,,58.826616525650024,0.024682044982910156
1464,4.368813514709473,,58.867189168930054,0.02587127685546875
1465,4.356009483337402,,58.90797996520996,0.025785446166992188
1466,4.377075672149658,,58.94850254058838,0.026815176010131836
1467,4.356940269470215,,58.98696732521057,0.023295164108276367
1468,4.366115093231201,,59.02850604057312,0.026811838150024414
1469,4.378327369689941,,59.06863284111023,0.02562403678894043
1470,4.347225189208984,,59.107410192489624,0.024773120880126953
1471,4.333895683288574,,59.146843910217285,0.02580857276916504
1472,4.36072301864624,,59.18732714653015,0.0258328914642334
1473,4.36007022857666,,59.22759675979614,0.02563333511352539
1474,4.345649242401123,,59.269859790802,0.027590513229370117
1475,4.340732574462891,,59.30800533294678,0.02504253387451172
1476,4.322902679443359,,59.346598863601685,0.024910688400268555
1477,4.342584609985352,,59.385276794433594,0.024963855743408203
1478,4.343272686004639,,59.42651009559631,0.02561354637145996
1479,4.352192401885986,,59.467066526412964,0.02593994140625
1480,4.348537445068359,,59.506282329559326,0.024712800979614258
1481,4.33863639831543,,59.54552865028381,0.024743318557739258
1482,4.355913162231445,,59.585857629776,0.02571582794189453
1483,4.320033073425293,,59.62632179260254,0.025777101516723633
1484,4.345005989074707,,59.66687321662903,0.02585315704345703
1485,4.322317123413086,,59.706209897994995,0.024832963943481445
1486,4.325003623962402,,59.746485471725464,0.0257718563079834
1487,4.313226699829102,,59.787920236587524,0.026810646057128906
1488,4.306083679199219,,59.828455686569214,0.02687549591064453
1489,4.334199905395508,,59.86757850646973,0.024012327194213867
1490,4.335650444030762,,59.9073371887207,0.024249553680419922
1491,4.3292236328125,,59.947749614715576,0.02577996253967285
1492,4.307868480682373,,59.98680520057678,0.02440357208251953
1493,4.326390266418457,,60.02757668495178,0.02599167823791504
1494,4.329065322875977,,60.066927433013916,0.023626089096069336
1495,4.332004547119141,,60.10672736167908,0.02529144287109375
1496,4.348992824554443,,60.146193742752075,0.025783300399780273
1497,4.345482349395752,,60.186118841171265,0.025326251983642578
1498,4.320768356323242,,60.22684645652771,0.026017189025878906
1499,4.305739402770996,,60.26655077934265,0.024943828582763672
1500,4.30661153793335,0.8979909181594848,60.30826711654663,0.028210878372192383
1501,4.31764030456543,,60.347822189331055,0.025827407836914062
1502,4.3128156661987305,,60.38555932044983,0.02384471893310547
1503,4.320314407348633,,60.42662215232849,0.025397777557373047
1504,4.301273345947266,,60.46718215942383,0.025856733322143555
1505,4.301114082336426,,60.5069580078125,0.025272369384765625
1506,4.323617458343506,,60.54705786705017,0.025610685348510742
1507,4.292518615722656,,60.5881564617157,0.026528596878051758
1508,4.2817864418029785,,60.62971043586731,0.026305198669433594
1509,4.292703628540039,,60.6689887046814,0.024271249771118164
1510,4.301958084106445,,60.70773220062256,0.024739742279052734
1511,4.299685001373291,,60.748088359832764,0.025853872299194336
1512,4.292326927185059,,60.787753105163574,0.024549245834350586
1513,4.313187599182129,,60.83305239677429,0.02998638153076172
1514,4.273168563842773,,60.87300777435303,0.02544379234313965
1515,4.2904372215271,,60.913219928741455,0.0261993408203125
1516,4.294859409332275,,60.95221400260925,0.024138212203979492
1517,4.295082092285156,,60.99172067642212,0.024611949920654297
1518,4.317543983459473,,61.03192925453186,0.02605724334716797
1519,4.274456977844238,,61.07309150695801,0.026125669479370117
1520,4.289883136749268,,61.11053490638733,0.024299144744873047
1521,4.283260345458984,,61.1512176990509,0.026260852813720703
1522,4.277328014373779,,61.18949770927429,0.024048566818237305
1523,4.268471717834473,,61.22952175140381,0.025186538696289062
1524,4.286820888519287,,61.27086925506592,0.027240991592407227
1525,4.293512344360352,,61.31104636192322,0.026483535766601562
1526,4.290585517883301,,61.35153555870056,0.02631092071533203
1527,4.267828941345215,,61.393110275268555,0.02626514434814453
1528,4.301078796386719,,61.43453884124756,0.026823997497558594
1529,4.244629383087158,,61.47508430480957,0.02696847915649414
1530,4.275994300842285,,61.51511526107788,0.026440143585205078
1531,4.281297206878662,,61.55303907394409,0.024230480194091797
1532,4.271223545074463,,61.59334111213684,0.025727510452270508
1533,4.270908832550049,,61.637200117111206,0.028281450271606445
1534,4.283966064453125,,61.67681550979614,0.026107072830200195
1535,4.248561382293701,,61.71667504310608,0.026704788208007812
1536,4.30056095123291,,61.75710105895996,0.025774478912353516
1537,4.2690582275390625,,61.79755616188049,0.025773286819458008
1538,4.277608871459961,,61.83888483047485,0.02585577964782715
1539,4.254153251647949,,61.87870526313782,0.026317834854125977
1540,4.282811164855957,,61.9196617603302,0.02629995346069336
1541,4.275476455688477,,61.960243940353394,0.02619791030883789
1542,4.269541263580322,,62.00126266479492,0.02581000328063965
1543,4.278680801391602,,62.039604902267456,0.02419590950012207
1544,4.220272064208984,,62.07862424850464,0.024881839752197266
1545,4.2585344314575195,,62.11950969696045,0.026197195053100586
1546,4.271198272705078,,62.160499811172485,0.025745868682861328
1547,4.24957799911499,,62.201459646224976,0.02581501007080078
1548,4.242456912994385,,62.240744829177856,0.025269269943237305
1549,4.313106536865234,,62.279473543167114,0.02439141273498535
1550,4.262415885925293,,62.31699085235596,0.02330803871154785
1551,4.253472328186035,,62.359291315078735,0.027829647064208984
1552,4.245190143585205,,62.398441314697266,0.024369478225708008
1553,4.253407001495361,,62.43617367744446,0.02445363998413086
1554,4.281085014343262,,62.4752562046051,0.02466106414794922
1555,4.23464822769165,,62.514856576919556,0.025652408599853516
1556,4.248970985412598,,62.553149700164795,0.02470231056213379
1557,4.226179122924805,,62.59226965904236,0.024609088897705078
1558,4.256300449371338,,62.63097262382507,0.02502584457397461
1559,4.230299949645996,,62.66929602622986,0.0237429141998291
1560,4.249914169311523,,62.707425117492676,0.02423834800720215
1561,4.241730213165283,,62.74707841873169,0.025707006454467773
1562,4.252692222595215,,62.78543472290039,0.02446603775024414
1563,4.236764907836914,,62.82402014732361,0.02338242530822754
1564,4.239975929260254,,62.863096952438354,0.023603200912475586
1565,4.248715877532959,,62.9034161567688,0.025328397750854492
1566,4.210535526275635,,62.94369053840637,0.026337385177612305
1567,4.245807647705078,,62.98222756385803,0.024735689163208008
1568,4.239898204803467,,63.02285718917847,0.025787353515625
1569,4.234060287475586,,63.06152844429016,0.024003982543945312
1570,4.228776931762695,,63.102357625961304,0.025814056396484375
1571,4.202491760253906,,63.14343452453613,0.027261018753051758
1572,4.212947845458984,,63.18125009536743,0.024437904357910156
1573,4.201840877532959,,63.22030973434448,0.024738550186157227
1574,4.247602462768555,,63.25893545150757,0.023616790771484375
1575,4.2079620361328125,,63.29843711853027,0.02437448501586914
1576,4.223322868347168,,63.339558362960815,0.02611708641052246
1577,4.250253677368164,,63.37760853767395,0.024290800094604492
1578,4.189799785614014,,63.418718099594116,0.027113676071166992
1579,4.2421746253967285,,63.457446336746216,0.024237394332885742
1580,4.225348949432373,,63.496036767959595,0.024028301239013672
1581,4.228987693786621,,63.53459191322327,0.023972511291503906
1582,4.2059006690979,,63.57423210144043,0.025131940841674805
1583,4.173478126525879,,63.61309218406677,0.024076461791992188
1584,4.244304656982422,,63.65298914909363,0.024833202362060547
1585,4.1939191818237305,,63.69304919242859,0.0258176326751709
1586,4.21058464050293,,63.73123836517334,0.023062705993652344
1587,4.185242652893066,,63.770012855529785,0.023883581161499023
1588,4.228217124938965,,63.8083176612854,0.02388930320739746
1589,4.2125139236450195,,63.855116844177246,0.03212738037109375
1590,4.233447074890137,,63.89202809333801,0.023822784423828125
1591,4.224742412567139,,63.93165826797485,0.024538755416870117
1592,4.210808753967285,,63.97018241882324,0.02437877655029297
1593,4.190472602844238,,64.00926804542542,0.024434328079223633
1594,4.168172836303711,,64.0506865978241,0.0273287296295166
1595,4.180492401123047,,64.08884644508362,0.024044036865234375
1596,4.215692520141602,,64.12806510925293,0.024155139923095703
1597,4.207536697387695,,64.16936206817627,0.026185989379882812
1598,4.184777736663818,,64.20905780792236,0.025979042053222656
1599,4.1834211349487305,,64.24704647064209,0.023667573928833008
1600,4.205538272857666,0.8983013391494751,64.28932929039001,0.027409791946411133
1601,4.177711486816406,,64.32807779312134,0.024753808975219727
1602,4.192451000213623,,64.36714315414429,0.024003028869628906
1603,4.186138153076172,,64.40608048439026,0.024069786071777344
1604,4.184803009033203,,64.44472599029541,0.025017499923706055
1605,4.190333366394043,,64.48372220993042,0.025244474411010742
1606,4.183781623840332,,64.52282071113586,0.02462911605834961
1607,4.19027042388916,,64.56156539916992,0.024178028106689453
1608,4.161696434020996,,64.60013842582703,0.023432254791259766
1609,4.190944671630859,,64.63968253135681,0.025513410568237305
1610,4.172694683074951,,64.6778814792633,0.02445077896118164
1611,4.172780990600586,,64.71729493141174,0.02575850486755371
1612,4.163834571838379,,64.75613856315613,0.02381277084350586
1613,4.195948600769043,,64.79547905921936,0.02480316162109375
1614,4.209527492523193,,64.83392691612244,0.023884057998657227
1615,4.18009090423584,,64.8731951713562,0.024698257446289062
1616,4.182599067687988,,64.91172456741333,0.024669170379638672
1617,4.162486553192139,,64.95050168037415,0.023808717727661133
1618,4.1775007247924805,,64.98917436599731,0.024137020111083984
1619,4.160715579986572,,65.03331661224365,0.028725385665893555
1620,4.155670166015625,,65.07305455207825,0.02525043487548828
1621,4.177113056182861,,65.1109528541565,0.024606943130493164
1622,4.188244342803955,,65.14989852905273,0.024136781692504883
1623,4.188615322113037,,65.18946623802185,0.02422952651977539
1624,4.176359176635742,,65.22779893875122,0.02366185188293457
1625,4.141709804534912,,65.26762509346008,0.024278879165649414
1626,4.145176410675049,,65.30624222755432,0.024392127990722656
1627,4.174984455108643,,65.345534324646,0.02477550506591797
1628,4.191204071044922,,65.38500237464905,0.02569293975830078
1629,4.179483413696289,,65.4232132434845,0.024276256561279297
1630,4.127388954162598,,65.4630138874054,0.024756193161010742
1631,4.161433696746826,,65.50202417373657,0.024407625198364258
1632,4.143167018890381,,65.54042506217957,0.024460554122924805
1633,4.15367317199707,,65.57947421073914,0.025182247161865234
1634,4.157498836517334,,65.61811232566833,0.024025440216064453
1635,4.159933567047119,,65.6568329334259,0.023209095001220703
1636,4.154102325439453,,65.69619274139404,0.02386188507080078
1637,4.167946815490723,,65.73593235015869,0.024826765060424805
1638,4.152360439300537,,65.77423906326294,0.024025917053222656
1639,4.1618852615356445,,65.81234169006348,0.02358388900756836
1640,4.145318984985352,,65.85128021240234,0.024251699447631836
1641,4.13667631149292,,65.89085674285889,0.024477481842041016
1642,4.13834285736084,,65.92927145957947,0.024218082427978516
1643,4.142202377319336,,65.97202491760254,0.02817678451538086
1644,4.174444198608398,,66.00944805145264,0.023607969284057617
1645,4.135401248931885,,66.04909682273865,0.024690866470336914
1646,4.126713752746582,,66.08741450309753,0.024167537689208984
1647,4.154901027679443,,66.12698888778687,0.02460503578186035
1648,4.142890930175781,,66.16527056694031,0.02365422248840332
1649,4.139899253845215,,66.20406723022461,0.02322673797607422
1650,4.125648498535156,,66.24339199066162,0.025050640106201172
1651,4.133055686950684,,66.28184056282043,0.024684906005859375
1652,4.111095428466797,,66.32141423225403,0.02471327781677246
1653,4.1450371742248535,,66.3601508140564,0.023694276809692383
1654,4.1392645835876465,,66.39957666397095,0.023818492889404297
1655,4.161114692687988,,66.43825101852417,0.0248870849609375
1656,4.147266387939453,,66.47751975059509,0.024509906768798828
1657,4.126404762268066,,66.51697659492493,0.025814056396484375
1658,4.155364990234375,,66.56121301651001,0.030655384063720703
1659,4.139919757843018,,66.60707068443298,0.030165433883666992
1660,4.133113861083984,,66.65209627151489,0.030274152755737305
1661,4.1396026611328125,,66.69823026657104,0.028838396072387695
1662,4.114928722381592,,66.74418044090271,0.029362201690673828
1663,4.123852729797363,,66.78701901435852,0.025812864303588867
1664,4.152251243591309,,66.83538341522217,0.029753446578979492
1665,4.095421314239502,,66.88423347473145,0.029499530792236328
1666,4.115017890930176,,66.93318128585815,0.03000617027282715
1667,4.103104591369629,,66.98133897781372,0.027533531188964844
1668,4.1391191482543945,,67.03208112716675,0.03309321403503418
1669,4.102571487426758,,67.0775134563446,0.02881002426147461
1670,4.127171993255615,,67.12319302558899,0.029452085494995117
1671,4.0898308753967285,,67.16882967948914,0.029900074005126953
1672,4.131145477294922,,67.21105027198792,0.025794267654418945
1673,4.11327600479126,,67.25691509246826,0.0287630558013916
1674,4.121186256408691,,67.3046042919159,0.0295259952545166
1675,4.116211891174316,,67.35150957107544,0.02834033966064453
1676,4.101938247680664,,67.39571070671082,0.029791593551635742
1677,4.123658180236816,,67.44534611701965,0.031913042068481445
1678,4.112759590148926,,67.49437069892883,0.0313265323638916
1679,4.121397495269775,,67.54194784164429,0.030885934829711914
1680,4.124845027923584,,67.5853283405304,0.024985551834106445
1681,4.097643852233887,,67.63095307350159,0.027912378311157227
1682,4.104762077331543,,67.67979693412781,0.03170633316040039
1683,4.120800018310547,,67.72650170326233,0.029821395874023438
1684,4.108051776885986,,67.77181029319763,0.028423309326171875
1685,4.095214366912842,,67.81989979743958,0.030809640884399414
1686,4.094944953918457,,67.86531043052673,0.030177593231201172
1687,4.088978290557861,,67.91068124771118,0.029471635818481445
1688,4.095869064331055,,67.95714473724365,0.02784585952758789
1689,4.101145267486572,,68.0031967163086,0.028812408447265625
1690,4.076427459716797,,68.04945230484009,0.03097224235534668
1691,4.101643085479736,,68.09374475479126,0.026852846145629883
1692,4.090280055999756,,68.13975882530212,0.029369831085205078
1693,4.107631683349609,,68.18321084976196,0.02626323699951172
1694,4.088931083679199,,68.23306703567505,0.03159666061401367
1695,4.087124347686768,,68.27863025665283,0.030681610107421875
1696,4.099070072174072,,68.32531833648682,0.02940511703491211
1697,4.088640213012695,,68.37215828895569,0.029175519943237305
1698,4.088613033294678,,68.4186520576477,0.028929471969604492
1699,4.093966484069824,,68.46515536308289,0.028723955154418945
1700,4.07224702835083,0.8981641530990601,68.51334571838379,0.03001093864440918
1701,4.088279724121094,,68.55775690078735,0.027776718139648438
1702,4.097749710083008,,68.60429883003235,0.031089067459106445
1703,4.097836017608643,,68.6531810760498,0.029178380966186523
1704,4.092911243438721,,68.70330166816711,0.030999183654785156
1705,4.1194167137146,,68.74422526359558,0.02666783332824707
1706,4.074012279510498,,68.79394268989563,0.03139352798461914
1707,4.117891311645508,,68.83952713012695,0.02972102165222168
1708,4.066105842590332,,68.88424754142761,0.02798151969909668
1709,4.086282253265381,,68.93058276176453,0.02756524085998535
1710,4.074527740478516,,68.97459888458252,0.02794671058654785
1711,4.109047889709473,,69.01812672615051,0.027753591537475586
1712,4.097400665283203,,69.06485033035278,0.029169082641601562
1713,4.075812339782715,,69.11381316184998,0.03154301643371582
1714,4.064521789550781,,69.16334986686707,0.03222799301147461
1715,4.067567825317383,,69.20895075798035,0.029663801193237305
1716,4.0534539222717285,,69.25345659255981,0.02700042724609375
1717,4.069154739379883,,69.30093383789062,0.0293426513671875
1718,4.061065673828125,,69.34308695793152,0.026287555694580078
1719,4.07900333404541,,69.38789415359497,0.027365922927856445
1720,4.051924705505371,,69.43523383140564,0.030341625213623047
1721,4.066706657409668,,69.47998023033142,0.027536630630493164
1722,4.06623649597168,,69.52509427070618,0.02775740623474121
1723,4.089907646179199,,69.5742998123169,0.030564546585083008
1724,4.070751190185547,,69.61863851547241,0.028296709060668945
1725,4.050500392913818,,69.66345357894897,0.02695775032043457
1726,4.054844856262207,,69.70181465148926,0.02474808692932129
1727,4.078780174255371,,69.74127125740051,0.025214195251464844
1728,4.037806510925293,,69.78003025054932,0.024298429489135742
1729,4.068508625030518,,69.8212661743164,0.026291847229003906
1730,4.049799919128418,,69.85972929000854,0.024312734603881836
1731,4.051955223083496,,69.89892411231995,0.025107622146606445
1732,4.056884765625,,69.9363763332367,0.023344993591308594
1733,4.051635265350342,,69.97565698623657,0.02361917495727539
1734,4.058826923370361,,70.01416850090027,0.023781776428222656
1735,4.061136722564697,,70.05329179763794,0.023804187774658203
1736,4.066553115844727,,70.09330368041992,0.025312423706054688
1737,4.038839340209961,,70.13126039505005,0.024211645126342773
1738,4.048153877258301,,70.16975426673889,0.024233341217041016
1739,4.057271957397461,,70.20930862426758,0.023685455322265625
1740,4.027311325073242,,70.24789118766785,0.024310827255249023
1741,4.0731425285339355,,70.28824234008789,0.025266408920288086
1742,4.026756286621094,,70.32684350013733,0.024689435958862305
1743,4.047847270965576,,70.36519002914429,0.024628162384033203
1744,4.036961555480957,,70.40178775787354,0.022875547409057617
1745,4.075006484985352,,70.4423131942749,0.02423858642578125
1746,4.062103271484375,,70.48064351081848,0.0241546630859375
1747,4.054722785949707,,70.52122759819031,0.02564096450805664
1748,4.029708385467529,,70.56227469444275,0.026301145553588867
1749,4.016798973083496,,70.60319709777832,0.026406049728393555
1750,4.04957389831543,,70.64314222335815,0.02529740333557129
1751,4.044432640075684,,70.68435096740723,0.02577805519104004
1752,4.043426990509033,,70.72478437423706,0.025288105010986328
1753,4.031083583831787,,70.76507186889648,0.02578449249267578
1754,4.043144226074219,,70.80534291267395,0.025700092315673828
1755,4.076560974121094,,70.8469467163086,0.02660059928894043
1756,4.034449577331543,,70.88817405700684,0.026651620864868164
1757,4.03685188293457,,70.93130278587341,0.02829122543334961
1758,4.040509223937988,,70.96978425979614,0.025197982788085938
1759,4.011868953704834,,71.0096824169159,0.02561211585998535
1760,4.027334213256836,,71.0488510131836,0.02590322494506836
1761,4.010607719421387,,71.09132814407349,0.027266502380371094
1762,4.046253681182861,,71.13203716278076,0.02609848976135254
1763,4.026055812835693,,71.17229533195496,0.02608489990234375
1764,4.0293097496032715,,71.21235609054565,0.02586078643798828
1765,4.026223182678223,,71.2537133693695,0.02564263343811035
1766,4.023270606994629,,71.29294228553772,0.02571582794189453
1767,4.006464004516602,,71.33385491371155,0.027734756469726562
1768,4.032838821411133,,71.37294244766235,0.02571892738342285
1769,4.042882919311523,,71.41410541534424,0.025382518768310547
1770,4.023552894592285,,71.45467352867126,0.025858163833618164
1771,4.032398223876953,,71.49406051635742,0.02488422393798828
1772,4.031998157501221,,71.53326988220215,0.02520012855529785
1773,3.9837193489074707,,71.57485175132751,0.026708602905273438
1774,4.031004428863525,,71.61605191230774,0.0265045166015625
1775,4.018880367279053,,71.65542459487915,0.024869441986083984
1776,4.018625259399414,,71.69464039802551,0.02571272850036621
1777,4.015809059143066,,71.73438549041748,0.025738239288330078
1778,4.0028157234191895,,71.77472400665283,0.0256650447845459
1779,4.010992050170898,,71.81467723846436,0.025246858596801758
1780,4.021008491516113,,71.85571956634521,0.02540278434753418
1781,4.028227806091309,,71.89511942863464,0.024897098541259766
1782,4.0257110595703125,,71.93482851982117,0.025695323944091797
1783,4.008171081542969,,71.97438979148865,0.023861169815063477
1784,4.004680156707764,,72.01429557800293,0.02523970603942871
1785,3.99540114402771,,72.05372285842896,0.02379155158996582
1786,4.030107021331787,,72.09467434883118,0.025771617889404297
1787,3.9862136840820312,,72.1361038684845,0.02731800079345703
1788,4.019248008728027,,72.17567920684814,0.0248715877532959
1789,4.015521049499512,,72.21660709381104,0.02526378631591797
1790,4.018311500549316,,72.25687313079834,0.02576279640197754
1791,4.023362159729004,,72.29612994194031,0.025754690170288086
1792,4.016872882843018,,72.33610320091248,0.025832176208496094
1793,4.012580871582031,,72.37481594085693,0.02396368980407715
1794,4.018758773803711,,72.41564178466797,0.02611994743347168
1795,3.990661144256592,,72.45469975471497,0.023317575454711914
1796,4.018547534942627,,72.49434280395508,0.024941205978393555
1797,4.035356521606445,,72.53421831130981,0.02651238441467285
1798,4.007535934448242,,72.57410955429077,0.025339126586914062
1799,4.003368377685547,,72.61311292648315,0.02400374412536621
1800,3.993162155151367,0.896708607673645,72.65513586997986,0.027694225311279297
1801,4.013436794281006,,72.69565033912659,0.027011871337890625
1802,4.003907203674316,,72.73537683486938,0.024985551834106445
1803,3.9802141189575195,,72.77442288398743,0.024303436279296875
1804,3.9780821800231934,,72.8156464099884,0.027197599411010742
1805,4.007615089416504,,72.85497832298279,0.026749372482299805
1806,4.003228664398193,,72.89574360847473,0.026601076126098633
1807,4.020383358001709,,72.93525695800781,0.025417327880859375
1808,3.9993224143981934,,72.97529864311218,0.025745153427124023
1809,4.008015155792236,,73.01700496673584,0.02666187286376953
1810,4.018596649169922,,73.05719089508057,0.025712013244628906
1811,3.9870195388793945,,73.09763073921204,0.025960206985473633
1812,3.995979070663452,,73.1360821723938,0.023784160614013672
1813,3.9879226684570312,,73.17545533180237,0.024480581283569336
1814,3.985530376434326,,73.21334981918335,0.02312946319580078
1815,3.979508638381958,,73.25217843055725,0.023105144500732422
1816,4.0015668869018555,,73.29137325286865,0.02430558204650879
1817,4.004339218139648,,73.32907915115356,0.023766279220581055
1818,3.976034641265869,,73.36834740638733,0.024904727935791016
1819,3.985379934310913,,73.4133563041687,0.030165672302246094
1820,3.9836792945861816,,73.45818376541138,0.027777433395385742
1821,3.983041286468506,,73.50443434715271,0.0281679630279541
1822,3.973888397216797,,73.5999767780304,0.07846236228942871
1823,3.98878812789917,,73.63858008384705,0.02703547477722168
1824,3.9616646766662598,,73.68778777122498,0.0287778377532959
1825,3.972341537475586,,73.7334234714508,0.02772068977355957
1826,3.9965054988861084,,73.78000068664551,0.02783823013305664
1827,3.965013027191162,,73.8285801410675,0.03121185302734375
1828,3.97644305229187,,73.87733888626099,0.03006720542907715
1829,4.003643035888672,,73.9259250164032,0.03272104263305664
1830,3.959362745285034,,73.9742693901062,0.030899524688720703
1831,3.952303647994995,,74.0234546661377,0.03146958351135254
1832,3.9847192764282227,,74.06966710090637,0.026661396026611328
1833,3.950981855392456,,74.11318111419678,0.025682926177978516
1834,3.9513790607452393,,74.16077637672424,0.028496980667114258
1835,3.9535348415374756,,74.20947909355164,0.0312349796295166
1836,3.980834484100342,,74.25887250900269,0.03044414520263672
1837,3.997925281524658,,74.30090403556824,0.025740623474121094
1838,3.956566333770752,,74.34727740287781,0.028544187545776367
1839,3.974548578262329,,74.39098000526428,0.027922630310058594
1840,3.9772777557373047,,74.43740630149841,0.02789306640625
1841,3.9526350498199463,,74.48633885383606,0.030663013458251953
1842,3.9646778106689453,,74.53013277053833,0.02682209014892578
1843,3.9661483764648438,,74.5764582157135,0.026892662048339844
1844,3.9748172760009766,,74.62000274658203,0.027046918869018555
1845,3.970024347305298,,74.66668772697449,0.028370380401611328
1846,3.9496359825134277,,74.7131175994873,0.029835224151611328
1847,3.9711360931396484,,74.75713562965393,0.027902603149414062
1848,3.9942874908447266,,74.80337762832642,0.030146360397338867
1849,3.9610867500305176,,74.84939670562744,0.029948711395263672
1850,3.957993745803833,,74.89855456352234,0.03159785270690918
1851,3.968502998352051,,74.94181728363037,0.028242111206054688
1852,3.9576940536499023,,74.98717188835144,0.028900146484375
1853,3.9537763595581055,,75.03300428390503,0.029680252075195312
1854,3.982571601867676,,75.07724714279175,0.029220104217529297
1855,3.9446489810943604,,75.12737274169922,0.031569480895996094
1856,3.9526333808898926,,75.17567896842957,0.03120565414428711
1857,3.954686164855957,,75.22506141662598,0.03199148178100586
1858,3.931185722351074,,75.26627016067505,0.027298927307128906
1859,3.973733425140381,,75.31431341171265,0.027341365814208984
1860,3.953948736190796,,75.3576340675354,0.028519630432128906
1861,3.9503636360168457,,75.40406942367554,0.02730083465576172
1862,3.9620347023010254,,75.44680523872375,0.02807140350341797
1863,3.968592882156372,,75.4951982498169,0.02918863296508789
1864,3.943035125732422,,75.53675174713135,0.02773118019104004
1865,3.9259018898010254,,75.58572435379028,0.028396129608154297
1866,3.963069200515747,,75.62714910507202,0.024394989013671875
1867,3.9349145889282227,,75.67477297782898,0.027637958526611328
1868,3.968217372894287,,75.71737051010132,0.0277099609375
1869,3.951218605041504,,75.76598358154297,0.029180288314819336
1870,3.936145782470703,,75.81463098526001,0.029309511184692383
1871,3.940762996673584,,75.8618414402008,0.02849268913269043
1872,3.9448728561401367,,75.90484070777893,0.024213552474975586
1873,3.9242777824401855,,75.95305299758911,0.02877187728881836
1874,3.937342882156372,,75.99995636940002,0.029050350189208984
1875,3.9584951400756836,,76.0478572845459,0.03195381164550781
1876,3.9525182247161865,,76.09297943115234,0.02800440788269043
1877,3.932281494140625,,76.14325833320618,0.03236198425292969
1878,3.9388556480407715,,76.18846559524536,0.02756810188293457
1879,3.9821577072143555,,76.23687434196472,0.0333409309387207
1880,3.952651023864746,,76.28010821342468,0.026643991470336914
1881,3.9508161544799805,,76.32846975326538,0.029232025146484375
1882,3.948975086212158,,76.37706923484802,0.030076265335083008
1883,3.909449577331543,,76.42307186126709,0.02988576889038086
1884,3.9426586627960205,,76.46883606910706,0.027770042419433594
1885,3.953917980194092,,76.51625418663025,0.029211044311523438
1886,3.924842357635498,,76.55517554283142,0.024204015731811523
1887,3.9229321479797363,,76.59579825401306,0.02611398696899414
1888,3.9124436378479004,,76.63605690002441,0.026584386825561523
1889,3.9319686889648438,,76.67573976516724,0.025139331817626953
1890,3.9479665756225586,,76.71670293807983,0.02702641487121582
1891,3.9478988647460938,,76.75522446632385,0.024921894073486328
1892,3.9377737045288086,,76.79484057426453,0.024743318557739258
1893,3.9599738121032715,,76.83306908607483,0.024399518966674805
1894,3.946429491043091,,76.87327003479004,0.025805950164794922
1895,3.934492349624634,,76.91465473175049,0.025549650192260742
1896,3.912454605102539,,76.9532322883606,0.02451777458190918
1897,3.9345626831054688,,76.99209856987,0.024650096893310547
1898,3.94594407081604,,77.03096604347229,0.024774789810180664
1899,3.9307498931884766,,77.07066774368286,0.024199247360229492
1900,3.9203438758850098,0.8981746435165405,77.11228847503662,0.026595592498779297
1901,3.9189271926879883,,77.15408110618591,0.02778005599975586
1902,3.9485082626342773,,77.19309377670288,0.025629758834838867
1903,3.917241096496582,,77.23127484321594,0.02372574806213379
1904,3.9299821853637695,,77.26997780799866,0.024074792861938477
1905,3.947310447692871,,77.30896043777466,0.024327516555786133
1906,3.9428205490112305,,77.3474793434143,0.023308992385864258
1907,3.9269039630889893,,77.38705968856812,0.02507781982421875
1908,3.9221720695495605,,77.42802929878235,0.026993274688720703
1909,3.917126178741455,,77.46846604347229,0.025271892547607422
1910,3.9430813789367676,,77.50905060768127,0.025382518768310547
1911,3.929497480392456,,77.55154013633728,0.02714848518371582
1912,3.9374542236328125,,77.59090948104858,0.026258468627929688
1913,3.906126022338867,,77.63124442100525,0.02620410919189453
1914,3.927779197692871,,77.67163610458374,0.02621769905090332
1915,3.9234976768493652,,77.71324372291565,0.02640366554260254
1916,3.927685499191284,,77.75370907783508,0.02695012092590332
1917,3.908684015274048,,77.79323053359985,0.02576136589050293
1918,3.9214468002319336,,77.83302688598633,0.02663111686706543
1919,3.9045448303222656,,77.871821641922,0.024310827255249023
1920,3.9145121574401855,,77.91046786308289,0.023630619049072266
1921,3.9262475967407227,,77.94919896125793,0.02454829216003418
1922,3.9063448905944824,,77.98930501937866,0.025420427322387695
1923,3.8986518383026123,,78.02843070030212,0.0255739688873291
1924,3.9081807136535645,,78.06781721115112,0.024624109268188477
1925,3.874666690826416,,78.11086511611938,0.029349565505981445
1926,3.9329700469970703,,78.14928150177002,0.0243988037109375
1927,3.8914759159088135,,78.18960523605347,0.026319265365600586
1928,3.8847293853759766,,78.2298891544342,0.02623581886291504
1929,3.9107275009155273,,78.27119207382202,0.026135683059692383
1930,3.9010629653930664,,78.31153416633606,0.026082277297973633
1931,3.9036307334899902,,78.35346531867981,0.026768207550048828
1932,3.9073219299316406,,78.39321303367615,0.026141643524169922
1933,3.8894600868225098,,78.43481969833374,0.026807546615600586
1934,3.910602331161499,,78.47303295135498,0.023916006088256836
1935,3.893923759460449,,78.51408457756042,0.026302337646484375
1936,3.904151439666748,,78.5553081035614,0.0265805721282959
1937,3.8928816318511963,,78.59583735466003,0.026752948760986328
1938,3.91538667678833,,78.63862895965576,0.028137683868408203
1939,3.8703835010528564,,78.67920207977295,0.025928497314453125
1940,3.8996195793151855,,78.71872282028198,0.02451324462890625
1941,3.8948822021484375,,78.75839710235596,0.026816129684448242
1942,3.900500535964966,,78.79838299751282,0.025393009185791016
1943,3.9008171558380127,,78.83725690841675,0.023580551147460938
1944,3.8974609375,,78.8785753250122,0.02565288543701172
1945,3.8855109214782715,,78.91776037216187,0.02568221092224121
1946,3.908273696899414,,78.95823740959167,0.026848793029785156
1947,3.9018847942352295,,78.99872183799744,0.026760101318359375
1948,3.9149012565612793,,79.03924083709717,0.026321887969970703
1949,3.8843135833740234,,79.07754492759705,0.023634910583496094
1950,3.8815431594848633,,79.1159291267395,0.023682355880737305
1951,3.896109104156494,,79.15639996528625,0.025826454162597656
1952,3.9015684127807617,,79.19695210456848,0.026925325393676758
1953,3.89902400970459,,79.23733806610107,0.02581167221069336
1954,3.8957653045654297,,79.27767062187195,0.02568984031677246
1955,3.9052133560180664,,79.31917333602905,0.02628946304321289
1956,3.881772518157959,,79.35833716392517,0.025159358978271484
1957,3.893803119659424,,79.3987147808075,0.02568221092224121
1958,3.883035182952881,,79.4394941329956,0.026110410690307617
1959,3.8848347663879395,,79.4800672531128,0.02684926986694336
1960,3.859149694442749,,79.51984071731567,0.02576732635498047
1961,3.8901591300964355,,79.56009078025818,0.026245594024658203
1962,3.9045910835266113,,79.59991002082825,0.025673389434814453
1963,3.8913044929504395,,79.64136624336243,0.026235342025756836
1964,3.8904876708984375,,79.68063044548035,0.02525496482849121
1965,3.897179126739502,,79.72033166885376,0.02469015121459961
1966,3.8882131576538086,,79.76154923439026,0.02702927589416504
1967,3.8885562419891357,,79.80177330970764,0.025142192840576172
1968,3.890974760055542,,79.84285712242126,0.026226520538330078
1969,3.8730170726776123,,79.88305330276489,0.026180267333984375
1970,3.876981735229492,,79.92173504829407,0.024666309356689453
1971,3.875359535217285,,79.96229028701782,0.02638101577758789
1972,3.8852033615112305,,80.00125980377197,0.024263620376586914
1973,3.88749361038208,,80.0414412021637,0.025343656539916992
1974,3.8887288570404053,,80.08333730697632,0.026880741119384766
1975,3.865501642227173,,80.12221384048462,0.0258944034576416
1976,3.86281681060791,,80.16110801696777,0.025882959365844727
1977,3.859205722808838,,80.20073509216309,0.025424480438232422
1978,3.8637423515319824,,80.24177765846252,0.025316953659057617
1979,3.864713191986084,,80.28207588195801,0.025281667709350586
1980,3.885328769683838,,80.32180333137512,0.02571582794189453
1981,3.8720312118530273,,80.36105227470398,0.02523350715637207
1982,3.8771188259124756,,80.40180993080139,0.025647640228271484
1983,3.8552846908569336,,80.44302153587341,0.025386571884155273
1984,3.8445897102355957,,80.48305177688599,0.0243532657623291
1985,3.8691248893737793,,80.53294682502747,0.03492450714111328
1986,3.873943328857422,,80.5832028388977,0.04172992706298828
1987,3.8841001987457275,,80.62723660469055,0.03651762008666992
1988,3.870375156402588,,80.66678786277771,0.025707721710205078
1989,3.881925582885742,,80.70764517784119,0.026230335235595703
1990,3.868830680847168,,80.74808025360107,0.024931669235229492
1991,3.8874759674072266,,80.78828716278076,0.026737213134765625
1992,3.8749592304229736,,80.82809829711914,0.02630901336669922
1993,3.872748851776123,,80.86876010894775,0.027050495147705078
1994,3.860016345977783,,80.90809893608093,0.024777650833129883
1995,3.874018907546997,,80.94943046569824,0.02621769905090332
1996,3.8467893600463867,,80.98984718322754,0.026406288146972656
1997,3.864955186843872,,81.0311586856842,0.026678800582885742
1998,3.8535194396972656,,81.07159924507141,0.026162385940551758
1999,3.852278470993042,,81.11055421829224,0.02484869956970215
2000,3.840174674987793,0.895156455039978,81.15174746513367,0.02718377113342285
2001,3.8865270614624023,,81.19321918487549,0.02727794647216797
2002,3.8505859375,,81.23117089271545,0.023230552673339844
2003,3.8619890213012695,,81.27077531814575,0.0242767333984375
2004,3.8611011505126953,,81.31158971786499,0.02660512924194336
2005,3.853466510772705,,81.35008192062378,0.024226903915405273
2006,3.8391261100769043,,81.38868999481201,0.024499893188476562
2007,3.8565776348114014,,81.42863535881042,0.025409460067749023
2008,3.8672871589660645,,81.46909928321838,0.025793790817260742
2009,3.860496997833252,,81.51009821891785,0.02579021453857422
2010,3.8708999156951904,,81.55125164985657,0.025855541229248047
2011,3.8646585941314697,,81.5896430015564,0.024212360382080078
2012,3.855966567993164,,81.63070964813232,0.02628636360168457
2013,3.8554892539978027,,81.67146110534668,0.026559829711914062
2014,3.8804433345794678,,81.7107241153717,0.02396845817565918
2015,3.853239059448242,,81.75213146209717,0.02739715576171875
2016,3.8530256748199463,,81.79169249534607,0.0262448787689209
2017,3.8327136039733887,,81.83140110969543,0.0250546932220459
2018,3.874908924102783,,81.87081050872803,0.02423882484436035
2019,3.8837671279907227,,81.90962791442871,0.023806333541870117
2020,3.852809429168701,,81.95020699501038,0.02557229995727539
2021,3.839055061340332,,81.99045467376709,0.02623891830444336
2022,3.860593318939209,,82.0312762260437,0.026738882064819336
2023,3.857515811920166,,82.07172346115112,0.02516460418701172
2024,3.8352713584899902,,82.11329317092896,0.025310993194580078
2025,3.8445513248443604,,82.15223264694214,0.02542591094970703
2026,3.8536782264709473,,82.19160389900208,0.025272607803344727
2027,3.851456642150879,,82.23356890678406,0.02576446533203125
2028,3.8527021408081055,,82.274099111557,0.0258181095123291
2029,3.8401613235473633,,82.31454229354858,0.02577376365661621
2030,3.851285457611084,,82.3529064655304,0.02379155158996582
2031,3.838146686553955,,82.3936870098114,0.026147842407226562
2032,3.8587117195129395,,82.43469262123108,0.02578449249267578
2033,3.8631768226623535,,82.47540140151978,0.026047945022583008
2034,3.8261916637420654,,82.51666378974915,0.025789737701416016
2035,3.827094793319702,,82.55501389503479,0.025121450424194336
2036,3.8464412689208984,,82.59539532661438,0.025632858276367188
2037,3.821237087249756,,82.6370997428894,0.026741743087768555
2038,3.835747718811035,,82.67863154411316,0.026932477951049805
2039,3.8413968086242676,,82.71770811080933,0.024066448211669922
2040,3.822859287261963,,82.75665044784546,0.024231672286987305
2041,3.83375883102417,,82.79577589035034,0.02464890480041504
2042,3.838885545730591,,82.83419418334961,0.023415565490722656
2043,3.8444933891296387,,82.87318253517151,0.023743867874145508
2044,3.830657958984375,,82.9118824005127,0.023728609085083008
2045,3.821072578430176,,82.95372986793518,0.027950286865234375
2046,3.840333938598633,,82.99150824546814,0.024058103561401367
2047,3.8515360355377197,,83.03100800514221,0.024785280227661133
2048,3.838376998901367,,83.07072520256042,0.02470850944519043
2049,3.852996826171875,,83.109459400177,0.02365422248840332
2050,3.8396639823913574,,83.1504557132721,0.02662825584411621
2051,3.8611931800842285,,83.19029974937439,0.02530193328857422
2052,3.836554527282715,,83.2304425239563,0.027187108993530273
2053,3.8391904830932617,,83.27007484436035,0.025147438049316406
2054,3.8403592109680176,,83.3097631931305,0.026194095611572266
2055,3.83571195602417,,83.34898376464844,0.024207592010498047
2056,3.841977119445801,,83.38920712471008,0.02569580078125
2057,3.834196090698242,,83.42776131629944,0.024192094802856445
2058,3.8303356170654297,,83.46712756156921,0.023784637451171875
2059,3.8394389152526855,,83.50817275047302,0.026800155639648438
2060,3.84356951713562,,83.54748749732971,0.024235963821411133
2061,3.812159776687622,,83.58868789672852,0.0268552303314209
2062,3.821591377258301,,83.62919449806213,0.027724504470825195
2063,3.8343894481658936,,83.66744995117188,0.023749828338623047
2064,3.827509880065918,,83.70645022392273,0.02460622787475586
2065,3.833014488220215,,83.74650001525879,0.025041818618774414
2066,3.8301374912261963,,83.7856035232544,0.02436971664428711
2067,3.8383851051330566,,83.82699632644653,0.02710700035095215
2068,3.8109521865844727,,83.86632180213928,0.025735855102539062
2069,3.826972723007202,,83.90683460235596,0.025925159454345703
2070,3.828256130218506,,83.9452497959137,0.023401498794555664
2071,3.8072681427001953,,83.98487901687622,0.025125980377197266
2072,3.804518222808838,,84.02430152893066,0.024996042251586914
2073,3.820700168609619,,84.06179070472717,0.022810697555541992
2074,3.8086905479431152,,84.1014015674591,0.02419900894165039
2075,3.8039164543151855,,84.14014959335327,0.024101734161376953
2076,3.812053680419922,,84.18074750900269,0.02506113052368164
2077,3.8004891872406006,,84.22069597244263,0.024936914443969727
2078,3.8136415481567383,,84.25970602035522,0.024728775024414062
2079,3.8303685188293457,,84.29829692840576,0.024233579635620117
2080,3.839658260345459,,84.33757877349854,0.024190664291381836
2081,3.8241896629333496,,84.37683892250061,0.02469778060913086
2082,3.8170552253723145,,84.41473460197449,0.023671627044677734
2083,3.8052475452423096,,84.4538197517395,0.024930715560913086
2084,3.8264377117156982,,84.49324941635132,0.024620532989501953
2085,3.8245930671691895,,84.53147220611572,0.024203777313232422
2086,3.829698085784912,,84.57072234153748,0.02387213706970215
2087,3.8110742568969727,,84.60949182510376,0.023753643035888672
2088,3.801461696624756,,84.64867424964905,0.024044036865234375
2089,3.827332019805908,,84.68723464012146,0.02425098419189453
2090,3.818070411682129,,84.72633695602417,0.02470231056213379
2091,3.8018529415130615,,84.76467275619507,0.02373480796813965
2092,3.815058469772339,,84.80333042144775,0.023156166076660156
2093,3.819978713989258,,84.84449672698975,0.02571558952331543
2094,3.8089051246643066,,84.8853988647461,0.02638554573059082
2095,3.8105568885803223,,84.9298346042633,0.03075242042541504
2096,3.8082289695739746,,84.96936058998108,0.025301456451416016
2097,3.806849956512451,,85.00715017318726,0.024048328399658203
2098,3.8091847896575928,,85.04755592346191,0.024312973022460938
2099,3.803819179534912,,85.08571028709412,0.023975133895874023
2100,3.7990360260009766,0.896636962890625,85.12823629379272,0.027832984924316406
2101,3.8218460083007812,,85.1673846244812,0.024265050888061523
2102,3.808835744857788,,85.20631527900696,0.024496793746948242
2103,3.8106400966644287,,85.2445216178894,0.02406764030456543
2104,3.7967987060546875,,85.28365898132324,0.02454400062561035
2105,3.798194408416748,,85.32191824913025,0.024015188217163086
2106,3.7874817848205566,,85.36144709587097,0.024861812591552734
2107,3.811572551727295,,85.40002608299255,0.024169921875
2108,3.8156769275665283,,85.43931770324707,0.024200916290283203
2109,3.8057923316955566,,85.48043322563171,0.026235103607177734
2110,3.803278923034668,,85.51971125602722,0.024469852447509766
2111,3.7816195487976074,,85.55872249603271,0.025146484375
2112,3.799314022064209,,85.5968930721283,0.023690462112426758
2113,3.7985219955444336,,85.63612198829651,0.02413487434387207
2114,3.817668914794922,,85.67574310302734,0.023975849151611328
2115,3.8080062866210938,,85.7147319316864,0.024227619171142578
2116,3.7902097702026367,,85.75317287445068,0.0247647762298584
2117,3.814445972442627,,85.79162049293518,0.024435997009277344
2118,3.7969439029693604,,85.83060216903687,0.02525925636291504
2119,3.800100326538086,,85.86920642852783,0.024237632751464844
2120,3.7857279777526855,,85.9079372882843,0.02314472198486328
2121,3.787872791290283,,85.94763708114624,0.024064302444458008
2122,3.799576759338379,,85.98598122596741,0.02449774742126465
2123,3.7950470447540283,,86.02366185188293,0.024341344833374023
2124,3.7902419567108154,,86.06179976463318,0.023869752883911133
2125,3.788463592529297,,86.10146737098694,0.024307727813720703
2126,3.8039631843566895,,86.14022374153137,0.024006366729736328
2127,3.7818386554718018,,86.1787371635437,0.023473501205444336
2128,3.777975082397461,,86.22174954414368,0.02847766876220703
2129,3.7877039909362793,,86.26014423370361,0.024245262145996094
2130,3.791311264038086,,86.29887413978577,0.023679733276367188
2131,3.8030800819396973,,86.33844995498657,0.024550437927246094
2132,3.7918219566345215,,86.37687468528748,0.023736000061035156
2133,3.7828097343444824,,86.41609168052673,0.02502274513244629
2134,3.787980556488037,,86.45470762252808,0.02480483055114746
2135,3.789945602416992,,86.49334383010864,0.02482008934020996
2136,3.779487371444702,,86.53180050849915,0.024541616439819336
2137,3.801931858062744,,86.57162523269653,0.025078535079956055
2138,3.8030965328216553,,86.61003398895264,0.024280548095703125
2139,3.7804341316223145,,86.64865517616272,0.023761749267578125
2140,3.790848731994629,,86.68742609024048,0.02548384666442871
2141,3.777102470397949,,86.72641801834106,0.02573394775390625
2142,3.7896647453308105,,86.76475405693054,0.023809194564819336
2143,3.8100900650024414,,86.804447889328,0.024463176727294922
2144,3.7764039039611816,,86.84320282936096,0.024158239364624023
2145,3.78252911567688,,86.8829276561737,0.025452136993408203
2146,3.772275447845459,,86.92202138900757,0.025319814682006836
2147,3.793515205383301,,86.96155905723572,0.025127649307250977
2148,3.7822554111480713,,86.99915313720703,0.023581981658935547
2149,3.7714409828186035,,87.03942656517029,0.02519965171813965
2150,3.7856435775756836,,87.07816123962402,0.02462482452392578
2151,3.7847533226013184,,87.11833190917969,0.025989770889282227
2152,3.7836837768554688,,87.15708065032959,0.024826526641845703
2153,3.77490496635437,,87.19664549827576,0.025760889053344727
2154,3.799215793609619,,87.23490953445435,0.0246429443359375
2155,3.780259609222412,,87.27396821975708,0.024483680725097656
2156,3.766582489013672,,87.31427049636841,0.025722742080688477
2157,3.7685298919677734,,87.35353064537048,0.02497076988220215
2158,3.7669553756713867,,87.39211559295654,0.024701833724975586
2159,3.7787818908691406,,87.43179702758789,0.024738550186157227
2160,3.791004180908203,,87.4700939655304,0.024246931076049805
2161,3.7729976177215576,,87.51299142837524,0.027602434158325195
2162,3.7886452674865723,,87.55096244812012,0.02424931526184082
2163,3.769029378890991,,87.59051871299744,0.025252342224121094
2164,3.784357786178589,,87.62875533103943,0.025121212005615234
2165,3.7743773460388184,,87.66820335388184,0.025180339813232422
2166,3.780646324157715,,87.7082929611206,0.026255130767822266
2167,3.780550241470337,,87.75027894973755,0.02731776237487793
2168,3.7835464477539062,,87.78788828849792,0.024504899978637695
2169,3.7690420150756836,,87.82894253730774,0.02754521369934082
2170,3.7522132396698,,87.87014317512512,0.02695322036743164
2171,3.773953437805176,,87.90835189819336,0.024202346801757812
2172,3.7732934951782227,,87.94922375679016,0.025339603424072266
2173,3.763373374938965,,87.98764276504517,0.024415016174316406
2174,3.7764554023742676,,88.02793407440186,0.026314496994018555
2175,3.7778494358062744,,88.06759643554688,0.024349451065063477
2176,3.7770907878875732,,88.10780334472656,0.025513172149658203
2177,3.7646007537841797,,88.14855790138245,0.025643110275268555
2178,3.780069351196289,,88.18695330619812,0.023886442184448242
2179,3.7731852531433105,,88.22706890106201,0.026141643524169922
2180,3.771217107772827,,88.26780700683594,0.025679349899291992
2181,3.775348663330078,,88.3092737197876,0.026253461837768555
2182,3.77150297164917,,88.34948086738586,0.025456905364990234
2183,3.7439169883728027,,88.3897054195404,0.026219844818115234
2184,3.75730562210083,,88.42966365814209,0.02588963508605957
2185,3.7535951137542725,,88.47009944915771,0.02627110481262207
2186,3.7644948959350586,,88.51056933403015,0.025295734405517578
2187,3.763789653778076,,88.55021691322327,0.0243074893951416
2188,3.7837109565734863,,88.58973169326782,0.02534794807434082
2189,3.7549824714660645,,88.62851166725159,0.025228023529052734
2190,3.7584547996520996,,88.66876435279846,0.025554418563842773
2191,3.7412290573120117,,88.70822024345398,0.024155139923095703
2192,3.759958505630493,,88.74729871749878,0.02435612678527832
2193,3.7742011547088623,,88.78577375411987,0.024900197982788086
2194,3.762200117111206,,88.82458233833313,0.025233745574951172
2195,3.7479658126831055,,88.86295056343079,0.0247955322265625
2196,3.774846076965332,,88.9022147655487,0.024138927459716797
2197,3.765378475189209,,88.94065070152283,0.024300575256347656
2198,3.7740674018859863,,88.98143100738525,0.026159048080444336
2199,3.7541518211364746,,89.0229332447052,0.02721405029296875
2200,3.760679244995117,0.8964819192886353,89.06948661804199,0.03289222717285156
2201,3.7433881759643555,,89.10848665237427,0.02474832534790039
2202,3.769404172897339,,89.14953231811523,0.026378154754638672
2203,3.7592689990997314,,89.18979954719543,0.026717662811279297
2204,3.753164529800415,,89.23025870323181,0.026168107986450195
2205,3.7656030654907227,,89.27143907546997,0.025893688201904297
2206,3.77195405960083,,89.31195187568665,0.02526545524597168
2207,3.7617228031158447,,89.35217571258545,0.0251922607421875
2208,3.76779842376709,,89.39221596717834,0.02590775489807129
2209,3.749952793121338,,89.43396973609924,0.026417016983032227
2210,3.763608694076538,,89.4744963645935,0.02583909034729004
2211,3.7326433658599854,,89.51450729370117,0.025359392166137695
2212,3.7567758560180664,,89.55546569824219,0.026287317276000977
2213,3.7318949699401855,,89.59587216377258,0.025741100311279297
2214,3.752383232116699,,89.6368055343628,0.02632308006286621
2215,3.75577449798584,,89.67751669883728,0.026038646697998047
2216,3.7542009353637695,,89.71860074996948,0.025379657745361328
2217,3.7628116607666016,,89.75901198387146,0.026787996292114258
2218,3.7547333240509033,,89.79832720756531,0.026717662811279297
2219,3.7586817741394043,,89.83965516090393,0.025597810745239258
2220,3.7516884803771973,,89.88116121292114,0.026225566864013672
2221,3.7571520805358887,,89.91993570327759,0.024636507034301758
2222,3.74393892288208,,89.95841693878174,0.025107860565185547
2223,3.7436184883117676,,89.99883127212524,0.026784658432006836
2224,3.7530405521392822,,90.03919863700867,0.025162935256958008
2225,3.7423510551452637,,90.07863903045654,0.024306774139404297
2226,3.755007266998291,,90.11728143692017,0.025136947631835938
2227,3.7381129264831543,,90.1589584350586,0.027888059616088867
2228,3.7393603324890137,,90.19943118095398,0.026303768157958984
2229,3.7437362670898438,,90.24096941947937,0.026375770568847656
2230,3.749812126159668,,90.28027176856995,0.024292945861816406
2231,3.7415900230407715,,90.32076573371887,0.02635812759399414
2232,3.735043525695801,,90.36095261573792,0.02617621421813965
2233,3.7348411083221436,,90.40219831466675,0.0260469913482666
2234,3.7496137619018555,,90.44375824928284,0.026839017868041992
2235,3.7372965812683105,,90.48281979560852,0.024549007415771484
2236,3.743577003479004,,90.52161359786987,0.024779081344604492
2237,3.7389960289001465,,90.56148362159729,0.025855302810668945
2238,3.7457351684570312,,90.60191130638123,0.025229930877685547
2239,3.7465062141418457,,90.64177322387695,0.025278091430664062
2240,3.7437562942504883,,90.68213891983032,0.025318622589111328
2241,3.753845453262329,,90.72181582450867,0.025686025619506836
2242,3.7302212715148926,,90.76304078102112,0.02583909034729004
2243,3.732788562774658,,90.80177879333496,0.02417135238647461
2244,3.7354493141174316,,90.84190249443054,0.02532958984375
2245,3.7504048347473145,,90.88323926925659,0.02666950225830078
2246,3.736006736755371,,90.92161989212036,0.024776458740234375
2247,3.741443634033203,,90.9631073474884,0.026764392852783203
2248,3.745561122894287,,91.00105690956116,0.023264408111572266
2249,3.7402310371398926,,91.04200911521912,0.026137113571166992
2250,3.73521089553833,,91.08229899406433,0.02527761459350586
2251,3.7417635917663574,,91.12039995193481,0.024089574813842773
2252,3.739903450012207,,91.1602394580841,0.0255429744720459
2253,3.71455717086792,,91.20056939125061,0.026117801666259766
2254,3.717198371887207,,91.24205780029297,0.025712251663208008
2255,3.7187695503234863,,91.28383898735046,0.02664017677307129
2256,3.732640266418457,,91.32366037368774,0.026223421096801758
2257,3.7204952239990234,,91.363924741745,0.02575063705444336
2258,3.7355639934539795,,91.40447306632996,0.025852203369140625
2259,3.7385451793670654,,91.44431805610657,0.024834871292114258
2260,3.735884666442871,,91.48461771011353,0.025790691375732422
2261,3.7176802158355713,,91.52448678016663,0.026366710662841797
2262,3.7273364067077637,,91.56485915184021,0.02579331398010254
2263,3.7096924781799316,,91.60439395904541,0.02467966079711914
2264,3.722769260406494,,91.64322423934937,0.023819923400878906
2265,3.738168239593506,,91.68211150169373,0.023375749588012695
2266,3.7374825477600098,,91.7215940952301,0.025289058685302734
2267,3.721820592880249,,91.76208639144897,0.027134418487548828
2268,3.721376895904541,,91.80305933952332,0.02580404281616211
2269,3.718625545501709,,91.84707546234131,0.02874612808227539
2270,3.733393907546997,,91.88357019424438,0.024887800216674805
2271,3.7379446029663086,,91.92436671257019,0.026288509368896484
2272,3.743004322052002,,91.96395373344421,0.025830745697021484
2273,3.733973503112793,,92.00545811653137,0.026679277420043945
2274,3.7384064197540283,,92.0429756641388,0.023298978805541992
2275,3.719764232635498,,92.08509278297424,0.02692270278930664
2276,3.7186524868011475,,92.12454271316528,0.02594780921936035
2277,3.7210326194763184,,92.16485738754272,0.025806903839111328
2278,3.7301244735717773,,92.20641922950745,0.026695728302001953
2279,3.7281479835510254,,92.24711108207703,0.02676844596862793
2280,3.714221239089966,,92.28682374954224,0.026144742965698242
2281,3.7199454307556152,,92.32560110092163,0.02417278289794922
2282,3.7195940017700195,,92.36605191230774,0.025941848754882812
2283,3.7306411266326904,,92.40502572059631,0.02347087860107422
2284,3.722907543182373,,92.4460084438324,0.025844812393188477
2285,3.699178695678711,,92.48720097541809,0.02680349349975586
2286,3.723193883895874,,92.5258617401123,0.02509284019470215
2287,3.7239415645599365,,92.5673189163208,0.026825428009033203
2288,3.733320713043213,,92.60755324363708,0.02560591697692871
2289,3.7339019775390625,,92.64665484428406,0.0235898494720459
2290,3.705350160598755,,92.68846464157104,0.027304887771606445
2291,3.716522693634033,,92.72646999359131,0.02471446990966797
2292,3.7314271926879883,,92.76574468612671,0.024334192276000977
2293,3.7291619777679443,,92.80633497238159,0.02630782127380371
2294,3.7284040451049805,,92.84513211250305,0.024137258529663086
2295,3.731013774871826,,92.88442254066467,0.02478766441345215
2296,3.7177562713623047,,92.92292356491089,0.02384185791015625
2297,3.724003314971924,,92.97328281402588,0.03595900535583496
2298,3.7073209285736084,,93.0127899646759,0.026770353317260742
2299,3.7030301094055176,,93.05763554573059,0.027892351150512695
2300,3.707725763320923,0.8975232124328614,93.10429501533508,0.029896020889282227
2301,3.7047314643859863,,93.15225481987,0.03169608116149902
2302,3.7018566131591797,,93.19687151908875,0.027868032455444336
2303,3.7284762859344482,,93.24510884284973,0.03180384635925293
2304,3.7149100303649902,,93.29431509971619,0.027961015701293945
2305,3.7067785263061523,,93.34177279472351,0.030225038528442383
2306,3.7142791748046875,,93.38920426368713,0.030039072036743164
2307,3.6867928504943848,,93.43992733955383,0.03275418281555176
2308,3.7185730934143066,,93.48638796806335,0.03061056137084961
2309,3.716843843460083,,93.53308629989624,0.029709815979003906
2310,3.7273952960968018,,93.58065128326416,0.030918598175048828
2311,3.700268030166626,,93.62638425827026,0.02834033966064453
2312,3.709588050842285,,93.67605519294739,0.032851457595825195
2313,3.7104787826538086,,93.72341012954712,0.029961824417114258
2314,3.705432415008545,,93.76833176612854,0.026297569274902344
2315,3.7159957885742188,,93.81294512748718,0.028258562088012695
2316,3.694608211517334,,93.85638642311096,0.025300979614257812
2317,3.719027519226074,,93.90015745162964,0.026108980178833008
2318,3.7040212154388428,,93.94459581375122,0.02732110023498535
2319,3.7214162349700928,,93.98838019371033,0.02774786949157715
2320,3.708305835723877,,94.03002786636353,0.0249481201171875
2321,3.709613800048828,,94.07331967353821,0.025608301162719727
2322,3.7044730186462402,,94.11822128295898,0.02763962745666504
2323,3.713916063308716,,94.16185593605042,0.02539229393005371
2324,3.715890884399414,,94.20900106430054,0.032174110412597656
2325,3.7006709575653076,,94.25293183326721,0.02690601348876953
2326,3.719024896621704,,94.29792499542236,0.027877092361450195
2327,3.718997001647949,,94.3426730632782,0.027592897415161133
2328,3.692394733428955,,94.38430094718933,0.025633573532104492
2329,3.699997901916504,,94.43351697921753,0.030247211456298828
2330,3.7233543395996094,,94.48170042037964,0.030988693237304688
2331,3.7154669761657715,,94.53127408027649,0.035856008529663086
2332,3.710358142852783,,94.57866907119751,0.030565500259399414
2333,3.6994361877441406,,94.62538003921509,0.030211925506591797
2334,3.705188274383545,,94.67783498764038,0.03446316719055176
2335,3.717906951904297,,94.72511124610901,0.030629873275756836
2336,3.707263708114624,,94.77158784866333,0.028929710388183594
2337,3.7120633125305176,,94.81975936889648,0.030213356018066406
2338,3.723428726196289,,94.8687195777893,0.031024694442749023
2339,3.689980983734131,,94.91560935974121,0.03140568733215332
2340,3.6949238777160645,,94.96059513092041,0.027650833129882812
2341,3.682340383529663,,95.009202003479,0.030208349227905273
2342,3.7117080688476562,,95.05292654037476,0.02774834632873535
2343,3.709869384765625,,95.10210275650024,0.03171801567077637
2344,3.701272964477539,,95.14788436889648,0.030843496322631836
2345,3.702188730239868,,95.19177436828613,0.026544809341430664
2346,3.7159931659698486,,95.23735547065735,0.029102802276611328
2347,3.704033851623535,,95.28384804725647,0.030328750610351562
2348,3.690324306488037,,95.32772660255432,0.026992321014404297
2349,3.6957039833068848,,95.37038493156433,0.025056838989257812
2350,3.684608221054077,,95.4160213470459,0.02768707275390625
2351,3.700618267059326,,95.46074986457825,0.027749300003051758
2352,3.684661388397217,,95.51129961013794,0.03286480903625488
2353,3.7118747234344482,,95.55805683135986,0.03233027458190918
2354,3.6868081092834473,,95.60323357582092,0.030009031295776367
2355,3.700662136077881,,95.64805173873901,0.027976036071777344
2356,3.700383186340332,,95.6932520866394,0.030114173889160156
2357,3.6797428131103516,,95.74043774604797,0.02982330322265625
2358,3.6997158527374268,,95.78498959541321,0.02868175506591797
2359,3.702702045440674,,95.82868385314941,0.027738571166992188
2360,3.6929616928100586,,95.87092065811157,0.02570199966430664
2361,3.683816432952881,,95.91564202308655,0.028880596160888672
2362,3.6832616329193115,,95.95944547653198,0.027779340744018555
2363,3.7001752853393555,,96.00705575942993,0.030467987060546875
2364,3.7096498012542725,,96.05352330207825,0.030574321746826172
2365,3.7166266441345215,,96.10165405273438,0.03224658966064453
2366,3.6945600509643555,,96.14826703071594,0.031249523162841797
2367,3.7097015380859375,,96.18960213661194,0.026165485382080078
2368,3.685295581817627,,96.23561930656433,0.027341365814208984
2369,3.685812473297119,,96.27993369102478,0.027570486068725586
2370,3.692866802215576,,96.32223725318909,0.025721311569213867
2371,3.698599100112915,,96.36593127250671,0.02660846710205078
2372,3.6943655014038086,,96.41358017921448,0.03028416633605957
2373,3.68375301361084,,96.46093797683716,0.03130793571472168
2374,3.7099757194519043,,96.50546503067017,0.028700828552246094
2375,3.6992790699005127,,96.55081081390381,0.030153512954711914
2376,3.6872451305389404,,96.5932445526123,0.026368379592895508
2377,3.6894123554229736,,96.63805222511292,0.028210878372192383
2378,3.674006462097168,,96.68507504463196,0.03083968162536621
2379,3.6940383911132812,,96.72840476036072,0.02799057960510254
2380,3.679759979248047,,96.77206516265869,0.027040958404541016
2381,3.6717922687530518,,96.81946420669556,0.0304110050201416
2382,3.678203821182251,,96.86668133735657,0.028808116912841797
2383,3.6838560104370117,,96.90883088111877,0.025536537170410156
2384,3.6922755241394043,,96.95574450492859,0.029274702072143555
2385,3.6678340435028076,,97.00294160842896,0.030630826950073242
2386,3.696894645690918,,97.05072975158691,0.031951904296875
2387,3.6875855922698975,,97.09720253944397,0.03042149543762207
2388,3.6788902282714844,,97.14113163948059,0.02895498275756836
2389,3.6784231662750244,,97.18288707733154,0.02763819694519043
2390,3.694366455078125,,97.22751545906067,0.027054786682128906
2391,3.688025951385498,,97.27118468284607,0.02756810188293457
2392,3.674168109893799,,97.3147292137146,0.02653956413269043
2393,3.7079598903656006,,97.3540244102478,0.024332761764526367
2394,3.691652297973633,,97.39395403862,0.023768186569213867
2395,3.676483154296875,,97.4375364780426,0.02801823616027832
2396,3.7032413482666016,,97.47565913200378,0.024853229522705078
2397,3.687295913696289,,97.51451992988586,0.025078535079956055
2398,3.6714510917663574,,97.55335807800293,0.02520465850830078
2399,3.6737232208251953,,97.59415078163147,0.026789426803588867
2400,3.6769142150878906,0.8959904074668884,97.63551115989685,0.02680802345275879
2401,3.6967687606811523,,97.67387795448303,0.024793624877929688
2402,3.681061267852783,,97.71300482749939,0.024555683135986328
2403,3.6813533306121826,,97.75279569625854,0.02402472496032715
2404,3.684114933013916,,97.79108715057373,0.024103403091430664
2405,3.6705069541931152,,97.83054375648499,0.02429938316345215
2406,3.6773433685302734,,97.86898922920227,0.02429795265197754
2407,3.6674861907958984,,97.90784788131714,0.024755477905273438
2408,3.6733694076538086,,97.94933366775513,0.02784895896911621
2409,3.6741743087768555,,97.98988008499146,0.026302337646484375
2410,3.6856865882873535,,98.0303316116333,0.02614617347717285
2411,3.6697163581848145,,98.07166528701782,0.027161598205566406
2412,3.66636061668396,,98.11195182800293,0.026271343231201172
2413,3.678248167037964,,98.15140724182129,0.025246858596801758
2414,3.6818387508392334,,98.19301176071167,0.02624034881591797
2415,3.679142475128174,,98.2344605922699,0.026773691177368164
2416,3.6675291061401367,,98.27231216430664,0.02434372901916504
2417,3.6839239597320557,,98.31306338310242,0.026776790618896484
2418,3.6612372398376465,,98.35331535339355,0.02673816680908203
2419,3.679157257080078,,98.39311909675598,0.02519845962524414
2420,3.6822433471679688,,98.4338526725769,0.02475142478942871
2421,3.6783359050750732,,98.47345232963562,0.026091814041137695
2422,3.667982578277588,,98.5128436088562,0.024875164031982422
2423,3.673745632171631,,98.55423879623413,0.027884483337402344
2424,3.6747348308563232,,98.59410333633423,0.025294780731201172
2425,3.670252799987793,,98.63943290710449,0.029732942581176758
2426,3.6713664531707764,,98.6775290966034,0.024517536163330078
2427,3.6807568073272705,,98.71545481681824,0.024176359176635742
2428,3.668490171432495,,98.75640177726746,0.025765657424926758
2429,3.6666452884674072,,98.79773211479187,0.025702476501464844
2430,3.663076400756836,,98.8402009010315,0.027963876724243164
2431,3.6724724769592285,,98.87858414649963,0.025209903717041016
2432,3.657980442047119,,98.91794300079346,0.02566242218017578
2433,3.6776771545410156,,98.95741724967957,0.025771379470825195
2434,3.6574721336364746,,98.99869108200073,0.02666950225830078
2435,3.67476224899292,,99.03743886947632,0.024242639541625977
2436,3.6786632537841797,,99.07583117485046,0.02482008934020996
2437,3.6741604804992676,,99.11700773239136,0.027673721313476562
2438,3.6628589630126953,,99.15498089790344,0.023809194564819336
2439,3.6675500869750977,,99.19294333457947,0.02323150634765625
2440,3.670541286468506,,99.23538756370544,0.026345252990722656
2441,3.6805620193481445,,99.27336573600769,0.024476051330566406
2442,3.685476064682007,,99.3120186328888,0.0241396427154541
2443,3.673288345336914,,99.35297274589539,0.026712417602539062
2444,3.6634392738342285,,99.39185190200806,0.024242401123046875
2445,3.6777729988098145,,99.43175959587097,0.02489614486694336
2446,3.659514904022217,,99.4711058139801,0.02533268928527832
2447,3.65623140335083,,99.51041007041931,0.02529597282409668
2448,3.6673741340637207,,99.54953670501709,0.02511763572692871
2449,3.672807216644287,,99.59086155891418,0.026223421096801758
2450,3.679779529571533,,99.6307373046875,0.02486705780029297
2451,3.6640467643737793,,99.67358589172363,0.02783679962158203
2452,3.669673442840576,,99.7132921218872,0.026192903518676758
2453,3.6493539810180664,,99.75224304199219,0.02409052848815918
2454,3.6546788215637207,,99.79134583473206,0.024168014526367188
2455,3.6649584770202637,,99.8322160243988,0.025832414627075195
2456,3.659392833709717,,99.87339496612549,0.026029348373413086
2457,3.671426296234131,,99.91326951980591,0.02636122703552246
2458,3.6484475135803223,,99.95340609550476,0.024672985076904297
2459,3.643996238708496,,99.99384951591492,0.02665996551513672
2460,3.6656360626220703,,100.03295969963074,0.024505615234375
2461,3.666018009185791,,100.07241606712341,0.024843931198120117
2462,3.6594252586364746,,100.11180448532104,0.025372982025146484
2463,3.670461654663086,,100.14993858337402,0.024314403533935547
2464,3.675358772277832,,100.19158053398132,0.026294946670532227
2465,3.6508798599243164,,100.2320306301117,0.025668621063232422
2466,3.657184362411499,,100.27123093605042,0.025186777114868164
2467,3.661820888519287,,100.31152272224426,0.02628469467163086
2468,3.638523578643799,,100.35288858413696,0.02685093879699707
2469,3.6652188301086426,,100.39356875419617,0.02581024169921875
2470,3.6458616256713867,,100.4333279132843,0.025245189666748047
2471,3.6469504833221436,,100.47482919692993,0.027893543243408203
2472,3.6641674041748047,,100.51416206359863,0.025823354721069336
2473,3.6492810249328613,,100.56164574623108,0.03371572494506836
2474,3.645176887512207,,100.59894680976868,0.025759220123291016
2475,3.6605987548828125,,100.63742351531982,0.024340152740478516
2476,3.6655707359313965,,100.6787657737732,0.026833534240722656
2477,3.6586170196533203,,100.71903276443481,0.02650618553161621
2478,3.67156982421875,,100.76008749008179,0.025272846221923828
2479,3.657817840576172,,100.80064344406128,0.0252532958984375
2480,3.6637356281280518,,100.83951997756958,0.024866580963134766
2481,3.653303384780884,,100.88100028038025,0.027402639389038086
2482,3.6574363708496094,,100.92126774787903,0.026084184646606445
2483,3.6580703258514404,,100.96204876899719,0.02513265609741211
2484,3.6625726222991943,,101.00393152236938,0.02669978141784668
2485,3.6580824851989746,,101.04319787025452,0.025791645050048828
2486,3.6289219856262207,,101.08380198478699,0.02567744255065918
2487,3.647085666656494,,101.12532186508179,0.02585577964782715
2488,3.6474058628082275,,101.16403651237488,0.0233004093170166
2489,3.6302084922790527,,101.20451188087463,0.02575230598449707
2490,3.66403865814209,,101.24424839019775,0.02523350715637207
2491,3.6417832374572754,,101.28423261642456,0.02682018280029297
2492,3.6496200561523438,,101.32463240623474,0.025667190551757812
2493,3.632593870162964,,101.36569786071777,0.025864362716674805
2494,3.652343273162842,,101.40590715408325,0.025707006454467773
2495,3.6543092727661133,,101.44606900215149,0.026543617248535156
2496,3.6423091888427734,,101.48489427566528,0.02522587776184082
2497,3.646256923675537,,101.53935503959656,0.03975224494934082
2498,3.6352481842041016,,101.57412481307983,0.027172088623046875
2499,3.6579904556274414,,101.61468052864075,0.026827335357666016
2500,3.6535019874572754,0.8970020651817322,101.65729546546936,0.027231216430664062
2501,3.646965503692627,,101.69848489761353,0.026648998260498047
2502,3.6402339935302734,,101.73870491981506,0.025519847869873047
2503,3.647794246673584,,101.77752494812012,0.025380849838256836
2504,3.6277828216552734,,101.81607866287231,0.02484893798828125
2505,3.6389620304107666,,101.85555934906006,0.024990320205688477
2506,3.6528422832489014,,101.89412713050842,0.024274826049804688
2507,3.643202781677246,,101.93459248542786,0.0256500244140625
2508,3.6428115367889404,,101.97458148002625,0.026419401168823242
2509,3.6286330223083496,,102.0131368637085,0.024483203887939453
2510,3.6280221939086914,,102.05299186706543,0.02519083023071289
2511,3.6312944889068604,,102.09327530860901,0.025675535202026367
2512,3.639368772506714,,102.13428688049316,0.026433467864990234
2513,3.6533217430114746,,102.17334032058716,0.024454355239868164
2514,3.640664577484131,,102.2114827632904,0.024149417877197266
2515,3.6536612510681152,,102.2495551109314,0.024194717407226562
2516,3.619396209716797,,102.2891104221344,0.024621963500976562
2517,3.6408989429473877,,102.32776355743408,0.024323463439941406
2518,3.638881206512451,,102.36655259132385,0.023578882217407227
2519,3.641280174255371,,102.40551280975342,0.024379253387451172
2520,3.6444973945617676,,102.44476389884949,0.02547764778137207
2521,3.6276116371154785,,102.48394513130188,0.025562524795532227
2522,3.6254830360412598,,102.52163910865784,0.0236971378326416
2523,3.634852886199951,,102.56116890907288,0.023824453353881836
2524,3.621565818786621,,102.60369682312012,0.027508974075317383
2525,3.630056858062744,,102.6420578956604,0.024346351623535156
2526,3.656113386154175,,102.68084931373596,0.025325775146484375
2527,3.627234935760498,,102.7199354171753,0.02500605583190918
2528,3.628413200378418,,102.75829005241394,0.024225711822509766
2529,3.6341705322265625,,102.79785418510437,0.02500176429748535
2530,3.6397719383239746,,102.8366117477417,0.025217771530151367
2531,3.636174201965332,,102.87586379051208,0.0253603458404541
2532,3.637716770172119,,102.91515803337097,0.025918245315551758
2533,3.6068274974823,,102.95574927330017,0.026683568954467773
2534,3.633772850036621,,102.9969208240509,0.026704788208007812
2535,3.641476631164551,,103.03567576408386,0.02437114715576172
2536,3.6594390869140625,,103.0785493850708,0.02828836441040039
2537,3.6375651359558105,,103.11939787864685,0.026823043823242188
2538,3.6443400382995605,,103.1580741405487,0.024742841720581055
2539,3.6379637718200684,,103.19703269004822,0.02391505241394043
2540,3.615875482559204,,103.2375636100769,0.025969743728637695
2541,3.635716676712036,,103.27988743782043,0.02859663963317871
2542,3.6270906925201416,,103.31883931159973,0.02555251121520996
2543,3.6483848094940186,,103.35848188400269,0.025319576263427734
2544,3.623178005218506,,103.39732146263123,0.02426767349243164
2545,3.6428186893463135,,103.43928003311157,0.027417659759521484
2546,3.6307458877563477,,103.47926259040833,0.0259702205657959
2547,3.6319026947021484,,103.52119970321655,0.027168750762939453
2548,3.6280994415283203,,103.56725573539734,0.033295392990112305
2549,3.6189143657684326,,103.60573220252991,0.02408576011657715
2550,3.6241283416748047,,103.6462140083313,0.02589130401611328
2551,3.6359827518463135,,103.68512535095215,0.024964094161987305
2552,3.622419595718384,,103.72450041770935,0.02469158172607422
2553,3.632183074951172,,103.7632303237915,0.024176597595214844
2554,3.6325526237487793,,103.80349969863892,0.025750160217285156
2555,3.627110719680786,,103.84359669685364,0.025725603103637695
2556,3.6231274604797363,,103.88285684585571,0.02534770965576172
2557,3.6339123249053955,,103.92097067832947,0.023212432861328125
2558,3.638411045074463,,103.96058559417725,0.024466276168823242
2559,3.62618088722229,,103.99927186965942,0.024509906768798828
2560,3.6334211826324463,,104.0395884513855,0.02530980110168457
2561,3.61989164352417,,104.07855176925659,0.025060653686523438
2562,3.6215291023254395,,104.11655974388123,0.02347707748413086
2563,3.6198573112487793,,104.15705585479736,0.025126934051513672
2564,3.625462532043457,,104.19643378257751,0.025329113006591797
2565,3.606431484222412,,104.23644852638245,0.02444767951965332
2566,3.627711772918701,,104.27490544319153,0.024361371994018555
2567,3.6225743293762207,,104.31581830978394,0.026743650436401367
2568,3.631514072418213,,104.35412502288818,0.02323770523071289
2569,3.6317532062530518,,104.39374303817749,0.0243072509765625
2570,3.6173171997070312,,104.43282270431519,0.024565935134887695
2571,3.6193857192993164,,104.47216868400574,0.02547144889831543
2572,3.620698928833008,,104.5099265575409,0.023929357528686523
2573,3.6235175132751465,,104.54919934272766,0.0250396728515625
2574,3.6275832653045654,,104.5876317024231,0.024508237838745117
2575,3.6471638679504395,,104.62832260131836,0.02624821662902832
2576,3.6129517555236816,,104.66701769828796,0.02402472496032715
2577,3.615426540374756,,104.7061858177185,0.02456521987915039
2578,3.6207122802734375,,104.74523210525513,0.024662017822265625
2579,3.625588893890381,,104.78312253952026,0.023813724517822266
2580,3.628653049468994,,104.8216860294342,0.02366352081298828
2581,3.616237163543701,,104.86059188842773,0.023638248443603516
2582,3.622833728790283,,104.89970135688782,0.023659944534301758
2583,3.6266188621520996,,104.93903636932373,0.024992942810058594
2584,3.619858741760254,,104.97769498825073,0.024364709854125977
2585,3.610999584197998,,105.01914691925049,0.027672767639160156
2586,3.6150944232940674,,105.05781674385071,0.02411627769470215
2587,3.6200432777404785,,105.09604787826538,0.024599552154541016
2588,3.610116481781006,,105.1354489326477,0.024899005889892578
2589,3.631012439727783,,105.17426776885986,0.024095535278320312
2590,3.6157166957855225,,105.21286582946777,0.024474382400512695
2591,3.617624282836914,,105.25431680679321,0.025795459747314453
2592,3.613636016845703,,105.29300093650818,0.02369403839111328
2593,3.6138997077941895,,105.33220982551575,0.02409982681274414
2594,3.607548236846924,,105.3730673789978,0.026213645935058594
2595,3.6269636154174805,,105.41305112838745,0.026790380477905273
2596,3.608032703399658,,105.45172548294067,0.023757457733154297
2597,3.6214451789855957,,105.49292039871216,0.026737213134765625
2598,3.607365369796753,,105.53113746643066,0.024138927459716797
2599,3.6109039783477783,,105.57100534439087,0.02435445785522461
2600,3.623701572418213,0.8967102408409119,105.61544370651245,0.029781103134155273
2601,3.6204776763916016,,105.65610933303833,0.025766849517822266
2602,3.60886812210083,,105.69677948951721,0.0257108211517334
2603,3.6133594512939453,,105.73610615730286,0.02467823028564453
2604,3.621631145477295,,105.7747893333435,0.024392127990722656
2605,3.6108312606811523,,105.81402802467346,0.02486562728881836
2606,3.614999294281006,,105.85318398475647,0.02486276626586914
2607,3.6120314598083496,,105.89227938652039,0.02475714683532715
2608,3.624234914779663,,105.93098473548889,0.024255990982055664
2609,3.6169681549072266,,105.97018647193909,0.024645328521728516
2610,3.610839366912842,,106.00891017913818,0.024783849716186523
2611,3.613619804382324,,106.04818320274353,0.02494359016418457
2612,3.6232426166534424,,106.08670783042908,0.02382493019104004
2613,3.598515033721924,,106.12634229660034,0.025148391723632812
2614,3.61824893951416,,106.16908884048462,0.028537511825561523
2615,3.61700439453125,,106.20732402801514,0.024346113204956055
2616,3.6116318702697754,,106.24511909484863,0.023464441299438477
2617,3.59765625,,106.284494638443,0.024168968200683594
2618,3.6067609786987305,,106.32430386543274,0.024319887161254883
2619,3.6274943351745605,,106.36299657821655,0.02429366111755371
2620,3.597214460372925,,106.40180134773254,0.024838685989379883
2621,3.6052870750427246,,106.44010496139526,0.024018287658691406
2622,3.618002414703369,,106.47916316986084,0.024462223052978516
2623,3.6177797317504883,,106.51814222335815,0.025157690048217773
2624,3.62101411819458,,106.55646347999573,0.023382902145385742
2625,3.6152825355529785,,106.59599757194519,0.02454829216003418
2626,3.5933656692504883,,106.63480710983276,0.02428603172302246
2627,3.6013307571411133,,106.6737904548645,0.02447032928466797
2628,3.6099987030029297,,106.71229076385498,0.024384498596191406
2629,3.605502128601074,,106.7513256072998,0.024718761444091797
2630,3.6035656929016113,,106.78998112678528,0.024171113967895508
2631,3.5914740562438965,,106.82967829704285,0.025025129318237305
2632,3.6184234619140625,,106.86840963363647,0.024504661560058594
2633,3.6029725074768066,,106.90811324119568,0.025197267532348633
2634,3.616732597351074,,106.94773292541504,0.02567434310913086
2635,3.60935115814209,,106.98611068725586,0.02437567710876465
2636,3.6195430755615234,,107.02516984939575,0.02477574348449707
2637,3.6114659309387207,,107.0634458065033,0.023789167404174805
2638,3.6008594036102295,,107.10313296318054,0.025115489959716797
2639,3.5950639247894287,,107.14221096038818,0.024810791015625
2640,3.610948085784912,,107.18064737319946,0.024458885192871094
2641,3.606355667114258,,107.21945190429688,0.02411031723022461
2642,3.595024585723877,,107.2589123249054,0.023882389068603516
2643,3.5988285541534424,,107.29786539077759,0.02503037452697754
2644,3.6154050827026367,,107.3367052078247,0.02376723289489746
2645,3.6050565242767334,,107.37493538856506,0.024428367614746094
2646,3.5983755588531494,,107.41400671005249,0.02481245994567871
2647,3.610409736633301,,107.45296263694763,0.02396845817565918
2648,3.618072509765625,,107.49147510528564,0.02321791648864746
2649,3.6068756580352783,,107.53309917449951,0.026134490966796875
2650,3.6067256927490234,,107.57197332382202,0.02428412437438965
2651,3.606166362762451,,107.61138081550598,0.024701595306396484
2652,3.6012606620788574,,107.65019583702087,0.025229215621948242
2653,3.616459846496582,,107.68974304199219,0.024689912796020508
2654,3.598886489868164,,107.73006939888,0.025766849517822266
2655,3.5993871688842773,,107.77003169059753,0.02525782585144043
2656,3.606755018234253,,107.8094253540039,0.02628183364868164
2657,3.5993871688842773,,107.84734773635864,0.024352550506591797
2658,3.5930724143981934,,107.88640975952148,0.024344205856323242
2659,3.5949225425720215,,107.92481780052185,0.023688077926635742
2660,3.583461284637451,,107.96393871307373,0.0237123966217041
2661,3.59509015083313,,108.00299119949341,0.024320125579833984
2662,3.60858154296875,,108.04141235351562,0.024283170700073242
2663,3.593295097351074,,108.07975602149963,0.024195432662963867
2664,3.6046156883239746,,108.11927723884583,0.024164199829101562
2665,3.590331792831421,,108.16013789176941,0.02666187286376953
2666,3.6042966842651367,,108.2012209892273,0.02617931365966797
2667,3.603071451187134,,108.24129819869995,0.0252530574798584
2668,3.585771083831787,,108.27962923049927,0.02518486976623535
2669,3.604226589202881,,108.31802916526794,0.024112701416015625
2670,3.582897186279297,,108.35747981071472,0.024186134338378906
2671,3.5963566303253174,,108.39866948127747,0.026514768600463867
2672,3.5886001586914062,,108.43730115890503,0.025124788284301758
2673,3.5884363651275635,,108.47856450080872,0.027754783630371094
2674,3.609389305114746,,108.51968574523926,0.027482271194458008
2675,3.597226858139038,,108.55821108818054,0.024248600006103516
2676,3.6128859519958496,,108.59740924835205,0.02414846420288086
2677,3.5946366786956787,,108.6354649066925,0.023475170135498047
2678,3.582709789276123,,108.67587113380432,0.026392459869384766
2679,3.600834846496582,,108.7150764465332,0.024936676025390625
2680,3.5954203605651855,,108.75607109069824,0.026318788528442383
2681,3.585932731628418,,108.79666423797607,0.02590489387512207
2682,3.5994677543640137,,108.83535099029541,0.023571014404296875
2683,3.5806641578674316,,108.87490439414978,0.024946928024291992
2684,3.610152244567871,,108.91418147087097,0.025324344635009766
2685,3.59840726852417,,108.95444703102112,0.026342153549194336
2686,3.5947694778442383,,108.99506664276123,0.025794029235839844
2687,3.5909409523010254,,109.03363466262817,0.02397894859313965
2688,3.5935797691345215,,109.07308506965637,0.024323225021362305
2689,3.597935914993286,,109.11334204673767,0.025740385055541992
2690,3.5835506916046143,,109.15336561203003,0.02630925178527832
2691,3.575058937072754,,109.1948037147522,0.02660655975341797
2692,3.5997018814086914,,109.23420000076294,0.0247347354888916
2693,3.5912117958068848,,109.27388429641724,0.025678396224975586
2694,3.600285530090332,,109.31338667869568,0.025393247604370117
2695,3.6006879806518555,,109.35175037384033,0.023621320724487305
2696,3.594905376434326,,109.39115643501282,0.023790836334228516
2697,3.5681099891662598,,109.43165802955627,0.0263211727142334
2698,3.5810012817382812,,109.47320079803467,0.026853322982788086
2699,3.5855770111083984,,109.51190423965454,0.025105953216552734
2700,3.5836098194122314,0.8970776319503784,109.56004643440247,0.03362607955932617
2701,3.586028575897217,,109.59838891029358,0.02325153350830078
2702,3.5902085304260254,,109.63955998420715,0.02666306495666504
2703,3.6019158363342285,,109.67980980873108,0.026204824447631836
2704,3.581911087036133,,109.71910786628723,0.02508378028869629
2705,3.6091508865356445,,109.75994825363159,0.026644229888916016
2706,3.58675479888916,,109.8003442287445,0.02624344825744629
2707,3.579453945159912,,109.839111328125,0.02475452423095703
2708,3.604456901550293,,109.87930822372437,0.026192426681518555
2709,3.571237802505493,,109.9204044342041,0.025908231735229492
2710,3.5816211700439453,,109.9614052772522,0.026700258255004883
2711,3.585169792175293,,110.0018949508667,0.026207685470581055
2712,3.5780646800994873,,110.03981232643127,0.02380681037902832
2713,3.5825319290161133,,110.07972002029419,0.025621414184570312
2714,3.5827231407165527,,110.11784076690674,0.02496647834777832
2715,3.582935333251953,,110.15824508666992,0.026712894439697266
2716,3.580811023712158,,110.19877409934998,0.025797367095947266
2717,3.579998731613159,,110.23830032348633,0.025269508361816406
2718,3.584296703338623,,110.27691531181335,0.02480340003967285
2719,3.5676417350769043,,110.31827712059021,0.026674270629882812
2720,3.5846290588378906,,110.35911726951599,0.026218175888061523
2721,3.5912907123565674,,110.39757037162781,0.02325153350830078
2722,3.5777668952941895,,110.43693566322327,0.024862289428710938
2723,3.5911002159118652,,110.47862362861633,0.026371240615844727
2724,3.5819993019104004,,110.51888346672058,0.02661752700805664
2725,3.575408935546875,,110.5606746673584,0.02662205696105957
2726,3.5921454429626465,,110.60103130340576,0.02611374855041504
2727,3.582474708557129,,110.64194703102112,0.02679276466369629
2728,3.583986282348633,,110.68080997467041,0.025788068771362305
2729,3.5835883617401123,,110.7209951877594,0.025989055633544922
2730,3.5784876346588135,,110.76164770126343,0.025482177734375
2731,3.581911325454712,,110.801034450531,0.024103403091430664
2732,3.584442138671875,,110.83889198303223,0.023690223693847656
2733,3.5697407722473145,,110.87749576568604,0.024605751037597656
2734,3.572146415710449,,110.917720079422,0.025603771209716797
2735,3.583681344985962,,110.95933032035828,0.026508092880249023
2736,3.5744171142578125,,110.99989080429077,0.025280237197875977
2737,3.580016851425171,,111.03912019729614,0.02422022819519043
2738,3.601821184158325,,111.08017182350159,0.026950597763061523
2739,3.57326602935791,,111.12119650840759,0.025949478149414062
2740,3.5628774166107178,,111.15919423103333,0.023779630661010742
2741,3.579855442047119,,111.20065546035767,0.026290416717529297
2742,3.571218252182007,,111.2415976524353,0.02672100067138672
2743,3.5765442848205566,,111.28091478347778,0.024294614791870117
2744,3.59432315826416,,111.3212468624115,0.02510666847229004
2745,3.5694026947021484,,111.36189436912537,0.025457382202148438
2746,3.5833592414855957,,111.40431642532349,0.02685689926147461
2747,3.584230422973633,,111.44434952735901,0.026433706283569336
2748,3.5763425827026367,,111.48472619056702,0.02577376365661621
2749,3.5737733840942383,,111.52509951591492,0.02567577362060547
2750,3.5817975997924805,,111.56576299667358,0.025986194610595703
2751,3.573378801345825,,111.60600447654724,0.025736331939697266
2752,3.5763051509857178,,111.64605760574341,0.02636861801147461
2753,3.5680112838745117,,111.68482303619385,0.024158716201782227
2754,3.5696706771850586,,111.72339534759521,0.0238039493560791
2755,3.580970525741577,,111.76226711273193,0.0241086483001709
2756,3.569645881652832,,111.80350542068481,0.026619434356689453
2757,3.573063373565674,,111.8428521156311,0.02474379539489746
2758,3.57204008102417,,111.8815245628357,0.024416446685791016
2759,3.5698535442352295,,111.92101335525513,0.025182247161865234
2760,3.569117546081543,,111.96090269088745,0.02562093734741211
2761,3.5715415477752686,,112.00135326385498,0.026140451431274414
2762,3.5801398754119873,,112.04014086723328,0.02467656135559082
2763,3.5816259384155273,,112.07944107055664,0.02506089210510254
2764,3.564162254333496,,112.11795544624329,0.024197816848754883
2765,3.5642690658569336,,112.15844631195068,0.02680182456970215
2766,3.561187267303467,,112.19923424720764,0.0255129337310791
2767,3.561147689819336,,112.24021625518799,0.02622389793395996
2768,3.579022169113159,,112.28122591972351,0.0265200138092041
2769,3.564934253692627,,112.32178521156311,0.02536606788635254
2770,3.589278221130371,,112.36170697212219,0.024715185165405273
2771,3.574584484100342,,112.40461707115173,0.026731014251708984
2772,3.5574703216552734,,112.44561624526978,0.02736973762512207
2773,3.5815439224243164,,112.48498368263245,0.02569866180419922
2774,3.5548856258392334,,112.5252914428711,0.025627613067626953
2775,3.5587639808654785,,112.56653618812561,0.026005029678344727
2776,3.561490058898926,,112.60577416419983,0.02573537826538086
2777,3.573030471801758,,112.64651703834534,0.027119159698486328
2778,3.5892176628112793,,112.68598341941833,0.025804758071899414
2779,3.5587055683135986,,112.72456312179565,0.02382969856262207
2780,3.5679492950439453,,112.76587414741516,0.0265500545501709
2781,3.5616748332977295,,112.80392909049988,0.024552345275878906
2782,3.5764999389648438,,112.84503817558289,0.026631593704223633
2783,3.5592641830444336,,112.8833212852478,0.024614334106445312
2784,3.5709469318389893,,112.92311334609985,0.025090932846069336
2785,3.5723142623901367,,112.96316862106323,0.02596735954284668
2786,3.581851005554199,,113.0029649734497,0.025282621383666992
2787,3.556330919265747,,113.04223465919495,0.02495598793029785
2788,3.571448802947998,,113.08169293403625,0.026142597198486328
2789,3.564619779586792,,113.12140035629272,0.024123430252075195
2790,3.5752780437469482,,113.16014385223389,0.02409076690673828
2791,3.555828094482422,,113.20182800292969,0.026563644409179688
2792,3.5611984729766846,,113.2409074306488,0.024915695190429688
2793,3.565629482269287,,113.28210306167603,0.026727914810180664
2794,3.5597808361053467,,113.32081580162048,0.02368927001953125
2795,3.557774782180786,,113.35947060585022,0.024103879928588867
2796,3.563244581222534,,113.39881563186646,0.0243375301361084
2797,3.5608139038085938,,113.43750143051147,0.025484800338745117
2798,3.580289840698242,,113.47753953933716,0.02674102783203125
2799,3.5564041137695312,,113.51727819442749,0.025707244873046875
2800,3.5569541454315186,0.8976672291755676,113.55888676643372,0.02761101722717285
2801,3.569650650024414,,113.59924674034119,0.02625250816345215
2802,3.5567054748535156,,113.63767457008362,0.02420806884765625
2803,3.575644016265869,,113.67821764945984,0.02605271339416504
2804,3.5584144592285156,,113.71734809875488,0.024415254592895508
2805,3.5631778240203857,,113.75579714775085,0.023640871047973633
2806,3.578907012939453,,113.79507517814636,0.024143218994140625
2807,3.5557475090026855,,113.83973145484924,0.030121564865112305
2808,3.5669097900390625,,113.87814664840698,0.024915695190429688
2809,3.567929267883301,,113.91710257530212,0.024840354919433594
2810,3.5589685440063477,,113.95575833320618,0.023806095123291016
2811,3.5662050247192383,,113.99641728401184,0.026068449020385742
2812,3.55971097946167,,114.03578734397888,0.025754690170288086
2813,3.5544958114624023,,114.07549166679382,0.025243282318115234
2814,3.5620036125183105,,114.11648964881897,0.026784896850585938
2815,3.5637102127075195,,114.15710592269897,0.02576136589050293
2816,3.55519962310791,,114.19657564163208,0.024864912033081055
2817,3.5681509971618652,,114.23613262176514,0.024972200393676758
2818,3.5471787452697754,,114.27800464630127,0.02842402458190918
2819,3.5606746673583984,,114.3169322013855,0.0257718563079834
2820,3.560239315032959,,114.35651111602783,0.02455425262451172
2821,3.5611233711242676,,114.39680981636047,0.02629375457763672
2822,3.561563014984131,,114.43609666824341,0.024721860885620117
2823,3.5505146980285645,,114.47474527359009,0.024821758270263672
2824,3.5603816509246826,,114.51353001594543,0.024012327194213867
2825,3.5491833686828613,,114.55456924438477,0.0264129638671875
2826,3.5543651580810547,,114.59167385101318,0.023535966873168945
2827,3.572444200515747,,114.63229966163635,0.02557992935180664
2828,3.5530757904052734,,114.67118072509766,0.024200439453125
2829,3.5622663497924805,,114.71177768707275,0.026421308517456055
2830,3.5711050033569336,,114.7523787021637,0.026903152465820312
2831,3.5529041290283203,,114.79399514198303,0.027464866638183594
2832,3.5499651432037354,,114.83171892166138,0.023108959197998047
2833,3.551661968231201,,114.87135338783264,0.02396082878112793
2834,3.539994716644287,,114.90998697280884,0.024588584899902344
2835,3.5534756183624268,,114.9498360157013,0.025206565856933594
2836,3.5500218868255615,,114.98948073387146,0.02506399154663086
2837,3.5486068725585938,,115.0270824432373,0.02417445182800293
2838,3.546459913253784,,115.06643199920654,0.02424025535583496
2839,3.569120168685913,,115.10576510429382,0.024845361709594727
2840,3.5381112098693848,,115.1448724269867,0.024525165557861328
2841,3.563241481781006,,115.18395137786865,0.02490854263305664
2842,3.546149253845215,,115.22432541847229,0.025503873825073242
2843,3.551907539367676,,115.26390671730042,0.02604365348815918
2844,3.5546905994415283,,115.30300736427307,0.024904966354370117
2845,3.5606398582458496,,115.34102153778076,0.024136066436767578
2846,3.5490570068359375,,115.38128733634949,0.025060653686523438
2847,3.5486226081848145,,115.42011570930481,0.024474382400512695
2848,3.5440940856933594,,115.46063566207886,0.02541494369506836
2849,3.554001808166504,,115.49943494796753,0.023596763610839844
2850,3.5445103645324707,,115.54321718215942,0.028339147567749023
2851,3.5510096549987793,,115.58167219161987,0.02493119239807129
2852,3.544973373413086,,115.62037634849548,0.02414536476135254
2853,3.5487613677978516,,115.66117882728577,0.026572227478027344
2854,3.5565128326416016,,115.70177698135376,0.0261843204498291
2855,3.551473379135132,,115.74142837524414,0.02449798583984375
2856,3.551534652709961,,115.78310990333557,0.027263164520263672
2857,3.5511057376861572,,115.82324528694153,0.02611541748046875
2858,3.5397262573242188,,115.86159634590149,0.022837162017822266
2859,3.544262409210205,,115.90276861190796,0.025714874267578125
2860,3.54329252243042,,115.9412772655487,0.0241696834564209
2861,3.5479369163513184,,115.97982358932495,0.02402639389038086
2862,3.5496091842651367,,116.01825094223022,0.024208784103393555
2863,3.5480575561523438,,116.05901193618774,0.02585148811340332
2864,3.5515522956848145,,116.09813237190247,0.023759841918945312
2865,3.5702919960021973,,116.13735628128052,0.025721073150634766
2866,3.543531894683838,,116.17563605308533,0.02436685562133789
2867,3.5413830280303955,,116.21529984474182,0.02544403076171875
2868,3.553253173828125,,116.25336074829102,0.024100542068481445
2869,3.5458996295928955,,116.29306411743164,0.02418994903564453
2870,3.5570218563079834,,116.33171963691711,0.024141311645507812
2871,3.5578575134277344,,116.37147235870361,0.025218486785888672
2872,3.5392041206359863,,116.41100740432739,0.025629520416259766
2873,3.5443568229675293,,116.4508159160614,0.026166439056396484
2874,3.537344455718994,,116.49052572250366,0.024245262145996094
2875,3.541581153869629,,116.53117442131042,0.026504993438720703
2876,3.544950008392334,,116.57105898857117,0.025740861892700195
2877,3.556086540222168,,116.6097059249878,0.025245189666748047
2878,3.5550267696380615,,116.65224766731262,0.028177499771118164
2879,3.5488691329956055,,116.69187474250793,0.024996042251586914
2880,3.547534227371216,,116.73019242286682,0.024170398712158203
2881,3.542973041534424,,116.76885867118835,0.02452850341796875
2882,3.557621717453003,,116.80857920646667,0.024883508682250977
2883,3.5434980392456055,,116.84748840332031,0.025690078735351562
2884,3.550114154815674,,116.88727402687073,0.025623083114624023
2885,3.543316602706909,,116.92651581764221,0.02567005157470703
2886,3.546849250793457,,116.96768522262573,0.025601863861083984
2887,3.5249767303466797,,117.00643253326416,0.02481985092163086
2888,3.5451769828796387,,117.04880857467651,0.027648448944091797
2889,3.5394234657287598,,117.0867018699646,0.023308992385864258
2890,3.5451579093933105,,117.1273455619812,0.02615523338317871
2891,3.5438547134399414,,117.16708445549011,0.024208545684814453
2892,3.5347788333892822,,117.20536994934082,0.023783445358276367
2893,3.5363128185272217,,117.24550223350525,0.02574920654296875
2894,3.5459365844726562,,117.28371453285217,0.02443861961364746
2895,3.543468952178955,,117.3254120349884,0.026709794998168945
2896,3.5427870750427246,,117.36503624916077,0.02567315101623535
2897,3.546614170074463,,117.40590643882751,0.025749921798706055
2898,3.5408902168273926,,117.44674038887024,0.026666641235351562
2899,3.5421676635742188,,117.48466634750366,0.023973941802978516
2900,3.540879726409912,0.8955595135688782,117.52820467948914,0.02889251708984375
2901,3.547455072402954,,117.56808853149414,0.02481865882873535
2902,3.5322844982147217,,117.6067521572113,0.02499842643737793
2903,3.550002336502075,,117.64558911323547,0.024171829223632812
2904,3.535693645477295,,117.68689918518066,0.02672576904296875
2905,3.529874086380005,,117.72713899612427,0.026256084442138672
2906,3.535036087036133,,117.76685786247253,0.025295257568359375
2907,3.5444560050964355,,117.8068323135376,0.026844501495361328
2908,3.5487747192382812,,117.84585881233215,0.02431488037109375
2909,3.551039695739746,,117.88514709472656,0.024785757064819336
2910,3.530163049697876,,117.92577481269836,0.025907039642333984
2911,3.5509986877441406,,117.96608757972717,0.025439023971557617
2912,3.534743070602417,,118.00536584854126,0.024775266647338867
2913,3.5387699604034424,,118.04358720779419,0.02371835708618164
2914,3.5285472869873047,,118.08452820777893,0.02585768699645996
2915,3.537593364715576,,118.1259925365448,0.025836706161499023
2916,3.5315918922424316,,118.16709733009338,0.026357412338256836
2917,3.5416016578674316,,118.20713567733765,0.02553582191467285
2918,3.519050121307373,,118.24687075614929,0.026232004165649414
2919,3.5456676483154297,,118.28851389884949,0.02704453468322754
2920,3.540626049041748,,118.32896661758423,0.026674985885620117
2921,3.545072555541992,,118.36888718605042,0.025783538818359375
2922,3.517697811126709,,118.40979766845703,0.02680802345275879
2923,3.5343313217163086,,118.45067977905273,0.02670884132385254
2924,3.528754472732544,,118.49149012565613,0.026314973831176758
2925,3.528172016143799,,118.53187823295593,0.0262451171875
2926,3.533994674682617,,118.5717499256134,0.0253603458404541
2927,3.525282621383667,,118.61123728752136,0.025472164154052734
2928,3.5414175987243652,,118.65111184120178,0.025671005249023438
2929,3.5457448959350586,,118.69007015228271,0.02407979965209961
2930,3.5397634506225586,,118.73158740997314,0.026546001434326172
2931,3.563088893890381,,118.77141237258911,0.02675008773803711
2932,3.5208311080932617,,118.811696767807,0.025269269943237305
2933,3.532069683074951,,118.8528459072113,0.027132034301757812
2934,3.5454704761505127,,118.89162731170654,0.024224042892456055
2935,3.5446391105651855,,118.9300856590271,0.02431654930114746
2936,3.526549816131592,,118.96909952163696,0.023872852325439453
2937,3.534966468811035,,119.0072135925293,0.025580167770385742
2938,3.541781425476074,,119.04805088043213,0.02632904052734375
2939,3.532331943511963,,119.08862209320068,0.02696704864501953
2940,3.5275468826293945,,119.12919735908508,0.026350021362304688
2941,3.5423059463500977,,119.16902089118958,0.02481698989868164
2942,3.524949550628662,,119.20845031738281,0.025425434112548828
2943,3.539705276489258,,119.24856543540955,0.026543855667114258
2944,3.5323705673217773,,119.2892394065857,0.025756120681762695
2945,3.5261638164520264,,119.32870888710022,0.024132490158081055
2946,3.531012535095215,,119.36958360671997,0.026766300201416016
2947,3.5436744689941406,,119.41041851043701,0.027294397354125977
2948,3.5486464500427246,,119.44955849647522,0.025780677795410156
2949,3.54024076461792,,119.49122452735901,0.02643275260925293
2950,3.5312609672546387,,119.5347957611084,0.029560089111328125
2951,3.539952278137207,,119.5747344493866,0.024770736694335938
2952,3.5331082344055176,,119.61520576477051,0.025967836380004883
2953,3.532308578491211,,119.65596556663513,0.026165246963500977
2954,3.5344064235687256,,119.69502258300781,0.02436661720275879
2955,3.529402732849121,,119.7352786064148,0.024728775024414062
2956,3.5334057807922363,,119.77556872367859,0.026307344436645508
2957,3.5278167724609375,,119.81413722038269,0.02499532699584961
2958,3.5222110748291016,,119.85734438896179,0.029639720916748047
2959,3.5313873291015625,,119.89969444274902,0.028705358505249023
2960,3.5254967212677,,119.94000172615051,0.026793479919433594
2961,3.531182289123535,,119.9792902469635,0.026125431060791016
2962,3.5241928100585938,,120.01956415176392,0.02611255645751953
2963,3.539536476135254,,120.06046342849731,0.025695085525512695
2964,3.5307912826538086,,120.09963250160217,0.024157285690307617
2965,3.546846866607666,,120.13997626304626,0.02633953094482422
2966,3.537655830383301,,120.18084335327148,0.027282238006591797
2967,3.527172327041626,,120.22112536430359,0.026090621948242188
2968,3.526822090148926,,120.26212668418884,0.02683091163635254
2969,3.546976089477539,,120.30084371566772,0.024539470672607422
2970,3.5191755294799805,,120.33982253074646,0.023930788040161133
2971,3.529402256011963,,120.37867641448975,0.024138689041137695
2972,3.527021884918213,,120.41708397865295,0.024161577224731445
2973,3.538022994995117,,120.45746994018555,0.025550127029418945
2974,3.5168328285217285,,120.49694895744324,0.02471446990966797
2975,3.519230365753174,,120.53526616096497,0.023763179779052734
2976,3.5224239826202393,,120.57517838478088,0.0249021053314209
2977,3.5305638313293457,,120.61581134796143,0.027130603790283203
2978,3.525270462036133,,120.6546471118927,0.024219274520874023
2979,3.520939350128174,,120.6950900554657,0.025822877883911133
2980,3.5231165885925293,,120.73725819587708,0.026620149612426758
2981,3.530278205871582,,120.77597308158875,0.02471017837524414
2982,3.5147976875305176,,120.81534171104431,0.025775432586669922
2983,3.5136537551879883,,120.85350823402405,0.024477243423461914
2984,3.518789291381836,,120.89394545555115,0.025671005249023438
2985,3.5190765857696533,,120.9334146976471,0.024899721145629883
2986,3.5230703353881836,,120.97321105003357,0.026259183883666992
2987,3.5286705493927,,121.01283311843872,0.0250246524810791
2988,3.518049716949463,,121.05299305915833,0.026648998260498047
2989,3.5228962898254395,,121.0928966999054,0.02416706085205078
2990,3.5178253650665283,,121.13355827331543,0.025965213775634766
2991,3.5281620025634766,,121.17431926727295,0.027156352996826172
2992,3.53242826461792,,121.21293902397156,0.025080442428588867
2993,3.5353569984436035,,121.25131702423096,0.023771047592163086
2994,3.513707160949707,,121.29341387748718,0.026747465133666992
2995,3.5271811485290527,,121.3336501121521,0.026729822158813477
2996,3.518101215362549,,121.372145652771,0.023357152938842773
2997,3.5315232276916504,,121.4134087562561,0.02686595916748047
2998,3.525256633758545,,121.45551586151123,0.027972698211669922
2999,3.5299181938171387,,121.49354696273804,0.023900508880615234
3000,3.516345977783203,0.8973636507987977,121.53570175170898,0.027451515197753906
