epochs,losses,size_losses,religion_losses,ethnicity_losses,household_composition_losses,religion_accuracies,ethnicity_accuracies,household_composition_accuracies,size_distribution_accuracies,overall_accuracies,cumulative_time_seconds,epoch_time_seconds,tau_values,learning_rate,hidden_channels,combination_id
1,13.406074523925781,4.1313934326171875,1.5523743629455566,1.9796942472457886,5.742612838745117,38.819663152129266,41.188552649596055,9.51663699849377,87.72920966148376,44.313515615425715,13.163865804672241,13.163865804672241,0.995,0.005,256,lr_0.005_hc_256
2,11.626617431640625,2.4080662727355957,1.5349369049072266,1.977083444595337,5.706531047821045,38.1213200054772,40.01095440230043,9.229083938107626,89.8144781589508,44.29395912620902,27.258801460266113,13.400668621063232,0.990025,0.005,256,lr_0.005_hc_256
3,10.932469367980957,1.6670080423355103,1.5307966470718384,1.9543627500534058,5.780302047729492,37.91592496234424,39.43584828152814,9.94112008763522,74.43098425865173,40.43096939753983,40.930464029312134,12.935099363327026,0.985074875,0.005,256,lr_0.005_hc_256
4,10.213386535644531,1.269871711730957,1.45416259765625,1.8828290700912476,5.606523036956787,40.36697247706422,39.7781733534164,11.241955360810625,77.32261419296265,42.17742884606348,54.9815616607666,13.306580305099487,0.9801495006250001,0.005,256,lr_0.005_hc_256
5,9.558378219604492,0.9606060981750488,1.3981159925460815,1.8193856477737427,5.380270957946777,43.00972203204162,40.161577433931264,12.200465562097767,85.4149341583252,45.19667479659896,68.85153889656067,13.123429536819458,0.9752487531218751,0.005,256,lr_0.005_hc_256
6,9.32065486907959,0.9541125893592834,1.34770929813385,1.7675461769104004,5.251286506652832,44.35163631384362,41.31178967547583,14.0490209502944,91.98429584503174,47.924185696161395,82.4373688697815,12.817869901657104,0.9703725093562657,0.005,256,lr_0.005_hc_256
7,9.252462387084961,1.008261799812317,1.3410314321517944,1.761106014251709,5.142063140869141,44.61180336847871,39.928796385047235,15.59633027522936,89.5970344543457,47.43349112077525,96.42767262458801,13.253954410552979,0.9655206468094844,0.005,256,lr_0.005_hc_256
8,8.902427673339844,0.9285374283790588,1.2836546897888184,1.671790361404419,5.018445014953613,47.268245926331645,42.43461591126934,17.321648637546215,86.44735813140869,48.36796715163897,109.93908953666687,12.780062198638916,0.960693043575437,0.005,256,lr_0.005_hc_256
9,8.792810440063477,0.9511387944221497,1.2346137762069702,1.622488260269165,4.984569072723389,50.47240859920581,45.70724359852116,18.074763795700395,85.15317440032959,49.85189759843924,123.62602305412292,12.904151201248169,0.9558895783575597,0.005,256,lr_0.005_hc_256
10,8.487923622131348,0.9089126586914062,1.1672312021255493,1.5626864433288574,4.849093437194824,53.43009722032042,48.44584417362728,19.731617143639603,85.51921844482422,51.781694245602885,137.79925632476807,13.460434913635254,0.9511101304657719,0.005,256,lr_0.005_hc_256
11,8.34294319152832,0.8993363976478577,1.1445146799087524,1.5291143655776978,4.769977569580078,54.785704504997945,49.97946049568671,20.64904833630015,85.99166870117188,52.85147050953917,151.4688811302185,12.959249258041382,0.946354579813443,0.005,256,lr_0.005_hc_256
12,8.230576515197754,0.9207690358161926,1.133337378501892,1.517168402671814,4.6593017578125,55.64836368615638,50.40394358482815,22.319594687114886,84.8797082901001,53.31290256204988,165.20542812347412,12.952958106994629,0.9416228069143757,0.005,256,lr_0.005_hc_256
13,8.077051162719727,0.8941606283187866,1.0928305387496948,1.4843777418136597,4.605682849884033,56.757496919074356,50.80104066821855,23.346569902779677,86.2946629524231,54.299942610623916,178.98997592926025,13.071836709976196,0.9369146928798039,0.005,256,lr_0.005_hc_256
14,7.985963821411133,0.8442574143409729,1.0799206495285034,1.4791419506072998,4.582643508911133,58.25003423250719,51.82801588388334,24.058606052307272,85.89324355125427,55.00747492998802,192.69103121757507,12.96210765838623,0.9322301194154049,0.005,256,lr_0.005_hc_256
15,7.936975955963135,0.8881791234016418,1.0631808042526245,1.4625680446624756,4.523047924041748,58.18156921812954,51.06120772285362,24.9212652334657,83.78557562828064,54.48740445068238,206.39496541023254,12.87956690788269,0.9275689688183278,0.005,256,lr_0.005_hc_256
16,7.7763471603393555,0.8628720045089722,1.0525083541870117,1.4444165229797363,4.416550159454346,57.97617417499657,52.211419964398196,25.907161440503902,83.53231549263,54.90676776813217,220.20011806488037,13.081558227539062,0.9229311239742362,0.005,256,lr_0.005_hc_256
17,7.665478229522705,0.8495467305183411,1.025697112083435,1.4286530017852783,4.361581325531006,58.86621936190607,52.23880597014925,26.71504861016021,84.26998853683472,55.52251561976256,233.78056240081787,12.794785976409912,0.918316468354365,0.005,256,lr_0.005_hc_256
18,7.650135040283203,0.927139401435852,0.9877284169197083,1.4419808387756348,4.293286323547363,60.892783787484596,52.60851704778858,28.276050937970698,84.41112041473389,56.54711804699444,247.36975622177124,12.87706446647644,0.9137248860125932,0.005,256,lr_0.005_hc_256
19,7.551564693450928,0.8979980945587158,0.9664212465286255,1.423118233680725,4.264027118682861,61.79652197726961,53.36163220594277,27.358619745310147,82.99575448036194,56.378132102221116,261.6266677379608,13.479613542556763,0.9091562615825302,0.005,256,lr_0.005_hc_256
20,7.420727729797363,0.8854694366455078,0.9607483148574829,1.4317328929901123,4.142776966094971,61.72805696289196,53.12885115705874,29.330412159386555,84.33220386505127,57.12988103609713,275.13184547424316,12.77686071395874,0.9046104802746175,0.005,256,lr_0.005_hc_256
21,7.332282066345215,0.9088965058326721,0.9380450248718262,1.3896361589431763,4.095704555511475,62.19361906066,53.90935232096399,29.426263179515267,82.86876678466797,57.09950033645181,288.75252771377563,12.884285688400269,0.9000874278732445,0.005,256,lr_0.005_hc_256
22,7.321685314178467,0.9933792948722839,0.9099801182746887,1.3748698234558105,4.043456077575684,63.45337532520882,54.580309461864985,30.9188004929481,82.24707841873169,57.7998909246884,302.3133165836334,12.80977201461792,0.8955869907338783,0.005,256,lr_0.005_hc_256
23,7.204495429992676,0.9741332530975342,0.926078736782074,1.4030808210372925,3.901202917098999,63.50814733671094,54.45707243598521,32.68519786389155,82.21505880355835,58.21636911003652,315.96832036972046,12.934897899627686,0.8911090557802088,0.005,256,lr_0.005_hc_256
24,7.043638229370117,0.9332287311553955,0.9156980514526367,1.40261971950531,3.7920920848846436,63.72723538271943,53.14254415993427,32.781048884020265,82.08277225494385,57.93340017040445,329.5449573993683,12.829866886138916,0.8866535105013078,0.005,256,lr_0.005_hc_256
25,7.038778305053711,1.030784010887146,0.8969504237174988,1.362210750579834,3.748833417892456,65.57579077091606,55.59359167465425,33.712173079556344,81.20065927505493,59.0205537000454,343.2694034576416,12.89391303062439,0.8822202429488013,0.005,256,lr_0.005_hc_256
26,6.924228668212891,1.0089836120605469,0.888475775718689,1.3168408870697021,3.709928274154663,65.28823771052991,55.771600712036154,33.84910310831165,80.81080317497253,58.92993617646256,358.11736726760864,14.098354578018188,0.8778091417340573,0.005,256,lr_0.005_hc_256
27,6.837800979614258,1.0383470058441162,0.8896456360816956,1.3068283796310425,3.602979898452759,65.05545666164589,56.64795289607011,36.51923866904012,81.85951709747314,60.020541331057316,371.79298186302185,12.897029161453247,0.8734200960253871,0.005,256,lr_0.005_hc_256
28,6.78265380859375,1.0475133657455444,0.8934180736541748,1.3001447916030884,3.5415775775909424,65.83595782555113,57.209366013966864,36.97110776393263,81.53148889541626,60.38698012471673,386.2332365512848,13.603963136672974,0.8690529955452602,0.005,256,lr_0.005_hc_256
29,6.718469142913818,1.0646861791610718,0.8765257000923157,1.3019427061080933,3.4753146171569824,66.27413391756812,57.318910036971104,37.98438997672189,81.70875310897827,60.82154676005984,399.93337392807007,12.92913293838501,0.8647077305675338,0.005,256,lr_0.005_hc_256
30,6.60111665725708,1.0348310470581055,0.8834443092346191,1.2906383275985718,3.392202854156494,66.15089689168835,57.70231411748596,38.559496097494176,81.00885152816772,60.85538965870904,413.642196893692,12.865180015563965,0.8603841919146962,0.005,256,lr_0.005_hc_256
31,6.631285667419434,1.1377850770950317,0.8499611616134644,1.286885142326355,3.356654167175293,66.79446802683829,57.75708612898809,39.76448035054088,81.87189102172852,61.546981382023944,427.2073972225189,12.827098846435547,0.8560822709551227,0.005,256,lr_0.005_hc_256
32,6.431325912475586,1.097877860069275,0.8400475382804871,1.2636617422103882,3.229738712310791,68.0542242913871,58.606052307270986,41.079008626591815,80.61714172363281,62.089106737220675,440.7684347629547,12.788095474243164,0.851801859600347,0.005,256,lr_0.005_hc_256
33,6.499248027801514,1.1167691946029663,0.8338845372200012,1.2811282873153687,3.2674660682678223,67.97206627413391,58.82514035327947,39.96987539367383,81.13648295402527,61.975891243778115,454.24661231040955,12.762607097625732,0.8475428503023453,0.005,256,lr_0.005_hc_256
34,6.4348907470703125,1.1471134424209595,0.8438944220542908,1.2715568542480469,3.172325849533081,68.08161029713816,58.345885252635895,42.4620019170204,81.05172514915466,62.48530565398729,467.9209723472595,12.922529458999634,0.8433051360508336,0.005,256,lr_0.005_hc_256
35,6.352088928222656,1.1530754566192627,0.830325186252594,1.2954297065734863,3.073258638381958,68.04053128851157,58.263727235382724,44.05039025058195,80.91548085212708,62.817532406650834,481.47644233703613,12.825830459594727,0.8390886103705794,0.005,256,lr_0.005_hc_256
36,6.266300678253174,1.0917260646820068,0.8125321269035339,1.2634905576705933,3.0985517501831055,69.04012049842531,58.332192249760375,42.35245789401616,80.89845180511475,62.65580561182915,495.0631332397461,12.87799859046936,0.8348931673187264,0.005,256,lr_0.005_hc_256
37,6.187868118286133,1.1183316707611084,0.8110224604606628,1.2798500061035156,2.9786641597747803,69.76584965082843,58.61974531014652,44.091469259208544,82.33495950698853,63.70300593179301,509.49826073646545,13.70043683052063,0.8307187014821328,0.005,256,lr_0.005_hc_256
38,6.099151611328125,1.129406213760376,0.7941999435424805,1.2783739566802979,2.8971714973449707,70.83390387511982,59.46871148842941,45.378611529508426,79.74179983139038,63.855756681112005,524.5648658275604,14.330034017562866,0.8265651079747222,0.005,256,lr_0.005_hc_256
39,6.120677947998047,1.1551960706710815,0.8003182411193848,1.2857613563537598,2.879401922225952,69.79323565657948,59.331781459674104,46.52882377105299,82.9436182975769,64.64936479622088,538.5799381732941,13.272823333740234,0.8224322824348486,0.005,256,lr_0.005_hc_256
40,6.016794204711914,1.200630784034729,0.7706590294837952,1.2845871448516846,2.7609171867370605,70.916061892373,59.811036560317675,48.25414213336985,80.29963970184326,64.82022007197594,552.2312469482422,12.888684034347534,0.8183201210226743,0.005,256,lr_0.005_hc_256
41,5.984116554260254,1.2098782062530518,0.7801957130432129,1.2705057859420776,2.7235372066497803,70.82021087224429,60.23551964945912,48.96617828289744,80.52682876586914,65.1371843926175,565.8576076030731,12.82567048072815,0.8142285204175609,0.005,256,lr_0.005_hc_256
42,5.908256530761719,1.2335965633392334,0.7816290855407715,1.2541635036468506,2.6388676166534424,71.36793098726551,60.46830069834315,49.06202930302616,80.78826069831848,65.42163042173831,579.4860575199127,12.885541439056396,0.810157377815473,0.005,256,lr_0.005_hc_256
43,5.876422882080078,1.2008397579193115,0.7811721563339233,1.271443486213684,2.622967481613159,70.94344789812406,59.94796658907299,50.0205395043133,82.08005428314209,65.74800206866311,593.2049851417542,12.889658689498901,0.8061065909263957,0.005,256,lr_0.005_hc_256
44,5.810746192932129,1.2135473489761353,0.7365305423736572,1.259314775466919,2.601353883743286,71.25838696426126,59.811036560317675,50.36286457620156,80.92718124389648,65.58986733616925,606.9235880374908,12.951189756393433,0.8020760579717637,0.005,256,lr_0.005_hc_256
45,5.821561813354492,1.247756004333496,0.7509622573852539,1.253991723060608,2.568852186203003,73.14802136108447,61.2077228536218,50.979049705600445,80.02591133117676,66.34017631287087,621.5224378108978,13.83298134803772,0.798065677681905,0.005,256,lr_0.005_hc_256
46,5.795282363891602,1.2434598207473755,0.7862705588340759,1.2404212951660156,2.5251305103302,71.9019580994112,61.24880186224839,51.88278789538546,79.50611114501953,66.13491475051615,635.9467194080353,13.635987043380737,0.7940753492934954,0.005,256,lr_0.005_hc_256
47,5.7239885330200195,1.290536642074585,0.7915735840797424,1.2623982429504395,2.3794803619384766,71.97042311378885,60.933862796111185,53.97781733534164,81.182861328125,67.01624114334166,649.6996586322784,12.97943663597107,0.7901049725470279,0.005,256,lr_0.005_hc_256
48,5.704399108886719,1.3087232112884521,0.7755415439605713,1.2456227540969849,2.374511957168579,72.12104614541968,60.358756675338896,54.306449404354375,79.07409071922302,66.46508573608399,663.2701187133789,12.833614587783813,0.7861544476842928,0.005,256,lr_0.005_hc_256
49,5.692046165466309,1.3373005390167236,0.7659456729888916,1.267428994178772,2.321371078491211,72.70984526906751,61.05709982199097,54.785704504997945,80.04612922668457,67.14969470568525,676.8914997577667,12.884922504425049,0.7822236754458713,0.005,256,lr_0.005_hc_256
50,5.557607650756836,1.2957226037979126,0.765794575214386,1.2407004833221436,2.255389928817749,72.76461728056964,62.289470080788725,56.14131178967548,82.47551918029785,68.41772958283292,690.590708732605,12.995463848114014,0.778312557068642,0.005,256,lr_0.005_hc_256
51,5.5282063484191895,1.3155457973480225,0.7746394276618958,1.2224104404449463,2.2156107425689697,72.3949062029303,62.46747911817061,56.15500479255101,82.05909729003906,68.26912185092274,704.2407464981079,12.911752700805664,0.7744209942832988,0.005,256,lr_0.005_hc_256
52,5.574517250061035,1.3825960159301758,0.7665815353393555,1.2498047351837158,2.175535202026367,73.20279337258661,62.357935095166376,57.15459400246474,80.14082908630371,68.21403788913037,717.79798579216,12.741744995117188,0.7705488893118823,0.005,256,lr_0.005_hc_256
53,5.446634292602539,1.3274798393249512,0.7502452731132507,1.222238302230835,2.1466708183288574,74.13391756812268,62.26208407503766,57.346296042722166,80.12300729751587,68.4663262458496,731.3900179862976,12.842077493667603,0.7666961448653229,0.005,256,lr_0.005_hc_256
54,5.406779766082764,1.3468806743621826,0.752437174320221,1.185301423072815,2.1221604347229004,74.39408462275777,62.604409146925924,58.41435026701356,80.75772523880005,69.04264231887433,744.9392142295837,12.72230577468872,0.7628626641409962,0.005,256,lr_0.005_hc_256
55,5.4683074951171875,1.4374206066131592,0.7384052872657776,1.2053288221359253,2.0871527194976807,74.87333972340134,63.17951526769821,59.41393947692729,80.96016645431519,69.6067402305855,759.2389430999756,13.523682117462158,0.7590483508202912,0.005,256,lr_0.005_hc_256
56,5.345093727111816,1.3710052967071533,0.7498910427093506,1.210770845413208,2.0134265422821045,74.64055867451732,62.71395316993017,59.11269341366562,80.7718276977539,69.30975823896675,772.9079704284668,12.930928945541382,0.7552531090661897,0.005,256,lr_0.005_hc_256
57,5.431417942047119,1.4610464572906494,0.7476524114608765,1.2285767793655396,1.9941424131393433,73.88744351636313,62.097768040531285,60.78323976448034,80.31959533691406,69.2720116645722,786.4906764030457,12.794016599655151,0.7514768435208588,0.005,256,lr_0.005_hc_256
58,5.248225212097168,1.3681560754776,0.7345296144485474,1.2108607292175293,1.934678554534912,73.92852252498973,63.33013829932904,61.05709982199097,81.41958713531494,69.93383694540617,800.0373070240021,12.812151193618774,0.7477194593032545,0.005,256,lr_0.005_hc_256
59,5.317173480987549,1.4406555891036987,0.751281201839447,1.2032525539398193,1.921984314918518,74.06545255374503,64.63097357250444,61.59112693413665,82.69009590148926,70.74441224046885,813.7769093513489,12.914849281311035,0.7439808620067382,0.005,256,lr_0.005_hc_256
60,5.312762260437012,1.4531363248825073,0.7615530490875244,1.1839288473129272,1.9141438007354736,74.12022456524716,64.17910447761194,61.35834588525264,79.91231679916382,69.89249793181888,827.6235840320587,13.092380046844482,0.7402609576967045,0.005,256,lr_0.005_hc_256
61,5.268871784210205,1.4563727378845215,0.735773503780365,1.1897598505020142,1.8869656324386597,73.62727646172806,64.00109544023003,61.63220594276325,80.27464151382446,69.88380483963645,841.6596832275391,13.258722305297852,0.736559652908221,0.005,256,lr_0.005_hc_256
62,5.1991353034973145,1.3977044820785522,0.7490212917327881,1.251216173171997,1.801193356513977,74.8596467205258,63.48076133095988,63.64507736546625,79.60586547851562,70.3978377238669,855.7272427082062,13.318214893341064,0.7328768546436799,0.005,256,lr_0.005_hc_256
63,5.222784996032715,1.4538062810897827,0.7541022300720215,1.2483155727386475,1.7665605545043945,74.24346159112693,63.16582226482268,64.2475694919896,80.33848404884338,70.49883434919565,869.3719987869263,12.917617321014404,0.7292124703704616,0.005,256,lr_0.005_hc_256
64,5.264514923095703,1.4882234334945679,0.7330038547515869,1.22933828830719,1.813949704170227,75.25674380391621,64.08325345748322,62.7276461728057,80.17754554748535,70.56129724542262,883.8190655708313,13.67555856704712,0.7255664080186093,0.005,256,lr_0.005_hc_256
65,5.290230751037598,1.5824356079101562,0.7155131697654724,1.2280443906784058,1.7642371654510498,75.36628782692044,63.75462138847049,63.96001643160345,79.9892008304596,70.7675316193635,897.4481918811798,12.823339223861694,0.7219385759785162,0.005,256,lr_0.005_hc_256
66,5.321428298950195,1.5628427267074585,0.7112592458724976,1.2008646726608276,1.8464620113372803,75.79077091606189,64.69943858688211,63.41229631658223,79.50131893157959,70.85095618777646,911.7240364551544,13.548009872436523,0.7183288830986236,0.005,256,lr_0.005_hc_256
67,5.19561767578125,1.4787538051605225,0.7254555225372314,1.1912543773651123,1.8001538515090942,75.64014788443106,64.5625085581268,64.85006161851294,79.32361960411072,71.09408441629537,926.3126964569092,13.773088932037354,0.7147372386831305,0.005,256,lr_0.005_hc_256
68,5.20577335357666,1.543341875076294,0.7265387773513794,1.1972559690475464,1.7386363744735718,76.17417499657675,64.09694646035877,65.24715870190333,80.33875226974487,71.46425810714592,939.9887337684631,12.948361873626709,0.7111635524897149,0.005,256,lr_0.005_hc_256
69,5.256540298461914,1.5622600317001343,0.7481626868247986,1.2020429372787476,1.744075059890747,76.35218403395865,64.78159660413529,64.75421059838422,81.25864267349243,71.78665847749265,953.584540605545,12.809574842453003,0.7076077347272662,0.005,256,lr_0.005_hc_256
70,5.170477867126465,1.4948115348815918,0.7669638395309448,1.196000099182129,1.7127023935317993,75.85923593043955,64.75421059838422,64.86375462138847,79.34756278991699,71.20619098503231,967.5997505187988,13.253797769546509,0.7040696960536299,0.005,256,lr_0.005_hc_256
71,5.16582727432251,1.494640827178955,0.7202793955802917,1.1751949787139893,1.7757121324539185,75.51691085855128,64.27495549774065,65.13761467889908,80.9364914894104,71.46649313115036,981.2063419818878,12.849425077438354,0.7005493475733617,0.005,256,lr_0.005_hc_256
72,5.174426078796387,1.5581798553466797,0.7328506708145142,1.1493520736694336,1.7340433597564697,76.07832397644803,64.83636861563741,65.8222648226756,80.24484515190125,71.74545064166557,994.7574441432953,12.816048383712769,0.697046600835495,0.005,256,lr_0.005_hc_256
73,5.1881303787231445,1.595004916191101,0.7123950719833374,1.1365264654159546,1.744204044342041,76.6397370943448,66.10981788306175,65.39778173353416,82.77894854545593,72.73157131409916,1008.9778206348419,13.441640377044678,0.6935613678313175,0.005,256,lr_0.005_hc_256
74,5.072988033294678,1.5481083393096924,0.7306551337242126,1.1601982116699219,1.6340264081954956,76.72189511159797,65.6853347939203,66.79446802683829,81.54515027999878,72.68671205308883,1023.1207320690155,13.404517889022827,0.6900935609921609,0.005,256,lr_0.005_hc_256
75,5.1615824699401855,1.6218827962875366,0.7521399259567261,1.1685264110565186,1.6190333366394043,75.7496919074353,66.35629193482131,67.09571409009996,79.85672354698181,72.26460536983458,1036.7340507507324,12.840537548065186,0.6866430931872001,0.005,256,lr_0.005_hc_256
76,5.17392635345459,1.5446099042892456,0.7511327266693115,1.2005575895309448,1.6776258945465088,75.46213884704915,65.9044228399288,67.06832808434889,80.39541244506836,72.2075755540988,1050.622343301773,13.120235919952393,0.6832098777212641,0.005,256,lr_0.005_hc_256
77,5.093440532684326,1.5945041179656982,0.7397647500038147,1.1615712642669678,1.5976005792617798,75.79077091606189,65.7264138025469,68.10899630288922,79.25631403923035,72.2206237651821,1064.1560010910034,12.807189464569092,0.6797938283326578,0.005,256,lr_0.005_hc_256
78,5.135173797607422,1.5882444381713867,0.7180589437484741,1.157488226890564,1.6713817119598389,76.4206490483363,65.83595782555113,67.24633712173079,78.36354970932007,71.96662342623458,1077.7873635292053,12.812845468521118,0.6763948591909945,0.005,256,lr_0.005_hc_256
79,5.057185649871826,1.5706313848495483,0.7157697677612305,1.164223551750183,1.6065607070922852,76.6397370943448,65.89072983705326,66.84924003834041,77.95946598052979,71.83479323756707,1091.3082191944122,12.781477451324463,0.6730128848950395,0.005,256,lr_0.005_hc_256
80,5.153541088104248,1.6686681509017944,0.7249405980110168,1.1887528896331787,1.5711792707443237,76.47542105983842,66.47952896070109,67.84882924825413,80.0437331199646,72.71187809718957,1104.917748451233,12.78735899925232,0.6696478204705644,0.005,256,lr_0.005_hc_256
81,5.112002849578857,1.675140142440796,0.7282124757766724,1.1910560131072998,1.5175942182540894,76.84513213747775,66.28782692044365,69.47829659044228,79.40288782119751,73.00353586739028,1119.1513957977295,13.50684928894043,0.6662995813682115,0.005,256,lr_0.005_hc_256
82,5.073484420776367,1.6056032180786133,0.7219909429550171,1.195412039756775,1.5504777431488037,77.06422018348624,66.06873887443516,69.40983157606463,79.66252565383911,73.05132907195629,1133.5416452884674,13.63767695426941,0.6629680834613705,0.005,256,lr_0.005_hc_256
83,5.097125053405762,1.589736819267273,0.7253276109695435,1.1907274723052979,1.5913329124450684,76.94098315760647,66.0413528686841,69.01273449267424,81.4336895942688,73.35719002830841,1147.34996676445,13.00947093963623,0.6596532430440636,0.005,256,lr_0.005_hc_256
84,5.120697021484375,1.6468557119369507,0.7179397940635681,1.1900837421417236,1.5658180713653564,77.48870327262769,66.26044091469258,68.53347939203067,79.84581589698792,73.03210986908472,1161.1779835224152,13.076694965362549,0.6563549768288433,0.005,256,lr_0.005_hc_256
85,5.1109819412231445,1.638197898864746,0.7158001661300659,1.184183120727539,1.5728007555007935,77.13268519786389,66.1372038888128,68.83472545529234,78.83228063583374,72.73422379445068,1175.8900699615479,13.98093295097351,0.653073201944699,0.005,256,lr_0.005_hc_256
86,5.018987655639648,1.6280807256698608,0.7174341678619385,1.1786516904830933,1.4948209524154663,77.32438723812132,66.32890592907025,70.68328084348899,80.53746223449707,73.7185090612944,1189.7203509807587,13.045858383178711,0.6498078359349755,0.005,256,lr_0.005_hc_256
87,5.029588222503662,1.7210125923156738,0.6947860717773438,1.1760562658309937,1.4377331733703613,78.80323154867862,67.53389018211693,71.01191291250171,81.28926753997803,74.65957554581883,1203.387332201004,12.92585039138794,0.6465587967553006,0.005,256,lr_0.005_hc_256
88,5.053757190704346,1.7158191204071045,0.6917392015457153,1.1806973218917847,1.4655011892318726,79.1044776119403,67.90360125975626,71.7239490620293,79.33080196380615,74.515707474383,1216.925294160843,12.769648790359497,0.6433260027715241,0.005,256,lr_0.005_hc_256
89,4.934725761413574,1.6320832967758179,0.7098489999771118,1.1554945707321167,1.4372986555099487,78.35136245378611,68.28700534027112,71.36793098726551,78.66654992103577,74.16821217558962,1230.6941392421722,13.025227546691895,0.6401093727576664,0.005,256,lr_0.005_hc_256
90,4.997864723205566,1.6718146800994873,0.7118053436279297,1.1620482206344604,1.452196478843689,77.88580035601808,68.5882514035328,71.21730795563467,80.29698133468628,74.49708526246795,1244.284017086029,12.83668327331543,0.6369088258938781,0.005,256,lr_0.005_hc_256
91,5.016368865966797,1.63580322265625,0.7034488916397095,1.1256963014602661,1.5514209270477295,77.81733534164043,68.04053128851157,69.64261262494865,80.10518550872803,73.90141619095716,1258.5127365589142,13.486621141433716,0.6337242817644086,0.005,256,lr_0.005_hc_256
92,5.136091232299805,1.6058971881866455,0.7143282890319824,1.1614912748336792,1.6543748378753662,78.35136245378611,68.1500753115158,68.5882514035328,79.3238878250122,73.60339424846173,1272.1497240066528,12.823884010314941,0.6305556603555866,0.005,256,lr_0.005_hc_256
93,5.14111852645874,1.7335842847824097,0.7168150544166565,1.1456689834594727,1.5450502634048462,77.57086128988087,68.39654936327537,70.01232370258798,78.17041873931885,73.53753827376576,1285.694652557373,12.809813261032104,0.6274028820538087,0.005,256,lr_0.005_hc_256
94,5.064491271972656,1.730706810951233,0.7185054421424866,1.1436318159103394,1.471647024154663,78.55675749691908,68.60194440640832,71.08037792687936,77.21834182739258,73.86435541439984,1299.3133788108826,12.817719459533691,0.6242658676435396,0.005,256,lr_0.005_hc_256
95,5.064177989959717,1.746994972229004,0.7352120280265808,1.1423165798187256,1.4396542310714722,78.00903738189785,68.97165548404766,71.12145693550596,80.72208762168884,74.70605935578507,1312.8332798480988,12.788727045059204,0.6211445383053219,0.005,256,lr_0.005_hc_256
96,5.136341571807861,1.7595980167388916,0.7530614733695984,1.1748206615447998,1.4488612413406372,78.00903738189785,68.60194440640832,71.76502807065589,80.96362948417664,74.83490983578467,1326.8264570236206,13.162661790847778,0.6180388156137953,0.005,256,lr_0.005_hc_256
97,5.084700584411621,1.7482997179031372,0.7361002564430237,1.1780387163162231,1.4222615957260132,77.11899219498835,67.46542516773928,72.87416130357387,78.85595560073853,74.07863356676,1340.4468834400177,12.845569133758545,0.6149486215357263,0.005,256,lr_0.005_hc_256
98,5.012073516845703,1.6699596643447876,0.720497727394104,1.1608877182006836,1.460728645324707,77.39285225249898,68.39654936327537,71.61440503902506,79.60320711135864,74.25175344153952,1353.9937255382538,12.807353019714355,0.6118738784280476,0.005,256,lr_0.005_hc_256
99,5.128202438354492,1.819748878479004,0.7329481244087219,1.112072467803955,1.463432788848877,78.22812542790633,70.05340271121457,71.7239490620293,78.70326042175293,74.67718440572578,1367.6960318088531,12.972714185714722,0.6088145090359074,0.005,256,lr_0.005_hc_256
100,5.175940036773682,1.7930375337600708,0.7177014946937561,1.112393856048584,1.5528069734573364,79.50157469533069,69.47829659044228,70.47788580035602,77.88152694702148,74.33482100828762,1381.993507385254,13.553404331207275,0.6057704364907278,0.005,256,lr_0.005_hc_256
101,5.1056952476501465,1.806622862815857,0.6967686414718628,1.150693416595459,1.4516102075576782,79.1455566205669,68.68410242366151,72.8467752978228,78.63329648971558,74.8274327079417,1395.6699521541595,12.94036078453064,0.6027415843082742,0.005,256,lr_0.005_hc_256
102,5.135777950286865,1.8312891721725464,0.7113673090934753,1.1800565719604492,1.413064956665039,79.00862659181158,69.32767355881144,72.99739832945365,78.37179899215698,74.92637436805842,1409.1932702064514,12.755473613739014,0.5997278763867329,0.005,256,lr_0.005_hc_256
103,5.111688613891602,1.8309619426727295,0.7463544011116028,1.1397061347961426,1.394666314125061,78.69368752567438,69.61522661919759,73.13432835820896,80.09800314903259,75.38531141302838,1422.8726823329926,12.944581270217896,0.5967292370047992,0.005,256,lr_0.005_hc_256
104,5.128381252288818,1.7653695344924927,0.6868359446525574,1.1400279998779297,1.5361478328704834,78.76215254005203,69.09489250992743,71.61440503902506,78.19170355796814,74.41578841174316,1436.6940903663635,13.05630612373352,0.5937455908197752,0.005,256,lr_0.005_hc_256
105,5.194282054901123,1.8337432146072388,0.7207098007202148,1.1637541055679321,1.476075291633606,78.54306449404355,68.75256743803916,71.66917705052718,79.07036542892456,74.5087936028836,1451.0124425888062,13.608169794082642,0.5907768628656763,0.005,256,lr_0.005_hc_256
106,5.142560958862305,1.8420944213867188,0.705578088760376,1.1545464992523193,1.4403421878814697,78.80323154867862,68.73887443516364,72.28536217992605,79.79846000671387,74.90648204262055,1464.55042386055,12.714573383331299,0.5878229785513479,0.005,256,lr_0.005_hc_256
107,4.998978614807129,1.7497572898864746,0.69600909948349,1.1769989728927612,1.3762130737304688,79.26879364644667,69.20443653293167,74.10653156237163,79.28929924964905,75.46726524784975,1478.1705944538116,12.888573169708252,0.5848838636585911,0.005,256,lr_0.005_hc_256
108,5.214210033416748,1.8742761611938477,0.7487691044807434,1.1785967350006104,1.4125680923461914,79.35095166369986,69.68369163357524,73.09324934958236,78.48539352416992,75.15332154275684,1491.928513288498,12.980530977249146,0.5819594443402982,0.005,256,lr_0.005_hc_256
109,5.141580581665039,1.8229204416275024,0.7512543201446533,1.1778576374053955,1.3895480632781982,78.2555114336574,70.03970970833903,73.18910036971108,80.3693413734436,75.46341572128777,1506.2563292980194,13.604557275772095,0.5790496471185967,0.005,256,lr_0.005_hc_256
110,5.174877166748047,1.8323276042938232,0.7386492490768433,1.151883840560913,1.4520167112350464,77.96795837327126,69.42352457894016,73.4218814185951,80.76943159103394,75.39569899046012,1520.0395922660828,12.996052742004395,0.5761543988830038,0.005,256,lr_0.005_hc_256
111,5.167532444000244,1.8324713706970215,0.6731292605400085,1.1300289630889893,1.53190279006958,79.84389976721896,70.916061892373,71.83349308503355,76.21784210205078,74.70282421166907,1533.6336703300476,12.874407291412354,0.5732736268885887,0.005,256,lr_0.005_hc_256
112,5.121771335601807,1.8381965160369873,0.7161081433296204,1.1022547483444214,1.4652117490768433,78.76215254005203,71.23100095851021,74.01068054224291,79.12703156471252,75.78271640137942,1547.367154121399,12.942921161651611,0.5704072587541458,0.005,256,lr_0.005_hc_256
113,5.233098030090332,1.9352946281433105,0.7052435874938965,1.147043228149414,1.44551682472229,78.7484595371765,69.8890866767082,74.0517595508695,77.76181697845459,75.11278068580219,1561.2467622756958,13.123672723770142,0.567555222460375,0.005,256,lr_0.005_hc_256
114,5.086209774017334,1.8518800735473633,0.7222402691841125,1.1641894578933716,1.3478999137878418,79.1044776119403,70.10817472271668,74.91441873202793,79.03711199760437,75.79104576607232,1574.809074640274,12.827315330505371,0.5647174463480732,0.005,256,lr_0.005_hc_256
115,5.080168724060059,1.8020105361938477,0.7357025742530823,1.1285974979400635,1.4138579368591309,78.50198548541695,70.57373682048474,73.62727646172806,77.76899933815002,75.11799952644495,1588.5283415317535,12.90462350845337,0.5618938591163328,0.005,256,lr_0.005_hc_256
116,5.104660987854004,1.812272310256958,0.7415612936019897,1.1467037200927734,1.4041235446929932,79.0633986033137,70.49157880323155,75.06504176365877,79.8471450805664,76.11679106269261,1602.1010587215424,12.802821159362793,0.5590843898207511,0.005,256,lr_0.005_hc_256
117,5.10285758972168,1.7772084474563599,0.7205188870429993,1.1769039630889893,1.4282264709472656,79.89867177872108,70.4231137888539,74.59947966589073,78.54098677635193,75.86556300245441,1615.7417664527893,12.835340023040771,0.5562889678716474,0.005,256,lr_0.005_hc_256
118,5.151374340057373,1.8657952547073364,0.7264000177383423,1.1441090106964111,1.4150701761245728,79.54265370395728,71.05299192112831,74.33931261125565,78.62026691436768,75.88880628767723,1630.046193599701,13.54284405708313,0.5535075230322891,0.005,256,lr_0.005_hc_256
119,4.983221530914307,1.8182716369628906,0.7221546173095703,1.125800609588623,1.3169947862625122,79.50157469533069,70.95714090099959,76.05093797069698,80.70905208587646,76.80467641322592,1643.564076423645,12.804928541183472,0.5507399854171277,0.005,256,lr_0.005_hc_256
120,5.057056903839111,1.781804084777832,0.7050877213478088,1.1292170286178589,1.4409478902816772,80.54224291387101,70.83390387511982,74.91441873202793,78.77188920974731,76.26561368269151,1657.3361372947693,12.971728801727295,0.547986285490042,0.005,256,lr_0.005_hc_256
121,5.072624683380127,1.856086254119873,0.7013750076293945,1.1337001323699951,1.3814631700515747,79.9534437902232,70.23141174859646,75.10612077228537,77.446848154068,75.68445611629325,1671.282020330429,13.24163031578064,0.5452463540625918,0.005,256,lr_0.005_hc_256
122,5.024060249328613,1.7521084547042847,0.7123191356658936,1.1619558334350586,1.397676944732666,80.06298781322744,70.61481582911132,74.88703272627687,79.95116114616394,76.37899937869489,1684.8959052562714,12.913913011550903,0.5425201222922789,0.005,256,lr_0.005_hc_256
123,4.984713554382324,1.7800108194351196,0.6892855763435364,1.1553008556365967,1.3601160049438477,80.33684787073805,71.12145693550596,75.53060386142681,77.74292826652527,76.18295923354901,1698.4509217739105,12.777612209320068,0.5398075216808175,0.005,256,lr_0.005_hc_256
124,5.071953773498535,1.8205851316452026,0.7094343900680542,1.1950374841690063,1.3468964099884033,80.28207585923593,70.08078871696563,76.22894700807888,80.31134605407715,76.7257894095894,1711.9750096797943,12.811692237854004,0.5371084840724134,0.005,256,lr_0.005_hc_256
125,5.087461948394775,1.8056845664978027,0.689476490020752,1.2301486730575562,1.362152099609375,81.37751608927837,70.27249075722307,76.09201697932356,79.14963960647583,76.7229158580752,1725.562614440918,12.79384994506836,0.5344229416520513,0.005,256,lr_0.005_hc_256
126,5.150557994842529,1.8548952341079712,0.7112005352973938,1.1977328062057495,1.3867292404174805,80.24099685060933,71.35423798438998,76.11940298507463,78.18106412887573,76.47392548723741,1739.1445062160492,12.851253747940063,0.531750826943791,0.005,256,lr_0.005_hc_256
127,5.107460021972656,1.8468117713928223,0.7232823371887207,1.179072380065918,1.3582937717437744,80.06298781322744,70.64220183486239,75.27043680679174,78.30289602279663,76.06963061941954,1753.635009765625,13.678696870803833,0.5290920728090721,0.005,256,lr_0.005_hc_256
128,5.120867729187012,1.8750756978988647,0.7082087993621826,1.1703321933746338,1.3672512769699097,80.55593591674655,71.81980008215801,76.05093797069698,78.19516658782959,76.65546013935779,1767.2478022575378,12.858075141906738,0.5264466124450268,0.005,256,lr_0.005_hc_256
129,5.102485656738281,1.91966712474823,0.6733496785163879,1.1969491243362427,1.3125197887420654,81.2542790633986,71.17622894700808,76.32479802820758,79.89928722381592,77.16364831560755,1780.7767164707184,12.71600341796875,0.5238143793828016,0.005,256,lr_0.005_hc_256
130,5.089131832122803,1.9173423051834106,0.6907300353050232,1.154634952545166,1.326424479484558,80.91195399151034,72.23059016842393,76.70820210872245,82.35145807266235,78.05055108532977,1794.6596655845642,13.122883319854736,0.5211953074858876,0.005,256,lr_0.005_hc_256
131,5.14241886138916,1.9357895851135254,0.703241765499115,1.1750168800354004,1.3283708095550537,80.78871696563056,71.587019033274,76.50280706558948,79.67529296875,77.13845900831102,1808.312974691391,12.86369776725769,0.5185893309484582,0.005,256,lr_0.005_hc_256
132,5.068509578704834,1.8516863584518433,0.7084119319915771,1.1653873920440674,1.3430240154266357,80.82979597425715,71.71025605915378,76.57127207996713,80.68430423736572,77.44890708768595,1821.813324213028,12.766310214996338,0.5159963842937159,0.005,256,lr_0.005_hc_256
133,5.113685607910156,1.917193055152893,0.7488038539886475,1.1716477870941162,1.2760405540466309,79.9534437902232,72.0388881281665,77.96795837327126,80.54916858673096,77.62736471959798,1835.39927983284,12.816974639892578,0.5134164023722473,0.005,256,lr_0.005_hc_256
134,5.187942981719971,1.9354255199432373,0.7244988083839417,1.1740304231643677,1.3539882898330688,80.10406682185403,71.587019033274,76.58496508284267,78.14434766769409,76.6050996514162,1848.9353849887848,12.80521845817566,0.510849320360386,0.005,256,lr_0.005_hc_256
135,5.210173606872559,1.9842582941055298,0.7471317052841187,1.2101553678512573,1.2686281204223633,80.35054087361358,71.65548404765165,77.55716828700534,79.57473993301392,77.28448328532112,1862.6511545181274,12.895066261291504,0.5082950737585841,0.005,256,lr_0.005_hc_256
136,5.151450157165527,1.9240955114364624,0.714076817035675,1.1792027950286865,1.3340750932693481,80.95303300013693,72.14843215117075,76.94098315760647,78.85223031044006,77.22366965483856,1877.0969686508179,13.660636186599731,0.5057535983897912,0.005,256,lr_0.005_hc_256
137,5.086106300354004,1.846455454826355,0.7161554098129272,1.1913838386535645,1.3321114778518677,81.21320005477202,72.24428317129946,76.94098315760647,77.81873941421509,77.05430144947326,1890.7777466773987,12.866345882415771,0.5032248303978422,0.005,256,lr_0.005_hc_256
138,5.061697006225586,1.816832423210144,0.729231059551239,1.1760512590408325,1.3395824432373047,80.980419005888,72.4359852115569,77.61194029850746,80.65105676651001,77.9198503206156,1904.3809854984283,12.88043737411499,0.500708706245853,0.005,256,lr_0.005_hc_256
139,4.999774932861328,1.7851834297180176,0.7232776284217834,1.1684685945510864,1.322845697402954,80.56962891962208,71.97042311378885,77.00944817198412,81.197988986969,77.68687229809102,1918.2156209945679,13.025732517242432,0.5,0.005,256,lr_0.005_hc_256
140,5.031194686889648,1.843056082725525,0.68532395362854,1.1673980951309204,1.3354166746139526,81.89785019854854,72.24428317129946,77.73517732438724,81.32728338241577,78.30114851916275,1932.0102071762085,13.060294151306152,0.5,0.005,256,lr_0.005_hc_256
141,5.094139099121094,1.9161450862884521,0.6955575942993164,1.1891303062438965,1.2933062314987183,81.95262221005066,72.14843215117075,77.66671231000959,79.5558512210846,77.8309044730789,1946.089250087738,13.341814279556274,0.5,0.005,256,lr_0.005_hc_256
142,5.006579399108887,1.7433816194534302,0.6912957429885864,1.1893260478973389,1.3825758695602417,81.69245515541557,71.84718608790908,76.7355881144735,79.41832542419434,77.42338869549813,1959.665776014328,12.821004390716553,0.5,0.005,256,lr_0.005_hc_256
143,5.0745320320129395,1.8456271886825562,0.716669499874115,1.1721937656402588,1.3400415182113647,81.35013008352732,71.86087909078461,77.10529919211282,79.99265789985657,77.57724156657034,1973.5406720638275,13.037125587463379,0.5,0.005,256,lr_0.005_hc_256
144,5.020869255065918,1.789757251739502,0.7180795073509216,1.1767594814300537,1.3362728357315063,81.18581404902095,71.84718608790908,77.02314117485965,79.65401411056519,77.42753885558872,1987.1811509132385,12.90304946899414,0.5,0.005,256,lr_0.005_hc_256
145,4.984016418457031,1.796467661857605,0.7015039324760437,1.1507543325424194,1.3352906703948975,81.03519101739012,72.95631932082706,77.44762426400109,79.96552586555481,77.85116511694328,2001.384450674057,13.467565059661865,0.5,0.005,256,lr_0.005_hc_256
146,4.931830883026123,1.7468985319137573,0.6905108690261841,1.1656450033187866,1.328776478767395,81.37751608927837,72.1758181569218,76.94098315760647,80.0307035446167,77.63125523710583,2015.1530375480652,13.04622769355774,0.5,0.005,256,lr_0.005_hc_256
147,4.961043357849121,1.7801122665405273,0.7123336791992188,1.144012212753296,1.3245850801467896,81.59660413528687,72.54552923456113,77.92687936464466,80.59651851654053,78.1663828127583,2028.8091833591461,12.856122493743896,0.5,0.005,256,lr_0.005_hc_256
148,4.887141227722168,1.76283597946167,0.6933498978614807,1.1444435119628906,1.2865121364593506,80.92564699438587,72.47706422018348,77.87210735314254,80.26878833770752,77.88590172635486,2042.3869178295135,12.826766967773438,0.5,0.005,256,lr_0.005_hc_256
149,5.054279327392578,1.8616406917572021,0.7212939262390137,1.1671956777572632,1.3041491508483887,80.99411200876352,72.55922223743667,77.98165137614679,80.29458522796631,77.95739271257833,2056.1430535316467,12.984907150268555,0.5,0.005,256,lr_0.005_hc_256
150,4.854604244232178,1.8166941404342651,0.7021783590316772,1.1185539960861206,1.2171777486801147,81.14473504039435,72.49075722305902,78.47459947966588,80.61913251876831,78.18230606547189,2069.763236761093,12.869046449661255,0.5,0.005,256,lr_0.005_hc_256
151,4.927533149719238,1.7975406646728516,0.7198196649551392,1.1565872430801392,1.253585696220398,81.36382308640286,72.77831028344515,78.80323154867862,82.80156254768372,78.93673186655259,2083.412785053253,12.904947519302368,0.5,0.005,256,lr_0.005_hc_256
152,4.920209884643555,1.7320902347564697,0.7211447358131409,1.1350226402282715,1.3319523334503174,81.35013008352732,73.17540736683554,77.52978228125428,82.2176456451416,78.56824134418969,2097.510004043579,13.283078670501709,0.5,0.005,256,lr_0.005_hc_256
153,4.794870853424072,1.703996181488037,0.7217000126838684,1.1182091236114502,1.2509655952453613,81.1584280432699,73.06586334383131,77.84472134739148,80.06235361099243,78.03284158637128,2111.173102378845,12.863302230834961,0.5,0.005,256,lr_0.005_hc_256
154,4.8445868492126465,1.7721537351608276,0.6972677707672119,1.1378138065338135,1.2373515367507935,81.44598110365602,73.20279337258661,78.84431055730522,80.21877408027649,78.42796477845609,2125.3897030353546,13.467624425888062,0.5,0.005,256,lr_0.005_hc_256
155,4.883216857910156,1.8322391510009766,0.6925935745239258,1.156574010848999,1.2018102407455444,81.33643708065179,72.72353827194303,78.62522251129673,79.87082004547119,78.13900447734068,2139.0849697589874,12.985819578170776,0.5,0.005,256,lr_0.005_hc_256
156,4.786832332611084,1.7588682174682617,0.707389771938324,1.1493548154830933,1.1712194681167603,81.91154320142408,72.69615226619197,79.40572367520197,80.89020252227783,78.72590541627396,2152.6904063224792,12.82274842262268,0.5,0.005,256,lr_0.005_hc_256
157,4.991050720214844,1.8856161832809448,0.7118266820907593,1.1887567043304443,1.2048510313034058,81.58291113241134,71.98411611666438,79.04970560043819,79.7950029373169,78.1029339467077,2166.2429225444794,12.840840816497803,0.5,0.005,256,lr_0.005_hc_256
158,4.868773937225342,1.8014084100723267,0.6908751130104065,1.1489437818527222,1.2275466918945312,82.21278926468575,73.05217034095577,78.50198548541695,80.74815273284912,78.6287744559769,2179.7903728485107,12.76597809791565,0.5,0.005,256,lr_0.005_hc_256
159,4.871933460235596,1.7828247547149658,0.6775329113006592,1.1624164581298828,1.2491594552993774,81.9663152129262,73.32603039846639,78.967547583185,83.32720994949341,79.39677578601774,2193.3903262615204,12.882365942001343,0.5,0.005,256,lr_0.005_hc_256
160,4.895694732666016,1.8341023921966553,0.6734320521354675,1.1574865579605103,1.2306737899780273,82.2812542790634,72.72353827194303,78.91277557168287,80.10278940200806,78.50508938117434,2206.8973321914673,12.70747971534729,0.5,0.005,256,lr_0.005_hc_256
161,4.8309783935546875,1.770284652709961,0.6932287812232971,1.1429656744003296,1.224499225616455,81.44598110365602,72.3538271943037,78.83061755442968,80.70319890975952,78.33340619053723,2220.565842151642,12.911028385162354,0.5,0.005,256,lr_0.005_hc_256
162,4.905519485473633,1.7495933771133423,0.6977238655090332,1.1426270008087158,1.315575361251831,81.95262221005066,72.99739832945365,78.15966041352868,81.88139200210571,78.74776823878467,2234.068584918976,12.70044493675232,0.5,0.005,256,lr_0.005_hc_256
163,4.855428695678711,1.8568178415298462,0.6966935992240906,1.1382330656051636,1.1636842489242554,81.95262221005066,73.01109133232919,79.41941667807751,79.92162704467773,78.57618931628377,2248.5465931892395,13.721638917922974,0.5,0.005,256,lr_0.005_hc_256
164,4.811562538146973,1.7614414691925049,0.6958933472633362,1.1286845207214355,1.2255431413650513,82.14432425030809,73.05217034095577,79.20032863206902,80.20813465118408,78.65123946862924,2262.1284639835358,12.749634981155396,0.5,0.005,256,lr_0.005_hc_256
165,4.868008613586426,1.8413387537002563,0.6512306928634644,1.1505059003829956,1.22493314743042,82.32233328768999,72.16212515404628,78.7073805285499,79.674232006073,78.2165177440898,2275.712471961975,12.83161449432373,0.5,0.005,256,lr_0.005_hc_256
166,4.765435218811035,1.7462459802627563,0.6816471219062805,1.1433758735656738,1.1941660642623901,82.37710529919211,72.54552923456113,79.33725866082432,81.51428699493408,78.94354504737791,2289.4072053432465,12.882452726364136,0.5,0.005,256,lr_0.005_hc_256
167,4.773593902587891,1.7066649198532104,0.6708936095237732,1.1332467794418335,1.262789011001587,82.22648226756128,73.03847733808024,79.02231959468712,81.19825720787048,78.87138410204977,2302.9345002174377,12.774475574493408,0.5,0.005,256,lr_0.005_hc_256
168,4.730340480804443,1.7248200178146362,0.6529631018638611,1.1238980293273926,1.2286593914031982,82.48664932219636,72.80569628919622,78.8853895659318,79.49652671813965,78.41856547386601,2316.6633689403534,12.883189916610718,0.5,0.005,256,lr_0.005_hc_256
169,4.734995365142822,1.7585208415985107,0.6596221923828125,1.1215481758117676,1.195304274559021,82.71943037108038,72.95631932082706,79.03601259756265,81.41480088233948,79.0316407929524,2330.3234915733337,12.90189814567566,0.5,0.005,256,lr_0.005_hc_256
170,4.808853626251221,1.807584285736084,0.6524308323860168,1.1058117151260376,1.243026614189148,82.69204436532932,73.07955634670684,79.13186361769135,81.30945563316345,79.05322999072274,2343.9741356372833,12.86843228340149,0.5,0.005,256,lr_0.005_hc_256
171,4.740710735321045,1.7263518571853638,0.6671767234802246,1.0910855531692505,1.2560968399047852,82.17171025605914,72.91524031220047,78.41982746816377,80.4142951965332,78.48026830823915,2357.4579496383667,12.728007316589355,0.5,0.005,256,lr_0.005_hc_256
172,4.816727638244629,1.7926503419876099,0.6563737392425537,1.1146154403686523,1.2530878782272339,82.24017527043681,72.7509242776941,78.51567848829248,80.07432222366333,78.39527506502168,2371.8252413272858,13.562232255935669,0.5,0.005,256,lr_0.005_hc_256
173,4.762037754058838,1.7710907459259033,0.6495176553726196,1.1163082122802734,1.225121021270752,81.88415719567301,72.64138025468986,78.8853895659318,81.48715496063232,78.72452049423175,2385.352333545685,12.774482250213623,0.5,0.005,256,lr_0.005_hc_256
174,4.736362934112549,1.8138571977615356,0.6415896415710449,1.110099196434021,1.1708167791366577,83.39038751198137,73.58619745310146,79.69327673558811,80.24377822875977,79.22840998235769,2399.5302817821503,13.383350133895874,0.5,0.005,256,lr_0.005_hc_256
175,4.737339019775391,1.803321361541748,0.6716222763061523,1.1149648427963257,1.1474305391311646,81.81569218129536,73.28495138983979,80.15883883335616,78.91767024993896,78.54428816360756,2413.1883335113525,12.823669910430908,0.5,0.005,256,lr_0.005_hc_256
176,4.75604248046875,1.811299204826355,0.6364051699638367,1.097185492515564,1.2111527919769287,82.97959742571545,74.16130357387375,79.37833766945091,80.69601058959961,79.30381231465994,2427.4488611221313,13.544877529144287,0.5,0.005,256,lr_0.005_hc_256
177,4.79295539855957,1.7943047285079956,0.6921629905700684,1.1155210733413696,1.1909668445587158,81.7883061755443,73.77789949335889,79.1044776119403,80.31241297721863,78.74577406451553,2441.018568754196,12.846014738082886,0.5,0.005,256,lr_0.005_hc_256
178,4.688873291015625,1.7565428018569946,0.6457543969154358,1.0993878841400146,1.1871883869171143,82.50034232507188,73.46296042722169,79.67958373271259,79.55691814422607,78.79995115730806,2454.550087451935,12.779133558273315,0.5,0.005,256,lr_0.005_hc_256
179,4.841795921325684,1.8345381021499634,0.6515125632286072,1.0744284391403198,1.2813167572021484,82.30864028481446,74.31192660550458,78.65260851704778,80.47468662261963,78.93696550749661,2468.308209657669,13.03518557548523,0.5,0.005,256,lr_0.005_hc_256
180,4.782378673553467,1.7460658550262451,0.6718235015869141,1.117285132408142,1.247204303741455,82.25386827331234,73.09324934958236,78.83061755442968,81.81143403053284,78.99729230196431,2482.394737482071,13.384072303771973,0.5,0.005,256,lr_0.005_hc_256
181,4.719642639160156,1.834297776222229,0.6232782006263733,1.0881836414337158,1.1738829612731934,82.76050937970697,73.13432835820896,79.41941667807751,80.81545829772949,79.03242817843072,2496.6988129615784,13.55275559425354,0.5,0.005,256,lr_0.005_hc_256
182,4.649563789367676,1.701285481452942,0.6358293890953064,1.0866764783859253,1.225772500038147,82.60988634807613,73.13432835820896,79.21402163494454,80.94953298568726,78.97694233172922,2510.1637890338898,12.729999303817749,0.5,0.005,256,lr_0.005_hc_256
183,4.659915924072266,1.69784677028656,0.6527919769287109,1.0742011070251465,1.2350761890411377,82.7331233739559,73.96960153361633,78.65260851704778,80.4012656211853,78.93914976145133,2523.927582025528,12.995373249053955,0.5,0.005,256,lr_0.005_hc_256
184,4.753541946411133,1.7445734739303589,0.6814848184585571,1.0708106756210327,1.256672978401184,81.88415719567301,74.12022456524716,78.03642338764891,81.84123039245605,78.97050888525628,2537.4346318244934,12.760167121887207,0.5,0.005,256,lr_0.005_hc_256
185,4.71311616897583,1.7429169416427612,0.6565155982971191,1.0473575592041016,1.266325831413269,82.56880733944955,74.31192660550458,78.33766945091058,80.69840669631958,78.97920252304608,2551.0879411697388,12.828122615814209,0.5,0.005,256,lr_0.005_hc_256
186,4.675350189208984,1.7765474319458008,0.655365526676178,1.0687066316604614,1.1747310161590576,82.80158838833356,73.88744351636313,79.25510064357113,81.10941052436829,79.26338576815904,2564.4975757598877,12.658835172653198,0.5,0.005,256,lr_0.005_hc_256
187,4.683391571044922,1.7924566268920898,0.6293532848358154,1.096820592880249,1.1647613048553467,82.7331233739559,74.06545255374503,80.17253183623168,82.65098929405212,79.90552426449618,2578.115869283676,12.836318492889404,0.5,0.005,256,lr_0.005_hc_256
188,4.697502136230469,1.7401354312896729,0.6676446199417114,1.1317037343978882,1.1580182313919067,82.39079830206765,72.72353827194303,79.96713679309873,80.19164204597473,78.81827885327104,2592.0800597667694,13.19960618019104,0.5,0.005,256,lr_0.005_hc_256
189,4.703958511352539,1.78265380859375,0.6616929769515991,1.1032460927963257,1.1563655138015747,82.30864028481446,72.91524031220047,80.04929481035191,81.92262649536133,79.29895047568203,2605.7677323818207,12.869014739990234,0.5,0.005,256,lr_0.005_hc_256
190,4.634873390197754,1.7157505750656128,0.65242999792099,1.1107574701309204,1.1559354066848755,82.18540325893468,73.7368204847323,79.87128577297001,81.41719102859497,79.302675136308,2620.0712633132935,13.548272132873535,0.5,0.005,256,lr_0.005_hc_256
191,4.658430576324463,1.7411189079284668,0.6412869691848755,1.1036574840545654,1.1723673343658447,83.28084348897713,73.51773243872381,79.65219772696153,81.41825199127197,79.46725641148362,2633.597067117691,12.73318600654602,0.5,0.005,256,lr_0.005_hc_256
192,4.749205589294434,1.796690821647644,0.6724466681480408,1.1117662191390991,1.168302297592163,82.40449130494318,73.83267150486101,79.85759277009447,80.76358437538147,79.21458498882004,2647.2270929813385,12.895970821380615,0.5,0.005,256,lr_0.005_hc_256
193,4.736840724945068,1.8138339519500732,0.6408458948135376,1.0821760892868042,1.1999846696853638,82.9111324113378,73.90113651923866,79.9534437902232,79.90274429321289,79.16711425350313,2660.833254814148,12.822978019714355,0.5,0.005,256,lr_0.005_hc_256
194,4.698493480682373,1.7963649034500122,0.6286699771881104,1.0955216884613037,1.1779367923736572,83.28084348897713,73.55881144735041,79.9534437902232,78.83121371269226,78.90607810981074,2674.8802211284637,13.336441993713379,0.5,0.005,256,lr_0.005_hc_256
195,4.679595947265625,1.801122784614563,0.6062114238739014,1.0897843837738037,1.1824772357940674,83.82856360399835,73.65466246747911,79.67958373271259,81.21954202651978,79.59558795767747,2688.6956746578217,13.073614597320557,0.5,0.005,256,lr_0.005_hc_256
196,4.538434982299805,1.7238731384277344,0.6213239431381226,1.1007755994796753,1.0924620628356934,82.87005340271122,73.40818841571956,80.7613309598795,81.85293078422546,79.72312589063394,2702.3397352695465,12.858359098434448,0.5,0.005,256,lr_0.005_hc_256
197,4.59014368057251,1.788482427597046,0.6055697202682495,1.1063719987869263,1.0897198915481567,83.43146652060797,73.06586334383131,80.59701492537313,80.88808059692383,79.49560634668406,2715.988532066345,12.899151802062988,0.5,0.005,256,lr_0.005_hc_256
198,4.56984281539917,1.7437537908554077,0.6315168738365173,1.0615695714950562,1.133002758026123,82.65096535670273,73.86005751061208,80.48747090236888,81.71087503433228,79.67734220100398,2729.453615665436,12.729078769683838,0.5,0.005,256,lr_0.005_hc_256
199,4.6388421058654785,1.7372381687164307,0.6228448152542114,1.0452795028686523,1.233479380607605,83.43146652060797,73.95590853074079,79.69327673558811,81.14612102508545,79.55669320300558,2744.19646859169,13.992223978042603,0.5,0.005,256,lr_0.005_hc_256
200,4.665684700012207,1.7845197916030884,0.6174123287200928,1.0439846515655518,1.2197679281234741,83.47254552923457,74.03806654799398,78.95385458030945,79.783034324646,79.06187524554599,2758.6050872802734,13.639369487762451,0.5,0.005,256,lr_0.005_hc_256
201,4.5672221183776855,1.7545639276504517,0.605944037437439,1.0368599891662598,1.1698540449142456,83.34930850335479,73.68204847323018,79.47418868957963,81.76169395446777,79.5668099051581,2772.273861169815,12.916614770889282,0.5,0.005,256,lr_0.005_hc_256
202,4.6213765144348145,1.7478241920471191,0.6024132966995239,1.0765571594238281,1.1945818662643433,83.52731754073668,73.29864439271532,79.63850472408599,79.53217625617981,78.99916072842944,2785.9904329776764,12.922887563705444,0.5,0.005,256,lr_0.005_hc_256
203,4.7571916580200195,1.7773234844207764,0.6452634334564209,1.1298552751541138,1.204749345779419,82.43187731069423,73.66835547035465,79.7754347528413,81.32009506225586,79.29894064903651,2799.7872998714447,13.032682657241821,0.5,0.005,256,lr_0.005_hc_256
204,4.661575794219971,1.7541565895080566,0.6211071014404297,1.1191716194152832,1.1671404838562012,83.59578255511434,73.47665343009722,79.44680268382857,80.61780333518982,79.28426050105747,2813.323253631592,12.776063203811646,0.5,0.005,256,lr_0.005_hc_256
205,4.525707721710205,1.7008305788040161,0.6123396158218384,1.0666602849960327,1.145877480506897,83.7600985896207,74.06545255374503,80.21361084485828,79.96312975883484,79.50057293676471,2826.9703693389893,12.815907716751099,0.5,0.005,256,lr_0.005_hc_256
206,4.567966461181641,1.7328906059265137,0.6206004619598389,1.0950361490249634,1.1194391250610352,84.00657264138025,74.16130357387375,80.5833219224976,80.4142951965332,79.7913733335712,2840.70441865921,12.990319728851318,0.5,0.005,256,lr_0.005_hc_256
207,4.590673923492432,1.7973592281341553,0.6215574145317078,1.0823575258255005,1.0893999338150024,82.76050937970697,73.76420649048336,80.6244009311242,81.11525774002075,79.56609363533383,2854.543167114258,13.01993465423584,0.5,0.005,256,lr_0.005_hc_256
208,4.638679504394531,1.7602059841156006,0.6399604082107544,1.0759211778640747,1.1625919342041016,83.03436943721758,74.16130357387375,80.25468985348488,80.96256256103516,79.60323135640283,2868.8411796092987,13.571491241455078,0.5,0.005,256,lr_0.005_hc_256
209,4.589756488800049,1.7975139617919922,0.6279343962669373,1.0499508380889893,1.1143571138381958,83.226071477475,74.21607558537588,80.9393399972614,79.240882396698,79.40559236420258,2882.5491139888763,12.908257007598877,0.5,0.005,256,lr_0.005_hc_256
210,4.61845588684082,1.7398942708969116,0.6153387427330017,1.0751960277557373,1.1880271434783936,83.52731754073668,73.83267150486101,80.25468985348488,80.92212677001953,79.63420141727553,2896.354185819626,13.04369854927063,0.5,0.005,256,lr_0.005_hc_256
211,4.595250129699707,1.7814702987670898,0.6009921431541443,1.0320814847946167,1.1807059049606323,83.19868547172395,74.28454059975353,79.67958373271259,79.42310571670532,79.14647888022385,2909.961357116699,12.823287725448608,0.5,0.005,256,lr_0.005_hc_256
212,4.641653060913086,1.8007184267044067,0.6166704297065735,1.086610198020935,1.1376537084579468,82.9111324113378,74.14761057099822,80.04929481035191,81.19692802429199,79.57624145424498,2923.937689781189,13.220995664596558,0.5,0.005,256,lr_0.005_hc_256
213,4.637462139129639,1.8612322807312012,0.6043789386749268,1.0801080465316772,1.0917431116104126,83.4040805148569,73.79159249623443,80.36423387648911,80.34672737121582,79.47665856469906,2937.4363646507263,12.739981174468994,0.5,0.005,256,lr_0.005_hc_256
214,4.570338249206543,1.7480071783065796,0.5914053320884705,1.0486412048339844,1.1822843551635742,83.52731754073668,74.65425167739286,80.0903738189785,80.39886951446533,79.66770313789334,2951.1573824882507,12.922427654266357,0.5,0.005,256,lr_0.005_hc_256
215,4.535771369934082,1.7776319980621338,0.5707110166549683,1.0722185373306274,1.1152101755142212,83.89702861837601,72.58660824318774,80.43269889086677,82.10751414299011,79.75596247385516,2964.751951932907,12.85988473892212,0.5,0.005,256,lr_0.005_hc_256
216,4.541997909545898,1.7608109712600708,0.617506206035614,1.0426431894302368,1.121037483215332,83.21237847459948,74.32561960838012,79.65219772696153,82.00323581695557,79.79835790672418,2978.3785321712494,12.816677570343018,0.5,0.005,256,lr_0.005_hc_256
217,4.589559555053711,1.785613775253296,0.6230869293212891,1.0986356735229492,1.0822234153747559,83.92441462412708,73.36710940709298,80.85718198000822,81.33659362792969,79.8713249097895,2992.592977285385,13.472015857696533,0.5,0.005,256,lr_0.005_hc_256
218,4.448126792907715,1.7192480564117432,0.591262936592102,1.085024118423462,1.052591323852539,84.02026564425579,73.43557442147063,81.04888402026565,84.1077208518982,80.65311123447256,3006.0663511753082,12.752980947494507,0.5,0.005,256,lr_0.005_hc_256
219,4.531607151031494,1.7282636165618896,0.5870262384414673,1.0359867811203003,1.1803301572799683,84.00657264138025,73.53142544159934,79.29617965219774,80.75187802314758,79.39651393958123,3019.7093381881714,12.844289779663086,0.5,0.005,256,lr_0.005_hc_256
220,4.531325817108154,1.7070130109786987,0.587800920009613,1.0360568761825562,1.2004551887512207,84.2941257017664,74.88703272627687,79.93975078734766,79.77372407913208,79.72365832363076,3033.2851564884186,12.81139874458313,0.5,0.005,256,lr_0.005_hc_256
221,4.541284561157227,1.7766990661621094,0.5811767578125,1.0381863117218018,1.1452223062515259,83.92441462412708,74.53101465151308,80.4053128851157,80.20573854446411,79.766620176305,3046.9688832759857,12.898230791091919,0.5,0.005,256,lr_0.005_hc_256
222,4.566105842590332,1.7340152263641357,0.6177454590797424,1.0115532875061035,1.2027920484542847,83.33561550047925,74.51732164863755,79.54265370395728,79.7936737537384,79.29731615170313,3060.9238085746765,13.205314874649048,0.5,0.005,256,lr_0.005_hc_256
223,4.541765213012695,1.7151786088943481,0.5922219157218933,1.0443371534347534,1.1900274753570557,83.91072162125154,74.59947966589073,79.70696973846364,80.58827519416809,79.70136155494349,3074.501385450363,12.826070308685303,0.5,0.005,256,lr_0.005_hc_256
224,4.622011661529541,1.7688713073730469,0.6261516809463501,1.0501015186309814,1.1768871545791626,83.60947555798987,74.75010269752157,80.39161988224018,81.6504955291748,80.1004234167316,3088.1588747501373,12.859640121459961,0.5,0.005,256,lr_0.005_hc_256
225,4.466343879699707,1.7533698081970215,0.5865733623504639,1.038516640663147,1.0878838300704956,83.84225660687389,74.1886895796248,80.95303300013693,81.22060298919678,80.0511455439581,3101.69881606102,12.792095422744751,0.5,0.005,256,lr_0.005_hc_256
226,4.557669639587402,1.755990743637085,0.6091507077217102,1.0606143474578857,1.131913661956787,83.8011775982473,74.13391756812268,79.89867177872108,81.2171459197998,79.76272821622273,3115.990823030472,13.488269567489624,0.5,0.005,256,lr_0.005_hc_256
227,4.567220211029053,1.7706133127212524,0.5926973819732666,1.0759243965148926,1.127984881401062,83.8011775982473,74.32561960838012,80.29576886211146,81.27034902572632,79.9232287736163,3129.67080783844,12.930154800415039,0.5,0.005,256,lr_0.005_hc_256
228,4.467353820800781,1.6669468879699707,0.6263270974159241,1.0746463537216187,1.099433183670044,83.43146652060797,73.95590853074079,80.22730384773381,83.03007483482361,80.16118843347655,3143.251123905182,12.774429559707642,0.5,0.005,256,lr_0.005_hc_256
229,4.4601850509643555,1.7350469827651978,0.585721492767334,1.0438891649246216,1.0955276489257812,83.99287963850472,74.06545255374503,80.65178693687525,83.73555541038513,80.61141863487754,3156.7977497577667,12.814911127090454,0.5,0.005,256,lr_0.005_hc_256
230,4.579384803771973,1.7935600280761719,0.5939486622810364,1.0655083656311035,1.1263678073883057,83.66424756949199,74.29823360262905,80.51485690811995,81.2620997428894,79.9348594557826,3170.566960334778,12.973112344741821,0.5,0.005,256,lr_0.005_hc_256
231,4.50275993347168,1.804990291595459,0.5752667784690857,1.0141438245773315,1.10835862159729,83.99287963850472,75.09242776940982,81.28166506914967,81.3142478466034,80.4203050809169,3184.201558113098,12.890245914459229,0.5,0.005,256,lr_0.005_hc_256
232,4.551294326782227,1.7185145616531372,0.6070403456687927,1.0364937782287598,1.189245581626892,83.74640558674517,74.8596467205258,80.4053128851157,81.90507292747498,80.22910952996541,3197.7996065616608,12.776418209075928,0.5,0.005,256,lr_0.005_hc_256
233,4.534112930297852,1.7600942850112915,0.5788196921348572,1.0477561950683594,1.1474429368972778,84.36259071614404,74.38039161988223,80.39161988224018,79.79739904403687,79.73300031557584,3211.4495708942413,12.917310953140259,0.5,0.005,256,lr_0.005_hc_256
234,4.463083267211914,1.7244330644607544,0.5742433667182922,1.052512526512146,1.1118940114974976,84.10242366150898,73.98329453649185,80.47377789949336,81.13308548927307,79.92314539669182,3225.0632276535034,12.829983711242676,0.5,0.005,256,lr_0.005_hc_256
235,4.557308673858643,1.7786056995391846,0.5877258777618408,1.0428721904754639,1.1481047868728638,83.9381076270026,74.64055867451732,80.74763795700397,80.75293898582458,80.01981081108713,3239.417380809784,13.610912084579468,0.5,0.005,256,lr_0.005_hc_256
236,4.545795440673828,1.7778631448745728,0.5715532898902893,1.0501561164855957,1.1462229490280151,84.19827468163768,73.86005751061208,80.4463918937423,81.03119730949402,79.88398034887152,3253.1482174396515,12.905717849731445,0.5,0.005,256,lr_0.005_hc_256
237,4.518521785736084,1.758336067199707,0.5737248063087463,1.0227361917495728,1.1637248992919922,83.96549363275366,74.65425167739286,80.14514583048063,80.4911732673645,79.81401610199791,3266.60090303421,12.725095510482788,0.5,0.005,256,lr_0.005_hc_256
238,4.5277228355407715,1.7867002487182617,0.592149555683136,1.044689655303955,1.104183316230774,84.21196768451321,74.33931261125565,80.21361084485828,79.87667322158813,79.66039109055382,3280.2174026966095,12.874744653701782,0.5,0.005,256,lr_0.005_hc_256
239,4.53134822845459,1.8262226581573486,0.5871862173080444,1.028056263923645,1.08988356590271,84.44474873339723,75.01026975215665,80.69286594550185,80.17381429672241,80.08042468194454,3294.143918991089,13.139628648757935,0.5,0.005,256,lr_0.005_hc_256
240,4.501899719238281,1.7835570573806763,0.6087881326675415,1.0664048194885254,1.0431498289108276,83.92441462412708,74.61317266876625,81.95262221005066,80.18472194671631,80.16873286241508,3308.09707903862,13.123496294021606,0.5,0.005,256,lr_0.005_hc_256
241,4.639527320861816,1.9099969863891602,0.5919139981269836,1.0439221858978271,1.0936939716339111,84.28043269889086,75.09242776940982,81.00780501163905,80.89606165885925,80.31918178469975,3321.7894949913025,12.894177436828613,0.5,0.005,256,lr_0.005_hc_256
242,4.439001560211182,1.7588926553726196,0.589689314365387,1.023523211479187,1.0668964385986328,84.55429275640148,75.25674380391621,81.06257702314117,81.06790781021118,80.48538034841751,3335.498922586441,12.969538450241089,0.5,0.005,256,lr_0.005_hc_256
243,4.454604148864746,1.7695567607879639,0.5966349840164185,1.013610601425171,1.0748014450073242,84.12980966726002,74.29823360262905,81.2542790633986,80.054372549057,79.93417372058617,3349.2144029140472,12.925878047943115,0.5,0.005,256,lr_0.005_hc_256
244,4.42867374420166,1.6798038482666016,0.5932111144065857,1.0273709297180176,1.1282875537872314,84.38997672189511,74.33931261125565,80.73394495412845,81.38872981071472,80.21299102449848,3363.4774510860443,13.533147811889648,0.5,0.005,256,lr_0.005_hc_256
245,4.3057026863098145,1.6620080471038818,0.5867869257926941,0.9628099799156189,1.0940974950790405,84.28043269889086,75.28412980966725,81.03519101739012,80.28048872947693,80.2200605638563,3377.0256927013397,12.813092708587646,0.5,0.005,256,lr_0.005_hc_256
246,4.451906681060791,1.7023539543151855,0.589764416217804,1.0227619409561157,1.1370261907577515,84.19827468163768,75.10612077228537,80.59701492537313,80.66993951797485,80.14283747431776,3390.7366354465485,12.962511777877808,0.5,0.005,256,lr_0.005_hc_256
247,4.365612030029297,1.7079287767410278,0.5815063118934631,1.012792944908142,1.0633840560913086,84.04765165000686,75.02396275503219,81.3912090921539,81.09503984451294,80.38946583542646,3404.440952062607,12.893749237060547,0.5,0.005,256,lr_0.005_hc_256
248,4.347231388092041,1.7094907760620117,0.5933446884155273,1.0011227130889893,1.0432733297348022,84.17088867588663,74.7637957003971,81.37751608927837,80.63429594039917,80.23662410149032,3418.0075001716614,12.858160972595215,0.5,0.005,256,lr_0.005_hc_256
249,4.2292938232421875,1.5995373725891113,0.5699440240859985,1.0186482667922974,1.0411641597747803,83.77379159249624,74.61317266876625,81.2542790633986,81.17085695266724,80.20302506933209,3431.6953740119934,12.888570308685303,0.5,0.005,256,lr_0.005_hc_256
250,4.31742525100708,1.6174296140670776,0.5652732849121094,1.044235110282898,1.0904871225357056,84.40366972477065,74.29823360262905,81.1584280432699,81.80079460144043,80.4152814930275,3445.346446752548,12.9070303440094,0.5,0.005,256,lr_0.005_hc_256
251,4.4144439697265625,1.6554442644119263,0.6043984293937683,1.043870449066162,1.110730767250061,84.37628371901958,74.28454059975353,81.40490209502944,81.1852216720581,80.31273702146517,3459.257008075714,13.136236906051636,0.5,0.005,256,lr_0.005_hc_256
252,4.3442063331604,1.6262849569320679,0.5732120871543884,1.0315290689468384,1.113180160522461,84.49952074489936,74.51732164863755,80.78871696563056,83.40063095092773,80.8015475775238,3473.183944940567,13.123740196228027,0.5,0.005,256,lr_0.005_hc_256
253,4.40130615234375,1.7201013565063477,0.582862377166748,1.0395938158035278,1.058748722076416,84.23935369026427,74.6268656716418,81.77461317266877,81.23736381530762,80.46954908747061,3487.498991250992,13.563838481903076,0.5,0.005,256,lr_0.005_hc_256
254,4.285275936126709,1.6485460996627808,0.5925332903862,1.0216994285583496,1.0224971771240234,84.30781870464192,74.96919074353005,81.69245515541557,81.76062107086182,80.68252141861234,3501.0471003055573,12.751341819763184,0.5,0.005,256,lr_0.005_hc_256
255,4.357938289642334,1.6968088150024414,0.5792712569236755,1.0169581174850464,1.0648999214172363,83.5820895522388,74.7637957003971,81.50075311515815,81.30945563316345,80.28902350023938,3514.8411498069763,13.058481931686401,0.5,0.005,256,lr_0.005_hc_256
256,4.349273681640625,1.6945065259933472,0.5947436690330505,1.0163531303405762,1.043670415878296,84.10242366150898,75.2156647952896,81.7472271669177,80.4345190525055,80.37495866905545,3528.41584444046,12.7909836769104,0.5,0.005,256,lr_0.005_hc_256
257,4.3027143478393555,1.6305301189422607,0.5970237851142883,1.0106172561645508,1.0645434856414795,83.84225660687389,74.84595371765027,80.91195399151034,81.98434710502625,80.39612785526519,3541.985597372055,12.842490911483765,0.5,0.005,256,lr_0.005_hc_256
258,4.371787071228027,1.688644289970398,0.5722072124481201,1.0071625709533691,1.1037728786468506,84.4721347391483,75.31151581541832,81.33643708065179,81.89789056777954,80.75449455074948,3555.5416431427,12.748908519744873,0.5,0.005,256,lr_0.005_hc_256
259,4.378626823425293,1.6634469032287598,0.5524055361747742,1.0426177978515625,1.1201567649841309,85.08831986854717,75.50321785567576,80.78871696563056,81.8800687789917,80.8150808672113,3569.434829235077,13.171349287033081,0.5,0.005,256,lr_0.005_hc_256
260,4.3235979080200195,1.7125132083892822,0.5514237284660339,1.0165727138519287,1.043088436126709,84.40366972477065,74.48993564288648,82.19909626181021,81.17804527282715,80.56768672557362,3582.981126308441,12.796934127807617,0.5,0.005,256,lr_0.005_hc_256
261,4.27570915222168,1.6646438837051392,0.5728917121887207,0.9801796078681946,1.0579943656921387,84.23935369026427,75.32520881829386,81.48706011228263,81.23496770858765,80.5716475823571,3596.4913642406464,12.760826587677002,0.5,0.005,256,lr_0.005_hc_256
262,4.3247222900390625,1.715889811515808,0.5431928038597107,0.9927675724029541,1.0728724002838135,84.6501437765302,75.22935779816514,81.26797206627413,82.81911611557007,80.99164743913488,3610.8473296165466,13.5575692653656,0.5,0.005,256,lr_0.005_hc_256
263,4.405730247497559,1.6851460933685303,0.5625752210617065,1.0051701068878174,1.1528388261795044,84.56798575927701,75.50321785567576,80.5833219224976,81.45736455917358,80.52797252415598,3624.410320043564,12.829771995544434,0.5,0.005,256,lr_0.005_hc_256
264,4.3269500732421875,1.6713945865631104,0.5655940175056458,1.0238802433013916,1.0660814046859741,84.56798575927701,75.02396275503219,81.08996302889223,78.70805263519287,79.84749104459857,3638.0981554985046,12.960314750671387,0.5,0.005,256,lr_0.005_hc_256
265,4.384898662567139,1.6989710330963135,0.5774362683296204,1.0242148637771606,1.0842766761779785,84.59537176502808,74.96919074353005,81.58291113241134,81.73801302909851,80.72137166751699,3652.046474456787,13.20726466178894,0.5,0.005,256,lr_0.005_hc_256
266,4.250147342681885,1.628830075263977,0.5502070188522339,0.9988926649093628,1.072217345237732,84.70491578803232,74.84595371765027,81.73353416404218,83.48469734191895,81.19227525291093,3665.725198984146,12.93229365348816,0.5,0.005,256,lr_0.005_hc_256
267,4.344524383544922,1.705823540687561,0.5654081702232361,1.0103557109832764,1.0629371404647827,84.44474873339723,74.96919074353005,81.35013008352732,80.6617021560669,80.35644292913038,3679.460040807724,12.981744766235352,0.5,0.005,256,lr_0.005_hc_256
268,4.274187088012695,1.6644881963729858,0.5758023858070374,0.9862083196640015,1.0476880073547363,84.55429275640148,74.8596467205258,81.28166506914967,81.70848488807678,80.60102235853843,3693.218735218048,13.005947351455688,0.5,0.005,256,lr_0.005_hc_256
269,4.277716636657715,1.710146427154541,0.5722248554229736,0.9640352725982666,1.031309962272644,84.04765165000686,74.90072572915241,81.66506914966453,82.2176456451416,80.70777304349134,3706.8802852630615,12.838194131851196,0.5,0.005,256,lr_0.005_hc_256
270,4.232578277587891,1.5721750259399414,0.5748365521430969,1.022218942642212,1.0633476972579956,84.02026564425579,75.29782281254279,82.13063124743256,82.3373556137085,80.94651882948492,3720.361575126648,12.767993688583374,0.5,0.005,256,lr_0.005_hc_256
271,4.333962440490723,1.697382926940918,0.5801840424537659,1.0373631715774536,1.0190327167510986,84.07503765575791,75.14719978091196,82.02108722442831,80.8037519454956,80.51176915164844,3734.763137102127,13.59393048286438,0.5,0.005,256,lr_0.005_hc_256
272,4.282867908477783,1.6227757930755615,0.5829583406448364,1.0172500610351562,1.0598835945129395,84.69122278515678,75.18827878953854,81.7883061755443,82.52809047698975,81.04897455680734,3748.897404193878,13.383322954177856,0.5,0.005,256,lr_0.005_hc_256
273,4.313606262207031,1.6740413904190063,0.5876752734184265,0.9840801358222961,1.0678093433380127,84.38997672189511,75.57168287005341,81.88415719567301,81.8162202835083,80.91550926778245,3762.498734474182,12.836010932922363,0.5,0.005,256,lr_0.005_hc_256
274,4.298748970031738,1.6870802640914917,0.5779664516448975,0.983961284160614,1.049741268157959,84.28043269889086,75.13350677803642,81.76092016979324,84.18326377868652,81.33953085635176,3776.075143098831,12.77674126625061,0.5,0.005,256,lr_0.005_hc_256
275,4.246158599853516,1.6751601696014404,0.5564014911651611,0.9896858334541321,1.0249109268188477,84.4721347391483,75.69491989593318,81.7472271669177,80.10172247886658,80.50400107021643,3790.043148756027,13.228338479995728,0.5,0.005,256,lr_0.005_hc_256
276,4.309841632843018,1.6739888191223145,0.5552775859832764,0.9953581690788269,1.0852171182632446,85.07462686567165,75.0376557579077,81.47336710940709,82.05084800720215,80.90912443504715,3803.7434866428375,12.933318376541138,0.5,0.005,256,lr_0.005_hc_256
277,4.2640838623046875,1.6723920106887817,0.5862703323364258,0.9719814658164978,1.0334399938583374,84.12980966726002,75.05134876078324,82.02108722442831,81.76514506340027,80.74184767896797,3817.7057700157166,13.160922765731812,0.5,0.005,256,lr_0.005_hc_256
278,4.225203514099121,1.5974174737930298,0.572166383266449,0.9841402173042297,1.0714796781539917,84.88292482541422,75.14719978091196,81.06257702314117,82.04952478408813,80.78555660338887,3831.2286384105682,12.765259742736816,0.5,0.005,256,lr_0.005_hc_256
279,4.175234794616699,1.5938817262649536,0.5515139698982239,0.9522848129272461,1.0775541067123413,84.75968779953443,75.46213884704915,81.30905107490072,81.55924677848816,80.77253112499312,3844.8206989765167,12.803104400634766,0.5,0.005,256,lr_0.005_hc_256
280,4.253904342651367,1.6457514762878418,0.5797299146652222,0.9757611751556396,1.0526615381240845,84.10242366150898,75.47583184992469,81.30905107490072,81.39484524726868,80.57053795840076,3859.3867661952972,13.837065935134888,0.5,0.005,256,lr_0.005_hc_256
281,4.308316230773926,1.652008056640625,0.5733888745307922,0.9756569266319275,1.1072626113891602,84.38997672189511,75.61276187867999,81.14473504039435,82.02823996543884,80.79392840160207,3873.282121181488,13.102818965911865,0.5,0.005,256,lr_0.005_hc_256
282,4.246475696563721,1.6368211507797241,0.5949258804321289,1.0010217428207397,1.0137065649032593,84.14350267013556,75.2156647952896,81.99370121867724,82.89493322372437,81.0619504769567,3887.141717195511,13.05141019821167,0.5,0.005,256,lr_0.005_hc_256
283,4.126961708068848,1.5507261753082275,0.544320285320282,1.0181056261062622,1.0138098001480103,84.71860879090785,74.48993564288648,82.30864028481446,81.11180067062378,80.65724634730815,3900.758791208267,12.85952877998352,0.5,0.005,256,lr_0.005_hc_256
284,4.34926700592041,1.6866750717163086,0.5629702806472778,1.008283257484436,1.0913386344909668,84.9650828426674,75.42105983842256,81.80199917841982,81.09983205795288,80.82199347936567,3914.297956466675,12.790207386016846,0.5,0.005,256,lr_0.005_hc_256
285,4.21433162689209,1.611963152885437,0.5325576066970825,1.0378777980804443,1.031933307647705,85.19786389155142,75.01026975215665,81.02149801451458,81.04769587516785,80.56933188334762,3927.891305923462,12.877948760986328,0.5,0.005,256,lr_0.005_hc_256
286,4.279047012329102,1.6487172842025757,0.572882890701294,1.004390835762024,1.053056240081787,84.55429275640148,75.65384088730659,81.71984116116664,81.1626136302948,80.77264710879237,3941.5684649944305,12.895643949508667,0.5,0.005,256,lr_0.005_hc_256
287,4.235049724578857,1.6202397346496582,0.559614360332489,1.001961588859558,1.0532341003417969,84.6501437765302,75.14719978091196,81.54183212378474,80.00808954238892,80.33681630590395,3955.1379346847534,12.848436832427979,0.5,0.005,256,lr_0.005_hc_256
288,4.172595977783203,1.5999171733856201,0.5483065247535706,0.9993444681167603,1.0250276327133179,84.59537176502808,74.77748870327264,82.21278926468575,81.83750510215759,80.85578870878601,3968.731452703476,12.818435430526733,0.5,0.005,256,lr_0.005_hc_256
289,4.266113758087158,1.6768041849136353,0.552086353302002,0.9952642917633057,1.0419591665267944,84.80076680816103,75.28412980966725,81.37751608927837,80.86174130439758,80.58103850287605,3983.017194032669,13.567660331726074,0.5,0.005,256,lr_0.005_hc_256
290,4.282564163208008,1.6121410131454468,0.5919429063796997,0.9839673042297363,1.094513177871704,84.48582774202382,75.57168287005341,81.47336710940709,81.86942934989929,80.8500767678459,3997.061015844345,13.307425498962402,0.5,0.005,256,lr_0.005_hc_256
291,4.2496657371521,1.6763380765914917,0.5662304759025574,0.9722909331321716,1.0348061323165894,84.60906476790359,75.43475284129809,81.80199917841982,80.23074865341187,80.51914136025835,4010.8422558307648,13.048200845718384,0.5,0.005,256,lr_0.005_hc_256
292,4.203704833984375,1.6304165124893188,0.5509467124938965,1.0000892877578735,1.0222523212432861,84.69122278515678,75.33890182116937,82.37710529919211,81.51322603225708,80.98011398444385,4024.423828125,12.808408260345459,0.5,0.005,256,lr_0.005_hc_256
293,4.205756187438965,1.605515718460083,0.5504204034805298,1.0317463874816895,1.018073558807373,84.59537176502808,74.5857866630152,82.4592633164453,82.06362128257751,80.92601075676652,4038.167852640152,12.940185546875,0.5,0.005,256,lr_0.005_hc_256
294,4.081902027130127,1.5714844465255737,0.5480217933654785,0.9803442358970642,0.9820511937141418,84.58167876215254,74.98288374640558,82.34971929344105,82.06867575645447,80.9957393896134,4051.7883772850037,12.86062240600586,0.5,0.005,256,lr_0.005_hc_256
295,4.222904205322266,1.6909722089767456,0.5554732084274292,0.9699980020523071,1.006460428237915,84.99246884841845,75.39367383267151,81.84307818704642,81.31663799285889,80.88646471524882,4065.8126010894775,13.211737632751465,0.5,0.005,256,lr_0.005_hc_256
296,4.228370189666748,1.5953189134597778,0.5591523051261902,1.0258429050445557,1.0480560064315796,84.71860879090785,75.39367383267151,82.06216623305491,83.09046030044556,81.31622728926995,4079.4722695350647,12.8214590549469,0.5,0.005,256,lr_0.005_hc_256
297,4.145787239074707,1.5653061866760254,0.5465836524963379,0.9813969135284424,1.0525002479553223,84.34889771326853,75.50321785567576,81.30905107490072,82.0128083229065,80.79349374168787,4093.4931230545044,13.277220249176025,0.5,0.005,256,lr_0.005_hc_256
298,4.229480743408203,1.622313380241394,0.5616773366928101,0.9876063466072083,1.057883620262146,84.21196768451321,75.37998082979598,81.62399014103792,82.1397066116333,80.8389113167451,4107.7741804122925,13.54677700996399,0.5,0.005,256,lr_0.005_hc_256
299,4.281184196472168,1.67920982837677,0.5606732964515686,1.015483021736145,1.0258177518844604,84.54059975352595,75.05134876078324,82.4592633164453,79.48828935623169,80.38487529674654,4121.565514326096,13.072499752044678,0.5,0.005,256,lr_0.005_hc_256
300,4.19267463684082,1.5889520645141602,0.5695695281028748,0.9976263046264648,1.0365265607833862,84.54059975352595,75.81815692181296,82.00739422155279,82.12773203849792,81.1234707338474,4135.145284175873,12.80314302444458,0.5,0.005,256,lr_0.005_hc_256
301,4.1735076904296875,1.6075472831726074,0.5330576300621033,0.9952391386032104,1.0376636981964111,85.4169519375599,75.37998082979598,82.1032452416815,82.2506308555603,81.28770221614941,4148.734927177429,12.772910356521606,0.5,0.005,256,lr_0.005_hc_256
302,4.141326427459717,1.582452416419983,0.5482094883918762,0.9963709712028503,1.0142934322357178,84.99246884841845,74.99657674928112,82.00739422155279,82.53154754638672,81.13199684140977,4162.267467260361,12.805388927459717,0.5,0.005,256,lr_0.005_hc_256
303,4.1947407722473145,1.6117311716079712,0.5619285106658936,1.000672698020935,1.020408034324646,84.95138983979187,75.17458578666302,82.14432425030809,82.56214261054993,81.20811062182823,4176.6620626449585,13.582935810089111,0.5,0.005,256,lr_0.005_hc_256
304,4.198248863220215,1.6088193655014038,0.5508798956871033,0.9863702654838562,1.0521794557571411,84.55429275640148,75.17458578666302,81.63768314391346,80.86068034172058,80.55681050717463,4190.202109575272,12.775225162506104,0.5,0.005,256,lr_0.005_hc_256
305,4.2227020263671875,1.6085723638534546,0.5589885115623474,0.9928951859474182,1.0622458457946777,84.71860879090785,75.39367383267151,81.9663152129262,81.522536277771,80.90028352856913,4203.961498737335,13.02459168434143,0.5,0.005,256,lr_0.005_hc_256
306,4.183140277862549,1.62021803855896,0.5522715449333191,0.9687707424163818,1.0418797731399536,84.6501437765302,75.69491989593318,82.04847323017937,82.83933401107788,81.30821772843015,4217.53729057312,12.795084238052368,0.5,0.005,256,lr_0.005_hc_256
307,4.116052150726318,1.613745927810669,0.5454909801483154,0.9669281840324402,0.9898868203163147,84.95138983979187,75.54429686430234,82.30864028481446,82.3692798614502,81.29340171258971,4231.7813856601715,13.478347063064575,0.5,0.005,256,lr_0.005_hc_256
308,4.086226463317871,1.522720456123352,0.5410609841346741,0.9908148646354675,1.0316298007965088,85.01985485416952,75.07873476653431,81.9663152129262,83.55811834335327,81.40575579424582,4245.447008132935,12.928326845169067,0.5,0.005,256,lr_0.005_hc_256
309,4.198628902435303,1.6324431896209717,0.5482028722763062,0.9884092211723328,1.0295735597610474,84.7870738052855,75.59906887580446,82.13063124743256,82.80847668647766,81.33131265375005,4259.182549715042,12.993007898330688,0.5,0.005,256,lr_0.005_hc_256
310,4.150345802307129,1.5587208271026611,0.5612612366676331,0.9805662631988525,1.0497974157333374,84.69122278515678,75.95508695056826,81.52813912090922,82.25089907646179,81.106336983274,4272.890209197998,12.861409902572632,0.5,0.005,256,lr_0.005_hc_256
311,4.097970485687256,1.6068593263626099,0.5239160060882568,0.9446861743927002,1.0225087404251099,85.17047788580035,76.02355196494591,81.32274407777625,80.76597452163696,80.82068711253987,4286.631880044937,12.979129076004028,0.5,0.005,256,lr_0.005_hc_256
312,4.234320640563965,1.6458847522735596,0.5492181181907654,0.9837900400161743,1.0554276704788208,84.84184581678763,75.09242776940982,82.15801725318363,82.83694386482239,81.23230867605086,4300.1804711818695,12.789551019668579,0.5,0.005,256,lr_0.005_hc_256
313,4.146914958953857,1.5711184740066528,0.5619078874588013,0.9859328269958496,1.0279556512832642,84.84184581678763,75.32520881829386,82.06216623305491,81.56297206878662,80.94804823423075,4313.772576808929,12.856021404266357,0.5,0.005,256,lr_0.005_hc_256
314,4.208881378173828,1.614762783050537,0.5551460385322571,0.9932875037193298,1.0456851720809937,84.85553881966315,75.35259482404491,81.87046419279747,82.49590396881104,81.14362545132914,4327.400038480759,12.851097583770752,0.5,0.005,256,lr_0.005_hc_256
315,4.182153224945068,1.5880221128463745,0.5675283074378967,0.9831758141517639,1.0434268712997437,84.49952074489936,75.66753389018211,81.32274407777625,81.70848488807678,80.79957090023363,4340.920431852341,12.795219659805298,0.5,0.005,256,lr_0.005_hc_256
316,4.117276191711426,1.5621293783187866,0.5443019270896912,0.9930202960968018,1.0178248882293701,85.15678488292482,75.01026975215665,82.29494728193892,81.23018145561218,80.92304584315815,4355.351315021515,13.632572650909424,0.5,0.005,256,lr_0.005_hc_256
317,4.152782440185547,1.6146560907363892,0.5728552937507629,0.9394106864929199,1.0258605480194092,84.71860879090785,76.3795700397097,82.11693824455703,80.79683780670166,81.00298872046908,4369.126444339752,13.035825967788696,0.5,0.005,256,lr_0.005_hc_256
318,4.132735729217529,1.6048411130905151,0.5574756860733032,0.9472401142120361,1.0231788158416748,84.67752978228125,76.13309598795016,82.22648226756128,81.0750961303711,81.02805104204094,4383.177359342575,13.254270076751709,0.5,0.005,256,lr_0.005_hc_256
319,4.16989803314209,1.6127251386642456,0.5475599765777588,0.9237556457519531,1.0858572721481323,85.04724085992058,76.35218403395865,81.24058606052307,81.58637881278992,81.05659744179805,4397.332638978958,13.339963436126709,0.5,0.005,256,lr_0.005_hc_256
320,4.168666362762451,1.5776591300964355,0.5708410739898682,0.9697570204734802,1.050408959388733,84.32151170751746,75.7496919074353,81.33643708065179,81.52838945388794,80.73400753737312,4411.67032122612,13.54649019241333,0.5,0.005,256,lr_0.005_hc_256
321,4.1146063804626465,1.5648621320724487,0.54360431432724,0.9381945729255676,1.0679453611373901,85.3211009174312,75.85923593043955,81.51444611803369,81.58398866653442,81.06969290810972,4425.467496871948,13.043433427810669,0.5,0.005,256,lr_0.005_hc_256
322,4.137777805328369,1.5812498331069946,0.5517697334289551,0.9735631346702576,1.0311951637268066,84.59537176502808,75.59906887580446,81.7883061755443,81.88272714614868,80.96636849063138,4439.094668865204,12.830028772354126,0.5,0.005,256,lr_0.005_hc_256
323,4.100858688354492,1.5701260566711426,0.5562313199043274,0.9587817192077637,1.0157198905944824,84.85553881966315,76.02355196494591,82.14432425030809,82.61667490005493,81.41002248374303,4452.681349515915,12.82788634300232,0.5,0.005,256,lr_0.005_hc_256
324,4.154975891113281,1.6147392988204956,0.5335851311683655,0.9578824043273926,1.0487691164016724,85.44433794331097,75.48952485280022,81.32274407777625,82.54565000534058,81.200564219807,4466.52170085907,13.030001401901245,0.5,0.005,256,lr_0.005_hc_256
325,4.231294631958008,1.6671142578125,0.5535083413124084,0.9768161773681641,1.0338560342788696,85.12939887717377,75.48952485280022,81.65137614678899,81.8811297416687,81.03785740460792,4480.811891317368,13.444866418838501,0.5,0.005,256,lr_0.005_hc_256
326,4.1392011642456055,1.6009269952774048,0.5378628969192505,0.9565891623497009,1.0438222885131836,84.89661782828975,75.40736683554704,82.19909626181021,82.5230360031128,81.25652923218995,4494.393661022186,12.814006328582764,0.5,0.005,256,lr_0.005_hc_256
327,4.260889530181885,1.6399997472763062,0.5452532768249512,0.9923816919326782,1.0832549333572388,85.2800219088046,75.14719978091196,82.44557031356976,82.37752914428711,81.31258028689335,4507.959802865982,12.842649221420288,0.5,0.005,256,lr_0.005_hc_256
328,4.104690074920654,1.5318280458450317,0.5409032106399536,0.983628511428833,1.048330307006836,85.19786389155142,75.59906887580446,81.70614815829111,80.2403211593628,80.68585052125245,4521.5247168540955,12.764939546585083,0.5,0.005,256,lr_0.005_hc_256
329,4.19844913482666,1.6738057136535645,0.5230047702789307,0.9583465456962585,1.0432922840118408,85.74558400657264,75.69491989593318,81.54183212378474,80.51964044570923,80.87549411799995,4535.161908864975,12.916791439056396,0.5,0.005,256,lr_0.005_hc_256
330,4.102890491485596,1.6132981777191162,0.5633236169815063,0.9790642857551575,0.9472042322158813,84.81445981103656,75.55798986717788,83.14391346022182,81.30945563316345,81.20645469289994,4548.720094442368,12.786096811294556,0.5,0.005,256,lr_0.005_hc_256
331,4.176428318023682,1.5742626190185547,0.5638543367385864,0.996094822883606,1.0422166585922241,84.41736272764618,75.76338491031083,82.14432425030809,82.81086683273315,81.28398468024956,4562.27426981926,12.835853338241577,0.5,0.005,256,lr_0.005_hc_256
332,4.144740581512451,1.5778000354766846,0.5308700799942017,0.9974130392074585,1.0386570692062378,85.1841708886759,75.54429686430234,81.7472271669177,83.21123123168945,81.42173153789635,4576.069578409195,13.011239051818848,0.5,0.005,256,lr_0.005_hc_256
333,4.219577789306641,1.6080256700515747,0.5620195865631104,1.0052117109298706,1.044320821762085,84.95138983979187,75.22935779816514,81.66506914966453,81.89549446105957,80.93532781217027,4589.828481197357,12.94526481628418,0.5,0.005,256,lr_0.005_hc_256
334,4.1238203048706055,1.6036858558654785,0.5439255833625793,0.9701648950576782,1.0060436725616455,84.77338080240997,76.03724496782144,82.54142133369848,81.82207345962524,81.29353014088878,4604.0584416389465,13.479002714157104,0.5,0.005,256,lr_0.005_hc_256
335,4.086294174194336,1.5716938972473145,0.5441827178001404,0.9691380858421326,1.001279354095459,85.29371491168013,75.48952485280022,82.22648226756128,82.19157457351685,81.30032415138962,4617.742624759674,12.972413063049316,0.5,0.005,256,lr_0.005_hc_256
336,4.145670413970947,1.6146845817565918,0.5545361042022705,0.9542518258094788,1.0221980810165405,85.21155689442695,75.80446391893743,82.21278926468575,81.95348978042603,81.29557496461904,4631.397386312485,12.888527870178223,0.5,0.005,256,lr_0.005_hc_256
337,4.135708808898926,1.6009125709533691,0.5508167743682861,0.9401831030845642,1.0437963008880615,84.95138983979187,76.47542105983842,81.81569218129536,82.02211856842041,81.31615541233653,4644.948681592941,12.781340599060059,0.5,0.005,256,lr_0.005_hc_256
338,4.140119552612305,1.5668067932128906,0.5420913696289062,0.9632781147956848,1.0679433345794678,85.17047788580035,76.07832397644803,80.99411200876352,81.8920373916626,81.03373781566863,4658.668439149857,12.986153364181519,0.5,0.005,256,lr_0.005_hc_256
339,4.176285266876221,1.6110413074493408,0.5302242040634155,0.9703962206840515,1.064623475074768,84.91031083116528,76.07832397644803,81.26797206627413,82.25436210632324,81.12774224505267,4673.052909374237,13.583833456039429,0.5,0.005,256,lr_0.005_hc_256
340,4.174490928649902,1.5746963024139404,0.5612781047821045,0.9745054841041565,1.0640110969543457,84.66383677940573,76.16048199370123,81.41859509790497,81.12350702285767,80.8416052234674,4686.675785303116,12.831439733505249,0.5,0.005,256,lr_0.005_hc_256
341,4.131101608276367,1.5484366416931152,0.5461525321006775,0.9869877696037292,1.0495247840881348,84.99246884841845,75.42105983842256,82.03478022730386,83.19926261901855,81.41189288329086,4700.142107009888,12.73285460472107,0.5,0.005,256,lr_0.005_hc_256
342,4.114694595336914,1.593651294708252,0.5475469827651978,0.9413008093833923,1.0321955680847168,84.99246884841845,75.90031493906613,81.91154320142408,80.95059394836426,80.93873023431823,4713.796078920364,12.850719690322876,0.5,0.005,256,lr_0.005_hc_256
343,4.122785568237305,1.592655062675476,0.5330027341842651,0.960221529006958,1.036906361579895,85.36217992605778,76.16048199370123,81.88415719567301,82.32299089431763,81.4324525024374,4728.072846651077,13.514483213424683,0.5,0.005,256,lr_0.005_hc_256
344,4.071076393127441,1.5735455751419067,0.5387840867042542,0.9684186577796936,0.9903280138969421,85.26632890592907,75.69491989593318,82.00739422155279,81.0548722743988,81.00587882445346,4741.766483545303,12.955623388290405,0.5,0.005,256,lr_0.005_hc_256
345,4.087635517120361,1.6178228855133057,0.515900194644928,0.9738739728927612,0.980038583278656,85.4991099548131,75.98247295631933,82.34971929344105,81.91331624984741,81.43615461360521,4755.363289833069,12.821179389953613,0.5,0.005,256,lr_0.005_hc_256
346,4.168968677520752,1.5747618675231934,0.5635972023010254,0.9944119453430176,1.0361977815628052,84.59537176502808,75.27043680679174,82.2812542790634,82.8997254371643,81.26169707201187,4769.015080451965,12.853264808654785,0.5,0.005,256,lr_0.005_hc_256
347,4.1579718589782715,1.6101486682891846,0.5345562100410461,0.9615235328674316,1.0517436265945435,84.93769683691633,75.87292893331508,81.73353416404218,82.11230635643005,81.16411657267591,4782.55028963089,12.794581890106201,0.5,0.005,256,lr_0.005_hc_256
348,4.133674144744873,1.60701322555542,0.5409696698188782,0.9798453450202942,1.0058461427688599,85.03354785704505,76.16048199370123,82.37710529919211,80.09214401245117,80.91581979059738,4796.794442176819,13.42757511138916,0.5,0.005,256,lr_0.005_hc_256
349,4.042206287384033,1.5531480312347412,0.5274444818496704,0.9747765064239502,0.9868372678756714,85.19786389155142,75.59906887580446,82.54142133369848,82.37752914428711,81.42897081133536,4810.394459486008,12.764413833618164,0.5,0.005,256,lr_0.005_hc_256
350,4.1041436195373535,1.572751522064209,0.5377081036567688,1.0025348663330078,0.9911491870880127,85.07462686567165,75.43475284129809,81.98000821580173,82.45334029197693,81.2356820536871,4823.87419295311,12.742622137069702,0.5,0.005,256,lr_0.005_hc_256
351,4.1078715324401855,1.6216778755187988,0.5189104080200195,0.9664574265480042,1.0008260011672974,85.47172394906202,75.53060386142681,82.19909626181021,81.15782737731934,81.0898128624046,4837.654459476471,12.997210025787354,0.5,0.005,256,lr_0.005_hc_256
352,4.060312271118164,1.5408341884613037,0.5440546274185181,0.9793223738670349,0.9961007237434387,85.11570587429823,75.22935779816514,82.15801725318363,82.0519208908081,81.13875045411378,4852.38232421875,13.99027943611145,0.5,0.005,256,lr_0.005_hc_256
353,4.083754062652588,1.603907823562622,0.5224933624267578,0.9843583106994629,0.9729946255683899,85.64973298644392,75.09242776940982,82.29494728193892,82.56692886352539,81.40100922532952,4866.001496553421,12.815618753433228,0.5,0.005,256,lr_0.005_hc_256
354,4.094609260559082,1.5885508060455322,0.5438817739486694,0.9683725237846375,0.9938042163848877,84.32151170751746,75.69491989593318,82.65096535670273,82.26978778839111,81.23429618713612,4879.5355179309845,12.80323839187622,0.5,0.005,256,lr_0.005_hc_256
355,4.0780029296875,1.5133956670761108,0.5523697137832642,0.9734989404678345,1.03873872756958,85.1020128714227,75.44844584417363,82.00739422155279,82.62252807617188,81.29509525333025,4893.1356699466705,12.800867795944214,0.5,0.005,256,lr_0.005_hc_256
356,4.0764594078063965,1.5972330570220947,0.5395725965499878,0.9514882564544678,0.9881654381752014,84.52690675065043,75.80446391893743,82.39079830206765,84.47562456130981,81.79944838324133,4906.759932518005,12.91894268989563,0.5,0.005,256,lr_0.005_hc_256
357,4.137870788574219,1.6200852394104004,0.5477378964424133,0.9593263268470764,1.010721206665039,84.77338080240997,76.11940298507463,82.22648226756128,81.71087503433228,81.20753527234453,4920.275415420532,12.729033708572388,0.5,0.005,256,lr_0.005_hc_256
358,4.077216625213623,1.5632312297821045,0.5413569808006287,0.9456215500831604,1.02700674533844,85.08831986854717,75.94139394769273,81.4322881007805,81.28817081451416,80.93754318288364,4933.920697450638,12.910953760147095,0.5,0.005,256,lr_0.005_hc_256
359,4.060364723205566,1.519866704940796,0.5429136157035828,0.9783955812454224,1.0191887617111206,85.3211009174312,75.54429686430234,81.85677118992196,81.90374374389648,81.156478178888,4947.556236982346,12.867815256118774,0.5,0.005,256,lr_0.005_hc_256
360,4.160745620727539,1.5964182615280151,0.5413268208503723,0.9504902958869934,1.0725104808807373,84.99246884841845,75.81815692181296,82.24017527043681,81.68720006942749,81.18450027752392,4961.870123624802,13.605367183685303,0.5,0.005,256,lr_0.005_hc_256
361,4.131046772003174,1.610304832458496,0.5677694082260132,0.9439124464988708,1.0090599060058594,84.58167876215254,75.70861289880871,81.80199917841982,80.543053150177,80.65883599738952,4976.189821481705,13.47541880607605,0.5,0.005,256,lr_0.005_hc_256
362,4.067600250244141,1.5263996124267578,0.5493803024291992,0.9860159158706665,1.0058046579360962,84.71860879090785,75.72230590168424,82.37710529919211,83.95129442214966,81.69232860348346,4990.025196790695,13.05442500114441,0.5,0.005,256,lr_0.005_hc_256
363,4.068139553070068,1.5524070262908936,0.5439136624336243,0.972588837146759,0.9992300868034363,85.2800219088046,75.9277009448172,82.37710529919211,81.24321699142456,81.20701128605963,5003.648829936981,12.829659223556519,0.5,0.005,256,lr_0.005_hc_256
364,4.174921035766602,1.6213757991790771,0.5334327816963196,0.9904648065567017,1.0296475887298584,85.21155689442695,75.58537587292892,81.7883061755443,82.51957893371582,81.276204469154,5017.335941314697,12.9412522315979,0.5,0.005,256,lr_0.005_hc_256
365,4.107867240905762,1.562148094177246,0.5441210865974426,0.9843553304672241,1.0172431468963623,85.1841708886759,75.39367383267151,82.17171025605914,81.40548467636108,81.03875991344191,5031.425839185715,13.261337757110596,0.5,0.005,256,lr_0.005_hc_256
366,4.151302337646484,1.6467374563217163,0.5528123378753662,0.9699334502220154,0.9818190932273865,84.77338080240997,75.54429686430234,82.25386827331234,81.23363852500916,80.95129611625845,5045.320092201233,13.057536602020264,0.5,0.005,256,lr_0.005_hc_256
367,4.100931167602539,1.5487492084503174,0.5579484701156616,0.9778102040290833,1.0164233446121216,84.66383677940573,75.51691085855128,82.24017527043681,82.15140700340271,81.14308247794912,5058.878683567047,12.828489303588867,0.5,0.005,256,lr_0.005_hc_256
368,4.065983772277832,1.5474454164505005,0.5309540629386902,0.9724738597869873,1.0151104927062988,85.08831986854717,75.61276187867999,81.51444611803369,79.998779296875,80.55357679053397,5072.747521162033,13.086683750152588,0.5,0.005,256,lr_0.005_hc_256
369,4.10173225402832,1.60438871383667,0.5346972942352295,0.9482772350311279,1.014369010925293,84.8281528139121,76.03724496782144,81.80199917841982,83.56025218963623,81.5569122874474,5086.402520656586,12.841435670852661,0.5,0.005,256,lr_0.005_hc_256
370,4.018649578094482,1.5431677103042603,0.5382667779922485,0.9483103156089783,0.9889047741889954,84.9650828426674,76.29741202245653,82.00739422155279,83.18036794662476,81.61256425832536,5100.660290718079,13.527684926986694,0.5,0.005,256,lr_0.005_hc_256
371,4.080198764801025,1.5839365720748901,0.5518301129341125,0.9424936771392822,1.0019382238388062,85.03354785704505,75.50321785567576,82.1032452416815,82.57172107696533,81.3029330078419,5114.181831121445,12.81781530380249,0.5,0.005,256,lr_0.005_hc_256
372,4.08960485458374,1.567884087562561,0.5319737195968628,0.9389775991439819,1.050769329071045,85.1841708886759,76.20156100232781,81.66506914966453,82.90557861328125,81.48909491348736,5127.75977230072,12.794007062911987,0.5,0.005,256,lr_0.005_hc_256
373,4.132515907287598,1.5661280155181885,0.5466212630271912,1.0031636953353882,1.0166029930114746,84.86923182253868,75.66753389018211,82.62357935095166,82.03888535499573,81.29980760466704,5141.373252153397,12.905757904052734,0.5,0.005,256,lr_0.005_hc_256
374,4.080963611602783,1.5352414846420288,0.5471466779708862,0.9850994944572449,1.013476014137268,85.2800219088046,75.36628782692044,82.6372723538272,81.71912431716919,81.25067660168035,5154.929942846298,12.796365022659302,0.5,0.005,256,lr_0.005_hc_256
375,4.143872261047363,1.5736615657806396,0.546649158000946,0.9704133868217468,1.0531482696533203,85.03354785704505,75.81815692181296,81.3912090921539,82.1287989616394,81.09292820816283,5168.465535879135,12.807976961135864,0.5,0.005,256,lr_0.005_hc_256
376,4.125342845916748,1.5141003131866455,0.529862642288208,0.9818183779716492,1.099561333656311,85.22524989730248,75.53060386142681,81.41859509790497,82.41077661514282,81.14630636794426,5183.172206878662,13.906963109970093,0.5,0.005,256,lr_0.005_hc_256
377,4.079959869384766,1.5597790479660034,0.5486911535263062,0.9881256222724915,0.9833643436431885,84.91031083116528,75.17458578666302,82.67835136245378,82.16923475265503,81.23312068323428,5196.7194085121155,12.777271509170532,0.5,0.005,256,lr_0.005_hc_256
378,4.205073833465576,1.5897413492202759,0.5347464084625244,1.0146450996398926,1.0659408569335938,84.9240038340408,75.39367383267151,81.44598110365602,81.87421560287476,80.90946859331078,5210.395079374313,12.87999677658081,0.5,0.005,256,lr_0.005_hc_256
379,4.128550052642822,1.5211888551712036,0.5558105111122131,0.9800480604171753,1.0715028047561646,84.80076680816103,75.65384088730659,81.59660413528687,81.70263171195984,80.93846088567858,5224.71642947197,13.552964448928833,0.5,0.005,256,lr_0.005_hc_256
380,4.11403751373291,1.5979329347610474,0.5212944149971008,0.9536145329475403,1.0411958694458008,85.60865397781734,75.61276187867999,82.37710529919211,81.47412538528442,81.26816163524346,5238.708109378815,13.185108661651611,0.5,0.005,256,lr_0.005_hc_256
381,4.067237377166748,1.52582848072052,0.5399705171585083,0.9434514045715332,1.057986855506897,84.80076680816103,76.02355196494591,81.69245515541557,80.90564012527466,80.8556035134493,5253.200911283493,13.746183633804321,0.5,0.005,256,lr_0.005_hc_256
382,4.118365287780762,1.6154797077178955,0.5428817868232727,0.9632387161254883,0.9967650175094604,84.7870738052855,75.96877995344379,82.25386827331234,82.1088433265686,81.27964133965256,5266.802183389664,12.793137073516846,0.5,0.005,256,lr_0.005_hc_256
383,4.091245651245117,1.5510550737380981,0.5521531701087952,0.9727694988250732,1.0152676105499268,84.67752978228125,75.53060386142681,82.51403532794743,81.87181949615479,81.14849711695257,5280.39454126358,12.854451417922974,0.5,0.005,256,lr_0.005_hc_256
384,4.164954662322998,1.5927413702011108,0.5543530583381653,0.9705952405929565,1.0472650527954102,85.21155689442695,76.09201697932356,81.66506914966453,82.12773203849792,81.27409376547824,5294.456853866577,13.249912977218628,0.5,0.005,256,lr_0.005_hc_256
385,4.121087551116943,1.6047072410583496,0.5353018045425415,0.9763290882110596,1.0047495365142822,84.85553881966315,75.83184992468848,82.22648226756128,82.00696110725403,81.23020802979174,5308.063437700272,12.767852306365967,0.5,0.005,256,lr_0.005_hc_256
386,4.037970542907715,1.4634045362472534,0.5535054206848145,0.9658629894256592,1.0551972389221191,85.33479392030672,75.91400794194166,81.99370121867724,83.48097205162048,81.68086878313653,5322.190692424774,13.37707805633545,0.5,0.005,256,lr_0.005_hc_256
387,4.164986610412598,1.6096779108047485,0.5443335771560669,0.9647511839866638,1.046223759651184,84.88292482541422,76.25633301382993,82.11693824455703,81.4113438129425,81.16688497418592,5335.72607254982,12.794877767562866,0.5,0.005,256,lr_0.005_hc_256
388,4.142567157745361,1.6510920524597168,0.5138492584228516,0.9783501029014587,0.999275803565979,85.40325893468437,75.05134876078324,82.39079830206765,82.07559585571289,81.23025046331203,5350.049607038498,13.47208833694458,0.5,0.005,256,lr_0.005_hc_256
389,4.136520862579346,1.5897762775421143,0.5325984954833984,0.9813525676727295,1.032793641090393,85.69081199507052,75.35259482404491,82.02108722442831,82.69143104553223,81.43898127226899,5363.704912900925,12.852518558502197,0.5,0.005,256,lr_0.005_hc_256
390,4.13798189163208,1.5895594358444214,0.5322784781455994,1.0174049139022827,0.9987392425537109,85.60865397781734,75.06504176365877,82.19909626181021,83.2929015159607,81.54142337981175,5377.2279686927795,12.788996696472168,0.5,0.005,256,lr_0.005_hc_256
391,4.215189456939697,1.6476398706436157,0.5365903377532959,0.9900937676429749,1.0408653020858765,85.4991099548131,75.55798986717788,81.76092016979324,79.96206879615784,80.6950221969855,5390.73647236824,12.72748064994812,0.5,0.005,256,lr_0.005_hc_256
392,4.146134853363037,1.5430580377578735,0.5525158047676086,0.960757315158844,1.0898038148880005,84.95138983979187,76.35218403395865,81.67876215254005,83.12584161758423,81.5270444109687,5404.4462814331055,12.989180564880371,0.5,0.005,256,lr_0.005_hc_256
393,4.078184604644775,1.5620133876800537,0.5387560725212097,0.9704703688621521,1.0069447755813599,84.99246884841845,75.46213884704915,82.33602629056553,81.75690174102783,81.13688393176524,5417.891090154648,12.700467824935913,0.5,0.005,256,lr_0.005_hc_256
394,4.078307628631592,1.5468074083328247,0.5452187657356262,0.9657344818115234,1.0205469131469727,84.81445981103656,75.79077091606189,81.91154320142408,82.75740146636963,81.31854384872304,5431.451136112213,12.807416915893555,0.5,0.005,256,lr_0.005_hc_256
395,4.088720321655273,1.5776009559631348,0.5526378750801086,0.953162670135498,1.0053186416625977,84.69122278515678,75.25674380391621,82.15801725318363,82.62598514556885,81.18299224695636,5445.240825891495,13.000841617584229,0.5,0.005,256,lr_0.005_hc_256
396,4.09771203994751,1.5972404479980469,0.5169363617897034,0.9637710452079773,1.0197641849517822,85.33479392030672,75.47583184992469,81.76092016979324,80.91521263122559,80.87168964281256,5458.734538555145,12.791420936584473,0.5,0.005,256,lr_0.005_hc_256
397,4.076011657714844,1.5809762477874756,0.5536248087882996,0.9858800768852234,0.9555302262306213,84.63645077365466,75.76338491031083,83.3082294947282,83.45277905464172,81.79021105833385,5472.968698978424,13.427069902420044,0.5,0.005,256,lr_0.005_hc_256
398,4.073626518249512,1.5569483041763306,0.5364003777503967,0.9413660168647766,1.0389119386672974,85.03354785704505,75.9277009448172,82.14432425030809,81.17671012878418,81.07057079523862,5486.661679267883,12.90945291519165,0.5,0.005,256,lr_0.005_hc_256
399,4.025352478027344,1.5521682500839233,0.5452559590339661,0.9430944323539734,0.9848335385322571,84.6501437765302,76.03724496782144,82.69204436532932,82.19397068023682,81.39335094747943,5500.1941730976105,12.798438787460327,0.5,0.005,256,lr_0.005_hc_256
400,4.079449653625488,1.5603938102722168,0.5443089604377747,0.9777977466583252,0.9969494342803955,85.2800219088046,75.68122689305766,82.34971929344105,80.21664619445801,80.88190357244032,5513.914906740189,12.914572954177856,0.5,0.005,256,lr_0.005_hc_256
