epochs,losses,accuracies,cumulative_time_seconds,epoch_time_seconds
1,32.502479553222656,,0.04727792739868164,0.04727792739868164
2,31.276962280273438,,0.06295275688171387,0.015674829483032227
3,30.35281753540039,,0.09427118301391602,0.015674114227294922
4,29.65781021118164,,0.10996389389038086,0.015692710876464844
5,29.100069046020508,,0.12596344947814941,0.015999555587768555
6,28.703556060791016,,0.15758347511291504,0.015894412994384766
7,28.256431579589844,,0.17369580268859863,0.016112327575683594
8,27.933956146240234,,0.2053670883178711,0.03167128562927246
9,27.691741943359375,,0.22143006324768066,0.01606297492980957
10,27.42768096923828,,0.23857998847961426,0.017149925231933594
11,27.264049530029297,,0.26903343200683594,0.03045344352722168
12,27.163156509399414,,0.2846717834472656,0.015638351440429688
13,27.04460906982422,,0.3003668785095215,0.01569509506225586
14,26.91940689086914,,0.3321869373321533,0.015873432159423828
15,26.788619995117188,,0.347898006439209,0.015711069107055664
16,26.71925926208496,,0.363628625869751,0.015730619430541992
17,26.59222412109375,,0.39520955085754395,0.015682697296142578
18,26.494049072265625,,0.4112257957458496,0.016016244888305664
19,26.431110382080078,,0.4269993305206299,0.015773534774780273
20,26.302406311035156,,0.4583625793457031,0.014461994171142578
21,26.24766731262207,,0.47407078742980957,0.015708208084106445
22,26.178627014160156,,0.48978424072265625,0.01571345329284668
23,26.15631866455078,,0.5214035511016846,0.013814687728881836
24,26.04364013671875,,0.5454282760620117,0.02402472496032715
25,26.04292106628418,,0.569049596786499,0.023621320724487305
26,25.954608917236328,,0.5882112979888916,0.019161701202392578
27,25.90541648864746,,0.6157653331756592,0.027554035186767578
28,25.878145217895508,,0.6356925964355469,0.019927263259887695
29,25.858264923095703,,0.6561858654022217,0.020493268966674805
30,25.76345443725586,,0.6792886257171631,0.023102760314941406
31,25.736526489257812,,0.6990618705749512,0.019773244857788086
32,25.709077835083008,,0.7203798294067383,0.02131795883178711
33,25.663585662841797,,0.7418653964996338,0.021485567092895508
34,25.582616806030273,,0.7637872695922852,0.021921873092651367
35,25.555700302124023,,0.7845571041107178,0.020769834518432617
36,25.56178855895996,,0.8073470592498779,0.017977237701416016
37,25.51094627380371,,0.827430248260498,0.020083189010620117
38,25.498889923095703,,0.8481602668762207,0.020730018615722656
39,25.452354431152344,,0.8709290027618408,0.018028736114501953
40,25.386783599853516,,0.8908696174621582,0.019940614700317383
41,25.385770797729492,,0.9121594429016113,0.021289825439453125
42,25.403553009033203,,0.9381120204925537,0.02166914939880371
43,25.33824920654297,,0.9585261344909668,0.020414113998413086
44,25.309520721435547,,0.9797608852386475,0.015858173370361328
45,25.31088638305664,,1.0016169548034668,0.021856069564819336
46,25.265560150146484,,1.0222361087799072,0.02061915397644043
47,25.304563522338867,,1.043382167816162,0.01586008071899414
48,25.219850540161133,,1.0652086734771729,0.021826505661010742
49,25.242977142333984,,1.0859766006469727,0.020767927169799805
50,25.159957885742188,,1.1088333129882812,0.018053054809570312
51,25.18890380859375,,1.1285862922668457,0.019752979278564453
52,25.118499755859375,,1.1498980522155762,0.02131175994873047
53,25.10232162475586,,1.1720881462097168,0.0179598331451416
54,25.132022857666016,,1.1922037601470947,0.02011561393737793
55,25.07266616821289,,1.2135913372039795,0.021387577056884766
56,25.0841121673584,,1.2359001636505127,0.017904996871948242
57,25.026588439941406,,1.2562763690948486,0.020376205444335938
58,24.978071212768555,,1.2776076793670654,0.021331310272216797
59,24.99260139465332,,1.298659324645996,0.017458677291870117
60,24.961803436279297,,1.3199195861816406,0.02126026153564453
61,24.96281623840332,,1.341015100479126,0.02109551429748535
62,24.941484451293945,,1.364142894744873,0.0199129581451416
63,24.88394546508789,,1.3838658332824707,0.019722938537597656
64,24.845420837402344,,1.4074745178222656,0.023608684539794922
65,24.881744384765625,,1.4273581504821777,0.01988363265991211
66,24.853214263916016,,1.4476375579833984,0.020279407501220703
67,24.819988250732422,,1.4707973003387451,0.02315974235534668
68,24.776485443115234,,1.4905176162719727,0.01972031593322754
69,24.80142593383789,,1.5114333629608154,0.020915746688842773
70,24.734960556030273,,1.5345613956451416,0.023128032684326172
71,24.757606506347656,,1.5543467998504639,0.019785404205322266
72,24.721050262451172,,1.5757877826690674,0.021440982818603516
73,24.633209228515625,,1.5981435775756836,0.02235579490661621
74,24.651622772216797,,1.6180734634399414,0.019929885864257812
75,24.657794952392578,,1.6393864154815674,0.021312952041625977
76,24.59507942199707,,1.6622321605682373,0.022845745086669922
77,24.60104751586914,,1.6822223663330078,0.019990205764770508
78,24.54484748840332,,1.7035560607910156,0.021333694458007812
79,24.58984375,,1.7257795333862305,0.022223472595214844
80,24.54620361328125,,1.7476704120635986,0.021890878677368164
81,24.496410369873047,,1.7674505710601807,0.01978015899658203
82,24.462635040283203,,1.7898061275482178,0.02235555648803711
83,24.46034812927246,,1.811692237854004,0.021886110305786133
84,24.438955307006836,,1.8315231800079346,0.019830942153930664
85,24.367015838623047,,1.8529715538024902,0.015668630599975586
86,24.34503173828125,,1.8747496604919434,0.021778106689453125
87,24.34090805053711,,1.8955681324005127,0.020818471908569336
88,24.323108673095703,,1.9182922840118408,0.017937660217285156
89,24.289287567138672,,1.9379990100860596,0.01970672607421875
90,24.246841430664062,,1.959669589996338,0.02167057991027832
91,24.259601593017578,,1.9818487167358398,0.017838239669799805
92,24.19892692565918,,2.002131700515747,0.020282983779907227
93,24.163414001464844,,2.02356219291687,0.021430492401123047
94,24.148469924926758,,2.04489803314209,0.0175783634185791
95,24.100894927978516,,2.066255807876587,0.02135777473449707
96,24.07547950744629,,2.0875532627105713,0.021297454833984375
97,24.067302703857422,,2.1102614402770996,0.019958019256591797
98,24.004817962646484,,2.1301679611206055,0.01990652084350586
99,23.99435043334961,,2.1536386013031006,0.023470640182495117
100,23.96939468383789,0.0,2.1758041381835938,0.022165536880493164
101,23.906471252441406,,2.1972179412841797,0.021413803100585938
102,23.884302139282227,,2.2186203002929688,0.017868995666503906
103,23.789209365844727,,2.2399559020996094,0.021335601806640625
104,23.813621520996094,,2.2610411643981934,0.021085262298583984
105,23.7104434967041,,2.2840471267700195,0.01969742774963379
106,23.719287872314453,,2.3035888671875,0.01954174041748047
107,23.611814498901367,,2.325047254562378,0.02145838737487793
108,23.637285232543945,,2.3480122089385986,0.02010941505432129
109,23.503971099853516,,2.3677029609680176,0.019690752029418945
110,23.494056701660156,,2.391278028488159,0.0235750675201416
111,23.509370803833008,,2.411065101623535,0.019787073135375977
112,23.410770416259766,,2.43153715133667,0.020472049713134766
113,23.362533569335938,,2.4547457695007324,0.0232086181640625
114,23.303850173950195,,2.4743940830230713,0.018518924713134766
115,23.30449676513672,,2.495619535446167,0.021225452423095703
116,23.257526397705078,,2.51804256439209,0.02242302894592285
117,23.224567413330078,,2.5399460792541504,0.021903514862060547
118,23.124074935913086,,2.5599069595336914,0.019960880279541016
119,23.06715965270996,,2.5812511444091797,0.015517950057983398
120,23.091651916503906,,2.603095531463623,0.02184438705444336
121,22.934661865234375,,2.623904228210449,0.020808696746826172
122,22.863147735595703,,2.646695375442505,0.018004417419433594
123,22.89144515991211,,2.6666674613952637,0.01997208595275879
124,22.800098419189453,,2.6875710487365723,0.020903587341308594
125,22.658740997314453,,2.7103116512298584,0.017926931381225586
126,22.666452407836914,,2.730147361755371,0.019835710525512695
127,22.619918823242188,,2.7511627674102783,0.021015405654907227
128,22.517623901367188,,2.773979425430298,0.01798248291015625
129,22.537010192871094,,2.793654680252075,0.019675254821777344
130,22.468730926513672,,2.814990997314453,0.02133631706237793
131,22.321670532226562,,2.837520122528076,0.017725706100463867
132,22.369091033935547,,2.857708215713501,0.020188093185424805
133,22.26279067993164,,2.8790273666381836,0.021319150924682617
134,22.193283081054688,,2.901252508163452,0.017926692962646484
135,22.184844970703125,,2.9216103553771973,0.020357847213745117
136,22.099775314331055,,2.9429354667663574,0.021325111389160156
137,21.981935501098633,,2.9663121700286865,0.01980137825012207
138,21.987428665161133,,2.9858059883117676,0.019493818283081055
139,21.909915924072266,,3.0070672035217285,0.021261215209960938
140,21.86269760131836,,3.029846668243408,0.01993250846862793
141,21.779020309448242,,3.0499095916748047,0.020062923431396484
142,21.684654235839844,,3.073530673980713,0.023621082305908203
143,21.640056610107422,,3.092688798904419,0.019158124923706055
144,21.503171920776367,,3.114138603210449,0.021449804306030273
145,21.530420303344727,,3.136380195617676,0.022241592407226562
146,21.42697525024414,,3.1582343578338623,0.021854162216186523
147,21.376453399658203,,3.1780569553375244,0.01982259750366211
148,21.257341384887695,,3.1993682384490967,0.015517711639404297
149,21.19216537475586,,3.221384048461914,0.022015810012817383
150,21.17388916015625,,3.2422213554382324,0.02083730697631836
151,21.061426162719727,,3.264996290206909,0.017983436584472656
152,20.923763275146484,,3.284820079803467,0.019823789596557617
153,21.008647918701172,,3.3059351444244385,0.02111506462097168
154,20.91156005859375,,3.3292343616485596,0.01895284652709961
155,20.879867553710938,,3.350315570831299,0.021081209182739258
156,20.736787796020508,,3.373460054397583,0.02314448356628418
157,20.729496002197266,,3.393221616744995,0.01976156234741211
158,20.59725570678711,,3.414463996887207,0.021242380142211914
159,20.465347290039062,,3.4369776248931885,0.022513628005981445
160,20.373510360717773,,3.4588773250579834,0.021899700164794922
161,20.318363189697266,,3.479006052017212,0.020128726959228516
162,20.262250900268555,,3.5003013610839844,0.015438556671142578
163,20.2823429107666,,3.522152900695801,0.021851539611816406
164,20.1551570892334,,3.542976140975952,0.020823240280151367
165,20.11013412475586,,3.5657758712768555,0.016841411590576172
166,19.981725692749023,,3.58569073677063,0.019914865493774414
167,19.848867416381836,,3.607100248336792,0.02140951156616211
168,19.82919692993164,,3.629523992538452,0.018098115921020508
169,19.76780891418457,,3.653151750564575,0.023627758026123047
170,19.73465919494629,,3.67461895942688,0.015533924102783203
171,19.663799285888672,,3.6964917182922363,0.021872758865356445
172,19.56563949584961,,3.7174012660980225,0.020909547805786133
173,19.411155700683594,,3.740257740020752,0.018035888671875
174,19.38174819946289,,3.7601635456085205,0.019905805587768555
175,19.33995819091797,,3.781506061553955,0.02134251594543457
176,19.262908935546875,,3.803766965866089,0.017938613891601562
177,19.175954818725586,,3.8240363597869873,0.020269393920898438
178,19.129423141479492,,3.845402479171753,0.021366119384765625
179,19.127403259277344,,3.8667352199554443,0.01755356788635254
180,18.98987579345703,,3.8881044387817383,0.021369218826293945
181,18.954288482666016,,3.909377336502075,0.021272897720336914
182,18.781047821044922,,3.932157039642334,0.0199434757232666
183,18.76279067993164,,3.952099084854126,0.019942045211791992
184,18.661945343017578,,3.9758687019348145,0.023769617080688477
185,18.635639190673828,,3.995995044708252,0.0201263427734375
186,18.497577667236328,,4.016484975814819,0.020489931106567383
187,18.487401962280273,,4.039744853973389,0.023259878158569336
188,18.370323181152344,,4.059401988983154,0.019657135009765625
189,18.32121467590332,,4.080752849578857,0.021350860595703125
190,18.306947708129883,,4.103076934814453,0.022324085235595703
191,18.256671905517578,,4.124885082244873,0.021808147430419922
192,18.12364959716797,,4.1449713706970215,0.020086288452148438
193,18.010540008544922,,4.166340112686157,0.015582084655761719
194,17.957706451416016,,4.188159465789795,0.021819353103637695
195,17.886863708496094,,4.208890914916992,0.020731449127197266
196,17.750606536865234,,4.231666326522827,0.01800394058227539
197,17.83469009399414,,4.25133204460144,0.01966571807861328
198,17.685150146484375,,4.272794961929321,0.02146291732788086
199,17.602436065673828,,4.295112371444702,0.018030405044555664
200,17.547990798950195,0.33982970714569094,4.318343639373779,0.02323126792907715
201,17.524677276611328,,4.3408379554748535,0.02249431610107422
202,17.3857479095459,,4.362624883651733,0.021786928176879883
203,17.29891586303711,,4.382538080215454,0.019913196563720703
204,17.259748458862305,,4.403820991516113,0.015538692474365234
205,17.227527618408203,,4.425629377365112,0.021808385848999023
206,17.11002540588379,,4.446620464324951,0.020991086959838867
207,17.07991600036621,,4.469484806060791,0.018084287643432617
208,17.06497573852539,,4.489497900009155,0.020013093948364258
209,16.972064971923828,,4.510969877243042,0.02147197723388672
210,16.812435150146484,,4.53237247467041,0.017146587371826172
211,16.75517463684082,,4.553850412368774,0.021477937698364258
212,16.67866325378418,,4.57567286491394,0.021822452545166016
213,16.534027099609375,,4.5988428592681885,0.019808053970336914
214,16.729093551635742,,4.618259429931641,0.01941657066345215
215,16.561695098876953,,4.639426231384277,0.02116680145263672
216,16.447858810424805,,4.660715818405151,0.017769336700439453
217,16.25320816040039,,4.682164907455444,0.02144908905029297
218,16.30666732788086,,4.703361749649048,0.021196842193603516
219,16.25476837158203,,4.726088523864746,0.019957304000854492
220,16.144521713256836,,4.746090650558472,0.020002126693725586
221,16.148361206054688,,4.769575595855713,0.02348494529724121
222,16.131946563720703,,4.789578199386597,0.02000260353088379
223,16.045352935791016,,4.810214996337891,0.020636796951293945
224,16.044532775878906,,4.833335638046265,0.023120641708374023
225,15.925755500793457,,4.852997303009033,0.019661664962768555
226,15.920222282409668,,4.874453067779541,0.021455764770507812
227,15.737707138061523,,4.895897150039673,0.021444082260131836
228,15.655517578125,,4.9176836013793945,0.02178645133972168
229,15.67326545715332,,4.938148498535156,0.02046489715576172
230,15.571693420410156,,4.961202144622803,0.017763376235961914
231,15.500897407531738,,4.981247425079346,0.02004528045654297
232,15.436894416809082,,5.002907991409302,0.021660566329956055
233,15.499795913696289,,5.025132179260254,0.017887592315673828
234,15.433870315551758,,5.0455121994018555,0.020380020141601562
235,15.391764640808105,,5.066885471343994,0.021373271942138672
236,15.202352523803711,,5.088183403015137,0.01753067970275879
237,15.29239273071289,,5.109393119812012,0.021209716796875
238,15.197931289672852,,5.130784749984741,0.021391630172729492
239,15.061487197875977,,5.153644561767578,0.020039081573486328
240,15.088201522827148,,5.17343282699585,0.019788265228271484
241,15.006165504455566,,5.197105646133423,0.023672819137573242
242,14.879815101623535,,5.217119455337524,0.020013809204101562
243,14.88933277130127,,5.237603425979614,0.020483970642089844
244,14.988948822021484,,5.260549306869507,0.022945880889892578
245,14.703225135803223,,5.280314922332764,0.019765615463256836
246,14.788854598999023,,5.301513910293579,0.02119898796081543
247,14.747737884521484,,5.3237855434417725,0.02227163314819336
248,14.630805015563965,,5.345661401748657,0.021875858306884766
249,14.52971076965332,,5.365575790405273,0.01991438865661621
250,14.564682960510254,,5.3866987228393555,0.015319347381591797
251,14.405519485473633,,5.408615350723267,0.021916627883911133
252,14.397085189819336,,5.429546594619751,0.020931243896484375
253,14.496377944946289,,5.451992034912109,0.017693042755126953
254,14.445594787597656,,5.475854873657227,0.023862838745117188
255,14.32235336303711,,5.497255563735962,0.015547037124633789
256,14.251651763916016,,5.519160270690918,0.021904706954956055
257,14.139122009277344,,5.540164470672607,0.021004199981689453
258,14.19411849975586,,5.563039302825928,0.01806807518005371
259,14.14969539642334,,5.582861661911011,0.019822359085083008
260,14.158178329467773,,5.603657960891724,0.02079629898071289
261,14.05534553527832,,5.626722097396851,0.017738819122314453
262,13.979000091552734,,5.646801710128784,0.020079612731933594
263,13.946099281311035,,5.667565584182739,0.020763874053955078
264,13.851954460144043,,5.6905786991119385,0.01781630516052246
265,13.875480651855469,,5.7106335163116455,0.02005481719970703
266,13.822931289672852,,5.731611967086792,0.020978450775146484
267,13.804463386535645,,5.754507303237915,0.01807379722595215
268,13.806053161621094,,5.774280548095703,0.019773244857788086
269,13.708978652954102,,5.795596122741699,0.021315574645996094
270,13.666055679321289,,5.818408966064453,0.01802968978881836
271,13.64352035522461,,5.838314533233643,0.019905567169189453
272,13.669580459594727,,5.859586238861084,0.021271705627441406
273,13.54255485534668,,5.882021427154541,0.018103361129760742
274,13.557496070861816,,5.902161121368408,0.020139694213867188
275,13.471043586730957,,5.923467636108398,0.021306514739990234
276,13.386194229125977,,5.945782899856567,0.017980098724365234
277,13.42130184173584,,5.965910196304321,0.020127296447753906
278,13.321577072143555,,5.98732590675354,0.02141571044921875
279,13.305339813232422,,6.008757829666138,0.01713085174560547
280,13.238687515258789,,6.0303685665130615,0.021610736846923828
281,13.350128173828125,,6.0515968799591064,0.021228313446044922
282,13.184181213378906,,6.0744788646698,0.020106077194213867
283,13.159355163574219,,6.094564437866211,0.020085573196411133
284,13.13626480102539,,6.118061304092407,0.02349686622619629
285,13.030385971069336,,6.138108015060425,0.020046710968017578
286,13.074664115905762,,6.158519268035889,0.020411252975463867
287,13.034915924072266,,6.181530475616455,0.023011207580566406
288,12.991384506225586,,6.203251361846924,0.02172088623046875
289,12.930965423583984,,6.222920179367065,0.0196688175201416
290,12.852145195007324,,6.244379758834839,0.021459579467773438
291,12.863481521606445,,6.26626443862915,0.021884679794311523
292,12.918797492980957,,6.28682279586792,0.02055835723876953
293,12.77782154083252,,6.309929847717285,0.017798662185668945
294,12.790719985961914,,6.330044269561768,0.020114421844482422
295,12.760967254638672,,6.350870609283447,0.020826339721679688
296,12.760202407836914,,6.373636245727539,0.017984867095947266
297,12.720325469970703,,6.39343786239624,0.019801616668701172
298,12.674114227294922,,6.414782524108887,0.021344661712646484
299,12.726189613342285,,6.436963319778442,0.017898082733154297
300,12.53704833984375,0.5058322072029113,6.460173606872559,0.02321028709411621
301,12.59067153930664,,6.4829792976379395,0.02280569076538086
302,12.454821586608887,,6.502939701080322,0.019960403442382812
303,12.531625747680664,,6.524284362792969,0.021344661712646484
304,12.479276657104492,,6.546422719955444,0.022138357162475586
305,12.520030975341797,,6.568221092224121,0.021798372268676758
306,12.409222602844238,,6.588002443313599,0.01978135108947754
307,12.339544296264648,,6.609543561935425,0.021541118621826172
308,12.387551307678223,,6.631378173828125,0.021834611892700195
309,12.343252182006836,,6.652080535888672,0.020702362060546875
310,12.333602905273438,,6.67486310005188,0.017985105514526367
311,12.281208038330078,,6.69488263130188,0.02001953125
312,12.232954978942871,,6.716182231903076,0.02129960060119629
313,12.261693000793457,,6.738391637802124,0.017932415008544922
314,12.266138076782227,,6.758477687835693,0.020086050033569336
315,12.193866729736328,,6.780009984970093,0.021532297134399414
316,12.123329162597656,,6.802331924438477,0.018017053604125977
317,12.102656364440918,,6.82278299331665,0.020451068878173828
318,12.063186645507812,,6.844163417816162,0.02138042449951172
319,12.007391929626465,,6.865547180175781,0.017605304718017578
320,12.046470642089844,,6.886594533920288,0.021047353744506836
321,12.024073600769043,,6.907898902893066,0.02130436897277832
322,12.004743576049805,,6.929262638092041,0.017823457717895508
323,11.98992919921875,,6.9507691860198975,0.021506547927856445
324,11.94774055480957,,6.971943140029907,0.021173954010009766
325,11.878223419189453,,6.994366645812988,0.01964592933654785
326,11.884679794311523,,7.014677286148071,0.020310640335083008
327,11.823484420776367,,7.037919044494629,0.023241758346557617
328,11.776058197021484,,7.057629346847534,0.019710302352905273
329,11.858631134033203,,7.078833341598511,0.021203994750976562
330,11.792339324951172,,7.100971937179565,0.022138595581054688
331,11.821246147155762,,7.122788667678833,0.021816730499267578
332,11.751869201660156,,7.142826318740845,0.02003765106201172
333,11.71760082244873,,7.164177179336548,0.015600442886352539
334,11.723611831665039,,7.185931444168091,0.02175426483154297
335,11.735237121582031,,7.207350015640259,0.02141857147216797
336,11.611434936523438,,7.229770183563232,0.018041372299194336
337,11.697452545166016,,7.250015735626221,0.02024555206298828
338,11.621532440185547,,7.271121263504028,0.021105527877807617
339,11.596333503723145,,7.294039487838745,0.018128633499145508
340,11.614928245544434,,7.313976764678955,0.01993727684020996
341,11.604305267333984,,7.334950685501099,0.020973920822143555
342,11.505013465881348,,7.357830047607422,0.018082618713378906
343,11.44652271270752,,7.3778276443481445,0.019997596740722656
344,11.427423477172852,,7.399184226989746,0.021356582641601562
345,11.471712112426758,,7.421406030654907,0.017940282821655273
346,11.475342750549316,,7.441334247589111,0.0199282169342041
347,11.415140151977539,,7.462797164916992,0.02146291732788086
348,11.350193977355957,,7.485021591186523,0.017946720123291016
349,11.448225021362305,,7.505289793014526,0.02026820182800293
350,11.304941177368164,,7.526669979095459,0.021380186080932617
351,11.37909984588623,,7.548019170761108,0.017669200897216797
352,11.285741806030273,,7.569321870803833,0.02130270004272461
353,11.357608795166016,,7.590603590011597,0.021281719207763672
354,11.315032958984375,,7.613411903381348,0.020065784454345703
355,11.324673652648926,,7.633150100708008,0.019738197326660156
356,11.247740745544434,,7.654424428939819,0.021274328231811523
357,11.195974349975586,,7.676053762435913,0.0188295841217041
358,11.209638595581055,,7.697307825088501,0.02125406265258789
359,11.175029754638672,,7.720654010772705,0.0233461856842041
360,11.21798324584961,,7.740312099456787,0.01965808868408203
361,11.13028335571289,,7.761425733566284,0.02111363410949707
362,11.16318130493164,,7.7840821743011475,0.02265644073486328
363,11.147605895996094,,7.8040220737457275,0.019939899444580078
364,11.079439163208008,,7.825310945510864,0.02128887176513672
365,11.022241592407227,,7.846747636795044,0.015234231948852539
366,11.123617172241211,,7.868582487106323,0.021834850311279297
367,11.054261207580566,,7.889045238494873,0.020462751388549805
368,11.014322280883789,,7.912145614624023,0.017766237258911133
369,11.050262451171875,,7.9321677684783936,0.020022153854370117
370,11.00577163696289,,7.95292854309082,0.020760774612426758
371,10.994922637939453,,7.975385665893555,0.017657995223999023
372,10.937905311584473,,7.995726108551025,0.020340442657470703
373,10.932424545288086,,8.017433881759644,0.021707773208618164
374,10.908944129943848,,8.038745164871216,0.017721891403198242
375,10.93433952331543,,8.060117721557617,0.021372556686401367
376,10.79141616821289,,8.081475734710693,0.021358013153076172
377,10.902335166931152,,8.104236841201782,0.02004408836364746
378,10.834151268005371,,8.12394666671753,0.01970982551574707
379,10.775327682495117,,8.145364999771118,0.021418333053588867
380,10.803213119506836,,8.168245077133179,0.02005481719970703
381,10.770476341247559,,8.187974214553833,0.019729137420654297
382,10.769113540649414,,8.209174871444702,0.02120065689086914
383,10.751067161560059,,8.231611967086792,0.019662857055664062
384,10.779891967773438,,8.251890182495117,0.020278215408325195
385,10.680322647094727,,8.27515459060669,0.023264408111572266
386,10.77479362487793,,8.294818878173828,0.019664287567138672
387,10.737199783325195,,8.315871477127075,0.02105259895324707
388,10.728143692016602,,8.338841676712036,0.022970199584960938
389,10.756708145141602,,8.35839581489563,0.018518686294555664
390,10.67574691772461,,8.379467725753784,0.021071910858154297
391,10.638731956481934,,8.401947736740112,0.022480010986328125
392,10.595561981201172,,8.423657655715942,0.021709918975830078
393,10.654962539672852,,8.443615436553955,0.019957780838012695
394,10.583305358886719,,8.464889764785767,0.01550149917602539
395,10.595324516296387,,8.486697435379028,0.02180767059326172
396,10.575674057006836,,8.507347106933594,0.02064967155456543
397,10.565143585205078,,8.530077457427979,0.018042325973510742
398,10.546900749206543,,8.550059080123901,0.01998162269592285
399,10.57773494720459,,8.571393966674805,0.02133488655090332
400,10.525753021240234,0.5836256861686706,8.59529733657837,0.01966381072998047
401,10.480669975280762,,8.616970777511597,0.02167344093322754
402,10.495174407958984,,8.639202356338501,0.022231578826904297
403,10.44436264038086,,8.660953283309937,0.021750926971435547
404,10.468832015991211,,8.6806480884552,0.019694805145263672
405,10.449823379516602,,8.701788663864136,0.015366792678833008
406,10.44644832611084,,8.72357988357544,0.02179121971130371
407,10.420511245727539,,8.744138956069946,0.020559072494506836
408,10.400379180908203,,8.767240047454834,0.01779007911682129
409,10.30363655090332,,8.787305116653442,0.0200650691986084
410,10.359599113464355,,8.808132886886597,0.020827770233154297
411,10.356165885925293,,8.830875635147095,0.017920970916748047
412,10.385746002197266,,8.850670099258423,0.019794464111328125
413,10.3095121383667,,8.871738910675049,0.021068811416625977
414,10.328113555908203,,8.894553661346436,0.018108367919921875
415,10.355287551879883,,8.914645433425903,0.020091772079467773
416,10.290754318237305,,8.935204267501831,0.020558834075927734
417,10.236528396606445,,8.958219766616821,0.017822980880737305
418,10.265314102172852,,8.978307247161865,0.020087480545043945
419,10.217888832092285,,8.99917459487915,0.020867347717285156
420,10.243953704833984,,9.022027730941772,0.0180509090423584
421,10.224857330322266,,9.045219898223877,0.023192167282104492
422,10.25959587097168,,9.068140506744385,0.022920608520507812
423,10.207539558410645,,9.083590745925903,0.01170206069946289
424,10.214550018310547,,9.101171493530273,0.008016824722290039
425,10.18751335144043,,9.130926132202148,0.016639232635498047
426,10.175714492797852,,9.146742343902588,0.01102590560913086
427,10.12649917602539,,9.166844844818115,0.009762048721313477
428,10.124393463134766,,9.19442105293274,0.01605987548828125
429,10.145659446716309,,9.210460662841797,0.01076650619506836
430,10.13414192199707,,9.23054027557373,0.009761333465576172
431,10.064462661743164,,9.257988929748535,0.016072988510131836
432,10.073264122009277,,9.273972511291504,0.010767459869384766
433,10.072782516479492,,9.293879508972168,0.009520769119262695
434,10.087285995483398,,9.321605920791626,0.016043901443481445
435,10.05862045288086,,9.336917161941528,0.01002049446105957
436,10.095884323120117,,9.36834716796875,0.016719818115234375
437,10.090278625488281,,9.384426593780518,0.011208534240722656
438,10.049415588378906,,9.404228210449219,0.010020732879638672
439,9.99491024017334,,9.431432723999023,0.01593017578125
440,9.949169158935547,,9.447466850280762,0.010766267776489258
441,9.968423843383789,,9.46759295463562,0.009521007537841797
442,9.957777976989746,,9.495319128036499,0.015975475311279297
443,9.975042343139648,,9.511399745941162,0.010767221450805664
444,9.986295700073242,,9.537389993667603,0.01567816734313965
445,9.888195991516113,,9.558889389038086,0.015697479248046875
446,9.91175651550293,,9.580739498138428,0.021850109100341797
447,9.930473327636719,,9.601266622543335,0.020527124404907227
448,9.933313369750977,,9.622376918792725,0.015842199325561523
449,9.888126373291016,,9.645194053649902,0.022817134857177734
450,9.870906829833984,,9.665980100631714,0.020786046981811523
451,9.843671798706055,,9.688299179077148,0.01797032356262207
452,9.823097229003906,,9.708537340164185,0.020238161087036133
453,9.795841217041016,,9.729845523834229,0.021308183670043945
454,9.811521530151367,,9.751069784164429,0.01741480827331543
455,9.789934158325195,,9.77237868309021,0.02130889892578125
456,9.873294830322266,,9.793612957000732,0.02123427391052246
457,9.779659271240234,,9.816108226776123,0.019660472869873047
458,9.78199577331543,,9.836580276489258,0.020472049713134766
459,9.704803466796875,,9.85981822013855,0.023237943649291992
460,9.765739440917969,,9.879262924194336,0.01833057403564453
461,9.79024887084961,,9.900569915771484,0.021306991577148438
462,9.76791763305664,,9.922805309295654,0.022235393524169922
463,9.712890625,,9.944663763046265,0.02185845375061035
464,9.695878028869629,,9.964873313903809,0.020209550857543945
465,9.734079360961914,,9.985994815826416,0.015310049057006836
466,9.721847534179688,,10.007907152175903,0.021912336349487305
467,9.716459274291992,,10.028193950653076,0.02028679847717285
468,9.663718223571777,,10.051953315734863,0.01799464225769043
469,9.682414054870605,,10.07279634475708,0.020843029022216797
470,9.69462776184082,,10.092631578445435,0.019835233688354492
471,9.650487899780273,,10.115066289901733,0.017678022384643555
472,9.570699691772461,,10.135526180267334,0.020459890365600586
473,9.607255935668945,,10.156593561172485,0.021067380905151367
474,9.615924835205078,,10.178658723831177,0.017794370651245117
475,9.629100799560547,,10.198740482330322,0.020081758499145508
476,9.564910888671875,,10.219966173171997,0.021225690841674805
477,9.59585952758789,,10.24210810661316,0.0179443359375
478,9.553220748901367,,10.262494564056396,0.020386457443237305
479,9.55113410949707,,10.284080266952515,0.021585702896118164
480,9.519172668457031,,10.307381391525269,0.0198056697845459
481,9.558963775634766,,10.335538387298584,0.02815699577331543
482,9.515687942504883,,10.356363534927368,0.02082514762878418
483,9.47388744354248,,10.38065481185913,0.024291276931762695
484,9.483884811401367,,10.402510643005371,0.019823074340820312
485,9.506708145141602,,10.423795938491821,0.021285295486450195
486,9.463308334350586,,10.446268081665039,0.022472143173217773
487,9.495492935180664,,10.468205451965332,0.02193737030029297
488,9.443279266357422,,10.48810863494873,0.019903182983398438
489,9.416218757629395,,10.509527921676636,0.015584707260131836
490,9.385650634765625,,10.53336787223816,0.023839950561523438
491,9.412505149841309,,10.55287790298462,0.01951003074645996
492,9.407503128051758,,10.575107097625732,0.01679372787475586
493,9.359233856201172,,10.595449447631836,0.020342350006103516
494,9.433451652526855,,10.616754531860352,0.021305084228515625
495,9.376190185546875,,10.637878894805908,0.017418622970581055
496,9.39614200592041,,10.659119844436646,0.021240949630737305
497,9.336641311645508,,10.680423736572266,0.021303892135620117
498,9.374114036560059,,10.70326018333435,0.020063400268554688
499,9.331379890441895,,10.722915649414062,0.019655466079711914
500,9.335981369018555,0.6455409169197083,10.746834993362427,0.023919343948364258
501,9.3519287109375,,10.768627643585205,0.02179265022277832
502,9.308177947998047,,10.789299964904785,0.020672321319580078
503,9.338513374328613,,10.811957359313965,0.017887115478515625
504,9.29588508605957,,10.825794458389282,0.013837099075317383
505,9.27587890625,,10.859660387039185,0.01777935028076172
506,9.279851913452148,,10.879362106323242,0.019701719284057617
507,9.244733810424805,,10.900439977645874,0.021077871322631836
508,9.223281860351562,,10.923290252685547,0.018042802810668945
509,9.235442161560059,,10.943114995956421,0.019824743270874023
510,9.216798782348633,,10.964468002319336,0.02135300636291504
511,9.209074020385742,,10.98686695098877,0.018071651458740234
512,9.23157787322998,,11.006908893585205,0.020041942596435547
513,9.193611145019531,,11.028268814086914,0.021359920501708984
514,9.152347564697266,,11.049649953842163,0.017133235931396484
515,9.148727416992188,,11.071082830429077,0.021432876586914062
516,9.163040161132812,,11.09239387512207,0.021311044692993164
517,9.168839454650879,,11.113625049591064,0.017439842224121094
518,9.167413711547852,,11.134789228439331,0.0211641788482666
519,9.138413429260254,,11.156301736831665,0.021512508392333984
520,9.138837814331055,,11.179102420806885,0.019635677337646484
521,9.0875825881958,,11.198691129684448,0.019588708877563477
522,9.092841148376465,,11.220072269439697,0.021381139755249023
523,9.087353706359863,,11.242541551589966,0.019702434539794922
524,9.077781677246094,,11.263206243515015,0.020664691925048828
525,9.105584144592285,,11.2862069606781,0.023000717163085938
526,9.078730583190918,,11.305976629257202,0.019769668579101562
527,9.0948486328125,,11.326923847198486,0.02094721794128418
528,9.02076530456543,,11.349792718887329,0.022868871688842773
529,9.082242012023926,,11.36943507194519,0.018518686294555664
530,9.062006950378418,,11.39086651802063,0.021431446075439453
531,9.039607048034668,,11.413172960281372,0.01602649688720703
532,9.011404991149902,,11.434979915618896,0.021806955337524414
533,9.034282684326172,,11.454925775527954,0.019945859909057617
534,8.971251487731934,,11.476226091384888,0.015542745590209961
535,9.014795303344727,,11.498241901397705,0.022015810012817383
536,8.992827415466309,,11.518802165985107,0.020560264587402344
537,8.973042488098145,,11.541766881942749,0.017760515213012695
538,8.883416175842285,,11.564984798431396,0.02321791648864746
539,8.941267013549805,,11.586422443389893,0.015215635299682617
540,8.92452621459961,,11.60826063156128,0.02183818817138672
541,8.988761901855469,,11.628872156143188,0.02061152458190918
542,8.876134872436523,,11.65192198753357,0.017717361450195312
543,8.92072868347168,,11.672015905380249,0.020093917846679688
544,8.916439056396484,,11.692795276641846,0.02077937126159668
545,8.880171775817871,,11.715744733810425,0.01778125762939453
546,8.890161514282227,,11.73580527305603,0.02006053924560547
547,8.85824203491211,,11.756746292114258,0.02094101905822754
548,8.86405086517334,,11.779544353485107,0.01810741424560547
549,8.834015846252441,,11.799600839614868,0.020056486129760742
550,8.843257904052734,,11.82036280632019,0.020761966705322266
551,8.844768524169922,,11.843299627304077,0.017713546752929688
552,8.852693557739258,,11.863372564315796,0.02007293701171875
553,8.784219741821289,,11.884328603744507,0.020956039428710938
554,8.792621612548828,,11.907201051712036,0.01806330680847168
555,8.73780345916748,,11.927223443984985,0.02002239227294922
556,8.766993522644043,,11.948070764541626,0.020847320556640625
557,8.730596542358398,,11.971161842346191,0.017871618270874023
558,8.724725723266602,,11.991284847259521,0.020123004913330078
559,8.766782760620117,,12.011937856674194,0.02065300941467285
560,8.742016792297363,,12.034634351730347,0.01794743537902832
561,8.713245391845703,,12.054649829864502,0.020015478134155273
562,8.724491119384766,,12.076228141784668,0.021578311920166016
563,8.653643608093262,,12.098567485809326,0.018061399459838867
564,8.70223617553711,,12.118719816207886,0.02015233039855957
565,8.707154273986816,,12.13997745513916,0.021257638931274414
566,8.730815887451172,,12.162190437316895,0.01788616180419922
567,8.655715942382812,,12.18239974975586,0.020209312438964844
568,8.669580459594727,,12.20369815826416,0.02129840850830078
569,8.68427848815918,,12.226033210754395,0.018627643585205078
570,8.643890380859375,,12.246461391448975,0.020428180694580078
571,8.578535079956055,,12.267854690551758,0.021393299102783203
572,8.627023696899414,,12.290641069412231,0.02006840705871582
573,8.64411735534668,,12.310219049453735,0.019577980041503906
574,8.611133575439453,,12.331459522247314,0.0212404727935791
575,8.612834930419922,,12.354308128356934,0.020084142684936523
576,8.591047286987305,,12.374056100845337,0.01974797248840332
577,8.592796325683594,,12.395242691040039,0.02118659019470215
578,8.606090545654297,,12.418087720870972,0.020068883895874023
579,8.58385944366455,,12.43756628036499,0.019478559494018555
580,8.57652473449707,,12.458744049072266,0.02117776870727539
581,8.55027961730957,,12.481172561645508,0.01968669891357422
582,8.524269104003906,,12.501771926879883,0.020599365234375
583,8.572406768798828,,12.524810314178467,0.023038387298583984
584,8.49599838256836,,12.54844331741333,0.02363300323486328
585,8.545767784118652,,12.572075366973877,0.023632049560546875
586,8.523645401000977,,12.591951131820679,0.019875764846801758
587,8.485048294067383,,12.612541675567627,0.020590543746948242
588,8.495877265930176,,12.635552883148193,0.023011207580566406
589,8.48822021484375,,12.655291080474854,0.019738197326660156
590,8.513679504394531,,12.676386833190918,0.021095752716064453
591,8.467803001403809,,12.698951482772827,0.02256464958190918
592,8.47402286529541,,12.723228454589844,0.0242769718170166
593,8.442829132080078,,12.746581315994263,0.023352861404418945
594,8.452261924743652,,12.766348838806152,0.01976752281188965
595,8.400290489196777,,12.787502765655518,0.021153926849365234
596,8.458091735839844,,12.810012817382812,0.022510051727294922
597,8.409904479980469,,12.832134485244751,0.022121667861938477
598,8.428470611572266,,12.85337781906128,0.02124333381652832
599,8.412643432617188,,12.876989126205444,0.019367218017578125
600,8.365318298339844,0.7605493783950805,12.902359962463379,0.02537083625793457
601,8.351934432983398,,12.924202680587769,0.019258737564086914
602,8.362970352172852,,12.945878744125366,0.021676063537597656
603,8.345439910888672,,12.9681556224823,0.022276878356933594
604,8.377680778503418,,12.988159656524658,0.0200040340423584
605,8.294472694396973,,13.008944749832153,0.020785093307495117
606,8.306699752807617,,13.032028913497925,0.023084163665771484
607,8.350378036499023,,13.051818132400513,0.01978921890258789
608,8.324459075927734,,13.073035717010498,0.02121758460998535
609,8.29993724822998,,13.095465421676636,0.022429704666137695
610,8.292484283447266,,13.117451667785645,0.02198624610900879
611,8.316041946411133,,13.137168884277344,0.01971721649169922
612,8.265389442443848,,13.15855622291565,0.015246868133544922
613,8.296529769897461,,13.180337190628052,0.021780967712402344
614,8.214273452758789,,13.201178789138794,0.020841598510742188
615,8.299242973327637,,13.22377872467041,0.01792120933532715
616,8.271114349365234,,13.243463277816772,0.019684553146362305
617,8.247432708740234,,13.264631271362305,0.021167993545532227
618,8.205642700195312,,13.28744626045227,0.018056869506835938
619,8.241476058959961,,13.307199954986572,0.019753694534301758
620,8.169184684753418,,13.328572988510132,0.02137303352355957
621,8.218164443969727,,13.350114107131958,0.017240524291992188
622,8.188408851623535,,13.371047496795654,0.02093338966369629
623,8.201245307922363,,13.392375469207764,0.021327972412109375
624,8.16081714630127,,13.413660526275635,0.017535924911499023
625,8.178869247436523,,13.434967279434204,0.021306753158569336
626,8.208730697631836,,13.456059455871582,0.02109217643737793
627,8.17036247253418,,13.479040145874023,0.01971578598022461
628,8.139552116394043,,13.498878479003906,0.019838333129882812
629,8.188179969787598,,13.520110368728638,0.021231889724731445
630,8.075433731079102,,13.542929649353027,0.02009272575378418
631,8.118964195251465,,13.562683582305908,0.01975393295288086
632,8.12830924987793,,13.58375358581543,0.021070003509521484
633,8.12858772277832,,13.606635093688965,0.02011847496032715
634,8.127985000610352,,13.62620759010315,0.01957249641418457
635,8.09356689453125,,13.647404432296753,0.021196842193603516
636,8.097604751586914,,13.670093297958374,0.019947528839111328
637,8.0816650390625,,13.689852952957153,0.019759654998779297
638,8.063863754272461,,13.713316917419434,0.023463964462280273
639,8.002819061279297,,13.733064413070679,0.019747495651245117
640,8.0612154006958,,13.753949403762817,0.020884990692138672
641,8.092767715454102,,13.776890277862549,0.022940874099731445
642,8.029316902160645,,13.796538829803467,0.01964855194091797
643,7.998621463775635,,13.81768012046814,0.02114129066467285
644,8.003971099853516,,13.840462446212769,0.022782325744628906
645,7.986622333526611,,13.860353946685791,0.01989150047302246
646,8.01479434967041,,13.881682872772217,0.02132892608642578
647,7.995121955871582,,13.9038405418396,0.022157669067382812
648,7.96575403213501,,13.925610065460205,0.02176952362060547
649,8.028167724609375,,13.945247650146484,0.019637584686279297
650,7.985052585601807,,13.966460704803467,0.015501737594604492
651,7.961324691772461,,13.988223314285278,0.021762609481811523
652,7.954323768615723,,14.00930118560791,0.021077871322631836
653,7.972271919250488,,14.031952142715454,0.017943620681762695
654,7.964439392089844,,14.051767110824585,0.01981496810913086
655,7.898981094360352,,14.07317304611206,0.021405935287475586
656,7.947184085845947,,14.095221042633057,0.01778268814086914
657,7.909763813018799,,14.115479946136475,0.02025890350341797
658,7.951477527618408,,14.136614084243774,0.021134138107299805
659,7.949865341186523,,14.159449100494385,0.01810455322265625
660,7.933221340179443,,14.17947244644165,0.020023345947265625
661,7.839930534362793,,14.20046353340149,0.020991086959838867
662,7.884186744689941,,14.223090887069702,0.017980575561523438
663,7.863783836364746,,14.242807388305664,0.019716501235961914
664,7.908604621887207,,14.26384425163269,0.021036863327026367
665,7.855713844299316,,14.284644365310669,0.016118288040161133
666,7.857913970947266,,14.306660652160645,0.022016286849975586
667,7.857534408569336,,14.327019214630127,0.020358562469482422
668,7.820222854614258,,14.348330974578857,0.015607595443725586
669,7.851081848144531,,14.370098352432251,0.021767377853393555
670,7.840887069702148,,14.39075517654419,0.020656824111938477
671,7.796159744262695,,14.413201093673706,0.017676591873168945
672,7.772999286651611,,14.433602809906006,0.020401716232299805
673,7.803014755249023,,14.454909086227417,0.021306276321411133
674,7.78549861907959,,14.475984573364258,0.01737070083618164
675,7.721683502197266,,14.497291803359985,0.02130722999572754
676,7.768367767333984,,14.518357038497925,0.021065235137939453
677,7.777225971221924,,14.541267395019531,0.019690752029418945
678,7.7469563484191895,,14.560936212539673,0.0196688175201416
679,7.745034217834473,,14.58223557472229,0.021299362182617188
680,7.777573585510254,,14.604867935180664,0.01992177963256836
681,7.729839324951172,,14.624635219573975,0.019767284393310547
682,7.747547626495361,,14.6457040309906,0.021068811416625977
683,7.706356048583984,,14.668487787246704,0.02001476287841797
684,7.751267910003662,,14.688187599182129,0.019699811935424805
685,7.701379776000977,,14.709546566009521,0.021358966827392578
686,7.6992340087890625,,14.731994390487671,0.019682884216308594
687,7.705540657043457,,14.752472400665283,0.020478010177612305
688,7.656111717224121,,14.775657653808594,0.023185253143310547
689,7.672476768493652,,14.795436143875122,0.01977849006652832
690,7.6953301429748535,,14.816335439682007,0.020899295806884766
691,7.660303115844727,,14.839228391647339,0.02289295196533203
692,7.673891544342041,,14.854919195175171,0.01569080352783203
693,7.66335916519165,,14.87097454071045,0.01605534553527832
694,7.655085563659668,,14.902599096298218,0.031624555587768555
695,7.634263038635254,,14.918271541595459,0.01567244529724121
696,7.664828777313232,,14.934101819992065,0.015830278396606445
697,7.604330062866211,,14.965505361557007,0.015739917755126953
698,7.595166206359863,,14.98115086555481,0.015645503997802734
699,7.545855522155762,,14.996812105178833,0.015661239624023438
700,7.603618621826172,0.8254373431205749,15.028228521347046,0.015667438507080078
701,7.6190032958984375,,15.053015947341919,0.024787425994873047
702,7.60900354385376,,15.075924396514893,0.022908449172973633
703,7.593288421630859,,15.091657876968384,0.01573348045349121
704,7.56497049331665,,15.10773754119873,0.01607966423034668
705,7.597896575927734,,15.139501333236694,0.015729665756225586
706,7.524167060852051,,15.163604021072388,0.02410268783569336
707,7.571833610534668,,15.18405818939209,0.02045416831970215
708,7.5857157707214355,,15.206738471984863,0.019957542419433594
709,7.558713912963867,,15.22645092010498,0.019712448120117188
710,7.516951084136963,,15.25001859664917,0.023567676544189453
711,7.537639141082764,,15.269847393035889,0.01982879638671875
712,7.544864654541016,,15.290178298950195,0.02033090591430664
713,7.488553047180176,,15.31340765953064,0.023229360580444336
714,7.538241386413574,,15.333071947097778,0.019664287567138672
715,7.530181407928467,,15.35397744178772,0.020905494689941406
716,7.483738899230957,,15.376967668533325,0.02299022674560547
717,7.4760355949401855,,15.396725416183472,0.019757747650146484
718,7.451077461242676,,15.417913675308228,0.02118825912475586
719,7.443463325500488,,15.44026255607605,0.022348880767822266
720,7.487534523010254,,15.462013244628906,0.021750688552856445
721,7.494649887084961,,15.481600522994995,0.019587278366088867
722,7.441417694091797,,15.502974271774292,0.015613079071044922
723,7.414440631866455,,15.524815320968628,0.021841049194335938
724,7.450470447540283,,15.545599460601807,0.02078413963317871
725,7.41238260269165,,15.568658351898193,0.01811361312866211
726,7.451867580413818,,15.58239483833313,0.013736486434936523
727,7.434820652008057,,15.61414909362793,0.031754255294799805
728,7.386048316955566,,15.636027336120605,0.02187824249267578
729,7.4187541007995605,,15.655655145645142,0.019627809524536133
730,7.359652519226074,,15.677115201950073,0.015683889389038086
731,7.368093490600586,,15.698923587799072,0.021808385848999023
732,7.382905006408691,,15.719399213790894,0.02047562599182129
733,7.3586225509643555,,15.742437839508057,0.017780065536499023
734,7.353790283203125,,15.762534618377686,0.020096778869628906
735,7.319873809814453,,15.783626317977905,0.021091699600219727
736,7.32425594329834,,15.806232929229736,0.01790595054626465
737,7.421244144439697,,15.826135635375977,0.019902706146240234
738,7.293290138244629,,15.847445487976074,0.021309852600097656
739,7.327427864074707,,15.869402170181274,0.017750978469848633
740,7.360128402709961,,15.88948106765747,0.02007889747619629
741,7.311059951782227,,15.910537481307983,0.021056413650512695
742,7.331031799316406,,15.933202266693115,0.01792287826538086
743,7.326235294342041,,15.947014570236206,0.01381230354309082
744,7.292468547821045,,15.974158763885498,0.027144193649291992
745,7.312894344329834,,15.996818780899048,0.017963171005249023
746,7.285205841064453,,16.016759634017944,0.019940853118896484
747,7.22245454788208,,16.03811740875244,0.02135777473449707
748,7.268242359161377,,16.06026601791382,0.017866849899291992
749,7.261725425720215,,16.08121967315674,0.020953655242919922
750,7.2837934494018555,,16.10148048400879,0.02026081085205078
751,7.296243190765381,,16.124240398406982,0.018002748489379883
752,7.235998630523682,,16.14433002471924,0.02008962631225586
753,7.2628374099731445,,16.165054321289062,0.02072429656982422
754,7.257853031158447,,16.186011791229248,0.01573777198791504
755,7.23056697845459,,16.2080180644989,0.02200627326965332
756,7.259335994720459,,16.22902774810791,0.02100968360900879
757,7.212916851043701,,16.252047777175903,0.017864465713500977
758,7.225329399108887,,16.272117853164673,0.02007007598876953
759,7.246093273162842,,16.292581796646118,0.020463943481445312
760,7.191360950469971,,16.313904285430908,0.01559305191040039
761,7.2211127281188965,,16.335777759552002,0.02187347412109375
762,7.203949928283691,,16.356385231018066,0.020607471466064453
763,7.210538864135742,,16.377469778060913,0.01587843894958496
764,7.197535514831543,,16.399270057678223,0.02180027961730957
765,7.175568580627441,,16.42011070251465,0.02084064483642578
766,7.208632469177246,,16.441009998321533,0.016123056411743164
767,7.164735794067383,,16.462968826293945,0.02195882797241211
768,7.155179023742676,,16.48383069038391,0.02086186408996582
769,7.13949728012085,,16.50664186477661,0.0180661678314209
770,7.1786675453186035,,16.52048373222351,0.013841867446899414
771,7.155618667602539,,16.552147388458252,0.03166365623474121
772,7.147726058959961,,16.573964595794678,0.02181720733642578
773,7.119738578796387,,16.594022750854492,0.020058155059814453
774,7.116515636444092,,16.61542272567749,0.01562666893005371
775,7.1031999588012695,,16.637322425842285,0.021899700164794922
776,7.056390762329102,,16.658196449279785,0.0208740234375
777,7.084916591644287,,16.680907249450684,0.017911195755004883
778,7.106348514556885,,16.70059561729431,0.01968836784362793
779,7.134331703186035,,16.721753120422363,0.021157503128051758
780,7.1265869140625,,16.74397587776184,0.017914533615112305
781,7.063736438751221,,16.764050722122192,0.020074844360351562
782,7.0545549392700195,,16.78561234474182,0.021561622619628906
783,7.05961799621582,,16.80783200263977,0.017947912216186523
784,7.043140888214111,,16.828189849853516,0.020357847213745117
785,7.039175987243652,,16.849562406539917,0.021372556686401367
786,7.016336441040039,,16.870920658111572,0.017602920532226562
787,7.031549453735352,,16.892242670059204,0.021322011947631836
788,7.044462203979492,,16.91342568397522,0.021183013916015625
789,7.025908470153809,,16.936280727386475,0.020084381103515625
790,7.014670372009277,,16.95593547821045,0.01965475082397461
791,7.05845832824707,,16.976986408233643,0.02105093002319336
792,7.037899017333984,,16.999846696853638,0.020100831985473633
793,7.067811012268066,,17.019307613372803,0.01946091651916504
794,6.988799095153809,,17.040687322616577,0.021379709243774414
795,7.009999752044678,,17.061574459075928,0.018118619918823242
796,6.990923881530762,,17.082904815673828,0.02133035659790039
797,7.003866195678711,,17.10395050048828,0.021045684814453125
798,6.986390590667725,,17.125205278396606,0.01774430274963379
799,6.95918083190918,,17.14666986465454,0.02146458625793457
800,6.997646331787109,0.8582692623138428,17.170668601989746,0.023998737335205078
801,6.994451999664307,,17.19250202178955,0.021833419799804688
802,6.938658237457275,,17.21314001083374,0.020637989044189453
803,6.977190971374512,,17.234233856201172,0.015850067138671875
804,6.942682266235352,,17.25603485107422,0.021800994873046875
805,6.953862190246582,,17.27670192718506,0.020667076110839844
806,6.943704128265381,,17.299582958221436,0.017700672149658203
807,6.927120208740234,,17.32169270515442,0.0221097469329834
808,6.929993629455566,,17.34512972831726,0.023437023162841797
809,6.929021835327148,,17.36694574356079,0.021816015243530273
810,6.907212734222412,,17.38797688484192,0.02103114128112793
811,6.921114444732666,,17.41066837310791,0.017897844314575195
812,6.9454426765441895,,17.43035078048706,0.01968240737915039
813,6.905375957489014,,17.45168375968933,0.021332979202270508
814,6.890738010406494,,17.47406530380249,0.018034934997558594
815,6.901346206665039,,17.4943585395813,0.020293235778808594
816,6.875092506408691,,17.51585364341736,0.02149510383605957
817,6.861031532287598,,17.538314819335938,0.01894211769104004
818,6.911385536193848,,17.55301785469055,0.014703035354614258
819,6.876391410827637,,17.58284068107605,0.015796422958374023
820,6.8798675537109375,,17.60483479499817,0.02199411392211914
821,6.8616204261779785,,17.625319242477417,0.020484447479248047
822,6.840659141540527,,17.646623134613037,0.01558995246887207
823,6.871086597442627,,17.667771577835083,0.0211484432220459
824,6.868284702301025,,17.68937635421753,0.02160477638244629
825,6.806428909301758,,17.71176528930664,0.01766681671142578
826,6.8040266036987305,,17.732385635375977,0.020620346069335938
827,6.834780693054199,,17.753697872161865,0.021312236785888672
828,6.816372871398926,,17.774771690368652,0.017337322235107422
829,6.801936626434326,,17.796027183532715,0.0212554931640625
830,6.81249475479126,,17.817152500152588,0.021125316619873047
831,6.766666412353516,,17.84032917022705,0.019974946975708008
832,6.822608947753906,,17.859995365142822,0.019666194915771484
833,6.783247947692871,,17.881115674972534,0.021120309829711914
834,6.783541679382324,,17.90398645401001,0.019675493240356445
835,6.781495094299316,,17.92352271080017,0.019536256790161133
836,6.794398784637451,,17.94458818435669,0.021065473556518555
837,6.829356670379639,,17.96562671661377,0.017520904541015625
838,6.746833801269531,,17.986902236938477,0.02127552032470703
839,6.747077465057373,,18.008143424987793,0.021241188049316406
840,6.776029109954834,,18.030847549438477,0.019908666610717773
841,6.740683078765869,,18.050899505615234,0.020051956176757812
842,6.725000858306885,,18.07441020011902,0.02351069450378418
843,6.710402011871338,,18.09356951713562,0.019159317016601562
844,6.721832275390625,,18.114814043045044,0.021244525909423828
845,6.747751235961914,,18.1368887424469,0.02207469940185547
846,6.720837593078613,,18.160913228988647,0.024024486541748047
847,6.770334243774414,,18.184431791305542,0.02351856231689453
848,6.714446544647217,,18.20432138442993,0.01988959312438965
849,6.745709419250488,,18.224552869796753,0.02023148536682129
850,6.70438289642334,,18.247931718826294,0.023378849029541016
851,6.712731838226318,,18.267584085464478,0.019652366638183594
852,6.682141304016113,,18.288618326187134,0.02103424072265625
853,6.70941162109375,,18.31130886077881,0.022690534591674805
854,6.675955772399902,,18.331235647201538,0.019926786422729492
855,6.677986145019531,,18.352421045303345,0.02118539810180664
856,6.630266189575195,,18.374797105789185,0.022376060485839844
857,6.6752166748046875,,18.396642446517944,0.021845340728759766
858,6.715712547302246,,18.416233777999878,0.019591331481933594
859,6.712876319885254,,18.437360048294067,0.015346050262451172
860,6.687197685241699,,18.459123849868774,0.02176380157470703
861,6.610245704650879,,18.47985053062439,0.020726680755615234
862,6.663990020751953,,18.502538681030273,0.018029212951660156
863,6.658566474914551,,18.522233486175537,0.019694805145263672
864,6.6339311599731445,,18.543494701385498,0.021261215209960938
865,6.626766681671143,,18.56578016281128,0.018035173416137695
866,6.609920501708984,,18.58609366416931,0.020313501358032227
867,6.650286674499512,,18.60732078552246,0.021227121353149414
868,6.659799575805664,,18.628486156463623,0.01740717887878418
869,6.651175498962402,,18.649619340896606,0.0211331844329834
870,6.578216075897217,,18.670937299728394,0.02131795883178711
871,6.606869697570801,,18.692007064819336,0.017613887786865234
872,6.592577934265137,,18.713109016418457,0.021101951599121094
873,6.594970703125,,18.73431921005249,0.021210193634033203
874,6.580982685089111,,18.755531787872314,0.017719507217407227
875,6.595561504364014,,18.776780366897583,0.021248579025268555
876,6.599223613739014,,18.797910928726196,0.02113056182861328
877,6.592362403869629,,18.82074546813965,0.019678831100463867
878,6.5770392417907715,,18.840426683425903,0.019681215286254883
879,6.570195198059082,,18.861677646636963,0.02125096321105957
880,6.555660247802734,,18.8844473361969,0.020028114318847656
881,6.54251766204834,,18.904342889785767,0.019895553588867188
882,6.57216215133667,,18.92774534225464,0.02340245246887207
883,6.574006080627441,,18.947758674621582,0.02001333236694336
884,6.521822929382324,,18.96826171875,0.02050304412841797
885,6.548322677612305,,18.991372108459473,0.023110389709472656
886,6.497829437255859,,19.011032342910767,0.019660234451293945
887,6.54262638092041,,19.03208088874817,0.021048545837402344
888,6.561610221862793,,19.05474019050598,0.0226593017578125
889,6.5189971923828125,,19.07474446296692,0.0200042724609375
890,6.480507850646973,,19.095998764038086,0.021254301071166992
891,6.508028030395508,,19.11874008178711,0.022741317749023438
892,6.483792304992676,,19.13861918449402,0.01987910270690918
893,6.488548278808594,,19.159713745117188,0.021094560623168945
894,6.524418830871582,,19.182589769363403,0.02287602424621582
895,6.522927284240723,,19.202543258666992,0.019953489303588867
896,6.501336097717285,,19.223443508148193,0.020900249481201172
897,6.464666366577148,,19.245862245559692,0.022418737411499023
898,6.503033638000488,,19.267668962478638,0.021806716918945312
899,6.46943998336792,,19.28734064102173,0.01967167854309082
900,6.522192001342773,0.9022256970405579,19.31232476234436,0.01922893524169922
901,6.471860885620117,,19.33280634880066,0.020481586456298828
902,6.480799674987793,,19.353909730911255,0.021103382110595703
903,6.48122501373291,,19.376285076141357,0.01966071128845215
904,6.465176582336426,,19.39671802520752,0.02043294906616211
905,6.447352886199951,,19.4198956489563,0.023177623748779297
906,6.476424217224121,,19.43961811065674,0.019722461700439453
907,6.4358930587768555,,19.460686922073364,0.021068811416625977
908,6.427800178527832,,19.4830801486969,0.022393226623535156
909,6.44950008392334,,19.50483798980713,0.021757841110229492
910,6.417999267578125,,19.524724006652832,0.019886016845703125
911,6.439916610717773,,19.547833919525146,0.017405986785888672
912,6.4432525634765625,,19.56794500350952,0.020111083984375
913,6.444223403930664,,19.58925724029541,0.021312236785888672
914,6.421901702880859,,19.61140727996826,0.017864227294921875
915,6.424417495727539,,19.63157629966736,0.02016901969909668
916,6.405842304229736,,19.65286087989807,0.02128458023071289
917,6.407619476318359,,19.674887895584106,0.017749786376953125
918,6.414608001708984,,19.694894552230835,0.020006656646728516
919,6.403995990753174,,19.716175079345703,0.021280527114868164
920,6.381402015686035,,19.73845648765564,0.018023252487182617
921,6.378540992736816,,19.758790969848633,0.020334482192993164
922,6.380732536315918,,19.780048370361328,0.021257400512695312
923,6.381401062011719,,19.80123543739319,0.017392396926879883
924,6.361808776855469,,19.82272458076477,0.02148914337158203
925,6.323838233947754,,19.843984127044678,0.021259546279907227
926,6.408666133880615,,19.866700887680054,0.01991724967956543
927,6.349240303039551,,19.88635802268982,0.019657135009765625
928,6.3250651359558105,,19.907423973083496,0.021065950393676758
929,6.368390083312988,,19.930313110351562,0.019634723663330078
930,6.321025371551514,,19.95018172264099,0.01986861228942871
931,6.343673229217529,,19.97133708000183,0.021155357360839844
932,6.31208610534668,,19.994466543197632,0.019940853118896484
933,6.342899322509766,,20.013920545578003,0.019454002380371094
934,6.316985607147217,,20.03520941734314,0.02128887176513672
935,6.304040908813477,,20.056503534317017,0.017807960510253906
936,6.319881439208984,,20.07772421836853,0.021220684051513672
937,6.30875825881958,,20.098886728286743,0.02116250991821289
938,6.284158706665039,,20.121764183044434,0.020121335983276367
939,6.30129861831665,,20.141422033309937,0.01965785026550293
940,6.261538982391357,,20.164860725402832,0.023438692092895508
941,6.323357582092285,,20.184297561645508,0.017431020736694336
942,6.300259590148926,,20.205639123916626,0.021341562271118164
943,6.2951812744140625,,20.227757453918457,0.022118330001831055
944,6.338101387023926,,20.247593641281128,0.0198361873626709
945,6.26485538482666,,20.26927924156189,0.02168560028076172
946,6.285100936889648,,20.291609287261963,0.022330045700073242
947,6.309069633483887,,20.313476085662842,0.021866798400878906
948,6.293238639831543,,20.333061933517456,0.019585847854614258
949,6.255835056304932,,20.355371952056885,0.02231001853942871
950,6.248268127441406,,20.377352237701416,0.02198028564453125
951,6.265141487121582,,20.39682936668396,0.019477128982543945
952,6.223235130310059,,20.419354677200317,0.022525310516357422
953,6.256679534912109,,20.441203594207764,0.02184891700744629
954,6.217153549194336,,20.46106505393982,0.019861459732055664
955,6.245965480804443,,20.483394384384155,0.022329330444335938
956,6.23020601272583,,20.505247831344604,0.02185344696044922
957,6.226681709289551,,20.52695631980896,0.02170848846435547
958,6.262899398803711,,20.54881453514099,0.017935514450073242
959,6.215982437133789,,20.569023847579956,0.020209312438964844
960,6.222827911376953,,20.590237140655518,0.021213293075561523
961,6.226071357727051,,20.612279891967773,0.017855167388916016
962,6.226441383361816,,20.632363319396973,0.02008342742919922
963,6.216870307922363,,20.65339469909668,0.02103137969970703
964,6.21433162689209,,20.67536497116089,0.017262935638427734
965,6.154489517211914,,20.695948123931885,0.020583152770996094
966,6.188232421875,,20.71727728843689,0.021329164505004883
967,6.226416110992432,,20.73886466026306,0.017223596572875977
968,6.15938663482666,,20.76010274887085,0.021238088607788086
969,6.209817886352539,,20.78134250640869,0.021239757537841797
970,6.192095756530762,,20.802448749542236,0.017591476440429688
971,6.130463600158691,,20.82379698753357,0.021348237991333008
972,6.165829181671143,,20.84494709968567,0.02115011215209961
973,6.167641639709473,,20.867592334747314,0.019914865493774414
974,6.2140398025512695,,20.887584686279297,0.019992351531982422
975,6.20249080657959,,20.908819913864136,0.021235227584838867
976,6.170605659484863,,20.930594205856323,0.01907968521118164
977,6.161316871643066,,20.951195240020752,0.02060103416442871
978,6.140244483947754,,20.972280740737915,0.021085500717163086
979,6.155759334564209,,20.993298768997192,0.017814159393310547
980,6.162381172180176,,21.0144784450531,0.021179676055908203
981,6.132148265838623,,21.03566002845764,0.021181583404541016
982,6.175384998321533,,21.0568265914917,0.017702102661132812
983,6.127562522888184,,21.078163146972656,0.02133655548095703
984,6.11889123916626,,21.099515438079834,0.021352291107177734
985,6.154886245727539,,21.12218141555786,0.019934654235839844
986,6.130889892578125,,21.14201307296753,0.01983165740966797
987,6.124477386474609,,21.1654269695282,0.023413896560668945
988,6.121827125549316,,21.185452699661255,0.02002573013305664
989,6.099922180175781,,21.2061824798584,0.020729780197143555
990,6.083049774169922,,21.22941279411316,0.023230314254760742
991,6.164590358734131,,21.252691984176636,0.023279190063476562
992,6.156720161437988,,21.27389359474182,0.021201610565185547
993,6.108173370361328,,21.296659469604492,0.020045757293701172
994,6.077675819396973,,21.316607236862183,0.01994776725769043
995,6.109010219573975,,21.337740898132324,0.0211336612701416
996,6.0610785484313965,,21.360576629638672,0.020081043243408203
997,6.064596176147461,,21.38040518760681,0.01982855796813965
998,6.052115440368652,,21.403789520263672,0.02338433265686035
999,6.05588436126709,,21.42388153076172,0.020092010498046875
1000,6.056330680847168,0.9100676894187927,21.451337099075317,0.027455568313598633
1001,6.045019149780273,,21.473029375076294,0.021692276000976562
1002,6.073198318481445,,21.493024349212646,0.01999497413635254
1003,6.058028221130371,,21.51415252685547,0.015382528305053711
1004,6.044904708862305,,21.535926818847656,0.0217742919921875
1005,6.064113616943359,,21.55671262741089,0.020785808563232422
1006,6.017768859863281,,21.579517602920532,0.018047332763671875
1007,6.026095867156982,,21.599278926849365,0.019761323928833008
1008,6.042233467102051,,21.62049698829651,0.021218061447143555
1009,6.067478179931641,,21.642642498016357,0.017911672592163086
1010,6.031190872192383,,21.662848949432373,0.020206451416015625
1011,5.990091800689697,,21.684324264526367,0.02147531509399414
1012,6.057758331298828,,21.706385850906372,0.017867088317871094
1013,5.9975996017456055,,21.726469039916992,0.020083189010620117
1014,5.9853668212890625,,21.747769594192505,0.021300554275512695
1015,6.026277542114258,,21.76983141899109,0.017778396606445312
1016,5.993630886077881,,21.79002356529236,0.02019214630126953
1017,6.030513286590576,,21.811214685440063,0.021191120147705078
1018,6.024706840515137,,21.833455801010132,0.01800251007080078
1019,6.053004264831543,,21.85360813140869,0.02015233039855957
1020,6.025203704833984,,21.874645948410034,0.021037817001342773
1021,6.008866310119629,,21.89674735069275,0.017815828323364258
1022,6.012895107269287,,21.916908264160156,0.020160913467407227
1023,5.986743927001953,,21.937869787216187,0.020961523056030273
1024,5.934629917144775,,21.96055841445923,0.018024444580078125
1025,5.964993476867676,,21.980274200439453,0.01971578598022461
1026,5.970322608947754,,22.00145149230957,0.021177291870117188
1027,5.980321884155273,,22.022212505340576,0.01605391502380371
1028,5.958910942077637,,22.045330286026,0.023117780685424805
1029,5.949460983276367,,22.064916133880615,0.019585847854614258
1030,5.938497543334961,,22.087589979171753,0.017908811569213867
1031,5.947887897491455,,22.10731077194214,0.019720792770385742
1032,5.976709842681885,,22.12849998474121,0.021189212799072266
1033,5.949006080627441,,22.15058970451355,0.017866134643554688
1034,5.952060222625732,,22.17070770263672,0.020117998123168945
1035,5.925759315490723,,22.19234037399292,0.021632671356201172
1036,5.9251203536987305,,22.213679790496826,0.017136096954345703
1037,5.931075096130371,,22.235044717788696,0.021364927291870117
1038,5.9196271896362305,,22.25639843940735,0.021353721618652344
1039,5.918018341064453,,22.27918243408203,0.02003788948059082
1040,5.910733222961426,,22.29905939102173,0.019876956939697266
1041,5.901914596557617,,22.3225839138031,0.02352452278137207
1042,5.8985443115234375,,22.342719078063965,0.020135164260864258
1043,5.886452674865723,,22.363201141357422,0.02048206329345703
1044,5.927968978881836,,22.38616132736206,0.022960186004638672
1045,5.88673210144043,,22.405820846557617,0.01965951919555664
1046,5.899885177612305,,22.42685556411743,0.021034717559814453
1047,5.922732830047607,,22.44958996772766,0.022734403610229492
1048,5.8770551681518555,,22.46941328048706,0.019823312759399414
1049,5.902676582336426,,22.490530490875244,0.021117210388183594
1050,5.897150039672852,,22.512744188308716,0.02221369743347168
1051,5.9199442863464355,,22.534488916397095,0.021744728088378906
1052,5.875699043273926,,22.554418802261353,0.019929885864257812
1053,5.889191150665283,,22.575592756271362,0.015406370162963867
1054,5.884373664855957,,22.597411155700684,0.02181839942932129
1055,5.865459442138672,,22.61808443069458,0.020673274993896484
1056,5.887607097625732,,22.638858795166016,0.016021728515625
1057,5.877864837646484,,22.66087055206299,0.022011756896972656
1058,5.852731704711914,,22.681440114974976,0.020569562911987305
1059,5.8610124588012695,,22.70432710647583,0.017658233642578125
1060,5.85409688949585,,22.724356651306152,0.020029544830322266
1061,5.8212690353393555,,22.74522566795349,0.020869016647338867
1062,5.858127593994141,,22.767845630645752,0.01793527603149414
1063,5.825506210327148,,22.78750252723694,0.019656896591186523
1064,5.8078718185424805,,22.8087899684906,0.02128744125366211
1065,5.822319030761719,,22.831461906433105,0.018045663833618164
1066,5.82572078704834,,22.8511483669281,0.019686460494995117
1067,5.788971900939941,,22.87237048149109,0.02122211456298828
1068,5.82307243347168,,22.89319944381714,0.0160677433013916
1069,5.83241605758667,,22.915159702301025,0.02196025848388672
1070,5.829982757568359,,22.935644388198853,0.02048468589782715
1071,5.832554340362549,,22.956779718399048,0.015535116195678711
1072,5.810112953186035,,22.978590965270996,0.021811246871948242
1073,5.83675479888916,,22.999122142791748,0.020531177520751953
1074,5.846652984619141,,23.020208835601807,0.015462875366210938
1075,5.812037467956543,,23.04196047782898,0.02175164222717285
1076,5.7910637855529785,,23.062490940093994,0.02053046226501465
1077,5.810780048370361,,23.083531856536865,0.01582646369934082
1078,5.798180103302002,,23.105315923690796,0.021784067153930664
1079,5.748928070068359,,23.12588381767273,0.020567893981933594
1080,5.7935991287231445,,23.146970510482788,0.01584935188293457
1081,5.751636505126953,,23.168768882751465,0.021798372268676758
1082,5.77197790145874,,23.189382314682007,0.020613431930541992
1083,5.7805328369140625,,23.214242458343506,0.019676923751831055
1084,5.764467716217041,,23.235673189163208,0.02143073081970215
1085,5.7713470458984375,,23.257870197296143,0.02219700813293457
1086,5.777939319610596,,23.279639720916748,0.02176952362060547
1087,5.771127700805664,,23.299133777618408,0.019494056701660156
1088,5.746861457824707,,23.32249402999878,0.023360252380371094
1089,5.785000801086426,,23.34252667427063,0.020032644271850586
1090,5.759153366088867,,23.362948894500732,0.02042222023010254
1091,5.732368469238281,,23.386080741882324,0.016965866088867188
1092,5.704039573669434,,23.406130075454712,0.020049333572387695
1093,5.734394550323486,,23.426981687545776,0.020851612091064453
1094,5.738736152648926,,23.44986319541931,0.017721176147460938
1095,5.762116432189941,,23.469951629638672,0.02008843421936035
1096,5.7054595947265625,,23.490613222122192,0.020661592483520508
1097,5.74014949798584,,23.511638164520264,0.015813112258911133
1098,5.742138862609863,,23.533445119857788,0.021806955337524414
1099,5.727656364440918,,23.55408763885498,0.020642518997192383
1100,5.708276748657227,0.9270597100257874,23.57903218269348,0.019734859466552734
1101,5.722973346710205,,23.599432229995728,0.020400047302246094
1102,5.708911895751953,,23.62243103981018,0.022998809814453125
1103,5.69724178314209,,23.642080783843994,0.019649744033813477
1104,5.736351013183594,,23.663347721099854,0.021266937255859375
1105,5.705871105194092,,23.685478687286377,0.022130966186523438
1106,5.675617694854736,,23.707266569137573,0.02178788185119629
1107,5.705527305603027,,23.72693967819214,0.01967310905456543
1108,5.678717613220215,,23.74899196624756,0.022052288055419922
1109,5.639307498931885,,23.77074360847473,0.02175164222717285
1110,5.67533016204834,,23.7906494140625,0.019905805587768555
1111,5.686323165893555,,23.811758279800415,0.01547551155090332
1112,5.6999125480651855,,23.833532571792603,0.0217742919921875
1113,5.661891937255859,,23.85399341583252,0.020460844039916992
1114,5.695267677307129,,23.875096559524536,0.015401601791381836
1115,5.652591705322266,,23.896841287612915,0.021744728088378906
1116,5.64008903503418,,23.917343378067017,0.020502090454101562
1117,5.663308620452881,,23.938371658325195,0.015812158584594727
1118,5.605231761932373,,23.96010446548462,0.021732807159423828
1119,5.719496726989746,,23.980778217315674,0.020673751831054688
1120,5.649925231933594,,24.00346064567566,0.017909526824951172
1121,5.642109394073486,,24.02311944961548,0.019658803939819336
1122,5.642279624938965,,24.044262170791626,0.02114272117614746
1123,5.641351699829102,,24.066910982131958,0.017924070358276367
1124,5.652807235717773,,24.086652278900146,0.019741296768188477
1125,5.639025688171387,,24.10780930519104,0.021157026290893555
1126,5.611638069152832,,24.130431175231934,0.017920255661010742
1127,5.625389099121094,,24.15001654624939,0.019585371017456055
1128,5.603724002838135,,24.17129898071289,0.021282434463500977
1129,5.644450664520264,,24.194095373153687,0.018093347549438477
1130,5.626736164093018,,24.214132070541382,0.020036697387695312
1131,5.626277446746826,,24.234968900680542,0.020836830139160156
1132,5.610501289367676,,24.25771713256836,0.01808905601501465
1133,5.6102447509765625,,24.277508974075317,0.019791841506958008
1134,5.624314308166504,,24.298447132110596,0.02093815803527832
1135,5.617620944976807,,24.319223880767822,0.01606440544128418
1136,5.61995792388916,,24.350652933120728,0.03142905235290527
1137,5.574326515197754,,24.366496324539185,0.01584339141845703
1138,5.603080749511719,,24.398232460021973,0.016037702560424805
1139,5.6157026290893555,,24.425504684448242,0.02727222442626953
1140,5.583367347717285,,24.448541402816772,0.018046140670776367
1141,5.613568305969238,,24.468656539916992,0.020115137100219727
1142,5.6025519371032715,,24.489574670791626,0.02091813087463379
1143,5.596283912658691,,24.51250457763672,0.01802206039428711
1144,5.565818786621094,,24.532557010650635,0.020052433013916016
1145,5.597662448883057,,24.553213834762573,0.020656824111938477
1146,5.565901756286621,,24.576138973236084,0.017740964889526367
1147,5.539873123168945,,24.596161365509033,0.02002239227294922
1148,5.548785209655762,,24.616993188858032,0.020831823348999023
1149,5.538702964782715,,24.639312982559204,0.017646312713623047
1150,5.5430803298950195,,24.65945339202881,0.020140409469604492
1151,5.547767162322998,,24.680591583251953,0.02113819122314453
1152,5.575755596160889,,24.702611207962036,0.01778125762939453
1153,5.55647611618042,,24.722617387771606,0.020006179809570312
1154,5.531582832336426,,24.74402928352356,0.021411895751953125
1155,5.543496131896973,,24.766165733337402,0.017915964126586914
1156,5.586719512939453,,24.787508249282837,0.02134251594543457
1157,5.554816722869873,,24.8082115650177,0.02070331573486328
1158,5.525732517242432,,24.829463005065918,0.017760515213012695
1159,5.549025058746338,,24.85102367401123,0.0215606689453125
1160,5.514924049377441,,24.87234616279602,0.02132248878479004
1161,5.524101257324219,,24.893102169036865,0.01801919937133789
1162,5.568216800689697,,24.914633989334106,0.02153182029724121
1163,5.537258148193359,,24.935832977294922,0.02119898796081543
1164,5.499995231628418,,24.958148956298828,0.019675254821777344
1165,5.530373573303223,,24.978448629379272,0.020299673080444336
1166,5.496244430541992,,25.001614093780518,0.023165464401245117
1167,5.552663803100586,,25.020926237106323,0.019312143325805664
1168,5.554330825805664,,25.04203701019287,0.02111077308654785
1169,5.519250392913818,,25.064205169677734,0.02216815948486328
1170,5.505599498748779,,25.08591914176941,0.021713972091674805
1171,5.501433372497559,,25.105483293533325,0.019564151763916016
1172,5.467711925506592,,25.126830577850342,0.015209436416625977
1173,5.488421440124512,,25.148613452911377,0.021782875061035156
1174,5.476034641265869,,25.169183492660522,0.020570039749145508
1175,5.46877384185791,,25.190258979797363,0.015432119369506836
1176,5.474722862243652,,25.212000370025635,0.021741390228271484
1177,5.4853339195251465,,25.233139991760254,0.02113962173461914
1178,5.469328880310059,,25.255804777145386,0.017986297607421875
1179,5.516138076782227,,25.275527477264404,0.019722700119018555
1180,5.469602108001709,,25.296403169631958,0.02087569236755371
1181,5.4522294998168945,,25.319472551345825,0.017838716506958008
1182,5.477342128753662,,25.333569288253784,0.014096736907958984
1183,5.462429046630859,,25.365410804748535,0.03184151649475098
1184,5.444908142089844,,25.38725757598877,0.021846771240234375
1185,5.47086763381958,,25.40724205970764,0.01998448371887207
1186,5.404099464416504,,25.428616762161255,0.01567697525024414
1187,5.44864559173584,,25.450419425964355,0.021802663803100586
1188,5.479220390319824,,25.471116304397583,0.02069687843322754
1189,5.466053485870361,,25.494017124176025,0.017724037170410156
1190,5.447811126708984,,25.514063119888306,0.020045995712280273
1191,5.438636302947998,,25.53470730781555,0.020644187927246094
1192,5.442272663116455,,25.55748677253723,0.017934560775756836
1193,5.452238082885742,,25.577272415161133,0.019785642623901367
1194,5.426034927368164,,25.598488807678223,0.021216392517089844
1195,5.447992324829102,,25.62120008468628,0.017984628677368164
1196,5.412350177764893,,25.64095377922058,0.019753694534301758
1197,5.457198143005371,,25.66210389137268,0.02115011215209961
1198,5.447344779968262,,25.684309005737305,0.01798701286315918
1199,5.448914527893066,,25.704443216323853,0.02013421058654785
1200,5.430164337158203,0.9336559772491455,25.730122566223145,0.025679349899291992
1201,5.397243022918701,,25.74979043006897,0.01851820945739746
1202,5.405154228210449,,25.77114200592041,0.02135157585144043
1203,5.415742874145508,,25.79332995414734,0.02218794822692871
1204,5.421652793884277,,25.81506085395813,0.021730899810791016
1205,5.391357421875,,25.834985971450806,0.01992511749267578
1206,5.365410804748535,,25.856398582458496,0.015724897384643555
1207,5.403851509094238,,25.878368616104126,0.021970033645629883
1208,5.389497756958008,,25.899020195007324,0.020651578903198242
1209,5.373907089233398,,25.921937227249146,0.01767587661743164
1210,5.385810852050781,,25.942007541656494,0.020070314407348633
1211,5.384806156158447,,25.962493419647217,0.020485877990722656
1212,5.390545845031738,,25.983519077301025,0.015336990356445312
1213,5.388262748718262,,26.005582094192505,0.022063016891479492
1214,5.380730628967285,,26.02646827697754,0.02088618278503418
1215,5.345719337463379,,26.04927659034729,0.018121957778930664
1216,5.391324043273926,,26.069095611572266,0.019819021224975586
1217,5.3621673583984375,,26.089898586273193,0.020802974700927734
1218,5.373410701751709,,26.110989809036255,0.015866756439208984
1219,5.328385829925537,,26.132092714309692,0.0211029052734375
1220,5.313648223876953,,26.153669357299805,0.021576642990112305
1221,5.365933895111084,,26.17633819580078,0.017913341522216797
1222,5.325438499450684,,26.19601583480835,0.01967763900756836
1223,5.347635746002197,,26.219388723373413,0.023372888565063477
1224,5.359285831451416,,26.239370584487915,0.01741647720336914
1225,5.35954475402832,,26.260624647140503,0.02125406265258789
1226,5.3138251304626465,,26.281740427017212,0.021115779876708984
1227,5.323382377624512,,26.302802085876465,0.017557859420776367
1228,5.311637878417969,,26.324017763137817,0.02121567726135254
1229,5.34427547454834,,26.345224142074585,0.021206378936767578
1230,5.3134074211120605,,26.366347074508667,0.01759958267211914
1231,5.341390609741211,,26.38757872581482,0.021231651306152344
1232,5.318535804748535,,26.408674001693726,0.02109527587890625
1233,5.302884101867676,,26.431567430496216,0.020105600357055664
1234,5.278958320617676,,26.451414346694946,0.01984691619873047
1235,5.3342437744140625,,26.474763870239258,0.023349523544311523
1236,5.356919765472412,,26.494884252548218,0.02012038230895996
1237,5.271909236907959,,26.515337467193604,0.020453214645385742
1238,5.303348541259766,,26.538329362869263,0.02299189567565918
1239,5.314535140991211,,26.558023929595947,0.01969456672668457
1240,5.314950466156006,,26.579055309295654,0.02103137969970703
1241,5.33913516998291,,26.601791858673096,0.022736549377441406
1242,5.277985572814941,,26.621702909469604,0.01991105079650879
1243,5.293405532836914,,26.64278554916382,0.021082639694213867
1244,5.283085823059082,,26.664875268936157,0.022089719772338867
1245,5.311928749084473,,26.68469738960266,0.019822120666503906
1246,5.264319896697998,,26.70632314682007,0.021625757217407227
1247,5.248571872711182,,26.72866463661194,0.022341489791870117
1248,5.304335117340088,,26.750383377075195,0.021718740463256836
1249,5.334774971008301,,26.770296096801758,0.0199127197265625
1250,5.2798051834106445,,26.791388750076294,0.015410423278808594
1251,5.257068634033203,,26.813152313232422,0.02176356315612793
1252,5.28035831451416,,26.83358120918274,0.020428895950317383
1253,5.266000747680664,,26.854616403579712,0.015360116958618164
1254,5.303107261657715,,26.876404285430908,0.02178788185119629
1255,5.2531328201293945,,26.896923303604126,0.020519018173217773
1256,5.268362998962402,,26.918045043945312,0.01587510108947754
1257,5.26537561416626,,26.93981409072876,0.021769046783447266
1258,5.280574798583984,,26.96030902862549,0.020494937896728516
1259,5.241738319396973,,26.981670379638672,0.01562190055847168
1260,5.264092445373535,,27.00344705581665,0.021776676177978516
1261,5.239444255828857,,27.024178981781006,0.02073192596435547
1262,5.228814125061035,,27.047170400619507,0.017891883850097656
1263,5.209887504577637,,27.067188501358032,0.02001810073852539
1264,5.261355400085449,,27.087798833847046,0.020610332489013672
1265,5.253270626068115,,27.10888648033142,0.015828847885131836
1266,5.245504379272461,,27.13067603111267,0.02178955078125
1267,5.252119064331055,,27.151314973831177,0.02063894271850586
1268,5.217470645904541,,27.174192667007446,0.017755508422851562
1269,5.217095375061035,,27.18804097175598,0.013848304748535156
1270,5.262997627258301,,27.2150776386261,0.027036666870117188
1271,5.206290245056152,,27.23812246322632,0.01783442497253418
1272,5.214151382446289,,27.258178234100342,0.020055770874023438
1273,5.194038391113281,,27.279078483581543,0.020900249481201172
1274,5.211637496948242,,27.299947023391724,0.016083478927612305
1275,5.2154340744018555,,27.3218731880188,0.021926164627075195
1276,5.157808303833008,,27.34268808364868,0.020814895629882812
1277,5.199366569519043,,27.365355014801025,0.01797318458557129
1278,5.221078395843506,,27.38505506515503,0.019700050354003906
1279,5.198431491851807,,27.406301498413086,0.02124643325805664
1280,5.209296226501465,,27.42894434928894,0.017933130264282227
1281,5.180717468261719,,27.44877815246582,0.019833803176879883
1282,5.171894550323486,,27.46956729888916,0.020789146423339844
1283,5.20228385925293,,27.49138116836548,0.016577720642089844
1284,5.163240432739258,,27.512511730194092,0.02113056182861328
1285,5.160299301147461,,27.533691883087158,0.021180152893066406
1286,5.19548225402832,,27.556520462036133,0.017962217330932617
1287,5.197534561157227,,27.576377153396606,0.019856691360473633
1288,5.171290397644043,,27.597489595413208,0.021112442016601562
1289,5.192933559417725,,27.62032675743103,0.01806473731994629
1290,5.144160270690918,,27.640411376953125,0.020084619522094727
1291,5.166825294494629,,27.661178588867188,0.0207672119140625
1292,5.176616191864014,,27.683837175369263,0.01791691780090332
1293,5.156761169433594,,27.698824167251587,0.014986991882324219
1294,5.194237232208252,,27.729448556900024,0.016115427017211914
1295,5.154046058654785,,27.749197721481323,0.019749164581298828
1296,5.156615257263184,,27.770677089691162,0.021479368209838867
1297,5.167196273803711,,27.792789936065674,0.02211284637451172
1298,5.147810935974121,,27.814536809921265,0.02174687385559082
1299,5.147915840148926,,27.834160089492798,0.019623279571533203
1300,5.180261611938477,0.9394078016281128,27.85825824737549,0.02409815788269043
1301,5.113726615905762,,27.883306980133057,0.02504873275756836
1302,5.184307098388672,,27.90644884109497,0.018298625946044922
1303,5.128577709197998,,27.91995882987976,0.009761571884155273
1304,5.125729560852051,,27.946959733963013,0.01578974723815918
1305,5.129112243652344,,27.96914529800415,0.017939090728759766
1306,5.120436191558838,,27.98940348625183,0.020258188247680664
1307,5.120189666748047,,28.010668992996216,0.021265506744384766
1308,5.128396034240723,,28.03174591064453,0.017436742782592773
1309,5.119372367858887,,28.05284070968628,0.021094799041748047
1310,5.081692695617676,,28.074154138565063,0.02131342887878418
1311,5.116389751434326,,28.095275402069092,0.017643213272094727
1312,5.144095420837402,,28.116490602493286,0.021215200424194336
1313,5.0976033210754395,,28.13769841194153,0.021207809448242188
1314,5.132752418518066,,28.15858268737793,0.01766514778137207
1315,5.139960765838623,,28.180060386657715,0.021477699279785156
1316,5.122855186462402,,28.201215267181396,0.02115488052368164
1317,5.096312046051025,,28.224074125289917,0.020093917846679688
1318,5.107275485992432,,28.243526697158813,0.019452571868896484
1319,5.102657794952393,,28.26483678817749,0.021310091018676758
1320,5.109227180480957,,28.287524461746216,0.01998281478881836
1321,5.109658718109131,,28.307430028915405,0.019905567169189453
1322,5.097504138946533,,28.331019639968872,0.023589611053466797
1323,5.110044956207275,,28.350735664367676,0.01971602439880371
1324,5.084733009338379,,28.371697425842285,0.020961761474609375
1325,5.084588050842285,,28.39444637298584,0.022748947143554688
1326,5.054316520690918,,28.41444444656372,0.01999807357788086
1327,5.077897071838379,,28.43545150756836,0.021007061004638672
1328,5.067309379577637,,28.457823038101196,0.022371530532836914
1329,5.104583740234375,,28.479676246643066,0.021853208541870117
1330,5.0714640617370605,,28.499429941177368,0.019753694534301758
1331,5.071032524108887,,28.521658182144165,0.022228240966796875
1332,5.074175834655762,,28.543436765670776,0.021778583526611328
1333,5.081406593322754,,28.564948081970215,0.021511316299438477
1334,5.031069755554199,,28.58596420288086,0.016979694366455078
1335,5.094310283660889,,28.60685968399048,0.02089548110961914
1336,5.056532382965088,,28.627508640289307,0.020648956298828125
1337,4.999484062194824,,28.650389194488525,0.018127918243408203
1338,5.040011405944824,,28.670193910598755,0.019804716110229492
1339,5.071017742156982,,28.691347122192383,0.02115321159362793
1340,5.05403995513916,,28.71347975730896,0.01782536506652832
1341,5.053059101104736,,28.734631776809692,0.021152019500732422
1342,5.0560431480407715,,28.7550950050354,0.020463228225708008
1343,5.007317543029785,,28.77626371383667,0.017453908920288086
1344,5.016955852508545,,28.797607421875,0.021343708038330078
1345,5.062979698181152,,28.818840742111206,0.021233320236206055
1346,5.014146327972412,,28.83969759941101,0.01768803596496582
1347,5.049346923828125,,28.861053705215454,0.02135610580444336
1348,5.040414333343506,,28.882163524627686,0.021109819412231445
1349,5.083898544311523,,28.90322232246399,0.017613887786865234
1350,5.043197154998779,,28.924338579177856,0.021116256713867188
1351,5.0209197998046875,,28.945430040359497,0.021091461181640625
1352,5.026349067687988,,28.966602087020874,0.017760515213012695
1353,5.041631698608398,,28.987892389297485,0.021290302276611328
1354,5.0122971534729,,29.009101629257202,0.021209239959716797
1355,5.0383405685424805,,29.031755685806274,0.01993393898010254
1356,4.995997428894043,,29.051628351211548,0.019872665405273438
1357,4.979979515075684,,29.075098514556885,0.023470163345336914
1358,5.001422882080078,,29.094563245773315,0.019464731216430664
1359,4.995196342468262,,29.11577796936035,0.021214723587036133
1360,4.999978065490723,,29.138423204421997,0.022645235061645508
1361,5.053695201873779,,29.158344507217407,0.019921302795410156
1362,4.990026473999023,,29.179396390914917,0.021051883697509766
1363,5.012442588806152,,29.201786994934082,0.02239060401916504
1364,5.006670951843262,,29.223533868789673,0.02174687385559082
1365,4.979621887207031,,29.243293285369873,0.019759416580200195
1366,4.959011077880859,,29.264679193496704,0.015617132186889648
1367,4.9889631271362305,,29.28650450706482,0.021825313568115234
1368,4.997252464294434,,29.30699586868286,0.020491361618041992
1369,5.000554084777832,,29.328168392181396,0.015491008758544922
1370,5.016615867614746,,29.349933624267578,0.02176523208618164
1371,4.970492362976074,,29.370625495910645,0.020691871643066406
1372,4.988916397094727,,29.393542289733887,0.017745018005371094
1373,4.984344482421875,,29.413596630096436,0.020054340362548828
1374,4.981956958770752,,29.434334993362427,0.02073836326599121
1375,4.955976963043213,,29.45712924003601,0.01804637908935547
1376,4.9741973876953125,,29.470880270004272,0.013751029968261719
1377,4.9510064125061035,,29.498029470443726,0.027149200439453125
1378,4.987184524536133,,29.520195484161377,0.017928123474121094
1379,4.956493377685547,,29.540359258651733,0.020163774490356445
1380,4.94644832611084,,29.561740398406982,0.021381139755249023
1381,4.970030784606934,,29.584083318710327,0.01795220375061035
1382,4.954507827758789,,29.60403609275818,0.019952774047851562
1383,4.931288242340088,,29.625319004058838,0.02128291130065918
1384,4.958553314208984,,29.647347450256348,0.01773381233215332
1385,4.942404747009277,,29.667398691177368,0.020051240921020508
1386,4.914834976196289,,29.68874454498291,0.021345853805541992
1387,4.955067157745361,,29.710151433944702,0.01715707778930664
1388,4.9551496505737305,,29.731495141983032,0.021343708038330078
1389,4.979650020599365,,29.752774715423584,0.021279573440551758
1390,4.8974151611328125,,29.77518129348755,0.019681930541992188
1391,4.928466320037842,,29.79547882080078,0.020297527313232422
1392,4.937935829162598,,29.81838607788086,0.022907257080078125
1393,4.929736137390137,,29.838124990463257,0.01973891258239746
1394,4.934865474700928,,29.858901023864746,0.020776033401489258
1395,4.9296464920043945,,29.881788730621338,0.022887706756591797
1396,4.910365104675293,,29.901504516601562,0.01971578598022461
1397,4.9394025802612305,,29.92240595817566,0.02090144157409668
1398,4.9132795333862305,,29.94511103630066,0.022705078125
1399,4.915284633636475,,29.964969158172607,0.019858121871948242
1400,4.934326648712158,0.9409152507781983,29.988842964172363,0.02387380599975586
1401,4.898837089538574,,30.011107921600342,0.01688218116760254
1402,4.957217216491699,,30.03151297569275,0.020405054092407227
1403,4.892463207244873,,30.053008317947388,0.021495342254638672
1404,4.913794994354248,,30.074066400527954,0.01746392250061035
1405,4.91114616394043,,30.09535050392151,0.021284103393554688
1406,4.858503341674805,,30.116746187210083,0.02139568328857422
1407,4.878741264343262,,30.139601469039917,0.02003765106201172
1408,4.876174449920654,,30.159324407577515,0.019722938537597656
1409,4.908872604370117,,30.182857751846313,0.023533344268798828
1410,4.9348955154418945,,30.202701568603516,0.01984381675720215
1411,4.880398750305176,,30.22297763824463,0.02027606964111328
1412,4.9053802490234375,,30.246397495269775,0.023419857025146484
1413,4.90382194519043,,30.266308069229126,0.019910573959350586
1414,4.851616859436035,,30.28710651397705,0.020798444747924805
1415,4.871852874755859,,30.310157775878906,0.02305126190185547
1416,4.8746843338012695,,30.33008313179016,0.019925355911254883
1417,4.8861236572265625,,30.351100206375122,0.021017074584960938
1418,4.889809608459473,,30.373759031295776,0.022658824920654297
1419,4.864678859710693,,30.393651962280273,0.01989293098449707
1420,4.887750148773193,,30.41473698616028,0.021085023880004883
1421,4.869167804718018,,30.437032461166382,0.022295475006103516
1422,4.873019218444824,,30.458884954452515,0.021852493286132812
1423,4.885781288146973,,30.478754997253418,0.01987004280090332
1424,4.844292640686035,,30.5001482963562,0.015720844268798828
1425,4.855632781982422,,30.522011756896973,0.021863460540771484
1426,4.881202697753906,,30.54303240776062,0.02102065086364746
1427,4.848082542419434,,30.56577730178833,0.017961502075195312
1428,4.834710121154785,,30.585855722427368,0.020078420639038086
1429,4.846511363983154,,30.607170581817627,0.02131485939025879
1430,4.833605766296387,,30.629560947418213,0.018118619918823242
1431,4.843733787536621,,30.649746417999268,0.020185470581054688
1432,4.816107749938965,,30.671024799346924,0.02127838134765625
1433,4.848977565765381,,30.693140745162964,0.017971515655517578
1434,4.857730388641357,,30.71328639984131,0.020145654678344727
1435,4.825791358947754,,30.734650135040283,0.02136373519897461
1436,4.840962886810303,,30.75591230392456,0.017520904541015625
1437,4.795575141906738,,30.769653797149658,0.013741493225097656
1438,4.867828369140625,,30.80122709274292,0.03157329559326172
1439,4.848519802093506,,30.821138620376587,0.019911527633666992
1440,4.821476459503174,,30.841376543045044,0.02023792266845703
1441,4.814821720123291,,30.8644757270813,0.023099184036254883
1442,4.832248210906982,,30.884207725524902,0.019731998443603516
1443,4.829588890075684,,30.905415058135986,0.021207332611083984
1444,4.859899997711182,,30.92774248123169,0.016086101531982422
1445,4.797191619873047,,30.949482202529907,0.021739721298217773
1446,4.80510950088501,,30.969262838363647,0.019780635833740234
1447,4.80203914642334,,30.991402864456177,0.022140026092529297
1448,4.782944679260254,,31.013068914413452,0.02166604995727539
1449,4.801217079162598,,31.032880544662476,0.019811630249023438
1450,4.803502082824707,,31.05407476425171,0.015455007553100586
1451,4.79426908493042,,31.075846910476685,0.021772146224975586
1452,4.78317928314209,,31.09650468826294,0.020657777786254883
1453,4.782528400421143,,31.11965775489807,0.017955541610717773
1454,4.765637397766113,,31.139715671539307,0.02005791664123535
1455,4.777760982513428,,31.16047477722168,0.020759105682373047
1456,4.739315986633301,,31.183457136154175,0.01780867576599121
1457,4.800112724304199,,31.20350742340088,0.0200502872467041
1458,4.831480026245117,,31.22458791732788,0.021080493927001953
1459,4.8347978591918945,,31.24730086326599,0.0180206298828125
1460,4.783597469329834,,31.267086267471313,0.019785404205322266
1461,4.759113311767578,,31.288572788238525,0.021486520767211914
1462,4.778668403625488,,31.31067132949829,0.017891645431518555
1463,4.783137798309326,,31.332562685012817,0.021891355514526367
1464,4.770821571350098,,31.356234312057495,0.023671627044677734
1465,4.778419017791748,,31.375941038131714,0.01970672607421875
1466,4.786874294281006,,31.39755606651306,0.021615028381347656
1467,4.785543441772461,,31.421278715133667,0.017802000045776367
1468,4.748604774475098,,31.445242881774902,0.019608259201049805
1469,4.785004615783691,,31.466660976409912,0.01548457145690918
1470,4.795195579528809,,31.48852515220642,0.02186417579650879
1471,4.7389349937438965,,31.509353399276733,0.0208282470703125
1472,4.759869575500488,,31.53208041191101,0.018027544021606445
1473,4.794188976287842,,31.551868200302124,0.01978778839111328
1474,4.7649078369140625,,31.57312273979187,0.021254539489746094
1475,4.789062976837158,,31.595806121826172,0.017986774444580078
1476,4.790188789367676,,31.615510940551758,0.019704818725585938
1477,4.776400566101074,,31.636629581451416,0.021118640899658203
1478,4.762204647064209,,31.659486532211304,0.01766204833984375
1479,4.741951942443848,,31.67956829071045,0.020081758499145508
1480,4.7465620040893555,,31.70025324821472,0.02068495750427246
1481,4.734515190124512,,31.72144055366516,0.015996932983398438
1482,4.764410018920898,,31.74336051940918,0.021919965744018555
1483,4.755112648010254,,31.76386570930481,0.020505189895629883
1484,4.763637542724609,,31.7849063873291,0.015376091003417969
1485,4.7688188552856445,,31.809654235839844,0.024747848510742188
1486,4.729109764099121,,31.83244299888611,0.02278876304626465
1487,4.7167205810546875,,31.852372407913208,0.01992940902709961
1488,4.73822021484375,,31.873669385910034,0.021296977996826172
1489,4.723313331604004,,31.89598035812378,0.016118288040161133
1490,4.727915287017822,,31.9177565574646,0.021776199340820312
1491,4.764411926269531,,31.937393188476562,0.01963663101196289
1492,4.707839012145996,,31.959693908691406,0.02230072021484375
1493,4.727454662322998,,31.98148274421692,0.021788835525512695
1494,4.709686756134033,,32.001006841659546,0.019524097442626953
1495,4.752514362335205,,32.023709297180176,0.022702455520629883
1496,4.717217445373535,,32.04366993904114,0.019960641860961914
1497,4.6993913650512695,,32.06494402885437,0.021274089813232422
1498,4.709673881530762,,32.0876088142395,0.022664785385131836
1499,4.7480316162109375,,32.109471797943115,0.02186298370361328
1500,4.707693576812744,0.9472077488899231,32.13229584693909,0.02282404899597168
1501,4.725470542907715,,32.1534161567688,0.017864704132080078
1502,4.727977752685547,,32.174617290496826,0.021201133728027344
1503,4.7119035720825195,,32.19576168060303,0.021144390106201172
1504,4.6927103996276855,,32.21710443496704,0.017872333526611328
1505,4.711264133453369,,32.2383873462677,0.02128291130065918
1506,4.664792537689209,,32.25980305671692,0.02141571044921875
1507,4.719643592834473,,32.282124042510986,0.019651174545288086
1508,4.705717086791992,,32.30255150794983,0.020427465438842773
1509,4.728270530700684,,32.32552695274353,0.022975444793701172
1510,4.672696113586426,,32.34518647193909,0.01965951919555664
1511,4.674707412719727,,32.36632251739502,0.021136045455932617
1512,4.714484214782715,,32.38905620574951,0.022733688354492188
1513,4.66454553604126,,32.40893507003784,0.019878864288330078
1514,4.654897689819336,,32.43043231964111,0.021497249603271484
1515,4.667235374450684,,32.45261883735657,0.0221865177154541
1516,4.679499626159668,,32.474382162094116,0.021763324737548828
1517,4.686692237854004,,32.493932485580444,0.019550323486328125
1518,4.708075523376465,,32.515270709991455,0.01513528823852539
1519,4.690560817718506,,32.537025451660156,0.021754741668701172
1520,4.659765720367432,,32.557955265045166,0.020929813385009766
1521,4.657958030700684,,32.58073592185974,0.017940044403076172
1522,4.695593357086182,,32.6005220413208,0.01978611946105957
1523,4.669048309326172,,32.621851682662964,0.021329641342163086
1524,4.689902305603027,,32.64393711090088,0.017817020416259766
1525,4.666601657867432,,32.664167404174805,0.02023029327392578
1526,4.665541648864746,,32.685317516326904,0.02115011215209961
1527,4.6746110916137695,,32.70724439620972,0.017710447311401367
1528,4.681310176849365,,32.7278151512146,0.020570755004882812
1529,4.65955924987793,,32.74910378456116,0.021288633346557617
1530,4.682806491851807,,32.7711706161499,0.017942428588867188
1531,4.67589807510376,,32.792214155197144,0.02104353904724121
1532,4.645207405090332,,32.813549757003784,0.021335601806640625
1533,4.623750686645508,,32.83601117134094,0.0197601318359375
1534,4.63612699508667,,32.85707068443298,0.021059513092041016
1535,4.624052047729492,,32.87942290306091,0.022352218627929688
1536,4.638437271118164,,32.901188135147095,0.02176523208618164
1537,4.6676716804504395,,32.92079210281372,0.019603967666625977
1538,4.646688938140869,,32.94297957420349,0.022187471389770508
1539,4.643465518951416,,32.96469974517822,0.021720170974731445
1540,4.660714626312256,,32.98441004753113,0.019710302352905273
1541,4.653454780578613,,33.00573801994324,0.015617132186889648
1542,4.64688777923584,,33.02750039100647,0.021762371063232422
1543,4.645698070526123,,33.04835486412048,0.020854473114013672
1544,4.636427879333496,,33.06918215751648,0.016124725341796875
1545,4.635144233703613,,33.091196060180664,0.02201390266418457
1546,4.640473365783691,,33.11178112030029,0.020585060119628906
1547,4.647156238555908,,33.13273334503174,0.01575922966003418
1548,4.617367744445801,,33.15584969520569,0.023116350173950195
1549,4.59372091293335,,33.17585039138794,0.020000696182250977
1550,4.62231969833374,,33.19854235649109,0.018030166625976562
1551,4.581540107727051,,33.21855163574219,0.020009279251098633
1552,4.602757453918457,,33.239811420440674,0.021259784698486328
1553,4.593448638916016,,33.262022256851196,0.018023014068603516
1554,4.603199481964111,,33.28214383125305,0.02012157440185547
1555,4.585357666015625,,33.30345058441162,0.021306753158569336
1556,4.622494220733643,,33.32560610771179,0.01793074607849121
1557,4.583189964294434,,33.345919370651245,0.020313262939453125
1558,4.596705436706543,,33.36719846725464,0.021279096603393555
1559,4.602731704711914,,33.389567852020264,0.0187227725982666
1560,4.605798721313477,,33.409507274627686,0.019939422607421875
1561,4.623929500579834,,33.43072843551636,0.021221160888671875
1562,4.606971740722656,,33.45180296897888,0.017638444900512695
1563,4.56671142578125,,33.47317838668823,0.021375417709350586
1564,4.590885639190674,,33.49432992935181,0.02115154266357422
1565,4.567095756530762,,33.51714849472046,0.02003335952758789
1566,4.603012561798096,,33.53696298599243,0.019814491271972656
1567,4.599289417266846,,33.560489654541016,0.023526668548583984
1568,4.585264205932617,,33.58034539222717,0.019855737686157227
1569,4.599110126495361,,33.60090136528015,0.020555973052978516
1570,4.626771926879883,,33.623719453811646,0.02281808853149414
1571,4.602335453033447,,33.64359164237976,0.019872188568115234
1572,4.595115661621094,,33.66434192657471,0.02075028419494629
1573,4.552734375,,33.68751382827759,0.02317190170288086
1574,4.568814277648926,,33.707160234451294,0.018518447875976562
1575,4.5831780433654785,,33.728373289108276,0.021213054656982422
1576,4.585389137268066,,33.75108051300049,0.022707223892211914
1577,4.574413299560547,,33.77088165283203,0.01980113983154297
1578,4.590998649597168,,33.79193353652954,0.021051883697509766
1579,4.581672668457031,,33.814878940582275,0.022945404052734375
1580,4.5575361251831055,,33.83459138870239,0.019712448120117188
1581,4.593206405639648,,33.85584592819214,0.021254539489746094
1582,4.549246788024902,,33.87825894355774,0.022413015365600586
1583,4.531977653503418,,33.89991354942322,0.021654605865478516
1584,4.577589511871338,,33.9200541973114,0.020140647888183594
1585,4.545240879058838,,33.94131898880005,0.015531301498413086
1586,4.590914249420166,,33.96308207511902,0.021763086318969727
1587,4.553277969360352,,33.98364186286926,0.02055978775024414
1588,4.538769245147705,,34.006434202194214,0.0176694393157959
1589,4.533796310424805,,34.026508808135986,0.02007460594177246
1590,4.541632652282715,,34.04727816581726,0.020769357681274414
1591,4.552276611328125,,34.07010626792908,0.018088102340698242
1592,4.500670433044434,,34.091190814971924,0.02108454704284668
1593,4.5511088371276855,,34.111602544784546,0.02041172981262207
1594,4.551278114318848,,34.13264727592468,0.017381906509399414
1595,4.548312664031982,,34.15394139289856,0.021294116973876953
1596,4.537680149078369,,34.17508363723755,0.021142244338989258
1597,4.534704208374023,,34.19786334037781,0.019975662231445312
1598,4.5591816902160645,,34.217692852020264,0.019829511642456055
1599,4.541077613830566,,34.2411675453186,0.023474693298339844
1600,4.504408836364746,0.9481492638587952,34.2630889415741,0.021921396255493164
1601,4.521297454833984,,34.284327030181885,0.021238088607788086
1602,4.5380096435546875,,34.306440114974976,0.017971038818359375
1603,4.500134468078613,,34.326924562454224,0.020484447479248047
1604,4.492211818695068,,34.34831666946411,0.021392107009887695
1605,4.531954288482666,,34.36958312988281,0.017558574676513672
1606,4.495429515838623,,34.390950441360474,0.021367311477661133
1607,4.542856216430664,,34.41222906112671,0.02127861976623535
1608,4.553304195404053,,34.435012102127075,0.020106792449951172
1609,4.46787166595459,,34.4552001953125,0.020188093185424805
1610,4.500482559204102,,34.478580951690674,0.023380756378173828
1611,4.502310752868652,,34.49860334396362,0.02002239227294922
1612,4.5078887939453125,,34.51891207695007,0.020308732986450195
1613,4.516464710235596,,34.541988134384155,0.02307605743408203
1614,4.512948989868164,,34.561643838882446,0.019655704498291016
1615,4.497498035430908,,34.58297157287598,0.021327733993530273
1616,4.570155143737793,,34.60511374473572,0.02214217185974121
1617,4.514726638793945,,34.626847982406616,0.021734237670898438
1618,4.488153457641602,,34.646406412124634,0.019558429718017578
1619,4.528159141540527,,34.66913723945618,0.02273082733154297
1620,4.479288101196289,,34.689265727996826,0.020128488540649414
1621,4.529788017272949,,34.71023964881897,0.020973920822143555
1622,4.481816291809082,,34.73256468772888,0.02232503890991211
1623,4.4582438468933105,,34.754313468933105,0.021748781204223633
1624,4.489557266235352,,34.77436017990112,0.020046710968017578
1625,4.47714376449585,,34.79557919502258,0.015503168106079102
1626,4.479053497314453,,34.81728553771973,0.021706342697143555
1627,4.510752201080322,,34.837833881378174,0.020548343658447266
1628,4.489162445068359,,34.858920097351074,0.015887975692749023
1629,4.501052379608154,,34.880699634552,0.021779537200927734
1630,4.494812965393066,,34.90144419670105,0.02074456214904785
1631,4.485414505004883,,34.922465324401855,0.015849590301513672
1632,4.506275653839111,,34.94438672065735,0.021921396255493164
1633,4.443554878234863,,34.96537160873413,0.020984888076782227
1634,4.473423004150391,,34.98803663253784,0.017937898635864258
1635,4.4842610359191895,,35.00767946243286,0.01964282989501953
1636,4.478116035461426,,35.02878403663635,0.02110457420349121
1637,4.441851615905762,,35.051244497299194,0.017716407775878906
1638,4.442907333374023,,35.071609020233154,0.02036452293395996
1639,4.439645767211914,,35.093098402023315,0.021489381790161133
1640,4.486686706542969,,35.114328384399414,0.01778268814086914
1641,4.478971481323242,,35.13568878173828,0.021360397338867188
1642,4.4597487449646,,35.15684509277344,0.02115631103515625
1643,4.494994163513184,,35.179486989974976,0.019961833953857422
1644,4.4559221267700195,,35.19915437698364,0.019667387008666992
1645,4.470519065856934,,35.22032356262207,0.021169185638427734
1646,4.477800369262695,,35.242671966552734,0.019648075103759766
1647,4.443542003631592,,35.2630832195282,0.020411252975463867
1648,4.463907718658447,,35.28607678413391,0.02299356460571289
1649,4.462343215942383,,35.30572986602783,0.0196530818939209
1650,4.442623138427734,,35.326844215393066,0.021114349365234375
1651,4.446018218994141,,35.34969449043274,0.02285027503967285
1652,4.415213108062744,,35.369468212127686,0.01977372169494629
1653,4.468100547790527,,35.390899419784546,0.02143120765686035
1654,4.455039978027344,,35.41323447227478,0.01610398292541504
1655,4.457703113555908,,35.435003995895386,0.02176952362060547
1656,4.415552139282227,,35.4549343585968,0.019930362701416016
1657,4.4491777420043945,,35.47619414329529,0.015529870986938477
1658,4.458564758300781,,35.497936487197876,0.02174234390258789
1659,4.423186779022217,,35.51854491233826,0.02060842514038086
1660,4.427102088928223,,35.54142761230469,0.017744064331054688
1661,4.419978141784668,,35.5615177154541,0.020090103149414062
1662,4.427076816558838,,35.582658529281616,0.02114081382751465
1663,4.389101028442383,,35.60507297515869,0.017765045166015625
1664,4.44434928894043,,35.625239610672,0.020166635513305664
1665,4.4064040184021,,35.646477937698364,0.021238327026367188
1666,4.449958801269531,,35.66870164871216,0.017977476119995117
1667,4.435733795166016,,35.68898630142212,0.020284652709960938
1668,4.402876377105713,,35.71028017997742,0.02129387855529785
1669,4.378684997558594,,35.73183846473694,0.01775813102722168
1670,4.455136775970459,,35.75325131416321,0.02141284942626953
1671,4.421688079833984,,35.774500608444214,0.02124929428100586
1672,4.41120719909668,,35.79711699485779,0.019967317581176758
1673,4.420201301574707,,35.81689262390137,0.0197756290435791
1674,4.425639629364014,,35.84026217460632,0.023369550704956055
1675,4.403892517089844,,35.86029934883118,0.020037174224853516
1676,4.410276889801025,,35.88070511817932,0.02040576934814453
1677,4.42024564743042,,35.90383052825928,0.023125410079956055
1678,4.384434223175049,,35.923500061035156,0.019669532775878906
1679,4.422611713409424,,35.94458556175232,0.021085500717163086
1680,4.36656379699707,,35.9669930934906,0.02240753173828125
1681,4.340481758117676,,35.98879909515381,0.021806001663208008
1682,4.414473533630371,,36.008801221847534,0.020002126693725586
1683,4.4046125411987305,,36.030109882354736,0.015604257583618164
1684,4.370790481567383,,36.05187964439392,0.02176976203918457
1685,4.371540069580078,,36.07269334793091,0.020813703536987305
1686,4.388944625854492,,36.09549689292908,0.01809978485107422
1687,4.366698741912842,,36.115291357040405,0.019794464111328125
1688,4.37712287902832,,36.13653326034546,0.02124190330505371
1689,4.397917747497559,,36.15870523452759,0.017996549606323242
1690,4.376711845397949,,36.17898988723755,0.020284652709960938
1691,4.400209903717041,,36.2003870010376,0.021397113800048828
1692,4.395045757293701,,36.22187423706055,0.017232894897460938
1693,4.353409767150879,,36.24312210083008,0.02124786376953125
1694,4.377732276916504,,36.26436758041382,0.021245479583740234
1695,4.3777618408203125,,36.28555464744568,0.017737627029418945
1696,4.360065937042236,,36.30673050880432,0.021175861358642578
1697,4.36810827255249,,36.32807159423828,0.02134108543395996
1698,4.384884834289551,,36.35121822357178,0.019763469696044922
1699,4.3780388832092285,,36.370938539505005,0.01972031593322754
1700,4.389919281005859,0.9469781875610351,36.3949978351593,0.024059295654296875
1701,4.373626232147217,,36.416768312454224,0.021770477294921875
1702,4.388632297515869,,36.437535524368286,0.0207672119140625
1703,4.391391754150391,,36.459479331970215,0.01676154136657715
1704,4.348659038543701,,36.48040437698364,0.020925045013427734
1705,4.396419525146484,,36.501022815704346,0.020618438720703125
1706,4.358773231506348,,36.522013902664185,0.015777111053466797
1707,4.367547988891602,,36.543790340423584,0.021776437759399414
1708,4.330808639526367,,36.564902544021606,0.02111220359802246
1709,4.362107276916504,,36.587836265563965,0.018126726150512695
1710,4.351067543029785,,36.60768437385559,0.019848108291625977
1711,4.350584030151367,,36.628851890563965,0.021167516708374023
1712,4.3567795753479,,36.65152287483215,0.01795649528503418
1713,4.336333274841309,,36.66646122932434,0.0149383544921875
1714,4.353514194488525,,36.69700479507446,0.03054356575012207
1715,4.326848983764648,,36.718812227249146,0.021807432174682617
1716,4.373652458190918,,36.73870086669922,0.019888639450073242
1717,4.362874984741211,,36.75990581512451,0.015500068664550781
1718,4.314017295837402,,36.781773805618286,0.021867990493774414
1719,4.306077003479004,,36.80273985862732,0.020966053009033203
1720,4.369688987731934,,36.825568437576294,0.018111705780029297
1721,4.339799880981445,,36.84562826156616,0.020059823989868164
1722,4.334904670715332,,36.86616396903992,0.020535707473754883
1723,4.3484392166137695,,36.8890380859375,0.017729759216308594
1724,4.326781272888184,,36.90911388397217,0.02007579803466797
1725,4.358746528625488,,36.929935932159424,0.02082204818725586
1726,4.293704032897949,,36.9523138999939,0.017687320709228516
1727,4.36936616897583,,36.97244453430176,0.020130634307861328
1728,4.337370872497559,,36.99355363845825,0.02110910415649414
1729,4.2919487953186035,,37.01640605926514,0.01812911033630371
1730,4.3386406898498535,,37.036189794540405,0.019783735275268555
1731,4.33218240737915,,37.05736756324768,0.02117776870727539
1732,4.333279609680176,,37.07954502105713,0.017946481704711914
1733,4.3151373863220215,,37.09969663619995,0.020151615142822266
1734,4.345959186553955,,37.12097930908203,0.021282672882080078
1735,4.305400848388672,,37.14255166053772,0.017290115356445312
1736,4.349600791931152,,37.16378402709961,0.02123236656188965
1737,4.328191757202148,,37.18491220474243,0.021128177642822266
1738,4.32317590713501,,37.20778441429138,0.0196688175201416
1739,4.356167793273926,,37.22725701332092,0.019472599029541016
1740,4.310076713562012,,37.24858117103577,0.02132415771484375
1741,4.321075439453125,,37.26982355117798,0.017750024795532227
1742,4.284778118133545,,37.291316509246826,0.021492958068847656
1743,4.31273078918457,,37.312488079071045,0.02117156982421875
1744,4.322957515716553,,37.33533453941345,0.01972198486328125
1745,4.257774353027344,,37.35539221763611,0.02005767822265625
1746,4.319421768188477,,37.37851881980896,0.023126602172851562
1747,4.2845916748046875,,37.3982412815094,0.019722461700439453
1748,4.302225589752197,,37.419265031814575,0.02102375030517578
1749,4.326887130737305,,37.44211030006409,0.02284526824951172
1750,4.327268600463867,,37.4656195640564,0.02350926399230957
1751,4.29557466506958,,37.48674440383911,0.021124839782714844
1752,4.297411918640137,,37.50968027114868,0.019722938537597656
1753,4.274883270263672,,37.529293060302734,0.019612789154052734
1754,4.311279296875,,37.55055785179138,0.02126479148864746
1755,4.336277961730957,,37.573222637176514,0.01994156837463379
1756,4.309177398681641,,37.593153953552246,0.019931316375732422
1757,4.297974109649658,,37.61661124229431,0.02345728874206543
1758,4.251075744628906,,37.63579249382019,0.019181251525878906
1759,4.331521987915039,,37.657031774520874,0.021239280700683594
1760,4.291652679443359,,37.67923402786255,0.022202253341674805
1761,4.294442176818848,,37.70105576515198,0.02182173728942871
1762,4.271674156188965,,37.720728635787964,0.019672870635986328
1763,4.308231830596924,,37.743046283721924,0.02231764793395996
1764,4.281965255737305,,37.76483464241028,0.021788358688354492
1765,4.277615547180176,,37.784520387649536,0.019685745239257812
1766,4.317546844482422,,37.806640625,0.022120237350463867
1767,4.272083282470703,,37.826414823532104,0.019774198532104492
1768,4.262401580810547,,37.847933292388916,0.021518468856811523
1769,4.285968780517578,,37.87017869949341,0.022245407104492188
1770,4.259267807006836,,37.89192199707031,0.021743297576904297
1771,4.268322944641113,,37.91155219078064,0.01963019371032715
1772,4.276332378387451,,37.93281030654907,0.015502691268920898
1773,4.2921142578125,,37.95459842681885,0.02178812026977539
1774,4.276312828063965,,37.97531867027283,0.020720243453979492
1775,4.267650604248047,,37.998066663742065,0.01804661750793457
1776,4.259566783905029,,38.01782941818237,0.019762754440307617
1777,4.297541618347168,,38.039040088653564,0.021210670471191406
1778,4.243686676025391,,38.061384201049805,0.018085718154907227
1779,4.282810211181641,,38.08166193962097,0.020277738571166992
1780,4.280645370483398,,38.10297131538391,0.021309375762939453
1781,4.257864475250244,,38.12516379356384,0.017909526824951172
1782,4.273590087890625,,38.14538502693176,0.020221233367919922
1783,4.274778842926025,,38.16664266586304,0.021257638931274414
1784,4.229828834533691,,38.18790006637573,0.017617225646972656
1785,4.249287128448486,,38.2090322971344,0.021132230758666992
1786,4.257049560546875,,38.23015284538269,0.021120548248291016
1787,4.237741947174072,,38.25134038925171,0.01775670051574707
1788,4.239352703094482,,38.27260065078735,0.02126026153564453
1789,4.230036735534668,,38.29376816749573,0.021167516708374023
1790,4.2631025314331055,,38.318528175354004,0.022025346755981445
1791,4.2403788566589355,,38.337915658950806,0.019387483596801758
1792,4.257182598114014,,38.361655473709106,0.017713546752929688
1793,4.246037483215332,,38.38191509246826,0.020259618759155273
1794,4.234987258911133,,38.40596961975098,0.024054527282714844
1795,4.245172023773193,,38.427361726760864,0.019885778427124023
1796,4.258514404296875,,38.44778800010681,0.020426273345947266
1797,4.2151970863342285,,38.4710693359375,0.023281335830688477
1798,4.213741302490234,,38.49083852767944,0.01976919174194336
1799,4.272476673126221,,38.51215147972107,0.021312952041625977
1800,4.255962371826172,0.9508819103240966,38.53822565078735,0.02607417106628418
1801,4.241111755371094,,38.55989074707031,0.021665096282958984
1802,4.244913101196289,,38.579137563705444,0.019246816635131836
1803,4.241866111755371,,38.60111212730408,0.019109249114990234
1804,4.246192455291748,,38.62191843986511,0.020806312561035156
1805,4.245011329650879,,38.64308977127075,0.02117133140563965
1806,4.236160755157471,,38.6657292842865,0.020008087158203125
1807,4.236847877502441,,38.685441732406616,0.019712448120117188
1808,4.23760986328125,,38.7066113948822,0.021169662475585938
1809,4.225058555603027,,38.729341983795166,0.019950389862060547
1810,4.210355758666992,,38.74940800666809,0.020066022872924805
1811,4.218174934387207,,38.77052283287048,0.021114826202392578
1812,4.230237007141113,,38.793171882629395,0.01995229721069336
1813,4.234524726867676,,38.812915086746216,0.01974320411682129
1814,4.254305839538574,,38.83414268493652,0.021227598190307617
1815,4.241750240325928,,38.85676145553589,0.019909381866455078
1816,4.173151969909668,,38.87672686576843,0.019965410232543945
1817,4.20180606842041,,38.9001681804657,0.023441314697265625
1818,4.211381912231445,,38.92020893096924,0.02004075050354004
1819,4.194736957550049,,38.94054985046387,0.020340919494628906
1820,4.229438304901123,,38.96360945701599,0.023059606552124023
1821,4.233226776123047,,38.983256816864014,0.01964735984802246
1822,4.202042102813721,,39.004201889038086,0.020945072174072266
1823,4.1988043785095215,,39.02688646316528,0.022684574127197266
1824,4.203603744506836,,39.0467004776001,0.019814014434814453
1825,4.221240997314453,,39.06768488883972,0.020984411239624023
1826,4.200273513793945,,39.09001302719116,0.02232813835144043
1827,4.183917045593262,,39.11175990104675,0.02174687385559082
1828,4.202641487121582,,39.13154220581055,0.019782304763793945
1829,4.208816051483154,,39.15270161628723,0.015384197235107422
1830,4.259552001953125,,39.17442536354065,0.02172374725341797
1831,4.224178791046143,,39.194900035858154,0.020474672317504883
1832,4.176874160766602,,39.21592140197754,0.015397071838378906
1833,4.196724891662598,,39.23764705657959,0.02172565460205078
1834,4.169421672821045,,39.25843167304993,0.020784616470336914
1835,4.194844722747803,,39.27933073043823,0.015633106231689453
1836,4.182074069976807,,39.30134582519531,0.022015094757080078
1837,4.166080951690674,,39.32227325439453,0.02092742919921875
1838,4.177205562591553,,39.344619274139404,0.017670154571533203
1839,4.18003511428833,,39.364829301834106,0.02021002769470215
1840,4.187668800354004,,39.38655185699463,0.02172255516052246
1841,4.162805557250977,,39.407904624938965,0.01788496971130371
1842,4.149832725524902,,39.42947292327881,0.02156829833984375
1843,4.152643203735352,,39.45077037811279,0.021297454833984375
1844,4.198015213012695,,39.473453521728516,0.019985437393188477
1845,4.177432060241699,,39.493202924728394,0.01974940299987793
1846,4.162176132202148,,39.514278173446655,0.02107524871826172
1847,4.170528411865234,,39.53536510467529,0.01786494255065918
1848,4.189326763153076,,39.5565984249115,0.021233320236206055
1849,4.160330772399902,,39.57780456542969,0.021206140518188477
1850,4.1666154861450195,,39.60089564323425,0.01981377601623535
1851,4.168136119842529,,39.62037634849548,0.01948070526123047
1852,4.199674606323242,,39.64159631729126,0.021219968795776367
1853,4.165566444396973,,39.66281318664551,0.017756223678588867
1854,4.1750078201293945,,39.68427133560181,0.021458148956298828
1855,4.141504287719727,,39.705591917037964,0.021320581436157227
1856,4.172983169555664,,39.72818326950073,0.019955158233642578
1857,4.16989278793335,,39.74786186218262,0.019678592681884766
1858,4.178919792175293,,39.76908779144287,0.021225929260253906
1859,4.141835689544678,,39.791733741760254,0.020037412643432617
1860,4.190770149230957,,39.81158661842346,0.019852876663208008
1861,4.160704135894775,,39.835012435913086,0.023425817489624023
1862,4.139164924621582,,39.854183197021484,0.019170761108398438
1863,4.173708915710449,,39.87537717819214,0.021193981170654297
1864,4.132562160491943,,39.897719621658325,0.022342443466186523
1865,4.140401840209961,,39.917709827423096,0.019990205764770508
1866,4.176912307739258,,39.93926382064819,0.021553993225097656
1867,4.1360650062561035,,39.96155118942261,0.022287368774414062
1868,4.140542507171631,,39.98327708244324,0.021725893020629883
1869,4.14359188079834,,40.00316524505615,0.01988816261291504
1870,4.155851364135742,,40.024590730667114,0.015218973159790039
1871,4.135304927825928,,40.046355962753296,0.02176523208618164
1872,4.163913249969482,,40.06700897216797,0.02065300941467285
1873,4.1640143394470215,,40.08981490135193,0.017667293548583984
1874,4.141834259033203,,40.109867572784424,0.020052671432495117
1875,4.144391059875488,,40.1305947303772,0.020727157592773438
1876,4.164609432220459,,40.15339732170105,0.0178372859954834
1877,4.154390335083008,,40.173545360565186,0.020148038864135742
1878,4.114291667938232,,40.19487452507019,0.021329164505004883
1879,4.160930633544922,,40.216981410980225,0.017805814743041992
1880,4.099638938903809,,40.23727750778198,0.020296096801757812
1881,4.146535396575928,,40.25858211517334,0.021304607391357422
1882,4.1500396728515625,,40.27984309196472,0.017533063888549805
1883,4.165951251983643,,40.30116033554077,0.021317243576049805
1884,4.105715751647949,,40.32239103317261,0.021230697631835938
1885,4.16685152053833,,40.34540247917175,0.019832372665405273
1886,4.117800235748291,,40.36497378349304,0.019571304321289062
1887,4.095746994018555,,40.3861768245697,0.021203041076660156
1888,4.09390115737915,,40.409507036209106,0.019860029220581055
1889,4.151718616485596,,40.429179430007935,0.019672393798828125
1890,4.116525650024414,,40.450443267822266,0.021263837814331055
1891,4.11942195892334,,40.473137855529785,0.020052671432495117
1892,4.111827373504639,,40.49289631843567,0.01975846290588379
1893,4.125261306762695,,40.513972997665405,0.021076679229736328
1894,4.109452724456787,,40.53661775588989,0.01993274688720703
1895,4.118457794189453,,40.5562744140625,0.019656658172607422
1896,4.100720405578613,,40.57747530937195,0.021200895309448242
1897,4.132086277008057,,40.60015630722046,0.02001786231994629
1898,4.0899786949157715,,40.62021803855896,0.020061731338500977
1899,4.08738899230957,,40.643639087677,0.023421049118041992
1900,4.108500957489014,0.9508019328117371,40.66569137573242,0.022052288055419922
1901,4.125117778778076,,40.687005043029785,0.02131366729736328
1902,4.0937910079956055,,40.70913219451904,0.017943859100341797
1903,4.127963542938232,,40.72930383682251,0.020171642303466797
1904,4.093466758728027,,40.75046133995056,0.021157503128051758
1905,4.068202972412109,,40.772825717926025,0.01810741424560547
1906,4.115701675415039,,40.793057441711426,0.02023172378540039
1907,4.1135101318359375,,40.814350843429565,0.02129340171813965
1908,4.1083269119262695,,40.836461782455444,0.01789712905883789
1909,4.101428985595703,,40.85022759437561,0.013765811920166016
1910,4.104735374450684,,40.88147807121277,0.015240669250488281
1911,4.103262901306152,,40.903411626815796,0.021933555603027344
1912,4.1041388511657715,,40.92392301559448,0.020511388778686523
1913,4.093969345092773,,40.94509410858154,0.01549673080444336
1914,4.096432685852051,,40.96691083908081,0.021816730499267578
1915,4.0789794921875,,40.98750710487366,0.02059626579284668
1916,4.10775089263916,,41.00837779045105,0.0156857967376709
1917,4.062709331512451,,41.03032875061035,0.021950960159301758
1918,4.085979461669922,,41.051286697387695,0.02095794677734375
1919,4.082703590393066,,41.07410407066345,0.01809382438659668
1920,4.064389228820801,,41.093857288360596,0.019753217697143555
1921,4.0578436851501465,,41.11529850959778,0.021441221237182617
1922,4.0789594650268555,,41.137394428253174,0.017916202545166016
1923,4.103048324584961,,41.15759086608887,0.02019643783569336
1924,4.072351455688477,,41.178749322891235,0.021158456802368164
1925,4.060523986816406,,41.20148944854736,0.018086671829223633
1926,4.091348648071289,,41.22137117385864,0.019881725311279297
1927,4.060390472412109,,41.24261665344238,0.021245479583740234
1928,4.121293067932129,,41.26341676712036,0.016091346740722656
1929,4.066723346710205,,41.285420656204224,0.022003889083862305
1930,4.070217609405518,,41.30604791641235,0.020627260208129883
1931,4.072638034820557,,41.32895088195801,0.017702579498291016
1932,4.079428672790527,,41.34872126579285,0.019770383834838867
1933,4.0804443359375,,41.369744300842285,0.021023035049438477
1934,4.07037353515625,,41.392470598220825,0.018023014068603516
1935,4.0704240798950195,,41.41237211227417,0.019901514053344727
1936,4.012842178344727,,41.433833360672,0.02146124839782715
1937,4.103582859039307,,41.45522999763489,0.017203092575073242
1938,4.047430992126465,,41.476470708847046,0.021240711212158203
1939,4.079317092895508,,41.49767518043518,0.021204471588134766
1940,4.093684196472168,,41.518752098083496,0.01766204833984375
1941,4.078558444976807,,41.54012727737427,0.021375179290771484
1942,4.063721179962158,,41.56136751174927,0.021240234375
1943,4.092774391174316,,41.584320068359375,0.020127296447753906
1944,4.090170860290527,,41.604201316833496,0.019881248474121094
1945,4.077122688293457,,41.6274836063385,0.023282289505004883
1946,4.073045253753662,,41.6474814414978,0.019997835159301758
1947,4.061356067657471,,41.667815923690796,0.020334482192993164
1948,4.0417561531066895,,41.69093084335327,0.023114919662475586
1949,4.052137851715088,,41.71059274673462,0.019661903381347656
1950,4.067701816558838,,41.7317852973938,0.021192550659179688
1951,4.0637664794921875,,41.75318670272827,0.01517796516418457
1952,4.066211700439453,,41.77502942085266,0.02184271812438965
1953,4.081334590911865,,41.79574918746948,0.02071976661682129
1954,4.023369789123535,,41.818543434143066,0.018125295639038086
1955,4.0591840744018555,,41.838611364364624,0.020067930221557617
1956,4.044919013977051,,41.85921120643616,0.020599842071533203
1957,4.062001705169678,,41.882203817367554,0.017780065536499023
1958,4.066503047943115,,41.90225028991699,0.020046472549438477
1959,4.042125225067139,,41.92305016517639,0.020799875259399414
1960,4.067999839782715,,41.94570183753967,0.01793050765991211
1961,4.053418159484863,,41.96540904045105,0.019707202911376953
1962,4.065542221069336,,41.986602783203125,0.021193742752075195
1963,4.0644707679748535,,42.00879454612732,0.018024444580078125
1964,4.03662109375,,42.02895188331604,0.020157337188720703
1965,4.028543949127197,,42.050312995910645,0.021361112594604492
1966,4.043684959411621,,42.07243728637695,0.01798272132873535
1967,4.013354778289795,,42.092655420303345,0.0202181339263916
1968,4.048473358154297,,42.11391544342041,0.02126002311706543
1969,4.063041687011719,,42.13522553443909,0.01760077476501465
1970,4.024074077606201,,42.156463384628296,0.021237850189208984
1971,4.049645900726318,,42.17771601676941,0.02125263214111328
1972,4.06593132019043,,42.198838233947754,0.017694711685180664
1973,4.073524475097656,,42.22012758255005,0.021289348602294922
1974,4.049806594848633,,42.24133777618408,0.021210193634033203
1975,4.021815299987793,,42.264392137527466,0.019884586334228516
1976,4.045992851257324,,42.284071922302246,0.019679784774780273
1977,4.063870429992676,,42.30534625053406,0.021274328231811523
1978,4.021842002868652,,42.32798433303833,0.01992940902709961
1979,4.02340030670166,,42.34774947166443,0.019765138626098633
1980,4.0199971199035645,,42.371233224868774,0.023483753204345703
1981,4.034928321838379,,42.39125990867615,0.020026683807373047
1982,4.0192155838012695,,42.41185116767883,0.020591259002685547
1983,4.055234909057617,,42.434993505477905,0.023142337799072266
1984,4.0338640213012695,,42.45471787452698,0.019724369049072266
1985,4.000088214874268,,42.47614359855652,0.021425724029541016
1986,4.024933815002441,,42.49872589111328,0.022582292556762695
1987,4.008399963378906,,42.518632650375366,0.01990675926208496
1988,4.027646064758301,,42.53976774215698,0.02113509178161621
1989,4.019099712371826,,42.56208848953247,0.02232074737548828
1990,4.012113571166992,,42.58393931388855,0.0218508243560791
1991,4.005650520324707,,42.60385274887085,0.019913434982299805
1992,4.004383087158203,,42.625017166137695,0.015512466430664062
1993,4.019505977630615,,42.64683508872986,0.021817922592163086
1994,4.003787040710449,,42.66728758811951,0.020452499389648438
1995,4.008549690246582,,42.68842387199402,0.015483379364013672
1996,4.021661758422852,,42.71040987968445,0.021986007690429688
1997,4.0110931396484375,,42.73089027404785,0.02048039436340332
1998,3.9987716674804688,,42.75405788421631,0.017936229705810547
1999,4.007292747497559,,42.77417755126953,0.020119667053222656
2000,3.991888999938965,0.9509997725486755,42.799919843673706,0.025742292404174805
2001,3.979363203048706,,42.81961631774902,0.019696474075317383
2002,4.004402160644531,,42.84059548377991,0.02097916603088379
2003,3.9834818840026855,,42.863250494003296,0.022655010223388672
2004,3.9809255599975586,,42.88313293457031,0.0198824405670166
2005,4.0038676261901855,,42.90427780151367,0.021144866943359375
2006,3.996302604675293,,42.927372455596924,0.023094654083251953
2007,4.019316673278809,,42.94289231300354,0.011771678924560547
2008,3.9966094493865967,,42.96824812889099,0.015784502029418945
2009,3.996997833251953,,42.98953127861023,0.015493631362915039
2010,3.969055652618408,,43.01139998435974,0.02186870574951172
2011,3.984355926513672,,43.03219223022461,0.020792245864868164
2012,3.976219654083252,,43.053272008895874,0.015869855880737305
2013,4.048575401306152,,43.07508087158203,0.021808862686157227
2014,3.9867756366729736,,43.09552049636841,0.020439624786376953
2015,3.9952685832977295,,43.11680603027344,0.015592098236083984
2016,3.9682869911193848,,43.13855743408203,0.02175140380859375
2017,3.971736192703247,,43.15932750701904,0.02077007293701172
2018,4.019794464111328,,43.182167768478394,0.017709732055664062
2019,3.962388515472412,,43.20221424102783,0.020046472549438477
2020,3.9816417694091797,,43.222819328308105,0.020605087280273438
2021,3.985238552093506,,43.243871450424194,0.01587677001953125
2022,3.9818296432495117,,43.26568818092346,0.021816730499267578
2023,3.990299701690674,,43.286232233047485,0.020544052124023438
2024,3.9588088989257812,,43.30759787559509,0.015681982040405273
2025,3.975562572479248,,43.329423904418945,0.02182602882385254
2026,3.952589511871338,,43.35025477409363,0.020830869674682617
2027,3.9553070068359375,,43.37305736541748,0.018096208572387695
2028,4.006150245666504,,43.39277195930481,0.0197145938873291
2029,3.9987690448760986,,43.41380000114441,0.02102804183959961
2030,3.9807305335998535,,43.436572313308716,0.017650127410888672
2031,4.014286518096924,,43.4566924571991,0.02012014389038086
2032,3.9789681434631348,,43.47713494300842,0.020442485809326172
2033,3.994314193725586,,43.498056173324585,0.015669822692871094
2034,3.9439265727996826,,43.52006244659424,0.02200627326965332
2035,3.9654417037963867,,43.540950536727905,0.020888090133666992
2036,3.9483554363250732,,43.56381154060364,0.018103361129760742
2037,3.979612350463867,,43.58388686180115,0.020075321197509766
2038,3.9594244956970215,,43.60442090034485,0.020534038543701172
2039,3.9732141494750977,,43.62744951248169,0.017351865768432617
2040,3.9736108779907227,,43.64747595787048,0.020026445388793945
2041,3.97684907913208,,43.66765999794006,0.020184040069580078
2042,3.957058906555176,,43.68876242637634,0.015372514724731445
2043,3.974771738052368,,43.710538148880005,0.02177572250366211
2044,4.001487731933594,,43.731183767318726,0.020645618438720703
2045,3.9876315593719482,,43.752137184143066,0.01571345329284668
2046,3.9366440773010254,,43.774144887924194,0.02200770378112793
2047,3.9155075550079346,,43.79523038864136,0.021085500717163086
2048,3.970860481262207,,43.818012952804565,0.018107891082763672
2049,3.9812958240509033,,43.83805274963379,0.020039796829223633
2050,3.960299015045166,,43.86119294166565,0.02314019203186035
2051,3.9540724754333496,,43.882370710372925,0.018131256103515625
2052,3.9242353439331055,,43.902092695236206,0.01972198486328125
2053,3.9350082874298096,,43.923195362091064,0.0211026668548584
2054,3.948119640350342,,43.94581651687622,0.01793074607849121
2055,3.929152250289917,,43.96549606323242,0.019679546356201172
2056,3.934899091720581,,43.98663353919983,0.021137475967407227
2057,3.9521918296813965,,44.00950264930725,0.018068552017211914
2058,3.9471607208251953,,44.02963185310364,0.02012920379638672
2059,3.944582462310791,,44.050204277038574,0.020572423934936523
2060,3.944143056869507,,44.07107400894165,0.015637636184692383
2061,3.938471794128418,,44.0930917263031,0.022017717361450195
2062,3.9484076499938965,,44.113775968551636,0.020684242248535156
2063,3.9090094566345215,,44.13682579994202,0.017905235290527344
2064,3.904388427734375,,44.156867027282715,0.020041227340698242
2065,3.9319353103637695,,44.177592039108276,0.020725011825561523
2066,3.935657024383545,,44.19865155220032,0.0158846378326416
2067,3.9205880165100098,,44.220438957214355,0.021787405014038086
2068,3.920393228530884,,44.24097657203674,0.020537614822387695
2069,3.9239540100097656,,44.26207160949707,0.015434026718139648
2070,3.923814058303833,,44.28383660316467,0.02176499366760254
2071,3.9238662719726562,,44.30452752113342,0.02069091796875
2072,3.9092929363250732,,44.32725477218628,0.017973661422729492
2073,3.915910243988037,,44.34726572036743,0.020010948181152344
2074,3.9278361797332764,,44.368022203445435,0.02075648307800293
2075,3.911135196685791,,44.389036893844604,0.015874862670898438
2076,3.908186912536621,,44.41081142425537,0.0217745304107666
2077,3.9189891815185547,,44.43141484260559,0.020603418350219727
2078,3.9295880794525146,,44.45435667037964,0.017740964889526367
2079,3.926926612854004,,44.4744188785553,0.02006220817565918
2080,3.934859275817871,,44.495123624801636,0.02070474624633789
2081,3.9467973709106445,,44.51782155036926,0.01794266700744629
2082,3.9451470375061035,,44.53753662109375,0.019715070724487305
2083,3.895427703857422,,44.560845136642456,0.023308515548706055
2084,3.927036762237549,,44.58127498626709,0.01787877082824707
2085,3.924485206604004,,44.60137963294983,0.020104646682739258
2086,3.9057693481445312,,44.622424602508545,0.02104496955871582
2087,3.9370298385620117,,44.64325761795044,0.01605820655822754
2088,3.914029836654663,,44.665212869644165,0.021955251693725586
2089,3.9217448234558105,,44.685720920562744,0.0205080509185791
2090,3.9153215885162354,,44.70690870285034,0.015521526336669922
2091,3.9018430709838867,,44.72871518135071,0.02180647850036621
2092,3.9065074920654297,,44.74940514564514,0.020689964294433594
2093,3.9108049869537354,,44.77021384239197,0.016082286834716797
2094,3.8869175910949707,,44.792211294174194,0.021997451782226562
2095,3.9049055576324463,,44.81289577484131,0.020684480667114258
2096,3.929434061050415,,44.83389949798584,0.015856027603149414
2097,3.9036073684692383,,44.85568952560425,0.021790027618408203
2098,3.921985387802124,,44.87615180015564,0.0204622745513916
2099,3.9198336601257324,,44.8973708152771,0.015488386154174805
2100,3.907238483428955,0.9497439742088318,44.92141509056091,0.024044275283813477
2101,3.900637626647949,,44.944785356521606,0.02337026596069336
2102,3.895482063293457,,44.9647741317749,0.0199887752532959
2103,3.898646831512451,,44.98506951332092,0.020295381546020508
2104,3.9155564308166504,,45.008055210113525,0.02298569679260254
2105,3.903777837753296,,45.02772498130798,0.019669771194458008
2106,3.9042253494262695,,45.04860305786133,0.020878076553344727
2107,3.86594295501709,,45.070977449417114,0.022374391555786133
2108,3.9017996788024902,,45.09278964996338,0.02181220054626465
2109,3.9487996101379395,,45.112579107284546,0.019789457321166992
2110,3.9044556617736816,,45.13485622406006,0.022277116775512695
2111,3.8910000324249268,,45.156615257263184,0.021759033203125
2112,3.9077773094177246,,45.176464796066284,0.019849538803100586
2113,3.8833494186401367,,45.19770932197571,0.015566825866699219
2114,3.877732753753662,,45.2194721698761,0.021762847900390625
2115,3.8966588973999023,,45.240220069885254,0.020747900009155273
2116,3.870016098022461,,45.261054039001465,0.015694618225097656
2117,3.906139373779297,,45.28301548957825,0.021961450576782227
2118,3.8662261962890625,,45.30360746383667,0.02059197425842285
2119,3.906214714050293,,45.32479166984558,0.01602005958557129
2120,3.9011483192443848,,45.35222911834717,0.027437448501586914
2121,3.888068675994873,,45.372328758239746,0.01569342613220215
2122,3.897773027420044,,45.40383839607239,0.0315096378326416
2123,3.908566951751709,,45.425544023513794,0.02170562744140625
2124,3.888396978378296,,45.445507764816284,0.019963741302490234
2125,3.8665080070495605,,45.466917991638184,0.015614986419677734
2126,3.893305778503418,,45.48885202407837,0.021934032440185547
2127,3.878542184829712,,45.5096640586853,0.020812034606933594
2128,3.871321678161621,,45.53266096115112,0.017842769622802734
2129,3.881059408187866,,45.552730083465576,0.020069122314453125
2130,3.906022071838379,,45.57357358932495,0.020843505859375
2131,3.857269763946533,,45.595831871032715,0.017654895782470703
2132,3.888702869415283,,45.61594080924988,0.020108938217163086
2133,3.8585362434387207,,45.637062549591064,0.021121740341186523
2134,3.885802745819092,,45.659233808517456,0.017917394638061523
2135,3.876887798309326,,45.679566860198975,0.020333051681518555
2136,3.883779287338257,,45.70083045959473,0.021263599395751953
2137,3.841647148132324,,45.722219944000244,0.01773691177368164
2138,3.898503303527832,,45.743396282196045,0.02117633819580078
2139,3.850522994995117,,45.76453256607056,0.02113628387451172
2140,3.9038801193237305,,45.785717725753784,0.01774144172668457
2141,3.882887363433838,,45.807031869888306,0.021314144134521484
2142,3.882223606109619,,45.82822322845459,0.02119135856628418
2143,3.892181396484375,,45.85102105140686,0.020094633102416992
2144,3.8732404708862305,,45.87094759941101,0.01992654800415039
2145,3.9018301963806152,,45.89437127113342,0.02342367172241211
2146,3.860905647277832,,45.9144172668457,0.020045995712280273
2147,3.85193133354187,,45.93477249145508,0.020355224609375
2148,3.8779797554016113,,45.95770215988159,0.022929668426513672
2149,3.872269630432129,,45.977001905441284,0.019299745559692383
2150,3.87632155418396,,45.998250007629395,0.02124810218811035
2151,3.8363142013549805,,46.0197389125824,0.015292882919311523
2152,3.864032745361328,,46.041516065597534,0.02177715301513672
2153,3.8596677780151367,,46.06228756904602,0.020771503448486328
2154,3.8753793239593506,,46.08491539955139,0.016722440719604492
2155,3.8587377071380615,,46.104581356048584,0.019665956497192383
2156,3.839693546295166,,46.12563633918762,0.021054983139038086
2157,3.872432231903076,,46.146467447280884,0.016094207763671875
2158,3.8940482139587402,,46.16846060752869,0.021993160247802734
2159,3.8494718074798584,,46.189088582992554,0.020627975463867188
2160,3.867171287536621,,46.21046018600464,0.015756845474243164
2161,3.8421592712402344,,46.232325315475464,0.021865129470825195
2162,3.869309425354004,,46.25307750701904,0.0207521915435791
2163,3.836099624633789,,46.27553915977478,0.017815113067626953
2164,3.8593952655792236,,46.29569149017334,0.02015233039855957
2165,3.804704189300537,,46.31706428527832,0.02137279510498047
2166,3.8576772212982178,,46.33922576904297,0.017957210540771484
2167,3.8610124588012695,,46.359442710876465,0.020216941833496094
2168,3.840503215789795,,46.38078236579895,0.02133965492248535
2169,3.8735384941101074,,46.40201926231384,0.017563581466674805
2170,3.8414950370788574,,46.42325401306152,0.021234750747680664
2171,3.8102149963378906,,46.44440984725952,0.021155834197998047
2172,3.84401535987854,,46.46571373939514,0.01783466339111328
2173,3.8330092430114746,,46.486958503723145,0.02124476432800293
2174,3.8635425567626953,,46.50815725326538,0.021198749542236328
2175,3.83536434173584,,46.52939820289612,0.017778635025024414
2176,3.8249940872192383,,46.55051255226135,0.021114349365234375
2177,3.8325324058532715,,46.57169485092163,0.02118229866027832
2178,3.836963415145874,,46.59461712837219,0.020119190216064453
2179,3.8361780643463135,,46.614315032958984,0.019697904586791992
2180,3.822653293609619,,46.63563680648804,0.021321773529052734
2181,3.8390917778015137,,46.65835618972778,0.020041704177856445
2182,3.824965476989746,,46.67815327644348,0.019797086715698242
2183,3.808103561401367,,46.70155692100525,0.023403644561767578
2184,3.844762086868286,,46.721506118774414,0.01994919776916504
2185,3.821760416030884,,46.74183797836304,0.020331859588623047
2186,3.849604368209839,,46.76487946510315,0.023041486740112305
2187,3.8375420570373535,,46.78458118438721,0.019701719284057617
2188,3.799342393875122,,46.805712938308716,0.02113175392150879
2189,3.840592622756958,,46.828328132629395,0.02261519432067871
2190,3.8217549324035645,,46.84812140464783,0.019793272018432617
2191,3.8104803562164307,,46.869054317474365,0.020932912826538086
2192,3.8271265029907227,,46.891382455825806,0.02232813835144043
2193,3.8114638328552246,,46.913175106048584,0.02179265022277832
2194,3.8130104541778564,,46.932921409606934,0.01974630355834961
2195,3.8387012481689453,,46.954121112823486,0.015443086624145508
2196,3.8345837593078613,,46.97593140602112,0.021810293197631836
2197,3.8310019969940186,,46.99672079086304,0.020789384841918945
2198,3.8036577701568604,,47.01934742927551,0.017949819564819336
2199,3.819246292114258,,47.03911471366882,0.019767284393310547
2200,3.8287198543548584,0.9505615949630737,47.06470727920532,0.025592565536499023
2201,3.816249370574951,,47.084678173065186,0.01997089385986328
2202,3.8139336109161377,,47.10556411743164,0.020885944366455078
2203,3.8210737705230713,,47.128769874572754,0.02320575714111328
2204,3.832620143890381,,47.14843249320984,0.01966261863708496
2205,3.8210482597351074,,47.16952109336853,0.021088600158691406
2206,3.8322594165802,,47.19186878204346,0.022347688674926758
2207,3.8126659393310547,,47.21359300613403,0.021724224090576172
2208,3.793337821960449,,47.23347806930542,0.01988506317138672
2209,3.8184456825256348,,47.254645109176636,0.015430450439453125
2210,3.798959732055664,,47.27637720108032,0.021732091903686523
2211,3.8176522254943848,,47.29681611061096,0.02043890953063965
2212,3.850945472717285,,47.31772494316101,0.015657424926757812
2213,3.7981958389282227,,47.33972787857056,0.0220029354095459
2214,3.7753522396087646,,47.3607075214386,0.020979642868041992
2215,3.843348264694214,,47.38333559036255,0.018111705780029297
2216,3.8112003803253174,,47.40302276611328,0.019687175750732422
2217,3.8148458003997803,,47.42418718338013,0.021164417266845703
2218,3.810769557952881,,47.44502353668213,0.016065359115600586
2219,3.8191723823547363,,47.46693992614746,0.02191638946533203
2220,3.813175678253174,,47.48861336708069,0.02167344093322754
2221,3.8042328357696533,,47.510855197906494,0.018037796020507812
2222,3.8064255714416504,,47.53116321563721,0.02030801773071289
2223,3.819396495819092,,47.55268049240112,0.021517276763916016
2224,3.7821102142333984,,47.573813915252686,0.017313480377197266
2225,3.818903923034668,,47.59518790245056,0.021373987197875977
2226,3.8180837631225586,,47.6167938709259,0.021605968475341797
2227,3.791616916656494,,47.639522314071655,0.02003622055053711
2228,3.804861068725586,,47.659374475479126,0.019852161407470703
2229,3.818574905395508,,47.68268585205078,0.023311376571655273
2230,3.797565221786499,,47.702534437179565,0.01984858512878418
2231,3.7925736904144287,,47.722819566726685,0.02028512954711914
2232,3.811706781387329,,47.745692014694214,0.022872447967529297
2233,3.8058969974517822,,47.76561689376831,0.01992487907409668
2234,3.8002052307128906,,47.78639554977417,0.020778656005859375
2235,3.78183650970459,,47.80944609642029,0.023050546646118164
2236,3.8090102672576904,,47.82910895347595,0.019662857055664062
2237,3.809953212738037,,47.85024428367615,0.021135330200195312
2238,3.789146900177002,,47.87303614616394,0.02279186248779297
2239,3.805928945541382,,47.89289736747742,0.019861221313476562
2240,3.7656986713409424,,47.914124965667725,0.021227598190307617
2241,3.782017707824707,,47.93677234649658,0.022647380828857422
2242,3.786318302154541,,47.960084676742554,0.02331233024597168
2243,3.784325122833252,,47.98130822181702,0.02122354507446289
2244,3.7838826179504395,,48.00244665145874,0.01772022247314453
2245,3.7625160217285156,,48.023826360702515,0.021379709243774414
2246,3.7651305198669434,,48.045042991638184,0.021216630935668945
2247,3.7801332473754883,,48.067827224731445,0.020064592361450195
2248,3.789468288421631,,48.087586879730225,0.019759654998779297
2249,3.7805709838867188,,48.10866594314575,0.021079063415527344
2250,3.79134202003479,,48.129780530929565,0.01789236068725586
2251,3.8149852752685547,,48.150896072387695,0.021115541458129883
2252,3.799179792404175,,48.172070026397705,0.021173954010009766
2253,3.7785043716430664,,48.194798707962036,0.019963741302490234
2254,3.8088936805725098,,48.214659214019775,0.019860506057739258
2255,3.776582956314087,,48.238009452819824,0.023350238800048828
2256,3.768181800842285,,48.25788187980652,0.019872426986694336
2257,3.7840144634246826,,48.27810740470886,0.02022552490234375
2258,3.7626655101776123,,48.30090069770813,0.022793292999267578
2259,3.781680107116699,,48.320560455322266,0.019659757614135742
2260,3.8163537979125977,,48.34152913093567,0.02096867561340332
2261,3.779987335205078,,48.363791942596436,0.0222628116607666
2262,3.7789011001586914,,48.38551354408264,0.021721601486206055
2263,3.767308235168457,,48.40520262718201,0.019689083099365234
2264,3.74969744682312,,48.42659115791321,0.01518559455871582
2265,3.7657206058502197,,48.44833040237427,0.02173924446105957
2266,3.787968158721924,,48.469085454940796,0.02075505256652832
2267,3.7712297439575195,,48.491942167282104,0.017740726470947266
2268,3.789424419403076,,48.5120325088501,0.020090341567993164
2269,3.782405376434326,,48.532519578933716,0.020487070083618164
2270,3.7954182624816895,,48.55366611480713,0.015441417694091797
2271,3.785996198654175,,48.57544159889221,0.021775484085083008
2272,3.761667251586914,,48.59618926048279,0.020747661590576172
2273,3.8052453994750977,,48.61836528778076,0.01682424545288086
2274,3.766000747680664,,48.639243364334106,0.020878076553344727
2275,3.7714245319366455,,48.659916400909424,0.020673036575317383
2276,3.754849433898926,,48.682716846466064,0.018037796020507812
2277,3.771162509918213,,48.70276665687561,0.0200498104095459
2278,3.7410683631896973,,48.72343397140503,0.020667314529418945
2279,3.7348275184631348,,48.74650812149048,0.017922639846801758
2280,3.775601863861084,,48.76653814315796,0.02003002166748047
2281,3.7447049617767334,,48.787354946136475,0.020816802978515625
2282,3.7688448429107666,,48.81000852584839,0.01794266700744629
2283,3.742363691329956,,48.8237726688385,0.013764142990112305
2284,3.7661936283111572,,48.856701374053955,0.0329287052154541
2285,3.7684342861175537,,48.8736457824707,0.016944408416748047
2286,3.7369465827941895,,48.90230441093445,0.028658628463745117
2287,3.764005661010742,,48.92241883277893,0.020114421844482422
2288,3.766148567199707,,48.94282913208008,0.02041029930114746
2289,3.7623791694641113,,48.96619129180908,0.023362159729003906
2290,3.726778745651245,,48.98969268798828,0.02350139617919922
2291,3.759305477142334,,49.01091241836548,0.021219730377197266
2292,3.7414817810058594,,49.033812522888184,0.019707441329956055
2293,3.734524726867676,,49.045576333999634,0.008015871047973633
2294,3.742171287536621,,49.076804399490356,0.018060922622680664
2295,3.7023067474365234,,49.09278726577759,0.012847661972045898
2296,3.7438805103302,,49.1105101108551,0.009019613265991211
2297,3.7672386169433594,,49.140334129333496,0.01763439178466797
2298,3.734466314315796,,49.15641713142395,0.012076377868652344
2299,3.7761034965515137,,49.174124240875244,0.009019136428833008
2300,3.7474324703216553,0.9504199147224426,49.20405197143555,0.017780542373657227
2301,3.7684783935546875,,49.226112604141235,0.015874862670898438
2302,3.761064052581787,,49.247323751449585,0.02121114730834961
2303,3.7323944568634033,,49.269434452056885,0.0179288387298584
2304,3.7289743423461914,,49.289493799209595,0.02005934715270996
2305,3.7672293186187744,,49.31069755554199,0.02120375633239746
2306,3.7524070739746094,,49.3393177986145,0.024420499801635742
2307,3.736448287963867,,49.360204219818115,0.01788616180419922
2308,3.78753662109375,,49.37985301017761,0.01964879035949707
2309,3.743154525756836,,49.40081739425659,0.020964384078979492
2310,3.7450485229492188,,49.423619747161865,0.022802352905273438
2311,3.760878801345825,,49.448078870773315,0.020536184310913086
2312,3.7644455432891846,,49.47269678115845,0.024617910385131836
2313,3.7677316665649414,,49.49593925476074,0.023242473602294922
2314,3.732874870300293,,49.515799045562744,0.019859790802001953
2315,3.767031192779541,,49.537052154541016,0.021253108978271484
2316,3.725276470184326,,49.55983805656433,0.02278590202331543
2317,3.773160457611084,,49.58312630653381,0.023288249969482422
2318,3.731351852416992,,49.60449576377869,0.021369457244873047
2319,3.6991755962371826,,49.62694478034973,0.01971149444580078
2320,3.732276678085327,,49.64721632003784,0.02027153968811035
2321,3.722874641418457,,49.671499252319336,0.02428293228149414
2322,3.767446279525757,,49.692343950271606,0.020844697952270508
2323,3.7434842586517334,,49.71226191520691,0.019917964935302734
2324,3.7137060165405273,,49.73357057571411,0.015522480010986328
2325,3.728351354598999,,49.75545525550842,0.021884679794311523
2326,3.7240171432495117,,49.77620506286621,0.020749807357788086
2327,3.7250442504882812,,49.79905390739441,0.018085002899169922
2328,3.7283406257629395,,49.81886649131775,0.019812583923339844
2329,3.724318027496338,,49.84027457237244,0.0214080810546875
2330,3.7343263626098633,,49.86247658729553,0.01796269416809082
2331,3.73197340965271,,49.88355016708374,0.021073579788208008
2332,3.7473995685577393,,49.903908014297485,0.020357847213745117
2333,3.7233591079711914,,49.92670917510986,0.01810741424560547
2334,3.7373664379119873,,49.946502685546875,0.01979351043701172
2335,3.7438998222351074,,49.96773838996887,0.02123570442199707
2336,3.73036789894104,,49.99042797088623,0.018001317977905273
2337,3.7500693798065186,,50.010141372680664,0.019713401794433594
2338,3.723418712615967,,50.03146290779114,0.021321535110473633
2339,3.6933939456939697,,50.05278491973877,0.017181396484375
2340,3.7210793495178223,,50.07389855384827,0.02111363410949707
2341,3.735384225845337,,50.09497809410095,0.021079540252685547
2342,3.7161455154418945,,50.11610722541809,0.01770329475402832
2343,3.724219799041748,,50.13741946220398,0.021312236785888672
2344,3.743035078048706,,50.158626079559326,0.02120661735534668
2345,3.729848861694336,,50.1816303730011,0.019859790802001953
2346,3.726837396621704,,50.20119547843933,0.019565105438232422
2347,3.7389938831329346,,50.22231698036194,0.021121501922607422
2348,3.776005268096924,,50.24519944190979,0.01966261863708496
2349,3.7079436779022217,,50.26471185684204,0.019512414932250977
2350,3.7262439727783203,,50.28580689430237,0.02109503746032715
2351,3.7139134407043457,,50.30875873565674,0.01971292495727539
2352,3.735492706298828,,50.3283486366272,0.019589900970458984
2353,3.6994857788085938,,50.351933002471924,0.023584365844726562
2354,3.694812536239624,,50.37189698219299,0.019963979721069336
2355,3.729313850402832,,50.39224338531494,0.020346403121948242
2356,3.7308526039123535,,50.4152307510376,0.02298736572265625
2357,3.6855435371398926,,50.43503451347351,0.019803762435913086
2358,3.6844568252563477,,50.45618963241577,0.021155118942260742
2359,3.7211618423461914,,50.479146003723145,0.022956371307373047
2360,3.679553508758545,,50.498841524124146,0.019695520401000977
2361,3.7060039043426514,,50.52029585838318,0.021454334259033203
2362,3.715071678161621,,50.54373097419739,0.023435115814208984
2363,3.736152172088623,,50.56430244445801,0.020571470260620117
2364,3.7214739322662354,,50.58381748199463,0.019515037536621094
2365,3.725344657897949,,50.605205059051514,0.021387577056884766
2366,3.6905698776245117,,50.6269793510437,0.0217742919921875
2367,3.6887333393096924,,50.64763283729553,0.020653486251831055
2368,3.6870577335357666,,50.668445348739624,0.015676259994506836
2369,3.7140707969665527,,50.6904239654541,0.02197861671447754
2370,3.6884665489196777,,50.71116828918457,0.02074432373046875
2371,3.6905813217163086,,50.7342164516449,0.0178372859954834
2372,3.7316789627075195,,50.75344491004944,0.019228458404541016
2373,3.6938936710357666,,50.77499198913574,0.02154707908630371
2374,3.7046289443969727,,50.79583120346069,0.015642642974853516
2375,3.7232327461242676,,50.81782007217407,0.021988868713378906
2376,3.6654186248779297,,50.83850455284119,0.020684480667114258
2377,3.6952264308929443,,50.86156916618347,0.01784968376159668
2378,3.687267541885376,,50.881587505340576,0.020018339157104492
2379,3.7060184478759766,,50.90230679512024,0.020719289779663086
2380,3.6974520683288574,,50.923203468322754,0.01570415496826172
2381,3.6776301860809326,,50.945213079452515,0.022009611129760742
2382,3.6839759349823,,50.96581482887268,0.020601749420166016
2383,3.6821582317352295,,50.98666524887085,0.015672922134399414
2384,3.6928470134735107,,51.00866460800171,0.021999359130859375
2385,3.6787326335906982,,51.02934408187866,0.020679473876953125
2386,3.703091859817505,,51.051949977874756,0.01657271385192871
2387,3.6888203620910645,,51.07168364524841,0.019733667373657227
2388,3.710895538330078,,51.092886447906494,0.021202802658081055
2389,3.6695969104766846,,51.11514663696289,0.018064260482788086
2390,3.680513858795166,,51.1353485584259,0.020201921463012695
2391,3.7011165618896484,,51.15658450126648,0.021235942840576172
2392,3.6990199089050293,,51.17873001098633,0.017927885055541992
2393,3.647528648376465,,51.19908785820007,0.020357847213745117
2394,3.6632652282714844,,51.220250368118286,0.02116250991821289
2395,3.6964364051818848,,51.24261522293091,0.018625974655151367
2396,3.713740587234497,,51.2627227306366,0.020107507705688477
2397,3.7195234298706055,,51.28402400016785,0.02130126953125
2398,3.6800742149353027,,51.30319094657898,0.015738964080810547
2399,3.704583168029785,,51.330217361450195,0.02702641487121582
2400,3.669928550720215,0.9499926447868348,51.3540940284729,0.01925063133239746
2401,3.6680002212524414,,51.375457525253296,0.021363496780395508
2402,3.6924901008605957,,51.39764904975891,0.022191524505615234
2403,3.6680145263671875,,51.419501066207886,0.02185201644897461
2404,3.674215793609619,,51.43909430503845,0.019593238830566406
2405,3.7092578411102295,,51.461339473724365,0.016060590744018555
2406,3.7178587913513184,,51.48313808441162,0.02179861068725586
2407,3.7081098556518555,,51.503066539764404,0.019928455352783203
2408,3.681985378265381,,51.52451014518738,0.021443605422973633
2409,3.6641712188720703,,51.546300649642944,0.021790504455566406
2410,3.6720218658447266,,51.566850662231445,0.020550012588500977
2411,3.6767444610595703,,51.58795928955078,0.015851497650146484
2412,3.655381679534912,,51.60975646972656,0.02179718017578125
2413,3.6652326583862305,,51.63012886047363,0.020372390747070312
2414,3.6579718589782715,,51.65108060836792,0.015707731246948242
2415,3.6958203315734863,,51.6730101108551,0.021929502487182617
2416,3.668412923812866,,51.693782567977905,0.020772457122802734
2417,3.666706085205078,,51.71553826332092,0.017042160034179688
2418,3.7136049270629883,,51.7363076210022,0.020769357681274414
2419,3.6495141983032227,,51.75721621513367,0.020908594131469727
2420,3.6683554649353027,,51.77998924255371,0.01798415184020996
2421,3.672373056411743,,51.79959297180176,0.019603729248046875
2422,3.673804998397827,,51.82067847251892,0.021085500717163086
2423,3.644096612930298,,51.8430757522583,0.017711877822875977
2424,3.6688973903656006,,51.86328840255737,0.020212650299072266
2425,3.6415200233459473,,51.88480615615845,0.02151775360107422
2426,3.6695432662963867,,51.90596866607666,0.017685890197753906
2427,3.687962055206299,,51.92728662490845,0.02131795883178711
2428,3.67410945892334,,51.948442459106445,0.021155834197998047
2429,3.6605844497680664,,51.97138810157776,0.01973414421081543
2430,3.655886650085449,,51.99077033996582,0.019382238388061523
2431,3.6505088806152344,,52.01192569732666,0.021155357360839844
2432,3.652808666229248,,52.03308343887329,0.017737865447998047
2433,3.62652587890625,,52.05476641654968,0.0216829776763916
2434,3.671189308166504,,52.07828378677368,0.023517370223999023
2435,3.673737049102783,,52.09821009635925,0.01992630958557129
2436,3.6863045692443848,,52.11843681335449,0.020226716995239258
2437,3.6798131465911865,,52.13963031768799,0.021193504333496094
2438,3.661339044570923,,52.16225528717041,0.019982099533081055
2439,3.62923002243042,,52.18214535713196,0.01989006996154785
2440,3.6625816822052,,52.203192472457886,0.021047115325927734
2441,3.669459104537964,,52.22594738006592,0.02005910873413086
2442,3.6705985069274902,,52.24569916725159,0.019751787185668945
2443,3.6547701358795166,,52.269184589385986,0.023485422134399414
2444,3.6618287563323975,,52.28917074203491,0.01998615264892578
2445,3.6763358116149902,,52.309574127197266,0.020403385162353516
2446,3.629312038421631,,52.332571029663086,0.022996902465820312
2447,3.625338554382324,,52.352232694625854,0.019661664962768555
2448,3.6518044471740723,,52.3733069896698,0.021074295043945312
2449,3.667127847671509,,52.396450996398926,0.023144006729125977
2450,3.650796413421631,,52.41629409790039,0.018518686294555664
2451,3.657876491546631,,52.43730926513672,0.021015167236328125
2452,3.684015989303589,,52.45990586280823,0.02259659767150879
2453,3.6600899696350098,,52.47980523109436,0.019899368286132812
2454,3.6530652046203613,,52.5007381439209,0.020932912826538086
2455,3.631873607635498,,52.52345132827759,0.022713184356689453
2456,3.6565604209899902,,52.54690384864807,0.0234525203704834
2457,3.6419079303741455,,52.568166732788086,0.02126288414001465
2458,3.636920928955078,,52.59078288078308,0.019965648651123047
2459,3.6512362957000732,,52.61084008216858,0.020057201385498047
2460,3.628166675567627,,52.63419222831726,0.02335214614868164
2461,3.6336278915405273,,52.65411019325256,0.019917964935302734
2462,3.6855051517486572,,52.67422652244568,0.020116329193115234
2463,3.6502315998077393,,52.69535708427429,0.02113056182861328
2464,3.6654133796691895,,52.71615982055664,0.018106698989868164
2465,3.6455349922180176,,52.73778533935547,0.021625518798828125
2466,3.669555902481079,,52.75899624824524,0.021210908889770508
2467,3.642603635787964,,52.781165599823,0.018980026245117188
2468,3.649578094482422,,52.801594734191895,0.020429134368896484
2469,3.643584966659546,,52.823145389556885,0.021550655364990234
2470,3.6370506286621094,,52.84578227996826,0.02002406120300293
2471,3.666025161743164,,52.8655641078949,0.019781827926635742
2472,3.639993906021118,,52.88664364814758,0.021079540252685547
2473,3.648937463760376,,52.9077205657959,0.01788187026977539
2474,3.653855085372925,,52.92888832092285,0.021167755126953125
2475,3.6381993293762207,,52.9501588344574,0.0212705135345459
2476,3.63747501373291,,52.971373081207275,0.017805814743041992
2477,3.6046957969665527,,52.99289679527283,0.021523714065551758
2478,3.6722190380096436,,53.014050245285034,0.02115345001220703
2479,3.626309871673584,,53.03510332107544,0.01788163185119629
2480,3.607910394668579,,53.05611538887024,0.021012067794799805
2481,3.624800205230713,,53.077219009399414,0.021103620529174805
2482,3.6241602897644043,,53.09828805923462,0.0176084041595459
2483,3.6509087085723877,,53.11962389945984,0.021335840225219727
2484,3.631580352783203,,53.14078998565674,0.021166086196899414
2485,3.6127724647521973,,53.16351914405823,0.01997065544128418
2486,3.6507997512817383,,53.18338084220886,0.019861698150634766
2487,3.657346487045288,,53.2068247795105,0.023443937301635742
2488,3.6400694847106934,,53.22685170173645,0.02002692222595215
2489,3.637895107269287,,53.24713087081909,0.0202791690826416
2490,3.6314759254455566,,53.270057916641235,0.022927045822143555
2491,3.623509168624878,,53.289342403411865,0.019284486770629883
2492,3.612184524536133,,53.31053638458252,0.021193981170654297
2493,3.6023476123809814,,53.33201622962952,0.015249252319335938
2494,3.6113271713256836,,53.3537974357605,0.021781206130981445
2495,3.646627902984619,,53.37455129623413,0.020753860473632812
2496,3.6149911880493164,,53.39740180969238,0.018093109130859375
2497,3.6149044036865234,,53.4175181388855,0.020116329193115234
2498,3.5983541011810303,,53.43824577331543,0.02072763442993164
2499,3.6742825508117676,,53.460914611816406,0.017934322357177734
2500,3.634371757507324,0.948238480091095,53.48349046707153,0.022575855255126953
2501,3.621065616607666,,53.506436347961426,0.022945880889892578
2502,3.610379934310913,,53.52214765548706,0.015711307525634766
2503,3.6111018657684326,,53.538089752197266,0.015942096710205078
2504,3.5886218547821045,,53.5701744556427,0.03208470344543457
2505,3.592029571533203,,53.587867736816406,0.017693281173706055
2506,3.6147491931915283,,53.61248564720154,0.024617910385131836
2507,3.576333522796631,,53.63542699813843,0.018096208572387695
2508,3.6108484268188477,,53.65524458885193,0.019817590713500977
2509,3.618288993835449,,53.6763596534729,0.02111506462097168
2510,3.6347556114196777,,53.699164390563965,0.017977476119995117
2511,3.6397414207458496,,53.713072538375854,0.013908147811889648
2512,3.637676239013672,,53.72898983955383,0.015917301177978516
2513,3.603238582611084,,53.7604615688324,0.01573801040649414
2514,3.60587477684021,,53.78242063522339,0.02195906639099121
2515,3.6152594089508057,,53.803560733795166,0.021140098571777344
2516,3.623627185821533,,53.82666063308716,0.01790332794189453
2517,3.6183829307556152,,53.84624528884888,0.01958465576171875
2518,3.6231369972229004,,53.86756706237793,0.021321773529052734
2519,3.622361660003662,,53.890300989151,0.016807079315185547
2520,3.618122100830078,,53.9100022315979,0.019701242446899414
2521,3.5941195487976074,,53.93111228942871,0.021110057830810547
2522,3.610665798187256,,53.95405578613281,0.017715930938720703
2523,3.6156041622161865,,53.97407817840576,0.02002239227294922
2524,3.6405301094055176,,53.99471855163574,0.02064037322998047
2525,3.628725051879883,,54.01769685745239,0.01777029037475586
2526,3.6235780715942383,,54.03773903846741,0.02004218101501465
2527,3.6138648986816406,,54.05843734741211,0.02069830894470215
2528,3.6592211723327637,,54.081427812576294,0.01781487464904785
2529,3.5675594806671143,,54.10150647163391,0.020078659057617188
2530,3.611621141433716,,54.12244248390198,0.020936012268066406
2531,3.5714340209960938,,54.14514136314392,0.018023967742919922
2532,3.5913777351379395,,54.164865255355835,0.019723892211914062
2533,3.6105079650878906,,54.18626070022583,0.021395444869995117
2534,3.593113422393799,,54.20856428146362,0.018021345138549805
2535,3.6024394035339355,,54.22878551483154,0.020221233367919922
2536,3.574294090270996,,54.25000524520874,0.021219730377197266
2537,3.5955100059509277,,54.27117705345154,0.01743602752685547
2538,3.591888427734375,,54.292189836502075,0.02101278305053711
2539,3.6412856578826904,,54.31350564956665,0.021315813064575195
2540,3.6026337146759033,,54.3406925201416,0.02364373207092285
2541,3.619624137878418,,54.364622831344604,0.02192997932434082
2542,3.5989677906036377,,54.38468027114868,0.02005743980407715
2543,3.621164321899414,,54.40633749961853,0.015857696533203125
2544,3.605893850326538,,54.42834448814392,0.022006988525390625
2545,3.5944485664367676,,54.44972252845764,0.021378040313720703
2546,3.6043591499328613,,54.47360348701477,0.019366741180419922
2547,3.60612416267395,,54.49380397796631,0.020200490951538086
2548,3.6098179817199707,,54.51722311973572,0.02341914176940918
2549,3.5642685890197754,,54.53694558143616,0.019722461700439453
2550,3.6015734672546387,,54.55932855606079,0.02238297462463379
2551,3.623203754425049,,54.58247709274292,0.01770806312561035
2552,3.5692999362945557,,54.60210037231445,0.019623279571533203
2553,3.5794055461883545,,54.62329339981079,0.02119302749633789
2554,3.583357095718384,,54.64565372467041,0.017667770385742188
2555,3.5946543216705322,,54.66590976715088,0.02025604248046875
2556,3.5953235626220703,,54.68712115287781,0.02121138572692871
2557,3.6078102588653564,,54.70936727523804,0.018616199493408203
2558,3.6194305419921875,,54.729491233825684,0.020123958587646484
2559,3.571650981903076,,54.750624656677246,0.0211334228515625
2560,3.5843405723571777,,54.77180004119873,0.01775670051574707
2561,3.60315203666687,,54.79302763938904,0.021227598190307617
2562,3.6133875846862793,,54.81420183181763,0.021174192428588867
2563,3.600557327270508,,54.83694911003113,0.019956111907958984
2564,3.609110116958618,,54.85702109336853,0.020071983337402344
2565,3.590306520462036,,54.88048267364502,0.023461580276489258
2566,3.598691463470459,,54.9005389213562,0.02005624771118164
2567,3.6071181297302246,,54.92087459564209,0.020335674285888672
2568,3.6016945838928223,,54.94377326965332,0.02289867401123047
2569,3.57698655128479,,54.96346998214722,0.019696712493896484
2570,3.5758352279663086,,54.984543561935425,0.021073579788208008
2571,3.564072608947754,,55.007038831710815,0.022495269775390625
2572,3.577092170715332,,55.028836727142334,0.021797895431518555
2573,3.583430767059326,,55.048813819885254,0.019977092742919922
2574,3.5989012718200684,,55.0699405670166,0.015359878540039062
2575,3.604982852935791,,55.0917227268219,0.02178215980529785
2576,3.5704383850097656,,55.11232352256775,0.02060079574584961
2577,3.6162562370300293,,55.1333122253418,0.015734434127807617
2578,3.579814910888672,,55.155301570892334,0.02198934555053711
2579,3.601436138153076,,55.1761691570282,0.020867586135864258
2580,3.5929770469665527,,55.19880437850952,0.017896652221679688
2581,3.5881054401397705,,55.21862602233887,0.019821643829345703
2582,3.564354658126831,,55.2400016784668,0.021375656127929688
2583,3.5912246704101562,,55.262145042419434,0.017896175384521484
2584,3.5595362186431885,,55.282466411590576,0.020321369171142578
2585,3.577660083770752,,55.30370759963989,0.021241188049316406
2586,3.5845420360565186,,55.3259551525116,0.018579483032226562
2587,3.555835723876953,,55.34636855125427,0.02041339874267578
2588,3.602372169494629,,55.3676540851593,0.021285533905029297
2589,3.5817818641662598,,55.38854742050171,0.018099069595336914
2590,3.5700783729553223,,55.40997934341431,0.021431922912597656
2591,3.5917186737060547,,55.434205770492554,0.02422642707824707
2592,3.591888904571533,,55.45410966873169,0.019903898239135742
2593,3.56565523147583,,55.47524094581604,0.021131277084350586
2594,3.58870792388916,,55.49754214286804,0.022301197052001953
2595,3.562227964401245,,55.51954007148743,0.021997928619384766
2596,3.5781450271606445,,55.539132595062256,0.0195925235748291
2597,3.529655694961548,,55.56064200401306,0.021509408950805664
2598,3.5966310501098633,,55.58596873283386,0.02532672882080078
2599,3.5765981674194336,,55.60832357406616,0.022354841232299805
2600,3.5901379585266113,0.9473440766334533,55.632309913635254,0.023986339569091797
2601,3.5888192653656006,,55.65354800224304,0.021238088607788086
2602,3.5802366733551025,,55.6762969493866,0.02002739906311035
2603,3.555663585662842,,55.69621992111206,0.019922971725463867
2604,3.6226420402526855,,55.719563245773315,0.023343324661254883
2605,3.5773391723632812,,55.738757848739624,0.019194602966308594
2606,3.5731756687164307,,55.759981870651245,0.021224021911621094
2607,3.5824294090270996,,55.781283378601074,0.015128612518310547
2608,3.5729901790618896,,55.80334115028381,0.022057771682739258
2609,3.5773909091949463,,55.82391428947449,0.020573139190673828
2610,3.546746253967285,,55.846797943115234,0.01764702796936035
2611,3.552553176879883,,55.866822719573975,0.020024776458740234
2612,3.557800054550171,,55.88756036758423,0.020737648010253906
2613,3.599137306213379,,55.9103569984436,0.01809525489807129
2614,3.5469703674316406,,55.930153369903564,0.019796371459960938
2615,3.578233242034912,,55.9512403011322,0.021086931228637695
2616,3.572132110595703,,55.97200083732605,0.015630483627319336
2617,3.5633721351623535,,55.994001626968384,0.022000789642333984
2618,3.5462605953216553,,56.01467490196228,0.020673274993896484
2619,3.5693440437316895,,56.03729867935181,0.01795220375061035
2620,3.582209825515747,,56.05910658836365,0.02180790901184082
2621,3.5559701919555664,,56.07892346382141,0.019816875457763672
2622,3.578092336654663,,56.10021734237671,0.01775383949279785
2623,3.559370279312134,,56.121580600738525,0.021363258361816406
2624,3.553040027618408,,56.142850399017334,0.021269798278808594
2625,3.5789170265197754,,56.165459871292114,0.019920825958251953
2626,3.6001603603363037,,56.185232400894165,0.01977252960205078
2627,3.594773530960083,,56.208574295043945,0.023341894149780273
2628,3.541783332824707,,56.22467803955078,0.016103744506835938
2629,3.5603270530700684,,56.249231576919556,0.024553537368774414
2630,3.539091110229492,,56.27221751213074,0.02298593521118164
2631,3.5513839721679688,,56.29186677932739,0.019649267196655273
2632,3.5507893562316895,,56.321829319000244,0.029962539672851562
2633,3.570911407470703,,56.33594369888306,0.01307988166809082
2634,3.5461792945861816,,56.36409091949463,0.028147220611572266
2635,3.5859901905059814,,56.38530373573303,0.017853260040283203
2636,3.5359978675842285,,56.406611919403076,0.021308183670043945
2637,3.530351161956787,,56.42793583869934,0.02132391929626465
2638,3.5590529441833496,,56.45057654380798,0.019912242889404297
2639,3.532409906387329,,56.47048616409302,0.01990962028503418
2640,3.571815252304077,,56.494311571121216,0.023825407028198242
2641,3.582904815673828,,56.513232469558716,0.0183866024017334
2642,3.5696191787719727,,56.5344922542572,0.021259784698486328
2643,3.5704164505004883,,56.55663561820984,0.02214336395263672
2644,3.560553550720215,,56.578370571136475,0.021734952926635742
2645,3.5671420097351074,,56.59837603569031,0.020005464553833008
2646,3.5497429370880127,,56.61955952644348,0.015506267547607422
2647,3.5334086418151855,,56.64152503013611,0.021965503692626953
2648,3.536048173904419,,56.66210699081421,0.020581960678100586
2649,3.5375113487243652,,56.683297872543335,0.015532732009887695
2650,3.5554676055908203,,56.7062714099884,0.02297353744506836
2651,3.5427093505859375,,56.72589921951294,0.019627809524536133
2652,3.545158624649048,,56.74856948852539,0.01796722412109375
2653,3.537628650665283,,56.76829195022583,0.019722461700439453
2654,3.531458854675293,,56.78946924209595,0.021177291870117188
2655,3.5305535793304443,,56.81203818321228,0.017928123474121094
2656,3.5536375045776367,,56.82582354545593,0.013785362243652344
2657,3.54630708694458,,56.857521772384644,0.03169822692871094
2658,3.5239975452423096,,56.87929677963257,0.021775007247924805
2659,3.535538673400879,,56.89926242828369,0.019965648651123047
2660,3.5327327251434326,,56.920523166656494,0.015537738800048828
2661,3.5372848510742188,,56.94226336479187,0.021740198135375977
2662,3.5340421199798584,,56.96818494796753,0.02592158317565918
2663,3.5454516410827637,,56.98783254623413,0.019647598266601562
2664,3.588454484939575,,57.0089156627655,0.02108311653137207
2665,3.536508083343506,,57.031742811203,0.0228271484375
2666,3.521617889404297,,57.05159020423889,0.019847393035888672
2667,3.5636656284332275,,57.072969913482666,0.021379709243774414
2668,3.5378875732421875,,57.095402240753174,0.022432327270507812
2669,3.539163589477539,,57.11716818809509,0.021765947341918945
2670,3.5468130111694336,,57.13684678077698,0.019678592681884766
2671,3.510584592819214,,57.15827822685242,0.021431446075439453
2672,3.5210418701171875,,57.17998027801514,0.021702051162719727
2673,3.5114030838012695,,57.2008421421051,0.02086186408996582
2674,3.5422468185424805,,57.22344994544983,0.017974853515625
2675,3.519078016281128,,57.243141889572144,0.019691944122314453
2676,3.547922134399414,,57.264299154281616,0.021157264709472656
2677,3.5269932746887207,,57.286418199539185,0.01791858673095703
2678,3.527575969696045,,57.3065927028656,0.020174503326416016
2679,3.5286545753479004,,57.32786536216736,0.021272659301757812
2680,3.5090720653533936,,57.34984254837036,0.017360448837280273
2681,3.49814772605896,,57.371347427368164,0.021504878997802734
2682,3.5576608180999756,,57.392561197280884,0.021213769912719727
2683,3.53196382522583,,57.415350675582886,0.020054340362548828
2684,3.526479721069336,,57.43518424034119,0.01983356475830078
2685,3.5315139293670654,,57.45897722244263,0.02379298210144043
2686,3.510667085647583,,57.478981494903564,0.0200042724609375
2687,3.569304943084717,,57.499361753463745,0.020380258560180664
2688,3.5254225730895996,,57.522339820861816,0.02297806739807129
2689,3.528411865234375,,57.542126417160034,0.019786596298217773
2690,3.5320305824279785,,57.56303429603577,0.020907878875732422
2691,3.5841379165649414,,57.585792541503906,0.02275824546813965
2692,3.5101304054260254,,57.60938119888306,0.02358865737915039
2693,3.5131301879882812,,57.63083600997925,0.021454811096191406
2694,3.5373473167419434,,57.65363430976868,0.019991636276245117
2695,3.5403034687042236,,57.673484086990356,0.019849777221679688
2696,3.559889793395996,,57.696879148483276,0.023395061492919922
2697,3.534578800201416,,57.71624302864075,0.019363880157470703
2698,3.540381908416748,,57.73764133453369,0.021398305892944336
2699,3.5257270336151123,,57.759883880615234,0.01604747772216797
2700,3.5302534103393555,0.9522361993789673,57.783188581466675,0.02330470085144043
2701,3.498483896255493,,57.804462909698486,0.021274328231811523
2702,3.5323646068573,,57.82722043991089,0.020084619522094727
2703,3.515489339828491,,57.8470344543457,0.019814014434814453
2704,3.5045270919799805,,57.87053823471069,0.023503780364990234
2705,3.5091490745544434,,57.89025282859802,0.0197145938873291
2706,3.516779661178589,,57.91108727455139,0.02083444595336914
2707,3.524303436279297,,57.93346166610718,0.022374391555786133
2708,3.5569610595703125,,57.95513200759888,0.02167034149169922
2709,3.529299259185791,,57.975788831710815,0.020656824111938477
2710,3.516782760620117,,57.996760845184326,0.015784502029418945
2711,3.5381736755371094,,58.0187668800354,0.02200603485107422
2712,3.511256694793701,,58.03930974006653,0.02054286003112793
2713,3.5107474327087402,,58.061277627944946,0.016838550567626953
2714,3.494706153869629,,58.08223485946655,0.020957231521606445
2715,3.4996161460876465,,58.103089570999146,0.020854711532592773
2716,3.514803409576416,,58.125826835632324,0.01803874969482422
2717,3.5320091247558594,,58.14562010765076,0.019793272018432617
2718,3.510468006134033,,58.166658878326416,0.02103877067565918
2719,3.533620595932007,,58.18752121925354,0.015717029571533203
2720,3.520306348800659,,58.20949411392212,0.0219728946685791
2721,3.5286691188812256,,58.2300546169281,0.020560503005981445
2722,3.4942855834960938,,58.251060009002686,0.01584601402282715
2723,3.535029888153076,,58.27306604385376,0.02200603485107422
2724,3.5226969718933105,,58.293771266937256,0.020705223083496094
2725,3.530531167984009,,58.31655764579773,0.018081188201904297
2726,3.503898859024048,,58.33655142784119,0.01999378204345703
2727,3.49399733543396,,58.3582124710083,0.021661043167114258
2728,3.5096347332000732,,58.379363775253296,0.017390727996826172
2729,3.5058507919311523,,58.400514364242554,0.021150588989257812
2730,3.5207366943359375,,58.42166042327881,0.021146059036254883
2731,3.501737594604492,,58.442890644073486,0.01781320571899414
2732,3.5063180923461914,,58.46421003341675,0.02131938934326172
2733,3.5229880809783936,,58.48552989959717,0.021319866180419922
2734,3.508928060531616,,58.508288621902466,0.020024538040161133
2735,3.5156126022338867,,58.528149366378784,0.01986074447631836
2736,3.5048117637634277,,58.54922819137573,0.021078824996948242
2737,3.517650604248047,,58.571874141693115,0.0199735164642334
2738,3.501676559448242,,58.5917432308197,0.019869089126586914
2739,3.5338096618652344,,58.61519241333008,0.023449182510375977
2740,3.4908180236816406,,58.63506364822388,0.019871234893798828
2741,3.516906261444092,,58.656501054763794,0.021437406539916992
2742,3.5164778232574463,,58.678746461868286,0.022245407104492188
2743,3.4933900833129883,,58.70046877861023,0.02172231674194336
2744,3.515739917755127,,58.72005248069763,0.019583702087402344
2745,3.5242881774902344,,58.742302656173706,0.016022682189941406
2746,3.545201301574707,,58.76400876045227,0.021706104278564453
2747,3.4782536029815674,,58.78415656089783,0.02014780044555664
2748,3.455535411834717,,58.805455923080444,0.015693187713623047
2749,3.516644239425659,,58.82727599143982,0.021820068359375
2750,3.531665086746216,,58.847840785980225,0.020564794540405273
2751,3.5189337730407715,,58.869038105010986,0.015480518341064453
2752,3.472771644592285,,58.890902519226074,0.02186441421508789
2753,3.486837387084961,,58.911498069763184,0.020595550537109375
2754,3.499577283859253,,58.934356927871704,0.017707347869873047
2755,3.5127201080322266,,58.95441722869873,0.020060300827026367
2756,3.4791488647460938,,58.97529339790344,0.020876169204711914
2757,3.5035901069641113,,58.9976921081543,0.01766347885131836
2758,3.483264446258545,,59.01794695854187,0.020254850387573242
2759,3.5355029106140137,,59.03911805152893,0.021171092987060547
2760,3.4815120697021484,,59.06120586395264,0.017887592315673828
2761,3.524038791656494,,59.081475496292114,0.02026963233947754
2762,3.504189968109131,,59.10264873504639,0.02117323875427246
2763,3.5248453617095947,,59.124939918518066,0.01812267303466797
2764,3.5028209686279297,,59.14514994621277,0.02021002769470215
2765,3.5027685165405273,,59.16642761230469,0.021277666091918945
2766,3.50018310546875,,59.18852639198303,0.01789259910583496
2767,3.5014541149139404,,59.210472106933594,0.021945714950561523
2768,3.486055850982666,,59.23057293891907,0.020100831985473633
2769,3.509253978729248,,59.251993894577026,0.017850160598754883
2770,3.5239763259887695,,59.273298501968384,0.021304607391357422
2771,3.481684684753418,,59.29519844055176,0.021899938583374023
2772,3.5023043155670166,,59.31798839569092,0.019972562789916992
2773,3.5176398754119873,,59.337870597839355,0.0198822021484375
2774,3.4830482006073,,59.361416816711426,0.023546218872070312
2775,3.480130434036255,,59.38107943534851,0.01966261863708496
2776,3.4761476516723633,,59.4020357131958,0.02095627784729004
2777,3.481212615966797,,59.4254937171936,0.023458003997802734
2778,3.467458486557007,,59.44602847099304,0.020534753799438477
2779,3.4737167358398438,,59.467005491256714,0.020977020263671875
2780,3.513746738433838,,59.4899001121521,0.018111705780029297
2781,3.4845075607299805,,59.5099515914917,0.02005147933959961
2782,3.5046377182006836,,59.531054735183716,0.0211031436920166
2783,3.5303568840026855,,59.55399537086487,0.01807546615600586
2784,3.480163097381592,,59.57762360572815,0.02362823486328125
2785,3.5264973640441895,,59.59982132911682,0.016102075576782227
2786,3.5119855403900146,,59.62157440185547,0.02175307273864746
2787,3.4675867557525635,,59.64169692993164,0.020122528076171875
2788,3.4864068031311035,,59.66288948059082,0.015545129776000977
2789,3.4717648029327393,,59.68473410606384,0.02184462547302246
2790,3.478989839553833,,59.70553636550903,0.02080225944519043
2791,3.5029144287109375,,59.72825217247009,0.017980098724365234
2792,3.4976420402526855,,59.74785399436951,0.019601821899414062
2793,3.4882521629333496,,59.76912450790405,0.0212705135345459
2794,3.4952852725982666,,59.79181933403015,0.0178985595703125
2795,3.500751495361328,,59.81165385246277,0.019834518432617188
2796,3.453004837036133,,59.83313250541687,0.021478652954101562
2797,3.4903831481933594,,59.85534119606018,0.018054962158203125
2798,3.4987969398498535,,59.87542486190796,0.02008366584777832
2799,3.4974365234375,,59.89667844772339,0.021253585815429688
2800,3.474370241165161,0.95106520652771,59.920727491378784,0.019802093505859375
2801,3.491565227508545,,59.94195199012756,0.021224498748779297
2802,3.4714834690093994,,59.96464943885803,0.02269744873046875
2803,3.4712541103363037,,59.984506368637085,0.019856929779052734
2804,3.4823861122131348,,60.00564932823181,0.021142959594726562
2805,3.450979709625244,,60.028209924697876,0.022560596466064453
2806,3.49267578125,,60.050012826919556,0.021802902221679688
2807,3.4719715118408203,,60.06976675987244,0.01975393295288086
2808,3.465503454208374,,60.0919303894043,0.02216362953186035
2809,3.486271381378174,,60.10770797729492,0.015777587890625
2810,3.4887146949768066,,60.13584041595459,0.02813243865966797
2811,3.4937424659729004,,60.15706777572632,0.017751216888427734
2812,3.481163501739502,,60.178128480911255,0.021060705184936523
2813,3.494061231613159,,60.199360370635986,0.021231889724731445
2814,3.477417469024658,,60.22054433822632,0.017683982849121094
2815,3.500429391860962,,60.24196267127991,0.021418333053588867
2816,3.441425323486328,,60.26331377029419,0.021351099014282227
2817,3.4576241970062256,,60.28604197502136,0.02010178565979004
2818,3.4427077770233154,,60.30578660964966,0.0197446346282959
2819,3.4562149047851562,,60.32934045791626,0.023553848266601562
2820,3.4916043281555176,,60.34918212890625,0.019841670989990234
2821,3.4643654823303223,,60.36958837509155,0.020406246185302734
2822,3.466129779815674,,60.39262390136719,0.023035526275634766
2823,3.4558911323547363,,60.412416219711304,0.01979231834411621
2824,3.4833147525787354,,60.433550119400024,0.021133899688720703
2825,3.475046396255493,,60.45602107048035,0.022470951080322266
2826,3.506843090057373,,60.4777934551239,0.021772384643554688
2827,3.4887712001800537,,60.49746537208557,0.019671916961669922
2828,3.470141887664795,,60.51960349082947,0.022138118743896484
2829,3.464817762374878,,60.54132533073425,0.021721839904785156
2830,3.479307174682617,,60.56110978126526,0.01978445053100586
2831,3.4511799812316895,,60.583237648010254,0.01646113395690918
2832,3.4802331924438477,,60.60431146621704,0.02107381820678711
2833,3.466804265975952,,60.625489234924316,0.02117776870727539
2834,3.447190284729004,,60.648651361465454,0.018130779266357422
2835,3.4453885555267334,,60.66869759559631,0.020046234130859375
2836,3.4656982421875,,60.68950700759888,0.020809412002563477
2837,3.4688079357147217,,60.71229958534241,0.018054962158203125
2838,3.451345443725586,,60.73199391365051,0.01969432830810547
2839,3.4573190212249756,,60.75332498550415,0.021331071853637695
2840,3.459157943725586,,60.776073932647705,0.018055438995361328
2841,3.4670372009277344,,60.79697251319885,0.02089858055114746
2842,3.4467403888702393,,60.81696033477783,0.019987821578979492
2843,3.459616184234619,,60.83912110328674,0.017945528030395508
2844,3.4696617126464844,,60.85920429229736,0.020083189010620117
2845,3.4663190841674805,,60.88057780265808,0.021373510360717773
2846,3.483536720275879,,60.90296387672424,0.018120288848876953
2847,3.4482040405273438,,60.923300981521606,0.02033710479736328
2848,3.493328094482422,,60.94450402259827,0.021203041076660156
2849,3.4623870849609375,,60.96663737297058,0.018062114715576172
2850,3.4634454250335693,,60.986783027648926,0.020145654678344727
2851,3.4665141105651855,,61.008103132247925,0.021320104598999023
2852,3.422921657562256,,61.030462980270386,0.01812291145324707
2853,3.5126824378967285,,61.05079412460327,0.020331144332885742
2854,3.462343215942383,,61.07211184501648,0.021317720413208008
2855,3.437432289123535,,61.09338331222534,0.01761627197265625
2856,3.4374420642852783,,61.11454129219055,0.02115797996520996
2857,3.4670588970184326,,61.13589787483215,0.021356582641601562
2858,3.4514026641845703,,61.156951904296875,0.01765894889831543
2859,3.487607955932617,,61.178276777267456,0.021324872970581055
2860,3.4549479484558105,,61.19943451881409,0.02115774154663086
2861,3.467817544937134,,61.222243785858154,0.02013850212097168
2862,3.460686683654785,,61.24223971366882,0.019995927810668945
2863,3.451855421066284,,61.26576638221741,0.023526668548583984
2864,3.439605712890625,,61.285635471343994,0.019869089126586914
2865,3.4234299659729004,,61.305978775024414,0.020343303680419922
2866,3.449876070022583,,61.3289270401001,0.022948265075683594
2867,3.450669765472412,,61.34874081611633,0.01981377601623535
2868,3.439694404602051,,61.36964750289917,0.020906686782836914
2869,3.457122564315796,,61.39205813407898,0.02241063117980957
2870,3.444289207458496,,61.413883209228516,0.021825075149536133
2871,3.423320770263672,,61.43363308906555,0.019749879837036133
2872,3.4534904956817627,,61.45591998100281,0.02228689193725586
2873,3.4436588287353516,,61.47764039039612,0.021720409393310547
2874,3.4705419540405273,,61.497424840927124,0.01978445053100586
2875,3.459135055541992,,61.5197319984436,0.016087770462036133
2876,3.445241928100586,,61.54144763946533,0.021715641021728516
2877,3.441699743270874,,61.561302185058594,0.01985454559326172
2878,3.45745849609375,,61.582714319229126,0.01568126678466797
2879,3.441303253173828,,61.60436534881592,0.021651029586791992
2880,3.4632861614227295,,61.625152826309204,0.020787477493286133
2881,3.426539421081543,,61.64756965637207,0.017677783966064453
2882,3.476623058319092,,61.66778254508972,0.020212888717651367
2883,3.4297337532043457,,61.68921089172363,0.021428346633911133
2884,3.4410455226898193,,61.711429834365845,0.01799321174621582
2885,3.467379570007324,,61.73174428939819,0.020314455032348633
2886,3.432629108428955,,61.75295972824097,0.021215438842773438
2887,3.435412883758545,,61.77527570724487,0.018109798431396484
2888,3.434159755706787,,61.795562982559204,0.020287275314331055
2889,3.4579763412475586,,61.81679439544678,0.021231412887573242
2890,3.439150094985962,,61.838807106018066,0.01784515380859375
2891,3.4326720237731934,,61.8589973449707,0.02019023895263672
2892,3.474118709564209,,61.88022470474243,0.021227359771728516
2893,3.42458438873291,,61.90252709388733,0.018108606338500977
2894,3.4324536323547363,,61.92276048660278,0.0202333927154541
2895,3.4226326942443848,,61.94429063796997,0.0215301513671875
2896,3.450443744659424,,61.96639609336853,0.017968416213989258
2897,3.455690860748291,,61.98658895492554,0.020192861557006836
2898,3.4322004318237305,,62.00771498680115,0.02112603187561035
2899,3.423306703567505,,62.028908491134644,0.0174407958984375
2900,3.4409852027893066,0.9506487369537353,62.05288815498352,0.023979663848876953
2901,3.430875778198242,,62.074034690856934,0.015473604202270508
2902,3.4510300159454346,,62.095808267593384,0.021773576736450195
2903,3.454153060913086,,62.116443395614624,0.020635128021240234
2904,3.4496753215789795,,62.13945651054382,0.017846345901489258
2905,3.423220157623291,,62.15953063964844,0.020074129104614258
2906,3.430711269378662,,62.18032693862915,0.02079629898071289
2907,3.428522825241089,,62.202982664108276,0.017985105514526367
2908,3.445464611053467,,62.222737550735474,0.019754886627197266
2909,3.4438695907592773,,62.24386644363403,0.02112889289855957
2910,3.4261655807495117,,62.26607298851013,0.01799464225769043
2911,3.461517333984375,,62.286356925964355,0.020283937454223633
2912,3.427793025970459,,62.30763268470764,0.021275758743286133
2913,3.398763656616211,,62.329121828079224,0.01774144172668457
2914,3.4069018363952637,,62.35052824020386,0.02140641212463379
2915,3.4766159057617188,,62.3717987537384,0.0212705135345459
2916,3.424868106842041,,62.39453363418579,0.02008223533630371
2917,3.436192512512207,,62.414342403411865,0.01980876922607422
2918,3.433286666870117,,62.43544578552246,0.021103382110595703
2919,3.411592960357666,,62.45809626579285,0.019958972930908203
2920,3.4298887252807617,,62.478049993515015,0.01995372772216797
2921,3.431778907775879,,62.49923515319824,0.02118515968322754
2922,3.4537100791931152,,62.521517276763916,0.019669294357299805
2923,3.415919065475464,,62.54180550575256,0.02028822898864746
2924,3.4818062782287598,,62.56479239463806,0.022986888885498047
2925,3.430410385131836,,62.584486961364746,0.01969456672668457
2926,3.4399588108062744,,62.60535407066345,0.020867109298706055
2927,3.4426305294036865,,62.62767505645752,0.022320985794067383
2928,3.462385654449463,,62.6496946811676,0.022019624710083008
2929,3.409350872039795,,62.67040252685547,0.02070784568786621
2930,3.4286839962005615,,62.69131016731262,0.015778064727783203
2931,3.4159021377563477,,62.7133002281189,0.021990060806274414
2932,3.3994204998016357,,62.733970165252686,0.020669937133789062
2933,3.4047131538391113,,62.75666046142578,0.01789402961730957
2934,3.4246432781219482,,62.77636384963989,0.019703388214111328
2935,3.424150228500366,,62.7976188659668,0.021255016326904297
2936,3.438636541366577,,62.820366621017456,0.016960859298706055
2937,3.443544864654541,,62.84007287025452,0.019706249237060547
2938,3.4350521564483643,,62.86124634742737,0.021173477172851562
2939,3.445831775665283,,62.88406324386597,0.01811695098876953
2940,3.4541373252868652,,62.90416932106018,0.020106077194213867
2941,3.439572334289551,,62.92460346221924,0.020434141159057617
2942,3.4334912300109863,,62.94583344459534,0.015528202056884766
2943,3.408395767211914,,62.967612504959106,0.02177906036376953
2944,3.424032211303711,,62.988298177719116,0.020685672760009766
2945,3.4763240814208984,,63.009236574172974,0.015714168548583984
2946,3.4308109283447266,,63.031208515167236,0.021971940994262695
2947,3.4042460918426514,,63.051899671554565,0.0206911563873291
2948,3.43039870262146,,63.07418704032898,0.017668962478637695
2949,3.406557559967041,,63.09440898895264,0.020221948623657227
2950,3.439319133758545,,63.115633964538574,0.0212249755859375
2951,3.4272642135620117,,63.13680982589722,0.017483949661254883
2952,3.4558448791503906,,63.158122539520264,0.021312713623046875
2953,3.4134557247161865,,63.179317235946655,0.0211946964263916
2954,3.4426279067993164,,63.20213770866394,0.020099163055419922
2955,3.4148402214050293,,63.2219500541687,0.019812345504760742
2956,3.410226821899414,,63.245378494262695,0.02342844009399414
2957,3.4359171390533447,,63.26522207260132,0.019843578338623047
2958,3.4476027488708496,,63.28546857833862,0.020246505737304688
2959,3.4214253425598145,,63.308424949645996,0.022956371307373047
2960,3.4335556030273438,,63.328409910202026,0.0159761905670166
2961,3.4023237228393555,,63.35025382041931,0.021843910217285156
2962,3.439786672592163,,63.37196063995361,0.015819549560546875
2963,3.442345142364502,,63.39388728141785,0.0219266414642334
2964,3.433098316192627,,63.40380549430847,0.009918212890625
2965,3.416891574859619,,63.43522047996521,0.015646934509277344
2966,3.419522285461426,,63.45086097717285,0.0156404972076416
2967,3.437559127807617,,63.46691632270813,0.01605534553527832
2968,3.432105541229248,,63.49834728240967,0.015767335891723633
2969,3.417051076889038,,63.5140438079834,0.01569652557373047
2970,3.4180777072906494,,63.530099391937256,0.016055583953857422
2971,3.441148281097412,,63.561811447143555,0.015648603439331055
2972,3.4197072982788086,,63.57749891281128,0.01568746566772461
2973,3.42262601852417,,63.59313225746155,0.015633344650268555
2974,3.4159350395202637,,63.624643087387085,0.015765666961669922
2975,3.4167990684509277,,63.64052653312683,0.015883445739746094
2976,3.4126296043395996,,63.67250347137451,0.031976938247680664
2977,3.4093868732452393,,63.6881947517395,0.015691280364990234
2978,3.3941595554351807,,63.70384430885315,0.01564955711364746
2979,3.4335508346557617,,63.73550033569336,0.03165602684020996
2980,3.399113655090332,,63.75120258331299,0.015702247619628906
2981,3.405045747756958,,63.76690912246704,0.015706539154052734
2982,3.4176974296569824,,63.79843854904175,0.01587963104248047
2983,3.4167864322662354,,63.81413292884827,0.015694379806518555
2984,3.4302845001220703,,63.829840421676636,0.01570749282836914
2985,3.402616500854492,,63.86163115501404,0.01612114906311035
2986,3.4124574661254883,,63.87733292579651,0.015701770782470703
2987,3.430018901824951,,63.89299559593201,0.015662670135498047
2988,3.39711332321167,,63.924729108810425,0.015737056732177734
2989,3.4068732261657715,,63.946731090545654,0.022001981735229492
2990,3.399838447570801,,63.968039989471436,0.02130889892578125
2991,3.417400360107422,,63.98929262161255,0.017338991165161133
2992,3.4079537391662598,,64.01062273979187,0.02133011817932129
2993,3.422776460647583,,64.03173518180847,0.021112442016601562
2994,3.430255889892578,,64.05291485786438,0.017879962921142578
2995,3.42587947845459,,64.07406902313232,0.021154165267944336
2996,3.4238598346710205,,64.09529042243958,0.021221399307250977
2997,3.396245002746582,,64.11830067634583,0.019642114639282227
2998,3.383793830871582,,64.13821792602539,0.01991724967956543
2999,3.4293456077575684,,64.1593930721283,0.021175146102905273
3000,3.368495464324951,0.952129864692688,64.18380784988403,0.02167487144470215
