epochs,losses,size_losses,religion_losses,ethnicity_losses,household_composition_losses,religion_accuracies,ethnicity_accuracies,household_composition_accuracies,size_distribution_accuracies,overall_accuracies,cumulative_time_seconds,epoch_time_seconds,tau_values,learning_rate,hidden_channels,combination_id
1,12.919414520263672,3.47131085395813,1.3740109205245972,2.4650461673736572,5.609046936035156,47.8062306312184,53.955309084977976,10.2104061327679,96.13056778907776,52.0256284095105,3.6242895126342773,3.6242895126342773,0.995,0.005,256,lr_0.005_hc_256
2,11.25048828125,1.8163858652114868,1.3641383647918701,2.442627429962158,5.6273369789123535,46.631870820420815,52.68308595661393,9.509052356874898,95.21772861480713,51.010434437179185,6.833165407180786,3.0588176250457764,0.990025,0.005,256,lr_0.005_hc_256
3,10.730338096618652,1.0881049633026123,1.3323417901992798,2.4050405025482178,5.904850959777832,48.5075844071114,53.90637742619475,10.340890556189855,79.53624129295349,48.07277342061237,10.104129314422607,3.1178641319274902,0.985074875,0.005,256,lr_0.005_hc_256
4,10.07476806640625,0.7982185482978821,1.2899914979934692,2.347222089767456,5.639335632324219,49.04583265372696,53.44968194421791,11.596803131626162,79.90151643753052,48.49845854177539,13.296991348266602,3.041991710662842,0.9801495006250001,0.005,256,lr_0.005_hc_256
5,9.624204635620117,0.7278979420661926,1.274207353591919,2.3442323207855225,5.277867794036865,50.0897080411026,53.53123470885664,12.608057413146307,89.07178044319153,51.32519515157426,16.489990234375,3.039891481399536,0.9752487531218751,0.005,256,lr_0.005_hc_256
6,9.530728340148926,0.9111394882202148,1.2419602870941162,2.308288335800171,5.069340229034424,49.63301255912575,53.9226879791225,14.255423258848474,89.83743190765381,51.91213892618764,19.714258670806885,3.0752339363098145,0.9703725093562657,0.005,256,lr_0.005_hc_256
7,9.383323669433594,0.95356285572052,1.1928637027740479,2.2797904014587402,4.957107067108154,51.75338443973251,53.743271896917314,16.636763986299137,86.2723708152771,52.10144778455652,22.989224195480347,3.114915132522583,0.9655206468094844,0.005,256,lr_0.005_hc_256
8,9.195402145385742,0.8707146048545837,1.148085355758667,2.2429916858673096,4.933610439300537,53.890066873267,54.96656336649812,16.08220518675583,85.09232997894287,52.50779135136596,26.230286121368408,3.093850612640381,0.960693043575437,0.005,256,lr_0.005_hc_256
9,9.16655158996582,0.8680432438850403,1.1145821809768677,2.2078475952148438,4.976078510284424,56.66286087098352,56.8748980590442,16.914043386070787,82.89840817451477,53.33755262265332,29.572101354599,3.1901607513427734,0.9558895783575597,0.005,256,lr_0.005_hc_256
10,9.054265975952148,0.7870513796806335,1.098005771636963,2.1702723503112793,4.998937129974365,58.14712118740826,59.27254933942261,16.799869515576578,82.65189528465271,54.21785883176504,32.80090355873108,3.0779426097869873,0.9511101304657719,0.005,256,lr_0.005_hc_256
11,8.881211280822754,0.7697954177856445,1.0717978477478027,2.1385834217071533,4.901034832000732,59.011580492578695,59.37041265698907,17.95791877344642,84.371417760849,55.177832420965785,36.02802872657776,3.069700002670288,0.946354579813443,0.005,256,lr_0.005_hc_256
12,8.792141914367676,0.8102570176124573,1.0505069494247437,2.1416244506835938,4.789753437042236,61.24612624367967,60.34904583265372,18.822378078616865,83.35765600204468,55.94380153924874,39.25315523147583,3.0730793476104736,0.9416228069143757,0.005,256,lr_0.005_hc_256
13,8.747488021850586,0.8636627197265625,1.0138086080551147,2.1009273529052734,4.769089221954346,62.56728103082695,61.68651117272875,19.083346925460773,81.36261701583862,56.17493903621378,42.49407625198364,3.0857725143432617,0.9369146928798039,0.005,256,lr_0.005_hc_256
14,8.665365219116211,0.8995630145072937,0.9784101843833923,2.0816681385040283,4.705723762512207,63.67639862991356,61.295057902462894,21.203718806067524,82.11866617202759,57.07346037761789,45.705971002578735,3.064814567565918,0.9322301194154049,0.005,256,lr_0.005_hc_256
15,8.625253677368164,0.9097164273262024,0.9503113627433777,2.0473666191101074,4.717858791351318,65.22590115804925,61.76806393736748,19.768390148426032,81.01895451545715,56.945327439824986,48.93142294883728,3.075637102127075,0.9275689688183278,0.005,256,lr_0.005_hc_256
16,8.50745677947998,0.8879232406616211,0.9181751608848572,2.0107767581939697,4.690581798553467,66.43288207470233,63.62746697113032,20.942749959223615,83.19839835166931,58.5503743391814,52.26804542541504,3.1847424507141113,0.9229311239742362,0.005,256,lr_0.005_hc_256
17,8.361684799194336,0.8520642518997192,0.8989980220794678,2.008338212966919,4.602283954620361,66.43288207470233,63.79057250040776,21.856140923177296,83.5611343383789,58.91018245916657,55.44589304924011,3.0242981910705566,0.918316468354365,0.005,256,lr_0.005_hc_256
18,8.304418563842773,0.8814698457717896,0.8563905358314514,1.9658409357070923,4.600717067718506,68.58587506116457,64.9812428641331,21.18740825313978,82.42783546447754,59.295590410728735,58.694045543670654,3.0947678089141846,0.9137248860125932,0.005,256,lr_0.005_hc_256
19,8.343852996826172,0.9722882509231567,0.8450771570205688,1.9692211151123047,4.557266712188721,69.46664491926276,63.79057250040776,22.91632686348067,82.26151466369629,59.60876473671187,61.99414682388306,3.154154062271118,0.9091562615825302,0.005,256,lr_0.005_hc_256
20,8.151851654052734,0.8726711869239807,0.8214235305786133,1.9435677528381348,4.514188766479492,69.89071929538412,65.4216277931822,22.2639047463709,81.99037909507751,59.89165773250368,65.28425097465515,3.138432741165161,0.9046104802746175,0.005,256,lr_0.005_hc_256
21,8.125372886657715,0.9198628664016724,0.8075211644172668,1.9527992010116577,4.445189476013184,70.08644593051704,64.52454738215624,23.160985157396834,82.14725852012634,59.97980924754912,68.52611660957336,3.0879437923431396,0.9000874278732445,0.005,256,lr_0.005_hc_256
22,8.10438346862793,0.9971576929092407,0.8010176420211792,1.9360977411270142,4.370110034942627,70.98352634154298,65.61735442831512,24.889903767737724,81.52577877044678,60.75414082701065,71.75079703330994,3.074622869491577,0.8955869907338783,0.005,256,lr_0.005_hc_256
23,8.051654815673828,0.9880246520042419,0.7995958924293518,1.932471513748169,4.331562519073486,71.48915348230305,66.40026096884685,25.542325884847493,82.08904266357422,61.380195749892906,75.01082730293274,3.1084635257720947,0.8911090557802088,0.005,256,lr_0.005_hc_256
24,8.043791770935059,0.998792290687561,0.8139405250549316,1.93479323387146,4.296265602111816,70.918284129832,66.2371554395694,26.455716848801174,81.96550607681274,61.394165623753835,78.35018801689148,3.1907267570495605,0.8866535105013078,0.005,256,lr_0.005_hc_256
25,8.020136833190918,1.0093700885772705,0.7836982011795044,1.9267491102218628,4.300319671630859,71.97847007013539,66.33501875713587,25.852226390474637,82.79549479484558,61.74030250314786,81.50959610939026,3.0096561908721924,0.8822202429488013,0.005,256,lr_0.005_hc_256
26,8.003091812133789,1.0860241651535034,0.7696686387062073,1.908082127571106,4.239317417144775,72.36992334040124,66.44919262763007,26.19474800195727,82.00837969779968,61.755560916947076,84.70407319068909,3.039125442504883,0.8778091417340573,0.005,256,lr_0.005_hc_256
27,7.830185413360596,1.0610053539276123,0.7429983615875244,1.892995834350586,4.133185863494873,73.59321480998206,67.32996248572827,27.727939977165228,81.17758631706238,62.45717589748448,87.89405345916748,3.0359268188476562,0.8734200960253871,0.005,256,lr_0.005_hc_256
28,7.850189685821533,1.0599915981292725,0.7556314468383789,1.9074198007583618,4.1271467208862305,72.12526504648508,66.5307453922688,27.662697765454247,81.88461065292358,62.050829714282926,91.13645911216736,3.097440242767334,0.8690529955452602,0.005,256,lr_0.005_hc_256
29,7.776359558105469,1.1003226041793823,0.7351782321929932,1.8799105882644653,4.060948371887207,73.02234545751101,67.68879465013865,28.96754199967379,81.02114200592041,62.674956028310966,94.366046667099,3.0845227241516113,0.8647077305675338,0.005,256,lr_0.005_hc_256
30,7.7241644859313965,1.1268255710601807,0.7326552271842957,1.873313307762146,3.99137020111084,74.26194748001957,67.6724840972109,29.04909476431251,81.34551048278809,63.08225920608277,97.71376466751099,3.192453622817993,0.8603841919146962,0.005,256,lr_0.005_hc_256
31,7.6532697677612305,1.1189199686050415,0.7449127435684204,1.86928129196167,3.9201555252075195,73.64214646876529,67.42782580329472,31.006361115641823,81.85538649559021,63.48292997082301,100.95245265960693,3.078660249710083,0.8560822709551227,0.005,256,lr_0.005_hc_256
32,7.631751537322998,1.1664584875106812,0.7422419190406799,1.880081295967102,3.8429698944091797,72.40254444625674,67.88452128527157,31.577230468112873,83.20510387420654,63.76735001846193,104.1840763092041,3.078007936477661,0.851801859600347,0.005,256,lr_0.005_hc_256
33,7.502910137176514,1.1161161661148071,0.7274430990219116,1.852685809135437,3.8066649436950684,73.57690425705431,67.77034741477736,31.821888762029033,81.99988603591919,63.79225661744496,107.42986845970154,3.0919504165649414,0.8475428503023453,0.005,256,lr_0.005_hc_256
34,7.426024436950684,1.152966856956482,0.7239961624145508,1.8555018901824951,3.6935598850250244,75.09378567933453,68.68373837873104,33.97488174849128,81.20092153549194,64.7383318355122,110.83893322944641,3.2493879795074463,0.8433051360508336,0.005,256,lr_0.005_hc_256
35,7.4364519119262695,1.1509332656860352,0.7144073247909546,1.8477929830551147,3.723318338394165,74.93068015005709,68.58587506116457,33.811776219213826,80.95055818557739,64.56972240400322,114.09785461425781,3.1081202030181885,0.8390886103705794,0.005,256,lr_0.005_hc_256
36,7.330312728881836,1.2197444438934326,0.699156641960144,1.8421876430511475,3.5692238807678223,75.95824498450497,68.70004893165878,35.52438427662698,81.2343955039978,65.35426842419713,117.3096616268158,3.058450937271118,0.8348931673187264,0.005,256,lr_0.005_hc_256
37,7.2587995529174805,1.252974033355713,0.7091577053070068,1.8324081897735596,3.464259386062622,74.83281683249062,69.05888109606916,35.834284782254116,80.62355518341064,65.08738447355613,120.5517942905426,3.0915122032165527,0.8307187014821328,0.005,256,lr_0.005_hc_256
38,7.216919898986816,1.2593094110488892,0.7073768973350525,1.841496229171753,3.4087374210357666,75.02854346762355,68.814222802153,36.87816016962975,82.53489136695862,65.81395445159123,123.93366646766663,3.2277770042419434,0.8265651079747222,0.005,256,lr_0.005_hc_256
39,7.166947364807129,1.3113148212432861,0.7092738151550293,1.8324507474899292,3.3139078617095947,75.17533844397325,69.62975044854021,39.1453270265862,81.31933808326721,66.31743850059172,127.18089628219604,3.098407030105591,0.8224322824348486,0.005,256,lr_0.005_hc_256
40,7.104464530944824,1.2927701473236084,0.6863745450973511,1.826389193534851,3.2989304065704346,76.07241885499919,69.61343989561246,39.34105366171913,81.83959722518921,66.71662740938001,130.38777470588684,3.0506350994110107,0.8183201210226743,0.005,256,lr_0.005_hc_256
41,7.052423477172852,1.3312575817108154,0.684410810470581,1.8311116695404053,3.205643653869629,75.7788289022998,69.25460773120209,40.8416245310716,81.64499998092651,66.880015286375,133.65985774993896,3.125943183898926,0.8142285204175609,0.005,256,lr_0.005_hc_256
42,6.898409366607666,1.3737233877182007,0.6420156955718994,1.8244787454605103,3.0581917762756348,76.1865927254934,69.2219866253466,43.532865764149406,80.63849210739136,67.39498430559519,136.8977575302124,3.088212251663208,0.810157377815473,0.005,256,lr_0.005_hc_256
43,6.9321699142456055,1.3752793073654175,0.667720377445221,1.824450135231018,3.0647201538085938,76.56173544283152,69.69499266025119,43.14141249388354,78.2706081867218,66.91718719592201,140.29991793632507,3.2561216354370117,0.8061065909263957,0.005,256,lr_0.005_hc_256
44,6.902097702026367,1.4391032457351685,0.6650152206420898,1.832493543624878,2.9654858112335205,76.23552438427663,69.67868210732344,44.2668406458979,82.615727186203,68.19919358092524,143.5839741230011,3.1368048191070557,0.8020760579717637,0.005,256,lr_0.005_hc_256
45,6.8153533935546875,1.391684651374817,0.6707566976547241,1.8072230815887451,2.9456887245178223,76.93687816016963,70.52683085956613,44.15266677540369,80.52455186843872,68.03523191589453,146.7935836315155,3.0577876567840576,0.798065677681905,0.005,256,lr_0.005_hc_256
46,6.816678047180176,1.5306391716003418,0.6717631816864014,1.7759408950805664,2.838334798812866,78.04599575925624,70.90197357690425,45.91420649160006,78.50260138511658,68.34119430321928,150.04774522781372,3.0974807739257812,0.7940753492934954,0.005,256,lr_0.005_hc_256
47,6.724029064178467,1.4731274843215942,0.654551088809967,1.7916014194488525,2.804749011993408,77.71978470070135,70.68993638884358,45.27809492741804,82.10869431495667,68.94912758297991,153.2517020702362,3.050462007522583,0.7901049725470279,0.005,256,lr_0.005_hc_256
48,6.802692413330078,1.500730037689209,0.6699010133743286,1.8197706937789917,2.812290906906128,77.16522590115805,70.07013537758931,45.83265372696134,81.89480304718018,68.74070451322223,156.49356961250305,3.0899598598480225,0.7861544476842928,0.005,256,lr_0.005_hc_256
49,6.6473388671875,1.4666813611984253,0.656609296798706,1.7961442470550537,2.7279043197631836,78.30696460610015,70.70624694177133,46.811286902626,79.79295253753662,68.90436274700852,159.72749209403992,3.0858066082000732,0.7822236754458713,0.005,256,lr_0.005_hc_256
50,6.593459129333496,1.4332084655761719,0.6620294451713562,1.8006402254104614,2.6975810527801514,78.64948621758278,70.98352634154298,48.68700048931659,81.16396069526672,69.87099343592726,162.97149300575256,3.093907594680786,0.778312557068642,0.005,256,lr_0.005_hc_256
51,6.546355247497559,1.4547518491744995,0.6660276055335999,1.7812844514846802,2.644291400909424,77.65454248899037,71.2118740825314,47.480019572663515,81.01547360420227,69.3404774370969,166.23574542999268,3.1129560470581055,0.7744209942832988,0.005,256,lr_0.005_hc_256
52,6.575037002563477,1.4378185272216797,0.6757559180259705,1.8071038722991943,2.6543586254119873,76.93687816016963,70.42896754199968,47.85516229000163,82.84189701080322,69.51572625074354,169.56192564964294,3.1680989265441895,0.7705488893118823,0.005,256,lr_0.005_hc_256
53,6.516864776611328,1.4830090999603271,0.679908275604248,1.8137876987457275,2.5401599407196045,77.1815364540858,70.54314141249388,50.17126080574131,81.00075125694275,69.72417248231594,172.84383916854858,3.131584882736206,0.7666961448653229,0.005,256,lr_0.005_hc_256
54,6.441994667053223,1.479345440864563,0.6430803537368774,1.8209022283554077,2.498666524887085,78.53531234708856,70.31479367150546,50.040776382319365,80.34243583679199,69.80832955942635,176.01009893417358,3.022284746170044,0.7628626641409962,0.005,256,lr_0.005_hc_256
55,6.494601249694824,1.4600260257720947,0.6604559421539307,1.8354837894439697,2.538635492324829,78.48638068830533,70.52683085956613,50.88892513456206,81.63604736328125,70.3845460114287,179.07363271713257,2.915433883666992,0.7590483508202912,0.005,256,lr_0.005_hc_256
56,6.4472150802612305,1.5410302877426147,0.6475045084953308,1.803661823272705,2.4550185203552246,79.25297667590931,70.7714891534823,51.068341216767244,81.99770450592041,70.77262788801981,182.2269744873047,3.013280153274536,0.7552531090661897,0.005,256,lr_0.005_hc_256
57,6.45127010345459,1.4962270259857178,0.6549360156059265,1.7833399772644043,2.5167670249938965,78.97569727613765,71.61963790572501,50.69319849942913,82.06888437271118,70.83935451350074,185.53628158569336,3.1724600791931152,0.7514768435208588,0.005,256,lr_0.005_hc_256
58,6.439017295837402,1.541330337524414,0.6579824090003967,1.7944473028182983,2.4452569484710693,78.30696460610015,71.53808514108628,52.12852715707063,80.48124313354492,70.61370500945048,188.67937517166138,2.985158681869507,0.7477194593032545,0.005,256,lr_0.005_hc_256
59,6.406440258026123,1.5493313074111938,0.6409352421760559,1.8023808002471924,2.413792848587036,79.48132441689773,71.57070624694177,51.93280052193769,82.17341899871826,71.28956254612386,191.77522134780884,2.942349433898926,0.7439808620067382,0.005,256,lr_0.005_hc_256
60,6.414067268371582,1.598771095275879,0.6535101532936096,1.8016530275344849,2.360132932662964,78.4374490295221,71.9132278584244,54.37938346109933,80.83773851394653,71.3919497157481,194.84144616127014,2.906888723373413,0.7402609576967045,0.005,256,lr_0.005_hc_256
61,6.3192362785339355,1.6202863454818726,0.6222495436668396,1.7791905403137207,2.2975096702575684,79.82384602838036,71.73381177621921,54.232588484749634,82.84778594970703,72.15950805976405,197.92465949058533,2.9297027587890625,0.736559652908221,0.005,256,lr_0.005_hc_256
62,6.416411399841309,1.6374119520187378,0.6561504602432251,1.7782212495803833,2.344628095626831,80.00326211058555,71.7990539879302,53.025607568096554,81.89303278923035,71.68023911396067,200.96034383773804,2.8830597400665283,0.7328768546436799,0.005,256,lr_0.005_hc_256
63,6.388156890869141,1.6440907716751099,0.6343010067939758,1.7815370559692383,2.328227996826172,80.47626814549014,71.88060675256891,53.58016636763986,81.50172233581543,71.85969090037858,204.0114016532898,2.901155948638916,0.7292124703704616,0.005,256,lr_0.005_hc_256
64,6.291585922241211,1.6313817501068115,0.6241877675056458,1.7439899444580078,2.2920265197753906,81.06344805088892,72.82661882237808,54.281520143532866,80.3242564201355,72.12396085923385,207.09951734542847,2.9534480571746826,0.7255664080186093,0.005,256,lr_0.005_hc_256
65,6.331069469451904,1.5686051845550537,0.6376772522926331,1.8032015562057495,2.3215856552124023,79.9869515576578,71.73381177621921,53.82482466155602,81.38524293899536,71.7327077336071,210.08961963653564,2.8310673236846924,0.7219385759785162,0.005,256,lr_0.005_hc_256
66,6.3100738525390625,1.6685019731521606,0.6364333629608154,1.776728868484497,2.228410005569458,80.18267819279073,72.9081715870168,56.09199151851247,79.92324233055115,72.27652090721779,213.08092164993286,2.8329601287841797,0.7183288830986236,0.005,256,lr_0.005_hc_256
67,6.242044448852539,1.664570927619934,0.6074272990226746,1.7631179094314575,2.2069284915924072,80.4273364867069,73.08758766922199,56.597618659272555,79.7917366027832,72.47606985449616,216.08481431007385,2.8621768951416016,0.7147372386831305,0.005,256,lr_0.005_hc_256
68,6.227924346923828,1.583548665046692,0.6001463532447815,1.7929935455322266,2.2512357234954834,81.03082694503344,72.22312836405153,55.472190507258205,80.00566959381104,72.18295385253856,219.00592684745789,2.779064178466797,0.7111635524897149,0.005,256,lr_0.005_hc_256
69,6.267104148864746,1.6646007299423218,0.6428526639938354,1.7711658477783203,2.1884853839874268,79.90539879301907,72.77768716359485,56.7281030826945,81.42685294151306,72.70951049520538,222.00750041007996,2.84363055229187,0.7076077347272662,0.005,256,lr_0.005_hc_256
70,6.322939395904541,1.6854777336120605,0.6258648037910461,1.75480055809021,2.256796360015869,81.43859076822704,73.56059370412656,56.85858750611645,79.43383455276489,72.82290163280874,225.16498970985413,3.015662431716919,0.7040696960536299,0.005,256,lr_0.005_hc_256
71,6.269989967346191,1.6732332706451416,0.6270564198493958,1.777424693107605,2.1922757625579834,80.83510030990051,72.54933942260642,57.00538248246616,79.39813733100891,72.4469898864955,228.23078274726868,2.923598289489746,0.7005493475733617,0.005,256,lr_0.005_hc_256
72,6.291750431060791,1.6610114574432373,0.6315500736236572,1.8063390254974365,2.192849636077881,80.90034252161148,72.28837057576251,57.25004077638231,79.82349395751953,72.56556195781896,231.23442840576172,2.8612468242645264,0.697046600835495,0.005,256,lr_0.005_hc_256
73,6.237772464752197,1.7348048686981201,0.637941837310791,1.7809033393859863,2.0841221809387207,80.80247920404501,73.51166204534334,58.44071114010765,80.07041811943054,73.20631762723164,234.31568837165833,2.9382588863372803,0.6935613678313175,0.005,256,lr_0.005_hc_256
74,6.293403625488281,1.861511468887329,0.6491339802742004,1.7585344314575195,2.024224042892456,80.39471538085141,73.07127711629424,60.251182515087265,78.44929695129395,73.04161799088172,237.3943841457367,2.9381816387176514,0.6900935609921609,0.005,256,lr_0.005_hc_256
75,6.264226913452148,1.76816987991333,0.636069655418396,1.8004668951034546,2.0595200061798096,81.25917468602185,73.03865601043876,60.43059859729245,78.98391485214233,73.42808603647384,240.5187475681305,2.966287612915039,0.6866430931872001,0.005,256,lr_0.005_hc_256
76,6.222330093383789,1.676787257194519,0.6252705454826355,1.8027411699295044,2.1175315380096436,80.81878975697276,72.48409721089544,58.408090034252155,80.42302131652832,73.03349957966218,243.71626830101013,3.0414276123046875,0.6832098777212641,0.005,256,lr_0.005_hc_256
77,6.2410478591918945,1.753982663154602,0.6156834959983826,1.7772349119186401,2.094146728515625,81.45490132115478,72.82661882237808,58.408090034252155,79.77429032325745,73.11597512526062,247.00660943984985,3.1382694244384766,0.6797938283326578,0.005,256,lr_0.005_hc_256
78,6.25131893157959,1.781424880027771,0.6210481524467468,1.790193796157837,2.05865216255188,81.66693850921546,72.95710324580004,59.94128200946012,79.00639772415161,73.39293037215681,250.20663380622864,3.046231269836426,0.6763948591909945,0.005,256,lr_0.005_hc_256
79,6.202568531036377,1.7178784608840942,0.6191471219062805,1.8028749227523804,2.0626678466796875,81.6506279562877,72.77768716359485,59.84341869189366,80.39742708206177,73.66729022345949,253.51531076431274,3.1566426753997803,0.6730128848950395,0.005,256,lr_0.005_hc_256
80,6.285593032836914,1.8645319938659668,0.6154491305351257,1.8181654214859009,1.9874465465545654,81.32441689773283,72.09264394062959,61.18088403196869,79.52042818069458,73.52959326275642,256.7942886352539,3.133596181869507,0.6696478204705644,0.005,256,lr_0.005_hc_256
81,6.314586639404297,1.850554347038269,0.6224685311317444,1.8001164197921753,2.041447401046753,81.40596966237156,72.54933942260642,60.137008644593045,80.38440346717834,73.61918029918735,260.01993322372437,3.07230281829834,0.6662995813682115,0.005,256,lr_0.005_hc_256
82,6.227611064910889,1.8528631925582886,0.6328058242797852,1.7473782300949097,1.9945634603500366,81.73218072092644,73.65845702169304,60.96884684390801,78.40512990951538,73.69115362401072,263.2122631072998,3.042043685913086,0.6629680834613705,0.005,256,lr_0.005_hc_256
83,6.307610988616943,1.9294902086257935,0.6182537078857422,1.7361118793487549,2.0237555503845215,82.31936062632523,74.80019572663514,60.36535638558147,77.65520811080933,73.7850302123378,266.43788146972656,3.0721609592437744,0.6596532430440636,0.005,256,lr_0.005_hc_256
84,6.316458702087402,1.8461836576461792,0.5970191955566406,1.7724324464797974,2.100823163986206,82.4172239438917,73.41379872777686,59.615070950905235,78.78084182739258,73.5567338624916,269.65324687957764,3.0675160884857178,0.6563549768288433,0.005,256,lr_0.005_hc_256
85,6.194187164306641,1.8122291564941406,0.6276525855064392,1.7764205932617188,1.9778847694396973,81.91159680313163,73.08758766922199,61.425542325884855,78.62660884857178,73.76283391170256,272.88831210136414,3.0840048789978027,0.653073201944699,0.005,256,lr_0.005_hc_256
86,6.216559886932373,1.81203031539917,0.6096312403678894,1.8307716846466064,1.9641265869140625,82.67819279073561,72.43516555211221,61.11564182025771,79.9409806728363,74.04249520898544,276.3370339870453,3.299443483352661,0.6498078359349755,0.005,256,lr_0.005_hc_256
87,6.258235454559326,1.857506513595581,0.5759708285331726,1.8445022106170654,1.9802557229995728,82.85760887294079,72.22312836405153,60.88729407926928,80.44637441635132,74.10360143315323,279.61677742004395,3.1284427642822266,0.6465587967553006,0.005,256,lr_0.005_hc_256
88,6.301369667053223,1.8618143796920776,0.6053134799003601,1.8229951858520508,2.011246919631958,82.270428967542,72.95710324580004,62.76300766595988,80.80459833145142,74.69878455268832,282.8005073070526,3.040286064147949,0.6433260027715241,0.005,256,lr_0.005_hc_256
89,6.278931617736816,1.9099066257476807,0.6040457487106323,1.7903743982315063,1.974604845046997,82.87391942586854,73.23438264557169,62.469417713260476,78.74450087547302,74.33055516504344,286.12033891677856,3.1634976863861084,0.6401093727576664,0.005,256,lr_0.005_hc_256
90,6.328377723693848,2.0029184818267822,0.5937900543212891,1.7744101285934448,1.9572594165802002,83.03702495514598,73.28331430435492,62.436796607404986,80.01071214675903,74.69196200341624,289.4367837905884,3.1674787998199463,0.6369088258938781,0.005,256,lr_0.005_hc_256
91,6.26430606842041,1.9408131837844849,0.5937107801437378,1.7663167715072632,1.9634653329849243,83.46109933126733,73.67476757462079,61.947480019572666,79.54200506210327,74.65633799689103,292.87872648239136,3.293184518814087,0.6337242817644086,0.005,256,lr_0.005_hc_256
92,6.202667236328125,1.8938379287719727,0.597278356552124,1.8026372194290161,1.9089136123657227,83.21644103735116,73.05496656336649,63.578535312347086,78.78515720367432,74.65877502918477,296.16550636291504,3.1389214992523193,0.6305556603555866,0.005,256,lr_0.005_hc_256
93,6.252828598022461,1.9756230115890503,0.5968124866485596,1.8128316402435303,1.8675611019134521,82.59664002609688,72.97341379872778,63.59484586527483,79.28133010864258,74.61155744968552,299.39449191093445,3.0818309783935547,0.6274028820538087,0.005,256,lr_0.005_hc_256
94,6.316701889038086,1.985280156135559,0.5979658365249634,1.8414092063903809,1.8920466899871826,83.03702495514598,72.43516555211221,63.48067199478062,78.91393899917603,74.46670037530372,302.6224982738495,3.080141544342041,0.6242658676435396,0.005,256,lr_0.005_hc_256
95,6.249303817749023,1.9470356702804565,0.5902504920959473,1.8237793445587158,1.8882380723953247,82.74343500244659,72.63089218724514,64.08416245310717,79.52232360839844,74.74520331279933,305.8700501918793,3.0932857990264893,0.6211445383053219,0.005,256,lr_0.005_hc_256
96,6.380675315856934,2.0449390411376953,0.6079679727554321,1.784993052482605,1.9427752494812012,83.41216767248409,73.29962485728267,63.3991192301419,78.10275554656982,74.55341682661962,309.149329662323,3.1302225589752197,0.6180388156137953,0.005,256,lr_0.005_hc_256
97,6.427418231964111,2.075417995452881,0.6021919250488281,1.797163963317871,1.9526443481445312,84.32555863643778,73.3485565160659,63.05659761865927,78.86824607849121,74.89973971241353,312.40628147125244,3.1081113815307617,0.6149486215357263,0.005,256,lr_0.005_hc_256
98,6.329853057861328,2.1023614406585693,0.5845974087715149,1.7782797813415527,1.8646142482757568,84.17876366008808,73.26700375142717,64.54085793508399,78.28829884529114,75.06873104797259,315.60825419425964,3.049912452697754,0.6118738784280476,0.005,256,lr_0.005_hc_256
99,6.237432956695557,2.003401279449463,0.5848814249038696,1.825087547302246,1.824062705039978,83.26537269613439,73.05496656336649,65.4216277931822,79.1584849357605,75.2251129971109,318.88404273986816,3.120718002319336,0.6088145090359074,0.005,256,lr_0.005_hc_256
100,6.174592971801758,1.9652154445648193,0.597389280796051,1.799604058265686,1.8123841285705566,82.66188223780786,72.74506605773936,64.8344478877834,78.33837270736694,74.64494222267439,322.36443996429443,3.3257439136505127,0.6057704364907278,0.005,256,lr_0.005_hc_256
101,6.282501220703125,1.9706320762634277,0.6129604578018188,1.8404978513717651,1.8584110736846924,82.8249877670853,72.89186103408906,64.45930517044528,80.97484111785889,75.28774877236964,325.67649602890015,3.157623052597046,0.6027415843082742,0.005,256,lr_0.005_hc_256
102,6.32532262802124,1.978753685951233,0.6070885062217712,1.8054946660995483,1.9339855909347534,83.51003099005057,73.18545098678845,65.17696949926602,78.2861590385437,75.03965262866218,328.94810938835144,3.1197235584259033,0.5997278763867329,0.005,256,lr_0.005_hc_256
103,6.349480628967285,2.047748565673828,0.5950847864151001,1.784873366355896,1.9217740297317505,84.5212852715707,73.20176153971619,64.1004730060349,78.64627242088318,75.11744805955125,332.14974427223206,3.0432803630828857,0.5967292370047992,0.005,256,lr_0.005_hc_256
104,6.203639030456543,1.9974908828735352,0.6001860499382019,1.7948135137557983,1.8111484050750732,83.44478877833959,72.58196052846192,65.40531724025445,78.44781279563904,74.96996983567374,335.4502184391022,3.142287492752075,0.5937455908197752,0.005,256,lr_0.005_hc_256
105,6.349148273468018,2.106752395629883,0.621486246585846,1.7874966859817505,1.8334132432937622,82.87391942586854,73.43010928070461,65.86201272223128,76.90919041633606,74.76880796128513,338.7382073402405,3.142329692840576,0.5907768628656763,0.005,256,lr_0.005_hc_256
106,6.2343363761901855,2.0231449604034424,0.5779817700386047,1.7803899049758911,1.8528199195861816,83.86886315446094,73.29962485728267,65.61735442831512,77.7716338634491,75.13936907587696,341.9924347400665,3.105273723602295,0.5878229785513479,0.005,256,lr_0.005_hc_256
107,6.330766677856445,2.156954526901245,0.5603935718536377,1.8147504329681396,1.7986679077148438,85.35312347088566,73.85418365682597,66.85695645082367,76.53564214706421,75.64997643139988,345.23115706443787,3.0857174396514893,0.5848838636585911,0.005,256,lr_0.005_hc_256
108,6.420749664306641,2.1806466579437256,0.5820542573928833,1.7872024774551392,1.8708462715148926,84.65176969499267,74.11515250366988,65.34007502854347,78.4008264541626,75.62695592034216,348.5996308326721,3.217664957046509,0.5819594443402982,0.005,256,lr_0.005_hc_256
109,6.410621166229248,2.087857961654663,0.5763670802116394,1.8113914728164673,1.935004711151123,84.60283803620942,73.88680476268146,64.47561572337302,79.74860668182373,75.67846630102191,351.83125376701355,3.078887701034546,0.5790496471185967,0.005,256,lr_0.005_hc_256
110,6.296897888183594,2.00201416015625,0.6008059978485107,1.807861089706421,1.886216402053833,83.24906214320666,73.51166204534334,64.63872125265047,80.18026947975159,75.39492873023801,355.47209572792053,3.4899215698242188,0.5761543988830038,0.005,256,lr_0.005_hc_256
111,6.231841564178467,2.0791640281677246,0.5786042213439941,1.772914171218872,1.8011595010757446,85.04322296525852,74.14777360952536,66.1229815690752,79.02075052261353,76.08368216661815,358.7461168766022,3.123209238052368,0.5732736268885887,0.005,256,lr_0.005_hc_256
112,6.296957969665527,2.189713716506958,0.5853958129882812,1.788196086883545,1.733651876449585,84.97798075354754,74.44136356222477,67.59093133257218,77.83458232879639,76.21121449428522,361.93818736076355,3.042909860610962,0.5704072587541458,0.005,256,lr_0.005_hc_256
113,6.212056636810303,2.101430892944336,0.567270815372467,1.835508108139038,1.707846999168396,85.2878812591747,73.78894144511499,67.94976349698256,78.3953070640564,76.35547331633215,365.2183163166046,3.129089117050171,0.567555222460375,0.005,256,lr_0.005_hc_256
114,6.283533573150635,2.34912109375,0.5843830108642578,1.8299212455749512,1.5201081037521362,85.59778176480182,74.03359973903115,71.27711629424238,76.35934352874756,76.81696033170573,368.4507305622101,3.0838775634765625,0.5647174463480732,0.005,256,lr_0.005_hc_256
115,6.21379280090332,2.1684796810150146,0.586699903011322,1.8214993476867676,1.6371138095855713,85.41836568259664,74.11515250366988,70.20061980101126,78.11000347137451,76.96103536466308,371.7420995235443,3.140407085418701,0.5618938591163328,0.005,256,lr_0.005_hc_256
116,6.3111982345581055,2.1866514682769775,0.5895753502845764,1.8151172399520874,1.7198542356491089,84.79856467134236,73.91942586853695,68.21073234382645,78.98133397102356,76.47751421368233,374.9882106781006,3.0931930541992188,0.5590843898207511,0.005,256,lr_0.005_hc_256
117,6.206209182739258,2.197749137878418,0.5540794730186462,1.7914518117904663,1.662928819656372,85.61409231772957,74.78388517370739,69.48295547219051,78.03494334220886,76.97896907645908,378.16327929496765,3.018577814102173,0.5562889678716474,0.005,256,lr_0.005_hc_256
118,6.3786940574646,2.270322799682617,0.5560668110847473,1.7683645486831665,1.7839397192001343,86.15234056434514,75.46892839667265,68.06393736747675,77.93163657188416,76.90421072509469,381.43109941482544,3.1170947551727295,0.5535075230322891,0.005,256,lr_0.005_hc_256
119,6.4730634689331055,2.2426598072052,0.5713964700698853,1.7953444719314575,1.8636624813079834,85.35312347088566,75.01223291469582,67.05268308595662,77.63692140579224,76.26374021933258,384.7096529006958,3.13407564163208,0.5507399854171277,0.005,256,lr_0.005_hc_256
120,6.453029632568359,2.269279956817627,0.5581040382385254,1.835983157157898,1.7896621227264404,85.82612950579025,75.02854346762355,67.65617354428315,77.56855487823486,76.51985034898296,388.09815764427185,3.2344491481781006,0.547986285490042,0.005,256,lr_0.005_hc_256
121,6.382985591888428,2.199739694595337,0.5717432498931885,1.819240689277649,1.7922621965408325,85.48360789430761,74.22932637416409,67.24840972108954,79.12307977676392,76.52110594158128,391.4177465438843,3.1699233055114746,0.5452463540625918,0.005,256,lr_0.005_hc_256
122,6.467414855957031,2.2852678298950195,0.5685126185417175,1.846387505531311,1.7672468423843384,86.03816669385093,74.65340075028544,68.5206328494536,80.05725741386414,77.31736442686352,394.66393971443176,3.095818042755127,0.5425201222922789,0.005,256,lr_0.005_hc_256
123,6.2743730545043945,2.2046148777008057,0.5698363184928894,1.8398444652557373,1.6600770950317383,85.67933452944054,74.47398466808025,69.30353938998533,79.3407678604126,77.19940661197968,398.0060532093048,3.1920888423919678,0.5398075216808175,0.005,256,lr_0.005_hc_256
124,6.320784091949463,2.2651073932647705,0.5428154468536377,1.8553495407104492,1.657511591911316,86.52748328168325,74.03359973903115,69.58081878975698,78.02572250366211,77.04190607853336,401.2580919265747,3.1017637252807617,0.5371084840724134,0.005,256,lr_0.005_hc_256
125,6.208867073059082,2.158599853515625,0.5368179678916931,1.8325365781784058,1.680912733078003,86.42961996411678,74.94699070298483,69.7765454248899,77.04278230667114,77.04898459966566,404.5379526615143,3.1252903938293457,0.5344229416520513,0.005,256,lr_0.005_hc_256
126,6.182380676269531,2.2038700580596924,0.5477481484413147,1.8065911531448364,1.6241711378097534,86.75583102267167,74.52291632686348,70.16799869515576,78.44830751419067,77.47376338972039,407.8921241760254,3.2019002437591553,0.531750826943791,0.005,256,lr_0.005_hc_256
127,6.172145366668701,2.211169958114624,0.5515583753585815,1.8023241758346558,1.6070928573608398,86.20127222312837,74.83281683249062,70.44527809492742,79.01726961135864,77.62415919047628,411.2276837825775,3.1870315074920654,0.5290920728090721,0.005,256,lr_0.005_hc_256
128,6.256319046020508,2.2128751277923584,0.5662383437156677,1.8145443201065063,1.662661075592041,85.87506116457348,74.65340075028544,71.2118740825314,77.71713733673096,77.36436833353031,414.53577399253845,3.158092975616455,0.5264466124450268,0.005,256,lr_0.005_hc_256
129,6.159081935882568,2.2555317878723145,0.5612122416496277,1.8022998571395874,1.5400381088256836,86.20127222312837,75.33844397325069,72.23943891697928,77.13050246238708,77.72741439393636,417.95036697387695,3.262361764907837,0.5238143793828016,0.005,256,lr_0.005_hc_256
130,6.195801734924316,2.2157516479492188,0.5787866711616516,1.8207286596298218,1.5805346965789795,86.03816669385093,74.96330125591257,71.88060675256891,77.97350883483887,77.71389588429282,421.1700758934021,3.0677623748779297,0.5211953074858876,0.005,256,lr_0.005_hc_256
131,6.358656406402588,2.3244526386260986,0.5790901780128479,1.808139681816101,1.6469740867614746,85.71195563529604,75.79513945522753,71.26080574131463,77.73261070251465,77.6251278835882,424.42991828918457,3.1079907417297363,0.5185893309484582,0.005,256,lr_0.005_hc_256
132,6.2146406173706055,2.127521276473999,0.5755186080932617,1.8246667385101318,1.6869341135025024,86.07078779970641,75.37106507910619,70.29848311857772,78.97316217422485,77.67837454290378,427.7000946998596,3.1165239810943604,0.5159963842937159,0.005,256,lr_0.005_hc_256
133,6.184597015380859,2.167247772216797,0.573997974395752,1.7912489175796509,1.6521023511886597,86.49486217582776,75.24058065568423,71.40760071766434,80.3665280342102,78.37739289584663,431.02352833747864,3.170844554901123,0.5134164023722473,0.005,256,lr_0.005_hc_256
134,6.196598052978516,2.1489386558532715,0.5648521184921265,1.7796037197113037,1.7032030820846558,86.60903604632198,76.17028217256565,70.68993638884358,79.41528558731079,78.22113504876049,434.49767565727234,3.325542449951172,0.510849320360386,0.005,256,lr_0.005_hc_256
135,6.131784439086914,2.1034021377563477,0.5605563521385193,1.8114299774169922,1.6563961505889893,86.5111727287555,75.71358669058881,70.8856630239765,79.92421984672546,78.25866057251157,437.8019187450409,3.1539130210876465,0.5082950737585841,0.005,256,lr_0.005_hc_256
136,6.221037864685059,2.2357349395751953,0.5746437311172485,1.791860818862915,1.6187983751296997,86.42961996411678,75.72989724351655,71.89691730549666,79.32215332984924,78.34464696074481,441.0150022506714,3.059171676635742,0.5057535983897912,0.005,256,lr_0.005_hc_256
137,6.142620086669922,2.147966146469116,0.5647553205490112,1.7837682962417603,1.6461308002471924,86.60903604632198,76.08872940792692,71.50546403523079,78.78113985061646,78.24609233502404,444.21996569633484,3.0499227046966553,0.5032248303978422,0.005,256,lr_0.005_hc_256
138,6.193285942077637,2.243881940841675,0.5577947497367859,1.7946128845214844,1.5969961881637573,86.70689936388844,75.81145000815528,72.56564997553417,78.92199158668518,78.50149773356577,447.51091980934143,3.139267683029175,0.500708706245853,0.005,256,lr_0.005_hc_256
139,6.2429094314575195,2.319124937057495,0.5615453720092773,1.8009967803955078,1.5612419843673706,86.543793834611,75.69727613766106,72.79399771652258,78.99882793426514,78.50847390576494,450.8600423336029,3.203148603439331,0.5,0.005,256,lr_0.005_hc_256
140,6.068179130554199,2.15966534614563,0.5631803870201111,1.8137133121490479,1.5316197872161865,86.67427825803294,75.37106507910619,73.39748817484913,80.4952621459961,78.9845234144961,454.09774684906006,3.0865418910980225,0.5,0.005,256,lr_0.005_hc_256
141,6.239339828491211,2.2140204906463623,0.5752579569816589,1.8409851789474487,1.609075903892517,86.52748328168325,75.41999673788942,72.14157559941282,78.11956405639648,78.0521549188455,457.26106572151184,3.0151290893554688,0.5,0.005,256,lr_0.005_hc_256
142,6.299716949462891,2.2829837799072266,0.5685335993766785,1.8626887798309326,1.5855107307434082,87.11466318708204,75.11009623226226,73.23438264557169,79.68730926513672,78.78661283251319,460.48320031166077,3.073113203048706,0.5,0.005,256,lr_0.005_hc_256
143,6.1289753913879395,2.2048380374908447,0.5839637517929077,1.8012142181396484,1.5389595031738281,86.70689936388844,75.79513945522753,73.29962485728267,80.26419281959534,79.0164641239985,463.82241797447205,3.1898045539855957,0.5,0.005,256,lr_0.005_hc_256
144,6.142234802246094,2.244784355163574,0.5609143376350403,1.7954586744308472,1.5410773754119873,87.6529114336976,75.86038166693851,73.91942586853695,77.59754657745361,78.75756638665668,467.08274006843567,3.1083381175994873,0.5,0.005,256,lr_0.005_hc_256
145,6.176846981048584,2.2523295879364014,0.550220251083374,1.8245899677276611,1.549707055091858,87.5387375632034,75.55048116131137,72.3536127874735,76.97556614875793,78.10459941518656,470.54247283935547,3.3082337379455566,0.5,0.005,256,lr_0.005_hc_256
146,6.142794132232666,2.2110135555267334,0.5344696044921875,1.8381710052490234,1.5591398477554321,87.88125917468602,75.24058065568423,72.71244495188387,78.31710577011108,78.5378476380913,473.776850938797,3.087571859359741,0.5,0.005,256,lr_0.005_hc_256
147,6.117682456970215,2.215265989303589,0.5610992312431335,1.8146165609359741,1.5267002582550049,87.5061164573479,75.86038166693851,73.18545098678845,78.10434103012085,78.66407253529893,477.043790102005,3.1160175800323486,0.5,0.005,256,lr_0.005_hc_256
148,6.1972975730896,2.277303695678711,0.5551721453666687,1.784264326095581,1.5805573463439941,86.62534659924972,75.97455553743272,72.59827108138965,78.92943620681763,78.53190235622243,480.2596595287323,3.066140651702881,0.5,0.005,256,lr_0.005_hc_256
149,6.048521995544434,2.224092483520508,0.5335008502006531,1.7505242824554443,1.5404040813446045,87.5061164573479,76.54542488990377,72.50040776382319,79.49439287185669,79.01158549573289,483.5885519981384,3.17527437210083,0.5,0.005,256,lr_0.005_hc_256
150,6.160295486450195,2.2430317401885986,0.5587906837463379,1.767360806465149,1.5911120176315308,87.32670037514272,76.26814549013211,72.15788615234057,78.44430208206177,78.54925852491928,486.8318090438843,3.0981974601745605,0.5,0.005,256,lr_0.005_hc_256
151,6.14877986907959,2.2435576915740967,0.5601106286048889,1.784967064857483,1.5601444244384766,86.75583102267167,76.43125101940956,73.16914043386072,78.55418920516968,78.7276029202779,490.07551431655884,3.091671943664551,0.5,0.005,256,lr_0.005_hc_256
152,6.14622688293457,2.235069751739502,0.5498146414756775,1.8173272609710693,1.544014811515808,86.75583102267167,76.10503996085467,73.7563203392595,78.64583730697632,78.81575715744053,493.2860951423645,3.0601000785827637,0.5,0.005,256,lr_0.005_hc_256
153,6.088174343109131,2.1899611949920654,0.5578211545944214,1.8542134761810303,1.4861787557601929,87.19621595172077,75.71358669058881,74.18039471538084,79.35938239097595,79.1123949371666,496.5418469905853,3.1031136512756348,0.5,0.005,256,lr_0.005_hc_256
154,6.257676124572754,2.325019598007202,0.5504361987113953,1.8114482164382935,1.5707719326019287,87.17990539879303,76.05610830207145,73.98466808024791,78.15229892730713,78.84324517710488,499.78784370422363,3.0983312129974365,0.5,0.005,256,lr_0.005_hc_256
155,6.034699440002441,2.1621217727661133,0.5694824457168579,1.7926450967788696,1.5104504823684692,86.42961996411678,75.6320339259501,73.72369923340402,81.00654482841492,79.19797448797145,503.04552698135376,3.1065399646759033,0.5,0.005,256,lr_0.005_hc_256
156,6.112438201904297,2.247857093811035,0.5461384654045105,1.78281831741333,1.535624623298645,87.3919425868537,76.26814549013211,73.77263089218724,78.98967862129211,79.10559939761629,506.36207699775696,3.1665196418762207,0.5,0.005,256,lr_0.005_hc_256
157,6.044414520263672,2.221423864364624,0.5631324052810669,1.8068891763687134,1.4529693126678467,87.37563203392595,76.34969825477084,74.78388517370739,77.76970863342285,79.06973102395676,509.71142053604126,3.197370767593384,0.5,0.005,256,lr_0.005_hc_256
158,6.035622596740723,2.254117488861084,0.567048192024231,1.7734229564666748,1.4410345554351807,86.9515576578046,76.64328820747023,74.78388517370739,79.55371141433716,79.48311061332984,513.042694568634,3.1759655475616455,0.5,0.005,256,lr_0.005_hc_256
159,6.037254333496094,2.306150436401367,0.5362399220466614,1.795361876487732,1.3995020389556885,87.55504811613115,76.1865927254934,74.81650627956287,78.59233617782593,79.28762082475333,516.359456539154,3.171952724456787,0.5,0.005,256,lr_0.005_hc_256
160,5.993185520172119,2.266725540161133,0.5087623000144958,1.7644860744476318,1.4532114267349243,87.27776871635949,76.38231936062633,74.37612135051378,79.56274151802063,79.39973773638005,519.6896095275879,3.1841392517089844,0.5,0.005,256,lr_0.005_hc_256
161,5.971575736999512,2.1834206581115723,0.5480135083198547,1.787222981452942,1.452918291091919,87.00048931658783,76.13766106671017,74.91436959712934,81.53512477874756,79.89691118979371,522.956202507019,3.1182377338409424,0.5,0.005,256,lr_0.005_hc_256
162,5.916192531585693,2.161534547805786,0.5452777147293091,1.7365838289260864,1.4727964401245117,86.9841787636601,77.31202087750775,73.74000978633177,80.88284730911255,79.72976418415304,526.1324727535248,3.023125648498535,0.5,0.005,256,lr_0.005_hc_256
163,5.913146018981934,2.146664619445801,0.5431297421455383,1.736575722694397,1.4867757558822632,87.45718479856467,76.7411515250367,74.11515250366988,80.15221357345581,79.61642560018176,529.4457216262817,3.158144474029541,0.5,0.005,256,lr_0.005_hc_256
164,5.971369743347168,2.202568531036377,0.5467996597290039,1.7812063694000244,1.4407947063446045,87.00048931658783,76.31707714891535,74.6370901973577,79.36902046203613,79.33091928122425,532.7332940101624,3.1367080211639404,0.5,0.005,256,lr_0.005_hc_256
165,6.016123294830322,2.205839157104492,0.5396491885185242,1.7426406145095825,1.5279940366744995,87.57135866905888,77.08367313651932,73.77263089218724,80.0197184085846,79.61184527658752,535.9176614284515,3.031489133834839,0.5,0.005,256,lr_0.005_hc_256
166,5.988039970397949,2.158391237258911,0.5504863858222961,1.7738723754882812,1.505290150642395,86.9841787636601,76.57804599575925,74.24563692709182,79.88932728767395,79.42429724354628,539.1860611438751,3.1204993724823,0.5,0.005,256,lr_0.005_hc_256
167,6.0245537757873535,2.243232011795044,0.5215771198272705,1.8262602090835571,1.4334845542907715,87.31038982221497,75.84407111401077,75.3058228673952,80.23784160614014,79.67453135244027,542.4398093223572,3.1025454998016357,0.5,0.005,256,lr_0.005_hc_256
168,5.977812767028809,2.1767406463623047,0.5535181760787964,1.7863953113555908,1.4611585140228271,87.78339585711956,76.21921383134888,74.76757462077964,78.77057790756226,79.3851905542026,545.838151216507,3.2405033111572266,0.5,0.005,256,lr_0.005_hc_256
169,5.9921746253967285,2.1554031372070312,0.5696768760681152,1.8215065002441406,1.445588231086731,86.96786821073235,75.66465503180558,74.94699070298483,80.05867004394531,79.40954599736702,549.0874619483948,3.0978236198425293,0.5,0.005,256,lr_0.005_hc_256
170,5.928785800933838,2.1479549407958984,0.5497800707817078,1.8011071681976318,1.429943561553955,87.5061164573479,75.97455553743272,75.69727613766106,79.74830865859985,79.73156419776039,552.3250405788422,3.0873031616210938,0.5,0.005,256,lr_0.005_hc_256
171,5.847076416015625,2.1857075691223145,0.5509884357452393,1.7658029794692993,1.3445771932601929,87.89756972761377,76.12135051378242,75.43630729081715,80.29385209083557,79.93726990576224,555.5727038383484,3.0911362171173096,0.5,0.005,256,lr_0.005_hc_256
172,5.904016971588135,2.148552417755127,0.5346056818962097,1.7886232137680054,1.4322357177734375,88.17484912738541,76.61066710161475,74.93068015005709,79.84093427658081,79.88928266390951,558.7484681606293,3.0291686058044434,0.5,0.005,256,lr_0.005_hc_256
173,5.9538116455078125,2.12874174118042,0.5497065782546997,1.7798794507980347,1.4954841136932373,87.76708530419182,76.41494046648182,73.82156255097047,80.47338724136353,79.61924389075192,561.9964604377747,3.0990490913391113,0.5,0.005,256,lr_0.005_hc_256
174,5.940494537353516,2.1423285007476807,0.5325052738189697,1.794664740562439,1.4709956645965576,87.93019083346925,76.72484097210895,74.96330125591257,79.73553538322449,79.83846711117882,565.2902932167053,3.1468329429626465,0.5,0.005,256,lr_0.005_hc_256
175,5.911866664886475,2.1916699409484863,0.5135427117347717,1.740484356880188,1.4661699533462524,87.83232751590279,77.3283314304355,75.11009623226226,79.48763370513916,79.93959722093493,568.5513353347778,3.111790895462036,0.5,0.005,256,lr_0.005_hc_256
176,5.855630874633789,2.1080033779144287,0.5318247079849243,1.7387803792953491,1.477022409439087,87.70184309248083,77.09998368944707,74.35981079758604,78.32766771316528,79.3723263231698,571.7274601459503,3.028898000717163,0.5,0.005,256,lr_0.005_hc_256
177,5.954168796539307,2.244950294494629,0.5036795139312744,1.7326639890670776,1.4728751182556152,88.19115968031316,76.64328820747023,74.57184798564671,78.05231213569641,79.36465200228162,575.0027937889099,3.1194052696228027,0.5,0.005,256,lr_0.005_hc_256
178,5.915450096130371,2.2529399394989014,0.5189527273178101,1.7306675910949707,1.4128899574279785,87.9138802805415,77.11629424237482,76.0071766432882,79.36872243881226,80.1015184012542,578.2710576057434,3.1135261058807373,0.5,0.005,256,lr_0.005_hc_256
179,5.829131603240967,2.1474006175994873,0.5409644246101379,1.7381840944290161,1.4025825262069702,87.29407926928722,76.6269776545425,75.17533844397325,81.43754005432129,80.13348385553107,581.5371971130371,3.1099822521209717,0.5,0.005,256,lr_0.005_hc_256
180,5.858665943145752,2.194117546081543,0.5227968096733093,1.7624211311340332,1.3793301582336426,87.76708530419182,76.69221986625347,75.41999673788942,80.77117204666138,80.16261848874902,584.7476437091827,3.0627026557922363,0.5,0.005,256,lr_0.005_hc_256
181,5.737902641296387,2.101787805557251,0.5024505257606506,1.7849657535552979,1.348698377609253,88.17484912738541,76.20290327842115,75.87669221986624,81.59656524658203,80.4627524680637,588.0475871562958,3.147125244140625,0.5,0.005,256,lr_0.005_hc_256
182,5.891373157501221,2.209697961807251,0.5257193446159363,1.7629778385162354,1.392978310585022,88.22378078616865,76.69221986625347,76.38231936062633,78.81671190261841,80.02875797891672,591.2839803695679,3.0863912105560303,0.5,0.005,256,lr_0.005_hc_256
183,5.785616874694824,2.1147942543029785,0.5296884179115295,1.758725881576538,1.3824082612991333,87.52242701027565,76.49649323112054,76.07241885499919,80.2280843257904,80.07985585554644,594.5674047470093,3.1321001052856445,0.5,0.005,256,lr_0.005_hc_256
184,5.701492786407471,2.137996196746826,0.521278977394104,1.752820611000061,1.2893972396850586,87.96281193932475,76.46387212526504,76.93687816016963,78.40457558631897,79.94203445276959,597.8481066226959,3.1327130794525146,0.5,0.005,256,lr_0.005_hc_256
185,5.857121467590332,2.175792694091797,0.5558324456214905,1.740078330039978,1.3854180574417114,87.52242701027565,76.96949926602512,76.1865927254934,79.655921459198,80.08361011524804,601.1284453868866,3.1280739307403564,0.5,0.005,256,lr_0.005_hc_256
186,5.875494003295898,2.197770833969116,0.558660089969635,1.7509797811508179,1.3680833578109741,87.37563203392595,76.96949926602512,76.79008318381993,80.1069438457489,80.31053958237997,604.4335646629333,3.1492385864257812,0.5,0.005,256,lr_0.005_hc_256
187,5.93924617767334,2.2827775478363037,0.5500959753990173,1.7402548789978027,1.3661174774169922,87.44087424563692,77.13260479530256,76.70853041918122,78.78564596176147,80.01691385547053,607.7053830623627,3.120086431503296,0.5,0.005,256,lr_0.005_hc_256
188,5.835219383239746,2.197605609893799,0.5408337712287903,1.7550498247146606,1.341729998588562,87.3919425868537,76.75746207796445,76.6269776545425,79.90518808364868,80.17039260075234,610.9211349487305,3.0658748149871826,0.5,0.005,256,lr_0.005_hc_256
189,5.831600189208984,2.235106945037842,0.545712411403656,1.7340399026870728,1.3167412281036377,87.52242701027565,77.13260479530256,76.93687816016963,81.15929365158081,80.68780090433216,614.1535384654999,3.0820462703704834,0.5,0.005,256,lr_0.005_hc_256
190,5.863999366760254,2.2236168384552,0.5356170535087585,1.7631542682647705,1.3416111469268799,87.6529114336976,76.57804599575925,76.61066710161475,80.02192974090576,80.21588856799434,617.3624439239502,3.059885025024414,0.5,0.005,256,lr_0.005_hc_256
191,5.814736843109131,2.1853597164154053,0.4903378486633301,1.7659547328948975,1.373084545135498,88.56630239765127,76.56173544283152,76.54542488990377,80.86594343185425,80.6348515405602,620.704155921936,3.192861318588257,0.5,0.005,256,lr_0.005_hc_256
192,5.932317733764648,2.219994068145752,0.5088762044906616,1.7552084922790527,1.4482386112213135,87.79970641004729,76.49649323112054,75.15902789104551,79.48682904243469,79.735514143662,623.9444262981415,3.097041130065918,0.5,0.005,256,lr_0.005_hc_256
193,5.821998596191406,2.1404497623443604,0.5178093314170837,1.7461405992507935,1.4175984859466553,88.46843908008482,77.27939977165225,75.33844397325069,80.10674715042114,80.29825749385222,627.1673023700714,3.0721144676208496,0.5,0.005,256,lr_0.005_hc_256
194,5.788089752197266,2.083501100540161,0.5353501439094543,1.7218283414840698,1.4474101066589355,88.10960691567445,77.40988419507421,73.9357364214647,81.03999495506287,80.12380562181906,630.3793201446533,3.0586984157562256,0.5,0.005,256,lr_0.005_hc_256
195,5.828629016876221,2.1798670291900635,0.5322447419166565,1.7553198337554932,1.3611973524093628,87.60397977491436,76.12135051378242,75.90931332572174,79.93674874305725,79.89284808936894,633.6195199489594,3.084724187850952,0.5,0.005,256,lr_0.005_hc_256
196,5.847770690917969,2.1960158348083496,0.5492409467697144,1.7219761610031128,1.3805376291275024,87.78339585711956,77.45881585385744,75.28951231446746,80.35569787025452,80.22185547392475,636.8727915287018,3.1047251224517822,0.5,0.005,256,lr_0.005_hc_256
197,5.789083003997803,2.130173683166504,0.528316080570221,1.7172062397003174,1.4133867025375366,88.01174359810797,77.11629424237482,75.58310226716685,82.1804940700531,80.72290854442569,640.2070240974426,3.181884527206421,0.5,0.005,256,lr_0.005_hc_256
198,5.779212474822998,2.1422500610351562,0.5394535660743713,1.7198221683502197,1.3776869773864746,87.37563203392595,77.09998368944707,75.66465503180558,80.67600727081299,80.2040695064979,643.5636329650879,3.206223964691162,0.5,0.005,256,lr_0.005_hc_256
199,5.72725772857666,2.0722689628601074,0.5401221513748169,1.7177544832229614,1.3971121311187744,87.78339585711956,77.78502691241233,75.72989724351655,80.16049861907959,80.36470465803201,646.9053094387054,3.190218448638916,0.5,0.005,256,lr_0.005_hc_256
200,5.825139999389648,2.2055652141571045,0.5443922281265259,1.7086127996444702,1.3665695190429688,87.22883705757624,77.3283314304355,76.21921383134888,80.59581518173218,80.3430493752732,650.0890746116638,3.0298500061035156,0.5,0.005,256,lr_0.005_hc_256
201,5.827841758728027,2.1894383430480957,0.5475572347640991,1.717178225517273,1.37366783618927,87.34301092807047,78.07861686511173,76.05610830207145,79.86862659454346,80.33659067244928,653.3982338905334,3.15857195854187,0.5,0.005,256,lr_0.005_hc_256
202,5.743563175201416,2.0885326862335205,0.5499544143676758,1.7516505718231201,1.35342538356781,87.9138802805415,77.34464198336323,76.72484097210895,80.24497032165527,80.55708338941724,656.6436350345612,3.0905861854553223,0.5,0.005,256,lr_0.005_hc_256
203,5.809562683105469,2.246865749359131,0.4990798532962799,1.751883864402771,1.3117332458496094,88.46843908008482,77.1815364540858,76.93687816016963,78.68863940238953,80.31887327418245,659.8573915958405,3.0626742839813232,0.5,0.005,256,lr_0.005_hc_256
204,5.801767349243164,2.208648204803467,0.49971717596054077,1.74946928024292,1.3439323902130127,88.2400913390964,77.5893002772794,76.34969825477084,79.3103575706482,80.3723618604487,663.1853926181793,3.1760568618774414,0.5,0.005,256,lr_0.005_hc_256
205,5.782375812530518,2.206536293029785,0.5040076375007629,1.6923550367355347,1.3794769048690796,88.27271244495188,77.80133746534007,75.58310226716685,79.32732105255127,80.24611830750253,666.4844627380371,3.141411781311035,0.5,0.005,256,lr_0.005_hc_256
206,5.820204734802246,2.152255058288574,0.5147991180419922,1.7301445007324219,1.4230058193206787,88.38688631544609,77.76871635948459,75.51786005545587,78.80423069000244,80.11942335509725,669.7270221710205,3.0882363319396973,0.5,0.005,256,lr_0.005_hc_256
207,5.727242469787598,2.1371102333068848,0.5061256885528564,1.7097421884536743,1.374264121055603,88.07698580981895,77.27939977165225,76.05610830207145,81.02004528045654,80.6081347909998,672.9693109989166,3.08986234664917,0.5,0.005,256,lr_0.005_hc_256
208,5.851290702819824,2.127725601196289,0.4755764305591583,1.7129994630813599,1.5349894762039185,88.69678682107323,77.1489153482303,74.47398466808025,79.82931137084961,80.03724955205836,676.2370405197144,3.1200408935546875,0.5,0.005,256,lr_0.005_hc_256
209,5.664856433868408,2.1110928058624268,0.4991673529148102,1.7301244735717773,1.3244718313217163,88.46843908008482,77.60561083020714,76.28445604305986,80.72800040245056,80.7716265889506,679.5670056343079,3.167184352874756,0.5,0.005,256,lr_0.005_hc_256
210,5.7822370529174805,2.1539220809936523,0.5080100893974304,1.7173742055892944,1.4029308557510376,88.38688631544609,77.60561083020714,76.594356548687,80.13654947280884,80.68085079178726,682.9391775131226,3.2121517658233643,0.5,0.005,256,lr_0.005_hc_256
211,5.654408931732178,2.0623056888580322,0.4965389668941498,1.7183760404586792,1.3771883249282837,88.41950742130157,77.76871635948459,76.72484097210895,79.96475100517273,80.71945393951697,686.3350033760071,3.2439215183258057,0.5,0.005,256,lr_0.005_hc_256
212,5.685944557189941,2.0819220542907715,0.5047358274459839,1.7192763090133667,1.3800101280212402,88.71309737400098,77.05105203066384,76.31707714891535,80.69150447845459,80.69318275800869,689.6573309898376,3.168412446975708,0.5,0.005,256,lr_0.005_hc_256
213,5.718503952026367,2.154446601867676,0.5173987746238708,1.7197649478912354,1.3268938064575195,87.96281193932475,77.91551133583428,76.95318871309738,79.83214855194092,80.66591513504933,693.127320766449,3.3160743713378906,0.5,0.005,256,lr_0.005_hc_256
214,5.53779411315918,2.006434440612793,0.5035843849182129,1.696955680847168,1.3308196067810059,88.8272712444952,77.7034741477736,76.85532539553091,79.61071729660034,80.74919702110002,696.47722864151,3.199158191680908,0.5,0.005,256,lr_0.005_hc_256
215,5.655763626098633,2.1247286796569824,0.5159194469451904,1.6848299503326416,1.3302854299545288,88.32164410373512,78.35589626488338,77.03474147773609,79.93545532226562,80.91193429215505,699.9037420749664,3.272761821746826,0.5,0.005,256,lr_0.005_hc_256
216,5.584169387817383,2.047877073287964,0.5192411541938782,1.7271760702133179,1.2898751497268677,88.33795465666286,77.55667917142391,77.65454248899037,80.83425760269165,81.09585847994221,703.3841273784637,3.3273065090179443,0.5,0.005,256,lr_0.005_hc_256
217,5.531644344329834,2.0801799297332764,0.5171588659286499,1.7190300226211548,1.2152758836746216,88.37057576251834,77.7034741477736,77.23046811286902,80.06088733673096,80.84135133997299,706.771815776825,3.238649845123291,0.5,0.005,256,lr_0.005_hc_256
218,5.625091552734375,2.080974817276001,0.5336217880249023,1.712720274925232,1.2977746725082397,87.83232751590279,78.0296852063285,77.89920078290655,79.68146800994873,80.86067037877164,710.0424377918243,3.120962381362915,0.5,0.005,256,lr_0.005_hc_256
219,5.603708267211914,2.1309807300567627,0.5149791240692139,1.6950130462646484,1.26273512840271,87.946501386397,77.45881585385744,77.86657967705105,80.16044497489929,80.8580854730512,713.3687908649445,3.1749086380004883,0.5,0.005,256,lr_0.005_hc_256
220,5.56182861328125,2.016653537750244,0.5267106294631958,1.702856183052063,1.3156087398529053,88.14222802152993,77.63823193606262,76.90425705431414,79.6522319316864,80.58423723589827,716.6761391162872,3.157750129699707,0.5,0.005,256,lr_0.005_hc_256
221,5.53422737121582,1.9925366640090942,0.5356603264808655,1.6907237768173218,1.3153066635131836,87.89756972761377,77.8502691241233,76.54542488990377,79.96806502342224,80.56533219126577,720.0110032558441,3.1862540245056152,0.5,0.005,256,lr_0.005_hc_256
222,5.616454601287842,2.066119909286499,0.5294045805931091,1.6919652223587036,1.3289645910263062,87.89756972761377,77.60561083020714,76.7411515250367,79.92212772369385,80.54161495163787,723.3392350673676,3.1761677265167236,0.5,0.005,256,lr_0.005_hc_256
223,5.588655471801758,2.018611192703247,0.5108848810195923,1.6884289979934692,1.3707302808761597,88.2074702332409,78.0296852063285,76.46387212526504,79.80290651321411,80.62598351951213,726.5946066379547,3.1054699420928955,0.5,0.005,256,lr_0.005_hc_256
224,5.661544322967529,2.0623323917388916,0.5209865570068359,1.740963339805603,1.3372620344161987,87.81601696297504,77.27939977165225,77.1815364540858,79.76555824279785,80.51062785787774,729.8671860694885,3.1210217475891113,0.5,0.005,256,lr_0.005_hc_256
225,5.615253925323486,2.0745010375976562,0.4845782518386841,1.7314876317977905,1.324687123298645,89.0556189854836,77.63823193606262,76.44756157233729,80.65611124038696,80.94938093356762,733.1191163063049,3.098021984100342,0.5,0.005,256,lr_0.005_hc_256
226,5.578810214996338,2.0250871181488037,0.5164685845375061,1.7347774505615234,1.3024773597717285,88.56630239765127,77.00212037188061,77.08367313651932,79.97777462005615,80.65746763152684,736.4046716690063,3.1296215057373047,0.5,0.005,256,lr_0.005_hc_256
227,5.528651714324951,1.9948902130126953,0.5188988447189331,1.7257416248321533,1.289121150970459,88.5010601859403,77.67085304191812,77.67085304191812,81.25098943710327,81.27343892671995,739.6786866188049,3.1274728775024414,0.5,0.005,256,lr_0.005_hc_256
228,5.499138832092285,2.002244234085083,0.4879915714263916,1.7043776512145996,1.3045254945755005,88.9414451149894,77.45881585385744,76.57804599575925,80.56384921073914,80.8855390438363,742.9354612827301,3.0987956523895264,0.5,0.005,256,lr_0.005_hc_256
229,5.470093250274658,2.047747850418091,0.506382942199707,1.682647943496704,1.2333145141601562,88.63154460936225,77.94813244168978,77.8502691241233,80.94075322151184,81.34267484917179,746.1603257656097,3.0735929012298584,0.5,0.005,256,lr_0.005_hc_256
230,5.5003533363342285,2.0913665294647217,0.5019721984863281,1.7084884643554688,1.1985260248184204,88.56630239765127,77.26308921872452,77.997064100473,80.7368278503418,81.14082089179763,749.4975800514221,3.186594009399414,0.5,0.005,256,lr_0.005_hc_256
231,5.470613956451416,1.9965816736221313,0.5365608930587769,1.6993465423583984,1.2381248474121094,88.37057576251834,77.8502691241233,77.94813244168978,81.46154880523682,81.40763153339206,752.7487118244171,3.0990054607391357,0.5,0.005,256,lr_0.005_hc_256
232,5.524613857269287,2.0853638648986816,0.49690335988998413,1.6600110530853271,1.282335877418518,88.66416571521775,78.7310389822215,77.60561083020714,81.3406765460968,81.5853730184358,756.0631282329559,3.167945623397827,0.5,0.005,256,lr_0.005_hc_256
233,5.612453460693359,2.108499050140381,0.5211701393127441,1.6886281967163086,1.2941559553146362,88.56630239765127,78.19279073560594,76.8879465013864,81.12956285476685,81.19415062235261,759.3327407836914,3.1172897815704346,0.5,0.005,256,lr_0.005_hc_256
234,5.561891078948975,2.063906669616699,0.5172669291496277,1.6782772541046143,1.3024401664733887,88.43581797422932,78.35589626488338,77.21415755994127,80.26190400123596,81.06694395007248,762.6554484367371,3.1729629039764404,0.5,0.005,256,lr_0.005_hc_256
235,5.493654727935791,2.1041152477264404,0.48329079151153564,1.6457829475402832,1.2604655027389526,88.81096069156744,78.92676561735443,77.997064100473,80.6462287902832,81.59525479991952,766.0046279430389,3.2011563777923584,0.5,0.005,256,lr_0.005_hc_256
236,5.504758834838867,2.0674686431884766,0.5006586313247681,1.6686522960662842,1.267979383468628,88.61523405643452,78.63317566465503,77.83395857119557,80.33273220062256,81.35377512322691,769.2809720039368,3.1231727600097656,0.5,0.005,256,lr_0.005_hc_256
237,5.509036540985107,2.0898778438568115,0.5262607336044312,1.6891577243804932,1.2037404775619507,88.35426520959061,78.06230631218398,78.71472842929376,80.09453415870667,81.30645852744377,772.5845184326172,3.1465439796447754,0.5,0.005,256,lr_0.005_hc_256
238,5.445975303649902,1.9993385076522827,0.49363499879837036,1.6866941452026367,1.2663075923919678,88.61523405643452,78.12754852389496,78.06230631218398,79.3437659740448,81.03721371663957,775.8487722873688,3.1093528270721436,0.5,0.005,256,lr_0.005_hc_256
239,5.514418601989746,2.060415744781494,0.4956175982952118,1.7118135690689087,1.2465713024139404,89.52862502038819,78.04599575925624,78.77997064100472,80.11118173599243,81.6164432891604,779.1969628334045,3.194607734680176,0.5,0.005,256,lr_0.005_hc_256
240,5.496345520019531,2.0869076251983643,0.5062743425369263,1.6907099485397339,1.2124536037445068,88.35426520959061,78.12754852389496,78.5842440058718,80.85967302322388,81.48143269064532,782.4729945659637,3.1263599395751953,0.5,0.005,256,lr_0.005_hc_256
241,5.514342308044434,2.0564064979553223,0.5058992505073547,1.7604948282241821,1.1915417909622192,89.10455064426685,76.90425705431414,79.31821888762029,80.1274061203003,81.36360817662539,785.8067066669464,3.1847264766693115,0.5,0.005,256,lr_0.005_hc_256
242,5.506076812744141,2.0213513374328613,0.5009597539901733,1.6805444955825806,1.303221344947815,88.43581797422932,78.2906540531724,78.42113847659435,81.51811957359314,81.6664325193973,789.0765550136566,3.114281177520752,0.5,0.005,256,lr_0.005_hc_256
243,5.528604984283447,2.083463430404663,0.48755764961242676,1.708559513092041,1.2490242719650269,88.85989235035068,77.5893002772794,79.08987114663188,79.60537075996399,81.28610863355648,792.3207206726074,3.0898354053497314,0.5,0.005,256,lr_0.005_hc_256
244,5.402972221374512,2.0188355445861816,0.5074089765548706,1.7078640460968018,1.1688631772994995,88.69678682107323,77.96444299461753,78.7310389822215,79.93643283843994,81.33217540908805,795.58988904953,3.117945909500122,0.5,0.005,256,lr_0.005_hc_256
245,5.608863830566406,2.1808712482452393,0.5011689066886902,1.7431198358535767,1.183704137802124,88.5010601859403,77.29571032458,79.48132441689773,81.66804909706116,81.73653600611979,798.8090054988861,3.0661158561706543,0.5,0.005,256,lr_0.005_hc_256
246,5.491828441619873,2.0769970417022705,0.504852831363678,1.669994592666626,1.2399840354919434,88.32164410373512,78.50269124123308,78.3232751590279,80.88491559028625,81.50813152357058,802.0744874477386,3.1157028675079346,0.5,0.005,256,lr_0.005_hc_256
247,5.361414909362793,1.9441733360290527,0.49257808923721313,1.721577525138855,1.2030861377716064,88.72940792692873,77.62192138313489,79.20404501712608,81.57721757888794,81.78314797651942,805.2929275035858,3.065980911254883,0.5,0.005,256,lr_0.005_hc_256
248,5.3943376541137695,1.9826630353927612,0.5017170906066895,1.651590347290039,1.2583670616149902,89.10455064426685,78.42113847659435,77.7360952536291,81.3315212726593,81.6483264117874,808.4842131137848,3.037600517272949,0.5,0.005,256,lr_0.005_hc_256
249,5.487842082977295,2.044269561767578,0.5143899917602539,1.6716804504394531,1.2575020790100098,88.56630239765127,78.07861686511173,78.53531234708856,82.05039501190186,81.80765665543835,811.7207534313202,3.0862021446228027,0.5,0.005,256,lr_0.005_hc_256
250,5.538726329803467,2.0790469646453857,0.5018871426582336,1.6498597860336304,1.3079322576522827,88.69678682107323,78.30696460610015,77.11629424237482,81.43242597579956,81.38811791133695,814.9453723430634,3.0749990940093994,0.5,0.005,256,lr_0.005_hc_256
251,5.4234700202941895,2.0244638919830322,0.5015354156494141,1.670744776725769,1.2267261743545532,88.7946501386397,78.2906540531724,78.50269124123308,82.09573030471802,81.9209314344408,818.1867423057556,3.0881683826446533,0.5,0.005,256,lr_0.005_hc_256
252,5.46044397354126,1.9968647956848145,0.5161730647087097,1.6341893672943115,1.3132168054580688,88.74571847985648,79.38346109933127,77.34464198336323,80.60396909713745,81.51944766492211,821.3785264492035,3.0417540073394775,0.5,0.005,256,lr_0.005_hc_256
253,5.45037841796875,2.011720657348633,0.5056641101837158,1.6488003730773926,1.2841929197311401,88.71309737400098,78.7310389822215,77.55667917142391,81.14160299301147,81.53560463016447,824.7028517723083,3.176025629043579,0.5,0.005,256,lr_0.005_hc_256
254,5.497493743896484,2.0089263916015625,0.5050361156463623,1.6925076246261597,1.2910236120224,88.71309737400098,78.3232751590279,78.20910128853367,81.10873103141785,81.5885512132451,827.9665539264679,3.113968849182129,0.5,0.005,256,lr_0.005_hc_256
255,5.483798503875732,2.0359835624694824,0.49278590083122253,1.6751782894134521,1.2798506021499634,89.43076170282173,78.2906540531724,77.81764801826782,81.79076910018921,81.83245821861279,831.2664892673492,3.1519336700439453,0.5,0.005,256,lr_0.005_hc_256
256,5.479689598083496,2.051325798034668,0.49288907647132874,1.6941639184951782,1.2413103580474854,88.48474963301256,77.997064100473,78.11123797096722,80.6090772151947,81.30053222991187,834.5325062274933,3.11319637298584,0.5,0.005,256,lr_0.005_hc_256
257,5.458394527435303,2.070854663848877,0.5084409713745117,1.6559962034225464,1.2231025695800781,88.56630239765127,78.76366008807697,78.69841787636601,80.74102401733398,81.69235109485706,837.858788728714,3.178004741668701,0.5,0.005,256,lr_0.005_hc_256
258,5.507763862609863,2.085280179977417,0.49893108010292053,1.6806033849716187,1.2429487705230713,88.66416571521775,78.04599575925624,78.22541184146142,81.70232772827148,81.65947526105171,841.2202551364899,3.2099502086639404,0.5,0.005,256,lr_0.005_hc_256
259,5.543829441070557,2.146505355834961,0.5085537433624268,1.67543625831604,1.213334083557129,88.37057576251834,78.12754852389496,79.25297667590931,81.05763792991638,81.70218472305974,844.9379723072052,3.569507360458374,0.5,0.005,256,lr_0.005_hc_256
260,5.504465579986572,2.099571943283081,0.5025679469108582,1.690505862236023,1.2118197679519653,88.89251345620617,78.07861686511173,78.97569727613765,80.36024570465088,81.5767683255266,848.4815340042114,3.389841079711914,0.5,0.005,256,lr_0.005_hc_256
261,5.461076736450195,2.0688693523406982,0.48208245635032654,1.7036150693893433,1.206510066986084,88.8272712444952,77.8828902299788,79.00831838199315,80.64844012260437,81.59172999476787,851.8418214321136,3.2022969722747803,0.5,0.005,256,lr_0.005_hc_256
262,5.454407691955566,2.1025214195251465,0.4933563470840454,1.6879127025604248,1.170616865158081,88.87620290327843,78.50269124123308,79.46501386396999,80.40030002593994,81.81105200860536,855.1893348693848,3.19073224067688,0.5,0.005,256,lr_0.005_hc_256
263,5.415997505187988,2.0646305084228516,0.5060686469078064,1.6813807487487793,1.1639173030853271,88.84358179742293,79.07356059370413,79.56287718153645,80.48309087753296,81.99077761254911,858.4995038509369,3.170166254043579,0.5,0.005,256,lr_0.005_hc_256
264,5.358125686645508,1.985013723373413,0.49314600229263306,1.704155445098877,1.1758109331130981,88.71309737400098,78.45375958244985,79.66074049910293,80.25460243225098,81.77054997195118,861.5997567176819,2.955364465713501,0.5,0.005,256,lr_0.005_hc_256
265,5.447522163391113,2.067351818084717,0.5092624425888062,1.690890908241272,1.1800167560577393,88.77833958571195,78.27434350024465,79.07356059370413,80.18710613250732,81.57833745304201,864.6375048160553,2.8979690074920654,0.5,0.005,256,lr_0.005_hc_256
266,5.477204322814941,2.1464898586273193,0.5070128440856934,1.6485331058502197,1.1751686334609985,89.03930843255587,78.64948621758278,79.7259827108139,80.27341365814209,81.92204775477366,867.6594367027283,2.873952627182007,0.5,0.005,256,lr_0.005_hc_256
267,5.390762805938721,2.0057265758514404,0.5251849889755249,1.6613496541976929,1.1985015869140625,88.40319686837384,78.60055455879954,79.36715054640352,82.25506544113159,82.15649185367712,870.7768824100494,2.974008560180664,0.5,0.005,256,lr_0.005_hc_256
268,5.455130577087402,2.067692756652832,0.532041072845459,1.6306214332580566,1.2247751951217651,88.2400913390964,79.4323927581145,78.64948621758278,81.06948733329773,81.84786441202286,873.8206875324249,2.892765998840332,0.5,0.005,256,lr_0.005_hc_256
269,5.31813383102417,1.9507341384887695,0.5079692006111145,1.6737440824508667,1.1856865882873535,88.33795465666286,78.16016962975046,78.51900179416083,81.62327408790588,81.66010004212,876.8853719234467,2.922232151031494,0.5,0.005,256,lr_0.005_hc_256
270,5.458242416381836,2.0259945392608643,0.49865543842315674,1.6546602249145508,1.2789323329925537,88.27271244495188,78.81259174686022,78.06230631218398,81.30627870559692,81.61347230239826,879.883419752121,2.85440993309021,0.5,0.005,256,lr_0.005_hc_256
271,5.424768447875977,2.0882227420806885,0.4851270020008087,1.6606518030166626,1.1907665729522705,89.13717175012232,78.25803294731692,79.48132441689773,80.58487176895142,81.8653502208221,883.0217747688293,2.978545665740967,0.5,0.005,256,lr_0.005_hc_256
272,5.378676414489746,2.0107359886169434,0.5038254857063293,1.6591850519180298,1.204930067062378,88.38688631544609,78.4374490295221,78.89414451149894,80.79904913902283,81.62938224887249,886.2684550285339,3.0917913913726807,0.5,0.005,256,lr_0.005_hc_256
273,5.361936092376709,1.9928090572357178,0.4799925982952118,1.6585131883621216,1.230621337890625,89.0556189854836,78.0296852063285,78.55162290001631,81.53512477874756,81.793012967644,889.2904572486877,2.8637406826019287,0.5,0.005,256,lr_0.005_hc_256
274,5.386198043823242,2.013934373855591,0.4743488132953644,1.6559760570526123,1.2419387102127075,88.85989235035068,78.38851737073887,78.74734953514924,81.30590915679932,81.82541710325953,892.3832399845123,2.9401707649230957,0.5,0.005,256,lr_0.005_hc_256
275,5.404237270355225,2.043755054473877,0.4795636832714081,1.693755030632019,1.1871634721755981,89.00668732670037,77.89920078290655,78.9920078290654,80.3494930267334,81.56184724135143,895.5371861457825,2.999474287033081,0.5,0.005,256,lr_0.005_hc_256
276,5.28626823425293,1.977644920349121,0.4819408655166626,1.6434975862503052,1.1831848621368408,89.15348230305007,78.94307617028217,78.86152340564345,81.97590112686157,82.2334957514593,898.6167829036713,2.929687976837158,0.5,0.005,256,lr_0.005_hc_256
277,5.404383659362793,2.0106117725372314,0.48647165298461914,1.6765482425689697,1.230751872062683,89.07192953841135,78.20910128853367,78.07861686511173,81.05161190032959,81.60281489809658,901.6849224567413,2.9309558868408203,0.5,0.005,256,lr_0.005_hc_256
278,5.441980361938477,2.0781590938568115,0.4847221076488495,1.6289957761764526,1.25010347366333,89.52862502038819,79.23666612298157,78.7310389822215,80.60072660446167,82.02426418251324,905.048318862915,3.2201895713806152,0.5,0.005,256,lr_0.005_hc_256
279,5.394469261169434,2.0205419063568115,0.4981499910354614,1.6602717638015747,1.2155057191848755,88.63154460936225,78.82890229978796,78.38851737073887,81.10424876213074,81.73830326050495,908.3522686958313,3.1367082595825195,0.5,0.005,256,lr_0.005_hc_256
280,5.37208366394043,2.0130248069763184,0.48217129707336426,1.660593032836914,1.2162944078445435,89.12086119719459,78.77997064100472,78.56793345294405,80.85352778434753,81.83057326887273,911.6754631996155,3.163177013397217,0.5,0.005,256,lr_0.005_hc_256
281,5.360701084136963,1.9914604425430298,0.5139087438583374,1.6607319116592407,1.1946001052856445,88.97406622084489,78.35589626488338,79.00831838199315,81.34410977363586,81.92059766033933,914.9633469581604,3.132927417755127,0.5,0.005,256,lr_0.005_hc_256
282,5.425685882568359,2.008861541748047,0.4765748083591461,1.6469144821166992,1.293335199356079,89.0882400913391,78.69841787636601,77.54036861849617,81.59181475639343,81.72971033564868,918.4915790557861,3.3742799758911133,0.5,0.005,256,lr_0.005_hc_256
283,5.40179443359375,2.0684640407562256,0.4890199303627014,1.6427280902862549,1.201582670211792,89.41445114989398,78.97569727613765,78.77997064100472,82.36292600631714,82.38326126833837,921.9104125499725,3.2645339965820312,0.5,0.005,256,lr_0.005_hc_256
284,5.319213390350342,1.952139973640442,0.499136745929718,1.6316752433776855,1.2362613677978516,88.95775566791714,78.79628119393247,78.50269124123308,81.71361684799194,81.99258623776866,925.2377796173096,3.1741535663604736,0.5,0.005,256,lr_0.005_hc_256
285,5.407893180847168,2.0179762840270996,0.4877128601074219,1.6657321453094482,1.2364718914031982,89.2350350676888,78.45375958244985,78.48638068830533,80.81231117248535,81.74687162773233,928.4926002025604,3.0952579975128174,0.5,0.005,256,lr_0.005_hc_256
286,5.378052234649658,1.9993504285812378,0.4736178517341614,1.6896491050720215,1.2154345512390137,89.46338280867721,78.35589626488338,78.4048279236666,81.10142946243286,81.83138411491501,931.7779955863953,3.1278021335601807,0.5,0.005,256,lr_0.005_hc_256
287,5.341000080108643,1.942679762840271,0.5050574541091919,1.6711480617523193,1.222115159034729,88.56630239765127,78.01337465340075,78.19279073560594,81.8782389163971,81.66267667576376,935.365113735199,3.428922414779663,0.5,0.005,256,lr_0.005_hc_256
288,5.3000593185424805,1.9081088304519653,0.4722367525100708,1.6746325492858887,1.2450807094573975,89.15348230305007,78.7310389822215,78.64948621758278,81.45515322685242,81.9972901824267,939.1303391456604,3.607562780380249,0.5,0.005,256,lr_0.005_hc_256
289,5.440891265869141,2.070889472961426,0.48838838934898376,1.6622318029403687,1.2193819284439087,89.00668732670037,78.79628119393247,79.08987114663188,81.17605447769165,82.01722353623909,942.63760638237,3.343402862548828,0.5,0.005,256,lr_0.005_hc_256
290,5.364548206329346,1.98484206199646,0.4884103536605835,1.653180718421936,1.2381151914596558,88.92513456206166,78.8452128527157,78.63317566465503,81.87663555145264,82.07003965772127,945.9568333625793,3.166792154312134,0.5,0.005,256,lr_0.005_hc_256
291,5.318256378173828,1.9732238054275513,0.508364737033844,1.657019019126892,1.1796486377716064,88.38688631544609,79.07356059370413,79.36715054640352,81.44318461418152,82.06769551743382,949.3065793514252,3.1895411014556885,0.5,0.005,256,lr_0.005_hc_256
292,5.419431209564209,2.0528390407562256,0.5148344039916992,1.659615397453308,1.1921424865722656,88.37057576251834,78.25803294731692,79.36715054640352,79.65334057807922,81.4122749585795,952.6903519630432,3.232884407043457,0.5,0.005,256,lr_0.005_hc_256
293,5.468146324157715,2.089613437652588,0.519683301448822,1.679731845855713,1.1791176795959473,88.33795465666286,78.76366008807697,79.49763496982548,81.55312538146973,82.03809377400877,955.7303204536438,2.899069309234619,0.5,0.005,256,lr_0.005_hc_256
294,5.312881946563721,1.9491934776306152,0.49061766266822815,1.6691207885742188,1.2039499282836914,88.87620290327843,78.86152340564345,79.05725004077638,80.58916926383972,81.84603640338449,958.800238609314,2.9200615882873535,0.5,0.005,256,lr_0.005_hc_256
295,5.387791156768799,2.019357681274414,0.5074763894081116,1.670712947845459,1.190244197845459,88.45212852715707,78.68210732343826,79.93801989887457,81.50695562362671,82.14480284327415,961.9800601005554,3.0296993255615234,0.5,0.005,256,lr_0.005_hc_256
296,5.3669281005859375,2.014127016067505,0.5070538520812988,1.620338797569275,1.2254085540771484,88.81096069156744,79.62811939324743,78.97569727613765,82.01777935028076,82.35813917780833,965.2257008552551,3.1032943725585938,0.5,0.005,256,lr_0.005_hc_256
297,5.345029354095459,2.0632152557373047,0.49641504883766174,1.6407592296600342,1.1446393728256226,89.31658783232751,79.04093948784863,79.25297667590931,79.56414222717285,81.79366155581458,968.4165110588074,3.0568478107452393,0.5,0.005,256,lr_0.005_hc_256
298,5.431534290313721,2.064866065979004,0.48349684476852417,1.6745847463607788,1.2085866928100586,89.51231446746046,79.22035557005383,79.38346109933127,80.32265305519104,82.10969604800916,971.5774264335632,3.012942314147949,0.5,0.005,256,lr_0.005_hc_256
299,5.382898807525635,2.020730495452881,0.4889158606529236,1.6364693641662598,1.2367830276489258,89.47969336160496,78.82890229978796,78.66579677051052,79.4415533542633,81.60398644654168,974.7586522102356,3.034376859664917,0.5,0.005,256,lr_0.005_hc_256
300,5.30642032623291,2.045280933380127,0.48446616530418396,1.6174497604370117,1.1592236757278442,88.99037677377262,79.44870331104225,79.61180884031968,80.69316148757935,82.18601260317848,977.8545269966125,2.9380643367767334,0.5,0.005,256,lr_0.005_hc_256
301,5.356590747833252,2.04038143157959,0.5002766847610474,1.6497000455856323,1.1662325859069824,89.0882400913391,78.86152340564345,79.15511335834285,80.3138017654419,81.85466965519183,980.8584201335907,2.8615121841430664,0.5,0.005,256,lr_0.005_hc_256
302,5.400758743286133,2.1054487228393555,0.48731693625450134,1.6599305868148804,1.1480625867843628,88.99037677377262,78.45375958244985,79.85646713423586,81.0088038444519,82.07735183372755,983.8781521320343,2.8723249435424805,0.5,0.005,256,lr_0.005_hc_256
303,5.354342460632324,2.0345394611358643,0.4861665368080139,1.6501845121383667,1.1834521293640137,89.25134562061655,78.9920078290654,79.44870331104225,80.94247579574585,82.15863313911751,987.0363638401031,3.0159413814544678,0.5,0.005,256,lr_0.005_hc_256
304,5.3037590980529785,1.9903972148895264,0.48740509152412415,1.6379554271697998,1.188001036643982,88.95775566791714,78.97569727613765,79.10618169955961,81.18423223495483,82.05596671964231,990.1008031368256,2.922628164291382,0.5,0.005,256,lr_0.005_hc_256
305,5.311799049377441,1.990238070487976,0.47938400506973267,1.6572026014328003,1.184973955154419,89.07192953841135,78.27434350024465,79.53025607568097,80.47664165496826,81.8382926923263,993.251467704773,3.0091402530670166,0.5,0.005,256,lr_0.005_hc_256
306,5.292191028594971,1.9500443935394287,0.48152536153793335,1.6345576047897339,1.22606360912323,88.87620290327843,79.5465666286087,78.61686511172728,81.5396785736084,82.1448283043057,996.3741729259491,2.981045722961426,0.5,0.005,256,lr_0.005_hc_256
307,5.403755187988281,2.132188320159912,0.4840955138206482,1.6393208503723145,1.1481506824493408,89.36551949111075,78.71472842929376,79.20404501712608,81.58053159713745,82.216206133667,999.6572999954224,3.12520432472229,0.5,0.005,256,lr_0.005_hc_256
308,5.288488388061523,1.9814523458480835,0.49659502506256104,1.6613050699234009,1.1491361856460571,89.16979285597782,78.94307617028217,79.66074049910293,81.83512091636658,82.40218261043238,1002.9429924488068,3.1436493396759033,0.5,0.005,256,lr_0.005_hc_256
309,5.370582103729248,1.9917014837265015,0.48791149258613586,1.68392014503479,1.207048773765564,89.15348230305007,78.37220681781112,78.92676561735443,81.2958836555481,81.93708459844093,1006.0289375782013,2.942202568054199,0.5,0.005,256,lr_0.005_hc_256
310,5.2494611740112305,1.938386082649231,0.4672238528728485,1.656785249710083,1.1870661973953247,89.59386723209917,78.22541184146142,78.8778339585712,82.09395408630371,82.19776677960888,1009.1779820919037,3.014751434326172,0.5,0.005,256,lr_0.005_hc_256
311,5.274604797363281,1.946720838546753,0.48679566383361816,1.6607825756072998,1.1803057193756104,88.84358179742293,78.50269124123308,79.1714239112706,81.18126392364502,81.92474021839291,1012.2282814979553,2.919132947921753,0.5,0.005,256,lr_0.005_hc_256
312,5.2322564125061035,1.9188247919082642,0.4974043369293213,1.6497118473052979,1.1663155555725098,89.10455064426685,79.18773446419833,79.31821888762029,82.32421875,82.48368068652137,1015.2033886909485,2.8285021781921387,0.5,0.005,256,lr_0.005_hc_256
313,5.297643184661865,1.9737803936004639,0.5027487277984619,1.6536802053451538,1.167433738708496,88.63154460936225,78.63317566465503,79.7259827108139,80.99362254142761,81.99608138156471,1018.4091408252716,3.0491621494293213,0.5,0.005,256,lr_0.005_hc_256
314,5.2025885581970215,1.9493194818496704,0.4825406074523926,1.6559655666351318,1.1147626638412476,89.30027727939978,79.05725004077638,80.03588321644104,81.39294385910034,82.44658859892938,1021.505551815033,2.9549431800842285,0.5,0.005,256,lr_0.005_hc_256
315,5.365509033203125,1.9980396032333374,0.5072697401046753,1.6559474468231201,1.2042522430419922,88.95775566791714,79.04093948784863,79.30190833469256,81.38028979301453,82.1702233208682,1024.5895819664001,2.9415647983551025,0.5,0.005,256,lr_0.005_hc_256
316,5.222418785095215,1.9012242555618286,0.4991987347602844,1.6330540180206299,1.1889420747756958,89.349208938183,78.8778339585712,79.30190833469256,82.04463124275208,82.3933956185497,1027.6231570243835,2.8909664154052734,0.5,0.005,256,lr_0.005_hc_256
317,5.2232561111450195,1.959627628326416,0.5101373195648193,1.6297024488449097,1.1237889528274536,88.84358179742293,79.35083999347577,79.69336160495841,81.66583180427551,82.38840380003316,1030.6086065769196,2.8436715602874756,0.5,0.005,256,lr_0.005_hc_256
318,5.2744646072387695,1.944297194480896,0.5139316320419312,1.6302707195281982,1.1859651803970337,88.69678682107323,79.23666612298157,79.4323927581145,80.62540292739868,81.997812157392,1033.9220435619354,3.172473907470703,0.5,0.005,256,lr_0.005_hc_256
319,5.32194709777832,2.0095295906066895,0.49929773807525635,1.6369987726211548,1.1761212348937988,89.13717175012232,79.08987114663188,79.97064100473006,81.54544234275818,82.43578156106061,1037.0005452632904,2.9220449924468994,0.5,0.005,256,lr_0.005_hc_256
320,5.299324989318848,2.0075812339782715,0.47391989827156067,1.6253395080566406,1.1924842596054077,89.15348230305007,79.12249225248736,79.08987114663188,80.69818019866943,82.01600647520968,1040.0075325965881,2.8624160289764404,0.5,0.005,256,lr_0.005_hc_256
321,5.252582550048828,1.9841723442077637,0.5024346113204956,1.6485174894332886,1.1174579858779907,88.97406622084489,78.48638068830533,80.34578372206818,81.42206072807312,82.30707283982288,1043.3076393604279,3.142881155014038,0.5,0.005,256,lr_0.005_hc_256
322,5.264744758605957,1.9238739013671875,0.5053157806396484,1.6445873975753784,1.1909676790237427,88.89251345620617,79.23666612298157,79.07356059370413,80.42117357254028,81.90597843635804,1046.4358170032501,2.985623598098755,0.5,0.005,256,lr_0.005_hc_256
323,5.191856861114502,1.9239356517791748,0.49371835589408875,1.6329909563064575,1.1412121057510376,89.2350350676888,79.26928722883706,79.36715054640352,81.63334727287292,82.37620502895058,1049.532935142517,2.970478057861328,0.5,0.005,256,lr_0.005_hc_256
324,5.238274574279785,1.9329617023468018,0.48635759949684143,1.6507155895233154,1.1682395935058594,89.00668732670037,78.27434350024465,80.44364703963464,82.63311386108398,82.58944793191591,1052.56693983078,2.892427444458008,0.5,0.005,256,lr_0.005_hc_256
325,5.19549560546875,1.9151984453201294,0.4744175374507904,1.6260898113250732,1.179789423942566,89.2350350676888,79.18773446419833,79.33452944054802,82.5892686843872,82.5866419142056,1055.727019071579,3.018083095550537,0.5,0.005,256,lr_0.005_hc_256
326,5.209403991699219,1.9265310764312744,0.4817948639392853,1.6106247901916504,1.190453290939331,89.0556189854836,79.22035557005383,78.4374490295221,81.59483671188354,82.07706507423576,1058.7923839092255,2.9232866764068604,0.5,0.005,256,lr_0.005_hc_256
327,5.319083213806152,2.0066912174224854,0.4942432641983032,1.620853304862976,1.197295069694519,88.87620290327843,79.399771652259,79.18773446419833,80.24992942810059,81.92840961195908,1061.8880796432495,2.953815460205078,0.5,0.005,256,lr_0.005_hc_256
328,5.084016799926758,1.8532344102859497,0.4846945106983185,1.6396658420562744,1.1064220666885376,88.89251345620617,78.77997064100472,80.18267819279073,83.32184553146362,82.79425195536632,1065.0071203708649,2.97812557220459,0.5,0.005,256,lr_0.005_hc_256
329,5.225640773773193,1.9362452030181885,0.4969288408756256,1.641743540763855,1.150722861289978,89.2350350676888,78.64948621758278,79.62811939324743,82.24265575408936,82.43882410815209,1068.0691311359406,2.911391019821167,0.5,0.005,256,lr_0.005_hc_256
330,5.306417942047119,2.007836103439331,0.4789583683013916,1.6354856491088867,1.1841377019882202,89.36551949111075,79.07356059370413,80.08481487522428,80.58063387870789,82.27613220968676,1071.2575225830078,3.0483603477478027,0.5,0.005,256,lr_0.005_hc_256
331,5.281385898590088,2.0212528705596924,0.4941518008708954,1.6271086931228638,1.138872742652893,89.21872451476105,79.04093948784863,80.45995759256239,80.97318410873413,82.42320142597654,1074.417171239853,3.0013315677642822,0.5,0.005,256,lr_0.005_hc_256
332,5.217667579650879,1.98235285282135,0.4885176122188568,1.6145402193069458,1.1322569847106934,89.02299787962812,79.2855977817648,79.90539879301907,81.7225456237793,82.48413501954782,1077.527670621872,2.9683127403259277,0.5,0.005,256,lr_0.005_hc_256
333,5.175031661987305,1.8979125022888184,0.4914054870605469,1.6559383869171143,1.129775047302246,89.2024139618333,79.18773446419833,80.1337465340075,81.72762989997864,82.56288121500445,1080.5938951969147,2.9240472316741943,0.5,0.005,256,lr_0.005_hc_256
334,5.28495979309082,1.9855232238769531,0.5045626759529114,1.640496015548706,1.1543781757354736,88.97406622084489,79.30190833469256,80.24792040450171,80.84635138511658,82.34256158628894,1083.721831560135,2.9822638034820557,0.5,0.005,256,lr_0.005_hc_256
335,5.237069129943848,2.015805721282959,0.4736848771572113,1.6480790376663208,1.0994999408721924,89.25134562061655,78.95938672320992,80.67199478062307,81.33673667907715,82.55486595088166,1086.7585167884827,2.8836400508880615,0.5,0.005,256,lr_0.005_hc_256
336,5.160943508148193,1.9005966186523438,0.48186227679252625,1.652297019958496,1.126187801361084,89.10455064426685,79.15511335834285,79.85646713423586,80.0000786781311,82.02905245374416,1090.0279250144958,3.1199793815612793,0.5,0.005,256,lr_0.005_hc_256
337,5.252878665924072,1.9479678869247437,0.4944128096103668,1.6292301416397095,1.1812676191329956,89.0882400913391,79.08987114663188,79.30190833469256,80.84197640419006,82.08049899421339,1093.2057695388794,3.0354559421539307,0.5,0.005,256,lr_0.005_hc_256
338,5.273193359375,1.9977972507476807,0.49475038051605225,1.656150460243225,1.1244956254959106,89.2024139618333,78.8778339585712,80.44364703963464,81.2007486820221,82.43116091051532,1096.2966964244843,2.9489641189575195,0.5,0.005,256,lr_0.005_hc_256
339,5.233356475830078,1.9306190013885498,0.4851788282394409,1.6212471723556519,1.196311593055725,89.31658783232751,79.18773446419833,78.48638068830533,80.72319030761719,81.9284733231121,1099.5297372341156,3.09112548828125,0.5,0.005,256,lr_0.005_hc_256
340,5.313797950744629,2.0034780502319336,0.4970448315143585,1.6243748664855957,1.1889002323150635,88.95775566791714,79.2855977817648,79.26928722883706,82.88953900337219,82.6005449204728,1102.5889737606049,2.916870594024658,0.5,0.005,256,lr_0.005_hc_256
341,5.256307125091553,2.029794454574585,0.47326672077178955,1.620673418045044,1.1325725317001343,89.0882400913391,79.33452944054802,79.66074049910293,81.63155317306519,82.42876580101381,1105.7056827545166,2.966813087463379,0.5,0.005,256,lr_0.005_hc_256
342,5.210010051727295,1.9080467224121094,0.5137594938278198,1.6454170942306519,1.1427866220474243,88.58261295057902,78.53531234708856,80.4273364867069,81.04264736175537,82.14697728653246,1108.999668121338,3.1480605602264404,0.5,0.005,256,lr_0.005_hc_256
343,5.231842517852783,1.9716856479644775,0.4744125306606293,1.6117905378341675,1.173953890800476,89.26765617354428,79.61180884031968,79.0246289349209,82.47163891792297,82.59393321667696,1112.1549034118652,3.0131289958953857,0.5,0.005,256,lr_0.005_hc_256
344,5.2141642570495605,1.9307576417922974,0.4965752363204956,1.6398751735687256,1.1469560861587524,88.9414451149894,79.07356059370413,80.11743598107975,82.59299993515015,82.68136040623087,1115.3609790802002,3.051684856414795,0.5,0.005,256,lr_0.005_hc_256
345,5.174219131469727,1.8982224464416504,0.5024155378341675,1.6442824602127075,1.1292985677719116,89.59386723209917,78.86152340564345,79.97064100473006,81.82860016822815,82.5636579526752,1118.6927502155304,3.1691701412200928,0.5,0.005,256,lr_0.005_hc_256
346,5.313802242279053,1.9965072870254517,0.4981380105018616,1.638108730316162,1.181048035621643,89.15348230305007,79.1388028054151,79.5465666286087,81.15583658218384,82.24867207981444,1122.0388016700745,3.185959815979004,0.5,0.005,256,lr_0.005_hc_256
347,5.221971035003662,1.9469506740570068,0.48739612102508545,1.5997172594070435,1.187907338142395,89.39814059696623,79.44870331104225,79.26928722883706,81.91784620285034,82.50849433492398,1125.330235004425,3.1366679668426514,0.5,0.005,256,lr_0.005_hc_256
348,5.19231653213501,1.956599473953247,0.476240336894989,1.6315209865570068,1.1279557943344116,89.0882400913391,78.95938672320992,80.28054151035721,82.47623443603516,82.70110069023534,1128.7724978923798,3.301351308822632,0.5,0.005,256,lr_0.005_hc_256
349,5.220071315765381,1.9703662395477295,0.46729615330696106,1.6587105989456177,1.123698115348816,89.18610340890555,78.97569727613765,79.5465666286087,81.04196786880493,82.18758379561422,1131.7542941570282,2.8383708000183105,0.5,0.005,256,lr_0.005_hc_256
350,5.148272514343262,1.9476487636566162,0.47971972823143005,1.6529779434204102,1.0679265260696411,89.2024139618333,78.82890229978796,80.7209264394063,81.57899379730225,82.58280912458244,1134.8228776454926,2.919947385787964,0.5,0.005,256,lr_0.005_hc_256
351,5.175030708312988,1.955635905265808,0.46398547291755676,1.6266553401947021,1.128753423690796,89.59386723209917,78.94307617028217,80.101125428152,81.90882205963135,82.63672272254118,1137.9144163131714,2.941850185394287,0.5,0.005,256,lr_0.005_hc_256
352,5.171910285949707,1.9142664670944214,0.507192075252533,1.6295671463012695,1.120884656906128,88.59892350350677,79.38346109933127,80.36209427499593,80.59033155441284,82.2337026080617,1141.0000975131989,2.9374749660491943,0.5,0.005,256,lr_0.005_hc_256
353,5.204672813415527,1.9391247034072876,0.4629186689853668,1.6480648517608643,1.154564619064331,89.59386723209917,79.18773446419833,80.06850432229653,81.81865215301514,82.66718954290229,1144.1259789466858,2.9837327003479004,0.5,0.005,256,lr_0.005_hc_256
354,5.197624206542969,1.926749348640442,0.4995456337928772,1.5937855243682861,1.1775437593460083,89.16979285597782,79.61180884031968,79.23666612298157,81.62081241607666,82.40977005883894,1147.4244277477264,3.140655279159546,0.5,0.005,256,lr_0.005_hc_256
355,5.176436901092529,1.9100743532180786,0.48756763339042664,1.619923710823059,1.158871054649353,89.10455064426685,79.08987114663188,79.41608220518675,81.31033182144165,82.23020895438178,1150.9068071842194,3.325927734375,0.5,0.005,256,lr_0.005_hc_256
356,5.1991682052612305,1.9650887250900269,0.480806440114975,1.5996180772781372,1.1536552906036377,89.07192953841135,79.399771652259,79.82384602838036,81.30578398704529,82.400332801524,1154.2808451652527,3.2224292755126953,0.5,0.005,256,lr_0.005_hc_256
357,5.177381992340088,1.8558920621871948,0.4691016972064972,1.6161762475967407,1.2362116575241089,89.44707225574948,79.41608220518675,78.69841787636601,81.7497968673706,82.3278423011682,1157.668375492096,3.234117031097412,0.5,0.005,256,lr_0.005_hc_256
358,5.23737907409668,1.9594032764434814,0.48887085914611816,1.6170071363449097,1.17209792137146,89.02299787962812,79.59549828739195,79.51394552275323,81.75950646400452,82.47298703844446,1160.9625134468079,3.146238327026367,0.5,0.005,256,lr_0.005_hc_256
359,5.237921237945557,2.0165438652038574,0.4822174608707428,1.6075928211212158,1.1315670013427734,89.56124612624367,78.91045506442669,79.93801989887457,80.44297695159912,82.21317451028601,1164.168366909027,3.052574872970581,0.5,0.005,256,lr_0.005_hc_256
360,5.2355852127075195,1.982786774635315,0.4809562563896179,1.6207443475723267,1.1510978937149048,89.80590442015985,79.2855977817648,79.7259827108139,82.25947618484497,82.76924027439587,1167.4346587657928,3.1114416122436523,0.5,0.005,256,lr_0.005_hc_256
361,5.1368818283081055,1.9148131608963013,0.4761867821216583,1.6353042125701904,1.1105778217315674,89.0556189854836,79.0246289349209,80.31316261621268,82.16208219528198,82.63887318297479,1171.018394947052,3.43426251411438,0.5,0.005,256,lr_0.005_hc_256
362,5.155077934265137,1.917398452758789,0.4690941572189331,1.6232393980026245,1.1453454494476318,89.36551949111075,79.46501386396999,79.399771652259,82.69890546798706,82.7323026188317,1175.2845878601074,4.092501401901245,0.5,0.005,256,lr_0.005_hc_256
363,5.202476501464844,1.9903364181518555,0.4899958372116089,1.632939338684082,1.0892045497894287,89.46338280867721,79.20404501712608,80.90034252161148,81.58845901489258,82.78905734057685,1178.744385957718,3.2899155616760254,0.5,0.005,256,lr_0.005_hc_256
364,5.057994365692139,1.8133385181427002,0.485413134098053,1.6268715858459473,1.132371187210083,89.28396672647203,79.33452944054802,79.85646713423586,82.3374330997467,82.70309910025065,1182.1511521339417,3.246577262878418,0.5,0.005,256,lr_0.005_hc_256
365,5.15707540512085,1.988110065460205,0.4788581430912018,1.6290843486785889,1.0610228776931763,89.36551949111075,79.10618169955961,80.67199478062307,82.41732716560364,82.89025578422427,1185.8966166973114,3.5842490196228027,0.5,0.005,256,lr_0.005_hc_256
366,5.165806770324707,1.8930519819259644,0.4726894795894623,1.6530667543411255,1.1469982862472534,89.56124612624367,78.5842440058718,79.4323927581145,81.36867880821228,82.23664042461056,1189.2476863861084,3.1907713413238525,0.5,0.005,256,lr_0.005_hc_256
367,5.1733479499816895,1.9125703573226929,0.506450355052948,1.6406702995300293,1.1136571168899536,89.12086119719459,79.12249225248736,80.59044201598434,81.07649683952332,82.4775730762974,1192.5926268100739,3.191776990890503,0.5,0.005,256,lr_0.005_hc_256
368,5.149744033813477,1.9495664834976196,0.48430612683296204,1.6388945579528809,1.0769768953323364,89.28396672647203,79.399771652259,81.24286413309412,81.80993795394897,82.93413511644354,1196.050775527954,3.2925655841827393,0.5,0.005,256,lr_0.005_hc_256
369,5.059162139892578,1.88983154296875,0.4988735616207123,1.588407039642334,1.0820502042770386,89.16979285597782,79.44870331104225,80.91665307453923,83.13155174255371,83.16667524602825,1199.197681903839,3.003157377243042,0.5,0.005,256,lr_0.005_hc_256
370,5.1519880294799805,1.9099944829940796,0.4872693121433258,1.6103944778442383,1.1443301439285278,89.2350350676888,79.46501386396999,79.77491436959713,82.62107372283936,82.77400925602382,1202.2744863033295,2.917999505996704,0.5,0.005,256,lr_0.005_hc_256
371,5.12286901473999,1.8994511365890503,0.47240886092185974,1.6036430597305298,1.147365927696228,89.56124612624367,79.31821888762029,79.74229326374164,82.23662376403809,82.71459551041093,1205.320972442627,2.896584987640381,0.5,0.005,256,lr_0.005_hc_256
372,5.107202529907227,1.9044456481933594,0.48474961519241333,1.6276674270629883,1.0903394222259521,89.41445114989398,79.41608220518675,81.21024302723863,82.82781839370728,83.21714869400665,1208.6409137248993,3.16526460647583,0.5,0.005,256,lr_0.005_hc_256
373,5.184142112731934,1.8987023830413818,0.49125611782073975,1.6396427154541016,1.154541254043579,89.0556189854836,78.94307617028217,79.88908824009134,82.54504203796387,82.60820635845525,1211.9227662086487,3.121236801147461,0.5,0.005,256,lr_0.005_hc_256
374,5.173999786376953,1.9802651405334473,0.4772256910800934,1.6196106672286987,1.0968983173370361,89.349208938183,79.67705105203066,79.9869515576578,80.44764399528503,82.36521388578912,1215.243360042572,3.162465810775757,0.5,0.005,256,lr_0.005_hc_256
375,5.216800689697266,1.9806636571884155,0.4778171181678772,1.648492455482483,1.1098277568817139,89.10455064426685,79.12249225248736,80.18267819279073,81.38440251350403,82.44853090076224,1218.42946267128,3.0496253967285156,0.5,0.005,256,lr_0.005_hc_256
376,5.055149078369141,1.8539226055145264,0.4747381806373596,1.5966739654541016,1.1298145055770874,89.31658783232751,79.44870331104225,79.8727776871636,81.178879737854,82.45423714209684,1221.6762754917145,3.115973472595215,0.5,0.005,256,lr_0.005_hc_256
377,5.178997039794922,1.9413506984710693,0.4813281297683716,1.6286464929580688,1.127671718597412,89.30027727939978,79.5791877344642,80.44364703963464,82.45744705200195,82.94513977637514,1224.9808251857758,3.146477460861206,0.5,0.005,256,lr_0.005_hc_256
378,5.226085662841797,1.9520641565322876,0.49343210458755493,1.6137460470199585,1.1668434143066406,89.0882400913391,79.64442994617518,79.44870331104225,82.50701427459717,82.67209690578842,1228.4235441684723,3.27895450592041,0.5,0.005,256,lr_0.005_hc_256
379,5.114483833312988,1.8691617250442505,0.4657459557056427,1.597009301185608,1.182566523551941,89.80590442015985,79.97064100473006,79.79122492252488,81.90979957580566,82.8693924808051,1231.8376483917236,3.240009069442749,0.5,0.005,256,lr_0.005_hc_256
380,5.187098503112793,1.9232628345489502,0.4948515295982361,1.5990879535675049,1.1698960065841675,89.21872451476105,79.88908824009134,79.64442994617518,83.8640570640564,83.15407494127098,1235.1856751441956,3.1520819664001465,0.5,0.005,256,lr_0.005_hc_256
381,5.156500816345215,1.9373950958251953,0.4879949986934662,1.595450758934021,1.1356604099273682,89.46338280867721,79.79122492252488,80.06850432229653,81.79740905761719,82.78013027777895,1238.5064375400543,3.164741039276123,0.5,0.005,256,lr_0.005_hc_256
382,5.158161640167236,1.927146077156067,0.4755595028400421,1.6059268712997437,1.1495290994644165,89.54493557331593,79.74229326374164,80.37840482792366,81.47838115692139,82.78600370547566,1241.8291325569153,3.1697299480438232,0.5,0.005,256,lr_0.005_hc_256
383,5.147714138031006,1.8795490264892578,0.48162078857421875,1.6295195817947388,1.1570247411727905,89.30027727939978,79.51394552275323,79.80753547545262,82.17452764511108,82.69907148067918,1245.1956858634949,3.2175865173339844,0.5,0.005,256,lr_0.005_hc_256
384,5.216442108154297,2.0265681743621826,0.48620614409446716,1.6206226348876953,1.0830450057983398,89.69173054966564,79.8727776871636,80.867721415756,80.80562353134155,82.8094632959817,1248.511278629303,3.165863513946533,0.5,0.005,256,lr_0.005_hc_256
385,5.074653625488281,1.8276423215866089,0.4683857262134552,1.6378968954086304,1.1407285928726196,89.54493557331593,79.70967215788616,79.95433045180232,82.52772092819214,82.93416477779914,1251.7432096004486,3.077990770339966,0.5,0.005,256,lr_0.005_hc_256
386,5.036637306213379,1.8560826778411865,0.4822492301464081,1.6281484365463257,1.0701572895050049,88.84358179742293,79.56287718153645,80.34578372206818,81.88702464103699,82.65981683551612,1255.0312702655792,3.1257081031799316,0.5,0.005,256,lr_0.005_hc_256
387,5.094085216522217,1.8602294921875,0.48611271381378174,1.6233915090560913,1.1243516206741333,89.12086119719459,79.33452944054802,80.00326211058555,82.20911026000977,82.66694075208449,1258.3710572719574,3.1874191761016846,0.5,0.005,256,lr_0.005_hc_256
388,5.073379993438721,1.8695509433746338,0.4698804020881653,1.6018257141113281,1.1321231126785278,89.72435165552112,79.44870331104225,79.59549828739195,80.42467832565308,82.2983078949021,1261.677482366562,3.145547389984131,0.5,0.005,256,lr_0.005_hc_256
389,5.075952529907227,1.8449333906173706,0.49768224358558655,1.635874629020691,1.0974624156951904,89.10455064426685,79.07356059370413,80.21529929864623,83.16184282302856,82.88881333991144,1264.963282585144,3.1302123069763184,0.5,0.005,256,lr_0.005_hc_256
390,5.152764320373535,1.8917033672332764,0.49156805872917175,1.6320778131484985,1.137414813041687,88.9414451149894,79.399771652259,80.24792040450171,81.10025525093079,82.42234810567022,1268.2052221298218,3.089921712875366,0.5,0.005,256,lr_0.005_hc_256
391,5.1575026512146,1.8874475955963135,0.4829798936843872,1.6084944009780884,1.1785807609558105,88.85989235035068,79.88908824009134,79.69336160495841,82.77922868728638,82.8053927206717,1271.475584745407,3.1221165657043457,0.5,0.005,256,lr_0.005_hc_256
392,5.19638204574585,1.8975406885147095,0.45833685994148254,1.6568922996520996,1.1836122274398804,89.54493557331593,78.8452128527157,80.08481487522428,81.98381066322327,82.6146934911198,1274.9794192314148,3.3487207889556885,0.5,0.005,256,lr_0.005_hc_256
393,5.134542465209961,1.8811613321304321,0.47155648469924927,1.6052289009094238,1.1765955686569214,89.49600391453271,79.4323927581145,79.95433045180232,82.59613513946533,82.86971556597871,1278.2561831474304,3.1263554096221924,0.5,0.005,256,lr_0.005_hc_256
394,5.144549369812012,1.8823426961898804,0.4789108335971832,1.6225258111953735,1.160770058631897,89.44707225574948,79.23666612298157,79.67705105203066,82.50468373298645,82.71636829093706,1281.4894721508026,3.0861334800720215,0.5,0.005,256,lr_0.005_hc_256
395,5.206663131713867,1.9648007154464722,0.46800920367240906,1.6276651620864868,1.1461880207061768,89.6427988908824,79.0246289349209,80.16636763986298,80.75802326202393,82.39795468192256,1284.7450785636902,3.095564603805542,0.5,0.005,256,lr_0.005_hc_256
396,5.069180965423584,1.813979983329773,0.5006529688835144,1.6298161745071411,1.1247321367263794,89.2350350676888,79.38346109933127,80.63937367476758,82.63194561004639,82.9724538629585,1287.989143371582,3.089343309402466,0.5,0.005,256,lr_0.005_hc_256
397,5.081082820892334,1.8656904697418213,0.48733261227607727,1.6302729845046997,1.0977870225906372,88.95775566791714,79.08987114663188,81.17762192138314,81.98283910751343,82.8020219608614,1291.461802482605,3.314291000366211,0.5,0.005,256,lr_0.005_hc_256
398,5.082812309265137,1.9306941032409668,0.4701788127422333,1.6195170879364014,1.0624220371246338,89.65910944381015,79.1388028054151,81.07975860381667,83.13131928443909,83.25224753437026,1294.8016617298126,3.190812826156616,0.5,0.005,256,lr_0.005_hc_256
399,5.209353923797607,1.9640471935272217,0.48377519845962524,1.6446253061294556,1.1169060468673706,89.41445114989398,78.61686511172728,80.75354754526178,80.89610934257507,82.42024328736453,1298.1243240833282,3.1772971153259277,0.5,0.005,256,lr_0.005_hc_256
400,5.1791090965271,1.9496605396270752,0.4708879888057709,1.6451040506362915,1.1134566068649292,89.26765617354428,79.04093948784863,80.73723699233403,81.62517547607422,82.6677520324503,1301.3151400089264,3.0408365726470947,0.5,0.005,256,lr_0.005_hc_256
