epochs,losses,accuracies,cumulative_time_seconds,epoch_time_seconds
1,32.71178436279297,,0.07176446914672852,0.07176446914672852
2,30.584857940673828,,0.12487673759460449,0.026660680770874023
3,29.30423355102539,,0.16211485862731934,0.024935245513916016
4,28.47489356994629,,0.20036602020263672,0.025240421295166016
5,27.96326446533203,,0.23734545707702637,0.025098562240600586
6,27.74729347229004,,0.27510499954223633,0.026107311248779297
7,27.510787963867188,,0.3130156993865967,0.025201082229614258
8,27.325170516967773,,0.35053014755249023,0.025766849517822266
9,27.18630027770996,,0.3868999481201172,0.023514509201049805
10,26.989086151123047,,0.424816370010376,0.024406909942626953
11,26.835569381713867,,0.4611046314239502,0.02354717254638672
12,26.736793518066406,,0.5004403591156006,0.02472066879272461
13,26.65650177001953,,0.538189172744751,0.026180505752563477
14,26.621349334716797,,0.5775563716888428,0.02673196792602539
15,26.538284301757812,,0.6133716106414795,0.023808002471923828
16,26.442720413208008,,0.6509921550750732,0.02433609962463379
17,26.438045501708984,,0.6890354156494141,0.025319337844848633
18,26.308311462402344,,0.72580885887146,0.023262977600097656
19,26.221908569335938,,0.7631990909576416,0.023121118545532227
20,26.18338966369629,,0.8000240325927734,0.024714231491088867
21,26.174848556518555,,0.8380880355834961,0.026521682739257812
22,26.09467887878418,,0.8776130676269531,0.026890039443969727
23,26.047367095947266,,0.9154970645904541,0.024808883666992188
24,26.057125091552734,,0.9554719924926758,0.026147127151489258
25,25.909406661987305,,0.9941601753234863,0.026082515716552734
26,25.9234676361084,,1.0334489345550537,0.026223421096801758
27,25.86098861694336,,1.0705013275146484,0.024962663650512695
28,25.848731994628906,,1.1071734428405762,0.025949716567993164
29,25.832441329956055,,1.1429259777069092,0.023209095001220703
30,25.73338508605957,,1.182654857635498,0.026523113250732422
31,25.688146591186523,,1.218559980392456,0.022896528244018555
32,25.64525604248047,,1.256577730178833,0.024135112762451172
33,25.6357421875,,1.2930595874786377,0.023947715759277344
34,25.584224700927734,,1.3305883407592773,0.024249553680419922
35,25.57299041748047,,1.3677899837493896,0.0246429443359375
36,25.527114868164062,,1.4041011333465576,0.024578571319580078
37,25.47633934020996,,1.4411687850952148,0.023885250091552734
38,25.413644790649414,,1.4781479835510254,0.024118900299072266
39,25.443626403808594,,1.5138776302337646,0.02398204803466797
40,25.36399269104004,,1.5518596172332764,0.02432727813720703
41,25.288230895996094,,1.5886199474334717,0.02371692657470703
42,25.268341064453125,,1.6261708736419678,0.02378225326538086
43,25.23038101196289,,1.662813663482666,0.023942232131958008
44,25.21856117248535,,1.7005383968353271,0.02458047866821289
45,25.13971710205078,,1.7363059520721436,0.02379918098449707
46,25.11795425415039,,1.7732245922088623,0.024162769317626953
47,25.063875198364258,,1.8104004859924316,0.025690793991088867
48,24.970823287963867,,1.846632957458496,0.02450847625732422
49,24.949790954589844,,1.8853466510772705,0.02539682388305664
50,24.925512313842773,,1.9230144023895264,0.025090456008911133
51,24.8812255859375,,1.9624302387237549,0.025817394256591797
52,24.79669952392578,,2.000742197036743,0.02529621124267578
53,24.747032165527344,,2.0388131141662598,0.026746273040771484
54,24.694744110107422,,2.074725389480591,0.02418684959411621
55,24.612686157226562,,2.1119179725646973,0.02391362190246582
56,24.543865203857422,,2.1490018367767334,0.02435445785522461
57,24.5328369140625,,2.186893939971924,0.026130199432373047
58,24.432580947875977,,2.223684310913086,0.02321648597717285
59,24.38427734375,,2.260918140411377,0.02398395538330078
60,24.29263687133789,,2.297689914703369,0.024201393127441406
61,24.185035705566406,,2.3336167335510254,0.023349761962890625
62,24.158157348632812,,2.3709707260131836,0.024213075637817383
63,24.077983856201172,,2.406522512435913,0.023258447647094727
64,23.98592758178711,,2.444959878921509,0.025928020477294922
65,23.922199249267578,,2.4834089279174805,0.024664878845214844
66,23.763744354248047,,2.523359775543213,0.0258028507232666
67,23.704139709472656,,2.5620193481445312,0.025175094604492188
68,23.57390785217285,,2.600799322128296,0.02577519416809082
69,23.566999435424805,,2.637685537338257,0.024881601333618164
70,23.492977142333984,,2.67703914642334,0.026756763458251953
71,23.353164672851562,,2.7136847972869873,0.023637771606445312
72,23.22114372253418,,2.7519023418426514,0.02434086799621582
73,23.180002212524414,,2.7914979457855225,0.028029441833496094
74,23.080825805664062,,2.8290624618530273,0.02578902244567871
75,22.927528381347656,,2.86765193939209,0.02508687973022461
76,22.74207305908203,,2.9064104557037354,0.030256986618041992
77,22.65705108642578,,2.945817232131958,0.026929378509521484
78,22.546663284301758,,2.983510971069336,0.02483224868774414
79,22.405366897583008,,3.0228097438812256,0.025145769119262695
80,22.29631996154785,,3.061967134475708,0.024989843368530273
81,22.1773681640625,,3.1006689071655273,0.02569746971130371
82,21.995262145996094,,3.1380062103271484,0.024834632873535156
83,21.889469146728516,,3.1770293712615967,0.026424884796142578
84,21.71507453918457,,3.217125415802002,0.026312589645385742
85,21.658119201660156,,3.2578094005584717,0.02765202522277832
86,21.492956161499023,,3.2932026386260986,0.02282261848449707
87,21.364227294921875,,3.3304808139801025,0.023142576217651367
88,21.196176528930664,,3.3687570095062256,0.024767398834228516
89,20.933748245239258,,3.4074525833129883,0.02650761604309082
90,20.883506774902344,,3.4458324909210205,0.025879383087158203
91,20.650104522705078,,3.4829981327056885,0.023703813552856445
92,20.595447540283203,,3.5226190090179443,0.025645732879638672
93,20.458602905273438,,3.561222791671753,0.025596141815185547
94,20.357934951782227,,3.5972728729248047,0.02354717254638672
95,20.253520965576172,,3.6354594230651855,0.026179790496826172
96,19.986879348754883,,3.673158884048462,0.02498006820678711
97,19.829864501953125,,3.7126688957214355,0.02662062644958496
98,19.686967849731445,,3.7513349056243896,0.02544569969177246
99,19.62311553955078,,3.788973093032837,0.023630380630493164
100,19.389537811279297,0.2083742141723633,3.8327414989471436,0.0312654972076416
101,19.27539825439453,,3.8695075511932373,0.023596763610839844
102,19.04031753540039,,3.9075636863708496,0.025347232818603516
103,19.007186889648438,,3.9447574615478516,0.024756669998168945
104,18.82024383544922,,3.982414484024048,0.02608656883239746
105,18.583576202392578,,4.019715309143066,0.023775339126586914
106,18.588062286376953,,4.056888103485107,0.023642539978027344
107,18.403932571411133,,4.0952982902526855,0.025866270065307617
108,18.224205017089844,,4.134826421737671,0.025946855545043945
109,18.01388168334961,,4.173430681228638,0.026327848434448242
110,18.027416229248047,,4.209606409072876,0.023498058319091797
111,17.68436050415039,,4.247945785522461,0.02586221694946289
112,17.602754592895508,,4.284502029418945,0.023552656173706055
113,17.51805877685547,,4.32175350189209,0.02318882942199707
114,17.24687957763672,,4.359071731567383,0.024313688278198242
115,17.192447662353516,,4.397154331207275,0.02557969093322754
116,17.149763107299805,,4.435950040817261,0.026890993118286133
117,17.039470672607422,,4.4757513999938965,0.02691793441772461
118,16.838266372680664,,4.514681816101074,0.026296615600585938
119,16.65459442138672,,4.553916692733765,0.0258331298828125
120,16.603971481323242,,4.590219974517822,0.023293018341064453
121,16.459007263183594,,4.627911567687988,0.024087190628051758
122,16.396656036376953,,4.665078639984131,0.02462315559387207
123,16.183055877685547,,4.703038692474365,0.025088787078857422
124,16.217018127441406,,4.739166259765625,0.02406454086303711
125,15.888482093811035,,4.778101205825806,0.025762081146240234
126,15.784072875976562,,4.816392660140991,0.025658845901489258
127,15.729183197021484,,4.8560240268707275,0.025538921356201172
128,15.55828857421875,,4.896136283874512,0.026604175567626953
129,15.365757942199707,,4.932342290878296,0.025860071182250977
130,15.333669662475586,,4.9682228565216064,0.02460193634033203
131,15.216652870178223,,5.0060789585113525,0.0254518985748291
132,15.183177947998047,,5.042985916137695,0.024083852767944336
133,15.013044357299805,,5.078725814819336,0.023880958557128906
134,14.836390495300293,,5.115978002548218,0.02392721176147461
135,14.78419303894043,,5.154922962188721,0.025914430618286133
136,14.65843391418457,,5.192551374435425,0.024113893508911133
137,14.701238632202148,,5.229811906814575,0.024252891540527344
138,14.510574340820312,,5.266499280929565,0.024184465408325195
139,14.411727905273438,,5.304759740829468,0.025539398193359375
140,14.27812671661377,,5.3415045738220215,0.024019241333007812
141,14.208861351013184,,5.377820253372192,0.022815942764282227
142,14.086653709411621,,5.4150800704956055,0.023516178131103516
143,13.963582992553711,,5.451724290847778,0.023118972778320312
144,13.886445999145508,,5.490442276000977,0.02528977394104004
145,13.825458526611328,,5.528266191482544,0.024320602416992188
146,13.736419677734375,,5.5648698806762695,0.02410125732421875
147,13.651888847351074,,5.603535175323486,0.02688288688659668
148,13.715948104858398,,5.640563249588013,0.024387836456298828
149,13.5237455368042,,5.677778720855713,0.0246889591217041
150,13.476826667785645,,5.717148780822754,0.025550127029418945
151,13.383723258972168,,5.75334095954895,0.02368903160095215
152,13.236139297485352,,5.790559768676758,0.023203372955322266
153,13.266164779663086,,5.82835841178894,0.024295568466186523
154,13.10938549041748,,5.864977836608887,0.023116588592529297
155,13.150739669799805,,5.903946161270142,0.025977611541748047
156,13.016202926635742,,5.941155910491943,0.02414870262145996
157,12.869943618774414,,5.980401515960693,0.02661919593811035
158,12.79603099822998,,6.019826173782349,0.026882171630859375
159,12.876014709472656,,6.057079315185547,0.024691104888916016
160,12.711435317993164,,6.096356153488159,0.025768280029296875
161,12.656187057495117,,6.133830785751343,0.024893760681152344
162,12.587139129638672,,6.172947883605957,0.027742385864257812
163,12.483515739440918,,6.211714744567871,0.026229381561279297
164,12.460420608520508,,6.250377178192139,0.0256803035736084
165,12.410959243774414,,6.288667440414429,0.02468419075012207
166,12.383233070373535,,6.330261468887329,0.02968907356262207
167,12.363070487976074,,6.367480993270874,0.024602651596069336
168,12.194341659545898,,6.403241157531738,0.023371219635009766
169,12.1964111328125,,6.44006609916687,0.024165630340576172
170,12.014768600463867,,6.47712779045105,0.024358749389648438
171,12.029499053955078,,6.5157670974731445,0.02671647071838379
172,11.974992752075195,,6.555473327636719,0.026731252670288086
173,11.947975158691406,,6.59363317489624,0.025587797164916992
174,11.95780086517334,,6.630842685699463,0.024068355560302734
175,11.840774536132812,,6.6684629917144775,0.02605438232421875
176,11.816831588745117,,6.707604169845581,0.025669574737548828
177,11.801796913146973,,6.743410348892212,0.02329564094543457
178,11.71312427520752,,6.781126260757446,0.023279666900634766
179,11.635917663574219,,6.8198082447052,0.0260009765625
180,11.590059280395508,,6.85694146156311,0.02364325523376465
181,11.603658676147461,,6.894757509231567,0.024311304092407227
182,11.446722030639648,,6.930600643157959,0.023332595825195312
183,11.372983932495117,,6.969825744628906,0.026021718978881836
184,11.429786682128906,,7.007148504257202,0.024554729461669922
185,11.372980117797852,,7.04548192024231,0.026547670364379883
186,11.35028076171875,,7.081676244735718,0.023398399353027344
187,11.226014137268066,,7.118420600891113,0.02307438850402832
188,11.18164348602295,,7.155770540237427,0.023873567581176758
189,11.15711784362793,,7.193396806716919,0.024117469787597656
190,11.152201652526855,,7.231251239776611,0.02584362030029297
191,11.091777801513672,,7.2674665451049805,0.024135112762451172
192,11.071371078491211,,7.306011438369751,0.025846481323242188
193,11.027063369750977,,7.344970464706421,0.026151657104492188
194,10.880041122436523,,7.383288860321045,0.025383949279785156
195,10.931800842285156,,7.420042991638184,0.0232388973236084
196,10.963481903076172,,7.457277536392212,0.023736238479614258
197,10.852476119995117,,7.495514154434204,0.024763822555541992
198,10.784381866455078,,7.533101320266724,0.02407383918762207
199,10.793561935424805,,7.568825006484985,0.023221731185913086
200,10.696369171142578,0.6083041787147522,7.608953475952148,0.027144908905029297
201,10.61977767944336,,7.647233486175537,0.025834083557128906
202,10.641619682312012,,7.683935165405273,0.022355318069458008
203,10.647951126098633,,7.721580982208252,0.023908138275146484
204,10.517786026000977,,7.761310338973999,0.026541471481323242
205,10.516161918640137,,7.798115491867065,0.024263858795166016
206,10.53661823272705,,7.833340167999268,0.02268362045288086
207,10.503167152404785,,7.870818853378296,0.02446460723876953
208,10.402558326721191,,7.910134553909302,0.026691436767578125
209,10.427339553833008,,7.945811986923218,0.023705720901489258
210,10.328473091125488,,7.982521057128906,0.02312493324279785
211,10.372922897338867,,8.021200895309448,0.025620460510253906
212,10.237897872924805,,8.058134317398071,0.024359941482543945
213,10.252307891845703,,8.09363079071045,0.022925376892089844
214,10.245223045349121,,8.131858825683594,0.02410149574279785
215,10.244306564331055,,8.167405843734741,0.023983001708984375
216,10.165390014648438,,8.203867197036743,0.023926973342895508
217,10.185371398925781,,8.2410249710083,0.024643421173095703
218,10.129497528076172,,8.2793607711792,0.025615453720092773
219,10.168438911437988,,8.317158699035645,0.023793697357177734
220,10.041099548339844,,8.356828212738037,0.025875329971313477
221,10.043376922607422,,8.393245697021484,0.022914886474609375
222,10.019941329956055,,8.430633068084717,0.024373769760131836
223,10.017127990722656,,8.466084718704224,0.02288961410522461
224,9.968168258666992,,8.50253677368164,0.02394866943359375
225,9.93844985961914,,8.54185700416565,0.026812076568603516
226,9.900016784667969,,8.577278852462769,0.023729562759399414
227,9.8460111618042,,8.613835573196411,0.023546457290649414
228,9.882796287536621,,8.650550842285156,0.022136926651000977
229,9.79727554321289,,8.69058632850647,0.02559661865234375
230,9.770013809204102,,8.727078914642334,0.02391958236694336
231,9.751296997070312,,8.763835191726685,0.023385047912597656
232,9.71681022644043,,8.800663948059082,0.024679899215698242
233,9.714847564697266,,8.83853793144226,0.026759624481201172
234,9.585430145263672,,8.875306844711304,0.023601293563842773
235,9.653694152832031,,8.911481142044067,0.022426843643188477
236,9.58725357055664,,8.949054956436157,0.024291515350341797
237,9.678949356079102,,8.988443851470947,0.02669382095336914
238,9.538028717041016,,9.026957750320435,0.02633190155029297
239,9.461010932922363,,9.063332557678223,0.024193286895751953
240,9.477022171020508,,9.102089166641235,0.025741100311279297
241,9.503992080688477,,9.14056921005249,0.02547478675842285
242,9.396207809448242,,9.178363561630249,0.028192996978759766
243,9.441702842712402,,9.214937448501587,0.023063182830810547
244,9.41372013092041,,9.253509044647217,0.02521061897277832
245,9.373671531677246,,9.291153192520142,0.02362847328186035
246,9.376514434814453,,9.327351808547974,0.023436784744262695
247,9.35091495513916,,9.367547750473022,0.026687145233154297
248,9.278114318847656,,9.406225442886353,0.02609562873840332
249,9.312675476074219,,9.445196151733398,0.026468515396118164
250,9.195128440856934,,9.481096506118774,0.023142337799072266
251,9.191486358642578,,9.517913579940796,0.023810863494873047
252,9.180076599121094,,9.556673288345337,0.024933338165283203
253,9.18012809753418,,9.595892429351807,0.025157928466796875
254,9.152274131774902,,9.631935834884644,0.023313283920288086
255,9.088499069213867,,9.668098211288452,0.023081541061401367
256,9.083003044128418,,9.705167055130005,0.025560855865478516
257,9.033685684204102,,9.743338823318481,0.028367280960083008
258,9.027924537658691,,9.782623529434204,0.024987459182739258
259,9.066341400146484,,9.82239031791687,0.026253223419189453
260,9.011241912841797,,9.861111879348755,0.026321887969970703
261,9.008674621582031,,9.898551225662231,0.024937152862548828
262,8.973755836486816,,9.937098503112793,0.02512979507446289
263,8.950650215148926,,9.976560831069946,0.02686786651611328
264,8.929841995239258,,10.013801336288452,0.02473759651184082
265,8.843018531799316,,10.05044174194336,0.023283958435058594
266,8.895283699035645,,10.088712692260742,0.0246732234954834
267,8.818225860595703,,10.128456115722656,0.02576136589050293
268,8.787498474121094,,10.165831327438354,0.0248720645904541
269,8.774772644042969,,10.202846050262451,0.024416446685791016
270,8.754219055175781,,10.240365743637085,0.02450704574584961
271,8.784444808959961,,10.278812170028687,0.025688886642456055
272,8.6672945022583,,10.31646180152893,0.024645090103149414
273,8.734888076782227,,10.353518009185791,0.023143768310546875
274,8.605043411254883,,10.391950607299805,0.025293350219726562
275,8.691675186157227,,10.429238319396973,0.02327442169189453
276,8.648347854614258,,10.46591067314148,0.0241696834564209
277,8.571881294250488,,10.50307846069336,0.02367377281188965
278,8.569169998168945,,10.53948163986206,0.024398326873779297
279,8.585427284240723,,10.578738927841187,0.026487112045288086
280,8.52845573425293,,10.614917039871216,0.023173093795776367
281,8.52492904663086,,10.653874635696411,0.02561044692993164
282,8.559107780456543,,10.689967155456543,0.023081302642822266
283,8.438542366027832,,10.728424072265625,0.024443387985229492
284,8.456625938415527,,10.763389348983765,0.02335643768310547
285,8.372489929199219,,10.801210165023804,0.02467799186706543
286,8.467297554016113,,10.838373899459839,0.025623083114624023
287,8.395694732666016,,10.8757803440094,0.024790287017822266
288,8.302671432495117,,10.9113028049469,0.022795677185058594
289,8.386743545532227,,10.950554132461548,0.025179624557495117
290,8.271915435791016,,10.986979007720947,0.02382683753967285
291,8.342002868652344,,11.023492574691772,0.02321624755859375
292,8.297809600830078,,11.060076236724854,0.022370338439941406
293,8.2911376953125,,11.097866773605347,0.02428722381591797
294,8.198404312133789,,11.134651899337769,0.02428293228149414
295,8.22220516204834,,11.172632932662964,0.025842905044555664
296,8.192380905151367,,11.209149599075317,0.02376842498779297
297,8.163129806518555,,11.2459237575531,0.023088455200195312
298,8.189008712768555,,11.282917737960815,0.02310967445373535
299,8.167900085449219,,11.31989336013794,0.023275375366210938
300,8.107357025146484,0.8054131984710693,11.359626770019531,0.025881052017211914
301,8.067119598388672,,11.395617723464966,0.023426055908203125
302,8.054272651672363,,11.431679010391235,0.023454904556274414
303,8.039579391479492,,11.46850323677063,0.02372574806213379
304,8.051865577697754,,11.505002737045288,0.023937463760375977
305,8.008122444152832,,11.542022943496704,0.024445295333862305
306,8.027384757995605,,11.577705383300781,0.0228424072265625
307,7.960068225860596,,11.614920139312744,0.023825407028198242
308,7.962139129638672,,11.651780366897583,0.023452281951904297
309,7.880232810974121,,11.688020467758179,0.02313399314880371
310,7.929582595825195,,11.724925756454468,0.022753238677978516
311,7.906569957733154,,11.76258373260498,0.024359464645385742
312,7.862192630767822,,11.800106763839722,0.02543926239013672
313,7.841139316558838,,11.837402820587158,0.026711225509643555
314,7.842717170715332,,11.87395715713501,0.023984909057617188
315,7.783090114593506,,11.910214900970459,0.022961854934692383
316,7.798401832580566,,11.950767278671265,0.026963472366333008
317,7.789832592010498,,11.98749852180481,0.025041818618774414
318,7.789569854736328,,12.027737140655518,0.02613520622253418
319,7.736794948577881,,12.065060138702393,0.025782346725463867
320,7.747546195983887,,12.103209972381592,0.025526762008666992
321,7.8092851638793945,,12.14183497428894,0.025889873504638672
322,7.658266067504883,,12.180790901184082,0.0257108211517334
323,7.733227729797363,,12.216533899307251,0.022735595703125
324,7.679256916046143,,12.25478744506836,0.02443838119506836
325,7.61694860458374,,12.292086362838745,0.023441553115844727
326,7.650349140167236,,12.330873012542725,0.02495408058166504
327,7.628322601318359,,12.369025468826294,0.025649309158325195
328,7.591117858886719,,12.407371759414673,0.02570199966430664
329,7.547144889831543,,12.447016954421997,0.027142763137817383
330,7.564340114593506,,12.485131978988647,0.030403852462768555
331,7.5741987228393555,,12.52399492263794,0.025228261947631836
332,7.5414581298828125,,12.560108661651611,0.0231935977935791
333,7.5036725997924805,,12.597892761230469,0.02427530288696289
334,7.528316497802734,,12.634618520736694,0.024222850799560547
335,7.440020561218262,,12.673473834991455,0.02671504020690918
336,7.4705705642700195,,12.70883297920227,0.023255348205566406
337,7.450076103210449,,12.745216131210327,0.023874282836914062
338,7.404017925262451,,12.776890277862549,0.018676042556762695
339,7.438014507293701,,12.820842027664185,0.023550033569335938
340,7.397200107574463,,12.857432842254639,0.024067401885986328
341,7.354895114898682,,12.896214723587036,0.02527332305908203
342,7.379540920257568,,12.93494725227356,0.026267051696777344
343,7.3339104652404785,,12.97338604927063,0.026308298110961914
344,7.363631248474121,,13.010766983032227,0.024492740631103516
345,7.3539299964904785,,13.050328731536865,0.025414705276489258
346,7.310994625091553,,13.088740825653076,0.025715112686157227
347,7.299661636352539,,13.126422882080078,0.02367711067199707
348,7.2474284172058105,,13.162670850753784,0.02352762222290039
349,7.245107650756836,,13.201557874679565,0.024874210357666016
350,7.243592739105225,,13.240050554275513,0.026921987533569336
351,7.224911212921143,,13.278437852859497,0.025578975677490234
352,7.1757893562316895,,13.317097187042236,0.025186538696289062
353,7.136386871337891,,13.355140447616577,0.024210214614868164
354,7.146754741668701,,13.392936706542969,0.024189233779907227
355,7.135087966918945,,13.431587934494019,0.025139331817626953
356,7.125420570373535,,13.470895767211914,0.02713799476623535
357,7.130064487457275,,13.508918762207031,0.02538299560546875
358,7.0922393798828125,,13.548004388809204,0.02623462677001953
359,7.056882858276367,,13.584721565246582,0.023771047592163086
360,7.056954860687256,,13.623428106307983,0.025071144104003906
361,7.067750453948975,,13.659952640533447,0.023370027542114258
362,7.012052536010742,,13.697987079620361,0.024526357650756836
363,7.012139797210693,,13.734825134277344,0.025019168853759766
364,7.036203861236572,,13.772212266921997,0.025103092193603516
365,6.970542907714844,,13.810181617736816,0.026903390884399414
366,6.977545738220215,,13.84662914276123,0.0244290828704834
367,6.97772216796875,,13.88338327407837,0.02324199676513672
368,6.964043617248535,,13.920124292373657,0.023096084594726562
369,6.933297157287598,,13.957727432250977,0.024078369140625
370,6.921201229095459,,13.993969440460205,0.023671388626098633
371,6.935633182525635,,14.031024694442749,0.023874521255493164
372,6.872878551483154,,14.06864619255066,0.024602890014648438
373,6.850193977355957,,14.1051344871521,0.02438187599182129
374,6.85396671295166,,14.141696453094482,0.024174928665161133
375,6.8054399490356445,,14.177993535995483,0.023173093795776367
376,6.784865379333496,,14.214651107788086,0.023706436157226562
377,6.784115314483643,,14.251478672027588,0.023202896118164062
378,6.830670356750488,,14.288716793060303,0.023108243942260742
379,6.767525672912598,,14.325857162475586,0.0239560604095459
380,6.767719745635986,,14.362853050231934,0.02342510223388672
381,6.769791603088379,,14.399152755737305,0.024087190628051758
382,6.748546123504639,,14.436102867126465,0.02486562728881836
383,6.752445697784424,,14.472315073013306,0.023404598236083984
384,6.651486396789551,,14.508795738220215,0.024116039276123047
385,6.672464847564697,,14.545602321624756,0.023717403411865234
386,6.6409502029418945,,14.581798553466797,0.02252817153930664
387,6.6293511390686035,,14.619462013244629,0.023433446884155273
388,6.602356910705566,,14.65569257736206,0.023792505264282227
389,6.644949913024902,,14.692503213882446,0.02293229103088379
390,6.630599021911621,,14.728829383850098,0.023099184036254883
391,6.584280014038086,,14.765005350112915,0.023703336715698242
392,6.627629280090332,,14.800733089447021,0.023546695709228516
393,6.59751558303833,,14.837057828903198,0.02305769920349121
394,6.550564765930176,,14.874925374984741,0.025313615798950195
395,6.553602695465088,,14.910108089447021,0.022649288177490234
396,6.525932312011719,,14.946919918060303,0.023856639862060547
397,6.525062084197998,,14.983522653579712,0.022859811782836914
398,6.477290153503418,,15.020734310150146,0.023734331130981445
399,6.46019172668457,,15.056873321533203,0.023721933364868164
400,6.488248825073242,0.9036784648895264,15.097866296768188,0.027394771575927734
401,6.453486919403076,,15.135479211807251,0.026034116744995117
402,6.4256696701049805,,15.172939538955688,0.02461862564086914
403,6.438440322875977,,15.208863973617554,0.02330493927001953
404,6.392217636108398,,15.245002508163452,0.023372888565063477
405,6.429419040679932,,15.282111406326294,0.023754119873046875
406,6.405487060546875,,15.318554639816284,0.022762060165405273
407,6.374957084655762,,15.356152534484863,0.02344489097595215
408,6.337574005126953,,15.392884016036987,0.023163557052612305
409,6.32889461517334,,15.429918766021729,0.023331165313720703
410,6.291818141937256,,15.46601414680481,0.023468971252441406
411,6.344891548156738,,15.502061367034912,0.02368021011352539
412,6.301241874694824,,15.538360357284546,0.023632287979125977
413,6.286673069000244,,15.57499623298645,0.0238492488861084
414,6.251911163330078,,15.613553285598755,0.025183439254760742
415,6.307435989379883,,15.651246309280396,0.026266813278198242
416,6.193109035491943,,15.690505266189575,0.026791095733642578
417,6.269181728363037,,15.726205110549927,0.02311110496520996
418,6.213183403015137,,15.76305866241455,0.022725343704223633
419,6.196661472320557,,15.79923701286316,0.023385047912597656
420,6.261476516723633,,15.835983753204346,0.024244308471679688
421,6.221822738647461,,15.871675252914429,0.023053407669067383
422,6.130528450012207,,15.9091215133667,0.025598526000976562
423,6.15069580078125,,15.945882797241211,0.024801254272460938
424,6.166729927062988,,15.981019020080566,0.02263641357421875
425,6.175535202026367,,16.017438173294067,0.022505998611450195
426,6.110276222229004,,16.057342529296875,0.02548527717590332
427,6.089711666107178,,16.096773147583008,0.025926828384399414
428,6.109375,,16.135486125946045,0.026211023330688477
429,6.081600189208984,,16.17230463027954,0.02507305145263672
430,5.993941783905029,,16.210837602615356,0.025735139846801758
431,6.037906169891357,,16.247077703475952,0.023898839950561523
432,6.000377655029297,,16.287474870681763,0.026127338409423828
433,6.017673492431641,,16.32582926750183,0.024796009063720703
434,6.03150749206543,,16.36182975769043,0.023355722427368164
435,6.01805305480957,,16.398863554000854,0.023874759674072266
436,6.054687976837158,,16.437224626541138,0.025961637496948242
437,5.982036113739014,,16.47537326812744,0.025646686553955078
438,5.971874237060547,,16.52408003807068,0.03738737106323242
439,5.947383403778076,,16.56287670135498,0.02927708625793457
440,5.963857650756836,,16.59978151321411,0.024799346923828125
441,5.9426727294921875,,16.637550830841064,0.026040077209472656
442,5.929995536804199,,16.674825191497803,0.025348424911499023
443,5.893827438354492,,16.710774183273315,0.024240970611572266
444,5.895722389221191,,16.751548051834106,0.026757240295410156
445,5.897529602050781,,16.78913164138794,0.02604222297668457
446,5.836120128631592,,16.826765775680542,0.024131059646606445
447,5.924069404602051,,16.86504364013672,0.024774789810180664
448,5.840325832366943,,16.903929471969604,0.02599024772644043
449,5.833789825439453,,16.941646814346313,0.0255277156829834
450,5.8014631271362305,,16.980695009231567,0.025861740112304688
451,5.784036636352539,,17.01882243156433,0.027094125747680664
452,5.814908027648926,,17.057621955871582,0.025863170623779297
453,5.801666259765625,,17.096376419067383,0.025911331176757812
454,5.746844291687012,,17.13554811477661,0.0266416072845459
455,5.786919593811035,,17.17207098007202,0.02379131317138672
456,5.727006912231445,,17.20978307723999,0.024820327758789062
457,5.712671279907227,,17.247055768966675,0.025293588638305664
458,5.759594917297363,,17.28464913368225,0.023630619049072266
459,5.674984931945801,,17.324899435043335,0.027089357376098633
460,5.687299728393555,,17.3626868724823,0.025305509567260742
461,5.692801475524902,,17.402648448944092,0.026674509048461914
462,5.6299848556518555,,17.439127445220947,0.02439594268798828
463,5.643379211425781,,17.47754955291748,0.025647878646850586
464,5.5912628173828125,,17.513232946395874,0.023659944534301758
465,5.666149139404297,,17.551015377044678,0.023137807846069336
466,5.646653652191162,,17.58730459213257,0.02378702163696289
467,5.629225254058838,,17.626150846481323,0.02527594566345215
468,5.567878246307373,,17.665796756744385,0.0258181095123291
469,5.616040229797363,,17.70222806930542,0.023875713348388672
470,5.561483383178711,,17.739034175872803,0.024355649948120117
471,5.574799060821533,,17.776237726211548,0.024680137634277344
472,5.545798301696777,,17.81247901916504,0.02376556396484375
473,5.550759792327881,,17.849695682525635,0.0238800048828125
474,5.51444673538208,,17.888924837112427,0.026371002197265625
475,5.53145694732666,,17.926639080047607,0.025156259536743164
476,5.497989654541016,,17.963365077972412,0.022792816162109375
477,5.441411972045898,,17.999770164489746,0.023293733596801758
478,5.506618976593018,,18.036372661590576,0.024004220962524414
479,5.482333183288574,,18.072977304458618,0.023880958557128906
480,5.47801399230957,,18.11257004737854,0.02628350257873535
481,5.428046226501465,,18.15025019645691,0.0252382755279541
482,5.449760913848877,,18.18750500679016,0.023737668991088867
483,5.461657524108887,,18.22521162033081,0.02420330047607422
484,5.419289588928223,,18.263466358184814,0.025742292404174805
485,5.418464660644531,,18.301496267318726,0.026019573211669922
486,5.404466152191162,,18.33999991416931,0.025972843170166016
487,5.362422943115234,,18.376476526260376,0.025438785552978516
488,5.370851516723633,,18.414676904678345,0.029573917388916016
489,5.34992790222168,,18.453560829162598,0.025318622589111328
490,5.398107051849365,,18.49093532562256,0.023358821868896484
491,5.334962844848633,,18.531243324279785,0.02654266357421875
492,5.356239318847656,,18.568615674972534,0.024869680404663086
493,5.36040735244751,,18.605822324752808,0.024483680725097656
494,5.312837600708008,,18.64295268058777,0.02462315559387207
495,5.292027473449707,,18.682446002960205,0.02610611915588379
496,5.291123867034912,,18.719072580337524,0.02361893653869629
497,5.264369964599609,,18.75870108604431,0.025847434997558594
498,5.303864479064941,,18.794633865356445,0.022429704666137695
499,5.25720739364624,,18.835654973983765,0.02683711051940918
500,5.29303503036499,0.9397186756134033,18.874898195266724,0.02764296531677246
501,5.193933486938477,,18.910457849502563,0.023787736892700195
502,5.192136764526367,,18.950517416000366,0.026427507400512695
503,5.207233428955078,,18.98791241645813,0.025490760803222656
504,5.198766708374023,,19.02527165412903,0.02370166778564453
505,5.181138038635254,,19.06466007232666,0.025665283203125
506,5.213464736938477,,19.10344672203064,0.026079416275024414
507,5.186257362365723,,19.14074206352234,0.025284290313720703
508,5.1436920166015625,,19.17840075492859,0.02752995491027832
509,5.136259078979492,,19.21463179588318,0.022728443145751953
510,5.109414100646973,,19.25399160385132,0.024869680404663086
511,5.123265266418457,,19.29108762741089,0.023082971572875977
512,5.089978218078613,,19.329540014266968,0.024846792221069336
513,5.123952865600586,,19.36724090576172,0.02422809600830078
514,5.080582141876221,,19.406615257263184,0.02664971351623535
515,5.0918288230896,,19.444652557373047,0.02553534507751465
516,5.123271465301514,,19.480639457702637,0.023520469665527344
517,5.089957237243652,,19.519634246826172,0.024980545043945312
518,5.073668956756592,,19.556134462356567,0.022702693939208984
519,5.0651021003723145,,19.593815326690674,0.024177074432373047
520,5.04618501663208,,19.63147211074829,0.0235140323638916
521,4.993411540985107,,19.669094562530518,0.025119543075561523
522,4.989195346832275,,19.708341360092163,0.02873826026916504
523,5.039156913757324,,19.745909214019775,0.024996280670166016
524,4.980207920074463,,19.78589153289795,0.02564525604248047
525,5.038546085357666,,19.825174570083618,0.02661895751953125
526,4.959183692932129,,19.86295747756958,0.025080204010009766
527,4.9895524978637695,,19.902064323425293,0.026093721389770508
528,4.9502410888671875,,19.938483238220215,0.02381157875061035
529,4.954461097717285,,19.97581386566162,0.024144649505615234
530,4.953529357910156,,20.012507438659668,0.0241854190826416
531,4.917603015899658,,20.048780918121338,0.023144960403442383
532,4.959317684173584,,20.08758282661438,0.02541065216064453
533,4.939088821411133,,20.124784231185913,0.023319244384765625
534,4.914852142333984,,20.16074013710022,0.022774219512939453
535,4.905518531799316,,20.200709342956543,0.025040864944458008
536,4.906022071838379,,20.23767876625061,0.023943185806274414
537,4.876317024230957,,20.2758686542511,0.025096416473388672
538,4.856297492980957,,20.313514947891235,0.02414393424987793
539,4.833540916442871,,20.351325273513794,0.024573087692260742
540,4.873056411743164,,20.389915943145752,0.025891780853271484
541,4.863199234008789,,20.427465200424194,0.025043010711669922
542,4.833284854888916,,20.46535897254944,0.02438497543334961
543,4.855936527252197,,20.50139856338501,0.023223400115966797
544,4.834912300109863,,20.5387864112854,0.023912668228149414
545,4.797610282897949,,20.57584524154663,0.023663997650146484
546,4.826869010925293,,20.612764835357666,0.024187564849853516
547,4.759608268737793,,20.650899410247803,0.02496027946472168
548,4.766811370849609,,20.688103199005127,0.02309560775756836
549,4.806180953979492,,20.724971055984497,0.02323174476623535
550,4.777611255645752,,20.763089656829834,0.024810075759887695
551,4.786175727844238,,20.802115440368652,0.026018142700195312
552,4.76389217376709,,20.839659214019775,0.02503824234008789
553,4.774510383605957,,20.87799382209778,0.02561330795288086
554,4.725411415100098,,20.913554191589355,0.023056983947753906
555,4.774596214294434,,20.950684785842896,0.02493906021118164
556,4.7377777099609375,,20.988051652908325,0.023197412490844727
557,4.759280204772949,,21.02605938911438,0.025327205657958984
558,4.645413398742676,,21.062910318374634,0.023887157440185547
559,4.677367210388184,,21.0997097492218,0.024681806564331055
560,4.624964714050293,,21.137168407440186,0.024858951568603516
561,4.681273460388184,,21.172659635543823,0.023201465606689453
562,4.692940711975098,,21.208855152130127,0.023017168045043945
563,4.6436052322387695,,21.248064756393433,0.026700258255004883
564,4.690829277038574,,21.285726070404053,0.02442646026611328
565,4.659934997558594,,21.323248624801636,0.023917675018310547
566,4.606612205505371,,21.36204695701599,0.025574445724487305
567,4.6317362785339355,,21.40026879310608,0.026641368865966797
568,4.614711284637451,,21.43668532371521,0.02381443977355957
569,4.598833084106445,,21.47349739074707,0.02353811264038086
570,4.571372032165527,,21.51149082183838,0.02497696876525879
571,4.614328384399414,,21.549906730651855,0.02482461929321289
572,4.577707290649414,,21.587284326553345,0.02372455596923828
573,4.5596184730529785,,21.624698877334595,0.02471637725830078
574,4.583658218383789,,21.662346601486206,0.02540302276611328
575,4.555835247039795,,21.69968056678772,0.024227380752563477
576,4.57994270324707,,21.736146688461304,0.02286076545715332
577,4.543405532836914,,21.773683071136475,0.024272918701171875
578,4.51951789855957,,21.810022115707397,0.024220705032348633
579,4.475607395172119,,21.846420526504517,0.02366161346435547
580,4.5126447677612305,,21.883668899536133,0.023136615753173828
581,4.500307083129883,,21.9197678565979,0.023082256317138672
582,4.4898176193237305,,21.957374334335327,0.023497343063354492
583,4.485379219055176,,21.993908166885376,0.023029565811157227
584,4.477474212646484,,22.031911373138428,0.024881601333618164
585,4.472746849060059,,22.06941533088684,0.025933265686035156
586,4.500593662261963,,22.106946229934692,0.0248260498046875
587,4.455004692077637,,22.144875526428223,0.026358604431152344
588,4.471245288848877,,22.179599046707153,0.023024320602416992
589,4.460499286651611,,22.218979835510254,0.024185895919799805
590,4.457732200622559,,22.258309364318848,0.0251924991607666
591,4.447575092315674,,22.297546863555908,0.02571725845336914
592,4.4224371910095215,,22.333383798599243,0.023334026336669922
593,4.41325569152832,,22.372135877609253,0.025738000869750977
594,4.362927436828613,,22.411574840545654,0.02611827850341797
595,4.41920804977417,,22.450137615203857,0.02488541603088379
596,4.430624961853027,,22.48678493499756,0.02365732192993164
597,4.38407039642334,,22.526238203048706,0.02582859992980957
598,4.367921829223633,,22.56476354598999,0.02587890625
599,4.3563618659973145,,22.60072946548462,0.023862123489379883
600,4.362054347991943,0.9430675148963928,22.64464783668518,0.03140997886657715
601,4.3370161056518555,,22.681228160858154,0.023108482360839844
602,4.362654209136963,,22.71780037879944,0.022567033767700195
603,4.321560382843018,,22.75806212425232,0.02622199058532715
604,4.314974784851074,,22.794583797454834,0.024019241333007812
605,4.32628059387207,,22.8339684009552,0.026288747787475586
606,4.401336669921875,,22.871979236602783,0.025854110717773438
607,4.337467193603516,,22.91018843650818,0.026613950729370117
608,4.333674430847168,,22.948275089263916,0.02547311782836914
609,4.350864887237549,,22.98703098297119,0.02459263801574707
610,4.325587272644043,,23.02665376663208,0.025770187377929688
611,4.284051895141602,,23.064840078353882,0.02541828155517578
612,4.272129058837891,,23.1047420501709,0.027274131774902344
613,4.266170024871826,,23.14320969581604,0.02632284164428711
614,4.292353630065918,,23.18159031867981,0.02605605125427246
615,4.288418292999268,,23.21788215637207,0.022322893142700195
616,4.309476852416992,,23.256734132766724,0.024951934814453125
617,4.2348175048828125,,23.294599771499634,0.024362802505493164
618,4.255794525146484,,23.333064079284668,0.025780439376831055
619,4.287186622619629,,23.37030267715454,0.025234222412109375
620,4.2546892166137695,,23.40667724609375,0.023679018020629883
621,4.2390031814575195,,23.442521333694458,0.023273706436157227
622,4.241277694702148,,23.479119539260864,0.024092435836791992
623,4.237511157989502,,23.516356229782104,0.024636030197143555
624,4.216950416564941,,23.552667140960693,0.023553133010864258
625,4.199555397033691,,23.590108394622803,0.024692773818969727
626,4.231975078582764,,23.628042697906494,0.02540874481201172
627,4.221271514892578,,23.664630651474,0.023086071014404297
628,4.213250637054443,,23.70212745666504,0.023985862731933594
629,4.219343662261963,,23.740795373916626,0.026055097579956055
630,4.170566558837891,,23.779292106628418,0.026217937469482422
631,4.142214298248291,,23.819944381713867,0.027804851531982422
632,4.163180828094482,,23.85768961906433,0.025187253952026367
633,4.183285713195801,,23.89727807044983,0.02601790428161621
634,4.156896591186523,,23.934972286224365,0.02580118179321289
635,4.194817543029785,,23.972317695617676,0.025302886962890625
636,4.1345415115356445,,24.011696577072144,0.026161670684814453
637,4.1593732833862305,,24.050095558166504,0.025286436080932617
638,4.156652927398682,,24.087396144866943,0.024290084838867188
639,4.161104202270508,,24.123608350753784,0.02270960807800293
640,4.145317077636719,,24.161449193954468,0.023791074752807617
641,4.110738754272461,,24.200928449630737,0.025903701782226562
642,4.102959156036377,,24.238236665725708,0.02475881576538086
643,4.0914506912231445,,24.27496075630188,0.02446293830871582
644,4.077392578125,,24.311779499053955,0.02404308319091797
645,4.120157718658447,,24.348653554916382,0.02365851402282715
646,4.131661415100098,,24.3849515914917,0.023163318634033203
647,4.097263336181641,,24.42113423347473,0.023084402084350586
648,4.082470893859863,,24.45894694328308,0.02375936508178711
649,4.063077926635742,,24.497161626815796,0.02504134178161621
650,4.064596176147461,,24.537824630737305,0.02715468406677246
651,4.033743858337402,,24.57407546043396,0.023977279663085938
652,4.08718204498291,,24.610391855239868,0.024033308029174805
653,4.056816577911377,,24.647249937057495,0.02472209930419922
654,4.095094680786133,,24.683053255081177,0.023688793182373047
655,4.072384834289551,,24.719733476638794,0.023593902587890625
656,4.013676166534424,,24.756672859191895,0.023380279541015625
657,4.040998458862305,,24.793155193328857,0.022927284240722656
658,4.004359245300293,,24.83048725128174,0.02359628677368164
659,4.0344438552856445,,24.8671715259552,0.024113893508911133
660,4.009195804595947,,24.903874158859253,0.024108171463012695
661,4.007647514343262,,24.941198348999023,0.023923635482788086
662,4.038351535797119,,24.97797441482544,0.025076866149902344
663,4.064168453216553,,25.018036365509033,0.027689695358276367
664,3.976353645324707,,25.054935216903687,0.024161815643310547
665,3.9796323776245117,,25.091410398483276,0.02385258674621582
666,3.991105079650879,,25.127821683883667,0.023016691207885742
667,3.9975268840789795,,25.1654691696167,0.024137496948242188
668,3.9524364471435547,,25.20473313331604,0.02575230598449707
669,3.9971892833709717,,25.24505853652954,0.027279376983642578
670,3.953125476837158,,25.28331685066223,0.02624225616455078
671,3.970930576324463,,25.322983264923096,0.027215957641601562
672,3.974452495574951,,25.36115074157715,0.026277542114257812
673,3.9893877506256104,,25.39871597290039,0.026212692260742188
674,3.941437005996704,,25.437153339385986,0.025818586349487305
675,3.955169200897217,,25.474032878875732,0.024026155471801758
676,3.964768886566162,,25.511725187301636,0.025110721588134766
677,3.88223934173584,,25.5490882396698,0.023522615432739258
678,3.92305850982666,,25.584917306900024,0.022844314575195312
679,3.926964282989502,,25.62252163887024,0.023983001708984375
680,3.9203600883483887,,25.6584529876709,0.022924423217773438
681,3.889400005340576,,25.697181701660156,0.025259017944335938
682,3.9061059951782227,,25.734793186187744,0.025954484939575195
683,3.886766195297241,,25.773909091949463,0.02671670913696289
684,3.9050536155700684,,25.813010215759277,0.02621150016784668
685,3.9109184741973877,,25.851686239242554,0.02615070343017578
686,3.9051742553710938,,25.889270782470703,0.024518489837646484
687,3.8665614128112793,,25.926674365997314,0.023894309997558594
688,3.9036731719970703,,25.96320128440857,0.02302384376525879
689,3.8848447799682617,,25.999155521392822,0.022595882415771484
690,3.87320613861084,,26.036082983016968,0.02392125129699707
691,3.873765707015991,,26.072853565216064,0.024756908416748047
692,3.8313422203063965,,26.11052942276001,0.0251467227935791
693,3.8376498222351074,,26.14638900756836,0.02382659912109375
694,3.8654141426086426,,26.182065963745117,0.022675275802612305
695,3.854635715484619,,26.218737840652466,0.022688627243041992
696,3.790656089782715,,26.256667852401733,0.024425506591796875
697,3.8488576412200928,,26.29377508163452,0.023598194122314453
698,3.857029438018799,,26.331515789031982,0.024731159210205078
699,3.81548810005188,,26.368115186691284,0.023094892501831055
700,3.8584632873535156,0.9444194555282592,26.408648252487183,0.027530431747436523
701,3.843783140182495,,26.445000410079956,0.023880720138549805
702,3.834669351577759,,26.480719804763794,0.022742271423339844
703,3.7789015769958496,,26.517959594726562,0.02328777313232422
704,3.831880569458008,,26.554625511169434,0.023099422454833984
705,3.7819364070892334,,26.59135627746582,0.023000240325927734
706,3.812466621398926,,26.6281418800354,0.02266669273376465
707,3.793581485748291,,26.664740562438965,0.023032665252685547
708,3.784788131713867,,26.701321125030518,0.02397775650024414
709,3.814038038253784,,26.738316774368286,0.024308204650878906
710,3.765284776687622,,26.775113821029663,0.023505210876464844
711,3.7776875495910645,,26.81182837486267,0.024044275283813477
712,3.7877190113067627,,26.84865641593933,0.02460169792175293
713,3.7315101623535156,,26.886005878448486,0.024327516555786133
714,3.788024425506592,,26.924659252166748,0.026497840881347656
715,3.753493547439575,,26.96021342277527,0.022948265075683594
716,3.758387565612793,,26.997132301330566,0.023405075073242188
717,3.80161190032959,,27.034883975982666,0.0241854190826416
718,3.7331833839416504,,27.071646451950073,0.024926424026489258
719,3.7443959712982178,,27.108327865600586,0.024535179138183594
720,3.7465689182281494,,27.145426988601685,0.024892330169677734
721,3.725252151489258,,27.18314838409424,0.025194168090820312
722,3.743499755859375,,27.21910572052002,0.024056434631347656
723,3.7319138050079346,,27.255088090896606,0.02329707145690918
724,3.718052864074707,,27.29125714302063,0.023320674896240234
725,3.774672508239746,,27.327964067459106,0.023361682891845703
726,3.7127976417541504,,27.365089654922485,0.025550365447998047
727,3.6977055072784424,,27.403465270996094,0.02534794807434082
728,3.7016441822052,,27.440075397491455,0.02383732795715332
729,3.70623779296875,,27.47630000114441,0.024394989013671875
730,3.7058522701263428,,27.51590394973755,0.02821207046508789
731,3.7193355560302734,,27.553099870681763,0.024660587310791016
732,3.676680326461792,,27.590816497802734,0.02686309814453125
733,3.7086822986602783,,27.627051830291748,0.024245500564575195
734,3.6897401809692383,,27.66532063484192,0.026831865310668945
735,3.654576301574707,,27.703938722610474,0.02722311019897461
736,3.680678129196167,,27.74159836769104,0.02685379981994629
737,3.6500298976898193,,27.78032875061035,0.02681565284729004
738,3.6490602493286133,,27.8175630569458,0.026381731033325195
739,3.6149802207946777,,27.85365104675293,0.023808002471923828
740,3.6406426429748535,,27.89145064353943,0.025525808334350586
741,3.6313064098358154,,27.928751707077026,0.025403261184692383
742,3.607088565826416,,27.967792749404907,0.026700973510742188
743,3.635279893875122,,28.005106210708618,0.025375843048095703
744,3.642764091491699,,28.042186737060547,0.025145292282104492
745,3.634082317352295,,28.079010725021362,0.024010419845581055
746,3.652841806411743,,28.115512132644653,0.024659395217895508
747,3.6021580696105957,,28.15135145187378,0.023218154907226562
748,3.6057729721069336,,28.186646699905396,0.023154735565185547
749,3.6257104873657227,,28.22272491455078,0.02221059799194336
750,3.6447110176086426,,28.26213312149048,0.026808738708496094
751,3.6094510555267334,,28.300358772277832,0.02709794044494629
752,3.6017417907714844,,28.338461875915527,0.02649092674255371
753,3.6103365421295166,,28.37605619430542,0.026286840438842773
754,3.592174530029297,,28.41325616836548,0.025113582611083984
755,3.5932459831237793,,28.453899383544922,0.028083324432373047
756,3.5808095932006836,,28.49062490463257,0.02384161949157715
757,3.5910754203796387,,28.528319120407104,0.026192903518676758
758,3.598918914794922,,28.565369844436646,0.025478363037109375
759,3.6027309894561768,,28.60318398475647,0.02499222755432129
760,3.5735206604003906,,28.640737771987915,0.02544403076171875
761,3.5341808795928955,,28.676555633544922,0.023251771926879883
762,3.5771212577819824,,28.713702917099,0.02873396873474121
763,3.533041000366211,,28.75059962272644,0.02418971061706543
764,3.609488010406494,,28.788264513015747,0.024409770965576172
765,3.549025058746338,,28.826975345611572,0.026065349578857422
766,3.5852444171905518,,28.863502979278564,0.023986101150512695
767,3.544738292694092,,28.900415897369385,0.024344444274902344
768,3.5489583015441895,,28.93901491165161,0.023956298828125
769,3.5664148330688477,,28.97623085975647,0.02445507049560547
770,3.5159401893615723,,29.013144493103027,0.023320436477661133
771,3.53885555267334,,29.050814628601074,0.024448394775390625
772,3.503377676010132,,29.08883309364319,0.02492380142211914
773,3.5203158855438232,,29.126368761062622,0.02587294578552246
774,3.500013589859009,,29.168251276016235,0.028198957443237305
775,3.5252280235290527,,29.204973220825195,0.02486586570739746
776,3.5482869148254395,,29.24091625213623,0.024396896362304688
777,3.5324203968048096,,29.276087284088135,0.02330803871154785
778,3.517430543899536,,29.312301874160767,0.023396968841552734
779,3.494345188140869,,29.34794521331787,0.022917509078979492
780,3.5219614505767822,,29.38619589805603,0.025026798248291016
781,3.486360788345337,,29.423171281814575,0.024333715438842773
782,3.4970130920410156,,29.46035075187683,0.025485992431640625
783,3.482050657272339,,29.495667457580566,0.023193359375
784,3.4714598655700684,,29.53190803527832,0.023286819458007812
785,3.483196973800659,,29.56937003135681,0.024382829666137695
786,3.4750046730041504,,29.605972290039062,0.023752927780151367
787,3.482396364212036,,29.644896030426025,0.02641606330871582
788,3.4597458839416504,,29.67916989326477,0.022962570190429688
789,3.4953513145446777,,29.716768264770508,0.02412557601928711
790,3.477644205093384,,29.75399947166443,0.024422407150268555
791,3.4779717922210693,,29.791868448257446,0.02437591552734375
792,3.5063467025756836,,29.829453706741333,0.02566051483154297
793,3.474578857421875,,29.865959405899048,0.024003028869628906
794,3.475745916366577,,29.903149843215942,0.024412155151367188
795,3.5038657188415527,,29.94150948524475,0.024344682693481445
796,3.4608638286590576,,29.978956699371338,0.025527000427246094
797,3.469265937805176,,30.015873908996582,0.0244143009185791
798,3.473714828491211,,30.053149461746216,0.024426937103271484
799,3.4613914489746094,,30.090595960617065,0.023928165435791016
800,3.4835875034332275,0.9455259680747986,30.131251096725464,0.027710914611816406
801,3.461719036102295,,30.16756796836853,0.024735450744628906
802,3.4349231719970703,,30.204725742340088,0.024367332458496094
803,3.4690022468566895,,30.2410409450531,0.024301767349243164
804,3.487494945526123,,30.279194116592407,0.025372028350830078
805,3.4729459285736084,,30.316033840179443,0.024337291717529297
806,3.43977427482605,,30.354930877685547,0.026042699813842773
807,3.439657211303711,,30.391271352767944,0.024160146713256836
808,3.4658560752868652,,30.429131269454956,0.024478912353515625
809,3.413027286529541,,30.465967893600464,0.024334192276000977
810,3.439197063446045,,30.504014253616333,0.02528977394104004
811,3.435652732849121,,30.5394229888916,0.02339911460876465
812,3.4304909706115723,,30.5777006149292,0.025534629821777344
813,3.407442092895508,,30.615091562271118,0.025820255279541016
814,3.4236295223236084,,30.652381420135498,0.0254666805267334
815,3.4140138626098633,,30.68923568725586,0.024342775344848633
816,3.4088611602783203,,30.730942010879517,0.0291287899017334
817,3.4129230976104736,,30.775237798690796,0.029233694076538086
818,3.4373087882995605,,30.8171865940094,0.027268171310424805
819,3.397836208343506,,30.857265949249268,0.025284290313720703
820,3.3941738605499268,,30.898634910583496,0.026224136352539062
821,3.417188882827759,,30.943867444992065,0.030466556549072266
822,3.402188777923584,,30.982959508895874,0.02512526512145996
823,3.3537018299102783,,31.025300979614258,0.02672863006591797
824,3.4040110111236572,,31.067392349243164,0.02837538719177246
825,3.3932175636291504,,31.110010623931885,0.028847217559814453
826,3.397369384765625,,31.150614023208618,0.026563644409179688
827,3.386178970336914,,31.19173240661621,0.02526378631591797
828,3.3771557807922363,,31.2328622341156,0.026682376861572266
829,3.3428218364715576,,31.27507448196411,0.0276639461517334
830,3.377136707305908,,31.317861795425415,0.02690744400024414
831,3.3570666313171387,,31.357877492904663,0.024962425231933594
832,3.3521065711975098,,31.401718139648438,0.028688907623291016
833,3.374985933303833,,31.443249940872192,0.027394533157348633
834,3.3603715896606445,,31.4849214553833,0.02746105194091797
835,3.359248638153076,,31.526964902877808,0.027892112731933594
836,3.366915225982666,,31.57085871696472,0.02992868423461914
837,3.346120834350586,,31.609740018844604,0.025109052658081055
838,3.365192413330078,,31.6498281955719,0.02643561363220215
839,3.386281967163086,,31.69282865524292,0.02816462516784668
840,3.3606908321380615,,31.734615802764893,0.02740621566772461
841,3.3278539180755615,,31.777549028396606,0.028289318084716797
842,3.2969489097595215,,31.818775177001953,0.027871370315551758
843,3.314640998840332,,31.859992265701294,0.02750253677368164
844,3.3286471366882324,,31.89959454536438,0.025642871856689453
845,3.342827558517456,,31.94479727745056,0.02986311912536621
846,3.327545166015625,,31.987967252731323,0.028435945510864258
847,3.3493971824645996,,32.03036904335022,0.028578996658325195
848,3.3582286834716797,,32.07355213165283,0.028177261352539062
849,3.3348238468170166,,32.11335897445679,0.024730205535888672
850,3.3455286026000977,,32.158759355545044,0.028835058212280273
851,3.3011956214904785,,32.20174837112427,0.02821660041809082
852,3.3003931045532227,,32.24423551559448,0.02765822410583496
853,3.3179378509521484,,32.28532099723816,0.02701568603515625
854,3.3127245903015137,,32.32581567764282,0.025532007217407227
855,3.362051486968994,,32.365684509277344,0.02590632438659668
856,3.300959348678589,,32.40737509727478,0.027390480041503906
857,3.30672550201416,,32.45086193084717,0.027482271194458008
858,3.276522397994995,,32.491379261016846,0.02678990364074707
859,3.284742832183838,,32.53170561790466,0.02567148208618164
860,3.309264659881592,,32.572365283966064,0.026282310485839844
861,3.2887396812438965,,32.61317157745361,0.02584671974182129
862,3.2999448776245117,,32.65683627128601,0.02986764907836914
863,3.260399341583252,,32.69851303100586,0.02866220474243164
864,3.2804102897644043,,32.74060273170471,0.02601456642150879
865,3.2847509384155273,,32.78316068649292,0.027210474014282227
866,3.2928740978240967,,32.82659411430359,0.028804779052734375
867,3.2695722579956055,,32.86779522895813,0.032715559005737305
868,3.32151460647583,,32.908419370651245,0.025222063064575195
869,3.281055450439453,,32.950679063797,0.027112960815429688
870,3.25772762298584,,32.98992156982422,0.0249330997467041
871,3.276970863342285,,33.03325963020325,0.0273282527923584
872,3.29583477973938,,33.07386136054993,0.026108980178833008
873,3.2533483505249023,,33.11470437049866,0.0258636474609375
874,3.2539420127868652,,33.15680384635925,0.02640986442565918
875,3.2875118255615234,,33.19782853126526,0.025206565856933594
876,3.2574074268341064,,33.24148774147034,0.02778458595275879
877,3.261233329772949,,33.281068325042725,0.025331974029541016
878,3.21893572807312,,33.32290840148926,0.026285171508789062
879,3.247358798980713,,33.363441705703735,0.02600407600402832
880,3.2695376873016357,,33.40107488632202,0.023078203201293945
881,3.2677853107452393,,33.43991780281067,0.023634910583496094
882,3.2157318592071533,,33.47630596160889,0.02349114418029785
883,3.244126796722412,,33.51238179206848,0.022784709930419922
884,3.233096122741699,,33.556865215301514,0.030837059020996094
885,3.2330989837646484,,33.60218048095703,0.0288546085357666
886,3.225019931793213,,33.647395610809326,0.028131961822509766
887,3.2093887329101562,,33.6912317276001,0.02749466896057129
888,3.2243905067443848,,33.73764228820801,0.03133082389831543
889,3.2353596687316895,,33.77886366844177,0.02689337730407715
890,3.2466723918914795,,33.82052826881409,0.0280001163482666
891,3.215527057647705,,33.866527795791626,0.030718564987182617
892,3.239694595336914,,33.905730962753296,0.024851560592651367
893,3.225686550140381,,33.94732213020325,0.026368379592895508
894,3.198428153991699,,33.98792505264282,0.026335954666137695
895,3.2206287384033203,,34.027100801467896,0.025413990020751953
896,3.205810070037842,,34.06892395019531,0.025751352310180664
897,3.22015380859375,,34.11051678657532,0.027537107467651367
898,3.2089905738830566,,34.15340566635132,0.028882741928100586
899,3.20331072807312,,34.1920063495636,0.025922536849975586
900,3.2132673263549805,0.9436434507369995,34.24197173118591,0.03500795364379883
901,3.190736770629883,,34.28372836112976,0.02844524383544922
902,3.2214672565460205,,34.32331299781799,0.02581930160522461
903,3.1969478130340576,,34.36460876464844,0.026767492294311523
904,3.1957054138183594,,34.406248331069946,0.026144027709960938
905,3.187549114227295,,34.44479942321777,0.0242764949798584
906,3.199544906616211,,34.48603582382202,0.025921106338500977
907,3.182252883911133,,34.52523422241211,0.02467060089111328
908,3.188450813293457,,34.56497025489807,0.024852752685546875
909,3.2085373401641846,,34.603351354599,0.027272701263427734
910,3.1945695877075195,,34.64288091659546,0.025021791458129883
911,3.1898670196533203,,34.68334412574768,0.025143861770629883
912,3.209155797958374,,34.725834131240845,0.027906417846679688
913,3.186537981033325,,34.76882743835449,0.0278928279876709
914,3.1844849586486816,,34.80937695503235,0.025592327117919922
915,3.201979875564575,,34.84807848930359,0.024591445922851562
916,3.171489715576172,,34.88870859146118,0.02575516700744629
917,3.1770873069763184,,34.927109241485596,0.02458477020263672
918,3.183809280395508,,34.967074394226074,0.024738073348999023
919,3.1593127250671387,,35.01003408432007,0.028022050857543945
920,3.1673874855041504,,35.04805946350098,0.02336907386779785
921,3.1742286682128906,,35.09310555458069,0.026378154754638672
922,3.1586127281188965,,35.13522911071777,0.027148962020874023
923,3.1418111324310303,,35.175973892211914,0.025316953659057617
924,3.1458089351654053,,35.21524357795715,0.02393174171447754
925,3.1647896766662598,,35.25502824783325,0.023780107498168945
926,3.166198253631592,,35.29598569869995,0.025322914123535156
927,3.156925678253174,,35.33773159980774,0.02745223045349121
928,3.1689605712890625,,35.37792682647705,0.025704622268676758
929,3.16483998298645,,35.41630506515503,0.024566650390625
930,3.1243066787719727,,35.45616936683655,0.024522781372070312
931,3.1480488777160645,,35.49646210670471,0.02530980110168457
932,3.144404888153076,,35.53613901138306,0.025386333465576172
933,3.1537718772888184,,35.57621216773987,0.025786638259887695
934,3.1474857330322266,,35.61481833457947,0.02517080307006836
935,3.1347744464874268,,35.6558301448822,0.02672576904296875
936,3.121514320373535,,35.69685506820679,0.027448177337646484
937,3.1449179649353027,,35.7380096912384,0.02582073211669922
938,3.107572555541992,,35.77869987487793,0.027622222900390625
939,3.1501526832580566,,35.81888198852539,0.026341676712036133
940,3.119845390319824,,35.85963749885559,0.027550697326660156
941,3.123112201690674,,35.90192198753357,0.027887582778930664
942,3.1055691242218018,,35.94395875930786,0.027485370635986328
943,3.1063385009765625,,35.98751401901245,0.030679941177368164
944,3.1178832054138184,,36.02628540992737,0.025722265243530273
945,3.1142373085021973,,36.07033109664917,0.03167295455932617
946,3.131532669067383,,36.11468434333801,0.029401302337646484
947,3.094076633453369,,36.15517592430115,0.026022672653198242
948,3.113694429397583,,36.19866728782654,0.028661012649536133
949,3.1079726219177246,,36.238144397735596,0.025562286376953125
950,3.1375982761383057,,36.28078603744507,0.028725624084472656
951,3.103548049926758,,36.323535203933716,0.027701616287231445
952,3.1427693367004395,,36.36321973800659,0.024433135986328125
953,3.094205379486084,,36.40383005142212,0.028320789337158203
954,3.09145188331604,,36.44265341758728,0.025238752365112305
955,3.085326910018921,,36.48473882675171,0.02790069580078125
956,3.093311309814453,,36.528257846832275,0.02911663055419922
957,3.0980687141418457,,36.56832313537598,0.027378082275390625
958,3.1143243312835693,,36.6086802482605,0.02603602409362793
959,3.073925018310547,,36.651031732559204,0.027319669723510742
960,3.0887627601623535,,36.691662549972534,0.026233911514282227
961,3.071904182434082,,36.73510932922363,0.02919483184814453
962,3.11299467086792,,36.77865219116211,0.028970718383789062
963,3.0999608039855957,,36.82055592536926,0.027202844619750977
964,3.100475788116455,,36.86057233810425,0.027825117111206055
965,3.0829873085021973,,36.902700424194336,0.027074337005615234
966,3.076982021331787,,36.94356894493103,0.026269197463989258
967,3.074070453643799,,36.98712754249573,0.02936840057373047
968,3.103579521179199,,37.02754282951355,0.02576732635498047
969,3.0429511070251465,,37.06925964355469,0.02857184410095215
970,3.065568447113037,,37.11120319366455,0.02714848518371582
971,3.081282138824463,,37.15086221694946,0.02508091926574707
972,3.0789244174957275,,37.19108843803406,0.025669574737548828
973,3.0645861625671387,,37.23345232009888,0.026526212692260742
974,3.0565404891967773,,37.275368213653564,0.025536537170410156
975,3.0714991092681885,,37.31655144691467,0.02691197395324707
976,3.0692801475524902,,37.3584418296814,0.028094053268432617
977,3.061270236968994,,37.40076661109924,0.027779102325439453
978,3.078399419784546,,37.44152569770813,0.026239633560180664
979,3.0525755882263184,,37.48131561279297,0.02590775489807129
980,3.058992385864258,,37.52380394935608,0.02789163589477539
981,3.046595335006714,,37.56654071807861,0.02800774574279785
982,3.061066150665283,,37.609689235687256,0.029408693313598633
983,3.065063714981079,,37.64885950088501,0.025814533233642578
984,3.0827889442443848,,37.68845820426941,0.024738073348999023
985,3.071726083755493,,37.73317551612854,0.029990196228027344
986,3.0548038482666016,,37.77391314506531,0.025810718536376953
987,3.0361061096191406,,37.81528091430664,0.026703834533691406
988,3.037036418914795,,37.85818886756897,0.028821945190429688
989,3.047417640686035,,37.89979696273804,0.027780771255493164
990,3.075500011444092,,37.94256019592285,0.02792954444885254
991,3.0634024143218994,,37.98215889930725,0.0252687931060791
992,3.037863254547119,,38.02473068237305,0.02940821647644043
993,3.033273220062256,,38.06889247894287,0.027629613876342773
994,3.0405044555664062,,38.1100549697876,0.027184486389160156
995,3.0440099239349365,,38.152249813079834,0.027228832244873047
996,3.049180507659912,,38.1940495967865,0.02731490135192871
997,3.018965721130371,,38.235657930374146,0.027723073959350586
998,3.033555030822754,,38.27613139152527,0.026495695114135742
999,3.016577959060669,,38.32167172431946,0.03045797348022461
1000,3.004715919494629,0.9458877325057984,38.36854147911072,0.0327601432800293
1001,3.0113167762756348,,38.410675048828125,0.028009891510009766
1002,3.0279457569122314,,38.45347332954407,0.030462265014648438
1003,3.005383014678955,,38.49348831176758,0.02592921257019043
1004,3.0224599838256836,,38.53553366661072,0.027750492095947266
1005,3.0611743927001953,,38.579615354537964,0.029362201690673828
1006,3.0244665145874023,,38.61850643157959,0.026128292083740234
1007,3.002943992614746,,38.657947063446045,0.02611684799194336
1008,3.006648302078247,,38.697513818740845,0.02596569061279297
1009,3.034162998199463,,38.73716902732849,0.024775266647338867
1010,3.015195369720459,,38.77742528915405,0.02545452117919922
1011,3.0009729862213135,,38.81775498390198,0.026437044143676758
1012,3.0068602561950684,,38.85822582244873,0.025839805603027344
1013,3.0195999145507812,,38.897871017456055,0.025828123092651367
1014,3.011021375656128,,38.93850064277649,0.025973796844482422
1015,3.0131850242614746,,38.9801561832428,0.02780008316040039
1016,3.006866931915283,,39.02044105529785,0.026663541793823242
1017,3.0056190490722656,,39.06360721588135,0.030367136001586914
1018,3.01246976852417,,39.10366725921631,0.026574373245239258
1019,3.007524013519287,,39.14302849769592,0.025458097457885742
1020,2.9954051971435547,,39.18574357032776,0.02744007110595703
1021,3.0120348930358887,,39.2271625995636,0.026381254196166992
1022,3.0011985301971436,,39.26936411857605,0.028497934341430664
1023,2.9689340591430664,,39.30967044830322,0.02562856674194336
1024,2.9944252967834473,,39.34993004798889,0.026488065719604492
1025,2.997802734375,,39.39087986946106,0.02612757682800293
1026,2.986255168914795,,39.43380355834961,0.027891874313354492
1027,2.993823528289795,,39.477182149887085,0.02880120277404785
1028,2.984938383102417,,39.52050185203552,0.02925586700439453
1029,2.9541983604431152,,39.56297159194946,0.028978347778320312
1030,2.987208843231201,,39.60160183906555,0.02670001983642578
1031,3.002204418182373,,39.64824628829956,0.031121492385864258
1032,2.9837539196014404,,39.68834328651428,0.027756690979003906
1033,2.974541187286377,,39.73036742210388,0.028168916702270508
1034,2.9812264442443848,,39.770652532577515,0.025864839553833008
1035,2.98294734954834,,39.81074571609497,0.0269315242767334
1036,2.9712414741516113,,39.85258984565735,0.027126073837280273
1037,2.977351665496826,,39.89533615112305,0.030107975006103516
1038,2.9769835472106934,,39.935112714767456,0.02572035789489746
1039,2.964282512664795,,39.98324179649353,0.03509330749511719
1040,2.9577770233154297,,40.0256507396698,0.02741241455078125
1041,2.986600875854492,,40.06629419326782,0.02518177032470703
1042,2.960402727127075,,40.10719084739685,0.02570319175720215
1043,2.9699907302856445,,40.14806413650513,0.025983810424804688
1044,2.9900193214416504,,40.191582441329956,0.02858877182006836
1045,2.993368625640869,,40.232203006744385,0.02724480628967285
1046,2.9617223739624023,,40.27181124687195,0.025410890579223633
1047,2.95976185798645,,40.31297779083252,0.027363300323486328
1048,2.947999954223633,,40.35313963890076,0.025996923446655273
1049,2.968735694885254,,40.39351010322571,0.025977373123168945
1050,2.971834182739258,,40.43702483177185,0.03192257881164551
1051,2.9573898315429688,,40.4774272441864,0.026525497436523438
1052,2.953230857849121,,40.52028155326843,0.02762126922607422
1053,2.9517173767089844,,40.55972218513489,0.02476215362548828
1054,2.969700813293457,,40.60449004173279,0.030672073364257812
1055,2.961142063140869,,40.64392614364624,0.0263674259185791
1056,2.9947283267974854,,40.68486833572388,0.025080204010009766
1057,2.9488377571105957,,40.725701570510864,0.031832218170166016
1058,2.9595563411712646,,40.7668993473053,0.02585434913635254
1059,2.9559435844421387,,40.8075487613678,0.025827646255493164
1060,2.959016799926758,,40.850189208984375,0.028915882110595703
1061,2.959122657775879,,40.89298963546753,0.028066635131835938
1062,2.9629220962524414,,40.935561656951904,0.027919530868530273
1063,2.940554141998291,,40.97739124298096,0.027904987335205078
1064,2.9510908126831055,,41.01883840560913,0.026106595993041992
1065,2.9397737979888916,,41.06201767921448,0.033264875411987305
1066,2.960054874420166,,41.10567045211792,0.02775430679321289
1067,2.9350194931030273,,41.14802861213684,0.027137279510498047
1068,2.958491802215576,,41.199622631073,0.03142905235290527
1069,2.9221694469451904,,41.244938373565674,0.028575897216796875
1070,2.9391746520996094,,41.28515577316284,0.0264892578125
1071,2.9309213161468506,,41.32304000854492,0.023179054260253906
1072,2.9461965560913086,,41.36451983451843,0.026805877685546875
1073,2.941380500793457,,41.40622019767761,0.02724289894104004
1074,2.921410083770752,,41.44696307182312,0.025701522827148438
1075,2.931727647781372,,41.485705852508545,0.02502918243408203
1076,2.9201369285583496,,41.52780604362488,0.02639031410217285
1077,2.9446604251861572,,41.569472312927246,0.0254061222076416
1078,2.9501986503601074,,41.609110832214355,0.025327444076538086
1079,2.9222123622894287,,41.64896512031555,0.02550506591796875
1080,2.942680835723877,,41.68997383117676,0.02857375144958496
1081,2.9309844970703125,,41.73262310028076,0.029681921005249023
1082,2.9173269271850586,,41.77717423439026,0.029010772705078125
1083,2.929417133331299,,41.8191614151001,0.026768922805786133
1084,2.9134323596954346,,41.86195254325867,0.026635169982910156
1085,2.928314685821533,,41.90698528289795,0.029523134231567383
1086,2.9252185821533203,,41.9526801109314,0.02928924560546875
1087,2.9390859603881836,,41.9968683719635,0.02976679801940918
1088,2.916828155517578,,42.041297912597656,0.02963542938232422
1089,2.9281697273254395,,42.08679127693176,0.03139138221740723
1090,2.9207863807678223,,42.12453246116638,0.02579331398010254
1091,2.9245946407318115,,42.16738843917847,0.026958465576171875
1092,2.9212756156921387,,42.2093288898468,0.027215957641601562
1093,2.927579402923584,,42.25040912628174,0.02870464324951172
1094,2.900974988937378,,42.287922620773315,0.02434515953063965
1095,2.9259963035583496,,42.3240921497345,0.0237576961517334
1096,2.8772406578063965,,42.362834215164185,0.026781320571899414
1097,2.9114341735839844,,42.398972272872925,0.024335622787475586
1098,2.9077157974243164,,42.43708658218384,0.02570366859436035
1099,2.9061591625213623,,42.47286367416382,0.023155927658081055
1100,2.9065566062927246,0.9443299651145936,42.519132137298584,0.03316855430603027
1101,2.9037437438964844,,42.55780482292175,0.026685714721679688
1102,2.905073404312134,,42.59572982788086,0.02613067626953125
1103,2.896158218383789,,42.63418173789978,0.02600240707397461
1104,2.886151075363159,,42.67296242713928,0.026277542114257812
1105,2.913273572921753,,42.70941162109375,0.02454996109008789
1106,2.88134765625,,42.74672055244446,0.025547027587890625
1107,2.90067195892334,,42.782357692718506,0.023158550262451172
1108,2.892592430114746,,42.82015299797058,0.02483201026916504
1109,2.8844709396362305,,42.855796337127686,0.023611783981323242
1110,2.8976688385009766,,42.89155554771423,0.022730112075805664
1111,2.892202854156494,,42.927823066711426,0.023339033126831055
1112,2.898683547973633,,42.96410322189331,0.023975372314453125
1113,2.888960361480713,,43.00157022476196,0.02469635009765625
1114,2.8805155754089355,,43.039642572402954,0.026304006576538086
1115,2.906947612762451,,43.08087086677551,0.02702617645263672
1116,2.8994903564453125,,43.12301778793335,0.027643918991088867
1117,2.8896875381469727,,43.16357660293579,0.026806116104125977
1118,2.9098105430603027,,43.20474290847778,0.02793121337890625
1119,2.9052577018737793,,43.24260663986206,0.0243527889251709
1120,2.9011754989624023,,43.280924797058105,0.02555060386657715
1121,2.8676724433898926,,43.31680464744568,0.023376941680908203
1122,2.8993160724639893,,43.355366945266724,0.026178836822509766
1123,2.8774020671844482,,43.39397478103638,0.026518821716308594
1124,2.887031078338623,,43.433858156204224,0.024834632873535156
1125,2.8762271404266357,,43.48161768913269,0.03363347053527832
1126,2.8686437606811523,,43.52227306365967,0.027777910232543945
1127,2.8656346797943115,,43.566824197769165,0.029759883880615234
1128,2.8859405517578125,,43.613828897476196,0.03103327751159668
1129,2.88173508644104,,43.65195155143738,0.02755117416381836
1130,2.873652458190918,,43.693825006484985,0.026886463165283203
1131,2.8658347129821777,,43.73178195953369,0.023748397827148438
1132,2.886094331741333,,43.768253564834595,0.021259784698486328
1133,2.8773059844970703,,43.806976556777954,0.019964218139648438
1134,2.8521926403045654,,43.85020995140076,0.024104833602905273
1135,2.869884729385376,,43.88675594329834,0.022138118743896484
1136,2.8449978828430176,,43.93039608001709,0.02604079246520996
1137,2.89060378074646,,43.96786069869995,0.0209352970123291
1138,2.8571221828460693,,44.01200795173645,0.025086641311645508
1139,2.849259614944458,,44.04698872566223,0.02263188362121582
1140,2.8652901649475098,,44.07848119735718,0.017559528350830078
1141,2.860259532928467,,44.118308782577515,0.02174687385559082
1142,2.8719935417175293,,44.15804386138916,0.026447534561157227
1143,2.874433994293213,,44.1965868473053,0.023732900619506836
1144,2.8715553283691406,,44.231730222702026,0.022865772247314453
1145,2.8547258377075195,,44.26853680610657,0.023499011993408203
1146,2.8763771057128906,,44.30665707588196,0.025770902633666992
1147,2.864525318145752,,44.33686351776123,0.018349647521972656
1148,2.8792564868927,,44.376882553100586,0.02205657958984375
1149,2.860706090927124,,44.41198182106018,0.021321773529052734
1150,2.8514418601989746,,44.45196485519409,0.023006677627563477
1151,2.866152286529541,,44.49097013473511,0.02317953109741211
1152,2.8542425632476807,,44.532352447509766,0.03364109992980957
1153,2.86354398727417,,44.57062816619873,0.02385544776916504
1154,2.868452548980713,,44.609007596969604,0.027254581451416016
1155,2.8455214500427246,,44.6488733291626,0.02983880043029785
1156,2.8463494777679443,,44.6868531703949,0.02405095100402832
1157,2.827335834503174,,44.72683644294739,0.029629945755004883
1158,2.861053466796875,,44.762638568878174,0.025711536407470703
1159,2.853520154953003,,44.80103349685669,0.024001359939575195
1160,2.8706278800964355,,44.83673548698425,0.028130769729614258
1161,2.860032081604004,,44.87376928329468,0.021769285202026367
1162,2.8526577949523926,,44.90892267227173,0.022279024124145508
1163,2.8469736576080322,,44.946998834609985,0.026403188705444336
1164,2.8339359760284424,,44.98114776611328,0.02431488037109375
1165,2.879732608795166,,45.01934814453125,0.026116609573364258
1166,2.8274521827697754,,45.05674743652344,0.02496647834777832
1167,2.8494720458984375,,45.093552350997925,0.02692866325378418
1168,2.852461576461792,,45.13880133628845,0.031915903091430664
1169,2.8118183612823486,,45.172043323516846,0.023169279098510742
1170,2.8415634632110596,,45.21173286437988,0.024817228317260742
1171,2.8281497955322266,,45.25672268867493,0.030083179473876953
1172,2.8523101806640625,,45.29105234146118,0.024221181869506836
1173,2.862326145172119,,45.32700228691101,0.028360366821289062
1174,2.8300886154174805,,45.3640923500061,0.02731776237487793
1175,2.844712257385254,,45.40062761306763,0.022698640823364258
1176,2.8252973556518555,,45.43666887283325,0.026623010635375977
1177,2.819220781326294,,45.473037242889404,0.026425838470458984
1178,2.820556879043579,,45.50892162322998,0.0216367244720459
1179,2.8176279067993164,,45.54377293586731,0.02368927001953125
1180,2.8510663509368896,,45.58058547973633,0.023787260055541992
1181,2.824789047241211,,45.616596937179565,0.02971959114074707
1182,2.8149986267089844,,45.65195608139038,0.02523636817932129
1183,2.840388059616089,,45.68865776062012,0.021872520446777344
1184,2.838040828704834,,45.724034786224365,0.024412870407104492
1185,2.8064091205596924,,45.76069235801697,0.023804187774658203
1186,2.8290467262268066,,45.79667139053345,0.02970409393310547
1187,2.797544240951538,,45.832783222198486,0.02341437339782715
1188,2.8226075172424316,,45.868788957595825,0.0220944881439209
1189,2.8243021965026855,,45.9067702293396,0.02979302406311035
1190,2.803987979888916,,45.942747831344604,0.02586507797241211
1191,2.7913436889648438,,45.98075842857361,0.023965835571289062
1192,2.8147692680358887,,46.01833701133728,0.026571273803710938
1193,2.8289265632629395,,46.05274224281311,0.020752668380737305
1194,2.8229808807373047,,46.08888864517212,0.022135257720947266
1195,2.8084897994995117,,46.126781940460205,0.02471160888671875
1196,2.788855791091919,,46.16275930404663,0.02483510971069336
1197,2.8234682083129883,,46.19901251792908,0.029454469680786133
1198,2.8132882118225098,,46.23415422439575,0.027280569076538086
1199,2.8096179962158203,,46.27081346511841,0.021948575973510742
1200,2.808181047439575,0.9434601545333863,46.3089017868042,0.028424978256225586
1201,2.8215208053588867,,46.34426665306091,0.02407050132751465
1202,2.8158416748046875,,46.380733251571655,0.02387404441833496
1203,2.8113245964050293,,46.416810274124146,0.025205135345458984
1204,2.8128042221069336,,46.45436334609985,0.02755117416381836
1205,2.8176498413085938,,46.48855137825012,0.02197575569152832
1206,2.820028781890869,,46.52463936805725,0.022454261779785156
1207,2.81321120262146,,46.560863971710205,0.02410435676574707
1208,2.791593074798584,,46.59786343574524,0.031098127365112305
1209,2.8033204078674316,,46.63181781768799,0.024942636489868164
1210,2.8184947967529297,,46.668359994888306,0.021769285202026367
1211,2.797379732131958,,46.7032904624939,0.026527881622314453
1212,2.7848854064941406,,46.74097156524658,0.024010419845581055
1213,2.8124923706054688,,46.77698493003845,0.03028106689453125
1214,2.7930264472961426,,46.81246829032898,0.02564096450805664
1215,2.7964048385620117,,46.84685182571411,0.025578975677490234
1216,2.823598861694336,,46.88276147842407,0.02415943145751953
1217,2.8189148902893066,,46.918586015701294,0.021587610244750977
1218,2.7977499961853027,,46.95440697669983,0.027696609497070312
1219,2.792226791381836,,46.9905903339386,0.02355027198791504
1220,2.8054823875427246,,47.027034282684326,0.025051355361938477
1221,2.7879722118377686,,47.06694793701172,0.030145645141601562
1222,2.7817037105560303,,47.100969076156616,0.024334430694580078
1223,2.767437696456909,,47.13701367378235,0.02441692352294922
1224,2.801487922668457,,47.17315435409546,0.021071672439575195
1225,2.8034987449645996,,47.21064233779907,0.024039030075073242
1226,2.786807060241699,,47.24690508842468,0.025052309036254883
1227,2.7797112464904785,,47.28282952308655,0.02304387092590332
1228,2.7675914764404297,,47.31701612472534,0.025161266326904297
1229,2.763847827911377,,47.35526967048645,0.023193359375
1230,2.783031463623047,,47.39001822471619,0.023161649703979492
1231,2.787860155105591,,47.42666149139404,0.024724960327148438
1232,2.772108554840088,,47.460936307907104,0.024126291275024414
1233,2.7847776412963867,,47.49656414985657,0.029947280883789062
1234,2.792978286743164,,47.53279161453247,0.021060943603515625
1235,2.7955286502838135,,47.56887221336365,0.021732568740844727
1236,2.7890238761901855,,47.60681128501892,0.0279843807220459
1237,2.778217315673828,,47.6415901184082,0.02462625503540039
1238,2.795074224472046,,47.67668175697327,0.024796485900878906
1239,2.783982753753662,,47.71485614776611,0.023142099380493164
1240,2.7781684398651123,,47.74872827529907,0.021756649017333984
1241,2.7907814979553223,,47.78683376312256,0.024149417877197266
1242,2.7777724266052246,,47.82582426071167,0.028893232345581055
1243,2.7662134170532227,,47.86080455780029,0.024240970611572266
1244,2.76711368560791,,47.89698576927185,0.022278785705566406
1245,2.7617621421813965,,47.93286395072937,0.025928258895874023
1246,2.755046844482422,,47.968711137771606,0.022128820419311523
1247,2.7857871055603027,,48.00460076332092,0.027785778045654297
1248,2.7674899101257324,,48.039021730422974,0.02039170265197754
1249,2.7646541595458984,,48.0767560005188,0.026543140411376953
1250,2.747704029083252,,48.11075496673584,0.023778676986694336
1251,2.7561774253845215,,48.14681077003479,0.020578861236572266
1252,2.7689175605773926,,48.182576179504395,0.022035598754882812
1253,2.778830051422119,,48.21893930435181,0.02190423011779785
1254,2.7662668228149414,,48.2542679309845,0.027173280715942383
1255,2.780290126800537,,48.29043173789978,0.023786306381225586
1256,2.755399703979492,,48.326589584350586,0.02957749366760254
1257,2.766296863555908,,48.36661720275879,0.028600692749023438
1258,2.783811092376709,,48.400566816329956,0.023771047592163086
1259,2.7671985626220703,,48.43800663948059,0.03107905387878418
1260,2.744558811187744,,48.47165608406067,0.021150827407836914
1261,2.768963098526001,,48.506569623947144,0.019542932510375977
1262,2.767993927001953,,48.54188656806946,0.019407987594604492
1263,2.766117811203003,,48.57849836349487,0.01952075958251953
1264,2.781322956085205,,48.61679458618164,0.022391557693481445
1265,2.747678756713867,,48.656994104385376,0.025675296783447266
1266,2.7532382011413574,,48.68971085548401,0.02115917205810547
1267,2.762686252593994,,48.72719097137451,0.022213459014892578
1268,2.758387565612793,,48.76192760467529,0.02099776268005371
1269,2.741990089416504,,48.79693341255188,0.020142793655395508
1270,2.7542428970336914,,48.83676195144653,0.024860382080078125
1271,2.755743980407715,,48.86992573738098,0.02332758903503418
1272,2.744485855102539,,48.90667676925659,0.019896984100341797
1273,2.7722864151000977,,48.941697120666504,0.019774436950683594
1274,2.7465906143188477,,48.9767587184906,0.019877910614013672
1275,2.764857769012451,,49.01662874221802,0.024604320526123047
1276,2.7304189205169678,,49.05161499977112,0.024258852005004883
1277,2.760547161102295,,49.08775806427002,0.029033184051513672
1278,2.7575268745422363,,49.127782583236694,0.02593398094177246
1279,2.77433443069458,,49.161900758743286,0.021117448806762695
1280,2.7521424293518066,,49.19841027259827,0.021486997604370117
1281,2.7601022720336914,,49.23018479347229,0.01789259910583496
1282,2.7579145431518555,,49.26667523384094,0.017757415771484375
1283,2.738034248352051,,49.306620597839355,0.022068023681640625
1284,2.744418144226074,,49.342941761016846,0.022097349166870117
1285,2.745502471923828,,49.377614974975586,0.02079916000366211
1286,2.739959478378296,,49.413498401641846,0.026458263397216797
1287,2.7455310821533203,,49.45088529586792,0.022980928421020508
1288,2.7475171089172363,,49.48662853240967,0.02962660789489746
1289,2.7295122146606445,,49.520323514938354,0.023537874221801758
1290,2.7371411323547363,,49.56073880195618,0.024701356887817383
1291,2.734165906906128,,49.59688687324524,0.0290374755859375
1292,2.732675552368164,,49.63327646255493,0.02643728256225586
1293,2.7420523166656494,,49.668967485427856,0.022319555282592773
1294,2.7444229125976562,,49.703436851501465,0.024985790252685547
1295,2.73237681388855,,49.74087119102478,0.024148225784301758
1296,2.748878002166748,,49.77688908576965,0.030094623565673828
1297,2.7437987327575684,,49.81080913543701,0.020436525344848633
1298,2.735659122467041,,49.846948862075806,0.020960569381713867
1299,2.7410888671875,,49.88285541534424,0.02245163917541504
1300,2.734210729598999,0.9429300665855408,49.921921730041504,0.025237321853637695
1301,2.7261061668395996,,49.95861458778381,0.021779537200927734
1302,2.743546485900879,,49.99364399909973,0.023534774780273438
1303,2.722848415374756,,50.03116583824158,0.024587392807006836
1304,2.72918438911438,,50.06687784194946,0.030123472213745117
1305,2.7268595695495605,,50.102983474731445,0.026081562042236328
1306,2.73160457611084,,50.13904309272766,0.022454023361206055
1307,2.7274723052978516,,50.17657947540283,0.024570226669311523
1308,2.7537145614624023,,50.21361017227173,0.021865129470825195
1309,2.7261123657226562,,50.24869656562805,0.02166581153869629
1310,2.7305426597595215,,50.28437042236328,0.02239370346069336
1311,2.737795352935791,,50.32185363769531,0.025017499923706055
1312,2.7188637256622314,,50.357017517089844,0.02258157730102539
1313,2.7288851737976074,,50.39268350601196,0.02451324462890625
1314,2.717172384262085,,50.42958116531372,0.02265644073486328
1315,2.738868236541748,,50.46357464790344,0.021876811981201172
1316,2.7285006046295166,,50.500688791275024,0.02378058433532715
1317,2.721143960952759,,50.536953926086426,0.02611541748046875
1318,2.727477550506592,,50.570913791656494,0.02420973777770996
1319,2.7120704650878906,,50.6069712638855,0.028176307678222656
1320,2.7221975326538086,,50.64283204078674,0.020847082138061523
1321,2.721503496170044,,50.67897987365723,0.021966934204101562
1322,2.7189598083496094,,50.716721296310425,0.026508569717407227
1323,2.720797538757324,,50.750744342803955,0.023717164993286133
1324,2.7160439491271973,,50.78687310218811,0.02514338493347168
1325,2.733044385910034,,50.823683977127075,0.02674388885498047
1326,2.7165138721466064,,50.856834173202515,0.020128250122070312
1327,2.737961769104004,,50.89692521095276,0.025101423263549805
1328,2.729931116104126,,50.93070411682129,0.023685693740844727
1329,2.7226943969726562,,50.96785545349121,0.02617502212524414
1330,2.7132253646850586,,50.999778032302856,0.02289581298828125
1331,2.716092586517334,,51.036826610565186,0.01984429359436035
1332,2.7170522212982178,,51.07366323471069,0.02169060707092285
1333,2.7115864753723145,,51.111955404281616,0.02526569366455078
1334,2.7156190872192383,,51.146915435791016,0.022390127182006836
1335,2.709181308746338,,51.182811975479126,0.025806903839111328
1336,2.711869716644287,,51.21859908103943,0.021958589553833008
1337,2.7324814796447754,,51.254005908966064,0.023474693298339844
1338,2.701338768005371,,51.29104208946228,0.024379968643188477
1339,2.703565835952759,,51.32691717147827,0.02555561065673828
1340,2.7069482803344727,,51.36288285255432,0.02628636360168457
1341,2.714679718017578,,51.39891314506531,0.0220949649810791
1342,2.700312614440918,,51.43695282936096,0.02449798583984375
1343,2.71728515625,,51.47367811203003,0.025938749313354492
1344,2.693023204803467,,51.51061749458313,0.023725509643554688
1345,2.705193519592285,,51.54697823524475,0.0303647518157959
1346,2.7094521522521973,,51.580698013305664,0.02369976043701172
1347,2.7072858810424805,,51.61669063568115,0.029849529266357422
1348,2.6887354850769043,,51.65271806716919,0.02166271209716797
1349,2.704751968383789,,51.688711643218994,0.02176356315612793
1350,2.704094886779785,,51.724486112594604,0.02785348892211914
1351,2.7160139083862305,,51.760348320007324,0.02343010902404785
1352,2.7078473567962646,,51.79699492454529,0.029942989349365234
1353,2.7184412479400635,,51.83361744880676,0.026880741119384766
1354,2.6997828483581543,,51.86886811256409,0.02187371253967285
1355,2.700082778930664,,51.903849363327026,0.026818513870239258
1356,2.6976494789123535,,51.94053101539612,0.023527860641479492
1357,2.701140880584717,,51.97677540779114,0.022102832794189453
1358,2.704401969909668,,52.012734174728394,0.023230552673339844
1359,2.707395553588867,,52.04891633987427,0.02209782600402832
1360,2.7052760124206543,,52.08416175842285,0.022437334060668945
1361,2.698073148727417,,52.122822761535645,0.02580881118774414
1362,2.696969747543335,,52.15901255607605,0.022592782974243164
1363,2.706662178039551,,52.19690823554993,0.024842500686645508
1364,2.696079730987549,,52.23631453514099,0.029545068740844727
1365,2.6980037689208984,,52.274911880493164,0.028048276901245117
1366,2.6961593627929688,,52.31051540374756,0.023836612701416016
1367,2.6740915775299072,,52.346675872802734,0.029863834381103516
1368,2.6853890419006348,,52.38209509849548,0.02371668815612793
1369,2.7151031494140625,,52.417773962020874,0.027451753616333008
1370,2.6960318088531494,,52.4536817073822,0.0316922664642334
1371,2.7070274353027344,,52.48614478111267,0.03246307373046875
1372,2.6773550510406494,,52.52747559547424,0.024142026901245117
1373,2.703230381011963,,52.56299018859863,0.02639174461364746
1374,2.6819753646850586,,52.59965419769287,0.034032344818115234
1375,2.693251609802246,,52.636701822280884,0.02333831787109375
1376,2.6891164779663086,,52.670188903808594,0.025063753128051758
1377,2.690316677093506,,52.70581245422363,0.028977394104003906
1378,2.692936897277832,,52.744389057159424,0.03582596778869629
1379,2.6883227825164795,,52.77206468582153,0.014534473419189453
1380,2.7082767486572266,,52.819705963134766,0.03186535835266113
1381,2.705333709716797,,52.85141682624817,0.03171086311340332
1382,2.705867290496826,,52.88320803642273,0.013770818710327148
1383,2.6911497116088867,,52.918928384780884,0.013770580291748047
1384,2.6798958778381348,,52.962918281555176,0.0258944034576416
1385,2.6715810298919678,,52.99455690383911,0.03163862228393555
1386,2.6879916191101074,,53.02996826171875,0.01965165138244629
1387,2.7047717571258545,,53.069295167922974,0.022318363189697266
1388,2.690420150756836,,53.1051299571991,0.02761387825012207
1389,2.696507453918457,,53.14134120941162,0.03186440467834473
1390,2.679622173309326,,53.178831577301025,0.0374903678894043
1391,2.701840400695801,,53.212932109832764,0.02410292625427246
1392,2.6739397048950195,,53.24871850013733,0.02774834632873535
1393,2.681924343109131,,53.28452157974243,0.030438899993896484
1394,2.6813361644744873,,53.32018828392029,0.035666704177856445
1395,2.685338258743286,,53.35606098175049,0.02392721176147461
1396,2.6812896728515625,,53.392128467559814,0.02823638916015625
1397,2.6940929889678955,,53.42985796928406,0.026586055755615234
1398,2.682547092437744,,53.465524196624756,0.02772378921508789
1399,2.6694319248199463,,53.500154972076416,0.024660348892211914
1400,2.675661087036133,0.9420806527137756,53.54124450683594,0.03369259834289551
1401,2.6800670623779297,,53.57486653327942,0.0331113338470459
1402,2.667050361633301,,53.61172533035278,0.02311420440673828
1403,2.669712543487549,,53.646586894989014,0.026285409927368164
1404,2.6684019565582275,,53.6841094493866,0.03182482719421387
1405,2.675196647644043,,53.719860315322876,0.0357508659362793
1406,2.660688877105713,,53.754252910614014,0.022347688674926758
1407,2.678133487701416,,53.7901074886322,0.0259702205657959
1408,2.6754345893859863,,53.82761883735657,0.0318446159362793
1409,2.6776628494262695,,53.86133599281311,0.02272486686706543
1410,2.6453988552093506,,53.89742732048035,0.021254301071166992
1411,2.665149688720703,,53.93516993522644,0.02820277214050293
1412,2.689279556274414,,53.969743490219116,0.03119182586669922
1413,2.662213087081909,,54.00150656700134,0.03176307678222656
1414,2.6741018295288086,,54.03841829299927,0.021198272705078125
1415,2.672975540161133,,54.069517850875854,0.02089667320251465
1416,2.675337314605713,,54.116658210754395,0.03135991096496582
1417,2.6749610900878906,,54.14851713180542,0.03185892105102539
1418,2.6446738243103027,,54.18924331665039,0.024612903594970703
1419,2.6568374633789062,,54.22408127784729,0.028002023696899414
1420,2.6648402214050293,,54.259708404541016,0.020962238311767578
1421,2.6567606925964355,,54.2976553440094,0.03794693946838379
1422,2.6710355281829834,,54.33251404762268,0.0251767635345459
1423,2.6597213745117188,,54.37011241912842,0.03142404556274414
1424,2.6589488983154297,,54.40493893623352,0.03482651710510254
1425,2.679600238800049,,54.440754413604736,0.0227510929107666
1426,2.6700682640075684,,54.47562313079834,0.02589869499206543
1427,2.685513973236084,,54.513139724731445,0.031655073165893555
1428,2.6627023220062256,,54.549023389816284,0.03588366508483887
1429,2.634559154510498,,54.58315896987915,0.02233433723449707
1430,2.6819448471069336,,54.619373083114624,0.022002220153808594
1431,2.655884265899658,,54.655322790145874,0.02599620819091797
1432,2.665414810180664,,54.692795753479004,0.031812191009521484
1433,2.6731317043304443,,54.7304790019989,0.03768324851989746
1434,2.657566547393799,,54.76529264450073,0.02484440803527832
1435,2.6471073627471924,,54.80102849006653,0.029000520706176758
1436,2.6641812324523926,,54.839431285858154,0.035771846771240234
1437,2.6446704864501953,,54.87292742729187,0.021975994110107422
1438,2.64150071144104,,54.908742904663086,0.026065349578857422
1439,2.660487174987793,,54.94549107551575,0.031170368194580078
1440,2.65474271774292,,54.98155856132507,0.03606748580932617
1441,2.651432991027832,,55.015740394592285,0.022356510162353516
1442,2.6543941497802734,,55.051669120788574,0.026584148406982422
1443,2.6537861824035645,,55.088337898254395,0.031504154205322266
1444,2.6509475708007812,,55.1244158744812,0.03607797622680664
1445,2.6661410331726074,,55.160895109176636,0.022338151931762695
1446,2.6436002254486084,,55.195157527923584,0.024302005767822266
1447,2.6532950401306152,,55.230916261672974,0.028169870376586914
1448,2.642662525177002,,55.26805520057678,0.02817821502685547
1449,2.6488261222839355,,55.3036732673645,0.021697521209716797
1450,2.653374671936035,,55.34003162384033,0.026245594024658203
1451,2.6477956771850586,,55.37407183647156,0.02840256690979004
1452,2.65268611907959,,55.41072225570679,0.03338360786437988
1453,2.647205352783203,,55.44623684883118,0.021384239196777344
1454,2.6483120918273926,,55.481223344802856,0.025028467178344727
1455,2.651517391204834,,55.51686453819275,0.029198646545410156
1456,2.6333465576171875,,55.55296564102173,0.033461809158325195
1457,2.6651811599731445,,55.588783264160156,0.020662784576416016
1458,2.649731397628784,,55.6246018409729,0.02620553970336914
1459,2.6427724361419678,,55.661927461624146,0.03174924850463867
1460,2.6457676887512207,,55.6979546546936,0.03114604949951172
1461,2.652458906173706,,55.73189878463745,0.033944129943847656
1462,2.6425747871398926,,55.76788401603699,0.02207779884338379
1463,2.6472790241241455,,55.80358672142029,0.024852275848388672
1464,2.6361277103424072,,55.840842485427856,0.03166317939758301
1465,2.626807689666748,,55.87481093406677,0.033968448638916016
1466,2.641890525817871,,55.91095471382141,0.022234201431274414
1467,2.6487057209014893,,55.94720506668091,0.026740550994873047
1468,2.6471357345581055,,55.98401689529419,0.03173708915710449
1469,2.6486105918884277,,56.0197057723999,0.03568887710571289
1470,2.6312975883483887,,56.05419564247131,0.02263641357421875
1471,2.654484272003174,,56.08982825279236,0.026488304138183594
1472,2.657083511352539,,56.12704944610596,0.03211379051208496
1473,2.6441650390625,,56.160892486572266,0.033843040466308594
1474,2.6371588706970215,,56.19451546669006,0.019564390182495117
1475,2.6451492309570312,,56.23479413986206,0.02495431900024414
1476,2.650977611541748,,56.2706184387207,0.02865433692932129
1477,2.6361656188964844,,56.30789232254028,0.03422737121582031
1478,2.652439594268799,,56.34199786186218,0.02139139175415039
1479,2.6350297927856445,,56.37138390541077,0.015508890151977539
1480,2.6347572803497314,,56.414252042770386,0.021579265594482422
1481,2.6475563049316406,,56.44594931602478,0.017273664474487305
1482,2.6269781589508057,,56.48557901382446,0.021516799926757812
1483,2.6339821815490723,,56.521198987960815,0.027474641799926758
1484,2.6438350677490234,,56.5579400062561,0.032180070877075195
1485,2.654212474822998,,56.59360361099243,0.035663604736328125
1486,2.6351795196533203,,56.62864398956299,0.02323126792907715
1487,2.644378900527954,,56.664284467697144,0.02158355712890625
1488,2.6370248794555664,,56.70015907287598,0.03124403953552246
1489,2.63156795501709,,56.73579692840576,0.035637855529785156
1490,2.6354634761810303,,56.771605253219604,0.028627872467041016
1491,2.6468257904052734,,56.80732226371765,0.021767616271972656
1492,2.63895583152771,,56.84280872344971,0.02550959587097168
1493,2.6197409629821777,,56.88072419166565,0.03179335594177246
1494,2.633932590484619,,56.914525508880615,0.03380131721496582
1495,2.6358394622802734,,56.9504759311676,0.020860671997070312
1496,2.6424314975738525,,56.98845887184143,0.028324365615844727
1497,2.6131086349487305,,57.025450468063354,0.03342556953430176
1498,2.6305413246154785,,57.0613317489624,0.02184319496154785
1499,2.6353578567504883,,57.09601712226868,0.024852275848388672
1500,2.6285886764526367,0.9445906519889832,57.13979172706604,0.03663921356201172
1501,2.617353916168213,,57.174989461898804,0.024347543716430664
1502,2.637319564819336,,57.210649251937866,0.02854752540588379
1503,2.6393914222717285,,57.24793076515198,0.033918142318725586
1504,2.625869035720825,,57.28211236000061,0.03198575973510742
1505,2.6296863555908203,,57.31977105140686,0.03765869140625
1506,2.625614881515503,,57.35407376289368,0.02437901496887207
1507,2.636712074279785,,57.38982629776001,0.02855658531188965
1508,2.6160922050476074,,57.42676115036011,0.03356313705444336
1509,2.6343679428100586,,57.46255135536194,0.021755218505859375
1510,2.6258318424224854,,57.497334003448486,0.02471137046813965
1511,2.6349453926086426,,57.53319716453552,0.029034137725830078
1512,2.6155571937561035,,57.56990718841553,0.03405261039733887
1513,2.6303367614746094,,57.605435609817505,0.021857500076293945
1514,2.618263006210327,,57.64045238494873,0.02511286735534668
1515,2.619694709777832,,57.67620778083801,0.029055118560791016
1516,2.6237425804138184,,57.71204471588135,0.03316068649291992
1517,2.6284561157226562,,57.74983191490173,0.023903846740722656
1518,2.6190152168273926,,57.77784013748169,0.02032923698425293
1519,2.6166200637817383,,57.82490015029907,0.0316925048828125
1520,2.6221792697906494,,57.858619689941406,0.033719539642333984
1521,2.6178534030914307,,57.88817811012268,0.015846729278564453
1522,2.642364025115967,,57.932456731796265,0.0281524658203125
1523,2.601665735244751,,57.969831228256226,0.033785104751586914
1524,2.6272287368774414,,58.005791425704956,0.03596019744873047
1525,2.610541820526123,,58.04029154777527,0.024805068969726562
1526,2.602677583694458,,58.076075077056885,0.028679847717285156
1527,2.6049938201904297,,58.11152625083923,0.032037973403930664
1528,2.6164705753326416,,58.149142026901245,0.03761577606201172
1529,2.633784532546997,,58.18442416191101,0.025339365005493164
1530,2.6351823806762695,,58.222506523132324,0.03168201446533203
1531,2.62214994430542,,58.25603151321411,0.03352499008178711
1532,2.6179041862487793,,58.29276442527771,0.023056745529174805
1533,2.61844539642334,,58.32167625427246,0.01592087745666504
1534,2.602595329284668,,58.36389350891113,0.0262453556060791
1535,2.630260467529297,,58.40154814720154,0.031919002532958984
1536,2.6131207942962646,,58.43741965293884,0.03587150573730469
1537,2.6148641109466553,,58.47176957130432,0.022516965866088867
1538,2.618272542953491,,58.507561922073364,0.026645660400390625
1539,2.6310174465179443,,58.544756174087524,0.03201746940612793
1540,2.6102094650268555,,58.57879281044006,0.03403663635253906
1541,2.6255764961242676,,58.61502766609192,0.022451400756835938
1542,2.599884033203125,,58.65111041069031,0.02669978141784668
1543,2.6113510131835938,,58.687692403793335,0.03149580955505371
1544,2.5934677124023438,,58.72351002693176,0.035817623138427734
1545,2.6165614128112793,,58.758188009262085,0.022788047790527344
1546,2.626401662826538,,58.794050455093384,0.026913881301879883
1547,2.6082401275634766,,58.82991051673889,0.031163930892944336
1548,2.600234031677246,,58.866766691207886,0.03685617446899414
1549,2.6181228160858154,,58.90154576301575,0.021596193313598633
1550,2.5912277698516846,,58.93738579750061,0.02671217918395996
1551,2.622879981994629,,58.974716901779175,0.0320887565612793
1552,2.6189229488372803,,59.00857067108154,0.033853769302368164
1553,2.6172544956207275,,59.04559135437012,0.022977352142333984
1554,2.6016347408294678,,59.08010482788086,0.025667667388916016
1555,2.5989487171173096,,59.11787414550781,0.031763553619384766
1556,2.6077332496643066,,59.14950919151306,0.03163504600524902
1557,2.6127805709838867,,59.18881273269653,0.023252010345458984
1558,2.598752975463867,,59.22458267211914,0.02731013298034668
1559,2.6034958362579346,,59.26043653488159,0.03171968460083008
1560,2.600365400314331,,59.29956817626953,0.02341914176940918
1561,2.609868288040161,,59.335301637649536,0.027425289154052734
1562,2.608435869216919,,59.37127447128296,0.031682491302490234
1563,2.594419479370117,,59.40874767303467,0.03343796730041504
1564,2.598386287689209,,59.4442880153656,0.021818161010742188
1565,2.5954997539520264,,59.47874355316162,0.024525165557861328
1566,2.617371082305908,,59.51442575454712,0.028583765029907227
1567,2.596540689468384,,59.55158829689026,0.03402566909790039
1568,2.5910911560058594,,59.5871639251709,0.021825790405273438
1569,2.5931026935577393,,59.62195801734924,0.02490687370300293
1570,2.617401123046875,,59.65787696838379,0.029011964797973633
1571,2.592862129211426,,59.693626403808594,0.0317838191986084
1572,2.6040024757385254,,59.72952055931091,0.021822452545166016
1573,2.6094512939453125,,59.765015840530396,0.025519132614135742
1574,2.6046903133392334,,59.80271005630493,0.03152179718017578
1575,2.6026339530944824,,59.83639883995056,0.03368878364562988
1576,2.5985734462738037,,59.867451667785645,0.017000198364257812
1577,2.570216417312622,,59.91237449645996,0.028379201889038086
1578,2.590634346008301,,59.95043730735779,0.03153061866760254
1579,2.6119377613067627,,59.984166622161865,0.03372931480407715
1580,2.606292247772217,,60.01986503601074,0.02203202247619629
1581,2.5905544757843018,,60.05541944503784,0.02599644660949707
1582,2.5819528102874756,,60.09309792518616,0.03162574768066406
1583,2.593146324157715,,60.12465143203735,0.03155350685119629
1584,2.6088271141052246,,60.16459608078003,0.023962974548339844
1585,2.60056209564209,,60.20038652420044,0.02803778648376465
1586,2.605314016342163,,60.2357120513916,0.031751155853271484
1587,2.5946614742279053,,60.273311614990234,0.03759956359863281
1588,2.587784767150879,,60.30749225616455,0.024296283721923828
1589,2.5821635723114014,,60.343276500701904,0.028472185134887695
1590,2.600158452987671,,60.38055777549744,0.03392434120178223
1591,2.567483425140381,,60.41651487350464,0.03595709800720215
1592,2.597003221511841,,60.45070815086365,0.0204617977142334
1593,2.602405071258545,,60.48661971092224,0.0239102840423584
1594,2.5973918437957764,,60.52222990989685,0.02794361114501953
1595,2.5879082679748535,,60.557961225509644,0.03160405158996582
1596,2.5942344665527344,,60.59362459182739,0.03566336631774902
1597,2.6085095405578613,,60.62947630882263,0.023929834365844727
1598,2.5949535369873047,,60.66531777381897,0.028104305267333984
1599,2.593346118927002,,60.70276665687561,0.033811330795288086
1600,2.5881619453430176,0.9420851469039917,60.73978924751282,0.03702259063720703
1601,2.590700387954712,,60.7758994102478,0.02751016616821289
1602,2.5973095893859863,,60.811970472335815,0.03154754638671875
1603,2.5958313941955566,,60.84774160385132,0.03577113151550293
1604,2.5922060012817383,,60.883238792419434,0.023749828338623047
1605,2.59234356880188,,60.919222831726074,0.027484416961669922
1606,2.589829683303833,,60.95489501953125,0.03156328201293945
1607,2.5852229595184326,,60.991692781448364,0.03317594528198242
1608,2.5923519134521484,,61.02688241004944,0.021085023880004883
1609,2.600114583969116,,61.06248664855957,0.02491307258605957
1610,2.578110456466675,,61.098206996917725,0.0291597843170166
1611,2.5762312412261963,,61.13489007949829,0.03409934043884277
1612,2.578712224960327,,61.170387983322144,0.02181220054626465
1613,2.5833075046539307,,61.205673933029175,0.02563023567199707
1614,2.5929055213928223,,61.24366211891174,0.0316312313079834
1615,2.566448450088501,,61.277705907821655,0.03404378890991211
1616,2.5771484375,,61.313841342926025,0.022385358810424805
1617,2.5866317749023438,,61.34967589378357,0.02647113800048828
1618,2.5802106857299805,,61.3864209651947,0.031542062759399414
1619,2.5957207679748535,,61.4222092628479,0.03578829765319824
1620,2.5781984329223633,,61.45742750167847,0.023100852966308594
1621,2.5853724479675293,,61.49297332763672,0.0267183780670166
1622,2.5823607444763184,,61.52879619598389,0.02714991569519043
1623,2.584632635116577,,61.565614461898804,0.032140493392944336
1624,2.585512161254883,,61.60149145126343,0.03587698936462402
1625,2.5869011878967285,,61.63649106025696,0.023040056228637695
1626,2.5769031047821045,,61.67229962348938,0.02713799476623535
1627,2.58208966255188,,61.70815062522888,0.031218528747558594
1628,2.578494071960449,,61.74394512176514,0.03579449653625488
1629,2.577873706817627,,61.77964949607849,0.023827314376831055
1630,2.5720138549804688,,61.81539559364319,0.027851343154907227
1631,2.5611915588378906,,61.851439237594604,0.031939029693603516
1632,2.595736026763916,,61.88726806640625,0.03582882881164551
1633,2.577873706817627,,61.92318058013916,0.023828983306884766
1634,2.577214002609253,,61.958813190460205,0.027965784072875977
1635,2.596632957458496,,61.99454355239868,0.03163623809814453
1636,2.5846893787384033,,62.02786207199097,0.033318519592285156
1637,2.5582122802734375,,62.068514585494995,0.025290250778198242
1638,2.5714540481567383,,62.10414719581604,0.02897024154663086
1639,2.577658176422119,,62.141422510147095,0.034149885177612305
1640,2.576005697250366,,62.17692041397095,0.02182316780090332
1641,2.599778890609741,,62.21170353889465,0.024750232696533203
1642,2.5783896446228027,,62.24740242958069,0.028695344924926758
1643,2.5742580890655518,,62.28467011451721,0.0332643985748291
1644,2.573354482650757,,62.32024574279785,0.03557562828063965
1645,2.586439847946167,,62.35449433326721,0.02437305450439453
1646,2.5726277828216553,,62.390190839767456,0.028123140335083008
1647,2.577969789505005,,62.427414894104004,0.033910512924194336
1648,2.5756585597991943,,62.463072538375854,0.035657644271850586
1649,2.554657459259033,,62.49760103225708,0.024504661560058594
1650,2.560898780822754,,62.53329944610596,0.028598308563232422
1651,2.5764007568359375,,62.57084035873413,0.03423452377319336
1652,2.563962459564209,,62.60457801818848,0.0337376594543457
1653,2.5811679363250732,,62.64050054550171,0.022118568420410156
1654,2.5686283111572266,,62.67620229721069,0.026015281677246094
1655,2.5784173011779785,,62.71363615989685,0.03180575370788574
1656,2.5656979084014893,,62.74765610694885,0.03401994705200195
1657,2.5657169818878174,,62.7856650352478,0.023964405059814453
1658,2.573894739151001,,62.82132077217102,0.028067588806152344
1659,2.5740535259246826,,62.856894731521606,0.03145265579223633
1660,2.5772318840026855,,62.89283752441406,0.035942792892456055
1661,2.566429615020752,,62.92913103103638,0.02451610565185547
1662,2.5713653564453125,,62.964884519577026,0.028671741485595703
1663,2.574753999710083,,63.002079010009766,0.034066200256347656
1664,2.577712297439575,,63.03606677055359,0.03398776054382324
1665,2.5721755027770996,,63.07195234298706,0.023950576782226562
1666,2.559021234512329,,63.10769319534302,0.024162769317626953
1667,2.5681750774383545,,63.14344382286072,0.02897930145263672
1668,2.571917772293091,,63.17935633659363,0.03328728675842285
1669,2.5734448432922363,,63.21518111228943,0.021823644638061523
1670,2.55059552192688,,63.25100493431091,0.025940418243408203
1671,2.556079149246216,,63.28892683982849,0.031847476959228516
1672,2.5568244457244873,,63.32251811027527,0.033591270446777344
1673,2.577956199645996,,63.358776330947876,0.02213144302368164
1674,2.585219144821167,,63.394325494766235,0.02542281150817871
1675,2.5755767822265625,,63.43005919456482,0.029604673385620117
1676,2.559321641921997,,63.46661591529846,0.03395199775695801
1677,2.575713634490967,,63.50228810310364,0.021774768829345703
1678,2.5820322036743164,,63.53694534301758,0.02475881576538086
1679,2.5728096961975098,,63.5726273059845,0.02869105339050293
1680,2.569319486618042,,63.61079239845276,0.03486371040344238
1681,2.5504202842712402,,63.642879009246826,0.03125262260437012
1682,2.5621137619018555,,63.67531609535217,0.016564369201660156
1683,2.5500378608703613,,63.70598387718201,0.015667438507080078
1684,2.559877634048462,,63.753220081329346,0.031408071517944336
1685,2.556858777999878,,63.784807443618774,0.03158736228942871
1686,2.5649843215942383,,63.8234589099884,0.02257561683654785
1687,2.5842831134796143,,63.85936641693115,0.026726722717285156
1688,2.5621116161346436,,63.89603304862976,0.03148627281188965
1689,2.557572841644287,,63.93219876289368,0.036165714263916016
1690,2.5709259510040283,,63.96679663658142,0.0214688777923584
1691,2.5603694915771484,,64.0026307106018,0.02657318115234375
1692,2.553757667541504,,64.03938913345337,0.031496524810791016
1693,2.5679540634155273,,64.0753059387207,0.035916805267333984
1694,2.5520131587982178,,64.10997986793518,0.022823333740234375
1695,2.563328504562378,,64.14583587646484,0.027117490768432617
1696,2.5687198638916016,,64.18180751800537,0.027390718460083008
1697,2.5669150352478027,,64.21762752532959,0.03104686737060547
1698,2.572327136993408,,64.25456190109253,0.03693437576293945
1699,2.571335792541504,,64.28930687904358,0.0240175724029541
1700,2.5748202800750732,0.9425946593284606,64.32916402816772,0.03220939636230469
1701,2.5527350902557373,,64.36507940292358,0.035915374755859375
1702,2.5541422367095947,,64.39267635345459,0.015933990478515625
1703,2.5546908378601074,,64.44010972976685,0.03140449523925781
1704,2.5572409629821777,,64.47203469276428,0.03192496299743652
1705,2.5563595294952393,,64.51409769058228,0.026059865951538086
1706,2.558954954147339,,64.55164909362793,0.031888723373413086
1707,2.5734784603118896,,64.58733177185059,0.03568267822265625
1708,2.566168785095215,,64.62181186676025,0.02273869514465332
1709,2.559457540512085,,64.66240882873535,0.031491756439208984
1710,2.539534568786621,,64.69824814796448,0.03135538101196289
1711,2.5436744689941406,,64.73376989364624,0.035521745681762695
1712,2.558352470397949,,64.7692596912384,0.02343297004699707
1713,2.571664810180664,,64.80499935150146,0.027667760848999023
1714,2.567941427230835,,64.84049320220947,0.03137469291687012
1715,2.5516316890716553,,64.876300573349,0.03580737113952637
1716,2.5539422035217285,,64.91232991218567,0.024100065231323242
1717,2.553227663040161,,64.9481246471405,0.02817225456237793
1718,2.5395562648773193,,64.98484826087952,0.029289722442626953
1719,2.5489449501037598,,65.02077722549438,0.021929264068603516
1720,2.556241989135742,,65.05641293525696,0.025861263275146484
1721,2.5486907958984375,,65.09445405006409,0.03186941146850586
1722,2.552649974822998,,65.13017773628235,0.03572368621826172
1723,2.5636141300201416,,65.16409993171692,0.021848678588867188
1724,2.5507349967956543,,65.20020413398743,0.02619791030883789
1725,2.552215814590454,,65.23621797561646,0.02769160270690918
1726,2.5489602088928223,,65.27203607559204,0.03157782554626465
1727,2.537118434906006,,65.30798506736755,0.035948991775512695
1728,2.5652918815612793,,65.34424018859863,0.023219823837280273
1729,2.5681135654449463,,65.3801589012146,0.02855968475341797
1730,2.5632855892181396,,65.41693496704102,0.03338766098022461
1731,2.5625457763671875,,65.45275521278381,0.0217440128326416
1732,2.5385732650756836,,65.48757910728455,0.024848222732543945
1733,2.5512468814849854,,65.52335453033447,0.029174327850341797
1734,2.5545897483825684,,65.55926084518433,0.033241987228393555
1735,2.5316052436828613,,65.5952787399292,0.022011280059814453
1736,2.554225444793701,,65.63094592094421,0.025982379913330078
1737,2.5609591007232666,,65.66833782196045,0.031759023666381836
1738,2.5343363285064697,,65.70227575302124,0.033937931060791016
1739,2.5360445976257324,,65.7366373538971,0.020401477813720703
1740,2.5659728050231934,,65.77821445465088,0.025910377502441406
1741,2.5452404022216797,,65.81249189376831,0.02858424186706543
1742,2.519972085952759,,65.84940886497498,0.033518075942993164
1743,2.5436811447143555,,65.88521647453308,0.021808385848999023
1744,2.54160213470459,,65.92005252838135,0.024863004684448242
1745,2.5533599853515625,,65.95587205886841,0.02898430824279785
1746,2.5437376499176025,,65.99168992042542,0.033177852630615234
1747,2.555448532104492,,66.02252650260925,0.016710758209228516
1748,2.5376100540161133,,66.0631000995636,0.025586366653442383
1749,2.531912088394165,,66.10084056854248,0.03169608116149902
1750,2.547297954559326,,66.13453316688538,0.03369259834289551
1751,2.545456886291504,,66.16422176361084,0.015713930130004883
1752,2.541749954223633,,66.19575715065002,0.015743255615234375
1753,2.546781539916992,,66.2428948879242,0.03131675720214844
1754,2.535411834716797,,66.27989888191223,0.021344423294067383
1755,2.5434722900390625,,66.31120300292969,0.031304121017456055
1756,2.5539040565490723,,66.3429741859436,0.01570892333984375
1757,2.539985418319702,,66.37443423271179,0.015668630599975586
1758,2.544602155685425,,66.42181777954102,0.03159451484680176
1759,2.537168025970459,,66.45351576805115,0.015645503997802734
1760,2.5216264724731445,,66.48537921905518,0.014512777328491211
1761,2.554518699645996,,66.51693773269653,0.01566147804260254
1762,2.5241575241088867,,66.56434965133667,0.03135061264038086
1763,2.541214942932129,,66.59573721885681,0.015672922134399414
1764,2.548693895339966,,66.62711358070374,0.015665292739868164
1765,2.5430397987365723,,66.67566919326782,0.03251504898071289
1766,2.5480990409851074,,66.7058892250061,0.03022003173828125
1767,2.535885810852051,,66.745840549469,0.02424478530883789
1768,2.547358512878418,,66.78177118301392,0.028441905975341797
1769,2.549668312072754,,66.8180193901062,0.025710105895996094
1770,2.544701099395752,,66.85580277442932,0.03197622299194336
1771,2.5304155349731445,,66.89129996299744,0.035497188568115234
1772,2.529676914215088,,66.92532873153687,0.02210545539855957
1773,2.5493030548095703,,66.9631290435791,0.028196096420288086
1774,2.538227081298828,,66.99816989898682,0.03148841857910156
1775,2.536931037902832,,67.03420114517212,0.036031246185302734
1776,2.5203347206115723,,67.06898880004883,0.022908449172973633
1777,2.53252911567688,,67.1047830581665,0.027128219604492188
1778,2.5318877696990967,,67.14055800437927,0.031104326248168945
1779,2.5404202938079834,,67.1763985157013,0.035840511322021484
1780,2.530975103378296,,67.21246528625488,0.024085521697998047
1781,2.5350594520568848,,67.24838018417358,0.02828073501586914
1782,2.529789447784424,,67.28579068183899,0.034028053283691406
1783,2.529886484146118,,67.31964015960693,0.033849477767944336
1784,2.5430588722229004,,67.35132789611816,0.03168773651123047
1785,2.5540852546691895,,67.39131379127502,0.024168729782104492
1786,2.530677556991577,,67.42708730697632,0.028455257415771484
1787,2.528296947479248,,67.46379899978638,0.0334622859954834
1788,2.527529239654541,,67.49942755699158,0.02173781394958496
1789,2.545794725418091,,67.53437232971191,0.025023460388183594
1790,2.532017946243286,,67.5701105594635,0.02907252311706543
1791,2.521200656890869,,67.60685133934021,0.03411364555358887
1792,2.5348851680755615,,67.64274549484253,0.021833419799804688
1793,2.513955593109131,,67.67775964736938,0.02507185935974121
1794,2.525607109069824,,67.71351933479309,0.029047012329101562
1795,2.534989833831787,,67.74942946434021,0.0331573486328125
1796,2.5313422679901123,,67.78516340255737,0.02183699607849121
1797,2.544201612472534,,67.82089376449585,0.025856733322143555
1798,2.5263962745666504,,67.85661554336548,0.029628276824951172
1799,2.5199859142303467,,67.89256525039673,0.029042959213256836
1800,2.5389323234558105,0.9428301572799682,67.93292546272278,0.03768301010131836
1801,2.534719944000244,,67.96715331077576,0.02426624298095703
1802,2.5220813751220703,,68.00293827056885,0.026346445083618164
1803,2.5332775115966797,,68.04002904891968,0.03366231918334961
1804,2.5410656929016113,,68.07581067085266,0.02182626724243164
1805,2.5248658657073975,,68.11082816123962,0.025103092193603516
1806,2.517496109008789,,68.14658212661743,0.029112577438354492
1807,2.5350520610809326,,68.18233323097229,0.03316307067871094
1808,2.5296714305877686,,68.21848201751709,0.022360801696777344
1809,2.518035411834717,,68.2544264793396,0.026347875595092773
1810,2.5354647636413574,,68.29136371612549,0.03166031837463379
1811,2.5249738693237305,,68.32706379890442,0.035700082778930664
1812,2.538712978363037,,68.36192512512207,0.022766590118408203
1813,2.5250918865203857,,68.39774322509766,0.022505998611450195
1814,2.5168769359588623,,68.43355560302734,0.02648472785949707
1815,2.539792537689209,,68.4704155921936,0.03173685073852539
1816,2.5184617042541504,,68.50617122650146,0.03575563430786133
1817,2.514772891998291,,68.54106378555298,0.022849082946777344
1818,2.530273914337158,,68.57669401168823,0.026584148406982422
1819,2.521469831466675,,68.61397647857666,0.03171277046203613
1820,2.5295488834381104,,68.6497004032135,0.03572392463684082
1821,2.5248236656188965,,68.68463563919067,0.023241519927978516
1822,2.530534267425537,,68.72034692764282,0.026926755905151367
1823,2.5223968029022217,,68.75618433952332,0.03122711181640625
1824,2.5241994857788086,,68.79210209846497,0.03591775894165039
1825,2.534010410308838,,68.8277473449707,0.02375173568725586
1826,2.5311787128448486,,68.86343789100647,0.027695894241333008
1827,2.512942314147949,,68.89938163757324,0.03177976608276367
1828,2.5240981578826904,,68.93661332130432,0.0372316837310791
1829,2.5280237197875977,,68.97162532806396,0.02332901954650879
1830,2.516018867492676,,69.00738191604614,0.027332305908203125
1831,2.52689528465271,,69.04295778274536,0.03143572807312012
1832,2.509925365447998,,69.08076620101929,0.03780841827392578
1833,2.5189642906188965,,69.11523723602295,0.02449512481689453
1834,2.518371105194092,,69.15108299255371,0.028670787811279297
1835,2.519129514694214,,69.186603307724,0.03218364715576172
1836,2.507612466812134,,69.2241199016571,0.03751659393310547
1837,2.514124870300293,,69.25920009613037,0.025129318237304688
1838,2.5333409309387207,,69.29505252838135,0.029483795166015625
1839,2.534954309463501,,69.33091807365417,0.033229827880859375
1840,2.519653081893921,,69.36681604385376,0.02203512191772461
1841,2.51446270942688,,69.40252923965454,0.026147842407226562
1842,2.5226938724517822,,69.43995761871338,0.03058338165283203
1843,2.507899284362793,,69.47572755813599,0.031005144119262695
1844,2.530205011367798,,69.50971961021423,0.03399205207824707
1845,2.518793821334839,,69.54563593864441,0.021997690200805664
1846,2.51530122756958,,69.58143353462219,0.026070833206176758
1847,2.519443988800049,,69.61893200874329,0.031891584396362305
1848,2.511213541030884,,69.65251660346985,0.0335845947265625
1849,2.5186614990234375,,69.68857002258301,0.022040843963623047
1850,2.521049737930298,,69.72423791885376,0.025942087173461914
1851,2.510625123977661,,69.76194953918457,0.03200888633728027
1852,2.5089540481567383,,69.79570508003235,0.03375554084777832
1853,2.5118322372436523,,69.83191156387329,0.022530078887939453
1854,2.5107412338256836,,69.86768579483032,0.026694297790527344
1855,2.5168399810791016,,69.90492010116577,0.032117605209350586
1856,2.5267064571380615,,69.94061589241028,0.035695791244506836
1857,2.5325801372528076,,69.97260856628418,0.020232200622558594
1858,2.5139636993408203,,70.0139548778534,0.02552962303161621
1859,2.51497220993042,,70.0519552230835,0.031787872314453125
1860,2.514199733734131,,70.08554077148438,0.033585548400878906
1861,2.5124313831329346,,70.11546111106873,0.015877962112426758
1862,2.5088539123535156,,70.16314697265625,0.03194928169250488
1863,2.513883113861084,,70.19898295402527,0.035835981369018555
1864,2.5219905376434326,,70.23361802101135,0.022864580154418945
1865,2.50833797454834,,70.26964902877808,0.02718949317932129
1866,2.5113253593444824,,70.30550932884216,0.031127214431762695
1867,2.5384533405303955,,70.34317994117737,0.03767061233520508
1868,2.5242128372192383,,70.37760090827942,0.024476289749145508
1869,2.506702423095703,,70.41413235664368,0.029301881790161133
1870,2.514617443084717,,70.45020985603333,0.03335094451904297
1871,2.5109448432922363,,70.4861147403717,0.02193164825439453
1872,2.507856845855713,,70.52202010154724,0.021474361419677734
1873,2.508007526397705,,70.55792284011841,0.026239395141601562
1874,2.5154876708984375,,70.59528756141663,0.03171515464782715
1875,2.5171422958374023,,70.6307225227356,0.03543496131896973
1876,2.5034124851226807,,70.66584610939026,0.023064374923706055
1877,2.5222902297973633,,70.70168972015381,0.027207374572753906
1878,2.5125677585601807,,70.73756670951843,0.031281471252441406
1879,2.5154666900634766,,70.77515196800232,0.03758525848388672
1880,2.5123815536499023,,70.80943441390991,0.024330854415893555
1881,2.5056488513946533,,70.8454179763794,0.028599262237548828
1882,2.511955738067627,,70.88236403465271,0.033820390701293945
1883,2.5166373252868652,,70.91807460784912,0.021878719329833984
1884,2.520230531692505,,70.95310592651367,0.025140762329101562
1885,2.511502742767334,,70.99116826057434,0.031339406967163086
1886,2.513115882873535,,71.02753448486328,0.03636622428894043
1887,2.505934238433838,,71.06130003929138,0.03292655944824219
1888,2.5051279067993164,,71.09710383415222,0.021727561950683594
1889,2.5031015872955322,,71.13327312469482,0.026201963424682617
1890,2.492255926132202,,71.17029857635498,0.03134608268737793
1891,2.5181238651275635,,71.20626330375671,0.0359647274017334
1892,2.495976209640503,,71.2415657043457,0.023355960845947266
1893,2.5085411071777344,,71.27769207954407,0.027955055236816406
1894,2.4983561038970947,,71.31513690948486,0.03402900695800781
1895,2.501357316970825,,71.35061120986938,0.021817445755004883
1896,2.5053040981292725,,71.38647270202637,0.02592301368713379
1897,2.513974666595459,,71.42406940460205,0.03182721138000488
1898,2.5210516452789307,,71.45789670944214,0.032694101333618164
1899,2.4910426139831543,,71.4942979812622,0.022626876831054688
1900,2.504312515258789,0.9423145294189453,71.53503942489624,0.031632423400878906
1901,2.51285982131958,,71.57099485397339,0.03595542907714844
1902,2.4901516437530518,,71.60682344436646,0.035828590393066406
1903,2.492089033126831,,71.64123106002808,0.022739887237548828
1904,2.5030856132507324,,71.67733764648438,0.02710747718811035
1905,2.4948654174804688,,71.71301817893982,0.030974864959716797
1906,2.497453212738037,,71.74888563156128,0.03586745262145996
1907,2.51076078414917,,71.78477644920349,0.023878097534179688
1908,2.4993693828582764,,71.82077240943909,0.02827763557434082
1909,2.5205187797546387,,71.85618042945862,0.03192901611328125
1910,2.5028624534606934,,71.89369368553162,0.021799564361572266
1911,2.492433547973633,,71.91947197914124,0.015765666961669922
1912,2.5143439769744873,,71.96674227714539,0.031378984451293945
1913,2.504929542541504,,72.00225591659546,0.03551363945007324
1914,2.52506160736084,,72.03664302825928,0.022359132766723633
1915,2.5106663703918457,,72.07236123085022,0.0263364315032959
1916,2.504981756210327,,72.10839653015137,0.03082418441772461
1917,2.499199867248535,,72.14533138275146,0.03191685676574707
1918,2.4959137439727783,,72.1803970336914,0.035065650939941406
1919,2.494802951812744,,72.21640086174011,0.02409052848815918
1920,2.4980075359344482,,72.25253891944885,0.02846503257751465
1921,2.5217723846435547,,72.2898690700531,0.0339052677154541
1922,2.5124666690826416,,72.32590866088867,0.03603959083557129
1923,2.510176181793213,,72.36025094985962,0.024512529373168945
1924,2.5020532608032227,,72.3961250782013,0.028610944747924805
1925,2.49936842918396,,72.4335343837738,0.0340120792388916
1926,2.5032851696014404,,72.46917605400085,0.03564167022705078
1927,2.503305196762085,,72.50392699241638,0.024803876876831055
1928,2.5116209983825684,,72.54017734527588,0.02927231788635254
1929,2.5092601776123047,,72.57580494880676,0.03299546241760254
1930,2.4913558959960938,,72.61170530319214,0.02199268341064453
1931,2.498373031616211,,72.64850902557373,0.023268461227416992
1932,2.5150742530822754,,72.68472838401794,0.028064727783203125
1933,2.498079299926758,,72.72010326385498,0.03175997734069824
1934,2.4835214614868164,,72.75782322883606,0.0377199649810791
1935,2.4933881759643555,,72.79193115234375,0.024123668670654297
1936,2.5079851150512695,,72.82781052589417,0.028223514556884766
1937,2.493778705596924,,72.86318016052246,0.03201866149902344
1938,2.499466896057129,,72.9007682800293,0.03758811950683594
1939,2.511432647705078,,72.93515753746033,0.024410724639892578
1940,2.5023531913757324,,72.97116041183472,0.02878427505493164
1941,2.488830089569092,,73.00786256790161,0.03362679481506348
1942,2.5011372566223145,,73.04357242584229,0.021779775619506836
1943,2.499875783920288,,73.07830142974854,0.024827241897583008
1944,2.4912779331207275,,73.11420965194702,0.0291750431060791
1945,2.509915351867676,,73.15319490432739,0.03639698028564453
1946,2.505661725997925,,73.19100451469421,0.03780961036682129
1947,2.5008962154388428,,73.22650980949402,0.02555108070373535
1948,2.493263006210327,,73.26506662368774,0.0323338508605957
1949,2.4856858253479004,,73.29570531845093,0.017926454544067383
1950,2.49999737739563,,73.32712578773499,0.013768434524536133
1951,2.5001447200775146,,73.3704903125763,0.02177286148071289
1952,2.4836606979370117,,73.40647768974304,0.03181958198547363
1953,2.488510847091675,,73.44240164756775,0.03592395782470703
1954,2.497406482696533,,73.47817969322205,0.023808717727661133
1955,2.4909019470214844,,73.51381087303162,0.026844501495361328
1956,2.4848408699035645,,73.55120515823364,0.034011125564575195
1957,2.4870567321777344,,73.58674144744873,0.021808862686157227
1958,2.4927401542663574,,73.62138414382935,0.024700641632080078
1959,2.5050835609436035,,73.65721011161804,0.02868199348449707
1960,2.5032174587249756,,73.69323897361755,0.03292584419250488
1961,2.496469020843506,,73.728679895401,0.0320286750793457
1962,2.4970149993896484,,73.76629710197449,0.03761720657348633
1963,2.497802257537842,,73.80033421516418,0.024060964584350586
1964,2.4951324462890625,,73.83615756034851,0.02812814712524414
1965,2.4896037578582764,,73.87160468101501,0.03207135200500488
1966,2.482913017272949,,73.90918827056885,0.03758358955383301
1967,2.4887523651123047,,73.9436297416687,0.024538755416870117
1968,2.4932022094726562,,73.97930932044983,0.02857518196105957
1969,2.479022979736328,,74.01652812957764,0.03386998176574707
1970,2.486692190170288,,74.05202794075012,0.02179884910583496
1971,2.4792394638061523,,74.08709907531738,0.025102853775024414
1972,2.4823198318481445,,74.12563467025757,0.03194117546081543
1973,2.484222650527954,,74.16070914268494,0.035074472427368164
1974,2.4911258220672607,,74.19658923149109,0.023977279663085938
1975,2.485085964202881,,74.2323431968689,0.02377152442932129
1976,2.4815146923065186,,74.26845693588257,0.027745962142944336
1977,2.4781646728515625,,74.30422806739807,0.03162956237792969
1978,2.499805450439453,,74.34011483192444,0.03588676452636719
1979,2.498770236968994,,74.37593913078308,0.023853063583374023
1980,2.490957498550415,,74.41184735298157,0.028218507766723633
1981,2.4949562549591064,,74.44717717170715,0.03175640106201172
1982,2.495410919189453,,74.48288631439209,0.03570914268493652
1983,2.478208065032959,,74.51879382133484,0.024051427841186523
1984,2.481813907623291,,74.55470156669617,0.028070688247680664
1985,2.512413501739502,,74.58995056152344,0.031642913818359375
1986,2.498194456100464,,74.62585234642029,0.035901784896850586
1987,2.5108790397644043,,74.66187787055969,0.024102449417114258
1988,2.4860877990722656,,74.69795751571655,0.028336048126220703
1989,2.488607406616211,,74.7359471321106,0.03460860252380371
1990,2.4858195781707764,,74.7695415019989,0.0330815315246582
1991,2.4871315956115723,,74.80554866790771,0.021857500076293945
1992,2.4812965393066406,,74.84098196029663,0.025563478469848633
1993,2.4941465854644775,,74.87854862213135,0.031464576721191406
1994,2.500476360321045,,74.91209316253662,0.03354454040527344
1995,2.4768831729888916,,74.9481692314148,0.022176742553710938
1996,2.4980156421661377,,74.98413681983948,0.02630782127380371
1997,2.4848074913024902,,75.02137780189514,0.03189969062805176
1998,2.484569787979126,,75.05696320533752,0.03558540344238281
1999,2.4841346740722656,,75.09161829948425,0.02266836166381836
2000,2.5007753372192383,0.9416355490684509,75.13236856460571,0.03170490264892578
2001,2.4836785793304443,,75.16795635223389,0.03558778762817383
2002,2.4722580909729004,,75.20315480232239,0.023062705993652344
2003,2.484133005142212,,75.23909425735474,0.027340412139892578
2004,2.4857382774353027,,75.27758431434631,0.03427481651306152
2005,2.4797017574310303,,75.31107354164124,0.03297305107116699
2006,2.486621141433716,,75.34686732292175,0.021962642669677734
2007,2.4712798595428467,,75.382817029953,0.02498483657836914
2008,2.4737157821655273,,75.420254945755,0.031760215759277344
2009,2.4893410205841064,,75.45387172698975,0.03361678123474121
2010,2.4977004528045654,,75.48995304107666,0.022348880767822266
2011,2.4882688522338867,,75.52571129798889,0.02631235122680664
2012,2.4753541946411133,,75.56315565109253,0.03206515312194824
2013,2.4800634384155273,,75.59714698791504,0.033991336822509766
2014,2.4905765056610107,,75.63298416137695,0.021976709365844727
2015,2.492079973220825,,75.66874122619629,0.025974273681640625
2016,2.490832805633545,,75.706218957901,0.03175711631774902
2017,2.4782848358154297,,75.74213361740112,0.03591465950012207
2018,2.484724998474121,,75.77698063850403,0.02309703826904297
2019,2.4796295166015625,,75.81287789344788,0.027222871780395508
2020,2.485308885574341,,75.84860134124756,0.0274813175201416
2021,2.484492063522339,,75.88439750671387,0.03119492530822754
2022,2.476533889770508,,75.92188787460327,0.0374903678894043
2023,2.4739506244659424,,75.95625495910645,0.024685144424438477
2024,2.481565237045288,,75.99196004867554,0.028717517852783203
2025,2.4821279048919678,,76.02882957458496,0.03382706642150879
2026,2.4746012687683105,,76.05843091011047,0.01573967933654785
2027,2.482696533203125,,76.10351943969727,0.029007673263549805
2028,2.4788544178009033,,76.14122605323792,0.03498697280883789
2029,2.479842185974121,,76.17519545555115,0.021836280822753906
2030,2.4804747104644775,,76.21113705635071,0.026137351989746094
2031,2.4749841690063477,,76.24844813346863,0.031717777252197266
2032,2.483506441116333,,76.28435564041138,0.03590750694274902
2033,2.4806575775146484,,76.31873655319214,0.022574186325073242
2034,2.485313653945923,,76.35599040985107,0.021916866302490234
2035,2.481048583984375,,76.39041042327881,0.02584671974182129
2036,2.4945991039276123,,76.42829513549805,0.031795501708984375
2037,2.478239059448242,,76.46202063560486,0.03372550010681152
2038,2.477897882461548,,76.49206805229187,0.015932321548461914
2039,2.4782986640930176,,76.53198528289795,0.023988962173461914
2040,2.4901556968688965,,76.5717396736145,0.027844905853271484
2041,2.4800424575805664,,76.61558365821838,0.028143644332885742
2042,2.4828457832336426,,76.6500940322876,0.031357526779174805
2043,2.4761974811553955,,76.69279050827026,0.026929378509521484
2044,2.4823029041290283,,76.72930026054382,0.03195524215698242
2045,2.4807450771331787,,76.76487708091736,0.035576820373535156
2046,2.4790382385253906,,76.80000257492065,0.02323007583618164
2047,2.4724340438842773,,76.83602786064148,0.027574777603149414
2048,2.4854719638824463,,76.87225651741028,0.03233051300048828
2049,2.4755914211273193,,76.90815782546997,0.031456947326660156
2050,2.485248565673828,,76.94386219978333,0.03570437431335449
2051,2.475940227508545,,76.97973608970642,0.023999452590942383
2052,2.4769084453582764,,77.01551270484924,0.02804398536682129
2053,2.471750020980835,,77.05219411849976,0.033119916915893555
2054,2.4738450050354004,,77.08705592155457,0.03486180305480957
2055,2.4703710079193115,,77.12362241744995,0.024887561798095703
2056,2.4824776649475098,,77.16181826591492,0.031579017639160156
2057,2.470465660095215,,77.1973512172699,0.03553295135498047
2058,2.4745430946350098,,77.2314715385437,0.022119998931884766
2059,2.4829375743865967,,77.26739406585693,0.026324033737182617
2060,2.4861884117126465,,77.304372549057,0.03163790702819824
2061,2.4749433994293213,,77.34024572372437,0.0358731746673584
2062,2.4728963375091553,,77.3751449584961,0.022943735122680664
2063,2.472317695617676,,77.41140341758728,0.021810054779052734
2064,2.480895519256592,,77.44722008705139,0.02608776092529297
2065,2.4789929389953613,,77.4845826625824,0.03164339065551758
2066,2.476372480392456,,77.52054738998413,0.0359647274017334
2067,2.4608216285705566,,77.55517029762268,0.022900819778442383
2068,2.473294973373413,,77.59080862998962,0.027042865753173828
2069,2.472045421600342,,77.62766861915588,0.03174543380737305
2070,2.4715120792388916,,77.66315007209778,0.03548145294189453
2071,2.4780447483062744,,77.69881963729858,0.02369832992553711
2072,2.480607271194458,,77.73469710350037,0.0278778076171875
2073,2.46138858795166,,77.77026653289795,0.031824588775634766
2074,2.4737186431884766,,77.80599784851074,0.03573131561279297
2075,2.4586992263793945,,77.8422224521637,0.024247169494628906
2076,2.48042631149292,,77.87795734405518,0.0283663272857666
2077,2.4615318775177,,77.91537547111511,0.03404116630554199
2078,2.469609260559082,,77.94963479042053,0.03268837928771973
2079,2.474822759628296,,77.98553967475891,0.021824359893798828
2080,2.463714599609375,,78.02116560935974,0.025730609893798828
2081,2.479400634765625,,78.05882692337036,0.03180098533630371
2082,2.4633195400238037,,78.09447264671326,0.03564572334289551
2083,2.48040771484375,,78.12868738174438,0.022191524505615234
2084,2.4617714881896973,,78.16442465782166,0.026079893112182617
2085,2.46036958694458,,78.20189905166626,0.03189563751220703
2086,2.478321075439453,,78.23561072349548,0.03371167182922363
2087,2.465592861175537,,78.27166604995728,0.022151708602905273
2088,2.4754292964935303,,78.30749201774597,0.02574014663696289
2089,2.4833452701568604,,78.34332776069641,0.02963399887084961
2090,2.4793689250946045,,78.37926077842712,0.033330440521240234
2091,2.465486764907837,,78.41525912284851,0.021919965744018555
2092,2.4817612171173096,,78.45104122161865,0.02570796012878418
2093,2.46601939201355,,78.48682832717896,0.026653051376342773
2094,2.4673726558685303,,78.5240228176117,0.032115936279296875
2095,2.4655394554138184,,78.55793738365173,0.03391456604003906
2096,2.477231025695801,,78.59411072731018,0.022204875946044922
2097,2.4705865383148193,,78.62987875938416,0.026227712631225586
2098,2.4739437103271484,,78.6673653125763,0.03200817108154297
2099,2.4585962295532227,,78.70303416252136,0.03566884994506836
2100,2.472494125366211,0.9421509623527526,78.74023723602295,0.025431156158447266
2101,2.4663376808166504,,78.77813911437988,0.03151750564575195
2102,2.4718503952026367,,78.81174993515015,0.03361082077026367
2103,2.4680464267730713,,78.8475980758667,0.021717309951782227
2104,2.4585394859313965,,78.8835301399231,0.0258944034576416
2105,2.4741759300231934,,78.92140889167786,0.031777381896972656
2106,2.463491916656494,,78.9551453590393,0.033736467361450195
2107,2.455540180206299,,78.98637413978577,0.01714944839477539
2108,2.4717867374420166,,79.02953052520752,0.027091503143310547
2109,2.463874340057373,,79.06540751457214,0.03119826316833496
2110,2.454589605331421,,79.10315299034119,0.03774547576904297
2111,2.4567627906799316,,79.12883186340332,0.015703678131103516
2112,2.4649031162261963,,79.17331004142761,0.02714371681213379
2113,2.4598207473754883,,79.21006417274475,0.033379316329956055
2114,2.476167678833008,,79.24593234062195,0.02176189422607422
2115,2.47100830078125,,79.28039312362671,0.024495840072631836
2116,2.463392972946167,,79.31636381149292,0.028786420822143555
2117,2.476548194885254,,79.35225033760071,0.032804250717163086
2118,2.4602251052856445,,79.38985919952393,0.022904634475708008
2119,2.483786106109619,,79.42557716369629,0.02684164047241211
2120,2.4623560905456543,,79.46303629875183,0.03237104415893555
2121,2.465123414993286,,79.49351811408997,0.01750349998474121
2122,2.471268653869629,,79.53024911880493,0.01779460906982422
2123,2.4545421600341797,,79.56365466117859,0.013770580291748047
2124,2.464836359024048,,79.60845232009888,0.02364039421081543
2125,2.4659905433654785,,79.64035701751709,0.019195556640625
2126,2.4642069339752197,,79.67125797271729,0.013770341873168945
2127,2.4590370655059814,,79.70689010620117,0.013767242431640625
2128,2.4693493843078613,,79.75023770332336,0.020720720291137695
2129,2.4638514518737793,,79.78158187866211,0.017518043518066406
2130,2.468216896057129,,79.82154679298401,0.02218937873840332
2131,2.4678163528442383,,79.85740518569946,0.02857232093811035
2132,2.4658870697021484,,79.89424395561218,0.03345441818237305
2133,2.461756467819214,,79.93006896972656,0.021811723709106445
2134,2.456862449645996,,79.96499037742615,0.02501511573791504
2135,2.459805727005005,,80.00063133239746,0.02901768684387207
2136,2.467153549194336,,80.03780007362366,0.03404974937438965
2137,2.4657530784606934,,80.0738844871521,0.03184390068054199
2138,2.4587903022766113,,80.10900020599365,0.035115718841552734
2139,2.4555201530456543,,80.1375458240509,0.0160062313079834
2140,2.4493818283081055,,80.18471145629883,0.03139233589172363
2141,2.4663333892822266,,80.22741031646729,0.026990175247192383
2142,2.4574978351593018,,80.26402974128723,0.021549701690673828
2143,2.454129695892334,,80.30015873908997,0.036128997802734375
2144,2.4663236141204834,,80.33598065376282,0.022849082946777344
2145,2.4645466804504395,,80.37178945541382,0.028147220611572266
2146,2.458374261856079,,80.40728497505188,0.03203535079956055
2147,2.4549102783203125,,80.44294953346252,0.03566455841064453
2148,2.4629759788513184,,80.47899055480957,0.02419281005859375
2149,2.4614017009735107,,80.51458311080933,0.02808070182800293
2150,2.4600095748901367,,80.55174899101257,0.03382468223571777
2151,2.45353364944458,,80.58706164360046,0.02165818214416504
2152,2.465118408203125,,80.6228256225586,0.021761417388916016
2153,2.4518890380859375,,80.65790820121765,0.024989604949951172
2154,2.472662925720215,,80.69358968734741,0.028977632522583008
2155,2.448908805847168,,80.73038482666016,0.034166574478149414
2156,2.457122325897217,,80.76586270332336,0.021744251251220703
2157,2.450878381729126,,80.80081224441528,0.024978160858154297
2158,2.4463469982147217,,80.83680748939514,0.029343366622924805
2159,2.470658302307129,,80.87260389328003,0.033133506774902344
2160,2.4698688983917236,,80.90228128433228,0.015755891799926758
2161,2.457629680633545,,80.94417071342468,0.025928497314453125
2162,2.459627389907837,,80.98161363601685,0.031798362731933594
2163,2.467402935028076,,81.01528096199036,0.03366732597351074
2164,2.452314615249634,,81.05132579803467,0.021967172622680664
2165,2.4509196281433105,,81.08739638328552,0.02637338638305664
2166,2.455385684967041,,81.12334442138672,0.025426864624023438
2167,2.4503846168518066,,81.16032814979553,0.03166842460632324
2168,2.4579479694366455,,81.19599938392639,0.035671234130859375
2169,2.453881025314331,,81.23085021972656,0.022995471954345703
2170,2.4538512229919434,,81.26679015159607,0.02718210220336914
2171,2.4603681564331055,,81.30519223213196,0.033777713775634766
2172,2.448810577392578,,81.34080910682678,0.03561687469482422
2173,2.4452693462371826,,81.37560725212097,0.024927139282226562
2174,2.4469194412231445,,81.41136121749878,0.029133081436157227
2175,2.4557814598083496,,81.44819784164429,0.03417325019836426
2176,2.460028886795044,,81.48402214050293,0.021470308303833008
2177,2.4601120948791504,,81.51895093917847,0.02495265007019043
2178,2.4529714584350586,,81.55488348007202,0.029215574264526367
2179,2.4535412788391113,,81.59064722061157,0.03314208984375
2180,2.446122169494629,,81.62556004524231,0.020915985107421875
2181,2.459110736846924,,81.66428017616272,0.023038864135742188
2182,2.449233055114746,,81.69997024536133,0.02574944496154785
2183,2.453624725341797,,81.7371277809143,0.032029151916503906
2184,2.4525513648986816,,81.77092909812927,0.03380131721496582
2185,2.4440362453460693,,81.8072497844696,0.022579193115234375
2186,2.4628286361694336,,81.84289836883545,0.026456117630004883
2187,2.451817035675049,,81.87978386878967,0.03172016143798828
2188,2.4703338146209717,,81.91558742523193,0.03580355644226074
2189,2.4525065422058105,,81.95035076141357,0.02274298667907715
2190,2.4589717388153076,,81.98609948158264,0.026628494262695312
2191,2.456120252609253,,82.02283883094788,0.03162240982055664
2192,2.4575273990631104,,82.05852437019348,0.03568553924560547
2193,2.4492809772491455,,82.09347915649414,0.02300715446472168
2194,2.451686143875122,,82.12947416305542,0.027231931686401367
2195,2.462265729904175,,82.16696619987488,0.033269405364990234
2196,2.449037551879883,,82.20483469963074,0.037868499755859375
2197,2.46457576751709,,82.23911452293396,0.024335622787475586
2198,2.4553654193878174,,82.27490305900574,0.028362035751342773
2199,2.4533514976501465,,82.31219434738159,0.03397250175476074
2200,2.4532017707824707,0.9419186472892761,82.34943056106567,0.023480892181396484
2201,2.4573121070861816,,82.38511657714844,0.02747178077697754
2202,2.4410953521728516,,82.42084956169128,0.031610965728759766
2203,2.4554576873779297,,82.4583477973938,0.03749823570251465
2204,2.44437313079834,,82.49249172210693,0.02420186996459961
2205,2.4491958618164062,,82.52826952934265,0.02817535400390625
2206,2.4404892921447754,,82.5657229423523,0.03406715393066406
2207,2.4510581493377686,,82.59968495368958,0.03396201133728027
2208,2.4482951164245605,,82.63580751419067,0.024173498153686523
2209,2.45190167427063,,82.67169070243835,0.028318166732788086
2210,2.4531612396240234,,82.7094292640686,0.03436851501464844
2211,2.4480068683624268,,82.74499940872192,0.03557014465332031
2212,2.4481077194213867,,82.78117752075195,0.024295568466186523
2213,2.4537384510040283,,82.81699824333191,0.028345584869384766
2214,2.4552245140075684,,82.85389494895935,0.032257080078125
2215,2.44802188873291,,82.88983535766602,0.021831274032592773
2216,2.4425883293151855,,82.92441058158875,0.02462935447692871
2217,2.4503586292266846,,82.96017384529114,0.0286252498626709
2218,2.454672336578369,,82.99693632125854,0.03363990783691406
2219,2.4537875652313232,,83.03186655044556,0.021008729934692383
2220,2.451106071472168,,83.07416367530823,0.027525901794433594
2221,2.452997922897339,,83.10996079444885,0.024037599563598633
2222,2.4513134956359863,,83.14413452148438,0.022067546844482422
2223,2.4624147415161133,,83.18004417419434,0.026237964630126953
2224,2.45186448097229,,83.21679425239563,0.0315399169921875
2225,2.452143669128418,,83.2536244392395,0.03102397918701172
2226,2.450429916381836,,83.28726291656494,0.03363847732543945
2227,2.4447598457336426,,83.32362771034241,0.022539138793945312
2228,2.440838575363159,,83.35942888259888,0.02650594711303711
2229,2.4539313316345215,,83.39627408981323,0.030484914779663086
2230,2.4377388954162598,,83.43211197853088,0.03583788871765137
2231,2.4447083473205566,,83.46682095527649,0.02283024787902832
2232,2.441779851913452,,83.50264382362366,0.02690720558166504
2233,2.4561710357666016,,83.53874731063843,0.03146171569824219
2234,2.436305284500122,,83.57559013366699,0.03684282302856445
2235,2.450876235961914,,83.61054921150208,0.02427077293395996
2236,2.4591879844665527,,83.64622259140015,0.02813267707824707
2237,2.446099042892456,,83.68166494369507,0.03204798698425293
2238,2.4361095428466797,,83.71932530403137,0.03766036033630371
2239,2.4625229835510254,,83.75066995620728,0.021503448486328125
2240,2.4411704540252686,,83.79225826263428,0.025923490524291992
2241,2.450159788131714,,83.82971715927124,0.03136157989501953
2242,2.4519147872924805,,83.86529397964478,0.035576820373535156
2243,2.4482533931732178,,83.89940094947815,0.021895170211791992
2244,2.4446535110473633,,83.93510580062866,0.02590465545654297
2245,2.4449563026428223,,83.97277116775513,0.0318911075592041
2246,2.444995403289795,,84.00637674331665,0.03360557556152344
2247,2.4490020275115967,,84.04252171516418,0.022192001342773438
2248,2.4425601959228516,,84.07825875282288,0.026192665100097656
2249,2.448559284210205,,84.11569046974182,0.03180575370788574
2250,2.445025682449341,,84.14750623703003,0.03181576728820801
2251,2.44266939163208,,84.19580578804016,0.03263688087463379
2252,2.443791389465332,,84.22598314285278,0.03017735481262207
2253,2.439415693283081,,84.2729926109314,0.03131914138793945
2254,2.443147659301758,,84.3096251487732,0.03144526481628418
2255,2.446962594985962,,84.34731411933899,0.0376889705657959
2256,2.44537091255188,,84.3815598487854,0.02432870864868164
2257,2.4305782318115234,,84.41768836975098,0.02892923355102539
2258,2.445592164993286,,84.45338439941406,0.03302574157714844
2259,2.4424939155578613,,84.48935127258301,0.02228689193725586
2260,2.458850383758545,,84.52521705627441,0.02615070343017578
2261,2.4409170150756836,,84.56263446807861,0.031820058822631836
2262,2.441361904144287,,84.59641122817993,0.03377676010131836
2263,2.466898202896118,,84.63243174552917,0.022248268127441406
2264,2.449465751647949,,84.66806983947754,0.026173114776611328
2265,2.4398112297058105,,84.7054340839386,0.03173995018005371
2266,2.440328359603882,,84.74123096466064,0.0357968807220459
2267,2.4340806007385254,,84.77551174163818,0.0225064754486084
2268,2.4431591033935547,,84.80576586723328,0.021019935607910156
2269,2.449763298034668,,84.84938168525696,0.028079986572265625
2270,2.444520950317383,,84.88492369651794,0.03188204765319824
2271,2.438352108001709,,84.92264580726624,0.037722110748291016
2272,2.4413199424743652,,84.9570140838623,0.024691343307495117
2273,2.440955638885498,,84.99261856079102,0.028520584106445312
2274,2.4447784423828125,,85.02931261062622,0.03355836868286133
2275,2.446719169616699,,85.06494975090027,0.02169179916381836
2276,2.4419898986816406,,85.09985852241516,0.0237424373626709
2277,2.4409666061401367,,85.13579177856445,0.02917337417602539
2278,2.4283738136291504,,85.1718361377716,0.03340601921081543
2279,2.440643310546875,,85.20751309394836,0.021991491317749023
2280,2.4363203048706055,,85.243173122406,0.026032686233520508
2281,2.443086862564087,,85.28071665763855,0.03194785118103027
2282,2.4365439414978027,,85.31435704231262,0.033640384674072266
2283,2.454054832458496,,85.34785866737366,0.019677400588989258
2284,2.4523327350616455,,85.38878417015076,0.025317907333374023
2285,2.444478750228882,,85.42435264587402,0.029043197631835938
2286,2.4402148723602295,,85.46100234985352,0.03405308723449707
2287,2.4395132064819336,,85.49654865264893,0.021832942962646484
2288,2.4500765800476074,,85.5318009853363,0.025145769119262695
2289,2.436697244644165,,85.56980514526367,0.03155708312988281
2290,2.4229578971862793,,85.603759765625,0.033954620361328125
2291,2.43001651763916,,85.63942313194275,0.021848201751708984
2292,2.4396886825561523,,85.67514061927795,0.025788068771362305
2293,2.446876287460327,,85.71316242218018,0.03187847137451172
2294,2.4374210834503174,,85.74698233604431,0.03381991386413574
2295,2.4461963176727295,,85.78290390968323,0.020792007446289062
2296,2.444232940673828,,85.8188681602478,0.026154279708862305
2297,2.439462661743164,,85.85616397857666,0.03163933753967285
2298,2.458533763885498,,85.89006519317627,0.033901214599609375
2299,2.4306106567382812,,85.92761421203613,0.03754901885986328
2300,2.451287031173706,0.9418503761291503,85.96480798721313,0.02727484703063965
2301,2.447293281555176,,86.00043249130249,0.031020164489746094
2302,2.428513526916504,,86.0362343788147,0.03580188751220703
2303,2.4392974376678467,,86.07217621803284,0.02271413803100586
2304,2.4384870529174805,,86.10813403129578,0.02823162078857422
2305,2.4408376216888428,,86.14545679092407,0.03194379806518555
2306,2.4370532035827637,,86.18114471435547,0.021808147430419922
2307,2.4342005252838135,,86.21635699272156,0.025347232818603516
2308,2.4368157386779785,,86.2542929649353,0.031662702560424805
2309,2.428239107131958,,86.28796625137329,0.032556772232055664
2310,2.4391045570373535,,86.32405424118042,0.02198028564453125
2311,2.436236619949341,,86.35997247695923,0.026177644729614258
2312,2.437303066253662,,86.39738059043884,0.03180074691772461
2313,2.4411048889160156,,86.43132472038269,0.027789831161499023
2314,2.4278950691223145,,86.46853137016296,0.03383016586303711
2315,2.4286859035491943,,86.50240898132324,0.03387761116027832
2316,2.4314684867858887,,86.53851842880249,0.024150371551513672
2317,2.4370970726013184,,86.57438278198242,0.02823925018310547
2318,2.4290566444396973,,86.61169862747192,0.033866167068481445
2319,2.4403553009033203,,86.64738416671753,0.03568553924560547
2320,2.4363832473754883,,86.68165302276611,0.02429795265197754
2321,2.442164897918701,,86.71729326248169,0.02799224853515625
2322,2.425919532775879,,86.75287628173828,0.03138136863708496
2323,2.417931079864502,,86.79076838493347,0.03789210319519043
2324,2.4299066066741943,,86.82507872581482,0.02465200424194336
2325,2.4346678256988525,,86.8607165813446,0.028538227081298828
2326,2.4420738220214844,,86.89749884605408,0.03366684913635254
2327,2.4435412883758545,,86.93082284927368,0.019513607025146484
2328,2.4308621883392334,,86.9702296257019,0.024005889892578125
2329,2.4408228397369385,,87.00598287582397,0.02771782875061035
2330,2.4319989681243896,,87.04146480560303,0.03140616416931152
2331,2.4360053539276123,,87.07736921310425,0.0359044075012207
2332,2.419525146484375,,87.11327528953552,0.02391505241394043
2333,2.434067964553833,,87.15259766578674,0.028378009796142578
2334,2.4262635707855225,,87.18614196777344,0.033544301986694336
2335,2.432865619659424,,87.22199869155884,0.022021055221557617
2336,2.4352617263793945,,87.25784420967102,0.026148557662963867
2337,2.424412727355957,,87.29522037506104,0.03170943260192871
2338,2.4342029094696045,,87.32902216911316,0.03380179405212402
2339,2.445830821990967,,87.36524248123169,0.021487712860107422
2340,2.4331042766571045,,87.40110945701599,0.02649378776550293
2341,2.43337082862854,,87.43845820426941,0.03176999092102051
2342,2.429001808166504,,87.47410368919373,0.035645484924316406
2343,2.4339911937713623,,87.507807970047,0.033704280853271484
2344,2.4353528022766113,,87.54380559921265,0.02192997932434082
2345,2.4429101943969727,,87.57943439483643,0.02470231056213379
2346,2.428196430206299,,87.61714506149292,0.03198385238647461
2347,2.4258065223693848,,87.65074014663696,0.03359508514404297
2348,2.427753210067749,,87.68668794631958,0.022005558013916016
2349,2.433445692062378,,87.7222249507904,0.025959253311157227
2350,2.42651629447937,,87.75997757911682,0.031673431396484375
2351,2.428858518600464,,87.79351544380188,0.033537864685058594
2352,2.4312243461608887,,87.82933759689331,0.02175426483154297
2353,2.4297378063201904,,87.86504483222961,0.02575087547302246
2354,2.4245331287384033,,87.90284037590027,0.031760454177856445
2355,2.4283740520477295,,87.93648338317871,0.03364300727844238
2356,2.419266700744629,,87.97239589691162,0.02191948890686035
2357,2.4213128089904785,,88.00806879997253,0.02158212661743164
2358,2.4226505756378174,,88.04382538795471,0.025908470153808594
2359,2.4316320419311523,,88.08118653297424,0.03173208236694336
2360,2.4151034355163574,,88.11533737182617,0.03415083885192871
2361,2.432396411895752,,88.14630579948425,0.01726388931274414
2362,2.43101167678833,,88.18804597854614,0.027325153350830078
2363,2.420442581176758,,88.22368144989014,0.031033039093017578
2364,2.427401542663574,,88.25952124595642,0.03583979606628418
2365,2.4301815032958984,,88.29540753364563,0.02399730682373047
2366,2.424999475479126,,88.33131194114685,0.028128385543823242
2367,2.4390761852264404,,88.36865425109863,0.03371858596801758
2368,2.4393231868743896,,88.40429162979126,0.03563737869262695
2369,2.435375213623047,,88.43855953216553,0.024289369583129883
2370,2.4317541122436523,,88.47428894042969,0.02812814712524414
2371,2.4156837463378906,,88.50971388816833,0.03204512596130371
2372,2.4394664764404297,,88.54559707641602,0.035883188247680664
2373,2.4330146312713623,,88.58173871040344,0.02218461036682129
2374,2.4409425258636475,,88.61746954917908,0.026101350784301758
2375,2.4264235496520996,,88.65471124649048,0.031640052795410156
2376,2.432408094406128,,88.68850302696228,0.03379178047180176
2377,2.4287774562835693,,88.72444748878479,0.02120351791381836
2378,2.4338130950927734,,88.76020312309265,0.026091337203979492
2379,2.4366612434387207,,88.79759287834167,0.0317380428314209
2380,2.4306702613830566,,88.83139204978943,0.033799171447753906
2381,2.4260616302490234,,88.86729216575623,0.022025585174560547
2382,2.431676149368286,,88.90294432640076,0.026077985763549805
2383,2.445356607437134,,88.94054698944092,0.03083205223083496
2384,2.4213993549346924,,88.97401523590088,0.03346824645996094
2385,2.421297073364258,,89.00998878479004,0.022061586380004883
2386,2.430948257446289,,89.04591250419617,0.024067163467407227
2387,2.4161906242370605,,89.08167314529419,0.025689363479614258
2388,2.4224250316619873,,89.11875462532043,0.031786441802978516
2389,2.427435874938965,,89.15441751480103,0.03566288948059082
2390,2.426213264465332,,89.18936586380005,0.023065567016601562
2391,2.430246591567993,,89.22501850128174,0.027006864547729492
2392,2.417877674102783,,89.26102757453918,0.03136014938354492
2393,2.4321343898773193,,89.29673886299133,0.03571128845214844
2394,2.438335418701172,,89.33257699012756,0.02395915985107422
2395,2.428208351135254,,89.36830186843872,0.027591228485107422
2396,2.4246912002563477,,89.40413069725037,0.03169894218444824
2397,2.4186058044433594,,89.44017457962036,0.03604388236999512
2398,2.4233124256134033,,89.47616744041443,0.024178504943847656
2399,2.4216935634613037,,89.51195073127747,0.028246641159057617
2400,2.4214584827423096,0.9403970003128052,89.55117440223694,0.03580212593078613
2401,2.425341844558716,,89.58363485336304,0.020526409149169922
2402,2.4389262199401855,,89.62511944770813,0.025444507598876953
2403,2.436296224594116,,89.66346740722656,0.03217911720275879
2404,2.430004596710205,,89.69689106941223,0.033423662185668945
2405,2.4302830696105957,,89.73302030563354,0.022206544876098633
2406,2.4253365993499756,,89.76880192756653,0.026137828826904297
2407,2.433298110961914,,89.80638670921326,0.031568288803100586
2408,2.429805278778076,,89.84030032157898,0.033913612365722656
2409,2.4254980087280273,,89.87608075141907,0.020761728286743164
2410,2.4265756607055664,,89.91188645362854,0.02597975730895996
2411,2.43993878364563,,89.94972395896912,0.0317072868347168
2412,2.4251341819763184,,89.98349571228027,0.03377175331115723
2413,2.4211645126342773,,90.01941108703613,0.021884918212890625
2414,2.41782808303833,,90.0551323890686,0.025644540786743164
2415,2.4420371055603027,,90.09083676338196,0.028327465057373047
2416,2.4201321601867676,,90.12758469581604,0.03412270545959473
2417,2.4138317108154297,,90.1631715297699,0.03558683395385742
2418,2.4184274673461914,,90.19869685173035,0.023534059524536133
2419,2.42587947845459,,90.23449206352234,0.027643442153930664
2420,2.4261674880981445,,90.27029848098755,0.0317380428314209
2421,2.41275954246521,,90.30611300468445,0.035814523696899414
2422,2.4134445190429688,,90.3420398235321,0.023990869522094727
2423,2.415825128555298,,90.37798261642456,0.027027368545532227
2424,2.424898862838745,,90.41511034965515,0.03356003761291504
2425,2.4167065620422363,,90.4509756565094,0.021795988082885742
2426,2.422938108444214,,90.48581838607788,0.02488875389099121
2427,2.4252617359161377,,90.52152371406555,0.02909374237060547
2428,2.431983709335327,,90.55826020240784,0.03413891792297363
2429,2.423264980316162,,90.59382438659668,0.02183389663696289
2430,2.4188668727874756,,90.62911653518677,0.025343894958496094
2431,2.4113619327545166,,90.66519784927368,0.025967121124267578
2432,2.4327948093414307,,90.70221543312073,0.0319368839263916
2433,2.424394130706787,,90.73806118965149,0.03584575653076172
2434,2.423490285873413,,90.77286767959595,0.022815704345703125
2435,2.4283127784729004,,90.8088755607605,0.027020931243896484
2436,2.422363758087158,,90.84475684165955,0.03126382827758789
2437,2.4184041023254395,,90.88055634498596,0.035799503326416016
2438,2.4160776138305664,,90.9165391921997,0.024082183837890625
2439,2.42264461517334,,90.9522111415863,0.028024673461914062
2440,2.4152393341064453,,90.98762893676758,0.03182053565979004
2441,2.4274048805236816,,91.02535438537598,0.03772544860839844
2442,2.411672830581665,,91.05989170074463,0.024567365646362305
2443,2.4148311614990234,,91.09570789337158,0.02873063087463379
2444,2.4202466011047363,,91.13249230384827,0.033698081970214844
2445,2.4238600730895996,,91.16693544387817,0.020448684692382812
2446,2.413066864013672,,91.20587944984436,0.022903919219970703
2447,2.417407989501953,,91.24193787574768,0.025945186614990234
2448,2.427170753479004,,91.27782654762268,0.031369686126708984
2449,2.4214839935302734,,91.31345582008362,0.0356292724609375
2450,2.4284861087799072,,91.34938383102417,0.023946285247802734
2451,2.4226150512695312,,91.38541674613953,0.028295516967773438
2452,2.428455352783203,,91.42232847213745,0.03349876403808594
2453,2.4171411991119385,,91.45793628692627,0.02192211151123047
2454,2.4146475791931152,,91.49311017990112,0.02525496482849121
2455,2.4208316802978516,,91.52895402908325,0.029186248779296875
2456,2.4155185222625732,,91.56495761871338,0.03339886665344238
2457,2.4159159660339355,,91.60092234611511,0.022017717361450195
2458,2.418327808380127,,91.63668751716614,0.025909900665283203
2459,2.4108834266662598,,91.67418003082275,0.03175497055053711
2460,2.415879249572754,,91.70863223075867,0.034452199935913086
2461,2.41831111907959,,91.74656462669373,0.037932395935058594
2462,2.4277122020721436,,91.78211736679077,0.025542736053466797
2463,2.412257671356201,,91.82000422477722,0.03175473213195801
2464,2.416752576828003,,91.85383129119873,0.03382706642150879
2465,2.4208333492279053,,91.88961863517761,0.021920204162597656
2466,2.4195518493652344,,91.9253568649292,0.025955915451049805
2467,2.4137325286865234,,91.96287846565247,0.031891822814941406
2468,2.421729564666748,,91.99881792068481,0.03593945503234863
2469,2.410871744155884,,92.033207654953,0.022265195846557617
2470,2.4244258403778076,,92.06893348693848,0.026128768920898438
2471,2.4248194694519043,,92.1064076423645,0.03183627128601074
2472,2.425227165222168,,92.14176511764526,0.03535747528076172
2473,2.410029888153076,,92.17709565162659,0.023201704025268555
2474,2.419682502746582,,92.21316862106323,0.02749943733215332
2475,2.416795253753662,,92.2490816116333,0.03200125694274902
2476,2.423093318939209,,92.28585696220398,0.034140825271606445
2477,2.415243625640869,,92.32140970230103,0.021754980087280273
2478,2.4257967472076416,,92.35629773139954,0.024925947189331055
2479,2.415557622909546,,92.39235329627991,0.02858257293701172
2480,2.416321039199829,,92.42814612388611,0.03318667411804199
2481,2.420837879180908,,92.46398544311523,0.021968364715576172
2482,2.419942617416382,,92.49963068962097,0.026047706604003906
2483,2.41483211517334,,92.53703570365906,0.03139758110046387
2484,2.4190120697021484,,92.57206058502197,0.03502488136291504
2485,2.422860860824585,,92.60680317878723,0.021953821182250977
2486,2.424464225769043,,92.6425666809082,0.025995254516601562
2487,2.424492120742798,,92.68005108833313,0.03165268898010254
2488,2.407130718231201,,92.71411800384521,0.03406691551208496
2489,2.423895835876465,,92.7501175403595,0.022334575653076172
2490,2.418771266937256,,92.78623867034912,0.021908283233642578
2491,2.422062635421753,,92.8216814994812,0.025450468063354492
2492,2.4174351692199707,,92.85964751243591,0.03178095817565918
2493,2.4113924503326416,,92.89342498779297,0.033777475357055664
2494,2.417670249938965,,92.92932963371277,0.022015094757080078
2495,2.4186651706695557,,92.96508622169495,0.02616095542907715
2496,2.435513734817505,,93.00246167182922,0.03175830841064453
2497,2.4232146739959717,,93.03819370269775,0.03573203086853027
2498,2.411684036254883,,93.07222318649292,0.02198338508605957
2499,2.4113543033599854,,93.10812306404114,0.02615976333618164
2500,2.41752290725708,0.9407803058624268,93.1471300125122,0.03343534469604492
2501,2.410970687866211,,93.18293929100037,0.022074460983276367
2502,2.411255359649658,,93.21879148483276,0.026265382766723633
2503,2.4112730026245117,,93.25608491897583,0.032019853591918945
2504,2.4069323539733887,,93.29200005531311,0.03591513633728027
2505,2.4267191886901855,,93.32990646362305,0.03790640830993652
2506,2.408836603164673,,93.36471438407898,0.024835586547851562
2507,2.413148880004883,,93.40060019493103,0.028861284255981445
2508,2.411898136138916,,93.43733072280884,0.03406882286071777
2509,2.4102587699890137,,93.47327208518982,0.021862030029296875
2510,2.4024486541748047,,93.50816822052002,0.024963855743408203
2511,2.41884183883667,,93.54374980926514,0.028980255126953125
2512,2.420271158218384,,93.58106470108032,0.03419208526611328
2513,2.413435697555542,,93.61642217636108,0.02166748046875
2514,2.4163742065429688,,93.65141916275024,0.025307655334472656
2515,2.422901153564453,,93.68706679344177,0.029117107391357422
2516,2.4260592460632324,,93.72253131866455,0.03295183181762695
2517,2.4132790565490723,,93.75240206718445,0.015750646591186523
2518,2.4088213443756104,,93.79739904403687,0.028995990753173828
2519,2.4187417030334473,,93.83499574661255,0.03497433662414551
2520,2.414989948272705,,93.86850190162659,0.033506155014038086
2521,2.429529905319214,,93.90432810783386,0.021738767623901367
2522,2.416738510131836,,93.93970155715942,0.025442838668823242
2523,2.416152000427246,,93.97546291351318,0.027928829193115234
2524,2.412250280380249,,94.01133060455322,0.03325152397155762
2525,2.409417152404785,,94.04706168174744,0.022072553634643555
2526,2.399505376815796,,94.08293175697327,0.026307106018066406
2527,2.4132637977600098,,94.12014389038086,0.03162574768066406
2528,2.4144301414489746,,94.15726709365845,0.03712320327758789
2529,2.4003562927246094,,94.19449591636658,0.027591705322265625
2530,2.422009229660034,,94.23079991340637,0.03205466270446777
2531,2.4130606651306152,,94.26666808128357,0.035868167877197266
2532,2.410651683807373,,94.30390524864197,0.0255126953125
2533,2.4201509952545166,,94.32555031776428,0.015648365020751953
2534,2.415815830230713,,94.3636577129364,0.016076326370239258
2535,2.407421588897705,,94.41088771820068,0.03140687942504883
2536,2.4133918285369873,,94.44264674186707,0.031759023666381836
2537,2.412811279296875,,94.48106384277344,0.022680997848510742
2538,2.411163568496704,,94.5169267654419,0.02675628662109375
2539,2.4082565307617188,,94.55424642562866,0.03203439712524414
2540,2.4048378467559814,,94.58817958831787,0.033933162689208984
2541,2.4189791679382324,,94.62403392791748,0.02176213264465332
2542,2.409940242767334,,94.65986323356628,0.025961637496948242
2543,2.4022440910339355,,94.69749855995178,0.03194785118103027
2544,2.4226675033569336,,94.73118424415588,0.03368568420410156
2545,2.4129891395568848,,94.76683402061462,0.021715402603149414
2546,2.411652088165283,,94.80265974998474,0.025784015655517578
2547,2.402120590209961,,94.8402271270752,0.03165555000305176
2548,2.4069061279296875,,94.87538743019104,0.03516030311584473
2549,2.4229278564453125,,94.90718054771423,0.03179311752319336
2550,2.408614158630371,,94.93903708457947,0.015860795974731445
2551,2.405116558074951,,94.98078680038452,0.026023149490356445
2552,2.395216464996338,,95.01850533485413,0.03217887878417969
2553,2.413051128387451,,95.05209755897522,0.03359222412109375
2554,2.4160819053649902,,95.08834958076477,0.022281408309936523
2555,2.4149346351623535,,95.12404537200928,0.025372028350830078
2556,2.415097713470459,,95.16142106056213,0.0317535400390625
2557,2.4190330505371094,,95.19518518447876,0.03376412391662598
2558,2.4137024879455566,,95.23116874694824,0.022171735763549805
2559,2.4098775386810303,,95.26677393913269,0.026076078414916992
2560,2.41326642036438,,95.30416560173035,0.03175091743469238
2561,2.412166118621826,,95.33811140060425,0.03282284736633301
2562,2.406358480453491,,95.37414264678955,0.02232503890991211
2563,2.4106712341308594,,95.40999984741211,0.026721715927124023
2564,2.4009017944335938,,95.44587349891663,0.028756380081176758
2565,2.4020583629608154,,95.48253154754639,0.03400683403015137
2566,2.4116923809051514,,95.51846122741699,0.02183842658996582
2567,2.3974697589874268,,95.55316019058228,0.024718523025512695
2568,2.4100921154022217,,95.58910751342773,0.028981924057006836
2569,2.4092888832092285,,95.62569880485535,0.033934593200683594
2570,2.4025466442108154,,95.66134548187256,0.02178812026977539
2571,2.4070000648498535,,95.69615030288696,0.024896860122680664
2572,2.416093587875366,,95.73186779022217,0.029088735580444336
2573,2.4157588481903076,,95.76874351501465,0.03419089317321777
2574,2.4190266132354736,,95.80473208427429,0.021889209747314453
2575,2.4178311824798584,,95.83945655822754,0.024948596954345703
2576,2.4074695110321045,,95.87514162063599,0.02859807014465332
2577,2.4011759757995605,,95.91042971611023,0.03202652931213379
2578,2.420137643814087,,95.94483017921448,0.03440046310424805
2579,2.39523983001709,,95.98428201675415,0.023511648178100586
2580,2.4157261848449707,,96.02413964271545,0.03155183792114258
2581,2.407529830932617,,96.0577163696289,0.03357672691345215
2582,2.4153525829315186,,96.09348058700562,0.0219724178314209
2583,2.4041173458099365,,96.12916660308838,0.025994539260864258
2584,2.399505376815796,,96.16671705245972,0.03175806999206543
2585,2.404109001159668,,96.20031142234802,0.033594369888305664
2586,2.4035942554473877,,96.23630261421204,0.021960020065307617
2587,2.418778657913208,,96.27191233634949,0.02572321891784668
2588,2.4129514694213867,,96.3096010684967,0.031630754470825195
2589,2.3975515365600586,,96.34323740005493,0.03363633155822754
2590,2.410310745239258,,96.37921619415283,0.021988391876220703
2591,2.4079651832580566,,96.41522407531738,0.026222944259643555
2592,2.4095399379730225,,96.45320701599121,0.03287076950073242
2593,2.402017116546631,,96.4882435798645,0.035036563873291016
2594,2.411210298538208,,96.52203607559204,0.03379249572753906
2595,2.3993120193481445,,96.55810189247131,0.022257089614868164
2596,2.41017746925354,,96.5941071510315,0.026499032974243164
2597,2.4009783267974854,,96.63125252723694,0.031975507736206055
2598,2.415062665939331,,96.6661696434021,0.03491711616516113
2599,2.401520252227783,,96.7012927532196,0.02209639549255371
2600,2.3965511322021484,0.9410046577453614,96.73980903625488,0.028863191604614258
2601,2.4052891731262207,,96.77660465240479,0.03369784355163574
2602,2.4006834030151367,,96.81211709976196,0.021794557571411133
2603,2.3915445804595947,,96.84736394882202,0.025324583053588867
2604,2.4199233055114746,,96.88507390022278,0.03154921531677246
2605,2.4026989936828613,,96.91869735717773,0.033623456954956055
2606,2.4094810485839844,,96.95440864562988,0.021981239318847656
2607,2.4024453163146973,,96.99028038978577,0.025834321975708008
2608,2.4138715267181396,,97.02618432044983,0.025786638259887695
2609,2.410262107849121,,97.06289792060852,0.03155875205993652
2610,2.4020252227783203,,97.09898614883423,0.03608822822570801
2611,2.4133658409118652,,97.13330960273743,0.02263784408569336
2612,2.41265869140625,,97.16909098625183,0.024679183959960938
2613,2.4115352630615234,,97.20587587356567,0.0317230224609375
2614,2.4091460704803467,,97.24159669876099,0.0357208251953125
2615,2.417846202850342,,97.27649712562561,0.02298903465270996
2616,2.408010959625244,,97.31232643127441,0.027254104614257812
2617,2.4102046489715576,,97.3490960597992,0.032169342041015625
2618,2.4018545150756836,,97.3848626613617,0.0357666015625
2619,2.397787094116211,,97.42010450363159,0.02321648597717285
2620,2.4091382026672363,,97.4562635421753,0.027672767639160156
2621,2.405125141143799,,97.49207496643066,0.031691551208496094
2622,2.3912129402160645,,97.528151512146,0.03607654571533203
2623,2.4076828956604004,,97.5663537979126,0.03820228576660156
2624,2.4081273078918457,,97.60216355323792,0.026121139526367188
2625,2.409806251525879,,97.63995170593262,0.031758785247802734
2626,2.410658359527588,,97.67364239692688,0.033690690994262695
2627,2.409844398498535,,97.70933055877686,0.021709442138671875
2628,2.4091365337371826,,97.7450315952301,0.02567315101623535
2629,2.4044418334960938,,97.78274512290955,0.03157687187194824
2630,2.401411771774292,,97.81658577919006,0.03384065628051758
2631,2.4071784019470215,,97.8524489402771,0.021982431411743164
2632,2.400991916656494,,97.88824987411499,0.026109933853149414
2633,2.4034392833709717,,97.92558526992798,0.03174734115600586
2634,2.405881643295288,,97.95948791503906,0.033902645111083984
2635,2.4049642086029053,,97.99513721466064,0.021761655807495117
2636,2.399381160736084,,98.03091287612915,0.02586078643798828
2637,2.4036083221435547,,98.06666970252991,0.030106544494628906
2638,2.397416114807129,,98.10264134407043,0.03127479553222656
2639,2.3989717960357666,,98.14048457145691,0.03784322738647461
2640,2.4038689136505127,,98.17474031448364,0.024206876754760742
2641,2.4058754444122314,,98.2105507850647,0.028118371963500977
2642,2.393312931060791,,98.24617648124695,0.03193330764770508
2643,2.4106698036193848,,98.28369164466858,0.03751516342163086
2644,2.4108643531799316,,98.30952024459839,0.01576519012451172
2645,2.3981049060821533,,98.35727715492249,0.031847238540649414
2646,2.399716377258301,,98.3949408531189,0.03766369819641113
2647,2.402202844619751,,98.4296646118164,0.024860143661499023
2648,2.405162811279297,,98.46531009674072,0.029001474380493164
2649,2.396801233291626,,98.50093102455139,0.03304100036621094
2650,2.400557041168213,,98.53674817085266,0.02179408073425293
2651,2.401522636413574,,98.57220315933228,0.0255124568939209
2652,2.4000229835510254,,98.60792779922485,0.02964305877685547
2653,2.4005277156829834,,98.64537024497986,0.031725168228149414
2654,2.398622989654541,,98.67935514450073,0.03398489952087402
2655,2.408630132675171,,98.71623396873474,0.023145675659179688
2656,2.3931238651275635,,98.751131772995,0.026339292526245117
2657,2.4055800437927246,,98.78771376609802,0.0314488410949707
2658,2.394864559173584,,98.82347750663757,0.03576374053955078
2659,2.3998007774353027,,98.85846090316772,0.02328324317932129
2660,2.3936851024627686,,98.89430117607117,0.027074337005615234
2661,2.3961708545684814,,98.93093800544739,0.03154420852661133
2662,2.393845319747925,,98.9670238494873,0.03608584403991699
2663,2.3994531631469727,,99.00132942199707,0.022522687911987305
2664,2.3903605937957764,,99.0372371673584,0.026153087615966797
2665,2.4040136337280273,,99.07464218139648,0.03187823295593262
2666,2.4093832969665527,,99.10849118232727,0.03384900093078613
2667,2.407439947128296,,99.14541530609131,0.023260831832885742
2668,2.399077892303467,,99.18101263046265,0.023624658584594727
2669,2.39465069770813,,99.2167615890503,0.026285171508789062
2670,2.409762382507324,,99.25261306762695,0.031693458557128906
2671,2.395831823348999,,99.28833675384521,0.03572368621826172
2672,2.3936076164245605,,99.32441711425781,0.024029016494750977
2673,2.3978123664855957,,99.36027216911316,0.027803421020507812
2674,2.398125171661377,,99.39693450927734,0.0325160026550293
2675,2.3965163230895996,,99.43162679672241,0.03469228744506836
2676,2.4034361839294434,,99.46775650978088,0.024204015731811523
2677,2.3948893547058105,,99.5034921169281,0.028259754180908203
2678,2.39009952545166,,99.54043197631836,0.033586740493774414
2679,2.397519826889038,,99.57594776153564,0.021753311157226562
2680,2.388374090194702,,99.61114287376404,0.02528834342956543
2681,2.392688274383545,,99.64682292938232,0.02909708023071289
2682,2.3975167274475098,,99.68257188796997,0.02930426597595215
2683,2.409029245376587,,99.71829771995544,0.0330500602722168
2684,2.3905508518218994,,99.75412821769714,0.021944522857666016
2685,2.400190830230713,,99.78980374336243,0.02587604522705078
2686,2.3936023712158203,,99.82749533653259,0.031859397888183594
2687,2.3991403579711914,,99.86116290092468,0.033667564392089844
2688,2.401683807373047,,99.89692902565002,0.021793603897094727
2689,2.383657455444336,,99.93277215957642,0.025865793228149414
2690,2.398190498352051,,99.97032856941223,0.03186655044555664
2691,2.382378101348877,,100.00427746772766,0.03394889831542969
2692,2.412731409072876,,100.03383874893188,0.01584625244140625
2693,2.3955345153808594,,100.08126664161682,0.031354665756225586
2694,2.4042699337005615,,100.11708045005798,0.03581380844116211
2695,2.4085097312927246,,100.1513295173645,0.022265195846557617
2696,2.4019975662231445,,100.18720984458923,0.026144981384277344
2697,2.4047317504882812,,100.22294235229492,0.026560544967651367
2698,2.39084792137146,,100.26013803482056,0.0316164493560791
2699,2.396652936935425,,100.29587531089783,0.03573727607727051
2700,2.403646469116211,0.9408038020133972,100.33369588851929,0.026050090789794922
2701,2.3887195587158203,,100.37126588821411,0.03183174133300781
2702,2.394174814224243,,100.40695571899414,0.0356898307800293
2703,2.3964877128601074,,100.44140815734863,0.020683765411376953
2704,2.4055538177490234,,100.477623462677,0.027068138122558594
2705,2.396131753921509,,100.51591563224792,0.030404329299926758
2706,2.392052173614502,,100.5529408454895,0.02328324317932129
2707,2.3921918869018555,,100.58815217018127,0.026487112045288086
2708,2.3926424980163574,,100.62499117851257,0.03166341781616211
2709,2.40305757522583,,100.65991020202637,0.034919023513793945
2710,2.396146535873413,,100.69596982002258,0.024273395538330078
2711,2.3937976360321045,,100.73195147514343,0.023151874542236328
2712,2.3837730884552,,100.7678496837616,0.027721405029296875
2713,2.3973798751831055,,100.80353856086731,0.03156232833862305
2714,2.403937816619873,,100.83934211730957,0.03580355644226074
2715,2.3915929794311523,,100.87508606910706,0.023874282836914062
2716,2.397843360900879,,100.91085743904114,0.02649235725402832
2717,2.3856964111328125,,100.94663763046265,0.03121805191040039
2718,2.394974708557129,,100.98418045043945,0.03754281997680664
2719,2.400197982788086,,101.0184576511383,0.02428579330444336
2720,2.384941577911377,,101.05437517166138,0.028461694717407227
2721,2.3919448852539062,,101.09169387817383,0.03397226333618164
2722,2.389664649963379,,101.12764239311218,0.03594851493835449
2723,2.3901267051696777,,101.16484928131104,0.02756500244140625
2724,2.3861398696899414,,101.20091938972473,0.031579017639160156
2725,2.386228084564209,,101.23651576042175,0.035596370697021484
2726,2.385735273361206,,101.27434873580933,0.03783297538757324
2727,2.3846681118011475,,101.30897808074951,0.024617433547973633
2728,2.389209270477295,,101.34482002258301,0.028517961502075195
2729,2.411531925201416,,101.38219428062439,0.034006357192993164
2730,2.3923325538635254,,101.41777324676514,0.02177596092224121
2731,2.3895792961120605,,101.45273566246033,0.02501654624938965
2732,2.4019439220428467,,101.4885835647583,0.02908635139465332
2733,2.3996670246124268,,101.52456569671631,0.033309221267700195
2734,2.3925113677978516,,101.56043791770935,0.022135496139526367
2735,2.3989856243133545,,101.59644556045532,0.026439428329467773
2736,2.3923089504241943,,101.63364839553833,0.032056570053100586
2737,2.402902364730835,,101.66941475868225,0.0357663631439209
2738,2.3941566944122314,,101.70376324653625,0.022516727447509766
2739,2.389444351196289,,101.72877478599548,0.01585841178894043
2740,2.395617961883545,,101.778235912323,0.033472537994384766
2741,2.3957133293151855,,101.80983352661133,0.03159761428833008
2742,2.4012532234191895,,101.84743666648865,0.021594524383544922
2743,2.3815672397613525,,101.88332676887512,0.026136398315429688
2744,2.392456531524658,,101.9208984375,0.0319366455078125
2745,2.3909571170806885,,101.95475196838379,0.03385353088378906
2746,2.392864227294922,,101.99087476730347,0.02206134796142578
2747,2.3902831077575684,,102.02664375305176,0.026105880737304688
2748,2.3932018280029297,,102.06411552429199,0.0317995548248291
2749,2.3872838020324707,,102.09788584709167,0.03377032279968262
2750,2.4064722061157227,,102.12748289108276,0.014592170715332031
2751,2.402759313583374,,102.17515635490417,0.0318756103515625
2752,2.394941568374634,,102.20684814453125,0.031691789627075195
2753,2.3947701454162598,,102.24625396728516,0.0233612060546875
2754,2.3938262462615967,,102.28228235244751,0.027673959732055664
2755,2.3960001468658447,,102.32118105888367,0.03478741645812988
2756,2.4031782150268555,,102.35482430458069,0.033643245697021484
2757,2.386219024658203,,102.39093327522278,0.02219557762145996
2758,2.3963050842285156,,102.4268901348114,0.026424169540405273
2759,2.391754150390625,,102.46397662162781,0.03188967704772949
2760,2.387568950653076,,102.49904370307922,0.035067081451416016
2761,2.387913703918457,,102.53502941131592,0.02396249771118164
2762,2.3960962295532227,,102.57084345817566,0.028171539306640625
2763,2.39509654045105,,102.60777950286865,0.03348851203918457
2764,2.3947479724884033,,102.6434895992279,0.021847963333129883
2765,2.3912596702575684,,102.6788682937622,0.02538919448852539
2766,2.385869264602661,,102.7168128490448,0.031697988510131836
2767,2.3958470821380615,,102.7505407333374,0.03372788429260254
2768,2.3998072147369385,,102.7863917350769,0.02181696891784668
2769,2.381575584411621,,102.82221150398254,0.025905609130859375
2770,2.385688304901123,,102.85818386077881,0.024373292922973633
2771,2.3906052112579346,,102.89413142204285,0.02842855453491211
2772,2.3880856037139893,,102.93096899986267,0.03339052200317383
2773,2.392162561416626,,102.96636772155762,0.021749019622802734
2774,2.399803400039673,,103.0015013217926,0.025158166885375977
2775,2.3997035026550293,,103.03733444213867,0.02915191650390625
2776,2.3836920261383057,,103.07320380210876,0.03323245048522949
2777,2.3982200622558594,,103.10321807861328,0.01587653160095215
2778,2.3978657722473145,,103.14482617378235,0.025716543197631836
2779,2.396000385284424,,103.18239665031433,0.03146052360534668
2780,2.3831307888031006,,103.21613264083862,0.03373599052429199
2781,2.388857126235962,,103.2522132396698,0.021956920623779297
2782,2.3822708129882812,,103.2880642414093,0.026086807250976562
2783,2.3920743465423584,,103.32544803619385,0.03171110153198242
2784,2.38552188873291,,103.36148643493652,0.03603839874267578
2785,2.3965582847595215,,103.39829659461975,0.03681015968322754
2786,2.3830645084381104,,103.43399620056152,0.02566838264465332
2787,2.3755104541778564,,103.47199964523315,0.03187060356140137
2788,2.385082244873047,,103.50581789016724,0.03381824493408203
2789,2.381295680999756,,103.5418541431427,0.02232837677001953
2790,2.395077705383301,,103.57765221595764,0.026407480239868164
2791,2.3847057819366455,,103.61492013931274,0.03212118148803711
2792,2.384476900100708,,103.64903855323792,0.0341184139251709
2793,2.396019458770752,,103.68527293205261,0.022446393966674805
2794,2.3894543647766113,,103.72116661071777,0.026597261428833008
2795,2.3934004306793213,,103.75787854194641,0.031514644622802734
2796,2.3797473907470703,,103.79411196708679,0.03623342514038086
2797,2.3901479244232178,,103.82853507995605,0.022287607192993164
2798,2.3843846321105957,,103.8643627166748,0.026399850845336914
2799,2.3996329307556152,,103.90050411224365,0.030544519424438477
2800,2.3901824951171875,0.9414494395256042,103.93911242485046,0.03376269340515137
2801,2.3872852325439453,,103.97509837150574,0.02202296257019043
2802,2.382068157196045,,104.01098227500916,0.026193857192993164
2803,2.3863656520843506,,104.04780554771423,0.03133797645568848
2804,2.387580156326294,,104.08353447914124,0.03572893142700195
2805,2.3809831142425537,,104.11824893951416,0.022853612899780273
2806,2.3834519386291504,,104.15452027320862,0.023561477661132812
2807,2.3829238414764404,,104.19051241874695,0.029736995697021484
2808,2.376997947692871,,104.22641706466675,0.035904645919799805
2809,2.388899326324463,,104.26274514198303,0.02454400062561035
2810,2.3864712715148926,,104.2985827922821,0.028807640075683594
2811,2.382342576980591,,104.33597493171692,0.03399062156677246
2812,2.388138771057129,,104.371572971344,0.021829605102539062
2813,2.391500473022461,,104.40661263465881,0.025078296661376953
2814,2.389000177383423,,104.44244074821472,0.025343894958496094
2815,2.384939432144165,,104.47999787330627,0.03155970573425293
2816,2.387638568878174,,104.51581454277039,0.03581666946411133
2817,2.388140916824341,,104.55061173439026,0.02274489402770996
2818,2.3889002799987793,,104.58644318580627,0.026813983917236328
2819,2.3823142051696777,,104.6226372718811,0.031519412994384766
2820,2.376532554626465,,104.6602087020874,0.03757143020629883
2821,2.396219253540039,,104.69442129135132,0.024111270904541016
2822,2.390075206756592,,104.73012828826904,0.0280914306640625
2823,2.384735584259033,,104.76564836502075,0.032105207443237305
2824,2.374905586242676,,104.803293466568,0.03764510154724121
2825,2.3807473182678223,,104.83802890777588,0.024861812591552734
2826,2.3788886070251465,,104.87403845787048,0.027968645095825195
2827,2.3854877948760986,,104.90986013412476,0.03318929672241211
2828,2.3922152519226074,,104.94559168815613,0.021816015243530273
2829,2.376533031463623,,104.98158001899719,0.02275228500366211
2830,2.376492500305176,,105.01750421524048,0.027275800704956055
2831,2.381007194519043,,105.05338621139526,0.03127789497375488
2832,2.3841497898101807,,105.08891701698303,0.035530805587768555
2833,2.3802573680877686,,105.1252269744873,0.024344444274902344
2834,2.386537551879883,,105.16410517692566,0.025682449340820312
2835,2.390133857727051,,105.20334887504578,0.02345585823059082
2836,2.391817569732666,,105.23931694030762,0.027869462966918945
2837,2.380239248275757,,105.2770745754242,0.032976627349853516
2838,2.3865573406219482,,105.31282639503479,0.021981000900268555
2839,2.3816707134246826,,105.34760785102844,0.025014400482177734
2840,2.384690523147583,,105.38350749015808,0.029224157333374023
2841,2.390974998474121,,105.41965675354004,0.03342723846435547
2842,2.3771402835845947,,105.45654273033142,0.022875308990478516
2843,2.381265163421631,,105.48649144172668,0.02111339569091797
2844,2.391508102416992,,105.52987575531006,0.027838706970214844
2845,2.3837547302246094,,105.56538009643555,0.03141903877258301
2846,2.3865630626678467,,105.60338878631592,0.038008689880371094
2847,2.384206771850586,,105.63783311843872,0.024618864059448242
2848,2.3980987071990967,,105.67356395721436,0.02857065200805664
2849,2.3950259685516357,,105.71039080619812,0.03353762626647949
2850,2.3851687908172607,,105.74607181549072,0.021803855895996094
2851,2.381314754486084,,105.78107595443726,0.025054454803466797
2852,2.386054039001465,,105.81696510314941,0.029209375381469727
2853,2.3819007873535156,,105.8527569770813,0.033216238021850586
2854,2.3900129795074463,,105.8885543346405,0.021854639053344727
2855,2.3873841762542725,,105.92430663108826,0.025820255279541016
2856,2.381249189376831,,105.96179151535034,0.03139138221740723
2857,2.3860182762145996,,105.99673080444336,0.03493928909301758
2858,2.38804292678833,,106.03160166740417,0.02204132080078125
2859,2.374403953552246,,106.06801724433899,0.022710323333740234
2860,2.378103256225586,,106.10370659828186,0.026633739471435547
2861,2.390094041824341,,106.14010047912598,0.0312802791595459
2862,2.3788838386535645,,106.17773151397705,0.03763103485107422
2863,2.374885082244873,,106.21210050582886,0.024436473846435547
2864,2.3787262439727783,,106.24798655509949,0.02855825424194336
2865,2.3863186836242676,,106.28358674049377,0.03217148780822754
2866,2.3754963874816895,,106.3210825920105,0.03749585151672363
2867,2.388552665710449,,106.35554385185242,0.024529218673706055
2868,2.3902273178100586,,106.39126253128052,0.02860736846923828
2869,2.37691593170166,,106.42825055122375,0.033704519271850586
2870,2.3954126834869385,,106.46381258964539,0.02165675163269043
2871,2.385288715362549,,106.49925899505615,0.02577829360961914
2872,2.384554862976074,,106.53666973114014,0.03181314468383789
2873,2.374701499938965,,106.57100343704224,0.028843402862548828
2874,2.3914918899536133,,106.60790276527405,0.03364753723144531
2875,2.373889446258545,,106.64354681968689,0.021915674209594727
2876,2.3806557655334473,,106.67908310890198,0.025648117065429688
2877,2.3904433250427246,,106.71691226959229,0.031708717346191406
2878,2.377028703689575,,106.75032186508179,0.03340959548950195
2879,2.3812074661254883,,106.78635382652283,0.022361278533935547
2880,2.378943681716919,,106.82211756706238,0.026404857635498047
2881,2.374117851257324,,106.85896134376526,0.031737327575683594
2882,2.3926994800567627,,106.89516162872314,0.03620028495788574
2883,2.3817646503448486,,106.92953276634216,0.022698163986206055
2884,2.379877805709839,,106.96516585350037,0.026535987854003906
2885,2.389129638671875,,107.00200486183167,0.0317387580871582
2886,2.3823401927948,,107.03777050971985,0.035765647888183594
2887,2.382416248321533,,107.06982469558716,0.01999378204345703
2888,2.380112409591675,,107.11094498634338,0.02504706382751465
2889,2.3779852390289307,,107.14932417869568,0.0317232608795166
2890,2.3764140605926514,,107.18700361251831,0.037679433822631836
2891,2.3765358924865723,,107.2219340801239,0.02484726905822754
2892,2.372300624847412,,107.25797057151794,0.029109477996826172
2893,2.3761043548583984,,107.29380631446838,0.033078908920288086
2894,2.3827121257781982,,107.32993340492249,0.022428274154663086
2895,2.3895533084869385,,107.36583614349365,0.026372432708740234
2896,2.384714126586914,,107.40282869338989,0.03040766716003418
2897,2.3703413009643555,,107.43828749656677,0.03545880317687988
2898,2.388535976409912,,107.47390985488892,0.023800373077392578
2899,2.3806662559509277,,107.50987982749939,0.028077363967895508
2900,2.3799023628234863,0.9413316011428833,107.54922699928284,0.0359036922454834
2901,2.3843424320220947,,107.58460927009583,0.023398637771606445
2902,2.389554023742676,,107.62048554420471,0.0227508544921875
2903,2.3850302696228027,,107.656259059906,0.02757430076599121
2904,2.38936448097229,,107.69201254844666,0.03164815902709961
2905,2.3770201206207275,,107.72987771034241,0.03786516189575195
2906,2.3842506408691406,,107.76399254798889,0.02422499656677246
2907,2.3800339698791504,,107.79969573020935,0.028048992156982422
2908,2.365769386291504,,107.83705854415894,0.03278803825378418
2909,2.381556987762451,,107.87260937690735,0.021831274032592773
2910,2.3846685886383057,,107.90719056129456,0.024643659591674805
2911,2.3749818801879883,,107.94296979904175,0.02867293357849121
2912,2.380399703979492,,107.97955656051636,0.03350496292114258
2913,2.3894569873809814,,108.01545286178589,0.02174520492553711
2914,2.3751344680786133,,108.04985022544861,0.024454116821289062
2915,2.3738553524017334,,108.08554720878601,0.02859950065612793
2916,2.3749518394470215,,108.12281703948975,0.03414654731750488
2917,2.3713772296905518,,108.1595287322998,0.0336458683013916
2918,2.37998366355896,,108.18879795074463,0.028737306594848633
2919,2.386415719985962,,108.23250937461853,0.028042078018188477
2920,2.382627487182617,,108.26993918418884,0.03377056121826172
2921,2.3750393390655518,,108.30575513839722,0.03581595420837402
2922,2.387404441833496,,108.34020924568176,0.02454543113708496
2923,2.378323554992676,,108.3759343624115,0.02861928939819336
2924,2.380032777786255,,108.4127516746521,0.03365492820739746
2925,2.383622169494629,,108.44856929779053,0.02182602882385254
2926,2.3803586959838867,,108.48365449905396,0.025159358978271484
2927,2.378480911254883,,108.52156186103821,0.03134346008300781
2928,2.3678178787231445,,108.55514526367188,0.03358340263366699
2929,2.395089626312256,,108.59120273590088,0.021994829177856445
2930,2.380976676940918,,108.62685203552246,0.02596592903137207
2931,2.3802285194396973,,108.6642837524414,0.031833648681640625
2932,2.38403582572937,,108.69845724105835,0.031231164932250977
2933,2.3789143562316895,,108.73429298400879,0.03583574295043945
2934,2.377596378326416,,108.77017974853516,0.02398538589477539
2935,2.388413906097412,,108.80589199066162,0.028124094009399414
2936,2.3732292652130127,,108.84124851226807,0.03177309036254883
2937,2.3760826587677,,108.8771321773529,0.03588366508483887
2938,2.3812789916992188,,108.9131121635437,0.024022579193115234
2939,2.381051540374756,,108.94893765449524,0.026827096939086914
2940,2.387274742126465,,108.98454451560974,0.03199172019958496
2941,2.373150587081909,,109.02200365066528,0.03745913505554199
2942,2.3789801597595215,,109.05623745918274,0.024327516555786133
2943,2.3808674812316895,,109.0919246673584,0.02804851531982422
2944,2.3804054260253906,,109.12941312789917,0.03338623046875
2945,2.380871295928955,,109.16539263725281,0.035979509353637695
2946,2.377737045288086,,109.19486355781555,0.019588232040405273
2947,2.368792772293091,,109.23776149749756,0.02692699432373047
2948,2.3853275775909424,,109.27444434165955,0.03180289268493652
2949,2.3823814392089844,,109.31038427352905,0.035939931869506836
2950,2.375556230545044,,109.34550833702087,0.02299213409423828
2951,2.381693124771118,,109.38125348091125,0.027029037475585938
2952,2.377161741256714,,109.417067527771,0.03119826316833496
2953,2.3810794353485107,,109.45303416252136,0.03596663475036621
2954,2.3830251693725586,,109.48895907402039,0.02390742301940918
2955,2.367919921875,,109.52504849433899,0.028329849243164062
2956,2.3822100162506104,,109.56063461303711,0.03221273422241211
2957,2.375251293182373,,109.59638929367065,0.03575468063354492
2958,2.393375873565674,,109.63232445716858,0.023988723754882812
2959,2.380563735961914,,109.6681113243103,0.028185367584228516
2960,2.372507095336914,,109.70351791381836,0.031803131103515625
2961,2.3781967163085938,,109.7396023273468,0.03608441352844238
2962,2.3699681758880615,,109.77544617652893,0.021810054779052734
2963,2.374785900115967,,109.8170075416565,0.03160810470581055
2964,2.3725814819335938,,109.85111904144287,0.03411149978637695
2965,2.3714823722839355,,109.88708329200745,0.021830081939697266
2966,2.366550922393799,,109.92189574241638,0.0248563289642334
2967,2.376284599304199,,109.95768141746521,0.029008150100708008
2968,2.3800830841064453,,109.9943163394928,0.034039974212646484
2969,2.3804540634155273,,110.02990937232971,0.021764755249023438
2970,2.3820295333862305,,110.06479549407959,0.02490997314453125
2971,2.3840696811676025,,110.10061144828796,0.02922987937927246
2972,2.381132125854492,,110.1364336013794,0.03326678276062012
2973,2.3865959644317627,,110.1663568019867,0.01578044891357422
2974,2.3728435039520264,,110.21128821372986,0.029268503189086914
2975,2.370250701904297,,110.24718999862671,0.03327178955078125
2976,2.3743205070495605,,110.28491234779358,0.03199148178100586
2977,2.370466470718384,,110.31858277320862,0.03367042541503906
2978,2.3780152797698975,,110.35445523262024,0.0219724178314209
2979,2.37630033493042,,110.39027261734009,0.026070833206176758
2980,2.375505208969116,,110.42775535583496,0.03189969062805176
2981,2.3658721446990967,,110.46147227287292,0.03371691703796387
2982,2.3738298416137695,,110.49758195877075,0.022295236587524414
2983,2.3805124759674072,,110.53355813026428,0.026484966278076172
2984,2.380215883255005,,110.57070469856262,0.03205275535583496
2985,2.367668390274048,,110.60641551017761,0.035710811614990234
2986,2.384530782699585,,110.64059567451477,0.022422313690185547
2987,2.374932050704956,,110.67633104324341,0.026261329650878906
2988,2.3726892471313477,,110.7138659954071,0.031934261322021484
2989,2.373004913330078,,110.74772715568542,0.03386116027832031
2990,2.366738796234131,,110.77836275100708,0.016778230667114258
2991,2.3750195503234863,,110.8218264579773,0.027536630630493164
2992,2.3778178691864014,,110.8577070236206,0.03167581558227539
2993,2.3714334964752197,,110.89508509635925,0.03737807273864746
2994,2.381899833679199,,110.92334461212158,0.01578521728515625
2995,2.3726308345794678,,110.96501421928406,0.02088022232055664
2996,2.3685388565063477,,111.00058245658875,0.03299570083618164
2997,2.370579957962036,,111.03642439842224,0.021805524826049805
2998,2.3706610202789307,,111.07213592529297,0.025789737701416016
2999,2.3718953132629395,,111.10793685913086,0.029691457748413086
3000,2.37467885017395,0.9412051796913147,111.14821171760559,0.03768420219421387
