epochs,losses,accuracies,cumulative_time_seconds,epoch_time_seconds
1,20.046367645263672,,0.03510403633117676,0.03510403633117676
2,17.707063674926758,,0.05915522575378418,0.021390676498413086
3,16.288619995117188,,0.07744741439819336,0.016287803649902344
4,15.27486801147461,,0.09484004974365234,0.016385316848754883
5,14.75538444519043,,0.112396240234375,0.01305389404296875
6,14.33352279663086,,0.14299297332763672,0.023899316787719727
7,14.148585319519043,,0.1576857566833496,0.013663053512573242
8,13.853938102722168,,0.17986750602722168,0.018068790435791016
9,13.697381973266602,,0.19726991653442383,0.01540517807006836
10,13.542034149169922,,0.2160017490386963,0.01873183250427246
11,13.416951179504395,,0.23442721366882324,0.015654325485229492
12,13.322900772094727,,0.2529890537261963,0.016530752182006836
13,13.205121994018555,,0.27886509895324707,0.021342039108276367
14,13.068063735961914,,0.29625630378723145,0.01531982421875
15,13.032087326049805,,0.3172953128814697,0.018535137176513672
16,12.887480735778809,,0.3359513282775879,0.018656015396118164
17,12.804569244384766,,0.3554697036743164,0.014945030212402344
18,12.702467918395996,,0.3736579418182373,0.016098499298095703
19,12.615469932556152,,0.397228479385376,0.018625736236572266
20,12.636507034301758,,0.42192721366882324,0.024698734283447266
21,12.469594955444336,,0.4477517604827881,0.021826982498168945
22,12.505483627319336,,0.4715759754180908,0.023824214935302734
23,12.358722686767578,,0.49509286880493164,0.02351689338684082
24,12.341131210327148,,0.5219061374664307,0.02556610107421875
25,12.311244010925293,,0.5435476303100586,0.020605802536010742
26,12.234561920166016,,0.5643551349639893,0.016308069229125977
27,12.24666976928711,,0.5868780612945557,0.022522926330566406
28,12.144474983215332,,0.61240553855896,0.021515846252441406
29,12.075329780578613,,0.6344578266143799,0.022052288055419922
30,12.008578300476074,,0.6572422981262207,0.02177119255065918
31,12.003606796264648,,0.6827857494354248,0.0255434513092041
32,11.933673858642578,,0.7049946784973145,0.02018427848815918
33,11.92652702331543,,0.7258181571960449,0.0162506103515625
34,11.942293167114258,,0.7379047870635986,0.010582447052001953
35,11.883691787719727,,0.7634904384613037,0.018166065216064453
36,11.830304145812988,,0.7851264476776123,0.020636796951293945
37,11.826850891113281,,0.8095335960388184,0.023402929306030273
38,11.75538444519043,,0.832056999206543,0.0205533504486084
39,11.754432678222656,,0.8575291633605957,0.02009415626525879
40,11.768728256225586,,0.882418155670166,0.022613525390625
41,11.673748016357422,,0.90435791015625,0.020940303802490234
42,11.625663757324219,,0.920231819152832,0.01587390899658203
43,11.65311050415039,,0.9428973197937012,0.019668102264404297
44,11.619073867797852,,0.9661402702331543,0.02224445343017578
45,11.605712890625,,0.984260082244873,0.016614913940429688
46,11.52530288696289,,1.007274866104126,0.02105236053466797
47,11.530841827392578,,1.030303716659546,0.01902031898498535
48,11.557748794555664,,1.046574592590332,0.015271663665771484
49,11.483475685119629,,1.0675456523895264,0.016464710235595703
50,11.540864944458008,,1.0844638347625732,0.015410661697387695
51,11.52009105682373,,1.1046743392944336,0.018959760665893555
52,11.399547576904297,,1.1221792697906494,0.015662193298339844
53,11.464542388916016,,1.1434831619262695,0.0173337459564209
54,11.440587997436523,,1.1655042171478271,0.021021366119384766
55,11.433231353759766,,1.188260793685913,0.018253564834594727
56,11.429838180541992,,1.2103824615478516,0.02153491973876953
57,11.459906578063965,,1.2355270385742188,0.021091461181640625
58,11.362613677978516,,1.2572777271270752,0.020750761032104492
59,11.395906448364258,,1.2718586921691895,0.012400388717651367
60,11.341529846191406,,1.2929489612579346,0.015291929244995117
61,11.375109672546387,,1.3135035037994385,0.015613079071044922
62,11.313724517822266,,1.331648588180542,0.018145084381103516
63,11.288277626037598,,1.353996992111206,0.018054962158203125
64,11.34657096862793,,1.3757638931274414,0.0207669734954834
65,11.304435729980469,,1.4018394947052002,0.0211637020111084
66,11.285913467407227,,1.4248244762420654,0.020986557006835938
67,11.304609298706055,,1.446660041809082,0.019062519073486328
68,11.299138069152832,,1.4716136455535889,0.02338576316833496
69,11.287717819213867,,1.4883904457092285,0.01578068733215332
70,11.298908233642578,,1.5047879219055176,0.015398263931274414
71,11.279767990112305,,1.5284233093261719,0.01814723014831543
72,11.26531982421875,,1.5457544326782227,0.015588760375976562
73,11.252349853515625,,1.5644185543060303,0.017159700393676758
74,11.214295387268066,,1.5837440490722656,0.016408443450927734
75,11.250505447387695,,1.6010210514068604,0.016277313232421875
76,11.235252380371094,,1.6249432563781738,0.021744966506958008
77,11.183155059814453,,1.6516931056976318,0.021831035614013672
78,11.226550102233887,,1.674379587173462,0.021688461303710938
79,11.164820671081543,,1.6923747062683105,0.015720129013061523
80,11.196361541748047,,1.7099504470825195,0.015575408935546875
81,11.174324035644531,,1.7295012474060059,0.015554428100585938
82,11.175971031188965,,1.7461190223693848,0.014628887176513672
83,11.129790306091309,,1.7642722129821777,0.016648292541503906
84,11.168242454528809,,1.7895357608795166,0.020760059356689453
85,11.210888862609863,,1.8175415992736816,0.023027896881103516
86,11.10814094543457,,1.8415307998657227,0.023989200592041016
87,11.118800163269043,,1.8651609420776367,0.02163219451904297
88,11.09315013885498,,1.8825643062591553,0.017403364181518555
89,11.165973663330078,,1.8976528644561768,0.013098478317260742
90,11.128751754760742,,1.9223237037658691,0.020805835723876953
91,11.14037036895752,,1.9455761909484863,0.0212554931640625
92,11.113821029663086,,1.9706954956054688,0.023349285125732422
93,11.086587905883789,,1.9930329322814941,0.021340608596801758
94,11.086296081542969,,2.019298791885376,0.024105548858642578
95,11.147537231445312,,2.0417087078094482,0.020406007766723633
96,11.108100891113281,,2.061098098754883,0.015392541885375977
97,11.046838760375977,,2.085657835006714,0.021040678024291992
98,11.102239608764648,,2.1109859943389893,0.021826744079589844
99,11.107318878173828,,2.1333329677581787,0.02134108543395996
100,11.04914665222168,0.0,2.154078483581543,0.020745515823364258
101,11.089507102966309,,2.1750338077545166,0.017682552337646484
102,11.085090637207031,,2.195693016052246,0.01627516746520996
103,11.046337127685547,,2.216041326522827,0.018828392028808594
104,11.067245483398438,,2.234658718109131,0.01711249351501465
105,11.06941032409668,,2.256584882736206,0.021926164627075195
106,11.05868148803711,,2.279843807220459,0.02077937126159668
107,11.027944564819336,,2.298659563064575,0.01881575584411621
108,11.053608894348145,,2.3215103149414062,0.02084803581237793
109,11.05663776397705,,2.3373453617095947,0.015835046768188477
110,10.96000862121582,,2.357606887817383,0.01675128936767578
111,11.025760650634766,,2.379364490509033,0.019726991653442383
112,10.991398811340332,,2.3976409435272217,0.015279293060302734
113,11.022699356079102,,2.420238733291626,0.022597789764404297
114,11.039999008178711,,2.440568447113037,0.015332698822021484
115,11.010479927062988,,2.457204818725586,0.014639139175415039
116,10.959698677062988,,2.4802470207214355,0.017679214477539062
117,10.943175315856934,,2.5021307468414307,0.02084827423095703
118,10.970794677734375,,2.5229272842407227,0.0167999267578125
119,10.972631454467773,,2.537538528442383,0.012613773345947266
120,10.942276000976562,,2.5597991943359375,0.01838541030883789
121,11.005992889404297,,2.5827627182006836,0.020699024200439453
122,10.923956871032715,,2.6090245246887207,0.021403789520263672
123,10.924005508422852,,2.631908893585205,0.0218808650970459
124,10.942119598388672,,2.6507408618927,0.016527175903320312
125,10.897193908691406,,2.667301893234253,0.01555323600769043
126,10.948692321777344,,2.688782215118408,0.016443729400634766
127,10.911745071411133,,2.7054693698883057,0.015625953674316406
128,10.883684158325195,,2.725778102874756,0.01580524444580078
129,10.844293594360352,,2.74769926071167,0.0204164981842041
130,10.923090934753418,,2.7718899250030518,0.023143291473388672
131,10.890352249145508,,2.794414758682251,0.02252483367919922
132,10.883851051330566,,2.8137707710266113,0.015856504440307617
133,10.866768836975098,,2.831674337387085,0.017903566360473633
134,10.867681503295898,,2.855137348175049,0.019088029861450195
135,10.904417037963867,,2.8743736743927,0.018908262252807617
136,10.847307205200195,,2.8947083950042725,0.016111373901367188
137,10.874687194824219,,2.9158427715301514,0.020135164260864258
138,10.810091018676758,,2.939545154571533,0.01819133758544922
139,10.845973014831543,,2.9576492309570312,0.016106367111206055
140,10.845346450805664,,2.975353479385376,0.01594686508178711
141,10.807632446289062,,2.994044542312622,0.014636754989624023
142,10.860105514526367,,3.0142855644226074,0.018085479736328125
143,10.799880027770996,,3.0365545749664307,0.021270751953125
144,10.785244941711426,,3.0632996559143066,0.024417877197265625
145,10.810176849365234,,3.0861432552337646,0.021732807159423828
146,10.786580085754395,,3.1110708713531494,0.02135491371154785
147,10.796476364135742,,3.133634567260742,0.021197080612182617
148,10.759132385253906,,3.157576084136963,0.02182912826538086
149,10.78217601776123,,3.178295612335205,0.017957210540771484
150,10.761774063110352,,3.197813034057617,0.01851797103881836
151,10.74458122253418,,3.2218594551086426,0.02404642105102539
152,10.678522109985352,,3.2379119396209717,0.014055490493774414
153,10.746405601501465,,3.257256269454956,0.014758110046386719
154,10.677019119262695,,3.2720625400543213,0.010801553726196289
155,10.758008003234863,,3.293466806411743,0.014600038528442383
156,10.732309341430664,,3.317467451095581,0.021976470947265625
157,10.716096878051758,,3.342620611190796,0.022118330001831055
158,10.719825744628906,,3.3651950359344482,0.021573543548583984
159,10.742427825927734,,3.382568836212158,0.01737380027770996
160,10.730072975158691,,3.4045732021331787,0.020004749298095703
161,10.68285083770752,,3.4253809452056885,0.020807743072509766
162,10.680401802062988,,3.4439499378204346,0.01656937599182129
163,10.596960067749023,,3.46055006980896,0.01560068130493164
164,10.661108016967773,,3.4809682369232178,0.016094207763671875
165,10.631311416625977,,3.5073635578155518,0.026395320892333984
166,10.642585754394531,,3.5301995277404785,0.019322872161865234
167,10.593036651611328,,3.555510997772217,0.024329185485839844
168,10.571243286132812,,3.5773117542266846,0.021800756454467773
169,10.606588363647461,,3.600173234939575,0.02182316780090332
170,10.603511810302734,,3.6211581230163574,0.019985437393188477
171,10.616046905517578,,3.645517349243164,0.023363828659057617
172,10.611405372619629,,3.6673498153686523,0.02083277702331543
173,10.556873321533203,,3.692904233932495,0.02151799201965332
174,10.560955047607422,,3.716038227081299,0.021563291549682617
175,10.563474655151367,,3.737929344177246,0.020386695861816406
176,10.540834426879883,,3.7579526901245117,0.017305850982666016
177,10.536199569702148,,3.779041290283203,0.017077207565307617
178,10.517206192016602,,3.7957775592803955,0.01564931869506836
179,10.571596145629883,,3.8137402534484863,0.015378952026367188
180,10.499628067016602,,3.830717086791992,0.01697683334350586
181,10.439798355102539,,3.857515335083008,0.021495580673217773
182,10.471858978271484,,3.879657506942749,0.02214217185974121
183,10.476276397705078,,3.897629499435425,0.015974998474121094
184,10.463390350341797,,3.9158170223236084,0.018187522888183594
185,10.452981948852539,,3.94057559967041,0.020248889923095703
186,10.424629211425781,,3.9602854251861572,0.01970982551574707
187,10.423611640930176,,3.9832417964935303,0.01895737648010254
188,10.436101913452148,,4.004744529724121,0.019505739212036133
189,10.373469352722168,,4.025920629501343,0.016669034957885742
190,10.374933242797852,,4.042781352996826,0.015356063842773438
191,10.408360481262207,,4.066617250442505,0.02183079719543457
192,10.36548900604248,,4.091088056564331,0.020964384078979492
193,10.368371963500977,,4.1124207973480225,0.01850748062133789
194,10.370999336242676,,4.139570474624634,0.027149677276611328
195,10.358171463012695,,4.157207727432251,0.015639543533325195
196,10.294350624084473,,4.1775288581848145,0.020321130752563477
197,10.28876781463623,,4.197792291641235,0.016156673431396484
198,10.296618461608887,,4.2208263874053955,0.01846003532409668
199,10.244729042053223,,4.237933397293091,0.015109777450561523
200,10.28663444519043,0.0,4.267298936843872,0.02936553955078125
201,10.230756759643555,,4.284915447235107,0.015238761901855469
202,10.19559097290039,,4.3023107051849365,0.016396045684814453
203,10.193182945251465,,4.324537992477417,0.018232345581054688
204,10.15513801574707,,4.34783673286438,0.02229452133178711
205,10.209211349487305,,4.365261554718018,0.016419172286987305
206,10.169744491577148,,4.389165878295898,0.0229032039642334
207,10.090340614318848,,4.411823034286499,0.021684646606445312
208,10.199782371520996,,4.435075044631958,0.022252321243286133
209,10.130146980285645,,4.4565818309783936,0.020507335662841797
210,10.124995231628418,,4.480647802352905,0.01910877227783203
211,10.087823867797852,,4.498896360397339,0.01590108871459961
212,10.104146957397461,,4.521389961242676,0.01749110221862793
213,10.057149887084961,,4.5433971881866455,0.021452903747558594
214,10.055419921875,,4.5645911693573,0.016695737838745117
215,10.060585021972656,,4.5814690589904785,0.014880895614624023
216,10.072853088378906,,4.599422454833984,0.01595592498779297
217,10.029911041259766,,4.617642402648926,0.015189886093139648
218,10.058106422424316,,4.638513565063477,0.018301010131835938
219,9.985026359558105,,4.657262802124023,0.01674675941467285
220,9.980006217956543,,4.6809868812561035,0.023724079132080078
221,9.943900108337402,,4.698085784912109,0.016099929809570312
222,9.927940368652344,,4.7160632610321045,0.015944719314575195
223,9.986702919006348,,4.737531900405884,0.018651723861694336
224,9.938810348510742,,4.758235216140747,0.02070331573486328
225,9.885602951049805,,4.787317752838135,0.025009870529174805
226,9.921009063720703,,4.812347412109375,0.023391246795654297
227,9.891321182250977,,4.834106683731079,0.020448923110961914
228,9.87382984161377,,4.857542276382446,0.017966032028198242
229,9.847542762756348,,4.8836510181427,0.021434307098388672
230,9.896921157836914,,4.904617547988892,0.01896810531616211
231,9.898313522338867,,4.930902004241943,0.026284456253051758
232,9.775421142578125,,4.9523255825042725,0.0214235782623291
233,9.715814590454102,,4.97735595703125,0.02281332015991211
234,9.738588333129883,,4.99969482421875,0.02029132843017578
235,9.69652271270752,,5.019674301147461,0.014982461929321289
236,9.697340965270996,,5.037590742111206,0.014619588851928711
237,9.662409782409668,,5.057021856307983,0.017380475997924805
238,9.65969181060791,,5.0710883140563965,0.012605667114257812
239,9.642902374267578,,5.094706773757935,0.023618459701538086
240,9.681547164916992,,5.112381458282471,0.015167236328125
241,9.627168655395508,,5.131853818893433,0.019472360610961914
242,9.604143142700195,,5.149303197860718,0.015451908111572266
243,9.577884674072266,,5.167426347732544,0.01609659194946289
244,9.564739227294922,,5.188228607177734,0.016765117645263672
245,9.56536865234375,,5.210062742233276,0.020156383514404297
246,9.552267074584961,,5.231546401977539,0.016486644744873047
247,9.509093284606934,,5.2526750564575195,0.019131898880004883
248,9.485612869262695,,5.277468919754028,0.020797014236450195
249,9.47658920288086,,5.300076723098755,0.020170927047729492
250,9.439804077148438,,5.323098659515381,0.02102494239807129
251,9.391104698181152,,5.339417934417725,0.01631927490234375
252,9.385621070861816,,5.3632307052612305,0.021813631057739258
253,9.372893333435059,,5.379707336425781,0.01647663116455078
254,9.440011978149414,,5.397684335708618,0.015980005264282227
255,9.336959838867188,,5.424405813217163,0.026721477508544922
256,9.321038246154785,,5.447287559509277,0.020883798599243164
257,9.274432182312012,,5.463985443115234,0.01669788360595703
258,9.212821006774902,,5.487524032592773,0.021541595458984375
259,9.26916790008545,,5.50455117225647,0.01702713966369629
260,9.149811744689941,,5.52765154838562,0.021103620529174805
261,9.188630104064941,,5.544142484664917,0.016490936279296875
262,9.147896766662598,,5.5697619915008545,0.022030353546142578
263,9.161877632141113,,5.592006206512451,0.02146005630493164
264,9.170434951782227,,5.612351894378662,0.01895594596862793
265,9.13244342803955,,5.637202262878418,0.021306514739990234
266,9.05803394317627,,5.654087066650391,0.014375925064086914
267,9.008414268493652,,5.67302942276001,0.015352249145507812
268,8.990327835083008,,5.693518400192261,0.015572786331176758
269,9.049710273742676,,5.7107093334198,0.01508784294128418
270,8.98054313659668,,5.7361273765563965,0.023417234420776367
271,8.940179824829102,,5.759685277938843,0.022207260131835938
272,8.948101997375488,,5.783903121948242,0.021219253540039062
273,8.949926376342773,,5.80594801902771,0.020070552825927734
274,8.90570068359375,,5.826542615890503,0.016084671020507812
275,8.88266372680664,,5.843474626541138,0.015932798385620117
276,8.898689270019531,,5.8642518520355225,0.016278743743896484
277,8.873231887817383,,5.881922483444214,0.01567363739013672
278,8.774197578430176,,5.901503086090088,0.017472505569458008
279,8.763401985168457,,5.919869661331177,0.014925479888916016
280,8.717028617858887,,5.938388824462891,0.01652216911315918
281,8.815228462219238,,5.960467338562012,0.01807713508605957
282,8.784289360046387,,5.980797052383423,0.015332937240600586
283,8.629931449890137,,6.0009424686431885,0.019145727157592773
284,8.638479232788086,,6.023916721343994,0.021938800811767578
285,8.678536415100098,,6.045363903045654,0.01945042610168457
286,8.547165870666504,,6.07293438911438,0.023992538452148438
287,8.682979583740234,,6.087501287460327,0.009653568267822266
288,8.642168998718262,,6.117647409439087,0.02288651466369629
289,8.537830352783203,,6.135218858718872,0.01605820655822754
290,8.52821159362793,,6.160827398300171,0.02198338508605957
291,8.504119873046875,,6.182965278625488,0.021031856536865234
292,8.460525512695312,,6.202127933502197,0.018163204193115234
293,8.45369815826416,,6.217405557632446,0.013709783554077148
294,8.484743118286133,,6.2451958656311035,0.024379968643188477
295,8.429240226745605,,6.266554355621338,0.018858909606933594
296,8.380184173583984,,6.289532899856567,0.02147364616394043
297,8.396368980407715,,6.311434745788574,0.01990485191345215
298,8.318321228027344,,6.334787845611572,0.021391630172729492
299,8.306300163269043,,6.359589338302612,0.023779630661010742
300,8.348182678222656,0.1658752957979838,6.385591506958008,0.025002717971801758
301,8.2637300491333,,6.405903100967407,0.015808820724487305
302,8.172216415405273,,6.4237751960754395,0.015363931655883789
303,8.21274471282959,,6.44578742980957,0.019759178161621094
304,8.179988861083984,,6.4624245166778564,0.015036582946777344
305,8.205930709838867,,6.482403993606567,0.014948606491088867
306,8.102645874023438,,6.497392416000366,0.012958049774169922
307,8.225811004638672,,6.519455194473267,0.018384456634521484
308,8.110457420349121,,6.537503242492676,0.01608109474182129
309,8.110984802246094,,6.561864137649536,0.02436089515686035
310,8.047300338745117,,6.584692478179932,0.020830631256103516
311,8.041850090026855,,6.604260683059692,0.018568992614746094
312,7.981512069702148,,6.61992335319519,0.013665914535522461
313,7.982792377471924,,6.6424400806427,0.022516727447509766
314,7.926002502441406,,6.6658830642700195,0.021445274353027344
315,7.940456867218018,,6.687463045120239,0.021579980850219727
316,7.889918327331543,,6.704773902893066,0.015300750732421875
317,7.858684062957764,,6.722308158874512,0.016535043716430664
318,7.902740478515625,,6.748658895492554,0.018825769424438477
319,7.896509647369385,,6.7702271938323975,0.0205380916595459
320,7.790882110595703,,6.792581081390381,0.020357131958007812
321,7.772769451141357,,6.81251072883606,0.017140626907348633
322,7.698310852050781,,6.836093902587891,0.021486282348632812
323,7.725877285003662,,6.859931945800781,0.022303104400634766
324,7.641713619232178,,6.8838114738464355,0.02187633514404297
325,7.667646408081055,,6.909480333328247,0.021102428436279297
326,7.69406795501709,,6.925935745239258,0.014457941055297852
327,7.608480453491211,,6.9527504444122314,0.024306535720825195
328,7.607338905334473,,6.969026327133179,0.016275882720947266
329,7.598817825317383,,6.992636680603027,0.020613670349121094
330,7.541678428649902,,7.015470027923584,0.02183246612548828
331,7.483240604400635,,7.035127878189087,0.017450332641601562
332,7.5429487228393555,,7.057363748550415,0.02129673957824707
333,7.443238258361816,,7.076573848724365,0.01736283302307129
334,7.423779010772705,,7.092526912689209,0.01495361328125
335,7.4866790771484375,,7.124202013015747,0.02883124351501465
336,7.371912002563477,,7.148231744766235,0.023029327392578125
337,7.440020561218262,,7.170384407043457,0.021152496337890625
338,7.455478191375732,,7.195887804031372,0.02053380012512207
339,7.32529878616333,,7.214768171310425,0.017270326614379883
340,7.258983612060547,,7.235252141952515,0.015511751174926758
341,7.305544853210449,,7.252126216888428,0.014601945877075195
342,7.300622463226318,,7.272392511367798,0.018269777297973633
343,7.337079048156738,,7.293879985809326,0.01968240737915039
344,7.248693466186523,,7.315169095993042,0.018780231475830078
345,7.169212341308594,,7.332744598388672,0.015570640563964844
346,7.215305328369141,,7.353166103363037,0.018405914306640625
347,7.246559143066406,,7.370469331741333,0.016304731369018555
348,7.262490272521973,,7.3896989822387695,0.01822948455810547
349,7.100656032562256,,7.411412000656128,0.018197298049926758
350,7.147866725921631,,7.435514450073242,0.01788949966430664
351,7.092618942260742,,7.4527106285095215,0.015196084976196289
352,7.103466510772705,,7.474361896514893,0.021651268005371094
353,6.948586463928223,,7.497437953948975,0.020794391632080078
354,7.071581840515137,,7.5156848430633545,0.018246889114379883
355,7.028240203857422,,7.5376152992248535,0.019301176071166992
356,6.990913391113281,,7.563734531402588,0.026119232177734375
357,6.958661079406738,,7.579772472381592,0.016037940979003906
358,6.892537593841553,,7.597207307815552,0.016434192657470703
359,6.9083404541015625,,7.624410152435303,0.023195743560791016
360,6.930703163146973,,7.643604516983032,0.019194364547729492
361,6.902555465698242,,7.660802125930786,0.016196250915527344
362,6.907681941986084,,7.677542686462402,0.014710426330566406
363,6.796048164367676,,7.697441101074219,0.019898414611816406
364,6.837270259857178,,7.717653751373291,0.020212650299072266
365,6.776375770568848,,7.74134635925293,0.019137859344482422
366,6.756619930267334,,7.760072946548462,0.015915393829345703
367,6.826521873474121,,7.777217864990234,0.01613759994506836
368,6.671082496643066,,7.795599699020386,0.015799999237060547
369,6.705668926239014,,7.814650774002075,0.017004728317260742
370,6.748481750488281,,7.8373496532440186,0.020098209381103516
371,6.656717300415039,,7.855996370315552,0.018646717071533203
372,6.660855293273926,,7.8778297901153564,0.020044326782226562
373,6.654545307159424,,7.898946285247803,0.02111649513244629
374,6.608756065368652,,7.924034595489502,0.02409505844116211
375,6.571935176849365,,7.942569017410278,0.018534421920776367
376,6.571743488311768,,7.964477777481079,0.02090907096862793
377,6.575202941894531,,7.98288631439209,0.017408132553100586
378,6.5619401931762695,,7.997436761856079,0.012514114379882812
379,6.479119777679443,,8.017779350280762,0.01561880111694336
380,6.460345268249512,,8.037639379501343,0.018152236938476562
381,6.512579917907715,,8.057334423065186,0.019695043563842773
382,6.487331867218018,,8.084841012954712,0.023054122924804688
383,6.362255096435547,,8.101348161697388,0.015425920486450195
384,6.388628005981445,,8.123162746429443,0.016811609268188477
385,6.316066741943359,,8.140013456344604,0.014853477478027344
386,6.363431930541992,,8.160865783691406,0.018816232681274414
387,6.325014114379883,,8.183485269546509,0.020615577697753906
388,6.359256744384766,,8.209053039550781,0.02102971076965332
389,6.332756042480469,,8.226365804672241,0.015581130981445312
390,6.273925304412842,,8.24875783920288,0.020889759063720703
391,6.277979850769043,,8.270777940750122,0.021015167236328125
392,6.302977561950684,,8.293732166290283,0.020984649658203125
393,6.259345531463623,,8.311007976531982,0.01727581024169922
394,6.262468338012695,,8.327525615692139,0.011517763137817383
395,6.175736904144287,,8.349863767623901,0.022338151931762695
396,6.209054946899414,,8.374956846237183,0.020096540451049805
397,6.180619239807129,,8.397637367248535,0.021296977996826172
398,6.206492900848389,,8.420040845870972,0.020371437072753906
399,6.180469512939453,,8.439243078231812,0.017204999923706055
400,6.0728654861450195,0.6729873617490133,8.464494466781616,0.023252487182617188
401,6.111958980560303,,8.489547729492188,0.02405261993408203
402,6.131381034851074,,8.506167888641357,0.015624046325683594
403,6.129063606262207,,8.526547193527222,0.01776432991027832
404,6.0539631843566895,,8.54381537437439,0.015765666961669922
405,6.023787021636963,,8.5649254322052,0.01911187171936035
406,5.966931343078613,,8.582805633544922,0.016849756240844727
407,6.038822174072266,,8.59938097000122,0.015580892562866211
408,5.9819488525390625,,8.625176906585693,0.02079939842224121
409,6.011789321899414,,8.645714044570923,0.020537137985229492
410,5.915937423706055,,8.670045614242554,0.01981186866760254
411,5.903202533721924,,8.687601566314697,0.01655745506286621
412,5.952880859375,,8.707534313201904,0.016417503356933594
413,5.9524359703063965,,8.729036331176758,0.019994020462036133
414,5.901817321777344,,8.752150774002075,0.01911640167236328
415,5.847464561462402,,8.771474361419678,0.018324851989746094
416,5.84440803527832,,8.792941808700562,0.02046799659729004
417,5.84873104095459,,8.819875478744507,0.026933670043945312
418,5.721278190612793,,8.837340354919434,0.016465425491333008
419,5.79766845703125,,8.863659858703613,0.026319503784179688
420,5.838342666625977,,8.885804653167725,0.021114110946655273
421,5.778271675109863,,8.911834478378296,0.02148580551147461
422,5.797088623046875,,8.927618026733398,0.01378631591796875
423,5.738251209259033,,8.950623512268066,0.02063465118408203
424,5.7134294509887695,,8.974643230438232,0.022096872329711914
425,5.6728196144104,,9.004090309143066,0.025936365127563477
426,5.652832984924316,,9.022946834564209,0.018856525421142578
427,5.695788383483887,,9.037648916244507,0.013674259185791016
428,5.685996055603027,,9.056355714797974,0.018706798553466797
429,5.525385856628418,,9.078532218933105,0.016748428344726562
430,5.58689546585083,,9.100653171539307,0.021090030670166016
431,5.5807952880859375,,9.121236562728882,0.0165555477142334
432,5.609932899475098,,9.137611389160156,0.015377283096313477
433,5.576932907104492,,9.15813136100769,0.01810479164123535
434,5.497865200042725,,9.174947023391724,0.014121532440185547
435,5.521105766296387,,9.19425654411316,0.016773223876953125
436,5.513241767883301,,9.213679075241089,0.015829801559448242
437,5.533385753631592,,9.231869220733643,0.016190290451049805
438,5.423487663269043,,9.253178358078003,0.017284631729125977
439,5.527797698974609,,9.272845029830933,0.017666101455688477
440,5.493731498718262,,9.292606830596924,0.01775813102722168
441,5.42939567565918,,9.314098596572876,0.021063566207885742
442,5.407937526702881,,9.33472228050232,0.019379615783691406
443,5.438521862030029,,9.36276650428772,0.025416135787963867
444,5.413843631744385,,9.382974863052368,0.020208358764648438
445,5.348067283630371,,9.40330457687378,0.01929330825805664
446,5.341608047485352,,9.425843238830566,0.021538257598876953
447,5.324444770812988,,9.446173191070557,0.015757322311401367
448,5.396731853485107,,9.463483810424805,0.015819311141967773
449,5.313759803771973,,9.483428001403809,0.018944501876831055
450,5.361984729766846,,9.501097440719604,0.01564311981201172
451,5.307770252227783,,9.518237352371216,0.016087770462036133
452,5.327044486999512,,9.544797658920288,0.0235598087310791
453,5.227960586547852,,9.559844493865967,0.015046834945678711
454,5.228918075561523,,9.577308416366577,0.014467239379882812
455,5.23768949508667,,9.591535806655884,0.01199483871459961
456,5.241232872009277,,9.612874984741211,0.02133917808532715
457,5.2026495933532715,,9.63172197341919,0.016869306564331055
458,5.146449089050293,,9.649636030197144,0.016281843185424805
459,5.154790878295898,,9.670008897781372,0.01936817169189453
460,5.146315097808838,,9.687229871749878,0.016220569610595703
461,5.148708820343018,,9.7080979347229,0.01883244514465332
462,5.119419097900391,,9.725503206253052,0.015733003616333008
463,5.138894081115723,,9.747774362564087,0.020258665084838867
464,5.044981479644775,,9.765077114105225,0.01627063751220703
465,5.05764102935791,,9.785678148269653,0.01930975914001465
466,5.057977676391602,,9.807261228561401,0.02000284194946289
467,5.101289749145508,,9.827792644500732,0.016278505325317383
468,5.120147705078125,,9.845443964004517,0.015504121780395508
469,5.022406101226807,,9.866419792175293,0.019971609115600586
470,4.996626853942871,,9.888633728027344,0.020706892013549805
471,5.031438827514648,,9.909343242645264,0.016679763793945312
472,4.993054389953613,,9.92503547668457,0.01569223403930664
473,5.0414557456970215,,9.943294763565063,0.015663862228393555
474,4.9236159324646,,9.962468147277832,0.015208244323730469
475,4.928169250488281,,9.981732368469238,0.01726388931274414
476,4.875356674194336,,9.9989492893219,0.01622295379638672
477,4.913728713989258,,10.014984130859375,0.013752222061157227
478,4.916858673095703,,10.036136150360107,0.01836705207824707
479,4.862102508544922,,10.053013563156128,0.01529693603515625
480,4.922383785247803,,10.07433271408081,0.016811847686767578
481,4.82356071472168,,10.091320514678955,0.015987634658813477
482,4.8749895095825195,,10.111644268035889,0.019043922424316406
483,4.860241413116455,,10.129812002182007,0.017166614532470703
484,4.8543853759765625,,10.14553189277649,0.014731645584106445
485,4.87678337097168,,10.165876150131226,0.01574397087097168
486,4.8472089767456055,,10.184348106384277,0.016328096389770508
487,4.835556983947754,,10.20556902885437,0.016652822494506836
488,4.760236740112305,,10.227712392807007,0.021143436431884766
489,4.862126350402832,,10.247631072998047,0.014902114868164062
490,4.72625207901001,,10.26529860496521,0.014161348342895508
491,4.775820732116699,,10.290420293807983,0.021066904067993164
492,4.702757835388184,,10.317580223083496,0.024464845657348633
493,4.70267391204834,,10.337403297424316,0.01740264892578125
494,4.7679443359375,,10.362599849700928,0.025196552276611328
495,4.756547927856445,,10.37969446182251,0.015096902847290039
496,4.739758491516113,,10.39736557006836,0.015676498413085938
497,4.681535720825195,,10.425132751464844,0.026551246643066406
498,4.721157073974609,,10.445745706558228,0.01969623565673828
499,4.709029197692871,,10.46247673034668,0.015226602554321289
500,4.64801549911499,0.8732188741366068,10.481330156326294,0.016855955123901367
501,4.5919013023376465,,10.504212617874146,0.02090311050415039
502,4.574330806732178,,10.527526140213013,0.022312164306640625
503,4.649062156677246,,10.549883842468262,0.02135181427001953
504,4.547767639160156,,10.569335222244263,0.019451379776000977
505,4.59196662902832,,10.587346076965332,0.016013383865356445
506,4.573840141296387,,10.61121916770935,0.023873090744018555
507,4.610126495361328,,10.627698183059692,0.015479564666748047
508,4.571223735809326,,10.645484924316406,0.01575469970703125
509,4.5732293128967285,,10.669118881225586,0.019129037857055664
510,4.568504333496094,,10.693490982055664,0.02335977554321289
511,4.5565643310546875,,10.71385407447815,0.0193634033203125
512,4.560641288757324,,10.739850044250488,0.023500442504882812
513,4.488829612731934,,10.763109922409058,0.021116971969604492
514,4.464590072631836,,10.783553838729858,0.015945911407470703
515,4.540166854858398,,10.809286117553711,0.02372884750366211
516,4.453495979309082,,10.826037406921387,0.014733552932739258
517,4.536533832550049,,10.847440242767334,0.018747806549072266
518,4.381714820861816,,10.867299556732178,0.016290903091430664
519,4.507297515869141,,10.889427423477173,0.020121335983276367
520,4.430502414703369,,10.91489863395691,0.021473407745361328
521,4.384565353393555,,10.930867910385132,0.015969276428222656
522,4.3722920417785645,,10.957406997680664,0.02223682403564453
523,4.413616180419922,,10.98360538482666,0.026198387145996094
524,4.38991641998291,,11.005168437957764,0.020557403564453125
525,4.29634952545166,,11.023439645767212,0.018271207809448242
526,4.373466491699219,,11.037173509597778,0.011708498001098633
527,4.36143684387207,,11.058744192123413,0.015901803970336914
528,4.353477478027344,,11.084806680679321,0.023063182830810547
529,4.3111186027526855,,11.109084606170654,0.024277925491333008
530,4.294206142425537,,11.126213788986206,0.01612997055053711
531,4.3494157791137695,,11.14303994178772,0.015321493148803711
532,4.2817840576171875,,11.163856029510498,0.018819332122802734
533,4.264803886413574,,11.177478551864624,0.011625051498413086
534,4.275057792663574,,11.201872825622559,0.01915264129638672
535,4.252680778503418,,11.21763300895691,0.014086723327636719
536,4.250246524810791,,11.237435340881348,0.017470121383666992
537,4.240056991577148,,11.263064861297607,0.02177286148071289
538,4.247953414916992,,11.288820028305054,0.021220684051513672
539,4.170961380004883,,11.312591075897217,0.02174091339111328
540,4.229038238525391,,11.334748983383179,0.019942045211791992
541,4.23069429397583,,11.36029601097107,0.022902488708496094
542,4.207252502441406,,11.383050918579102,0.02083110809326172
543,4.192607402801514,,11.409221172332764,0.025082111358642578
544,4.151920795440674,,11.431388139724731,0.020505666732788086
545,4.1578826904296875,,11.457488059997559,0.02167487144470215
546,4.154653549194336,,11.481039047241211,0.021548032760620117
547,4.153378009796143,,11.504175662994385,0.02113795280456543
548,4.134551048278809,,11.521563529968262,0.017387866973876953
549,4.173792362213135,,11.544894933700562,0.021367788314819336
550,4.133686065673828,,11.560861587524414,0.01596665382385254
551,4.1075544357299805,,11.577763557434082,0.01490473747253418
552,4.09868049621582,,11.59568452835083,0.017920970916748047
553,4.125883102416992,,11.622410774230957,0.02218937873840332
554,4.038110733032227,,11.644988298416138,0.02057957649230957
555,4.055666923522949,,11.66487455368042,0.015379190444946289
556,4.113700866699219,,11.681770324707031,0.015896081924438477
557,4.048766613006592,,11.702515125274658,0.018709182739257812
558,4.072450637817383,,11.717659950256348,0.014078378677368164
559,4.094857692718506,,11.73596453666687,0.01830458641052246
560,3.931495189666748,,11.757195711135864,0.017557621002197266
561,4.023310661315918,,11.777446269989014,0.01920318603515625
562,4.093571662902832,,11.793064594268799,0.014110565185546875
563,3.9425289630889893,,11.82011866569519,0.02293562889099121
564,3.997976303100586,,11.837377786636353,0.015260934829711914
565,4.022000312805176,,11.864866495132446,0.023416519165039062
566,3.9400830268859863,,11.87786316871643,0.011997461318969727
567,3.8915834426879883,,11.902079105377197,0.018991470336914062
568,3.939880609512329,,11.920030355453491,0.014980077743530273
569,3.9485208988189697,,11.937270641326904,0.015243053436279297
570,3.8979036808013916,,11.963518381118774,0.022238731384277344
571,3.9376981258392334,,11.985542058944702,0.022023677825927734
572,3.892162799835205,,12.004199028015137,0.017658233642578125
573,3.91268253326416,,12.02751898765564,0.022316694259643555
574,3.9548146724700928,,12.045837640762329,0.016811132431030273
575,3.8289682865142822,,12.070329904556274,0.02295708656311035
576,3.84617280960083,,12.087255001068115,0.014809846878051758
577,3.854135513305664,,12.104655265808105,0.015366792678833008
578,3.8845603466033936,,12.12422513961792,0.016103267669677734
579,3.8378853797912598,,12.14643144607544,0.02020883560180664
580,3.867093801498413,,12.169106721878052,0.01916217803955078
581,3.9084019660949707,,12.18573260307312,0.01562190055847168
582,3.761197566986084,,12.211787462234497,0.024550199508666992
583,3.816472291946411,,12.234925031661987,0.022136926651000977
584,3.819897174835205,,12.252142190933228,0.016217708587646484
585,3.7386882305145264,,12.270129203796387,0.01598954200744629
586,3.760540008544922,,12.292977094650269,0.02184748649597168
587,3.7425055503845215,,12.319167613983154,0.026190519332885742
588,3.733877420425415,,12.33743667602539,0.016272306442260742
589,3.7040586471557617,,12.354702472686768,0.017265796661376953
590,3.779879093170166,,12.377192974090576,0.021189451217651367
591,3.796937942504883,,12.397412061691284,0.01917433738708496
592,3.787667751312256,,12.414867162704468,0.01545095443725586
593,3.689617156982422,,12.42768907546997,0.011822700500488281
594,3.709527015686035,,12.457304954528809,0.02961587905883789
595,3.71297025680542,,12.480466842651367,0.020876646041870117
596,3.6811747550964355,,12.50463056564331,0.022165298461914062
597,3.7472457885742188,,12.520183086395264,0.015552520751953125
598,3.7565009593963623,,12.543823957443237,0.020674467086791992
599,3.764333486557007,,12.562936067581177,0.0181121826171875
600,3.6486258506774902,0.9280681014060974,12.581566572189331,0.016633033752441406
601,3.661342144012451,,12.59922981262207,0.01567697525024414
602,3.7352635860443115,,12.624266386032104,0.02046060562133789
603,3.6348495483398438,,12.642205953598022,0.015972375869750977
604,3.5895657539367676,,12.662931203842163,0.015726327896118164
605,3.6802406311035156,,12.680443525314331,0.015512943267822266
606,3.700956344604492,,12.699748516082764,0.017307758331298828
607,3.5704152584075928,,12.723260164260864,0.020705461502075195
608,3.672642469406128,,12.743896484375,0.016136884689331055
609,3.57130765914917,,12.764716625213623,0.01982903480529785
610,3.5679900646209717,,12.79129147529602,0.021645784378051758
611,3.6319942474365234,,12.80968952178955,0.01686859130859375
612,3.5490145683288574,,12.828786373138428,0.017099857330322266
613,3.61655330657959,,12.849977731704712,0.019188880920410156
614,3.5878524780273438,,12.874472856521606,0.02049708366394043
615,3.5280404090881348,,12.897769212722778,0.021651029586791992
616,3.5769710540771484,,12.92107367515564,0.021250009536743164
617,3.5684351921081543,,12.945645093917847,0.023573875427246094
618,3.6180996894836426,,12.967468500137329,0.020823955535888672
619,3.557765483856201,,12.987420797348022,0.017943382263183594
620,3.555149555206299,,13.00971531867981,0.02014899253845215
621,3.5546722412109375,,13.035254955291748,0.02054309844970703
622,3.518162250518799,,13.057340860366821,0.02152562141418457
623,3.5268664360046387,,13.082539558410645,0.02131509780883789
624,3.5462284088134766,,13.09943675994873,0.01490020751953125
625,3.502689838409424,,13.120195627212524,0.019759416580200195
626,3.4955906867980957,,13.13731074333191,0.015117883682250977
627,3.522350311279297,,13.157479763031006,0.018109798431396484
628,3.5468497276306152,,13.18044924736023,0.02094244956970215
629,3.4487061500549316,,13.201958179473877,0.017512083053588867
630,3.461411476135254,,13.224582433700562,0.020983457565307617
631,3.479916572570801,,13.24750018119812,0.019374847412109375
632,3.4580330848693848,,13.266935586929321,0.015761613845825195
633,3.469890594482422,,13.287760257720947,0.02005171775817871
634,3.4497599601745605,,13.304059982299805,0.015266895294189453
635,3.428375244140625,,13.32521653175354,0.016585350036621094
636,3.3962326049804688,,13.347925424575806,0.020708799362182617
637,3.411973476409912,,13.36931586265564,0.017359018325805664
638,3.431809425354004,,13.390673637390137,0.020134449005126953
639,3.4342048168182373,,13.415941953659058,0.0212557315826416
640,3.4078779220581055,,13.439328908920288,0.02184319496154785
641,3.382534980773926,,13.452807188034058,0.012471437454223633
642,3.387190818786621,,13.473344087600708,0.016091346740722656
643,3.3841238021850586,,13.49452257156372,0.021178483963012695
644,3.365922451019287,,13.513491868972778,0.015929460525512695
645,3.402482748031616,,13.539459466934204,0.021045684814453125
646,3.3909249305725098,,13.550635576248169,0.009172916412353516
647,3.369100570678711,,13.576649904251099,0.019396066665649414
648,3.310013771057129,,13.593870639801025,0.016252994537353516
649,3.400076389312744,,13.614402770996094,0.01853013038635254
650,3.3530726432800293,,13.63175344467163,0.01534581184387207
651,3.3669509887695312,,13.650603532791138,0.01753830909729004
652,3.2819008827209473,,13.67018747329712,0.015614509582519531
653,3.3238751888275146,,13.68729281425476,0.015110015869140625
654,3.355088710784912,,13.709173202514648,0.01650381088256836
655,3.3238656520843506,,13.725440979003906,0.014674186706542969
656,3.2951440811157227,,13.74525785446167,0.017816781997680664
657,3.3099870681762695,,13.762160778045654,0.01490163803100586
658,3.2882914543151855,,13.783454656600952,0.01929640769958496
659,3.3642916679382324,,13.805260181427002,0.02080059051513672
660,3.317628860473633,,13.831814765930176,0.02196359634399414
661,3.3663668632507324,,13.854729413986206,0.021916627883911133
662,3.2802000045776367,,13.873497009277344,0.017803668975830078
663,3.219012975692749,,13.890254259109497,0.015754222869873047
664,3.2681360244750977,,13.914906740188599,0.022549867630004883
665,3.3338403701782227,,13.930922746658325,0.016016006469726562
666,3.253744602203369,,13.956570148468018,0.02230048179626465
667,3.229036331176758,,13.986399412155151,0.028284311294555664
668,3.2216644287109375,,14.002186059951782,0.01578664779663086
669,3.302422523498535,,14.023608446121216,0.0194094181060791
670,3.279755115509033,,14.04587173461914,0.02126455307006836
671,3.2063100337982178,,14.06918478012085,0.021800518035888672
672,3.317183017730713,,14.085849046707153,0.014663457870483398
673,3.273646354675293,,14.103953123092651,0.015550613403320312
674,3.1508283615112305,,14.12424921989441,0.015867233276367188
675,3.264150619506836,,14.141710996627808,0.01548624038696289
676,3.178114414215088,,14.163919925689697,0.018178462982177734
677,3.2300705909729004,,14.177436351776123,0.01151895523071289
678,3.2107179164886475,,14.199324369430542,0.016610383987426758
679,3.2279021739959717,,14.219058752059937,0.016726970672607422
680,3.1840779781341553,,14.238171577453613,0.01811504364013672
681,3.1977362632751465,,14.25934624671936,0.01934218406677246
682,3.185932159423828,,14.280010461807251,0.020664215087890625
683,3.184438705444336,,14.293084621429443,0.013074159622192383
684,3.140855550765991,,14.313450813293457,0.01591658592224121
685,3.1435062885284424,,14.334779977798462,0.02032923698425293
686,3.077630043029785,,14.35134482383728,0.01656484603881836
687,3.1993932723999023,,14.377423763275146,0.023076534271240234
688,3.1927719116210938,,14.395777225494385,0.01835346221923828
689,3.0685882568359375,,14.419982671737671,0.02136850357055664
690,3.158945083618164,,14.439806699752808,0.018825054168701172
691,3.1483380794525146,,14.46252965927124,0.02072429656982422
692,3.1564555168151855,,14.482623815536499,0.02009415626525879
693,3.078077793121338,,14.504209280014038,0.019585132598876953
694,3.1303305625915527,,14.522588014602661,0.017379045486450195
695,3.1295018196105957,,14.545849084854126,0.021262645721435547
696,3.1033401489257812,,14.563686609268188,0.0178375244140625
697,3.0771963596343994,,14.584872722625732,0.019189119338989258
698,3.1075706481933594,,14.60298466682434,0.01552581787109375
699,3.102097988128662,,14.624226331710815,0.016732454299926758
700,3.1067123413085938,0.9594221512476603,14.65427827835083,0.02805495262145996
701,3.113819122314453,,14.675838232040405,0.01975560188293457
702,3.0899171829223633,,14.702348232269287,0.0239412784576416
703,3.045081615447998,,14.71851897239685,0.016170740127563477
704,3.0578970909118652,,14.743430137634277,0.023870468139648438
705,3.109757900238037,,14.765458345413208,0.020185232162475586
706,3.0741288661956787,,14.784843921661377,0.01477813720703125
707,3.019371509552002,,14.802390813827515,0.016546964645385742
708,3.1125199794769287,,14.824213981628418,0.01678776741027832
709,3.1502695083618164,,14.843480110168457,0.019266128540039062
710,3.0411341190338135,,14.863734722137451,0.015755653381347656
711,3.007956027984619,,14.877507209777832,0.011740922927856445
712,3.00211501121521,,14.900770902633667,0.017861604690551758
713,3.00460147857666,,14.923184633255005,0.019906044006347656
714,3.017435073852539,,14.947633743286133,0.023449420928955078
715,2.9329593181610107,,14.965511560440063,0.016872167587280273
716,3.042417049407959,,14.984666347503662,0.018184423446655273
717,3.0417253971099854,,15.001372337341309,0.015711545944213867
718,3.0074241161346436,,15.017561674118042,0.014056921005249023
719,2.978445291519165,,15.043879747390747,0.023041486740112305
720,3.011812686920166,,15.063629865646362,0.017752885818481445
721,3.051994800567627,,15.084838151931763,0.019211292266845703
722,2.990659713745117,,15.101094484329224,0.016256332397460938
723,3.0041379928588867,,15.123217821121216,0.016615629196166992
724,2.9771480560302734,,15.140026807785034,0.01580977439880371
725,2.939906120300293,,15.161906480789185,0.020813941955566406
726,3.02773380279541,,15.177467107772827,0.014561653137207031
727,2.9426345825195312,,15.195794343948364,0.015996456146240234
728,3.0662269592285156,,15.215671300888062,0.016003847122192383
729,2.9076714515686035,,15.233033895492554,0.015339136123657227
730,2.912546157836914,,15.259167432785034,0.021634578704833984
731,2.967855930328369,,15.278470993041992,0.018323659896850586
732,2.9453835487365723,,15.292954921722412,0.013478994369506836
733,2.900587797164917,,15.31250524520874,0.014997243881225586
734,3.003777027130127,,15.332817792892456,0.01831531524658203
735,2.8817660808563232,,15.3500394821167,0.015566110610961914
736,2.91908860206604,,15.374478578567505,0.02044200897216797
737,2.9081244468688965,,15.396427392959595,0.02094888687133789
738,2.8773281574249268,,15.411335706710815,0.012116193771362305
739,2.8487064838409424,,15.438157320022583,0.026821613311767578
740,2.8994956016540527,,15.461546897888184,0.02138543128967285
741,2.9032082557678223,,15.477885723114014,0.016338825225830078
742,2.90869140625,,15.502676248550415,0.02178335189819336
743,2.9014246463775635,,15.518245697021484,0.015569448471069336
744,2.869957447052002,,15.536120653152466,0.014873027801513672
745,2.8983688354492188,,15.558795690536499,0.021167755126953125
746,2.893098831176758,,15.579111099243164,0.016318321228027344
747,2.824087381362915,,15.591355562210083,0.011245012283325195
748,2.8634791374206543,,15.614607334136963,0.016177654266357422
749,2.9023208618164062,,15.633317708969116,0.015993356704711914
750,2.8280792236328125,,15.652130603790283,0.01712775230407715
751,2.889148712158203,,15.670142650604248,0.016011953353881836
752,2.834223747253418,,15.68785309791565,0.015683650970458984
753,2.861578941345215,,15.707638263702393,0.016643285751342773
754,2.9144136905670166,,15.724406957626343,0.015763521194458008
755,2.7867379188537598,,15.74522614479065,0.018822193145751953
756,2.8270263671875,,15.76212477684021,0.015899181365966797
757,2.896696090698242,,15.780678033828735,0.016553163528442383
758,2.790562152862549,,15.797302961349487,0.013595104217529297
759,2.8387231826782227,,15.819376945495605,0.01856088638305664
760,2.834557294845581,,15.837329626083374,0.01595592498779297
761,2.8256592750549316,,15.854694366455078,0.015343189239501953
762,2.890974521636963,,15.877391576766968,0.021695852279663086
763,2.8283021450042725,,15.902310609817505,0.02491903305053711
764,2.8389883041381836,,15.927645683288574,0.024300336837768555
765,2.821173667907715,,15.952873945236206,0.025228261947631836
766,2.7984116077423096,,15.974709033966064,0.0218350887298584
767,2.8556008338928223,,15.997904777526855,0.018254995346069336
768,2.8030099868774414,,16.01349902153015,0.015594244003295898
769,2.7784690856933594,,16.03765559196472,0.01920938491821289
770,2.7928547859191895,,16.063931941986084,0.026276350021362305
771,2.8265438079833984,,16.08478307723999,0.01885199546813965
772,2.8227522373199463,,16.102707386016846,0.015317440032958984
773,2.7837462425231934,,16.122470378875732,0.01625990867614746
774,2.7673497200012207,,16.144437313079834,0.019969701766967773
775,2.7782461643218994,,16.16814637184143,0.019205570220947266
776,2.7748801708221436,,16.184716939926147,0.015521764755249023
777,2.813758611679077,,16.20807695388794,0.022360563278198242
778,2.8026328086853027,,16.23009705543518,0.02027273178100586
779,2.7266666889190674,,16.251766204833984,0.018670082092285156
780,2.7796454429626465,,16.27899742126465,0.027231216430664062
781,2.800992012023926,,16.293100833892822,0.013073921203613281
782,2.7535829544067383,,16.31581211090088,0.01847219467163086
783,2.747328042984009,,16.33736801147461,0.020050764083862305
784,2.7398030757904053,,16.36129403114319,0.0239260196685791
785,2.749210834503174,,16.377901077270508,0.015607833862304688
786,2.794963836669922,,16.399628162384033,0.02172708511352539
787,2.771688938140869,,16.420175313949585,0.016048669815063477
788,2.722491502761841,,16.44215726852417,0.02001500129699707
789,2.8305583000183105,,16.465782165527344,0.020627975463867188
790,2.7367942333221436,,16.48824191093445,0.020923852920532227
791,2.6833384037017822,,16.507488489151,0.017240524291992188
792,2.6792781352996826,,16.527491331100464,0.02000284194946289
793,2.7036335468292236,,16.552153825759888,0.02365851402282715
794,2.714897871017456,,16.57044243812561,0.018288612365722656
795,2.7049083709716797,,16.59311842918396,0.018708467483520508
796,2.736173629760742,,16.612931728363037,0.01981329917907715
797,2.705063581466675,,16.632488250732422,0.016512155532836914
798,2.732654094696045,,16.64861273765564,0.015207052230834961
799,2.6673312187194824,,16.674768447875977,0.022128582000732422
800,2.6093087196350098,0.9683202902475992,16.697282075881958,0.019765138626098633
801,2.7705912590026855,,16.714847564697266,0.015322685241699219
802,2.6591715812683105,,16.731192350387573,0.014761209487915039
803,2.7162842750549316,,16.751280069351196,0.016082286834716797
804,2.645308494567871,,16.76780343055725,0.014495372772216797
805,2.6561598777770996,,16.78779697418213,0.017994403839111328
806,2.677396297454834,,16.804861783981323,0.015061616897583008
807,2.6943106651306152,,16.825401782989502,0.01844477653503418
808,2.6334280967712402,,16.84544014930725,0.018033981323242188
809,2.6592185497283936,,16.86584711074829,0.018405437469482422
810,2.6585493087768555,,16.883333921432495,0.015983104705810547
811,2.696406602859497,,16.90003728866577,0.014630556106567383
812,2.713350534439087,,16.920908212661743,0.016867637634277344
813,2.692434787750244,,16.94193434715271,0.02003335952758789
814,2.6549172401428223,,16.963533639907837,0.016126632690429688
815,2.6605873107910156,,16.980422258377075,0.015889406204223633
816,2.6511313915252686,,17.001208305358887,0.01877903938293457
817,2.6441779136657715,,17.01852250099182,0.015278816223144531
818,2.6270251274108887,,17.038222074508667,0.017696857452392578
819,2.6212501525878906,,17.05711340904236,0.01688694953918457
820,2.608482837677002,,17.0812828540802,0.0223391056060791
821,2.6690046787261963,,17.102447032928467,0.02016425132751465
822,2.609009265899658,,17.12854814529419,0.02036571502685547
823,2.6618399620056152,,17.15061330795288,0.020071744918823242
824,2.629314661026001,,17.173075675964355,0.01946568489074707
825,2.6046314239501953,,17.189908266067505,0.01513218879699707
826,2.6140613555908203,,17.216427087783813,0.024493932723999023
827,2.548269748687744,,17.233014822006226,0.015342235565185547
828,2.600597858428955,,17.252205848693848,0.016194581985473633
829,2.5808591842651367,,17.2673077583313,0.013104915618896484
830,2.6241493225097656,,17.28653049468994,0.019222736358642578
831,2.586456298828125,,17.31247854232788,0.020436525344848633
832,2.593879222869873,,17.337437391281128,0.019060373306274414
833,2.6055727005004883,,17.359581232070923,0.01992344856262207
834,2.5679469108581543,,17.384165048599243,0.021587133407592773
835,2.5342392921447754,,17.400697469711304,0.015532732009887695
836,2.5839409828186035,,17.42385220527649,0.020157575607299805
837,2.5809531211853027,,17.440358877182007,0.015506505966186523
838,2.553220272064209,,17.460516214370728,0.016161441802978516
839,2.5690033435821533,,17.47761559486389,0.015101909637451172
840,2.6299099922180176,,17.502212524414062,0.021864652633666992
841,2.518291711807251,,17.51824140548706,0.016028881072998047
842,2.523728847503662,,17.543882369995117,0.023639917373657227
843,2.5340490341186523,,17.55990743637085,0.01502537727355957
844,2.513522148132324,,17.581180572509766,0.019275903701782227
845,2.5404210090637207,,17.597278833389282,0.015098810195922852
846,2.5872766971588135,,17.6164128780365,0.0169064998626709
847,2.535611391067505,,17.633079051971436,0.012128114700317383
848,2.4938251972198486,,17.65441131591797,0.016898155212402344
849,2.5359139442443848,,17.677140951156616,0.02063131332397461
850,2.5577917098999023,,17.69395112991333,0.016810178756713867
851,2.525223731994629,,17.71478247642517,0.019830942153930664
852,2.5590736865997314,,17.73209500312805,0.015650510787963867
853,2.611258029937744,,17.75519108772278,0.02009296417236328
854,2.529815912246704,,17.767336130142212,0.009641170501708984
855,2.5611343383789062,,17.797327995300293,0.02331995964050293
856,2.53584885597229,,17.814509868621826,0.017181873321533203
857,2.498497724533081,,17.834810256958008,0.015400171279907227
858,2.5196316242218018,,17.85849905014038,0.021044015884399414
859,2.562091112136841,,17.87746000289917,0.014960765838623047
860,2.4955458641052246,,17.900314807891846,0.02285480499267578
861,2.5331976413726807,,17.9238703250885,0.020553112030029297
862,2.4357852935791016,,17.9465811252594,0.022710800170898438
863,2.526885747909546,,17.967280864715576,0.0175628662109375
864,2.521028757095337,,17.997498273849487,0.025074005126953125
865,2.528346061706543,,18.01346254348755,0.015964269638061523
866,2.4987101554870605,,18.030393838882446,0.01533055305480957
867,2.44065523147583,,18.051116943359375,0.018727540969848633
868,2.491769313812256,,18.070759057998657,0.01764512062072754
869,2.5491864681243896,,18.091670274734497,0.01758289337158203
870,2.5569467544555664,,18.120487689971924,0.023099422454833984
871,2.427940845489502,,18.14112663269043,0.01864171028137207
872,2.5275254249572754,,18.163991689682007,0.020868301391601562
873,2.5084433555603027,,18.18575882911682,0.019769906997680664
874,2.4184796810150146,,18.20837664604187,0.018107175827026367
875,2.43276309967041,,18.230995893478394,0.021274328231811523
876,2.4354374408721924,,18.251924514770508,0.016927719116210938
877,2.435373067855835,,18.27391529083252,0.016384601593017578
878,2.4921581745147705,,18.297369480133057,0.01991415023803711
879,2.492030620574951,,18.322450637817383,0.0215914249420166
880,2.4528350830078125,,18.338818788528442,0.01437067985534668
881,2.4844613075256348,,18.358821630477905,0.0162813663482666
882,2.465162515640259,,18.38423752784729,0.021406888961791992
883,2.492129325866699,,18.40767240524292,0.022434234619140625
884,2.4368700981140137,,18.426031351089478,0.01635122299194336
885,2.4010872840881348,,18.4437255859375,0.0161895751953125
886,2.471938133239746,,18.467769622802734,0.020542144775390625
887,2.441009759902954,,18.487287044525146,0.01751399040222168
888,2.4073591232299805,,18.510372161865234,0.02007460594177246
889,2.418914556503296,,18.533374547958374,0.022002220153808594
890,2.5067901611328125,,18.555030822753906,0.020657062530517578
891,2.358781337738037,,18.579689979553223,0.022975444793701172
892,2.4503207206726074,,18.59650993347168,0.014775514602661133
893,2.4116978645324707,,18.616599321365356,0.018030881881713867
894,2.4440078735351562,,18.633430004119873,0.015258312225341797
895,2.3927083015441895,,18.65361499786377,0.020184993743896484
896,2.400923013687134,,18.672211170196533,0.016340970993041992
897,2.401027202606201,,18.689380645751953,0.015164375305175781
898,2.4170055389404297,,18.709839582443237,0.015459060668945312
899,2.4239330291748047,,18.727404356002808,0.01549530029296875
900,2.4098355770111084,0.9757216374079386,18.74920105934143,0.017286062240600586
901,2.3912596702575684,,18.766223669052124,0.015019893646240234
902,2.4168241024017334,,18.78577208518982,0.018004655838012695
903,2.3366622924804688,,18.803842544555664,0.015561580657958984
904,2.4048728942871094,,18.82421612739563,0.01837301254272461
905,2.3982319831848145,,18.84147834777832,0.016263246536254883
906,2.434372901916504,,18.858477115631104,0.01590132713317871
907,2.3731234073638916,,18.877532482147217,0.015054941177368164
908,2.40647029876709,,18.896446704864502,0.01610255241394043
909,2.427065372467041,,18.91713857650757,0.015308141708374023
910,2.354442596435547,,18.93164563179016,0.012745857238769531
911,2.415536880493164,,18.95131230354309,0.016338586807250977
912,2.3393378257751465,,18.97611951828003,0.021810054779052734
913,2.3316292762756348,,18.99761152267456,0.01999044418334961
914,2.3623085021972656,,19.015068531036377,0.01543736457824707
915,2.3735265731811523,,19.034396171569824,0.018112659454345703
916,2.3914477825164795,,19.051101684570312,0.014707803726196289
917,2.324442148208618,,19.06903314590454,0.01590275764465332
918,2.3851943016052246,,19.087149143218994,0.01308894157409668
919,2.265259265899658,,19.10695171356201,0.019802570343017578
920,2.390801191329956,,19.13191032409668,0.021402597427368164
921,2.387702226638794,,19.15592646598816,0.02256178855895996
922,2.3783786296844482,,19.17756986618042,0.015126705169677734
923,2.369156837463379,,19.196383237838745,0.018813371658325195
924,2.3440566062927246,,19.214799404144287,0.016068220138549805
925,2.3998193740844727,,19.23754119873047,0.02109384536743164
926,2.3131539821624756,,19.261218786239624,0.023677587509155273
927,2.3489742279052734,,19.284711360931396,0.022490739822387695
928,2.3003735542297363,,19.30384588241577,0.018134117126464844
929,2.2669520378112793,,19.32889413833618,0.023055553436279297
930,2.3215720653533936,,19.350030660629272,0.02113652229309082
931,2.358901023864746,,19.37440538406372,0.020377635955810547
932,2.3399808406829834,,19.396453857421875,0.01997089385986328
933,2.315424919128418,,19.422924518585205,0.02162909507751465
934,2.354867696762085,,19.439716577529907,0.0157930850982666
935,2.3479390144348145,,19.46057915687561,0.019863605499267578
936,2.3074216842651367,,19.477476596832275,0.015899181365966797
937,2.299588918685913,,19.49600052833557,0.017518043518066406
938,2.356126308441162,,19.519797563552856,0.02170109748840332
939,2.2504289150238037,,19.539016723632812,0.018221378326416016
940,2.292140007019043,,19.561800241470337,0.02077960968017578
941,2.3397040367126465,,19.583717346191406,0.016376018524169922
942,2.317704916000366,,19.600557804107666,0.014769554138183594
943,2.272374153137207,,19.620794534683228,0.01820993423461914
944,2.2767298221588135,,19.642995595932007,0.020202159881591797
945,2.320939540863037,,19.669110774993896,0.021584510803222656
946,2.2836403846740723,,19.691339254379272,0.02122974395751953
947,2.275207996368408,,19.71118402481079,0.01584482192993164
948,2.300611972808838,,19.727998733520508,0.01581263542175293
949,2.3178536891937256,,19.74754762649536,0.01451730728149414
950,2.287094831466675,,19.76542854309082,0.01586461067199707
951,2.298306941986084,,19.783301830291748,0.015750885009765625
952,2.2842915058135986,,19.809683322906494,0.021137475967407227
953,2.2860331535339355,,19.828696966171265,0.019013643264770508
954,2.2853753566741943,,19.850751399993896,0.021085023880004883
955,2.2606186866760254,,19.86884117126465,0.018089771270751953
956,2.2868471145629883,,19.891376972198486,0.020397186279296875
957,2.2853143215179443,,19.910288095474243,0.018911123275756836
958,2.30818772315979,,19.927552938461304,0.01629471778869629
959,2.2498793601989746,,19.944720029830933,0.01512289047241211
960,2.234856128692627,,19.965633392333984,0.015404224395751953
961,2.269852876663208,,19.983445167541504,0.015126228332519531
962,2.3045597076416016,,20.003211736679077,0.01873326301574707
963,2.211989164352417,,20.017407178878784,0.012191057205200195
964,2.2371437549591064,,20.04074215888977,0.018662691116333008
965,2.286824941635132,,20.057474374771118,0.014729022979736328
966,2.194242000579834,,20.07728886604309,0.019814491271972656
967,2.220261573791504,,20.1020827293396,0.019764423370361328
968,2.232853651046753,,20.12084150314331,0.017758846282958984
969,2.260712146759033,,20.137415885925293,0.015784740447998047
970,2.2603330612182617,,20.158878326416016,0.01934647560119629
971,2.2665982246398926,,20.177616596221924,0.017735719680786133
972,2.220998764038086,,20.199613571166992,0.017781734466552734
973,2.2025885581970215,,20.22284245491028,0.021204710006713867
974,2.2756216526031494,,20.240586519241333,0.017744064331054688
975,2.196261167526245,,20.26326060295105,0.020667314529418945
976,2.2551679611206055,,20.281684637069702,0.018424034118652344
977,2.2688043117523193,,20.304867029190063,0.0211794376373291
978,2.220427989959717,,20.322477340698242,0.01761031150817871
979,2.1639223098754883,,20.337382793426514,0.012903690338134766
980,2.21940279006958,,20.357149124145508,0.01563858985900879
981,2.2372632026672363,,20.37751007080078,0.020360946655273438
982,2.2612850666046143,,20.39573836326599,0.01822829246520996
983,2.211719512939453,,20.417953968048096,0.017416954040527344
984,2.166801929473877,,20.433830738067627,0.01486968994140625
985,2.2731895446777344,,20.454318046569824,0.018486976623535156
986,2.2058987617492676,,20.47275400161743,0.015427589416503906
987,2.183897018432617,,20.49047088623047,0.017072200775146484
988,2.195378541946411,,20.515697956085205,0.02125716209411621
989,2.256345748901367,,20.53412127494812,0.01842331886291504
990,2.220594644546509,,20.556371450424194,0.020249128341674805
991,2.1826839447021484,,20.575709104537964,0.01933765411376953
992,2.2416625022888184,,20.598095893859863,0.0208585262298584
993,2.200918436050415,,20.615775108337402,0.017679214477539062
994,2.1722664833068848,,20.637367486953735,0.01907968521118164
995,2.2135725021362305,,20.656588315963745,0.019220829010009766
996,2.194221019744873,,20.6771719455719,0.019010543823242188
997,2.199315071105957,,20.697267532348633,0.0200955867767334
998,2.1926064491271973,,20.717742919921875,0.018470048904418945
999,2.1775436401367188,,20.737927198410034,0.02018427848815918
1000,2.1876583099365234,0.9811724821726481,20.764418840408325,0.024439096450805664
1001,2.189666509628296,,20.78287172317505,0.018452882766723633
1002,2.191343069076538,,20.800882816314697,0.017002344131469727
1003,2.1728270053863525,,20.8182852268219,0.015403270721435547
1004,2.157499313354492,,20.83450961112976,0.01421356201171875
1005,2.1877517700195312,,20.853712797164917,0.016266822814941406
1006,2.1859259605407715,,20.873914003372192,0.015238761901855469
1007,2.17865252494812,,20.890563011169434,0.013303756713867188
1008,2.162985324859619,,20.910565853118896,0.02000284194946289
1009,2.193800926208496,,20.92944622039795,0.015712499618530273
1010,2.166128635406494,,20.9460928440094,0.015649795532226562
1011,2.175859212875366,,20.97350549697876,0.020866870880126953
1012,2.1861824989318848,,20.997409343719482,0.021747827529907227
1013,2.131700277328491,,21.01914644241333,0.02023172378540039
1014,2.1623458862304688,,21.03956365585327,0.016448020935058594
1015,2.14261531829834,,21.06086039543152,0.02029728889465332
1016,2.1399121284484863,,21.084920644760132,0.022063732147216797
1017,2.1686084270477295,,21.10236430168152,0.014819145202636719
1018,2.184159278869629,,21.12174415588379,0.0173795223236084
1019,2.1828203201293945,,21.146111011505127,0.020335912704467773
1020,2.1865339279174805,,21.167993783950806,0.017307281494140625
1021,2.2294318675994873,,21.189403533935547,0.02140974998474121
1022,2.189394474029541,,21.209552764892578,0.016180038452148438
1023,2.1604137420654297,,21.23106360435486,0.021510839462280273
1024,2.183832883834839,,21.257246255874634,0.022185802459716797
1025,2.20317006111145,,21.271982669830322,0.01419973373413086
1026,2.1878461837768555,,21.29323720932007,0.01592564582824707
1027,2.13192081451416,,21.311141967773438,0.01790475845336914
1028,2.1447906494140625,,21.328259229660034,0.016114473342895508
1029,2.1311135292053223,,21.347553253173828,0.015278339385986328
1030,2.117210626602173,,21.368064403533936,0.018425464630126953
1031,2.113056182861328,,21.390733003616333,0.02163386344909668
1032,2.09506893157959,,21.410149335861206,0.019416332244873047
1033,2.1539134979248047,,21.42761254310608,0.016463279724121094
1034,2.1104252338409424,,21.444817781448364,0.016199588775634766
1035,2.1244184970855713,,21.465604066848755,0.01612544059753418
1036,2.0856099128723145,,21.483438730239868,0.015639543533325195
1037,2.0909171104431152,,21.50323510169983,0.01876544952392578
1038,2.13004732131958,,21.5178861618042,0.013654232025146484
1039,2.1280641555786133,,21.538350343704224,0.016208171844482422
1040,2.118271589279175,,21.55756115913391,0.017032861709594727
1041,2.109196424484253,,21.575650453567505,0.01808929443359375
1042,2.080159902572632,,21.60048222541809,0.021291494369506836
1043,2.1575124263763428,,21.61838436126709,0.017902135848999023
1044,2.029099941253662,,21.641099452972412,0.02068328857421875
1045,2.1337404251098633,,21.659485340118408,0.018385887145996094
1046,2.127152442932129,,21.6815345287323,0.020054101943969727
1047,2.1102495193481445,,21.70124578475952,0.01971125602722168
1048,2.161426544189453,,21.723472118377686,0.02022862434387207
1049,2.093371629714966,,21.742706060409546,0.01923394203186035
1050,2.118215322494507,,21.762387990951538,0.018682241439819336
1051,2.076572895050049,,21.783366680145264,0.018952131271362305
1052,2.1051058769226074,,21.805088758468628,0.020726442337036133
1053,2.059713840484619,,21.825701236724854,0.018116474151611328
1054,2.063190460205078,,21.84255814552307,0.015322685241699219
1055,2.0954692363739014,,21.857534885406494,0.012975692749023438
1056,2.138781785964966,,21.88621234893799,0.02486586570739746
1057,2.0184988975524902,,21.910327196121216,0.02411484718322754
1058,2.1519887447357178,,21.926188230514526,0.015861034393310547
1059,2.0802388191223145,,21.943760871887207,0.01603984832763672
1060,2.0919594764709473,,21.96459436416626,0.01629161834716797
1061,2.0300021171569824,,21.981398820877075,0.014837265014648438
1062,2.0904412269592285,,22.001249074935913,0.01784062385559082
1063,2.10365891456604,,22.01908802986145,0.015801191329956055
1064,2.121769905090332,,22.03969168663025,0.0186154842376709
1065,2.066248893737793,,22.062399864196777,0.02070903778076172
1066,2.072972297668457,,22.084732055664062,0.022332191467285156
1067,2.078118085861206,,22.107618808746338,0.020279407501220703
1068,2.0771167278289795,,22.127309322357178,0.016577482223510742
1069,2.0650689601898193,,22.14933753013611,0.022028207778930664
1070,2.090792655944824,,22.169119596481323,0.015811920166015625
1071,2.1528780460357666,,22.188395738601685,0.018276691436767578
1072,2.080717086791992,,22.209609746932983,0.016211509704589844
1073,2.030031204223633,,22.22650933265686,0.016899585723876953
1074,2.103581428527832,,22.245551824569702,0.017501354217529297
1075,2.0107357501983643,,22.269044876098633,0.021184444427490234
1076,2.054614782333374,,22.287512063980103,0.015438318252563477
1077,2.0291168689727783,,22.305908918380737,0.016393184661865234
1078,2.031571865081787,,22.32598876953125,0.01844334602355957
1079,2.06193208694458,,22.3427152633667,0.015190839767456055
1080,2.045491933822632,,22.36007070541382,0.015358686447143555
1081,2.0644588470458984,,22.381248235702515,0.019177913665771484
1082,2.0627918243408203,,22.397857904434204,0.015609979629516602
1083,2.05639386177063,,22.41849637031555,0.01815652847290039
1084,2.042766571044922,,22.443665027618408,0.025168657302856445
1085,2.0671029090881348,,22.467438459396362,0.01827836036682129
1086,2.026439905166626,,22.48611330986023,0.018674850463867188
1087,2.036111831665039,,22.50629734992981,0.01563739776611328
1088,2.0353078842163086,,22.523730754852295,0.015168905258178711
1089,2.006574869155884,,22.54496121406555,0.016660213470458984
1090,2.0635077953338623,,22.562419414520264,0.016449451446533203
1091,2.0189030170440674,,22.583539962768555,0.019106149673461914
1092,2.0135531425476074,,22.60515785217285,0.02061152458190918
1093,1.9950573444366455,,22.62579584121704,0.01575922966003418
1094,2.0518600940704346,,22.647573709487915,0.019968271255493164
1095,2.0361506938934326,,22.666329860687256,0.01572561264038086
1096,2.000941514968872,,22.687270164489746,0.018435239791870117
1097,2.0294525623321533,,22.712007761001587,0.020734310150146484
1098,2.0945138931274414,,22.73216485977173,0.019156694412231445
1099,2.036532163619995,,22.751320600509644,0.017150163650512695
1100,2.0692527294158936,0.9776219725608826,22.770087242126465,0.01672816276550293
1101,2.0403285026550293,,22.791544914245605,0.0171051025390625
1102,2.016251564025879,,22.813105821609497,0.020231246948242188
1103,1.965020775794983,,22.83743119239807,0.019382953643798828
1104,2.0611112117767334,,22.863523483276367,0.0260922908782959
1105,1.9943289756774902,,22.877499103546143,0.012952327728271484
1106,2.029452323913574,,22.897748947143555,0.02024984359741211
1107,2.044778823852539,,22.919183015823364,0.01638054847717285
1108,2.060486316680908,,22.936503171920776,0.01532292366027832
1109,2.108433485031128,,22.95738196372986,0.016150951385498047
1110,2.009202241897583,,22.97899293899536,0.019498825073242188
1111,1.9953582286834717,,22.9996120929718,0.01561594009399414
1112,1.9655215740203857,,23.02047610282898,0.019128799438476562
1113,2.0107812881469727,,23.043132066726685,0.02165699005126953
1114,2.0334219932556152,,23.059679746627808,0.01551675796508789
1115,2.038525104522705,,23.080740690231323,0.01906275749206543
1116,2.0188865661621094,,23.087427854537964,0.006687164306640625
1117,2.051576614379883,,23.1164710521698,0.017976045608520508
1118,1.9795845746994019,,23.133135318756104,0.015099048614501953
1119,2.0009765625,,23.15165615081787,0.018520832061767578
1120,2.009514331817627,,23.175082683563232,0.02041316032409668
1121,1.9725327491760254,,23.191807985305786,0.01672530174255371
1122,2.04278564453125,,23.210389614105225,0.01657867431640625
1123,2.036834716796875,,23.22757363319397,0.015178203582763672
1124,2.037797212600708,,23.24709939956665,0.017500877380371094
1125,1.9478602409362793,,23.264434337615967,0.017334938049316406
1126,2.065094470977783,,23.284578323364258,0.018143177032470703
1127,2.0006580352783203,,23.302913665771484,0.017336368560791016
1128,2.054642677307129,,23.325690031051636,0.021776676177978516
1129,2.0017549991607666,,23.344570636749268,0.017375946044921875
1130,2.0150747299194336,,23.36806583404541,0.021495342254638672
1131,2.0107288360595703,,23.3914475440979,0.02237725257873535
1132,1.9735270738601685,,23.414196252822876,0.022748708724975586
1133,1.9874522686004639,,23.436288595199585,0.021089792251586914
1134,1.968646764755249,,23.462981462478638,0.02175617218017578
1135,1.935764193534851,,23.487110137939453,0.023118019104003906
1136,1.9653005599975586,,23.507256507873535,0.018637418746948242
1137,1.934601902961731,,23.52413272857666,0.0157625675201416
1138,1.986558437347412,,23.544904708862305,0.018774986267089844
1139,2.0097360610961914,,23.557560920715332,0.011656522750854492
1140,2.0577311515808105,,23.581578493118286,0.01778244972229004
1141,1.9829277992248535,,23.599597692489624,0.0160214900970459
1142,2.0012292861938477,,23.623717308044434,0.023119211196899414
1143,1.9674205780029297,,23.64606738090515,0.02135014533996582
1144,1.9546878337860107,,23.671196699142456,0.021556854248046875
1145,1.9213963747024536,,23.6949405670166,0.021741151809692383
1146,2.0190587043762207,,23.71728229522705,0.02134227752685547
1147,2.018933057785034,,23.737463235855103,0.020180940628051758
1148,1.960871696472168,,23.760247230529785,0.021179914474487305
1149,2.006070852279663,,23.779634475708008,0.017386674880981445
1150,1.9966721534729004,,23.80188798904419,0.020256757736206055
1151,1.960745096206665,,23.820802211761475,0.018914222717285156
1152,1.906170129776001,,23.842546939849854,0.020746469497680664
1153,1.9636869430541992,,23.85878825187683,0.015241861343383789
1154,1.9651575088500977,,23.877471208572388,0.015680551528930664
1155,2.0059170722961426,,23.898601531982422,0.01910877227783203
1156,1.9221487045288086,,23.91995406150818,0.017354965209960938
1157,1.9750242233276367,,23.93615961074829,0.015208005905151367
1158,2.0025389194488525,,23.954962253570557,0.016265869140625
1159,1.909701943397522,,23.973758459091187,0.01629161834716797
1160,1.995451807975769,,23.99051833152771,0.016759872436523438
1161,1.9693152904510498,,24.010485887527466,0.015964746475219727
1162,1.9093458652496338,,24.028584241867065,0.016544103622436523
1163,1.9658546447753906,,24.047513008117676,0.01592707633972168
1164,1.9001493453979492,,24.06477975845337,0.015230894088745117
1165,1.9239957332611084,,24.085811614990234,0.01852583885192871
1166,1.9752260446548462,,24.10351037979126,0.015192031860351562
1167,2.000509738922119,,24.12443447113037,0.015774965286254883
1168,1.8954851627349854,,24.14615750312805,0.01973414421081543
1169,1.9781944751739502,,24.165207862854004,0.01573467254638672
1170,1.906518578529358,,24.182840585708618,0.01563572883605957
1171,1.9466729164123535,,24.199881553649902,0.016043663024902344
1172,1.885277509689331,,24.217200756072998,0.012319087982177734
1173,1.8688092231750488,,24.23723840713501,0.02003765106201172
1174,1.8936362266540527,,24.262200593948364,0.021671295166015625
1175,1.9159133434295654,,24.277737617492676,0.015537023544311523
1176,1.888306736946106,,24.303897380828857,0.021158695220947266
1177,1.9432510137557983,,24.326074838638306,0.022177457809448242
1178,1.8744335174560547,,24.34354019165039,0.01746535301208496
1179,1.9535248279571533,,24.359705686569214,0.015195608139038086
1180,1.9667783975601196,,24.377116441726685,0.014410734176635742
1181,1.926552653312683,,24.39537286758423,0.018256425857543945
1182,1.8924487829208374,,24.42138123512268,0.020760059356689453
1183,1.9797816276550293,,24.44580340385437,0.024422168731689453
1184,1.8928868770599365,,24.474841117858887,0.025517702102661133
1185,1.901882529258728,,24.494585037231445,0.019743919372558594
1186,1.9109086990356445,,24.518213272094727,0.020672321319580078
1187,1.9731584787368774,,24.535757303237915,0.017544031143188477
1188,1.9028704166412354,,24.55404043197632,0.015655517578125
1189,1.957485318183899,,24.57150673866272,0.015442848205566406
1190,1.89225172996521,,24.587299585342407,0.012825489044189453
1191,1.9193581342697144,,24.61321473121643,0.015761137008666992
1192,1.921547293663025,,24.62722373008728,0.011008977890014648
1193,1.9511184692382812,,24.65429186820984,0.017141342163085938
1194,1.9024814367294312,,24.672198057174683,0.015623092651367188
1195,1.921508550643921,,24.689082622528076,0.0158843994140625
1196,1.914049506187439,,24.712403535842896,0.021227121353149414
1197,1.9392590522766113,,24.732927560806274,0.020524024963378906
1198,1.9543123245239258,,24.751150131225586,0.01616215705871582
1199,1.8997948169708252,,24.768405437469482,0.015097379684448242
1200,1.8845844268798828,0.9846847256024679,24.790385723114014,0.017978906631469727
1201,1.9514238834381104,,24.81246256828308,0.02007913589477539
1202,1.9106463193893433,,24.833439111709595,0.01610732078552246
1203,1.9471927881240845,,24.849681615829468,0.014889001846313477
1204,1.9463049173355103,,24.868126392364502,0.01644444465637207
1205,1.901036024093628,,24.893601655960083,0.02145075798034668
1206,1.9134697914123535,,24.912312984466553,0.015203237533569336
1207,1.9339560270309448,,24.927226781845093,0.012789726257324219
1208,1.910913109779358,,24.949496507644653,0.022269725799560547
1209,1.8315589427947998,,24.967349529266357,0.0158538818359375
1210,1.8962169885635376,,24.984427213668823,0.016073942184448242
1211,1.8814351558685303,,25.00428795814514,0.018860816955566406
1212,1.965833067893982,,25.022078275680542,0.015784740447998047
1213,1.878603458404541,,25.042942762374878,0.01985764503479004
1214,1.8809974193572998,,25.06002426147461,0.015068531036376953
1215,1.8453025817871094,,25.084611892700195,0.022588729858398438
1216,1.8622281551361084,,25.107953310012817,0.020699739456176758
1217,1.9182707071304321,,25.127381563186646,0.017396211624145508
1218,1.9039840698242188,,25.149253368377686,0.020689964294433594
1219,1.8867852687835693,,25.169129848480225,0.015908479690551758
1220,1.8972116708755493,,25.191440105438232,0.02031254768371582
1221,1.8279337882995605,,25.216667413711548,0.021207332611083984
1222,1.9181019067764282,,25.232657194137573,0.01544499397277832
1223,1.912987470626831,,25.261428356170654,0.02326202392578125
1224,1.8870373964309692,,25.281437635421753,0.019011735916137695
1225,1.8753275871276855,,25.303868055343628,0.02143263816833496
1226,1.8299593925476074,,25.323773860931396,0.019905805587768555
1227,1.8725712299346924,,25.344563961029053,0.019788265228271484
1228,1.8728129863739014,,25.36740803718567,0.021845102310180664
1229,1.813766360282898,,25.385237216949463,0.015787601470947266
1230,1.833457350730896,,25.404002904891968,0.016765594482421875
1231,1.854517936706543,,25.421966791152954,0.01596355438232422
1232,1.90736985206604,,25.438721179962158,0.014755010604858398
1233,1.8767433166503906,,25.459402561187744,0.018676042556762695
1234,1.8524755239486694,,25.473443031311035,0.012808799743652344
1235,1.8639028072357178,,25.494016885757446,0.016828060150146484
1236,1.8706740140914917,,25.517427682876587,0.01976752281188965
1237,1.8258904218673706,,25.53715682029724,0.018725156784057617
1238,1.8899812698364258,,25.55967950820923,0.021517038345336914
1239,1.8210991621017456,,25.579529523849487,0.01985001564025879
1240,1.8532689809799194,,25.601428031921387,0.02089858055114746
1241,1.85738205909729,,25.625622749328613,0.022194862365722656
1242,1.876312255859375,,25.643126726150513,0.015999794006347656
1243,1.8600622415542603,,25.66913676261902,0.02073979377746582
1244,1.832242488861084,,25.68933939933777,0.01920151710510254
1245,1.9307777881622314,,25.709755897521973,0.016386032104492188
1246,1.81656014919281,,25.724188566207886,0.013353347778320312
1247,1.8583227396011353,,25.747565031051636,0.01999521255493164
1248,1.8532464504241943,,25.763213872909546,0.015648841857910156
1249,1.880861759185791,,25.78243136405945,0.016869068145751953
1250,1.8414535522460938,,25.804914951324463,0.020464181900024414
1251,1.9161144495010376,,25.823511600494385,0.018596649169921875
1252,1.8171262741088867,,25.84268355369568,0.017174720764160156
1253,1.8297532796859741,,25.85918426513672,0.015501022338867188
1254,1.788057565689087,,25.8775372505188,0.015377998352050781
1255,1.9003994464874268,,25.903392791748047,0.025855541229248047
1256,1.8438835144042969,,25.922977209091187,0.018584012985229492
1257,1.823571801185608,,25.94511127471924,0.021133899688720703
1258,1.8289505243301392,,25.964641332626343,0.015974044799804688
1259,1.85467529296875,,25.982106924057007,0.015341758728027344
1260,1.8870408535003662,,26.002283811569214,0.016177654266357422
1261,1.7963496446609497,,26.017836093902588,0.013558626174926758
1262,1.8457610607147217,,26.044991970062256,0.02715587615966797
1263,1.8510491847991943,,26.06030774116516,0.015315771102905273
1264,1.8668246269226074,,26.085943460464478,0.023638010025024414
1265,1.859262228012085,,26.106711864471436,0.020768404006958008
1266,1.8772993087768555,,26.127103090286255,0.016881465911865234
1267,1.8803131580352783,,26.151941776275635,0.016115427017211914
1268,1.8552303314208984,,26.16863250732422,0.011340856552124023
1269,1.7703852653503418,,26.1917724609375,0.01688408851623535
1270,1.8383092880249023,,26.21726679801941,0.01971268653869629
1271,1.8370957374572754,,26.234745264053345,0.017478466033935547
1272,1.87067711353302,,26.2613422870636,0.021063804626464844
1273,1.8025944232940674,,26.279597759246826,0.017255306243896484
1274,1.8233256340026855,,26.29749894142151,0.01592564582824707
1275,1.907358169555664,,26.313705682754517,0.013826370239257812
1276,1.7950611114501953,,26.33487296104431,0.017517566680908203
1277,1.8968071937561035,,26.358479022979736,0.021007061004638672
1278,1.8623319864273071,,26.377521753311157,0.015041112899780273
1279,1.8471500873565674,,26.40061640739441,0.023094654083251953
1280,1.8034451007843018,,26.41962766647339,0.016987323760986328
1281,1.8334784507751465,,26.435956954956055,0.015329599380493164
1282,1.817146897315979,,26.457197427749634,0.018730878829956055
1283,1.8632895946502686,,26.479130268096924,0.01989293098449707
1284,1.8145854473114014,,26.49934673309326,0.015218973159790039
1285,1.8573209047317505,,26.52154302597046,0.02024102210998535
1286,1.860037922859192,,26.542928457260132,0.0163881778717041
1287,1.795477271080017,,26.56476616859436,0.020831823348999023
1288,1.8302927017211914,,26.587192058563232,0.017894506454467773
1289,1.8107898235321045,,26.607507944107056,0.020315885543823242
1290,1.8390334844589233,,26.627361297607422,0.016344547271728516
1291,1.7975287437438965,,26.644206523895264,0.015336990356445312
1292,1.866453766822815,,26.662230491638184,0.016056537628173828
1293,1.7322065830230713,,26.68183994293213,0.016613006591796875
1294,1.790663242340088,,26.705750226974487,0.02288031578063965
1295,1.7459914684295654,,26.727710723876953,0.020455598831176758
1296,1.793851613998413,,26.74798321723938,0.016264915466308594
1297,1.797492504119873,,26.77023673057556,0.020249605178833008
1298,1.824192762374878,,26.793195009231567,0.01755380630493164
1299,1.8476722240447998,,26.81638526916504,0.019121885299682617
1300,1.8164424896240234,0.9887796441713969,26.837475538253784,0.01658463478088379
1301,1.7754580974578857,,26.855830907821655,0.016445159912109375
1302,1.7918810844421387,,26.88131618499756,0.020560264587402344
1303,1.7671362161636353,,26.904791831970215,0.02147841453552246
1304,1.8134262561798096,,26.92727565765381,0.021198034286499023
1305,1.7983098030090332,,26.946048736572266,0.01877307891845703
1306,1.787904977798462,,26.96463394165039,0.016074657440185547
1307,1.770367980003357,,26.98243761062622,0.015642881393432617
1308,1.7984235286712646,,27.002259731292725,0.018822908401489258
1309,1.7360312938690186,,27.017483234405518,0.013226509094238281
1310,1.8717360496520996,,27.044976711273193,0.024446487426757812
1311,1.8015178442001343,,27.063901662826538,0.018924951553344727
1312,1.8080307245254517,,27.087566137313843,0.019051790237426758
1313,1.7577420473098755,,27.112996816635132,0.025430679321289062
1314,1.7699954509735107,,27.13058114051819,0.015574216842651367
1315,1.818793773651123,,27.14718198776245,0.014571428298950195
1316,1.7898670434951782,,27.16917085647583,0.01656341552734375
1317,1.7629454135894775,,27.185873985290527,0.015705347061157227
1318,1.8107960224151611,,27.214003801345825,0.02261805534362793
1319,1.7447487115859985,,27.23597478866577,0.020965099334716797
1320,1.80916428565979,,27.263264417648315,0.0227353572845459
1321,1.813470482826233,,27.28385829925537,0.018627405166625977
1322,1.7754814624786377,,27.301952123641968,0.017094850540161133
1323,1.7554869651794434,,27.32438826560974,0.021434307098388672
1324,1.7917301654815674,,27.34654974937439,0.02116107940673828
1325,1.7243404388427734,,27.37103819847107,0.022981643676757812
1326,1.7744054794311523,,27.393385887145996,0.021344423294067383
1327,1.788538932800293,,27.4219868183136,0.024296283721923828
1328,1.7554385662078857,,27.438663721084595,0.016676902770996094
1329,1.7875293493270874,,27.46366047859192,0.02102828025817871
1330,1.788975477218628,,27.48044753074646,0.014801025390625
1331,1.7626891136169434,,27.504317045211792,0.021807432174682617
1332,1.7967536449432373,,27.52181077003479,0.01649332046508789
1333,1.758815884590149,,27.54750967025757,0.021688222885131836
1334,1.7687238454818726,,27.570348262786865,0.021830320358276367
1335,1.7617032527923584,,27.592301845550537,0.017980098724365234
1336,1.7988250255584717,,27.618554830551147,0.020792245864868164
1337,1.7854952812194824,,27.64044165611267,0.020916461944580078
1338,1.761258840560913,,27.65821099281311,0.017769336700439453
1339,1.7792999744415283,,27.675466775894165,0.015252113342285156
1340,1.7848432064056396,,27.697635650634766,0.020166635513305664
1341,1.7138175964355469,,27.717010736465454,0.016376256942749023
1342,1.7347861528396606,,27.73624014854431,0.018683433532714844
1343,1.7409173250198364,,27.754271030426025,0.016022443771362305
1344,1.7407937049865723,,27.76755428314209,0.011285781860351562
1345,1.776131272315979,,27.792892694473267,0.025338411331176758
1346,1.7342398166656494,,27.810247659683228,0.017354965209960938
1347,1.7280662059783936,,27.83497953414917,0.02023148536682129
1348,1.7773243188858032,,27.858527898788452,0.021007299423217773
1349,1.782899260520935,,27.87757182121277,0.01604151725769043
1350,1.71616530418396,,27.900583744049072,0.02301192283630371
1351,1.709882378578186,,27.92716383934021,0.023583173751831055
1352,1.771442174911499,,27.946007251739502,0.018338918685913086
1353,1.7767411470413208,,27.968347311019897,0.01983046531677246
1354,1.7521638870239258,,27.99171471595764,0.022341489791870117
1355,1.7108168601989746,,28.00948715209961,0.016772985458374023
1356,1.7969110012054443,,28.026162147521973,0.014676332473754883
1357,1.7948710918426514,,28.0475013256073,0.016829490661621094
1358,1.8072242736816406,,28.063745737075806,0.01523900032043457
1359,1.7548773288726807,,28.084905862808228,0.019034624099731445
1360,1.7413218021392822,,28.10249090194702,0.016495704650878906
1361,1.7614043951034546,,28.120027542114258,0.016537189483642578
1362,1.8094724416732788,,28.141229391098022,0.016200542449951172
1363,1.7796556949615479,,28.163352727890015,0.021123170852661133
1364,1.7699159383773804,,28.177639961242676,0.0122528076171875
1365,1.7352443933486938,,28.202728748321533,0.019826412200927734
1366,1.7617206573486328,,28.228106021881104,0.020879268646240234
1367,1.7475436925888062,,28.25135564804077,0.02221059799194336
1368,1.6843712329864502,,28.27079463005066,0.019438982009887695
1369,1.717750072479248,,28.291231632232666,0.01508021354675293
1370,1.7256932258605957,,28.3085618019104,0.015332698822021484
1371,1.7967880964279175,,28.33258819580078,0.022023916244506836
1372,1.7624025344848633,,28.35465908050537,0.021070480346679688
1373,1.7206921577453613,,28.375075817108154,0.015547037124633789
1374,1.70951509475708,,28.392465114593506,0.014923810958862305
1375,1.7023546695709229,,28.413766384124756,0.017304658889770508
1376,1.7360862493515015,,28.430620193481445,0.016853809356689453
1377,1.7213170528411865,,28.44835066795349,0.01631307601928711
1378,1.7373961210250854,,28.469316005706787,0.01481771469116211
1379,1.7733395099639893,,28.48584485054016,0.01449894905090332
1380,1.7405474185943604,,28.50563621520996,0.014990568161010742
1381,1.768446445465088,,28.527581930160522,0.01943659782409668
1382,1.77711820602417,,28.547495126724243,0.015899658203125
1383,1.7627209424972534,,28.56478476524353,0.015286445617675781
1384,1.670208215713501,,28.58606719970703,0.020283222198486328
1385,1.7395273447036743,,28.608134508132935,0.019559144973754883
1386,1.738159418106079,,28.627569675445557,0.016433238983154297
1387,1.7388542890548706,,28.64876651763916,0.020189762115478516
1388,1.75864577293396,,28.669190168380737,0.015451669692993164
1389,1.7553160190582275,,28.689433097839355,0.01824021339416504
1390,1.7531893253326416,,28.71349310874939,0.019063472747802734
1391,1.746575951576233,,28.7360098361969,0.02051377296447754
1392,1.7600665092468262,,28.75136089324951,0.010840177536010742
1393,1.710939645767212,,28.77330207824707,0.015098094940185547
1394,1.711321234703064,,28.792941570281982,0.015105485916137695
1395,1.7679080963134766,,28.81059503555298,0.017653465270996094
1396,1.7556612491607666,,28.828857898712158,0.0162661075592041
1397,1.7361793518066406,,28.85382318496704,0.019962787628173828
1398,1.7216628789901733,,28.87772226333618,0.018976688385009766
1399,1.7356302738189697,,28.903744220733643,0.022386789321899414
1400,1.741607904434204,0.9869447946548462,28.925450325012207,0.01933765411376953
1401,1.7832133769989014,,28.949204683303833,0.023754358291625977
1402,1.6935971975326538,,28.96736454963684,0.016182661056518555
1403,1.69193434715271,,28.987241744995117,0.017868995666503906
1404,1.761135458946228,,29.009506464004517,0.01925182342529297
1405,1.7698967456817627,,29.02928853034973,0.017784595489501953
1406,1.7644340991973877,,29.051215410232544,0.018851757049560547
1407,1.6665369272232056,,29.072096824645996,0.018884658813476562
1408,1.728817105293274,,29.089415311813354,0.015295982360839844
1409,1.6768758296966553,,29.10709524154663,0.015300512313842773
1410,1.7409615516662598,,29.127649307250977,0.015548229217529297
1411,1.7303154468536377,,29.147702932357788,0.019048452377319336
1412,1.7220721244812012,,29.168052673339844,0.016344547271728516
1413,1.6965396404266357,,29.184916496276855,0.01568317413330078
1414,1.6924774646759033,,29.20476508140564,0.015273571014404297
1415,1.7207945585250854,,29.217729568481445,0.01196599006652832
1416,1.6828386783599854,,29.23961114883423,0.01609206199645996
1417,1.6750074625015259,,29.26349687576294,0.019889116287231445
1418,1.730853796005249,,29.28765845298767,0.022158145904541016
1419,1.679216980934143,,29.303907871246338,0.01520538330078125
1420,1.7459802627563477,,29.323917627334595,0.017982959747314453
1421,1.699805736541748,,29.345606088638306,0.020660400390625
1422,1.6832339763641357,,29.37203288078308,0.023854494094848633
1423,1.7852404117584229,,29.388808488845825,0.015745878219604492
1424,1.6637237071990967,,29.408336877822876,0.01799631118774414
1425,1.6832594871520996,,29.429680824279785,0.0193789005279541
1426,1.7225418090820312,,29.450176239013672,0.018500328063964844
1427,1.7324708700180054,,29.472376585006714,0.020200490951538086
1428,1.7080029249191284,,29.49743390083313,0.022614240646362305
1429,1.7414036989212036,,29.521183013916016,0.021715641021728516
1430,1.693734049797058,,29.547112226486206,0.021930932998657227
1431,1.6855688095092773,,29.569595336914062,0.02017378807067871
1432,1.7195472717285156,,29.593355894088745,0.01979541778564453
1433,1.6754552125930786,,29.612979412078857,0.019623517990112305
1434,1.6622209548950195,,29.637150764465332,0.02165532112121582
1435,1.7221659421920776,,29.66219210624695,0.02504134178161621
1436,1.765480399131775,,29.681894302368164,0.01870274543762207
1437,1.7225303649902344,,29.70574426651001,0.021816015243530273
1438,1.6874074935913086,,29.72791600227356,0.020669221878051758
1439,1.685286045074463,,29.75145411491394,0.02250504493713379
1440,1.6633949279785156,,29.768069744110107,0.016615629196166992
1441,1.6953094005584717,,29.787458181381226,0.017382383346557617
1442,1.644208550453186,,29.813525199890137,0.021526813507080078
1443,1.7091596126556396,,29.837862253189087,0.02040696144104004
1444,1.6866121292114258,,29.856207847595215,0.016253232955932617
1445,1.6978161334991455,,29.87750267982483,0.01722121238708496
1446,1.6905779838562012,,29.899184465408325,0.015942096710205078
1447,1.6514091491699219,,29.9231960773468,0.022719383239746094
1448,1.6853783130645752,,29.94554615020752,0.02034449577331543
1449,1.690542459487915,,29.964635372161865,0.015576601028442383
1450,1.6895960569381714,,29.98145818710327,0.014606714248657227
1451,1.7161192893981934,,30.00732922554016,0.02387380599975586
1452,1.701911449432373,,30.027206659317017,0.019372224807739258
1453,1.7055156230926514,,30.04856014251709,0.01613903045654297
1454,1.6559356451034546,,30.066094160079956,0.014866352081298828
1455,1.6459388732910156,,30.092555046081543,0.024118900299072266
1456,1.7287204265594482,,30.11735486984253,0.024799823760986328
1457,1.6439663171768188,,30.13939332962036,0.020531177520751953
1458,1.6783578395843506,,30.158823251724243,0.019429922103881836
1459,1.6767058372497559,,30.17939305305481,0.019565582275390625
1460,1.7364308834075928,,30.19968032836914,0.017810344696044922
1461,1.6934146881103516,,30.21734309196472,0.016664743423461914
1462,1.709904670715332,,30.2472243309021,0.02988123893737793
1463,1.6528301239013672,,30.267801523208618,0.020577192306518555
1464,1.6930097341537476,,30.287548065185547,0.016711711883544922
1465,1.6626744270324707,,30.311453104019165,0.023905038833618164
1466,1.72719407081604,,30.33314538002014,0.01698756217956543
1467,1.6618092060089111,,30.35468602180481,0.020543575286865234
1468,1.7095990180969238,,30.376276969909668,0.015927553176879883
1469,1.715240716934204,,30.398589611053467,0.021494388580322266
1470,1.6613497734069824,,30.424198389053345,0.021608352661132812
1471,1.7111029624938965,,30.447168827056885,0.021970748901367188
1472,1.6145694255828857,,30.47039270401001,0.021214962005615234
1473,1.6958374977111816,,30.486103057861328,0.01571035385131836
1474,1.6571297645568848,,30.512500524520874,0.02105259895324707
1475,1.6936988830566406,,30.527256727218628,0.014756202697753906
1476,1.7056140899658203,,30.552213668823242,0.02045440673828125
1477,1.7200629711151123,,30.568921327590942,0.015708446502685547
1478,1.7145628929138184,,30.591735363006592,0.018037796020507812
1479,1.6841970682144165,,30.610098600387573,0.018363237380981445
1480,1.669942021369934,,30.62762951850891,0.01402592658996582
1481,1.7058048248291016,,30.654756784439087,0.02712726593017578
1482,1.7007346153259277,,30.67767906188965,0.02162313461303711
1483,1.6366212368011475,,30.702677965164185,0.024998903274536133
1484,1.5974516868591309,,30.71723771095276,0.012561321258544922
1485,1.6278849840164185,,30.738017559051514,0.020779848098754883
1486,1.6532219648361206,,30.76225185394287,0.022222280502319336
1487,1.6763204336166382,,30.785161018371582,0.021918773651123047
1488,1.6245784759521484,,30.802956342697144,0.016796350479125977
1489,1.653212308883667,,30.826040029525757,0.021085262298583984
1490,1.661686897277832,,30.84401273727417,0.015427112579345703
1491,1.6633436679840088,,30.863330602645874,0.017320871353149414
1492,1.680557131767273,,30.88630509376526,0.020976543426513672
1493,1.6918792724609375,,30.91005277633667,0.022777557373046875
1494,1.6604986190795898,,30.92615556716919,0.01610279083251953
1495,1.6319568157196045,,30.943799257278442,0.016143083572387695
1496,1.629036784172058,,30.967488288879395,0.019186973571777344
1497,1.6426026821136475,,30.984273195266724,0.015775442123413086
1498,1.7309377193450928,,31.005297660827637,0.016520977020263672
1499,1.7204303741455078,,31.022234439849854,0.014939546585083008
1500,1.570526123046875,0.989102303981781,31.044949531555176,0.02070927619934082
1501,1.6648526191711426,,31.05758786201477,0.011639833450317383
1502,1.673353910446167,,31.083224773406982,0.019414901733398438
1503,1.634864091873169,,31.09956169128418,0.016336917877197266
1504,1.668774962425232,,31.120339393615723,0.01878070831298828
1505,1.6425694227218628,,31.137561798095703,0.016223669052124023
1506,1.6798701286315918,,31.163516998291016,0.02389049530029297
1507,1.657799243927002,,31.17720937728882,0.012662887573242188
1508,1.7134499549865723,,31.200868129730225,0.019013166427612305
1509,1.6254279613494873,,31.21787691116333,0.015006065368652344
1510,1.6191576719284058,,31.24324941635132,0.02537250518798828
1511,1.6735403537750244,,31.260249137878418,0.01599884033203125
1512,1.6576393842697144,,31.284823179244995,0.022574663162231445
1513,1.683427095413208,,31.304921865463257,0.019098997116088867
1514,1.7036476135253906,,31.329496383666992,0.0235745906829834
1515,1.6458460092544556,,31.34974241256714,0.01824951171875
1516,1.663984775543213,,31.36869788169861,0.01795649528503418
1517,1.6702126264572144,,31.385258197784424,0.015559673309326172
1518,1.6808136701583862,,31.410245418548584,0.022984027862548828
1519,1.6149206161499023,,31.426133394241333,0.015887975692749023
1520,1.646019697189331,,31.442914247512817,0.015279531478881836
1521,1.6702078580856323,,31.463667154312134,0.019782543182373047
1522,1.6623276472091675,,31.48049521446228,0.014831781387329102
1523,1.6032936573028564,,31.503355979919434,0.020824432373046875
1524,1.6731984615325928,,31.51747727394104,0.013121366500854492
1525,1.6338958740234375,,31.54022455215454,0.018074512481689453
1526,1.6346999406814575,,31.55755853652954,0.014594078063964844
1527,1.6352367401123047,,31.57574701309204,0.0181884765625
1528,1.6096577644348145,,31.591837644577026,0.013550519943237305
1529,1.6218788623809814,,31.614073991775513,0.022236347198486328
1530,1.610518217086792,,31.633508920669556,0.016964435577392578
1531,1.5934876203536987,,31.651360988616943,0.017852067947387695
1532,1.6562519073486328,,31.66895818710327,0.014590024948120117
1533,1.6636935472488403,,31.692057132720947,0.02309894561767578
1534,1.5841195583343506,,31.71145224571228,0.015419483184814453
1535,1.6317555904388428,,31.7295138835907,0.015636682510375977
1536,1.6448938846588135,,31.7493896484375,0.018659591674804688
1537,1.6706295013427734,,31.765560388565063,0.014255523681640625
1538,1.6267995834350586,,31.783331632614136,0.015652179718017578
1539,1.5770847797393799,,31.8059663772583,0.018129587173461914
1540,1.6279284954071045,,31.830707788467407,0.022098064422607422
1541,1.6553515195846558,,31.847177743911743,0.01544046401977539
1542,1.6188812255859375,,31.867803812026978,0.019085168838500977
1543,1.6682358980178833,,31.885298252105713,0.016487836837768555
1544,1.6610465049743652,,31.90477705001831,0.01747918128967285
1545,1.6935667991638184,,31.922996282577515,0.017220258712768555
1546,1.612290382385254,,31.939616203308105,0.01462244987487793
1547,1.6602368354797363,,31.96065592765808,0.01604294776916504
1548,1.649228572845459,,31.97738289833069,0.015727519989013672
1549,1.6000404357910156,,31.99762535095215,0.018204689025878906
1550,1.559114933013916,,32.021849632263184,0.022188901901245117
1551,1.6101818084716797,,32.04604530334473,0.020192623138427734
1552,1.6051735877990723,,32.06390428543091,0.015350341796875
1553,1.6122466325759888,,32.08365058898926,0.01830124855041504
1554,1.6142035722732544,,32.10051488876343,0.01586437225341797
1555,1.6118228435516357,,32.125365257263184,0.023849010467529297
1556,1.6426374912261963,,32.14739751815796,0.021032094955444336
1557,1.6142876148223877,,32.17517685890198,0.022743701934814453
1558,1.5645461082458496,,32.19448280334473,0.019305944442749023
1559,1.6257727146148682,,32.215904235839844,0.0194242000579834
1560,1.5987046957015991,,32.23732352256775,0.020791292190551758
1561,1.6152796745300293,,32.26126313209534,0.021473407745361328
1562,1.604507565498352,,32.27960515022278,0.018342018127441406
1563,1.6567230224609375,,32.29996609687805,0.018352270126342773
1564,1.6130516529083252,,32.3178985118866,0.015900611877441406
1565,1.5966272354125977,,32.33491778373718,0.01501154899597168
1566,1.6259074211120605,,32.3598849773407,0.022415876388549805
1567,1.6198174953460693,,32.377607583999634,0.014722347259521484
1568,1.5947068929672241,,32.404478788375854,0.021225452423095703
1569,1.5715477466583252,,32.42749261856079,0.021013975143432617
1570,1.587380290031433,,32.444035053253174,0.016542434692382812
1571,1.6288256645202637,,32.46465253829956,0.016110897064208984
1572,1.626657247543335,,32.48725509643555,0.020486116409301758
1573,1.6454992294311523,,32.50848364830017,0.01771855354309082
1574,1.5891181230545044,,32.52589130401611,0.015326738357543945
1575,1.5922815799713135,,32.54754424095154,0.017139196395874023
1576,1.61269211769104,,32.56382870674133,0.015279293060302734
1577,1.658186912536621,,32.58487582206726,0.01904129981994629
1578,1.5715688467025757,,32.60257077217102,0.01657414436340332
1579,1.6075431108474731,,32.62140703201294,0.014845848083496094
1580,1.6168022155761719,,32.63711452484131,0.013743400573730469
1581,1.61582350730896,,32.655447006225586,0.015215396881103516
1582,1.6038891077041626,,32.677189350128174,0.015902042388916016
1583,1.6447877883911133,,32.69650149345398,0.019312143325805664
1584,1.635981798171997,,32.71604776382446,0.017281293869018555
1585,1.6037198305130005,,32.73319339752197,0.015351533889770508
1586,1.5987091064453125,,32.75132703781128,0.013634204864501953
1587,1.591585636138916,,32.77503538131714,0.020401954650878906
1588,1.5519899129867554,,32.792959690093994,0.015423059463500977
1589,1.597796082496643,,32.81062984466553,0.017670154571533203
1590,1.620283842086792,,32.82900524139404,0.016378402709960938
1591,1.5826940536499023,,32.85298013687134,0.019972562789916992
1592,1.5716097354888916,,32.87720441818237,0.019818544387817383
1593,1.641125202178955,,32.90263104438782,0.025426626205444336
1594,1.6009767055511475,,32.919962882995605,0.01533365249633789
1595,1.639793038368225,,32.9415123462677,0.019552230834960938
1596,1.612800121307373,,32.961682081222534,0.01617264747619629
1597,1.6218817234039307,,32.97923421859741,0.015554666519165039
1598,1.5900342464447021,,33.005330324172974,0.021099090576171875
1599,1.6173858642578125,,33.02515506744385,0.019824743270874023
1600,1.6251710653305054,0.9890504678090414,33.04752707481384,0.017868995666503906
1601,1.5539307594299316,,33.06482267379761,0.016289710998535156
1602,1.579054355621338,,33.08484601974487,0.019024133682250977
1603,1.5703788995742798,,33.10253977775574,0.014974832534790039
1604,1.5692095756530762,,33.123396158218384,0.01685953140258789
1605,1.556746006011963,,33.14564561843872,0.021248579025268555
1606,1.5812575817108154,,33.16598701477051,0.015787124633789062
1607,1.589089274406433,,33.18394708633423,0.0156862735748291
1608,1.5969915390014648,,33.20376205444336,0.015268564224243164
1609,1.5786526203155518,,33.21733808517456,0.011580467224121094
1610,1.6013031005859375,,33.241777420043945,0.018371105194091797
1611,1.577217936515808,,33.25830292701721,0.015525341033935547
1612,1.5644073486328125,,33.27201724052429,0.01167917251586914
1613,1.5988351106643677,,33.29745364189148,0.02021479606628418
1614,1.533764362335205,,33.31494355201721,0.017489910125732422
1615,1.5653156042099,,33.334975481033325,0.01585841178894043
1616,1.6138503551483154,,33.35773968696594,0.020207881927490234
1617,1.5445973873138428,,33.38334393501282,0.021572351455688477
1618,1.5941989421844482,,33.40539503097534,0.02082061767578125
1619,1.6050657033920288,,33.42507338523865,0.017648935317993164
1620,1.5863423347473145,,33.45227527618408,0.02499985694885254
1621,1.5286352634429932,,33.46846795082092,0.01619267463684082
1622,1.6037309169769287,,33.485541105270386,0.015089988708496094
1623,1.6304991245269775,,33.50790572166443,0.016254663467407227
1624,1.5765454769134521,,33.525179862976074,0.01561427116394043
1625,1.6105668544769287,,33.54502511024475,0.01884937286376953
1626,1.5629491806030273,,33.56852388381958,0.022503137588500977
1627,1.57090425491333,,33.592851877212524,0.020327091217041016
1628,1.5615181922912598,,33.619550704956055,0.026698827743530273
1629,1.5981014966964722,,33.64092779159546,0.020375728607177734
1630,1.6387321949005127,,33.66029095649719,0.01736307144165039
1631,1.565117359161377,,33.67721486091614,0.014922857284545898
1632,1.5453155040740967,,33.69764494895935,0.02043008804321289
1633,1.6194837093353271,,33.710278034210205,0.010592460632324219
1634,1.5449742078781128,,33.732856035232544,0.01610112190246582
1635,1.6354799270629883,,33.75188112258911,0.01448512077331543
1636,1.6251622438430786,,33.77327585220337,0.018876314163208008
1637,1.5635823011398315,,33.792338609695435,0.015011310577392578
1638,1.5598037242889404,,33.81023192405701,0.016939401626586914
1639,1.53285813331604,,33.8301465511322,0.015904903411865234
1640,1.574869155883789,,33.85216665267944,0.02102351188659668
1641,1.5752216577529907,,33.877601146698,0.020071029663085938
1642,1.5529088973999023,,33.903637647628784,0.026036500930786133
1643,1.5437594652175903,,33.921199560165405,0.015324831008911133
1644,1.5789686441421509,,33.9383978843689,0.015198469161987305
1645,1.6028790473937988,,33.959551095962524,0.016123533248901367
1646,1.532646894454956,,33.98150825500488,0.020776033401489258
1647,1.582334280014038,,34.00234055519104,0.015832185745239258
1648,1.5960668325424194,,34.02348828315735,0.019147872924804688
1649,1.529024362564087,,34.0479371547699,0.020447492599487305
1650,1.542104721069336,,34.07227396965027,0.022333621978759766
1651,1.554206132888794,,34.091830015182495,0.019556045532226562
1652,1.5655643939971924,,34.109135150909424,0.01730513572692871
1653,1.5549577474594116,,34.133565187454224,0.021428585052490234
1654,1.5813183784484863,,34.15005135536194,0.016486167907714844
1655,1.6366796493530273,,34.16823148727417,0.015177726745605469
1656,1.6071107387542725,,34.18594002723694,0.015630245208740234
1657,1.5599522590637207,,34.20576286315918,0.015250205993652344
1658,1.5803191661834717,,34.223100662231445,0.015802383422851562
1659,1.5533865690231323,,34.2437379360199,0.018342971801757812
1660,1.555835247039795,,34.26231360435486,0.01757645606994629
1661,1.5548326969146729,,34.284849882125854,0.021536588668823242
1662,1.6033352613449097,,34.30395793914795,0.018108606338500977
1663,1.5914616584777832,,34.327412605285645,0.022459983825683594
1664,1.5349318981170654,,34.34868550300598,0.019797563552856445
1665,1.5770211219787598,,34.3697612285614,0.018900632858276367
1666,1.5654670000076294,,34.38736128807068,0.016528606414794922
1667,1.6324489116668701,,34.413540840148926,0.02399444580078125
1668,1.5871009826660156,,34.4358344078064,0.02129340171813965
1669,1.5259766578674316,,34.45720934867859,0.01679849624633789
1670,1.5862231254577637,,34.47377920150757,0.016569852828979492
1671,1.5794880390167236,,34.49077749252319,0.016998291015625
1672,1.574681043624878,,34.51733064651489,0.020760059356689453
1673,1.5672391653060913,,34.53786087036133,0.019022464752197266
1674,1.4929237365722656,,34.55422067642212,0.015905380249023438
1675,1.5489623546600342,,34.571457624435425,0.015272855758666992
1676,1.5398454666137695,,34.593000173568726,0.01504373550415039
1677,1.5323731899261475,,34.61124062538147,0.015880823135375977
1678,1.607612133026123,,34.63119459152222,0.017956256866455078
1679,1.6323975324630737,,34.64728879928589,0.01508641242980957
1680,1.5692298412322998,,34.66830897331238,0.016654014587402344
1681,1.54599928855896,,34.6851372718811,0.016434431076049805
1682,1.5422255992889404,,34.711936473846436,0.021970272064208984
1683,1.5204331874847412,,34.7291944026947,0.01625847816467285
1684,1.5594547986984253,,34.748738288879395,0.01754617691040039
1685,1.5901741981506348,,34.765523195266724,0.0167849063873291
1686,1.5668143033981323,,34.78280448913574,0.015190362930297852
1687,1.5797851085662842,,34.8039813041687,0.01915740966796875
1688,1.5378749370574951,,34.82454824447632,0.01853632926940918
1689,1.521722435951233,,34.84265351295471,0.017105817794799805
1690,1.5577754974365234,,34.8615882396698,0.016936063766479492
1691,1.5659584999084473,,34.88432288169861,0.0207366943359375
1692,1.5830131769180298,,34.900585412979126,0.015262842178344727
1693,1.5551387071609497,,34.91901898384094,0.015436410903930664
1694,1.5009331703186035,,34.93208646774292,0.011070489883422852
1695,1.5238885879516602,,34.961742877960205,0.024278879165649414
1696,1.5677299499511719,,34.983102321624756,0.02035999298095703
1697,1.5333759784698486,,35.00118541717529,0.015085935592651367
1698,1.5121729373931885,,35.01742196083069,0.014027595520019531
1699,1.4779943227767944,,35.03944134712219,0.01957416534423828
1700,1.535564661026001,0.9907954732577006,35.05759406089783,0.018152713775634766
1701,1.5768810510635376,,35.07642865180969,0.018834590911865234
1702,1.5991384983062744,,35.10263466835022,0.02169656753540039
1703,1.5215060710906982,,35.1265025138855,0.0228726863861084
1704,1.5713253021240234,,35.14846324920654,0.020845651626586914
1705,1.5693897008895874,,35.168349504470825,0.01638197898864746
1706,1.5490076541900635,,35.185969829559326,0.015534162521362305
1707,1.5561447143554688,,35.20586061477661,0.015324592590332031
1708,1.5225743055343628,,35.22336030006409,0.015964269638061523
1709,1.5113909244537354,,35.24393844604492,0.01854085922241211
1710,1.542055606842041,,35.26334190368652,0.018404245376586914
1711,1.5624728202819824,,35.28723335266113,0.02288985252380371
1712,1.5611016750335693,,35.30817127227783,0.018934011459350586
1713,1.4872004985809326,,35.333608627319336,0.024439334869384766
1714,1.4736562967300415,,35.3494029045105,0.01579427719116211
1715,1.5828611850738525,,35.36971712112427,0.018311023712158203
1716,1.577465534210205,,35.38981294631958,0.01809859275817871
1717,1.4745407104492188,,35.41295075416565,0.022107839584350586
1718,1.5293461084365845,,35.42969608306885,0.014740943908691406
1719,1.534537672996521,,35.44588828086853,0.014194965362548828
1720,1.577171802520752,,35.471553564071655,0.020647048950195312
1721,1.52614426612854,,35.49304795265198,0.019497156143188477
1722,1.6025995016098022,,35.51256060600281,0.019512653350830078
1723,1.5439729690551758,,35.538334608078,0.023776769638061523
1724,1.541193962097168,,35.55518317222595,0.016029834747314453
1725,1.5037572383880615,,35.580840826034546,0.023990869522094727
1726,1.5391514301300049,,35.59713554382324,0.015259742736816406
1727,1.545946478843689,,35.62291216850281,0.023328304290771484
1728,1.5363397598266602,,35.64503860473633,0.021126985549926758
1729,1.5508332252502441,,35.668044090270996,0.01946544647216797
1730,1.5701935291290283,,35.6849410533905,0.014969825744628906
1731,1.559931993484497,,35.70729446411133,0.01784682273864746
1732,1.5055303573608398,,35.72815942764282,0.019858598709106445
1733,1.5007426738739014,,35.75536227226257,0.021889209747314453
1734,1.5781668424606323,,35.77787184715271,0.02050614356994629
1735,1.5400104522705078,,35.79995775222778,0.017078399658203125
1736,1.4481873512268066,,35.82222318649292,0.02121734619140625
1737,1.475264549255371,,35.84738087654114,0.02112412452697754
1738,1.5683457851409912,,35.86995029449463,0.022031068801879883
1739,1.5129008293151855,,35.894522190093994,0.020572662353515625
1740,1.5155525207519531,,35.91720628738403,0.020684003829956055
1741,1.526416540145874,,35.93731617927551,0.016103267669677734
1742,1.4864537715911865,,35.95266795158386,0.012763738632202148
1743,1.506666660308838,,35.973830223083496,0.016709089279174805
1744,1.5498316287994385,,35.991665840148926,0.014435291290283203
1745,1.4974286556243896,,36.01290321350098,0.018532991409301758
1746,1.5411429405212402,,36.0347216129303,0.01981520652770996
1747,1.514639139175415,,36.05561852455139,0.016045331954956055
1748,1.551958680152893,,36.07825326919556,0.021373510360717773
1749,1.4764180183410645,,36.10484170913696,0.022600412368774414
1750,1.5616168975830078,,36.12139844894409,0.015557050704956055
1751,1.55487859249115,,36.14125990867615,0.015851974487304688
1752,1.542499303817749,,36.15734577178955,0.014086246490478516
1753,1.480591058731079,,36.180214643478394,0.022868871688842773
1754,1.4744714498519897,,36.19608974456787,0.01587510108947754
1755,1.5140068531036377,,36.22005653381348,0.021332263946533203
1756,1.527015209197998,,36.239707469940186,0.019650936126708984
1757,1.560835838317871,,36.25882411003113,0.018146991729736328
1758,1.545344352722168,,36.27237272262573,0.011545896530151367
1759,1.4965999126434326,,36.29471969604492,0.017641544342041016
1760,1.53363037109375,,36.307233810424805,0.010004520416259766
1761,1.4920768737792969,,36.330981492996216,0.01573657989501953
1762,1.4986845254898071,,36.349900007247925,0.015915870666503906
1763,1.5010250806808472,,36.37006664276123,0.018659114837646484
1764,1.4723057746887207,,36.39454746246338,0.020482301712036133
1765,1.5312100648880005,,36.416523694992065,0.019979000091552734
1766,1.4824074506759644,,36.43731737136841,0.01628708839416504
1767,1.5026394128799438,,36.45975589752197,0.02093052864074707
1768,1.502690076828003,,36.47740817070007,0.015654325485229492
1769,1.4977996349334717,,36.50162744522095,0.022186279296875
1770,1.5169661045074463,,36.524231910705566,0.0216062068939209
1771,1.479085922241211,,36.54429888725281,0.02006697654724121
1772,1.4501497745513916,,36.56724977493286,0.021979331970214844
1773,1.4939701557159424,,36.58950161933899,0.02225184440612793
1774,1.5798954963684082,,36.6072461605072,0.01573967933654785
1775,1.5013961791992188,,36.62442684173584,0.015144586563110352
1776,1.5577590465545654,,36.64627480506897,0.019850492477416992
1777,1.5039551258087158,,36.66305899620056,0.015784740447998047
1778,1.5370101928710938,,36.684958934783936,0.019903182983398438
1779,1.4843008518218994,,36.70556139945984,0.01960277557373047
1780,1.5487852096557617,,36.7281653881073,0.018094301223754883
1781,1.4724754095077515,,36.7457115650177,0.015543937683105469
1782,1.4845682382583618,,36.76649332046509,0.01924610137939453
1783,1.4975228309631348,,36.7839891910553,0.015990257263183594
1784,1.448647141456604,,36.80451273918152,0.015834808349609375
1785,1.49087393283844,,36.82080578804016,0.014719247817993164
1786,1.4195468425750732,,36.83983492851257,0.016993045806884766
1787,1.5094754695892334,,36.85726547241211,0.01346445083618164
1788,1.5466077327728271,,36.878467321395874,0.016129732131958008
1789,1.4852325916290283,,36.897130489349365,0.01766371726989746
1790,1.4862115383148193,,36.915762424468994,0.018631935119628906
1791,1.4993622303009033,,36.931893825531006,0.011516332626342773
1792,1.4589375257492065,,36.95267367362976,0.013818502426147461
1793,1.5224028825759888,,36.98157978057861,0.02890610694885254
1794,1.515912652015686,,36.99855661392212,0.01697683334350586
1795,1.4768271446228027,,37.01747679710388,0.01591777801513672
1796,1.4963493347167969,,37.0344398021698,0.01696300506591797
1797,1.520442247390747,,37.05486989021301,0.015516042709350586
1798,1.5060365200042725,,37.07070589065552,0.013753652572631836
1799,1.5085922479629517,,37.089313983917236,0.01860809326171875
1800,1.537292242050171,0.9897105097770691,37.11923336982727,0.025167226791381836
1801,1.5007059574127197,,37.144251346588135,0.021018505096435547
1802,1.522323489189148,,37.16110682487488,0.014858484268188477
1803,1.5436296463012695,,37.1819384098053,0.01882767677307129
1804,1.540585994720459,,37.19926190376282,0.01528787612915039
1805,1.5082142353057861,,37.22049617767334,0.01922917366027832
1806,1.4746732711791992,,37.23764109611511,0.015130996704101562
1807,1.4781825542449951,,37.261162996292114,0.02138805389404297
1808,1.4536192417144775,,37.27772307395935,0.015528440475463867
1809,1.4975961446762085,,37.29818606376648,0.01777029037475586
1810,1.4812102317810059,,37.317283153533936,0.017094850540161133
1811,1.4493279457092285,,37.340843200683594,0.023560047149658203
1812,1.442702293395996,,37.35765051841736,0.014810562133789062
1813,1.4550364017486572,,37.37866711616516,0.021016597747802734
1814,1.4395824670791626,,37.4012131690979,0.021515607833862305
1815,1.4409793615341187,,37.42644023895264,0.02422642707824707
1816,1.4759271144866943,,37.44740581512451,0.019936323165893555
1817,1.4929709434509277,,37.469284534454346,0.01733255386352539
1818,1.4709796905517578,,37.49106550216675,0.021780967712402344
1819,1.4465128183364868,,37.5163357257843,0.021300554275512695
1820,1.511428952217102,,37.53704881668091,0.019705772399902344
1821,1.462998628616333,,37.55716824531555,0.014867067337036133
1822,1.4997453689575195,,37.57579827308655,0.018630027770996094
1823,1.434000849723816,,37.59611177444458,0.015804052352905273
1824,1.4943153858184814,,37.612273931503296,0.014659404754638672
1825,1.467712163925171,,37.630412578582764,0.016302108764648438
1826,1.471971869468689,,37.651971101760864,0.017562389373779297
1827,1.5161912441253662,,37.67614388465881,0.022723913192749023
1828,1.5026057958602905,,37.697516202926636,0.019868850708007812
1829,1.453533411026001,,37.71965765953064,0.022141456604003906
1830,1.5101127624511719,,37.73553729057312,0.01587963104248047
1831,1.469635009765625,,37.75857663154602,0.0210421085357666
1832,1.5025639533996582,,37.77620220184326,0.015629053115844727
1833,1.4874964952468872,,37.799633264541626,0.020925283432006836
1834,1.4874343872070312,,37.81726932525635,0.015637636184692383
1835,1.5289151668548584,,37.83536100387573,0.018091678619384766
1836,1.4863547086715698,,37.8572940826416,0.017970800399780273
1837,1.4747810363769531,,37.88333225250244,0.02094268798828125
1838,1.4385669231414795,,37.9061644077301,0.020834922790527344
1839,1.505216360092163,,37.92222237586975,0.016057968139648438
1840,1.505737066268921,,37.94295644760132,0.01573657989501953
1841,1.4460899829864502,,37.9596734046936,0.014717578887939453
1842,1.5173463821411133,,37.98355555534363,0.02180957794189453
1843,1.5137008428573608,,38.00265598297119,0.019100427627563477
1844,1.4965686798095703,,38.023207664489746,0.016053199768066406
1845,1.485958456993103,,38.04367423057556,0.018469810485839844
1846,1.4889771938323975,,38.06464195251465,0.01646566390991211
1847,1.4186351299285889,,38.081960678100586,0.0173187255859375
1848,1.4754403829574585,,38.101484060287476,0.01752638816833496
1849,1.4789750576019287,,38.12240767478943,0.018926620483398438
1850,1.467451572418213,,38.14342403411865,0.01576995849609375
1851,1.478720784187317,,38.16107988357544,0.015627145767211914
1852,1.4601466655731201,,38.18081521987915,0.01809406280517578
1853,1.471024513244629,,38.197489738464355,0.01467752456665039
1854,1.4586238861083984,,38.22272992134094,0.025240182876586914
1855,1.5116349458694458,,38.24573469161987,0.021006107330322266
1856,1.5053040981292725,,38.26518630981445,0.014880180358886719
1857,1.4398298263549805,,38.28875160217285,0.02104949951171875
1858,1.4508287906646729,,38.31381297111511,0.021059036254882812
1859,1.5021696090698242,,38.33199906349182,0.018186092376708984
1860,1.4843125343322754,,38.35028600692749,0.017288684844970703
1861,1.4742788076400757,,38.36748552322388,0.014637231826782227
1862,1.5180749893188477,,38.388168811798096,0.018517494201660156
1863,1.453330397605896,,38.40514373779297,0.014972448348999023
1864,1.459346890449524,,38.42554330825806,0.017899513244628906
1865,1.4474949836730957,,38.44489860534668,0.01685023307800293
1866,1.4731545448303223,,38.468456983566284,0.020880460739135742
1867,1.4590840339660645,,38.48974108695984,0.019278764724731445
1868,1.4910534620285034,,38.51305055618286,0.022309064865112305
1869,1.48638916015625,,38.530404806137085,0.016354799270629883
1870,1.4102472066879272,,38.54758405685425,0.015181303024291992
1871,1.4681546688079834,,38.56729555130005,0.014703512191772461
1872,1.4560638666152954,,38.58489394187927,0.015376091003417969
1873,1.4503952264785767,,38.61041855812073,0.023054122924804688
1874,1.4183375835418701,,38.63496160507202,0.02254033088684082
1875,1.4429199695587158,,38.65709090232849,0.021129846572875977
1876,1.4641340970993042,,38.683436155319214,0.026345252990722656
1877,1.462190866470337,,38.705610513687134,0.021136760711669922
1878,1.4581345319747925,,38.73052358627319,0.0203704833984375
1879,1.4952797889709473,,38.75280714035034,0.020247220993041992
1880,1.4312326908111572,,38.773189067840576,0.017378807067871094
1881,1.421172857284546,,38.78785824775696,0.012671470642089844
1882,1.4122918844223022,,38.80741786956787,0.01569533348083496
1883,1.4775025844573975,,38.83104991912842,0.019339323043823242
1884,1.4102551937103271,,38.85736584663391,0.021997928619384766
1885,1.434328556060791,,38.87947058677673,0.022104740142822266
1886,1.4586957693099976,,38.89717388153076,0.013706684112548828
1887,1.4389761686325073,,38.91927981376648,0.019475936889648438
1888,1.476332187652588,,38.93987035751343,0.01659417152404785
1889,1.4595404863357544,,38.95345616340637,0.012586355209350586
1890,1.5127882957458496,,38.97533202171326,0.017937421798706055
1891,1.5119894742965698,,38.999277114868164,0.02171802520751953
1892,1.432864785194397,,39.01994824409485,0.018674135208129883
1893,1.4398308992385864,,39.04222846031189,0.022280216217041016
1894,1.435319185256958,,39.06305551528931,0.016829967498779297
1895,1.4543282985687256,,39.08485555648804,0.02100348472595215
1896,1.4834169149398804,,39.10519480705261,0.015833377838134766
1897,1.4682519435882568,,39.12231492996216,0.016534805297851562
1898,1.4431898593902588,,39.14300274848938,0.016678810119628906
1899,1.4860739707946777,,39.15971851348877,0.015671968460083008
1900,1.3972077369689941,0.9920467138290405,39.18195390701294,0.0206758975982666
1901,1.4531760215759277,,39.1993887424469,0.015437841415405273
1902,1.4902591705322266,,39.21846032142639,0.01706838607788086
1903,1.4771349430084229,,39.24567937850952,0.024222373962402344
1904,1.453545093536377,,39.26417875289917,0.018499374389648438
1905,1.4030406475067139,,39.282230615615845,0.01608562469482422
1906,1.441034197807312,,39.301676750183105,0.018442630767822266
1907,1.4597845077514648,,39.32090973854065,0.017235517501831055
1908,1.4940478801727295,,39.33739900588989,0.014449119567871094
1909,1.453026294708252,,39.3623411655426,0.022897720336914062
1910,1.4595372676849365,,39.38653063774109,0.022974252700805664
1911,1.429613471031189,,39.405171632766724,0.016170263290405273
1912,1.4790794849395752,,39.421998739242554,0.014829635620117188
1913,1.4668445587158203,,39.449589014053345,0.025592565536499023
1914,1.4655596017837524,,39.47093868255615,0.021349668502807617
1915,1.4337050914764404,,39.49273347854614,0.019794464111328125
1916,1.3989285230636597,,39.512717485427856,0.018320083618164062
1917,1.393164038658142,,39.534404039382935,0.01968860626220703
1918,1.505439043045044,,39.55929207801819,0.02292919158935547
1919,1.4729907512664795,,39.58346652984619,0.02216935157775879
1920,1.4155335426330566,,39.60835599899292,0.02116703987121582
1921,1.4053133726119995,,39.630024671554565,0.019666671752929688
1922,1.4706875085830688,,39.649489641189575,0.01746821403503418
1923,1.4618407487869263,,39.66970181465149,0.019212722778320312
1924,1.4507911205291748,,39.6942093372345,0.020510435104370117
1925,1.4759321212768555,,39.71711611747742,0.02132248878479004
1926,1.5036638975143433,,39.734557151794434,0.01614665985107422
1927,1.4479806423187256,,39.74727272987366,0.011716365814208984
1928,1.430550456047058,,39.773210525512695,0.025937795639038086
1929,1.4352167844772339,,39.787925004959106,0.012717247009277344
1930,1.4829723834991455,,39.81192398071289,0.02399897575378418
1931,1.4538931846618652,,39.834035873413086,0.02111196517944336
1932,1.4072678089141846,,39.8539764881134,0.01605057716369629
1933,1.4350155591964722,,39.87103247642517,0.015203237533569336
1934,1.386948823928833,,39.89145231246948,0.015422821044921875
1935,1.4557007551193237,,39.912131547927856,0.018682003021240234
1936,1.4296694993972778,,39.93481969833374,0.021686077117919922
1937,1.4084011316299438,,39.9539737701416,0.01657414436340332
1938,1.4558987617492676,,39.973294496536255,0.017270803451538086
1939,1.4134085178375244,,39.99476432800293,0.015613794326782227
1940,1.448974847793579,,40.01575064659119,0.01857924461364746
1941,1.4834086894989014,,40.033411741256714,0.015733718872070312
1942,1.4539365768432617,,40.05417728424072,0.018735408782958984
1943,1.4092669486999512,,40.07109880447388,0.015414237976074219
1944,1.4752185344696045,,40.09721517562866,0.026116371154785156
1945,1.4146920442581177,,40.11271262168884,0.013990163803100586
1946,1.4439399242401123,,40.14178395271301,0.0243988037109375
1947,1.410281777381897,,40.15709376335144,0.01327967643737793
1948,1.4169228076934814,,40.1794216632843,0.018309593200683594
1949,1.4215691089630127,,40.197542905807495,0.01612401008605957
1950,1.492342472076416,,40.22206783294678,0.024524927139282227
1951,1.4325199127197266,,40.24476480484009,0.02069997787475586
1952,1.431850552558899,,40.269190073013306,0.023426294326782227
1953,1.417140245437622,,40.29175662994385,0.02056717872619629
1954,1.4774143695831299,,40.31219673156738,0.016060590744018555
1955,1.4946857690811157,,40.32933044433594,0.015459299087524414
1956,1.4574882984161377,,40.34978413581848,0.015456914901733398
1957,1.46159827709198,,40.367536306381226,0.015755891799926758
1958,1.4236654043197632,,40.38739562034607,0.01831984519958496
1959,1.436730146408081,,40.406150579452515,0.016499042510986328
1960,1.4623899459838867,,40.429197788238525,0.021476268768310547
1961,1.4609735012054443,,40.44593572616577,0.014768123626708984
1962,1.4018518924713135,,40.464343786239624,0.015726089477539062
1963,1.4542889595031738,,40.48455047607422,0.01569652557373047
1964,1.4486300945281982,,40.507587909698486,0.021041393280029297
1965,1.4372844696044922,,40.53146266937256,0.019866228103637695
1966,1.463165044784546,,40.555410385131836,0.02195000648498535
1967,1.4384799003601074,,40.57287812232971,0.016434669494628906
1968,1.481688380241394,,40.59546446800232,0.02158641815185547
1969,1.4626185894012451,,40.612712383270264,0.017247915267944336
1970,1.4215595722198486,,40.63567399978638,0.01826167106628418
1971,1.4150958061218262,,40.65742802619934,0.019240856170654297
1972,1.3958752155303955,,40.67912435531616,0.02169632911682129
1973,1.4099280834197998,,40.69714689254761,0.0170440673828125
1974,1.4548591375350952,,40.722540616989136,0.019351720809936523
1975,1.4500867128372192,,40.74449419975281,0.020940542221069336
1976,1.4178953170776367,,40.76986789703369,0.024341583251953125
1977,1.4446228742599487,,40.787774085998535,0.01690387725830078
1978,1.4112067222595215,,40.80808734893799,0.0163118839263916
1979,1.3870322704315186,,40.82486629486084,0.01481175422668457
1980,1.4623717069625854,,40.844783782958984,0.01741194725036621
1981,1.4072550535202026,,40.868025064468384,0.020673751831054688
1982,1.4427258968353271,,40.88651204109192,0.018486976623535156
1983,1.4499754905700684,,40.90745830535889,0.019392013549804688
1984,1.4485728740692139,,40.93473148345947,0.0237734317779541
1985,1.4593558311462402,,40.95648384094238,0.021752357482910156
1986,1.4288270473480225,,40.97728180885315,0.019259214401245117
1987,1.4329991340637207,,40.99956917762756,0.022287368774414062
1988,1.3987354040145874,,41.02016043663025,0.01559138298034668
1989,1.41611647605896,,41.03735852241516,0.015194892883300781
1990,1.4235278367996216,,41.05560660362244,0.01824808120727539
1991,1.476243257522583,,41.0713746547699,0.012120962142944336
1992,1.4212658405303955,,41.09325051307678,0.015897750854492188
1993,1.4335089921951294,,41.11239695549011,0.01458740234375
1994,1.471625566482544,,41.132598638534546,0.020201683044433594
1995,1.407087802886963,,41.150484561920166,0.015606880187988281
1996,1.4041831493377686,,41.16714572906494,0.014661073684692383
1997,1.3873170614242554,,41.18909811973572,0.01662898063659668
1998,1.4269373416900635,,41.21027326583862,0.02008533477783203
1999,1.4280645847320557,,41.2355523109436,0.02124953269958496
2000,1.3810045719146729,0.9907978177070618,41.25773811340332,0.020650625228881836
