epochs,losses,accuracies,cumulative_time_seconds,epoch_time_seconds
1,20.127952575683594,,0.0351560115814209,0.0351560115814209
2,17.631044387817383,,0.06015968322753906,0.02100396156311035
3,16.148048400878906,,0.07860207557678223,0.016406536102294922
4,15.361327171325684,,0.09732317924499512,0.016210317611694336
5,14.851496696472168,,0.12109589576721191,0.022742509841918945
6,14.435303688049316,,0.1452617645263672,0.02316451072692871
7,14.185972213745117,,0.1623821258544922,0.017120361328125
8,14.016645431518555,,0.1804978847503662,0.016115188598632812
9,13.826189994812012,,0.2037365436553955,0.02221059799194336
10,13.670232772827148,,0.22636008262634277,0.020623445510864258
11,13.525529861450195,,0.2444169521331787,0.01605677604675293
12,13.409272193908691,,0.26140570640563965,0.014989614486694336
13,13.294293403625488,,0.280597448348999,0.017159461975097656
14,13.156929016113281,,0.30262136459350586,0.019990205764770508
15,13.1245756149292,,0.32103824615478516,0.015375852584838867
16,13.042485237121582,,0.3386421203613281,0.014568805694580078
17,12.933893203735352,,0.35809874534606934,0.015550613403320312
18,12.883962631225586,,0.37543344497680664,0.015305519104003906
19,12.84636116027832,,0.39276790618896484,0.015334606170654297
20,12.707466125488281,,0.410907506942749,0.016110658645629883
21,12.620359420776367,,0.4284679889678955,0.01555943489074707
22,12.544204711914062,,0.45140528678894043,0.021401166915893555
23,12.500651359558105,,0.4689450263977051,0.015540599822998047
24,12.4462890625,,0.4871642589569092,0.01473093032836914
25,12.341303825378418,,0.5062720775604248,0.015600919723510742
26,12.320268630981445,,0.5240170955657959,0.015744686126708984
27,12.30614185333252,,0.5422830581665039,0.016103506088256836
28,12.287492752075195,,0.559856653213501,0.01557469367980957
29,12.255538940429688,,0.5781190395355225,0.016689538955688477
30,12.171096801757812,,0.6004188060760498,0.021296024322509766
31,12.119715690612793,,0.6181869506835938,0.01573657989501953
32,12.086353302001953,,0.636932373046875,0.015581846237182617
33,12.068891525268555,,0.6562192440032959,0.017296314239501953
34,12.001612663269043,,0.6733372211456299,0.015120983123779297
35,11.922540664672852,,0.6917800903320312,0.015317916870117188
36,11.962684631347656,,0.710792064666748,0.016981124877929688
37,11.925840377807617,,0.7282929420471191,0.016499757766723633
38,11.906637191772461,,0.7459194660186768,0.016095638275146484
39,11.840139389038086,,0.7640707492828369,0.016157150268554688
40,11.782258987426758,,0.7874791622161865,0.022413015365600586
41,11.805986404418945,,0.8035883903503418,0.016109228134155273
42,11.7392578125,,0.8262412548065186,0.020652294158935547
43,11.649736404418945,,0.8484899997711182,0.02025461196899414
44,11.68431568145752,,0.865612268447876,0.015573740005493164
45,11.76186752319336,,0.8839523792266846,0.01515340805053711
46,11.684703826904297,,0.9002070426940918,0.01429295539855957
47,11.699178695678711,,0.919792890548706,0.019585847854614258
48,11.610922813415527,,0.937530517578125,0.0157012939453125
49,11.641597747802734,,0.9609742164611816,0.020882844924926758
50,11.615472793579102,,0.9768121242523193,0.015837907791137695
51,11.565643310546875,,0.9949114322662354,0.016102313995361328
52,11.583805084228516,,1.012589693069458,0.015704870223999023
53,11.487987518310547,,1.0308606624603271,0.016272783279418945
54,11.563499450683594,,1.048405408859253,0.015542745590209961
55,11.487052917480469,,1.0661308765411377,0.016188859939575195
56,11.485641479492188,,1.085170030593872,0.01608753204345703
57,11.530498504638672,,1.1024689674377441,0.015328645706176758
58,11.507540702819824,,1.1207280158996582,0.01625990867614746
59,11.421675682067871,,1.1383483409881592,0.015588760375976562
60,11.45632266998291,,1.1564679145812988,0.015540122985839844
61,11.424895286560059,,1.1733908653259277,0.014887809753417969
62,11.395112991333008,,1.1918957233428955,0.01630258560180664
63,11.43889045715332,,1.2140448093414307,0.02014899253845215
64,11.407601356506348,,1.232349157333374,0.016308069229125977
65,11.442137718200684,,1.2499005794525146,0.015552043914794922
66,11.418558120727539,,1.268232822418213,0.01676487922668457
67,11.398466110229492,,1.2913703918457031,0.020601749420166016
68,11.409097671508789,,1.3089754581451416,0.015565156936645508
69,11.438697814941406,,1.3270108699798584,0.015800952911376953
70,11.377702713012695,,1.3489813804626465,0.01996636390686035
71,11.352574348449707,,1.3662950992584229,0.016312599182128906
72,11.353033065795898,,1.388387680053711,0.0200960636138916
73,11.42587661743164,,1.40657377243042,0.01567697525024414
74,11.345449447631836,,1.4257698059082031,0.017199039459228516
75,11.354724884033203,,1.448014497756958,0.020276308059692383
76,11.319791793823242,,1.4717235565185547,0.02114248275756836
77,11.343544960021973,,1.493915319442749,0.020189285278320312
78,11.306960105895996,,1.5119693279266357,0.01608729362487793
79,11.256924629211426,,1.5300612449645996,0.01609492301940918
80,11.333515167236328,,1.548581600189209,0.015512943267822266
81,11.310430526733398,,1.5666334629058838,0.016546964645385742
82,11.287935256958008,,1.5847206115722656,0.016083240509033203
83,11.297964096069336,,1.6059086322784424,0.01919102668762207
84,11.292394638061523,,1.6240782737731934,0.015172958374023438
85,11.264055252075195,,1.6412360668182373,0.015160799026489258
86,11.320869445800781,,1.6603734493255615,0.017134666442871094
87,11.254108428955078,,1.6781537532806396,0.015772581100463867
88,11.220054626464844,,1.6954073905944824,0.015256881713867188
89,11.272137641906738,,1.71260404586792,0.015199422836303711
90,11.267045974731445,,1.7308263778686523,0.016225576400756836
91,11.213478088378906,,1.7483406066894531,0.015512228012084961
92,11.238842010498047,,1.7664270401000977,0.016582012176513672
93,11.254724502563477,,1.7868812084197998,0.018456459045410156
94,11.205705642700195,,1.804908037185669,0.01606011390686035
95,11.223716735839844,,1.8230030536651611,0.015097618103027344
96,11.189279556274414,,1.840090036392212,0.015089988708496094
97,11.19025993347168,,1.8587758541107178,0.015543460845947266
98,11.203977584838867,,1.876030445098877,0.015718698501586914
99,11.236457824707031,,1.8944001197814941,0.0163726806640625
100,11.165332794189453,0.0,1.920238971710205,0.024839162826538086
101,11.2251558303833,,1.9436922073364258,0.020444869995117188
102,11.165609359741211,,1.9628641605377197,0.017205238342285156
103,11.140495300292969,,1.9800455570220947,0.015184640884399414
104,11.158315658569336,,1.9975664615631104,0.015512943267822266
105,11.150459289550781,,2.0163419246673584,0.016272783279418945
106,11.136117935180664,,2.036062479019165,0.018721580505371094
107,11.153402328491211,,2.055093288421631,0.017032146453857422
108,11.102367401123047,,2.0741207599639893,0.016030550003051758
109,11.158123016357422,,2.0921452045440674,0.01602768898010254
110,11.164346694946289,,2.110227346420288,0.015084981918334961
111,11.117740631103516,,2.1285505294799805,0.016314029693603516
112,11.15018081665039,,2.1457407474517822,0.015685319900512695
113,11.1402587890625,,2.1647469997406006,0.01703357696533203
114,11.137405395507812,,2.182656764984131,0.015909910202026367
115,11.088035583496094,,2.200979232788086,0.015323877334594727
116,11.071931838989258,,2.220006227493286,0.01602482795715332
117,11.118900299072266,,2.2387914657592773,0.016253232955932617
118,11.096719741821289,,2.2558393478393555,0.015545845031738281
119,11.088027954101562,,2.2750396728515625,0.01622915267944336
120,11.032173156738281,,2.297122001647949,0.02104949951171875
121,11.043428421020508,,2.315842866897583,0.0167233943939209
122,11.062044143676758,,2.3334224224090576,0.015574216842651367
123,11.074602127075195,,2.3516314029693604,0.0162050724029541
124,11.039621353149414,,2.3718178272247314,0.018187761306762695
125,11.012421607971191,,2.387424945831299,0.015607118606567383
126,11.053474426269531,,2.4112374782562256,0.020299911499023438
127,10.97844123840332,,2.4284818172454834,0.015241384506225586
128,11.046682357788086,,2.446613073348999,0.01548004150390625
129,11.039773941040039,,2.4703052043914795,0.021693944931030273
130,11.03764820098877,,2.488054037094116,0.015711069107055664
131,10.994306564331055,,2.506103992462158,0.015550851821899414
132,11.011274337768555,,2.5248870849609375,0.01578521728515625
133,10.973443984985352,,2.5460236072540283,0.02013683319091797
134,10.961216926574707,,2.5650856494903564,0.017094850540161133
135,10.974388122558594,,2.582169532775879,0.015086650848388672
136,10.972518920898438,,2.5999701023101807,0.015796422958374023
137,10.903741836547852,,2.6200106143951416,0.01803302764892578
138,10.952759742736816,,2.6379876136779785,0.014626026153564453
139,10.950575828552246,,2.661614179611206,0.019986867904663086
140,10.9237060546875,,2.6798183917999268,0.016206741333007812
141,10.904208183288574,,2.6965243816375732,0.0157012939453125
142,10.938077926635742,,2.7147154808044434,0.016223669052124023
143,10.859968185424805,,2.734257459640503,0.01754474639892578
144,10.878389358520508,,2.756303310394287,0.020046234130859375
145,10.925491333007812,,2.774407386779785,0.014602422714233398
146,10.887308120727539,,2.7926886081695557,0.01611018180847168
147,10.829477310180664,,2.8097383975982666,0.01505279541015625
148,10.85866928100586,,2.8282909393310547,0.016549348831176758
149,10.877065658569336,,2.8455045223236084,0.01570892333984375
150,10.890586853027344,,2.86358904838562,0.016087770462036133
151,10.860113143920898,,2.881815195083618,0.016228914260864258
152,10.82502555847168,,2.9020164012908936,0.018204212188720703
153,10.858390808105469,,2.9200656414031982,0.016051769256591797
154,10.821065902709961,,2.9430181980133057,0.020423173904418945
155,10.787338256835938,,2.962747573852539,0.01773214340209961
156,10.823345184326172,,2.9809210300445557,0.016210079193115234
157,10.762350082397461,,2.9984710216522217,0.015547990798950195
158,10.758478164672852,,3.016435146331787,0.015455961227416992
159,10.768692970275879,,3.0371134281158447,0.018681049346923828
160,10.74052619934082,,3.055168628692627,0.016056537628173828
161,10.745989799499512,,3.073254346847534,0.016088485717773438
162,10.721620559692383,,3.0915000438690186,0.01624894142150879
163,10.751497268676758,,3.1136109828948975,0.020116090774536133
164,10.705460548400879,,3.137122392654419,0.020132780075073242
165,10.709754943847656,,3.1605184078216553,0.020399093627929688
166,10.691758155822754,,3.178208351135254,0.015682458877563477
167,10.653021812438965,,3.1963696479797363,0.016164064407348633
168,10.711860656738281,,3.213552951812744,0.015186309814453125
169,10.687149047851562,,3.233262538909912,0.01771259307861328
170,10.710707664489746,,3.2513463497161865,0.016086578369140625
171,10.652076721191406,,3.268894672393799,0.01554560661315918
172,10.669464111328125,,3.2917182445526123,0.02025890350341797
173,10.670970916748047,,3.308263063430786,0.014547586441040039
174,10.603787422180176,,3.3268513679504395,0.01607990264892578
175,10.621191024780273,,3.3440821170806885,0.015233755111694336
176,10.583028793334961,,3.3621678352355957,0.01608872413635254
177,10.588872909545898,,3.3798439502716064,0.015679597854614258
178,10.56909465789795,,3.3980298042297363,0.0166778564453125
179,10.515752792358398,,3.416083574295044,0.016056299209594727
180,10.557295799255371,,3.432668685913086,0.01458740234375
181,10.522602081298828,,3.450950860977173,0.01528477668762207
182,10.566219329833984,,3.46850323677063,0.01455068588256836
183,10.542877197265625,,3.491101026535034,0.01908707618713379
184,10.518875122070312,,3.5086159706115723,0.015517234802246094
185,10.430387496948242,,3.527376890182495,0.016252994537353516
186,10.513465881347656,,3.5510387420654297,0.022661924362182617
187,10.420909881591797,,3.56744384765625,0.016405105590820312
188,10.47469711303711,,3.5855307579040527,0.01555013656616211
189,10.461670875549316,,3.602398633956909,0.01489877700805664
190,10.37224006652832,,3.620119094848633,0.01471710205078125
191,10.451739311218262,,3.638583183288574,0.015512466430664062
192,10.405665397644043,,3.6616430282592773,0.020446300506591797
193,10.389686584472656,,3.6783509254455566,0.014708757400512695
194,10.370246887207031,,3.697477102279663,0.016617774963378906
195,10.392447471618652,,3.7201693058013916,0.02005314826965332
196,10.36867618560791,,3.7384347915649414,0.015758037567138672
197,10.308032035827637,,3.7575745582580566,0.016631364822387695
198,10.316012382507324,,3.7801082134246826,0.021535873413085938
199,10.26754379272461,,3.7978482246398926,0.01590728759765625
200,10.264677047729492,0.0,3.824471950531006,0.0241241455078125
201,10.313005447387695,,3.842240333557129,0.01577138900756836
202,10.323394775390625,,3.8649661540985107,0.020377159118652344
203,10.279488563537598,,3.889615297317505,0.021465301513671875
204,10.259700775146484,,3.912525177001953,0.021338224411010742
205,10.218225479125977,,3.930189847946167,0.015667438507080078
206,10.201217651367188,,3.946918249130249,0.01572275161743164
207,10.237171173095703,,3.9705965518951416,0.0206756591796875
208,10.226264953613281,,3.993229627609253,0.020606040954589844
209,10.234533309936523,,4.015381813049316,0.020125150680541992
210,10.169801712036133,,4.035022974014282,0.017694473266601562
211,10.152006149291992,,4.053078889846802,0.015089988708496094
212,10.12173843383789,,4.071195602416992,0.015119552612304688
213,10.092825889587402,,4.088706731796265,0.015544891357421875
214,10.11996841430664,,4.112432479858398,0.020053625106811523
215,10.087789535522461,,4.130194187164307,0.015764474868774414
216,10.103620529174805,,4.14834451675415,0.01614212989807129
217,10.063117980957031,,4.172961950302124,0.020982742309570312
218,10.109697341918945,,4.196240425109863,0.020112037658691406
219,10.018742561340332,,4.214293003082275,0.016086339950561523
220,10.005644798278809,,4.23173713684082,0.015447139739990234
221,10.022154808044434,,4.249784708023071,0.015050172805786133
222,10.03646183013916,,4.267874240875244,0.016086101531982422
223,9.947689056396484,,4.286788463592529,0.016344785690307617
224,9.970297813415527,,4.304845809936523,0.01606011390686035
225,9.93187427520752,,4.323466539382935,0.015624046325683594
226,9.923530578613281,,4.340017795562744,0.01454782485961914
227,9.890313148498535,,4.358924627304077,0.015545129776000977
228,9.920236587524414,,4.377408027648926,0.01694631576538086
229,9.86329460144043,,4.395488977432251,0.017081499099731445
230,9.883256912231445,,4.412353992462158,0.01586604118347168
231,9.859733581542969,,4.430887937545776,0.016566038131713867
232,9.796548843383789,,4.449915885925293,0.01702594757080078
233,9.836444854736328,,4.471935033798218,0.020015716552734375
234,9.807411193847656,,4.48995304107666,0.01502084732055664
235,9.817939758300781,,4.507468223571777,0.015512228012084961
236,9.705371856689453,,4.526883363723755,0.01590704917907715
237,9.757109642028809,,4.544214963912964,0.015334367752075195
238,9.775485038757324,,4.5618250370025635,0.015610694885253906
239,9.714628219604492,,4.5809645652771,0.01614069938659668
240,9.720475196838379,,4.598479509353638,0.015512704849243164
241,9.65283203125,,4.616499662399292,0.015512704849243164
242,9.690366744995117,,4.635026454925537,0.016529083251953125
243,9.640088081359863,,4.657810688018799,0.02094268798828125
244,9.584437370300293,,4.675829887390137,0.015520334243774414
245,9.622908592224121,,4.693850994110107,0.016023635864257812
246,9.586252212524414,,4.710870981216431,0.015022516250610352
247,9.611738204956055,,4.72889256477356,0.01601886749267578
248,9.554299354553223,,4.7479119300842285,0.016514301300048828
249,9.558795928955078,,4.764933347702026,0.015024423599243164
250,9.555704116821289,,4.782954692840576,0.016024112701416016
251,9.529230117797852,,4.805967330932617,0.021015644073486328
252,9.51771354675293,,4.823493003845215,0.015528440475463867
253,9.562227249145508,,4.841610908508301,0.01611328125
254,9.473929405212402,,4.859151363372803,0.015540361404418945
255,9.416839599609375,,4.877566337585449,0.016847848892211914
256,9.446535110473633,,4.895231246948242,0.015097379684448242
257,9.390884399414062,,4.9132866859436035,0.0160219669342041
258,9.415908813476562,,4.930781364440918,0.015462875366210938
259,9.426547050476074,,4.9483232498168945,0.015509366989135742
260,9.371267318725586,,4.967260122299194,0.015363454818725586
261,9.362960815429688,,4.985345363616943,0.015552043914794922
262,9.298652648925781,,5.003402471542358,0.01605677604675293
263,9.280013084411621,,5.02145791053772,0.01605510711669922
264,9.22567367553711,,5.044928312301636,0.020964860916137695
265,9.239134788513184,,5.05999755859375,0.015069246292114258
266,9.232376098632812,,5.078517913818359,0.016512632369995117
267,9.208806991577148,,5.0958404541015625,0.015817880630493164
268,9.200394630432129,,5.113665819168091,0.01582813262939453
269,9.182622909545898,,5.13134765625,0.015682220458984375
270,9.1622314453125,,5.149885416030884,0.016510963439941406
271,9.143431663513184,,5.168514013290405,0.016088247299194336
272,9.100419044494629,,5.186596870422363,0.01655101776123047
273,9.072574615478516,,5.2046825885772705,0.016085386276245117
274,9.082942962646484,,5.221773147583008,0.015091180801391602
275,9.108546257019043,,5.239851713180542,0.015541315078735352
276,8.976207733154297,,5.262450695037842,0.021082162857055664
277,9.05256175994873,,5.277987480163574,0.015536785125732422
278,9.011337280273438,,5.297046899795532,0.01658177375793457
279,8.979646682739258,,5.320170879364014,0.021120071411132812
280,8.961362838745117,,5.337244272232056,0.015566587448120117
281,8.955331802368164,,5.356302499771118,0.015429496765136719
282,8.974773406982422,,5.375036954879761,0.01673579216003418
283,8.946639060974121,,5.392528533935547,0.015494346618652344
284,8.869773864746094,,5.410547971725464,0.016022443771362305
285,8.913905143737793,,5.428157567977905,0.015601873397827148
286,8.744969367980957,,5.445235729217529,0.015056371688842773
287,8.860417366027832,,5.46331787109375,0.016054391860961914
288,8.788528442382812,,5.480341672897339,0.015023946762084961
289,8.823945999145508,,5.498920679092407,0.01654362678527832
290,8.767946243286133,,5.5164573192596436,0.015998125076293945
291,8.76678466796875,,5.534090518951416,0.015633344650268555
292,8.69400405883789,,5.5531721115112305,0.01605534553527832
293,8.711690902709961,,5.5710577964782715,0.01585555076599121
294,8.740877151489258,,5.58855128288269,0.015497684478759766
295,8.6906156539917,,5.606608152389526,0.015514373779296875
296,8.678074836730957,,5.624818325042725,0.01618051528930664
297,8.722365379333496,,5.641908884048462,0.0150909423828125
298,8.659004211425781,,5.660226106643677,0.016318559646606445
299,8.587879180908203,,5.67696738243103,0.015171527862548828
300,8.582436561584473,0.11359097560246785,5.697078704833984,0.01809382438659668
301,8.620004653930664,,5.714166641235352,0.016088008880615234
302,8.515023231506348,,5.7324113845825195,0.01623821258544922
303,8.566487312316895,,5.750519037246704,0.01507711410522461
304,8.462459564208984,,5.769127368927002,0.01657557487487793
305,8.522387504577637,,5.7872490882873535,0.015549421310424805
306,8.440988540649414,,5.804660081863403,0.014878988265991211
307,8.433389663696289,,5.823748350143433,0.016049861907958984
308,8.394796371459961,,5.841375827789307,0.016087770462036133
309,8.42483901977539,,5.864483833312988,0.02110457420349121
310,8.347664833068848,,5.8800294399261475,0.01554560661315918
311,8.346837997436523,,5.898746490478516,0.016549348831176758
312,8.324081420898438,,5.917734146118164,0.01651477813720703
313,8.288662910461426,,5.935930252075195,0.01619887351989746
314,8.311086654663086,,5.953014612197876,0.015079975128173828
315,8.278348922729492,,5.971104860305786,0.015093326568603516
316,8.191118240356445,,5.990149021148682,0.016080379486083984
317,8.226447105407715,,6.0071702003479,0.01551365852355957
318,8.246574401855469,,6.025796175003052,0.015126943588256836
319,8.130836486816406,,6.0442750453948975,0.016481399536132812
320,8.15479850769043,,6.062062978744507,0.01545572280883789
321,8.21351146697998,,6.080010175704956,0.015946388244628906
322,8.172260284423828,,6.097193479537964,0.01607346534729004
323,8.129755020141602,,6.116830825805664,0.017071962356567383
324,8.067111015319824,,6.139790296554565,0.02095651626586914
325,8.09693717956543,,6.156877279281616,0.015045881271362305
326,8.022046089172363,,6.175673723220825,0.016765594482421875
327,7.976533889770508,,6.198699951171875,0.02105545997619629
328,7.999267101287842,,6.216787099838257,0.015513896942138672
329,7.970396995544434,,6.240110635757446,0.02132582664489746
330,7.967041969299316,,6.256196022033691,0.015545129776000977
331,7.908909797668457,,6.279778242111206,0.020582199096679688
332,7.895238876342773,,6.297211408615112,0.01743316650390625
333,7.948375701904297,,6.315265417098999,0.01605677604675293
334,7.867635250091553,,6.333147287368774,0.014884471893310547
335,7.860601902008057,,6.3521928787231445,0.017040729522705078
336,7.799179553985596,,6.375089406967163,0.020866870880126953
337,7.818404197692871,,6.392726421356201,0.01563429832458496
338,7.859177589416504,,6.4097840785980225,0.01479482650756836
339,7.710686683654785,,6.427781581878662,0.015949726104736328
340,7.738417625427246,,6.444838285446167,0.01505589485168457
341,7.7063703536987305,,6.463287353515625,0.016450166702270508
342,7.684943199157715,,6.481834173202515,0.016546964645385742
343,7.648738384246826,,6.499890327453613,0.01505732536315918
344,7.599677562713623,,6.518987655639648,0.0170438289642334
345,7.630192279815674,,6.541117429733276,0.019624948501586914
346,7.630632400512695,,6.5582194328308105,0.015102148056030273
347,7.584290504455566,,6.575820684432983,0.016093730926513672
348,7.565391540527344,,6.593872785568237,0.01605224609375
349,7.51618766784668,,6.6121602058410645,0.01628565788269043
350,7.532909870147705,,6.630160570144653,0.015999555587768555
351,7.545994281768799,,6.648216724395752,0.0164797306060791
352,7.545958995819092,,6.666270732879639,0.01551198959350586
353,7.442012786865234,,6.683294296264648,0.015023469924926758
354,7.410080909729004,,6.701314210891724,0.014985084533691406
355,7.404579162597656,,6.720452785491943,0.016100406646728516
356,7.4448161125183105,,6.742988109588623,0.020532846450805664
357,7.377296447753906,,6.761029243469238,0.01601123809814453
358,7.294412136077881,,6.7785656452178955,0.015505313873291016
359,7.371737003326416,,6.796619415283203,0.016518831253051758
360,7.253635406494141,,6.8146750926971436,0.016025543212890625
361,7.350276947021484,,6.832965850830078,0.015258312225341797
362,7.346457004547119,,6.849945068359375,0.014981746673583984
363,7.210662364959717,,6.86839485168457,0.015408515930175781
364,7.280031681060791,,6.885882377624512,0.014917373657226562
365,7.203158378601074,,6.905002117156982,0.016043901443481445
366,7.17528772354126,,6.92306923866272,0.016102075576782227
367,7.149196624755859,,6.941696643829346,0.016057729721069336
368,7.187445163726807,,6.959207773208618,0.015511035919189453
369,7.066611289978027,,6.977285861968994,0.016543865203857422
370,7.140321731567383,,7.0000762939453125,0.021790504455566406
371,7.090794563293457,,7.021958112716675,0.0203096866607666
372,7.123560905456543,,7.040579319000244,0.016081809997558594
373,7.012294769287109,,7.0576746463775635,0.016058683395385742
374,7.007517337799072,,7.076758146286011,0.016549348831176758
375,7.047118186950684,,7.0931196212768555,0.015364646911621094
376,6.8738508224487305,,7.111873626708984,0.01674938201904297
377,6.915920257568359,,7.129993200302124,0.01611638069152832
378,6.874512195587158,,7.1465232372283936,0.01552581787109375
379,6.962447643280029,,7.165642261505127,0.017115116119384766
380,6.895796775817871,,7.187515735626221,0.020873546600341797
381,6.86467170715332,,7.210163354873657,0.020145654678344727
382,6.907674312591553,,7.227263927459717,0.01609492301940918
383,6.912779331207275,,7.2497780323028564,0.0215151309967041
384,6.771182060241699,,7.267325401306152,0.015543937683105469
385,6.782296180725098,,7.285379886627197,0.015552520751953125
386,6.789363384246826,,7.303462266921997,0.01608562469482422
387,6.771062850952148,,7.321103572845459,0.015644073486328125
388,6.755586624145508,,7.3397216796875,0.015085697174072266
389,6.721880912780762,,7.358239412307739,0.015512228012084961
390,6.770096778869629,,7.375302314758301,0.015558004379272461
391,6.6899261474609375,,7.393354892730713,0.016086101531982422
392,6.583885192871094,,7.411486387252808,0.016134023666381836
393,6.620235443115234,,7.42858362197876,0.015094757080078125
394,6.5672736167907715,,7.447637557983398,0.016545534133911133
395,6.57801628112793,,7.465656280517578,0.015516996383666992
396,6.553976058959961,,7.483748912811279,0.01609516143798828
397,6.55767822265625,,7.5017640590667725,0.015017509460449219
398,6.521950721740723,,7.51978325843811,0.016022205352783203
399,6.453891277313232,,7.537793159484863,0.0160062313079834
400,6.553501129150391,0.6057159701983134,7.556627988815308,0.016837596893310547
401,6.455003261566162,,7.574962615966797,0.014868497848510742
402,6.409996032714844,,7.592820882797241,0.015861034393310547
403,6.4148125648498535,,7.610994338989258,0.0161745548248291
404,6.437464714050293,,7.628012418746948,0.015018463134765625
405,6.387629508972168,,7.646065950393677,0.016054153442382812
406,6.348966598510742,,7.66412353515625,0.016057729721069336
407,6.311240196228027,,7.682907342910767,0.016784191131591797
408,6.349907398223877,,7.69988751411438,0.015010833740234375
409,6.284255504608154,,7.718404054641724,0.015480279922485352
410,6.299936294555664,,7.736876726150513,0.015895843505859375
411,6.2293477058410645,,7.755981206893921,0.016097307205200195
412,6.397690773010254,,7.77394700050354,0.01597452163696289
413,6.14448356628418,,7.791964769363403,0.016014814376831055
414,6.230950355529785,,7.809171199798584,0.015204906463623047
415,6.177255153656006,,7.826796770095825,0.015014886856079102
416,6.258459568023682,,7.848799705505371,0.020003795623779297
417,6.208321571350098,,7.866800546646118,0.017002105712890625
418,6.141080379486084,,7.890455722808838,0.02168583869934082
419,6.116909980773926,,7.912479877471924,0.020988941192626953
420,6.241456985473633,,7.9300007820129395,0.015488862991333008
421,6.059856414794922,,7.949086904525757,0.01703929901123047
422,6.005762100219727,,7.966877460479736,0.014744281768798828
423,6.098751544952393,,7.984443187713623,0.01556253433227539
424,6.0487518310546875,,8.002532005310059,0.015085697174072266
425,6.004915714263916,,8.02061414718628,0.01508474349975586
426,6.014443397521973,,8.038649320602417,0.015031099319458008
427,5.974000930786133,,8.056673049926758,0.015515804290771484
428,5.925281524658203,,8.07468867301941,0.016018390655517578
429,5.932791709899902,,8.092778205871582,0.016089916229248047
430,5.959097862243652,,8.109798431396484,0.01502227783203125
431,5.846319198608398,,8.12782335281372,0.016021251678466797
432,5.936581611633301,,8.145842552185059,0.015520095825195312
433,5.860577583312988,,8.16386342048645,0.01602339744567871
434,5.904135704040527,,8.181886911392212,0.016026020050048828
435,5.901092529296875,,8.198532104492188,0.014647722244262695
436,5.87299919128418,,8.218353509902954,0.016312837600708008
437,5.804746150970459,,8.234890460968018,0.015032291412353516
438,5.78361177444458,,8.253913640975952,0.016026020050048828
439,5.840324878692627,,8.271992683410645,0.015019893646240234
440,5.72418212890625,,8.290013074874878,0.01602315902709961
441,5.747047424316406,,8.307532787322998,0.015511512756347656
442,5.781859874725342,,8.326054811477661,0.016019821166992188
443,5.740386962890625,,8.343084573745728,0.015026569366455078
444,5.685264587402344,,8.361858606338501,0.01677727699279785
445,5.688189506530762,,8.37987494468689,0.01601886749267578
446,5.632081031799316,,8.39839243888855,0.01651453971862793
447,5.640236854553223,,8.415414571762085,0.014514446258544922
448,5.607973098754883,,8.434005975723267,0.016594409942626953
449,5.629659175872803,,8.45171594619751,0.01501917839050293
450,5.610121726989746,,8.46971607208252,0.015965700149536133
451,5.615020751953125,,8.488263368606567,0.015501022338867188
452,5.629119873046875,,8.506355285644531,0.015501737594604492
453,5.563537120819092,,8.524410009384155,0.016054630279541016
454,5.571484565734863,,8.543007850646973,0.016028165817260742
455,5.557945251464844,,8.559988975524902,0.015982627868652344
456,5.509837627410889,,8.577506065368652,0.015481710433959961
457,5.498129367828369,,8.59585428237915,0.01578044891357422
458,5.487198352813721,,8.613895177841187,0.016041994094848633
459,5.485745429992676,,8.632482290267944,0.015556812286376953
460,5.452764511108398,,8.651019096374512,0.01653265953063965
461,5.4880571365356445,,8.671628952026367,0.01861405372619629
462,5.495094299316406,,8.688102006912231,0.015479803085327148
463,5.411694526672363,,8.706995248794556,0.0163266658782959
464,5.426938056945801,,8.72425627708435,0.015260934829711914
465,5.417293548583984,,8.742791891098022,0.015964746475219727
466,5.339179515838623,,8.760879516601562,0.01709270477294922
467,5.407838821411133,,8.782920360565186,0.0199892520904541
468,5.368524074554443,,8.800938367843628,0.014983415603637695
469,5.33998966217041,,8.818597793579102,0.015011310577392578
470,5.251338481903076,,8.837240219116211,0.015131950378417969
471,5.3764519691467285,,8.855278968811035,0.01553654670715332
472,5.33870267868042,,8.874262809753418,0.016020536422729492
473,5.347745418548584,,8.891281604766846,0.015021800994873047
474,5.2851786613464355,,8.908788204193115,0.015504121780395508
475,5.3491291999816895,,8.927124738693237,0.015829801559448242
476,5.221711158752441,,8.945146560668945,0.016023874282836914
477,5.277529716491699,,8.962517023086548,0.016371488571166992
478,5.185624122619629,,8.983798503875732,0.019284486770629883
479,5.2139363288879395,,9.001368761062622,0.015570402145385742
480,5.165597915649414,,9.018473386764526,0.014538764953613281
481,5.182557106018066,,9.038009643554688,0.01602625846862793
482,5.138044357299805,,9.056835412979126,0.016824007034301758
483,5.132995128631592,,9.075893878936768,0.017061233520507812
484,5.145600318908691,,9.098569393157959,0.02111029624938965
485,5.128684043884277,,9.117849588394165,0.0167694091796875
486,5.065854072570801,,9.135987043380737,0.015596151351928711
487,5.196403980255127,,9.155307292938232,0.016275405883789062
488,5.110665321350098,,9.173391580581665,0.016087055206298828
489,5.118263244628906,,9.191477537155151,0.01608872413635254
490,5.117278099060059,,9.208998918533325,0.015518903732299805
491,5.060641288757324,,9.226101636886597,0.015601396560668945
492,4.995891094207764,,9.246772527694702,0.0186154842376709
493,4.992692947387695,,9.26591968536377,0.017877578735351562
494,5.048121452331543,,9.282346487045288,0.015427827835083008
495,5.1407999992370605,,9.301040649414062,0.015665292739868164
496,4.995047092437744,,9.318555116653442,0.015511751174926758
497,5.022128105163574,,9.336129665374756,0.015066385269165039
498,4.9662675857543945,,9.354742527008057,0.015654563903808594
499,5.010259628295898,,9.372916221618652,0.016176700592041016
500,4.964170455932617,0.8146870136260986,9.392163276672363,0.01724982261657715
501,4.962350845336914,,9.410610675811768,0.0164492130279541
502,4.889682769775391,,9.428735733032227,0.016096115112304688
503,4.960178375244141,,9.449912786483765,0.020177125930786133
504,4.893603324890137,,9.473977088928223,0.02102041244506836
505,4.931317329406738,,9.490113496780396,0.01613640785217285
506,4.924503326416016,,9.506752252578735,0.014601707458496094
507,4.884755611419678,,9.525537490844727,0.015782833099365234
508,4.970885753631592,,9.542683601379395,0.015110254287719727
509,4.88267707824707,,9.560778379440308,0.016097307205200195
510,4.831552505493164,,9.58276081085205,0.020984888076782227
511,4.848047733306885,,9.60301661491394,0.01825857162475586
512,4.816012382507324,,9.624245643615723,0.020228862762451172
513,4.798813819885254,,9.64203691482544,0.016286611557006836
514,4.8454108238220215,,9.664052248001099,0.02104640007019043
515,4.759599685668945,,9.68130087852478,0.015251398086547852
516,4.821221828460693,,9.699918270111084,0.016619205474853516
517,4.7407026290893555,,9.71794581413269,0.0155181884765625
518,4.771292686462402,,9.73870325088501,0.01825690269470215
519,4.7357258796691895,,9.756726741790771,0.015514850616455078
520,4.762775421142578,,9.774938106536865,0.01521444320678711
521,4.6844658851623535,,9.793231010437012,0.016295671463012695
522,4.776906967163086,,9.810603857040405,0.015368223190307617
523,4.666379928588867,,9.829061508178711,0.01645374298095703
524,4.652533531188965,,9.852298259735107,0.02122807502746582
525,4.677678108215332,,9.86898422241211,0.014689207077026367
526,4.679103851318359,,9.886976957321167,0.014521598815917969
527,4.710775375366211,,9.910629034042358,0.02066206932067871
528,4.729887008666992,,9.93346357345581,0.020826339721679688
529,4.6561174392700195,,9.94909143447876,0.01562786102294922
530,4.609223365783691,,9.967641830444336,0.015532255172729492
531,4.675529479980469,,9.985863208770752,0.01571822166442871
532,4.650103569030762,,10.008495807647705,0.020514488220214844
533,4.637077331542969,,10.033795833587646,0.02179861068725586
534,4.679404258728027,,10.052884817123413,0.018089771270751953
535,4.5858612060546875,,10.0709707736969,0.01608872413635254
536,4.559955596923828,,10.088518857955933,0.014545440673828125
537,4.564570426940918,,10.107699394226074,0.015505075454711914
538,4.596626281738281,,10.124917984008789,0.016219377517700195
539,4.520149230957031,,10.142707824707031,0.015282154083251953
540,4.551161766052246,,10.160118103027344,0.015413761138916016
541,4.5003533363342285,,10.177061080932617,0.014940023422241211
542,4.513648986816406,,10.194908380508423,0.015842676162719727
543,4.564288139343262,,10.212645053863525,0.015736103057861328
544,4.427043914794922,,10.231831312179565,0.017181873321533203
545,4.562188148498535,,10.248889684677124,0.015058279037475586
546,4.457545280456543,,10.26694393157959,0.016018152236938477
547,4.413228988647461,,10.284823894500732,0.015879154205322266
548,4.481433868408203,,10.302150249481201,0.01532435417175293
549,4.4861297607421875,,10.320751667022705,0.015603303909301758
550,4.482049942016602,,10.338767051696777,0.015017271041870117
551,4.473731994628906,,10.357196569442749,0.015512466430664062
552,4.408666133880615,,10.37480092048645,0.015606164932250977
553,4.427842617034912,,10.392235040664673,0.015432119369506836
554,4.401483535766602,,10.409835815429688,0.015602350234985352
555,4.430699348449707,,10.427201509475708,0.015281915664672852
556,4.426074028015137,,10.444885492324829,0.015683412551879883
557,4.3749613761901855,,10.463386058807373,0.016499996185302734
558,4.391052722930908,,10.481756210327148,0.01636981964111328
559,4.366837024688721,,10.498898029327393,0.015139102935791016
560,4.3873395919799805,,10.51594877243042,0.014481067657470703
561,4.359673976898193,,10.534613847732544,0.015633821487426758
562,4.324361801147461,,10.55762529373169,0.020010709762573242
563,4.25731086730957,,10.573650360107422,0.015024900436401367
564,4.285459041595459,,10.590694665908813,0.0150146484375
565,4.353117942810059,,10.609062671661377,0.015048742294311523
566,4.3127946853637695,,10.632569074630737,0.021973848342895508
567,4.304171562194824,,10.648175954818726,0.014569759368896484
568,4.260715961456299,,10.666263580322266,0.015500307083129883
569,4.218832015991211,,10.686034679412842,0.017766714096069336
570,4.263983249664307,,10.707143783569336,0.019111156463623047
571,4.224844932556152,,10.725155591964722,0.016010284423828125
572,4.238958358764648,,10.742464303970337,0.01530146598815918
573,4.338773727416992,,10.760476350784302,0.01601123809814453
574,4.196419715881348,,10.782372951507568,0.020892858505249023
575,4.211629867553711,,10.799876689910889,0.014505624771118164
576,4.228153228759766,,10.817935466766357,0.01603078842163086
577,4.209529399871826,,10.835250616073608,0.01531529426574707
578,4.159516334533691,,10.857415437698364,0.019160985946655273
579,4.242609977722168,,10.875576972961426,0.017162322998046875
580,4.206345558166504,,10.892843961715698,0.015269994735717773
581,4.235445976257324,,10.910027980804443,0.015154600143432617
582,4.235545635223389,,10.927680969238281,0.015242576599121094
583,4.178469657897949,,10.946192502975464,0.016010046005249023
584,4.155494689941406,,10.968446731567383,0.02026057243347168
585,4.168471336364746,,10.986007690429688,0.014980554580688477
586,4.162526607513428,,11.004099369049072,0.015089035034179688
587,4.180878639221191,,11.022160530090332,0.015064001083374023
588,4.157565593719482,,11.046022891998291,0.020750045776367188
589,4.125064373016357,,11.06313705444336,0.015110969543457031
590,4.100820541381836,,11.081196784973145,0.01606297492980957
591,4.040943145751953,,11.099876642227173,0.016677141189575195
592,4.102018356323242,,11.118937492370605,0.015691041946411133
593,4.0949811935424805,,11.136498928070068,0.015057563781738281
594,4.091000556945801,,11.158686637878418,0.01868748664855957
595,4.069867134094238,,11.176860094070435,0.015665054321289062
596,4.046351909637451,,11.195090532302856,0.01623368263244629
597,4.068869590759277,,11.216230392456055,0.01914215087890625
598,4.006159782409668,,11.235960721969604,0.017733335494995117
599,4.049442291259766,,11.254010677337646,0.01605224609375
600,4.053718090057373,0.872813363869985,11.274066686630249,0.017058610916137695
601,4.031525135040283,,11.297243118286133,0.021075010299682617
602,4.076431751251221,,11.318397521972656,0.02014470100402832
603,3.98473858833313,,11.336931228637695,0.015025615692138672
604,4.006836414337158,,11.360166788101196,0.019736528396606445
605,4.02998685836792,,11.377357959747314,0.015683412551879883
606,3.954474449157715,,11.394573450088501,0.01471400260925293
607,4.026279449462891,,11.412657499313354,0.016088485717773438
608,3.995798110961914,,11.430405855178833,0.015750885009765625
609,3.9009077548980713,,11.452290058135986,0.019881725311279297
610,3.934178590774536,,11.471314191818237,0.016057252883911133
611,3.972520351409912,,11.493547439575195,0.020231008529663086
612,3.943284511566162,,11.510629177093506,0.015084505081176758
613,3.9356346130371094,,11.528950691223145,0.016289949417114258
614,3.9201221466064453,,11.547000169754028,0.01654815673828125
615,3.9824655055999756,,11.565485715866089,0.016488075256347656
616,3.928584098815918,,11.58251690864563,0.015027761459350586
617,3.885098934173584,,11.600712060928345,0.01615738868713379
618,3.912217378616333,,11.620926856994629,0.017177820205688477
619,3.887049436569214,,11.636975526809692,0.015051603317260742
620,3.894596576690674,,11.660159349441528,0.0211789608001709
621,3.8374886512756348,,11.677576303482056,0.015844345092773438
622,3.8261334896087646,,11.700870752334595,0.022263526916503906
623,3.8851261138916016,,11.723891258239746,0.021019458770751953
624,3.889285087585449,,11.741952896118164,0.015582084655761719
625,3.8318593502044678,,11.758432149887085,0.015479087829589844
626,3.8720650672912598,,11.778654098510742,0.01768183708190918
627,3.830444812774658,,11.794708967208862,0.016054868698120117
628,3.888139486312866,,11.812732458114624,0.01601576805114746
629,3.879638433456421,,11.835301876068115,0.020569562911987305
630,3.822706699371338,,11.854498386383057,0.01819014549255371
631,3.8680498600006104,,11.872943639755249,0.016447782516479492
632,3.783217430114746,,11.89001178741455,0.016076326370239258
633,3.947021484375,,11.913276672363281,0.021053314208984375
634,3.8192625045776367,,11.93102765083313,0.015753507614135742
635,3.786522388458252,,11.948908567428589,0.01587820053100586
636,3.8332674503326416,,11.96704649925232,0.016063928604125977
637,3.800342559814453,,11.986342668533325,0.01729893684387207
638,3.7758026123046875,,12.004427671432495,0.01608753204345703
639,3.7093939781188965,,12.022512435913086,0.01608729362487793
640,3.7645254135131836,,12.046127080917358,0.02051520347595215
641,3.7159016132354736,,12.068198442459106,0.020078182220458984
642,3.7566771507263184,,12.086217403411865,0.015520095825195312
643,3.776723623275757,,12.108365774154663,0.020151138305664062
644,3.7606468200683594,,12.129155158996582,0.018280029296875
645,3.723522663116455,,12.148390293121338,0.016730785369873047
646,3.718756914138794,,12.166332244873047,0.01543426513671875
647,3.700674295425415,,12.187407732009888,0.01907825469970703
648,3.7398505210876465,,12.20553731918335,0.01562786102294922
649,3.7676172256469727,,12.22268009185791,0.01511383056640625
650,3.712883234024048,,12.24596619606018,0.021157503128051758
651,3.7346231937408447,,12.26305603981018,0.01509237289428711
652,3.700575113296509,,12.279733180999756,0.014680147171020508
653,3.607304096221924,,12.298676252365112,0.01551198959350586
654,3.633568286895752,,12.316729545593262,0.016548633575439453
655,3.667269706726074,,12.334317922592163,0.014591455459594727
656,3.6583950519561768,,12.352497100830078,0.015210151672363281
657,3.61391282081604,,12.370672941207886,0.01617884635925293
658,3.6707987785339355,,12.38821291923523,0.015531301498413086
659,3.639028549194336,,12.41094708442688,0.02015995979309082
660,3.680861473083496,,12.428184032440186,0.015234947204589844
661,3.67678165435791,,12.451130628585815,0.0213773250579834
662,3.5946710109710693,,12.468683958053589,0.015550613403320312
663,3.623941421508789,,12.491309881210327,0.019115924835205078
664,3.5870537757873535,,12.508665323257446,0.015358448028564453
665,3.5928423404693604,,12.52725601196289,0.0160825252532959
666,3.5583081245422363,,12.544348001480103,0.016086578369140625
667,3.5373687744140625,,12.563662767410278,0.01731586456298828
668,3.583263397216797,,12.580865383148193,0.016167163848876953
669,3.6128358840942383,,12.602620124816895,0.019755125045776367
670,3.5352282524108887,,12.621880531311035,0.016257286071777344
671,3.598313331604004,,12.638904094696045,0.015026330947875977
672,3.613849639892578,,12.662569761276245,0.021161317825317383
673,3.5854434967041016,,12.679785966873169,0.01521921157836914
674,3.567770481109619,,12.697345733642578,0.01555633544921875
675,3.537895679473877,,12.714473485946655,0.014530658721923828
676,3.557901382446289,,12.735167741775513,0.017733097076416016
677,3.5974910259246826,,12.753113508224487,0.015948772430419922
678,3.544804811477661,,12.771203994750977,0.01609349250793457
679,3.5298051834106445,,12.794461011886597,0.021254539489746094
680,3.4830939769744873,,12.811544418334961,0.015085458755493164
681,3.4958741664886475,,12.828670740127563,0.015128850936889648
682,3.4673044681549072,,12.847354650497437,0.016175508499145508
683,3.4490609169006348,,12.865442514419556,0.01708841323852539
684,3.4965476989746094,,12.888686180114746,0.021111249923706055
685,3.577028274536133,,12.911537408828735,0.02021312713623047
686,3.488642692565918,,12.928754568099976,0.015219926834106445
687,3.5134146213531494,,12.947069644927979,0.015806913375854492
688,3.4507088661193848,,12.969770669937134,0.01967930793762207
689,3.529256820678711,,12.993181943893433,0.02011895179748535
690,3.482746124267578,,13.015288591384888,0.020105838775634766
691,3.4671127796173096,,13.03820252418518,0.02091693878173828
692,3.4686691761016846,,13.061773300170898,0.023570775985717773
693,3.4317874908447266,,13.082797050476074,0.02102375030517578
694,3.468017816543579,,13.102943658828735,0.020146608352661133
695,3.4456965923309326,,13.121612071990967,0.01667189598083496
696,3.4780986309051514,,13.140148878097534,0.016533374786376953
697,3.440126895904541,,13.166407823562622,0.024132728576660156
698,3.3903212547302246,,13.190117597579956,0.022709131240844727
699,3.4887337684631348,,13.213532209396362,0.02125716209411621
700,3.456514835357666,0.9035027424494425,13.236168146133423,0.02063918113708496
701,3.399747371673584,,13.254227876663208,0.01606130599975586
702,3.4369966983795166,,13.273313045501709,0.01608753204345703
703,3.400418281555176,,13.29541563987732,0.019988536834716797
704,3.374328136444092,,13.313166856765747,0.015758752822875977
705,3.380988597869873,,13.33111047744751,0.01594066619873047
706,3.353452205657959,,13.35196590423584,0.01885247230529785
707,3.3899831771850586,,13.369888305664062,0.01592230796813965
708,3.412741184234619,,13.387170553207397,0.014246702194213867
709,3.352260112762451,,13.406771898269653,0.016632556915283203
710,3.443504571914673,,13.423834562301636,0.015067100524902344
711,3.370288133621216,,13.441227674484253,0.015200376510620117
712,3.3641653060913086,,13.459870100021362,0.016646623611450195
713,3.440804958343506,,13.477065086364746,0.015684127807617188
714,3.387881278991699,,13.495091199874878,0.016029834747314453
715,3.3359158039093018,,13.512202262878418,0.015114784240722656
716,3.392723798751831,,13.530186176300049,0.016015052795410156
717,3.3040614128112793,,13.548975467681885,0.015521049499511719
718,3.3580808639526367,,13.567415237426758,0.015931367874145508
719,3.3216323852539062,,13.585498809814453,0.0155487060546875
720,3.3165948390960693,,13.60269832611084,0.015228986740112305
721,3.378657817840576,,13.620872497558594,0.016173362731933594
722,3.3191375732421875,,13.643486738204956,0.0205996036529541
723,3.358647346496582,,13.660505771636963,0.016016244888305664
724,3.371445655822754,,13.68367624282837,0.021138668060302734
725,3.259460926055908,,13.699845314025879,0.016169071197509766
726,3.2862768173217773,,13.717032670974731,0.015038728713989258
727,3.3123903274536133,,13.735484838485718,0.016423702239990234
728,3.2731311321258545,,13.75355839729309,0.015059232711791992
729,3.2888689041137695,,13.773043870925903,0.016489267349243164
730,3.281360626220703,,13.793047189712524,0.01900625228881836
731,3.2860898971557617,,13.81601595878601,0.020937442779541016
732,3.28639554977417,,13.833843231201172,0.014795541763305664
733,3.253431797027588,,13.852227926254272,0.016382455825805664
734,3.2411606311798096,,13.869841575622559,0.015613317489624023
735,3.2719571590423584,,13.888124704360962,0.01512002944946289
736,3.2115161418914795,,13.905993700027466,0.015869617462158203
737,3.226954936981201,,13.923202991485596,0.015211105346679688
738,3.2256555557250977,,13.941519260406494,0.014914989471435547
739,3.2459750175476074,,13.958671569824219,0.015152692794799805
740,3.232347011566162,,13.97646427154541,0.015283346176147461
741,3.2267980575561523,,13.994421482086182,0.015955209732055664
742,3.2142064571380615,,14.016999959945679,0.021580219268798828
743,3.2390360832214355,,14.033689737319946,0.01469111442565918
744,3.197181224822998,,14.05478024482727,0.01808786392211914
745,3.227678060531616,,14.071869611740112,0.015092134475708008
746,3.2269911766052246,,14.089919090270996,0.01605224609375
747,3.2814130783081055,,14.113232851028442,0.02113056182861328
748,3.196533203125,,14.13123607635498,0.01569366455078125
749,3.2405576705932617,,14.148878574371338,0.0156400203704834
750,3.1402478218078613,,14.16689944267273,0.015516519546508789
751,3.2168221473693848,,14.188091039657593,0.019194841384887695
752,3.1968750953674316,,14.210866689682007,0.020276308059692383
753,3.1777195930480957,,14.228090763092041,0.015222311019897461
754,3.217679977416992,,14.246121168136597,0.015525102615356445
755,3.1750741004943848,,14.26917839050293,0.02106022834777832
756,3.210078001022339,,14.285378456115723,0.015200376510620117
757,3.1788291931152344,,14.303461790084839,0.016086339950561523
758,3.168118953704834,,14.321913003921509,0.016454458236694336
759,3.157055377960205,,14.345678567886353,0.021767616271972656
760,3.095202922821045,,14.3619704246521,0.01629185676574707
761,3.1485795974731445,,14.379770755767822,0.015802383422851562
762,3.2078609466552734,,14.397787094116211,0.016010761260986328
763,3.1640372276306152,,14.415224552154541,0.015438079833984375
764,3.115276336669922,,14.43257999420166,0.015355348587036133
765,3.1350183486938477,,14.450377941131592,0.01479339599609375
766,3.169419288635254,,14.474030256271362,0.02064371109008789
767,3.1662771701812744,,14.492092609405518,0.01606440544128418
768,3.142171859741211,,14.509068012237549,0.01497793197631836
769,3.000171184539795,,14.527624368667603,0.01605224609375
770,3.0341343879699707,,14.544716119766235,0.016086101531982422
771,3.1402406692504883,,14.562745094299316,0.016031265258789062
772,3.0785722732543945,,14.580763816833496,0.0160214900970459
773,3.107266902923584,,14.598278999328613,0.015512466430664062
774,3.0886831283569336,,14.615699768066406,0.015915870666503906
775,3.069150447845459,,14.633326768875122,0.014629125595092773
776,3.079193592071533,,14.651106357574463,0.015165328979492188
777,3.136809825897217,,14.668625354766846,0.015516519546508789
778,3.1234045028686523,,14.68667984008789,0.015546798706054688
779,3.109048366546631,,14.704579591751099,0.01590275764465332
780,3.0458645820617676,,14.722636699676514,0.01606011390686035
781,3.0537896156311035,,14.741171598434448,0.01653742790222168
782,3.0198822021484375,,14.76318097114563,0.021012306213378906
783,3.0790374279022217,,14.781201124191284,0.016022443771362305
784,3.063405990600586,,14.798716306686401,0.015512704849243164
785,3.029390335083008,,14.8172128200531,0.015992164611816406
786,3.0864529609680176,,14.834741115570068,0.015026330947875977
787,3.054548740386963,,14.852766036987305,0.016027212142944336
788,3.049577474594116,,14.870786666870117,0.015023469924926758
789,3.050168037414551,,14.888301610946655,0.01551198959350586
790,3.0212502479553223,,14.906610012054443,0.015800952911376953
791,3.085599422454834,,14.924440860748291,0.015833377838134766
792,2.9748830795288086,,14.942139863967896,0.015702009201049805
793,2.9688808917999268,,14.96116018295288,0.017023086547851562
794,3.0506324768066406,,14.978675127029419,0.01551198959350586
795,3.0475425720214844,,14.996702194213867,0.01652359962463379
796,3.020555257797241,,15.014533042907715,0.015833377838134766
797,3.068640947341919,,15.032405853271484,0.01587533950805664
798,2.9447922706604004,,15.051427841186523,0.016025066375732422
799,2.997546672821045,,15.069142580032349,0.015516281127929688
800,3.0128018856048584,0.9364697138468424,15.088480710983276,0.016833782196044922
801,2.952890157699585,,15.107515335083008,0.015524625778198242
802,3.056222438812256,,15.124600410461426,0.01608562469482422
803,3.0141735076904297,,15.142204523086548,0.01560664176940918
804,2.956559181213379,,15.160223960876465,0.016022443771362305
805,2.968050718307495,,15.177745342254639,0.015513896942138672
806,2.9894189834594727,,15.195113182067871,0.015370845794677734
807,3.0081841945648193,,15.212974071502686,0.015863656997680664
808,3.000852584838867,,15.231505155563354,0.01653313636779785
809,3.0373740196228027,,15.249019861221313,0.015517473220825195
810,2.9635419845581055,,15.266809463500977,0.016288042068481445
811,2.9694395065307617,,15.284980535507202,0.01601123809814453
812,3.0009279251098633,,15.307523488998413,0.020545482635498047
813,2.9141628742218018,,15.324073553085327,0.015549898147583008
814,3.012592077255249,,15.341903448104858,0.01583266258239746
815,2.9608235359191895,,15.359922647476196,0.016021728515625
816,2.9659435749053955,,15.378110647201538,0.01618480682373047
817,2.9693872928619385,,15.395131826400757,0.015023946762084961
818,2.9371252059936523,,15.41734528541565,0.020215988159179688
819,2.940865993499756,,15.435913324356079,0.017568349838256836
820,2.9414737224578857,,15.458938121795654,0.021027565002441406
821,2.9882779121398926,,15.47596001625061,0.015520334243774414
822,2.915846347808838,,15.494017362594604,0.01605987548828125
823,2.9743056297302246,,15.51110315322876,0.01508784294128418
824,2.915607213973999,,15.528616905212402,0.015511751174926758
825,2.928361177444458,,15.54642367362976,0.016299724578857422
826,2.932100296020508,,15.564475297927856,0.01605391502380371
827,2.9264464378356934,,15.581531047821045,0.016056299209594727
828,2.944802761077881,,15.599721908569336,0.016188621520996094
829,2.886765956878662,,15.617741107940674,0.016012191772460938
830,2.9050216674804688,,15.63515019416809,0.01540827751159668
831,2.9061436653137207,,15.653923273086548,0.015773773193359375
832,2.9127540588378906,,15.671875476837158,0.015953540802001953
833,2.938180446624756,,15.68878984451294,0.014916419982910156
834,2.914606809616089,,15.706916809082031,0.015022516250610352
835,2.863107681274414,,15.725351572036743,0.01643514633178711
836,2.8872694969177246,,15.743335962295532,0.01598334312438965
837,2.886277437210083,,15.759844303131104,0.014506816864013672
838,2.815361976623535,,15.778234243392944,0.01626443862915039
839,2.850247859954834,,15.796749830245972,0.0160067081451416
840,2.914292335510254,,15.819774866104126,0.021027326583862305
841,2.900379180908203,,15.836893796920776,0.015069007873535156
842,2.9030542373657227,,15.856061935424805,0.016166210174560547
843,2.8763184547424316,,15.874164342880249,0.01610255241394043
844,2.8623158931732178,,15.891775846481323,0.015611410140991211
845,2.8990421295166016,,15.909856796264648,0.016081809997558594
846,2.8946003913879395,,15.92591118812561,0.015517711639404297
847,2.8922739028930664,,15.944525003433228,0.01661229133605957
848,2.9013845920562744,,15.961546182632446,0.015020608901977539
849,2.7874767780303955,,15.979024887084961,0.015474796295166016
850,2.8819239139556885,,15.997130155563354,0.015505075454711914
851,2.812608242034912,,16.01516103744507,0.016000032424926758
852,2.857687473297119,,16.033703804016113,0.01655101776123047
853,2.855548620223999,,16.056206703186035,0.021506547927856445
854,2.880004405975342,,16.074265003204346,0.016055822372436523
855,2.843392848968506,,16.090997219085693,0.014733076095581055
856,2.8641395568847656,,16.108986854553223,0.01499032974243164
857,2.7806286811828613,,16.127721071243286,0.016724824905395508
858,2.8074820041656494,,16.145270586013794,0.015520334243774414
859,2.8698506355285645,,16.16232466697693,0.015023231506347656
860,2.9046056270599365,,16.180396795272827,0.016041278839111328
861,2.759347915649414,,16.19893217086792,0.01650381088256836
862,2.7983288764953613,,16.217049837112427,0.015506982803344727
863,2.8324127197265625,,16.234618663787842,0.015571832656860352
864,2.850938320159912,,16.253642082214355,0.01602339744567871
865,2.866269588470459,,16.271685123443604,0.01604318618774414
866,2.8117403984069824,,16.288344144821167,0.014661073684692383
867,2.7778072357177734,,16.30642867088318,0.015512228012084961
868,2.816784620285034,,16.324482202529907,0.01605391502380371
869,2.777423620223999,,16.341736555099487,0.015254020690917969
870,2.8524169921875,,16.360130548477173,0.01538991928100586
871,2.797325611114502,,16.37821125984192,0.01651453971862793
872,2.7263245582580566,,16.39649748802185,0.016748666763305664
873,2.808953285217285,,16.41441774368286,0.01592087745666504
874,2.7286832332611084,,16.432955741882324,0.016541481018066406
875,2.7480573654174805,,16.449936628341675,0.015010833740234375
876,2.772630214691162,,16.468479871749878,0.015500783920288086
877,2.7381627559661865,,16.48657250404358,0.015519142150878906
878,2.775653839111328,,16.50461745262146,0.016054391860961914
879,2.730275869369507,,16.522668838500977,0.016051292419433594
880,2.8231987953186035,,16.541208505630493,0.01557016372680664
881,2.7538833618164062,,16.55778408050537,0.015576362609863281
882,2.752831220626831,,16.576111555099487,0.01636791229248047
883,2.7994465827941895,,16.592716455459595,0.01560521125793457
884,2.8457658290863037,,16.610761880874634,0.01604485511779785
885,2.716585636138916,,16.629239320755005,0.016475439071655273
886,2.759739875793457,,16.64629316329956,0.01550745964050293
887,2.7948410511016846,,16.664515495300293,0.016222238540649414
888,2.772085666656494,,16.682539463043213,0.016010522842407227
889,2.758568048477173,,16.700586080551147,0.016076087951660156
890,2.721370220184326,,16.718368530273438,0.015749454498291016
891,2.6880054473876953,,16.736806869506836,0.01586604118347168
892,2.757342576980591,,16.755402088165283,0.01559758186340332
893,2.7284910678863525,,16.777421236038208,0.0200197696685791
894,2.7563300132751465,,16.796210527420044,0.016218185424804688
895,2.7632594108581543,,16.813416481018066,0.015176534652709961
896,2.7048745155334473,,16.830955505371094,0.01553487777709961
897,2.661059856414795,,16.850066661834717,0.01711297035217285
898,2.6951329708099365,,16.86674737930298,0.014648675918579102
899,2.737171173095703,,16.885831117630005,0.015516281127929688
900,2.723203659057617,0.9511622389157613,16.9060537815094,0.017954111099243164
901,2.6873083114624023,,16.92365026473999,0.015594959259033203
902,2.6870813369750977,,16.9466392993927,0.019991636276245117
903,2.7004899978637695,,16.964695930480957,0.016055822372436523
904,2.7255640029907227,,16.98272204399109,0.016013145446777344
905,2.7211833000183105,,16.99982523918152,0.015098810195922852
906,2.73146915435791,,17.018337965011597,0.01647186279296875
907,2.6801514625549316,,17.03688645362854,0.015974760055541992
908,2.643303394317627,,17.054699420928955,0.015835046768188477
909,2.6454601287841797,,17.07269048690796,0.01499485969543457
910,2.680809497833252,,17.090742826461792,0.016021251678466797
911,2.6762657165527344,,17.108914613723755,0.0161745548248291
912,2.7021377086639404,,17.126671314239502,0.016218900680541992
913,2.6729588508605957,,17.14372944831848,0.015055656433105469
914,2.691941738128662,,17.162273168563843,0.016547441482543945
915,2.700514316558838,,17.178751945495605,0.014479875564575195
916,2.725325584411621,,17.197863817214966,0.016514062881469727
917,2.676426887512207,,17.215451955795288,0.015050649642944336
918,2.686282157897949,,17.233474254608154,0.01601386070251465
919,2.6667237281799316,,17.251496076583862,0.014990091323852539
920,2.678391456604004,,17.26903247833252,0.015506744384765625
921,2.6549739837646484,,17.28782629966736,0.016196012496948242
922,2.6993906497955322,,17.30989360809326,0.020049333572387695
923,2.6202456951141357,,17.326948404312134,0.01548147201538086
924,2.7008767127990723,,17.345009088516235,0.01603078842163086
925,2.70194673538208,,17.361725330352783,0.014719247817993164
926,2.641002655029297,,17.38010573387146,0.016378164291381836
927,2.5536599159240723,,17.398625373840332,0.01651167869567871
928,2.6246135234832764,,17.41664433479309,0.015511512756347656
929,2.594961643218994,,17.43369436264038,0.016051530838012695
930,2.6082794666290283,,17.4517183303833,0.015026569366455078
931,2.7060630321502686,,17.469735383987427,0.016019821166992188
932,2.6225128173828125,,17.487632989883423,0.014892101287841797
933,2.598456621170044,,17.505698442459106,0.015520095825195312
934,2.6015024185180664,,17.524450063705444,0.01572108268737793
935,2.6249594688415527,,17.5470130443573,0.02051568031311035
936,2.612844467163086,,17.565173149108887,0.016159772872924805
937,2.6168675422668457,,17.58349609375,0.016352415084838867
938,2.623854160308838,,17.60038471221924,0.015890836715698242
939,2.6187944412231445,,17.61841368675232,0.015024423599243164
940,2.6083054542541504,,17.63694167137146,0.016019582748413086
941,2.582136631011963,,17.660375833511353,0.02143692970275879
942,2.6490228176116943,,17.6777560710907,0.015372991561889648
943,2.6557230949401855,,17.694841623306274,0.015088558197021484
944,2.5932886600494385,,17.713677883148193,0.016839027404785156
945,2.578016996383667,,17.730801582336426,0.015126705169677734
946,2.6615705490112305,,17.749804735183716,0.015517473220825195
947,2.6127583980560303,,17.76666498184204,0.015352964401245117
948,2.620880603790283,,17.784748554229736,0.01608586311340332
949,2.542137622833252,,17.802768230438232,0.015022754669189453
950,2.5667786598205566,,17.821791172027588,0.016025304794311523
951,2.633781909942627,,17.83999276161194,0.01620197296142578
952,2.5824551582336426,,17.858513355255127,0.015512466430664062
953,2.5651907920837402,,17.875535249710083,0.015517711639404297
954,2.554699182510376,,17.89355444908142,0.016021728515625
955,2.592498779296875,,17.910067558288574,0.015514135360717773
956,2.5691652297973633,,17.933632850646973,0.021539688110351562
957,2.5641250610351562,,17.950148820877075,0.01651597023010254
958,2.6083719730377197,,17.972835779190063,0.02118229866027832
959,2.608954906463623,,17.990856647491455,0.016024112701416016
960,2.5523107051849365,,18.012940406799316,0.02008652687072754
961,2.597475528717041,,18.030585050582886,0.015647411346435547
962,2.531693458557129,,18.04879379272461,0.014978885650634766
963,2.602606773376465,,18.068143606185913,0.016844987869262695
964,2.5924503803253174,,18.085550546646118,0.014908313751220703
965,2.5290770530700684,,18.103622674942017,0.01511526107788086
966,2.5445902347564697,,18.127134084701538,0.020545482635498047
967,2.48995304107666,,18.14352512359619,0.015390872955322266
968,2.5568928718566895,,18.16154384613037,0.0160214900970459
969,2.591789960861206,,18.179059743881226,0.0155181884765625
970,2.5353081226348877,,18.197078227996826,0.015514135360717773
971,2.5947017669677734,,18.214621782302856,0.015012979507446289
972,2.529733657836914,,18.232939958572388,0.016320466995239258
973,2.5143911838531494,,18.250996589660645,0.016059160232543945
974,2.5308704376220703,,18.268810749053955,0.015811443328857422
975,2.507990598678589,,18.28591752052307,0.014504671096801758
976,2.5452632904052734,,18.304819345474243,0.016080617904663086
977,2.5392940044403076,,18.323203086853027,0.015386581420898438
978,2.575530529022217,,18.339786767959595,0.014586687088012695
979,2.486844539642334,,18.35831093788147,0.015518665313720703
980,2.477020740509033,,18.37625241279602,0.015365123748779297
981,2.483396291732788,,18.393336534500122,0.015087127685546875
982,2.496929883956909,,18.412254095077515,0.01692056655883789
983,2.535644769668579,,18.428916692733765,0.01465749740600586
984,2.5209827423095703,,18.44796872138977,0.016515016555786133
985,2.508967399597168,,18.465075492858887,0.015105485916137695
986,2.5431313514709473,,18.483893632888794,0.016818761825561523
987,2.539421558380127,,18.50123953819275,0.015346765518188477
988,2.5116422176361084,,18.51971197128296,0.015620946884155273
989,2.5514066219329834,,18.536945343017578,0.014726877212524414
990,2.4713029861450195,,18.554710865020752,0.01576542854309082
991,2.4783284664154053,,18.57296371459961,0.015251874923706055
992,2.48220157623291,,18.59000539779663,0.015040159225463867
993,2.487940788269043,,18.607787132263184,0.014506816864013672
994,2.5294742584228516,,18.62590527534485,0.01611614227294922
995,2.471971035003662,,18.648520708084106,0.0206148624420166
996,2.4676334857940674,,18.665368795394897,0.016848087310791016
997,2.4736328125,,18.68341898918152,0.016051292419433594
998,2.4821128845214844,,18.69989800453186,0.014472246170043945
999,2.4321751594543457,,18.719367504119873,0.016028881072998047
1000,2.480991840362549,0.9612151781717936,18.73897624015808,0.016981124877929688
1001,2.4827404022216797,,18.757147550582886,0.016089677810668945
1002,2.5114970207214355,,18.774898529052734,0.015761852264404297
1003,2.4592130184173584,,18.79197597503662,0.01491546630859375
1004,2.4661803245544434,,18.814151287078857,0.020145893096923828
1005,2.466193675994873,,18.831197261810303,0.016045808792114258
1006,2.4266490936279297,,18.848240613937378,0.015506982803344727
1007,2.4905409812927246,,18.86620783805847,0.015394210815429688
1008,2.42871356010437,,18.884732007980347,0.0165252685546875
1009,2.447432041168213,,18.90299129486084,0.01628875732421875
1010,2.4248013496398926,,18.924983024597168,0.019991636276245117
1011,2.542954444885254,,18.943578243255615,0.015543460845947266
1012,2.4023935794830322,,18.961627960205078,0.0160524845123291
1013,2.498107433319092,,18.978105068206787,0.014479875564575195
1014,2.4584736824035645,,18.99622917175293,0.015552043914794922
1015,2.450988292694092,,19.013246059417725,0.01502370834350586
1016,2.4190897941589355,,19.031939268112183,0.01666259765625
1017,2.442593574523926,,19.05007266998291,0.016010284423828125
1018,2.456429958343506,,19.06726908683777,0.015160799026489258
1019,2.473090648651123,,19.08535146713257,0.015548944473266602
1020,2.421098232269287,,19.104366302490234,0.0170443058013916
1021,2.447852373123169,,19.126393795013428,0.021027803421020508
1022,2.428072452545166,,19.143572330474854,0.015182256698608398
1023,2.436213493347168,,19.161415815353394,0.01584172248840332
1024,2.4634199142456055,,19.17893123626709,0.015512704849243164
1025,2.4081382751464844,,19.197760105133057,0.016646623611450195
1026,2.39536714553833,,19.215015649795532,0.015254735946655273
1027,2.4574246406555176,,19.233307361602783,0.016289710998535156
1028,2.3740198612213135,,19.2520010471344,0.01563262939453125
1029,2.4211227893829346,,19.269012689590454,0.015010356903076172
1030,2.384397029876709,,19.287134408950806,0.015032768249511719
1031,2.4309194087982178,,19.305975675582886,0.0158388614654541
1032,2.4389305114746094,,19.323395013809204,0.015419483184814453
1033,2.418447494506836,,19.3413507938385,0.015954256057739258
1034,2.3982396125793457,,19.359858989715576,0.015505790710449219
1035,2.4231820106506348,,19.377991199493408,0.016023635864257812
1036,2.4068055152893066,,19.395453691482544,0.015460729598999023
1037,2.427130937576294,,19.413339376449585,0.015885591506958008
1038,2.4226701259613037,,19.43125295639038,0.015915393829345703
1039,2.4203152656555176,,19.44916033744812,0.016399383544921875
1040,2.3643484115600586,,19.467212677001953,0.016040802001953125
1041,2.3757359981536865,,19.483977556228638,0.015763044357299805
1042,2.390192985534668,,19.503044843673706,0.0160675048828125
1043,2.4595470428466797,,19.520066261291504,0.01501917839050293
1044,2.4153494834899902,,19.53786301612854,0.014718055725097656
1045,2.409872055053711,,19.555142641067505,0.01527714729309082
1046,2.4347214698791504,,19.573590993881226,0.015448331832885742
1047,2.3825979232788086,,19.591198921203613,0.015609025955200195
1048,2.363117218017578,,19.610122680664062,0.015797138214111328
1049,2.3819589614868164,,19.6278338432312,0.015675783157348633
1050,2.37021541595459,,19.645531177520752,0.015696287155151367
1051,2.337684154510498,,19.667522430419922,0.01999187469482422
1052,2.386533498764038,,19.68476891517639,0.014672517776489258
1053,2.3220863342285156,,19.704657316207886,0.016858339309692383
1054,2.386809825897217,,19.721710205078125,0.0160825252532959
1055,2.3811306953430176,,19.744657039642334,0.020941495895385742
1056,2.344132900238037,,19.761701822280884,0.015041112899780273
1057,2.3486204147338867,,19.780813694000244,0.017112255096435547
1058,2.3881030082702637,,19.802809953689575,0.02102065086364746
1059,2.361459255218506,,19.82087278366089,0.016030550003051758
1060,2.438856601715088,,19.838783264160156,0.015923500061035156
1061,2.3844008445739746,,19.857987880706787,0.016634702682495117
1062,2.3928184509277344,,19.874933004379272,0.014934539794921875
1063,2.3736939430236816,,19.892214059829712,0.01527857780456543
1064,2.3973388671875,,19.90996241569519,0.015749454498291016
1065,2.348388195037842,,19.9273681640625,0.01526021957397461
1066,2.3488245010375977,,19.94512939453125,0.015254974365234375
1067,2.377365827560425,,19.962761163711548,0.015633344650268555
1068,2.292057514190674,,19.984052181243896,0.01929020881652832
1069,2.345817804336548,,20.001819849014282,0.015767574310302734
1070,2.342172622680664,,20.018293380737305,0.014473438262939453
1071,2.3089489936828613,,20.037006378173828,0.016170263290405273
1072,2.3496079444885254,,20.055919885635376,0.01691436767578125
1073,2.3792905807495117,,20.07388138771057,0.014933109283447266
1074,2.2693772315979004,,20.091774702072144,0.015856266021728516
1075,2.2890186309814453,,20.109718799591064,0.014754295349121094
1076,2.279029607772827,,20.127241611480713,0.015485525131225586
1077,2.2891130447387695,,20.14491605758667,0.015167236328125
1078,2.339756965637207,,20.162911891937256,0.01599574089050293
1079,2.3676085472106934,,20.179712772369385,0.01480245590209961
1080,2.3005523681640625,,20.197640895843506,0.015923500061035156
1081,2.312098503112793,,20.215773344039917,0.015511512756347656
1082,2.3048152923583984,,20.23803448677063,0.02026081085205078
1083,2.3391458988189697,,20.25511908531189,0.016083955764770508
1084,2.2872965335845947,,20.27764892578125,0.021021366119384766
1085,2.379181385040283,,20.29618787765503,0.016035079956054688
1086,2.382465362548828,,20.31279706954956,0.014611005783081055
1087,2.316662311553955,,20.330759286880493,0.01595759391784668
1088,2.260692596435547,,20.349849700927734,0.016581296920776367
1089,2.3150200843811035,,20.366368293762207,0.015482664108276367
1090,2.252842426300049,,20.385592222213745,0.015555620193481445
1091,2.286731481552124,,20.402673959732056,0.015088319778442383
1092,2.3033366203308105,,20.420692205429077,0.015015602111816406
1093,2.2793710231781006,,20.438377141952515,0.014685392379760742
1094,2.288975715637207,,20.45721983909607,0.015239477157592773
1095,2.2588694095611572,,20.47379493713379,0.015575408935546875
1096,2.3267931938171387,,20.491959810256958,0.015061140060424805
1097,2.233926296234131,,20.50912356376648,0.015162944793701172
1098,2.306495189666748,,20.526926279067993,0.015418052673339844
1099,2.293999433517456,,20.54497480392456,0.016046524047851562
1100,2.271320104598999,0.9708704749743143,20.56453585624695,0.017560958862304688
1101,2.2386114597320557,,20.58158588409424,0.015079975128173828
1102,2.3280229568481445,,20.59977102279663,0.016185283660888672
1103,2.2624592781066895,,20.618425846099854,0.01661968231201172
1104,2.263617992401123,,20.64052152633667,0.02055954933166504
1105,2.297650098800659,,20.658849477767944,0.015156745910644531
1106,2.305300712585449,,20.67616105079651,0.015777587890625
1107,2.2838551998138428,,20.698285341262817,0.020123958587646484
1108,2.274869441986084,,20.716492652893066,0.015504121780395508
1109,2.2654569149017334,,20.734148263931274,0.0156552791595459
1110,2.244229316711426,,20.751688241958618,0.015504837036132812
1111,2.251936435699463,,20.769082069396973,0.015358686447143555
1112,2.2704763412475586,,20.787165641784668,0.014482975006103516
1113,2.346705436706543,,20.805281400680542,0.01555013656616211
1114,2.3006582260131836,,20.823310136795044,0.01602911949157715
1115,2.24713397026062,,20.839835166931152,0.014494657516479492
1116,2.2754578590393066,,20.858541250228882,0.015504121780395508
1117,2.2222161293029785,,20.875948190689087,0.015868663787841797
1118,2.227067232131958,,20.894103527069092,0.016152143478393555
1119,2.250457286834717,,20.915509939193726,0.020403623580932617
1120,2.2543387413024902,,20.93420958518982,0.01669621467590332
1121,2.3081421852111816,,20.955255270004272,0.018042802810668945
1122,2.22053861618042,,20.973309993743896,0.016057729721069336
1123,2.2058298587799072,,20.996235609054565,0.020751476287841797
1124,2.270259380340576,,21.014319896697998,0.016087055206298828
1125,2.277254581451416,,21.032522916793823,0.016206026077270508
1126,2.25811767578125,,21.051125526428223,0.015094518661499023
1127,2.2754061222076416,,21.068674087524414,0.014551401138305664
1128,2.264171838760376,,21.08769702911377,0.015512704849243164
1129,2.2094976902008057,,21.109829902648926,0.019633769989013672
1130,2.1911048889160156,,21.128814935684204,0.016627073287963867
1131,2.2022690773010254,,21.145551919937134,0.015235662460327148
1132,2.1955223083496094,,21.168652057647705,0.021118640899658203
1133,2.2307112216949463,,21.18881392478943,0.018657207489013672
1134,2.238997220993042,,21.21050000190735,0.019078731536865234
1135,2.203901529312134,,21.22818875312805,0.015686511993408203
1136,2.2255330085754395,,21.24571943283081,0.015022039413452148
1137,2.2133593559265137,,21.26380681991577,0.01608896255493164
1138,2.2204432487487793,,21.28302311897278,0.017219066619873047
1139,2.2126314640045166,,21.30010199546814,0.015072345733642578
1140,2.1775918006896973,,21.319135904312134,0.017025470733642578
1141,2.225996494293213,,21.33772611618042,0.01608562469482422
1142,2.19189453125,,21.360424041748047,0.020199060440063477
1143,2.2019686698913574,,21.378116130828857,0.015684127807617188
1144,2.200329303741455,,21.395312547683716,0.01519918441772461
1145,2.1849489212036133,,21.41750955581665,0.020200014114379883
1146,2.192359209060669,,21.43826699256897,0.01975870132446289
1147,2.20346736907959,,21.46157431602478,0.020798921585083008
1148,2.203857421875,,21.47977638244629,0.016204833984375
1149,2.1432137489318848,,21.498294353485107,0.01651453971862793
1150,2.1555538177490234,,21.51580834388733,0.016009092330932617
1151,2.206827163696289,,21.535553216934204,0.017742156982421875
1152,2.1809911727905273,,21.55265974998474,0.015109539031982422
1153,2.2455005645751953,,21.570772409439087,0.015115976333618164
1154,2.177769899368286,,21.58829689025879,0.01454925537109375
1155,2.1544175148010254,,21.612049341201782,0.020066261291503906
1156,2.188004732131958,,21.62977147102356,0.015725135803222656
1157,2.2710893154144287,,21.648442268371582,0.01716327667236328
1158,2.1975655555725098,,21.665526151657104,0.015579938888549805
1159,2.1971359252929688,,21.685664176940918,0.018140792846679688
1160,2.205519437789917,,21.707964181900024,0.020296812057495117
1161,2.1536824703216553,,21.72515296936035,0.014689207077026367
1162,2.110624074935913,,21.74320888519287,0.01608896255493164
1163,2.141547918319702,,21.760293006896973,0.015086889266967773
1164,2.1633639335632324,,21.77796983718872,0.015674114227294922
1165,2.19888973236084,,21.796016693115234,0.015547752380371094
1166,2.133903980255127,,21.814011335372925,0.016025066375732422
1167,2.166910171508789,,21.833035230636597,0.017024993896484375
1168,2.1609573364257812,,21.85366940498352,0.01912975311279297
1169,2.1761558055877686,,21.876085996627808,0.020417213439941406
1170,2.160954713821411,,21.893229722976685,0.015146732330322266
1171,2.2028520107269287,,21.90988850593567,0.014661312103271484
1172,2.1559884548187256,,21.92758822441101,0.01564192771911621
1173,2.183169364929199,,21.945282459259033,0.016694068908691406
1174,2.1562018394470215,,21.963430166244507,0.016150236129760742
1175,2.173258066177368,,21.98158621788025,0.0161590576171875
1176,2.175842761993408,,21.99910044670105,0.015516996383666992
1177,2.1972007751464844,,22.017120122909546,0.015515565872192383
1178,2.1990737915039062,,22.03476572036743,0.01564788818359375
1179,2.2039408683776855,,22.052796602249146,0.015027284622192383
1180,2.1334328651428223,,22.071945905685425,0.01614856719970703
1181,2.1638128757476807,,22.08840012550354,0.014414310455322266
1182,2.1745643615722656,,22.107786178588867,0.015542984008789062
1183,2.2870166301727295,,22.124983549118042,0.015195846557617188
1184,2.1679558753967285,,22.14221215248108,0.015198945999145508
1185,2.1692442893981934,,22.160399198532104,0.016186952590942383
1186,2.10481595993042,,22.178089380264282,0.015659809112548828
1187,2.187993049621582,,22.195390224456787,0.015269279479980469
1188,2.090839385986328,,22.213446855545044,0.01605677604675293
1189,2.1734731197357178,,22.23626184463501,0.02081465721130371
1190,2.1414573192596436,,22.252351999282837,0.015090227127075195
1191,2.082517147064209,,22.26989769935608,0.014548540115356445
1192,2.1268908977508545,,22.29330825805664,0.020249605178833008
1193,2.1045982837677,,22.31136178970337,0.016056060791015625
1194,2.1038050651550293,,22.328882455825806,0.015517950057983398
1195,2.1504242420196533,,22.346526861190796,0.015140295028686523
1196,2.115003824234009,,22.363643884658813,0.01512002944946289
1197,2.24219012260437,,22.38789701461792,0.02114415168762207
1198,2.127919912338257,,22.410120725631714,0.020217180252075195
1199,2.163928508758545,,22.427305459976196,0.015677213668823242
1200,2.1152162551879883,0.9774027665456136,22.446985244750977,0.01867985725402832
1201,2.1092467308044434,,22.4691379070282,0.02015542984008789
1202,2.0981664657592773,,22.491894006729126,0.020251750946044922
1203,2.081523895263672,,22.508438110351562,0.014547109603881836
1204,2.1006321907043457,,22.526575803756714,0.01562952995300293
1205,2.1600332260131836,,22.544137716293335,0.015564680099487305
1206,2.064565420150757,,22.562196731567383,0.016061782836914062
1207,2.1247541904449463,,22.579710960388184,0.015517473220825195
1208,2.118745803833008,,22.596896409988403,0.01567816734313965
1209,2.053997039794922,,22.615954399108887,0.017060279846191406
1210,2.086315155029297,,22.63881230354309,0.020668983459472656
1211,2.1100473403930664,,22.661532402038574,0.02021622657775879
1212,2.0927786827087402,,22.678723573684692,0.015684127807617188
1213,2.1327059268951416,,22.701598167419434,0.021317481994628906
1214,2.1026155948638916,,22.719112634658813,0.014517545700073242
1215,2.0601437091827393,,22.741258144378662,0.018638134002685547
1216,2.0321922302246094,,22.759743452072144,0.015518426895141602
1217,2.1247754096984863,,22.77776551246643,0.016515254974365234
1218,2.1439461708068848,,22.79484987258911,0.015087127685546875
1219,2.0927228927612305,,22.812944173812866,0.016097068786621094
1220,2.1075429916381836,,22.831066608428955,0.017124652862548828
1221,2.0729522705078125,,22.847357273101807,0.015290260314941406
1222,2.101320266723633,,22.866386651992798,0.016553163528442383
1223,2.1078975200653076,,22.888609647750854,0.02010798454284668
1224,2.0815582275390625,,22.91236138343811,0.020084619522094727
1225,2.04901123046875,,22.929818868637085,0.015460491180419922
1226,2.0705597400665283,,22.94703698158264,0.015214681625366211
1227,2.1038529872894287,,22.96511173248291,0.014568090438842773
1228,2.0753002166748047,,22.984829902648926,0.017744064331054688
1229,2.1158101558685303,,23.003885507583618,0.016088485717773438
1230,2.0584206581115723,,23.02194333076477,0.016060829162597656
1231,2.0620977878570557,,23.044771432876587,0.02083110809326172
1232,2.0474417209625244,,23.061925411224365,0.015156745910644531
1233,2.086954116821289,,23.079973220825195,0.016081571578979492
1234,2.090902805328369,,23.09770107269287,0.015719175338745117
1235,2.1287624835968018,,23.115720748901367,0.015520334243774414
1236,2.0974526405334473,,23.133978605270386,0.016104936599731445
1237,2.0585269927978516,,23.15151047706604,0.01602792739868164
1238,2.031956195831299,,23.169031143188477,0.015517950057983398
1239,2.070206642150879,,23.1897394657135,0.019206523895263672
1240,2.0287325382232666,,23.213253021240234,0.02138519287109375
1241,2.0795435905456543,,23.229937076568604,0.014687299728393555
1242,2.039052724838257,,23.248124361038208,0.016025543212890625
1243,2.0864405632019043,,23.26623773574829,0.016083955764770508
1244,2.0737290382385254,,23.28329563140869,0.015086889266967773
1245,2.0630064010620117,,23.301383018493652,0.015087604522705078
1246,2.0804076194763184,,23.31892228126526,0.015569210052490234
1247,2.043917179107666,,23.336547374725342,0.015063285827636719
1248,2.0109777450561523,,23.355836629867554,0.015726804733276367
1249,2.0482912063598633,,23.374147176742554,0.016280174255371094
1250,2.059074640274048,,23.39135503768921,0.015208244323730469
1251,2.042128086090088,,23.40904211997986,0.01568746566772461
1252,2.0597357749938965,,23.4262433052063,0.014602422714233398
1253,2.0163607597351074,,23.444032430648804,0.015759706497192383
1254,1.9879539012908936,,23.462034463882446,0.016031503677368164
1255,2.055731773376465,,23.479727745056152,0.01569223403930664
1256,2.037073850631714,,23.49788236618042,0.016585588455200195
1257,2.1022369861602783,,23.51589608192444,0.01601719856262207
1258,2.0214219093322754,,23.533132791519165,0.015265941619873047
1259,2.0867719650268555,,23.550792455673218,0.015093326568603516
1260,2.042762517929077,,23.56840753555298,0.014584541320800781
1261,2.0799667835235596,,23.586467504501343,0.014488458633422852
1262,2.0551371574401855,,23.604750633239746,0.014720916748046875
1263,2.0532033443450928,,23.62296724319458,0.015219926834106445
1264,2.1065521240234375,,23.641210317611694,0.016216278076171875
1265,1.9605973958969116,,23.65975546836853,0.016576290130615234
1266,2.0010786056518555,,23.677040338516235,0.015715599060058594
1267,2.0278491973876953,,23.694292306900024,0.016282320022583008
1268,1.9887216091156006,,23.71754813194275,0.021255016326904297
1269,2.0260965824127197,,23.73530411720276,0.016756296157836914
1270,1.975670576095581,,23.75338125228882,0.015074014663696289
1271,1.9931237697601318,,23.772424697875977,0.016045808792114258
1272,2.034702777862549,,23.790193796157837,0.015395164489746094
1273,2.015287399291992,,23.807883977890015,0.015636205673217773
1274,2.0556018352508545,,23.83045744895935,0.02048969268798828
1275,1.9874827861785889,,23.848870992660522,0.016382932662963867
1276,2.0109004974365234,,23.866897583007812,0.015821456909179688
1277,1.9746713638305664,,23.890342950820923,0.021616220474243164
1278,2.0145034790039062,,23.9100079536438,0.017515897750854492
1279,2.0686702728271484,,23.92780613899231,0.015680789947509766
1280,2.046745777130127,,23.94539785385132,0.01509237289428711
1281,2.003502368927002,,23.966549396514893,0.01915454864501953
1282,1.9730079174041748,,23.988792419433594,0.02024388313293457
1283,2.033125400543213,,24.006842136383057,0.015545368194580078
1284,2.0122628211975098,,24.02508020401001,0.016241073608398438
1285,2.01401424407959,,24.042639017105103,0.015562057495117188
1286,2.0340476036071777,,24.059688568115234,0.015052556991577148
1287,2.024270534515381,,24.07698345184326,0.015291690826416016
1288,1.9773368835449219,,24.09419536590576,0.015213489532470703
1289,2.013914108276367,,24.11121416091919,0.015021800994873047
1290,2.010704517364502,,24.133317470550537,0.020103931427001953
1291,2.056129217147827,,24.152953624725342,0.01713395118713379
1292,2.0213370323181152,,24.16996955871582,0.015018701553344727
1293,1.990561604499817,,24.194190979003906,0.021213531494140625
1294,1.975595474243164,,24.214356184005737,0.018167495727539062
1295,2.0148744583129883,,24.232551097869873,0.016197681427001953
1296,2.0378947257995605,,24.249802112579346,0.015254020690917969
1297,2.058643341064453,,24.268419981002808,0.016516923904418945
1298,2.02400541305542,,24.2868812084198,0.01595306396484375
1299,2.0001304149627686,,24.304213762283325,0.015334606170654297
1300,2.0107429027557373,0.9786384304364523,24.32432460784912,0.01707744598388672
1301,1.9808425903320312,,24.34206247329712,0.015740156173706055
1302,2.0189619064331055,,24.364166259765625,0.020108938217163086
1303,2.0014290809631348,,24.38240957260132,0.015082120895385742
1304,1.962185025215149,,24.400651931762695,0.01624441146850586
1305,1.9518425464630127,,24.4182231426239,0.015539407730102539
1306,2.0135717391967773,,24.438979864120483,0.019252300262451172
1307,2.0102920532226562,,24.45706820487976,0.015584945678710938
1308,1.976911187171936,,24.475406646728516,0.016341209411621094
1309,2.017446756362915,,24.496975660324097,0.020598649978637695
1310,1.961862564086914,,24.514068365097046,0.015095710754394531
1311,2.0007998943328857,,24.532268285751343,0.016202926635742188
1312,1.9442998170852661,,24.551164388656616,0.01586604118347168
1313,1.946136474609375,,24.56868076324463,0.01551365852355957
1314,1.9581384658813477,,24.585758209228516,0.014574766159057617
1315,1.9241807460784912,,24.603845834732056,0.015120506286621094
1316,1.9281063079833984,,24.622846603393555,0.01603531837463379
1317,1.949628472328186,,24.640151500701904,0.015307426452636719
1318,1.9816324710845947,,24.657671451568604,0.015512466430664062
1319,1.9772096872329712,,24.67468786239624,0.014517784118652344
1320,1.9943288564682007,,24.693711280822754,0.016024112701416016
1321,1.965745210647583,,24.71107769012451,0.015369176864624023
1322,1.9412349462509155,,24.72995686531067,0.016876697540283203
1323,1.9423226118087769,,24.748274564743042,0.016022443771362305
1324,1.9551963806152344,,24.76629662513733,0.016518354415893555
1325,1.9226573705673218,,24.78392004966736,0.015623807907104492
1326,1.9132764339447021,,24.801944732666016,0.015027761459350586
1327,1.9600892066955566,,24.819961071014404,0.015018701553344727
1328,1.9395334720611572,,24.843055725097656,0.020087003707885742
1329,1.9300622940063477,,24.861079216003418,0.01602625846862793
1330,1.998979091644287,,24.882316827774048,0.01923513412475586
1331,1.9452846050262451,,24.901371955871582,0.017058134078979492
1332,1.9560432434082031,,24.92241072654724,0.019073963165283203
1333,1.9700416326522827,,24.941009283065796,0.015601396560668945
1334,1.962660551071167,,24.958714723587036,0.01570296287536621
1335,1.9429328441619873,,24.97593903541565,0.015688657760620117
1336,1.9127233028411865,,24.99402165412903,0.016051054000854492
1337,1.8923687934875488,,25.011009216308594,0.014988422393798828
1338,1.918981909751892,,25.02857518196106,0.015530586242675781
1339,1.907572865486145,,25.047196865081787,0.016051530838012695
1340,1.9881587028503418,,25.065293312072754,0.017096757888793945
1341,1.9855082035064697,,25.082319259643555,0.015053033828735352
1342,1.8949450254440308,,25.100393056869507,0.016043424606323242
1343,1.985874056816101,,25.117910146713257,0.015485286712646484
1344,1.9002354145050049,,25.134997844696045,0.01451563835144043
1345,1.9472732543945312,,25.153562307357788,0.015024185180664062
1346,1.9370049238204956,,25.171781063079834,0.015188217163085938
1347,1.9269169569015503,,25.189767360687256,0.014979839324951172
1348,1.920362949371338,,25.208312511444092,0.015508413314819336
1349,1.9309855699539185,,25.225399494171143,0.015552997589111328
1350,1.9174559116363525,,25.24295425415039,0.015550374984741211
1351,1.9259777069091797,,25.26050591468811,0.015522003173828125
1352,1.9468445777893066,,25.278043746948242,0.015505552291870117
1353,2.0068535804748535,,25.296523571014404,0.015913724899291992
1354,1.932743787765503,,25.31454825401306,0.016025066375732422
1355,1.9073011875152588,,25.33261775970459,0.016070127487182617
1356,1.9337105751037598,,25.34998321533203,0.0153656005859375
1357,1.886037826538086,,25.368043661117554,0.015025615692138672
1358,1.9211426973342896,,25.386125326156616,0.014481067657470703
1359,1.9232656955718994,,25.40509009361267,0.015933752059936523
1360,1.9773359298706055,,25.422827005386353,0.015764474868774414
1361,1.9017959833145142,,25.441365003585815,0.015538215637207031
1362,1.8894636631011963,,25.459151029586792,0.01579880714416504
1363,1.9902715682983398,,25.47691059112549,0.0162203311920166
1364,1.8552470207214355,,25.498769760131836,0.020829200744628906
1365,1.8893368244171143,,25.516885995864868,0.01551675796508789
1366,1.9082698822021484,,25.53437566757202,0.015485286712646484
1367,1.9228713512420654,,25.552961587905884,0.016077518463134766
1368,1.900202989578247,,25.570685386657715,0.014726400375366211
1369,1.9911950826644897,,25.588922023773193,0.015232324600219727
1370,1.9053643941879272,,25.60694456100464,0.01492619514465332
1371,1.9247071743011475,,25.62505531311035,0.016112089157104492
1372,1.9045376777648926,,25.642501831054688,0.01544809341430664
1373,1.91725492477417,,25.6600079536438,0.01650547981262207
1374,1.8735162019729614,,25.67697763442993,0.015658855438232422
1375,1.897913932800293,,25.69407057762146,0.0150909423828125
1376,1.9324166774749756,,25.712895154953003,0.0158236026763916
1377,1.8942357301712036,,25.735618591308594,0.020724058151245117
1378,1.8792524337768555,,25.758410215377808,0.02028346061706543
1379,1.8957511186599731,,25.77722978591919,0.015311717987060547
1380,1.8558056354522705,,25.794601678848267,0.014863729476928711
1381,1.8718737363815308,,25.8130362033844,0.016283273696899414
1382,1.905588150024414,,25.830764532089233,0.01573014259338379
1383,1.8702392578125,,25.847980737686157,0.015217065811157227
1384,1.9014265537261963,,25.86708426475525,0.017103910446166992
1385,1.9153684377670288,,25.889108657836914,0.021025657653808594
1386,1.9590508937835693,,25.906963348388672,0.014780998229980469
1387,1.890981912612915,,25.924694299697876,0.015729188919067383
1388,1.9393943548202515,,25.942633867263794,0.0149383544921875
1389,1.9551997184753418,,25.961296796798706,0.016662120819091797
1390,1.8630077838897705,,25.978756189346313,0.015457391738891602
1391,1.908862590789795,,25.99618101119995,0.015887737274169922
1392,1.849313735961914,,26.014744520187378,0.016559362411499023
1393,1.9282324314117432,,26.032920837402344,0.01617717742919922
1394,1.8822972774505615,,26.05596137046814,0.021041154861450195
1395,1.9242353439331055,,26.073535680770874,0.015572786331176758
1396,1.8750413656234741,,26.090983629226685,0.015368461608886719
1397,1.891495704650879,,26.108701705932617,0.014719963073730469
1398,1.887756586074829,,26.12722682952881,0.016516447067260742
1399,1.8751592636108398,,26.145105838775635,0.015377283096313477
1400,1.8715802431106567,0.9843305746714274,26.165165662765503,0.018062829971313477
1401,1.9091238975524902,,26.183257818222046,0.017093181610107422
1402,1.8773994445800781,,26.20027804374695,0.015022993087768555
1403,1.8900010585784912,,26.21881890296936,0.015508890151977539
1404,1.87040376663208,,26.23687195777893,0.015512466430664062
1405,1.8636373281478882,,26.254653215408325,0.016211509704589844
1406,1.9192535877227783,,26.278671979904175,0.021003007888793945
1407,1.8908851146697998,,26.296574592590332,0.01636528968811035
1408,1.8967044353485107,,26.314600706100464,0.016025543212890625
1409,1.881761908531189,,26.33289337158203,0.016292572021484375
1410,1.8700811862945557,,26.349785089492798,0.01588892936706543
1411,1.856419563293457,,26.367857694625854,0.015024900436401367
1412,1.9240636825561523,,26.385966777801514,0.015021800994873047
1413,1.906445860862732,,26.404239416122437,0.015273094177246094
1414,1.81724214553833,,26.42183756828308,0.015598058700561523
1415,1.8606979846954346,,26.439974069595337,0.015137195587158203
1416,1.8629121780395508,,26.45708441734314,0.015106916427612305
1417,1.8533003330230713,,26.47497272491455,0.015886545181274414
1418,1.945918083190918,,26.49270462989807,0.015732288360595703
1419,1.9350786209106445,,26.510923862457275,0.01621723175048828
1420,1.8594378232955933,,26.52794885635376,0.015028238296508789
1421,1.8760716915130615,,26.546976804733276,0.017029285430908203
1422,1.8884243965148926,,26.56900119781494,0.02002573013305664
1423,1.8685232400894165,,26.58715534210205,0.015021562576293945
1424,1.7991828918457031,,26.605688095092773,0.015533208847045898
1425,1.888026475906372,,26.62395167350769,0.015263795852661133
1426,1.8802311420440674,,26.640987873077393,0.015038013458251953
1427,1.8642237186431885,,26.659117937088013,0.015131711959838867
1428,1.821065902709961,,26.676720142364502,0.015509366989135742
1429,1.8650550842285156,,26.694819450378418,0.016099214553833008
1430,1.8131288290023804,,26.712181329727173,0.015363454818725586
1431,1.7974765300750732,,26.72969150543213,0.015509366989135742
1432,1.86358642578125,,26.748993396759033,0.0160830020904541
1433,1.8129515647888184,,26.766671657562256,0.01667952537536621
1434,1.8915722370147705,,26.78381609916687,0.015143394470214844
1435,1.8309166431427002,,26.80235481262207,0.015540838241577148
1436,1.871788501739502,,26.82096242904663,0.015605449676513672
1437,1.880478024482727,,26.83837366104126,0.015407085418701172
1438,1.8379427194595337,,26.857528686523438,0.015630722045898438
1439,1.8253909349441528,,26.883063077926636,0.02303028106689453
1440,1.895711898803711,,26.89969229698181,0.01662921905517578
1441,1.8569142818450928,,26.917746782302856,0.016050338745117188
1442,1.885387659072876,,26.93700098991394,0.017252445220947266
1443,1.818726658821106,,26.95857048034668,0.020066499710083008
1444,1.8042447566986084,,26.976005792617798,0.014926671981811523
1445,1.8708164691925049,,26.993478775024414,0.015471220016479492
1446,1.8330732583999634,,27.01674222946167,0.02126002311706543
1447,1.8916590213775635,,27.032835960388184,0.016093730926513672
1448,1.7892543077468872,,27.05339241027832,0.017557859420776367
1449,1.8203150033950806,,27.0722758769989,0.01688694953918457
1450,1.9091567993164062,,27.09124493598938,0.01696920394897461
1451,1.873143196105957,,27.114880800247192,0.021635770797729492
1452,1.8505215644836426,,27.13295865058899,0.018077850341796875
1453,1.8063640594482422,,27.15004801750183,0.015091896057128906
1454,1.8616948127746582,,27.168837070465088,0.015513181686401367
1455,1.8057665824890137,,27.186889171600342,0.01654982566833496
1456,1.769099473953247,,27.20495319366455,0.016066789627075195
1457,1.7325190305709839,,27.222038507461548,0.015087604522705078
1458,1.8434700965881348,,27.245551109313965,0.020512819290161133
1459,1.8234753608703613,,27.261634826660156,0.015083789825439453
1460,1.818472981452942,,27.27910351753235,0.015471935272216797
1461,1.8420259952545166,,27.297049283981323,0.01593470573425293
1462,1.801494836807251,,27.315786600112915,0.016736984252929688
1463,1.810221791267395,,27.333836317062378,0.016048192977905273
1464,1.8533424139022827,,27.35735845565796,0.022523880004882812
1465,1.8052111864089966,,27.372384548187256,0.015026092529296875
1466,1.8181856870651245,,27.390433073043823,0.016016006469726562
1467,1.8137532472610474,,27.408974647521973,0.015539884567260742
1468,1.820317268371582,,27.425918340682983,0.015407800674438477
1469,1.8028091192245483,,27.443805694580078,0.014883279800415039
1470,1.8403810262680054,,27.462082862854004,0.016245603561401367
1471,1.838843822479248,,27.484068632125854,0.01998591423034668
1472,1.8174138069152832,,27.502108812332153,0.01601123809814453
1473,1.8247590065002441,,27.519043922424316,0.014967203140258789
1474,1.8254586458206177,,27.53694987297058,0.014895439147949219
1475,1.8151954412460327,,27.55563735961914,0.01559138298034668
1476,1.7975523471832275,,27.574657440185547,0.01602315902709961
1477,1.8040595054626465,,27.596669673919678,0.02101445198059082
1478,1.8198566436767578,,27.61469554901123,0.016028642654418945
1479,1.8168787956237793,,27.632718563079834,0.016024112701416016
1480,1.8210337162017822,,27.651792764663696,0.017077207565307617
1481,1.8182915449142456,,27.67378520965576,0.019992828369140625
1482,1.7642741203308105,,27.69287896156311,0.01609659194946289
1483,1.8062998056411743,,27.710964679718018,0.016088485717773438
1484,1.7857688665390015,,27.728517532348633,0.015550374984741211
1485,1.7747361660003662,,27.7471764087677,0.016150474548339844
1486,1.8033192157745361,,27.764196634292603,0.016021251678466797
1487,1.848376989364624,,27.787108182907104,0.020914316177368164
1488,1.7810739278793335,,27.805132389068604,0.016025543212890625
1489,1.80936598777771,,27.8231782913208,0.015048742294311523
1490,1.8082623481750488,,27.840705394744873,0.015530109405517578
1491,1.7774443626403809,,27.858227729797363,0.01452016830444336
1492,1.7508084774017334,,27.877252101898193,0.01651620864868164
1493,1.7492948770523071,,27.894705057144165,0.014950990676879883
1494,1.790642261505127,,27.912809371948242,0.01609969139099121
1495,1.8023977279663086,,27.929840087890625,0.015030145645141602
1496,1.782599925994873,,27.94812321662903,0.01623249053955078
1497,1.7972667217254639,,27.966188192367554,0.01606464385986328
1498,1.7625548839569092,,27.984370708465576,0.01618194580078125
1499,1.807328701019287,,28.002488613128662,0.016090869903564453
1500,1.751558542251587,0.9838716983795166,28.02154850959778,0.01709127426147461
1501,1.780683159828186,,28.03964924812317,0.016081809997558594
1502,1.7740103006362915,,28.056736707687378,0.015514135360717773
1503,1.7886731624603271,,28.07552671432495,0.01578688621520996
1504,1.7637381553649902,,28.09212613105774,0.014599084854125977
1505,1.8080999851226807,,28.11118173599243,0.016059160232543945
1506,1.76383638381958,,28.128273010253906,0.01509547233581543
1507,1.7694005966186523,,28.146717309951782,0.0159299373626709
1508,1.8166346549987793,,28.165218591690063,0.016504764556884766
1509,1.7372941970825195,,28.183281898498535,0.016068220138549805
1510,1.74862539768219,,28.200332164764404,0.015079021453857422
1511,1.7535021305084229,,28.218899726867676,0.015535116195678711
1512,1.7382867336273193,,28.23648428916931,0.015512228012084961
1513,1.7571773529052734,,28.254703521728516,0.015653610229492188
1514,1.824498176574707,,28.272780179977417,0.015075445175170898
1515,1.7732003927230835,,28.291796445846558,0.016048431396484375
1516,1.759995698928833,,28.30827045440674,0.01547384262084961
1517,1.7601889371871948,,28.32683038711548,0.01601719856262207
1518,1.7624568939208984,,28.343887329101562,0.015057086944580078
1519,1.7954802513122559,,28.361934900283813,0.01604771614074707
1520,1.7404966354370117,,28.379850149154663,0.0159149169921875
1521,1.7867813110351562,,28.39839220046997,0.016501665115356445
1522,1.7514601945877075,,28.415416955947876,0.015519142150878906
1523,1.819576382637024,,28.433330535888672,0.015883684158325195
1524,1.7869700193405151,,28.451382398605347,0.015021324157714844
1525,1.7957658767700195,,28.470463752746582,0.01604628562927246
1526,1.7985799312591553,,28.493905067443848,0.021409034729003906
1527,1.7784110307693481,,28.510915756225586,0.016019105911254883
1528,1.7736499309539795,,28.52841854095459,0.015505790710449219
1529,1.7658792734146118,,28.545990228652954,0.016037702560424805
1530,1.7506585121154785,,28.563977241516113,0.01595616340637207
1531,1.7686491012573242,,28.580992460250854,0.015016317367553711
1532,1.7769248485565186,,28.59993886947632,0.01690959930419922
1533,1.8176157474517822,,28.617106676101685,0.015128135681152344
1534,1.7239855527877808,,28.635185956954956,0.015050888061523438
1535,1.726684331893921,,28.654296398162842,0.01607036590576172
1536,1.7357940673828125,,28.672338724136353,0.016057252883911133
1537,1.7758557796478271,,28.693260192871094,0.0189208984375
1538,1.764581322669983,,28.708736419677734,0.015476226806640625
1539,1.708336353302002,,28.726850509643555,0.015514135360717773
1540,1.745201587677002,,28.74477243423462,0.01592230796813965
1541,1.7714817523956299,,28.761755228042603,0.014985084533691406
1542,1.7668883800506592,,28.78015422821045,0.016369104385375977
1543,1.7571940422058105,,28.797992706298828,0.01583242416381836
1544,1.803046464920044,,28.815803050994873,0.015822887420654297
1545,1.7495334148406982,,28.833797454833984,0.014989137649536133
1546,1.723772644996643,,28.857211589813232,0.02137923240661621
1547,1.7569608688354492,,28.874237298965454,0.016055583953857422
1548,1.7199909687042236,,28.892765045166016,0.01652240753173828
1549,1.7882133722305298,,28.913506507873535,0.018746614456176758
1550,1.6897475719451904,,28.931483030319214,0.015944719314575195
1551,1.7385722398757935,,28.950572967529297,0.017054319381713867
1552,1.7247474193572998,,28.968082666397095,0.01547694206237793
1553,1.740675449371338,,28.98619556427002,0.015544414520263672
1554,1.7449848651885986,,29.00975012779236,0.02154827117919922
1555,1.7196273803710938,,29.024792671203613,0.014515161514282227
1556,1.7433011531829834,,29.04291296005249,0.016089439392089844
1557,1.7754842042922974,,29.059812545776367,0.014900684356689453
1558,1.7578599452972412,,29.07700228691101,0.015152454376220703
1559,1.7832965850830078,,29.094614028930664,0.015581846237182617
1560,1.7758991718292236,,29.11267352104187,0.015969038009643555
1561,1.755130410194397,,29.130184650421143,0.016507863998413086
1562,1.7579076290130615,,29.148298501968384,0.016543149948120117
1563,1.7399768829345703,,29.165321588516235,0.015518903732299805
1564,1.7234761714935303,,29.18343424797058,0.0160830020904541
1565,1.737668514251709,,29.201148986816406,0.015714645385742188
1566,1.7414538860321045,,29.220017194747925,0.015868425369262695
1567,1.7370378971099854,,29.238261699676514,0.01623845100402832
1568,1.6539549827575684,,29.257381916046143,0.01651167869567871
1569,1.785787582397461,,29.280972719192505,0.021053791046142578
1570,1.7420494556427002,,29.29844641685486,0.015505790710449219
1571,1.7684195041656494,,29.31697654724121,0.015987634658813477
1572,1.7544529438018799,,29.336137294769287,0.017131567001342773
1573,1.757077932357788,,29.354251623153687,0.016116857528686523
1574,1.7392549514770508,,29.378276824951172,0.022024869918823242
1575,1.73963463306427,,29.39638352394104,0.016556978225708008
1576,1.7532591819763184,,29.414403676986694,0.01602482795715332
1577,1.7471067905426025,,29.432454824447632,0.016019582748413086
1578,1.7629618644714355,,29.4499990940094,0.015545129776000977
1579,1.7034997940063477,,29.467225313186646,0.01519012451171875
1580,1.7246383428573608,,29.485445976257324,0.015964269638061523
1581,1.74184250831604,,29.5031099319458,0.014666318893432617
1582,1.7050237655639648,,29.521864891052246,0.015753507614135742
1583,1.7189277410507202,,29.539002656936646,0.015140533447265625
1584,1.7564890384674072,,29.556875944137573,0.015503883361816406
1585,1.7762824296951294,,29.574480772018433,0.015603065490722656
1586,1.7257144451141357,,29.59157109260559,0.015085458755493164
1587,1.770446538925171,,29.610597372055054,0.016022920608520508
1588,1.6720304489135742,,29.62721276283264,0.014607667922973633
1589,1.6884773969650269,,29.644869804382324,0.015154361724853516
1590,1.7252042293548584,,29.66289734840393,0.016028404235839844
1591,1.7523273229599,,29.680021047592163,0.01512598991394043
1592,1.7685437202453613,,29.699903964996338,0.017874956130981445
1593,1.7519335746765137,,29.717227458953857,0.015150070190429688
1594,1.7116706371307373,,29.73544406890869,0.01571059226989746
1595,1.7243989706039429,,29.75347328186035,0.015026569366455078
1596,1.7350826263427734,,29.771494388580322,0.016021013259887695
1597,1.7300275564193726,,29.794615745544434,0.021121978759765625
1598,1.6559092998504639,,29.811665534973145,0.015043497085571289
1599,1.7758724689483643,,29.829771041870117,0.01610565185546875
1600,1.7369704246520996,0.9876714547475179,29.848939418792725,0.017131567001342773
1601,1.6834073066711426,,29.865994453430176,0.0155181884765625
1602,1.6412978172302246,,29.88419270515442,0.01602768898010254
1603,1.7308542728424072,,29.902416467666626,0.015194177627563477
1604,1.754469394683838,,29.92046070098877,0.015044450759887695
1605,1.6684064865112305,,29.939138650894165,0.01564621925354004
1606,1.7451704740524292,,29.956934690475464,0.01568460464477539
1607,1.7291330099105835,,29.97501254081726,0.016048431396484375
1608,1.7002818584442139,,29.997028589248657,0.020016193389892578
1609,1.6779074668884277,,30.013947010040283,0.01491403579711914
1610,1.6976635456085205,,30.03272843360901,0.016747713088989258
1611,1.6655523777008057,,30.050209999084473,0.01548147201538086
1612,1.7013869285583496,,30.067729949951172,0.015484094619750977
1613,1.6601641178131104,,30.085519552230835,0.015759706497192383
1614,1.6930780410766602,,30.10367703437805,0.015124320983886719
1615,1.679722785949707,,30.121875286102295,0.015159368515014648
1616,1.7650628089904785,,30.13998532295227,0.016117334365844727
1617,1.7187564373016357,,30.15744161605835,0.015286922454833984
1618,1.7141146659851074,,30.175721645355225,0.015744686126708984
1619,1.6864473819732666,,30.198857069015503,0.021161794662475586
1620,1.7073478698730469,,30.220396757125854,0.01999354362487793
1621,1.696781873703003,,30.243669033050537,0.020261764526367188
1622,1.7213785648345947,,30.2607421875,0.015075206756591797
1623,1.7496633529663086,,30.278386116027832,0.01564168930053711
1624,1.6758991479873657,,30.29643487930298,0.016544342041015625
1625,1.6782338619232178,,30.314499378204346,0.0160675048828125
1626,1.6909410953521729,,30.33183455467224,0.015349388122558594
1627,1.6642684936523438,,30.351905584335327,0.01810908317565918
1628,1.7218986749649048,,30.37013530731201,0.015193700790405273
1629,1.6449743509292603,,30.38765788078308,0.014514923095703125
1630,1.7161190509796143,,30.411397457122803,0.02008056640625
1631,1.6242690086364746,,30.428343534469604,0.014942646026611328
1632,1.6976377964019775,,30.446500301361084,0.01564931869506836
1633,1.6834768056869507,,30.464672803878784,0.016175031661987305
1634,1.7011702060699463,,30.48189687728882,0.015227079391479492
1635,1.7483208179473877,,30.499916076660156,0.015052318572998047
1636,1.6854610443115234,,30.522976875305176,0.021052837371826172
1637,1.7306894063949585,,30.539688110351562,0.015711545944213867
1638,1.6886452436447144,,30.556788682937622,0.015531778335571289
1639,1.6521573066711426,,30.573904752731323,0.015119075775146484
1640,1.702109932899475,,30.5909903049469,0.015119314193725586
1641,1.6646575927734375,,30.610162019729614,0.0160219669342041
1642,1.6951954364776611,,30.627681732177734,0.01651453971862793
1643,1.7141058444976807,,30.645859241485596,0.015677928924560547
1644,1.662679672241211,,30.66394543647766,0.01608896255493164
1645,1.6951231956481934,,30.681179523468018,0.015236854553222656
1646,1.6756104230880737,,30.700665950775146,0.017483949661254883
1647,1.7043702602386475,,30.718183040618896,0.014515399932861328
1648,1.662955641746521,,30.740814685821533,0.01912379264831543
1649,1.6471649408340454,,30.758328676223755,0.015511512756347656
1650,1.6940555572509766,,30.77645230293274,0.015615701675415039
1651,1.6419966220855713,,30.794472217559814,0.016022443771362305
1652,1.6484742164611816,,30.817089796066284,0.020620346069335938
1653,1.6408264636993408,,30.833100080490112,0.01501011848449707
1654,1.6762523651123047,,30.854791402816772,0.018692493438720703
1655,1.7146506309509277,,30.873046875,0.015258073806762695
1656,1.6882641315460205,,30.891263246536255,0.016219139099121094
1657,1.6850643157958984,,30.913316249847412,0.020082473754882812
1658,1.6635537147521973,,30.930548906326294,0.015235662460327148
1659,1.6413609981536865,,30.950851440429688,0.018300294876098633
1660,1.682269811630249,,30.97292971611023,0.020070314407348633
1661,1.6832042932510376,,30.996312856674194,0.020242691040039062
1662,1.6944074630737305,,31.01339626312256,0.01508641242980957
1663,1.6509687900543213,,31.031593084335327,0.01620316505432129
1664,1.7137272357940674,,31.050607919692993,0.01601719856262207
1665,1.6606981754302979,,31.067636728286743,0.015021324157714844
1666,1.7157062292099,,31.08654284477234,0.0164031982421875
1667,1.661874771118164,,31.108725786209106,0.02018570899963379
1668,1.6837842464447021,,31.126924753189087,0.01669764518737793
1669,1.6421922445297241,,31.145118236541748,0.016196250915527344
1670,1.669313907623291,,31.166661024093628,0.01954197883605957
1671,1.6737117767333984,,31.185741662979126,0.017075061798095703
1672,1.6763513088226318,,31.202970027923584,0.015228509902954102
1673,1.7096707820892334,,31.221031427383423,0.015058755874633789
1674,1.640688180923462,,31.244250535964966,0.020221710205078125
1675,1.6349536180496216,,31.262339115142822,0.016091346740722656
1676,1.6539963483810425,,31.28004741668701,0.015711307525634766
1677,1.6787800788879395,,31.298820734024048,0.015512704849243164
1678,1.6807587146759033,,31.316845178604126,0.01652240753173828
1679,1.6430583000183105,,31.334899425506592,0.015057086944580078
1680,1.6723341941833496,,31.356019258499146,0.019122600555419922
1681,1.6235419511795044,,31.374300003051758,0.015283346176147461
1682,1.6840999126434326,,31.391541957855225,0.015244483947753906
1683,1.665480375289917,,31.4090576171875,0.015518426895141602
1684,1.6718127727508545,,31.426170587539673,0.01460886001586914
1685,1.6611566543579102,,31.444616317749023,0.016446352005004883
1686,1.6898915767669678,,31.46370792388916,0.017092227935791016
1687,1.6582179069519043,,31.48179268836975,0.016080141067504883
1688,1.6599845886230469,,31.49908423423767,0.015290260314941406
1689,1.6809616088867188,,31.516135454177856,0.01448369026184082
1690,1.6684701442718506,,31.534358263015747,0.015192031860351562
1691,1.6524200439453125,,31.55195665359497,0.014597654342651367
1692,1.6335821151733398,,31.569969177246094,0.014981508255004883
1693,1.6448235511779785,,31.58842706680298,0.015419483184814453
1694,1.6226890087127686,,31.606512308120728,0.015514373779296875
1695,1.6257858276367188,,31.624648094177246,0.016165733337402344
1696,1.672929286956787,,31.641636610031128,0.014988899230957031
1697,1.6383907794952393,,31.659878492355347,0.016070842742919922
1698,1.6048035621643066,,31.67806053161621,0.016613245010375977
1699,1.683877944946289,,31.699707984924316,0.020644426345825195
1700,1.6268174648284912,0.9867128928502401,31.72496199607849,0.023104429244995117
1701,1.5955331325531006,,31.741486310958862,0.015524148941040039
1702,1.673804759979248,,31.757996797561646,0.014478206634521484
1703,1.5957156419754028,,31.77746081352234,0.015894651412963867
1704,1.6477643251419067,,31.79848623275757,0.020017385482788086
1705,1.6188114881515503,,31.818254709243774,0.01720261573791504
1706,1.5964388847351074,,31.840056657791138,0.0202639102935791
1707,1.6240060329437256,,31.863246202468872,0.020044565200805664
1708,1.6567187309265137,,31.885464191436768,0.020221233367919922
1709,1.6376817226409912,,31.903861045837402,0.015406608581542969
1710,1.6289358139038086,,31.921696424484253,0.014835357666015625
1711,1.6170282363891602,,31.940200567245483,0.015358209609985352
1712,1.6855640411376953,,31.963407278060913,0.021094799041748047
1713,1.6502443552017212,,31.982598543167114,0.017194271087646484
1714,1.6510716676712036,,31.999813318252563,0.015188455581665039
1715,1.6152517795562744,,32.019118309020996,0.017301321029663086
1716,1.6996233463287354,,32.037209272384644,0.015430212020874023
1717,1.6798312664031982,,32.05480456352234,0.015093803405761719
1718,1.6022729873657227,,32.0728919506073,0.015090465545654297
1719,1.6578856706619263,,32.0909481048584,0.016059160232543945
1720,1.6458452939987183,,32.10768961906433,0.01457357406616211
1721,1.663712739944458,,32.125510692596436,0.015353918075561523
1722,1.621983289718628,,32.14328932762146,0.015781641006469727
1723,1.6209969520568848,,32.15983486175537,0.014548540115356445
1724,1.6387723684310913,,32.18327856063843,0.021242856979370117
1725,1.611653447151184,,32.199944734573364,0.016666173934936523
1726,1.5899823904037476,,32.21910333633423,0.016016006469726562
1727,1.6213961839675903,,32.24143576622009,0.01982736587524414
1728,1.6241357326507568,,32.25895619392395,0.015517234802246094
1729,1.6609270572662354,,32.2771360874176,0.015674829483032227
1730,1.6524312496185303,,32.2952196598053,0.016086339950561523
1731,1.6064848899841309,,32.31295657157898,0.01573967933654785
1732,1.5936179161071777,,32.331167697906494,0.01620316505432129
1733,1.6670360565185547,,32.34881782531738,0.015654325485229492
1734,1.6880393028259277,,32.3658766746521,0.015522956848144531
1735,1.632964849472046,,32.383891105651855,0.014888525009155273
1736,1.6430237293243408,,32.401066064834595,0.015204429626464844
1737,1.5977085828781128,,32.41970729827881,0.015612602233886719
1738,1.625279426574707,,32.43655180931091,0.014808177947998047
1739,1.676830530166626,,32.45523238182068,0.015175342559814453
1740,1.6539744138717651,,32.472254514694214,0.015024423599243164
1741,1.6612329483032227,,32.49135088920593,0.016021013259887695
1742,1.609682559967041,,32.513405084609985,0.021056652069091797
1743,1.6198203563690186,,32.530038356781006,0.0146331787109375
1744,1.632860541343689,,32.54837369918823,0.01499032974243164
1745,1.5916094779968262,,32.56642961502075,0.015482187271118164
1746,1.6593681573867798,,32.58457279205322,0.01598358154296875
1747,1.58400297164917,,32.60270667076111,0.01613140106201172
1748,1.5989712476730347,,32.620256662368774,0.01454925537109375
1749,1.5813407897949219,,32.637606620788574,0.015343189239501953
1750,1.5783127546310425,,32.6623911857605,0.02127361297607422
1751,1.6213035583496094,,32.6790828704834,0.015693187713623047
1752,1.6232883930206299,,32.69723391532898,0.015646696090698242
1753,1.6274343729019165,,32.720919609069824,0.02118396759033203
1754,1.5863802433013916,,32.743714809417725,0.020792722702026367
1755,1.649902582168579,,32.760801553726196,0.01508951187133789
1756,1.5738341808319092,,32.78085923194885,0.01805567741394043
1757,1.6024267673492432,,32.797409772872925,0.016550540924072266
1758,1.592464566230774,,32.81546092033386,0.017056941986083984
1759,1.6397640705108643,,32.83263039588928,0.015162944793701172
1760,1.6090235710144043,,32.850221157073975,0.015586137771606445
1761,1.5770726203918457,,32.86884880065918,0.015618324279785156
1762,1.5995850563049316,,32.88668489456177,0.015507698059082031
1763,1.6210379600524902,,32.904892444610596,0.016208410263061523
1764,1.662765622138977,,32.92220163345337,0.015332698822021484
1765,1.6583281755447388,,32.94620442390442,0.020817041397094727
1766,1.6213034391403198,,32.96342897415161,0.015227317810058594
1767,1.6240723133087158,,32.98254895210266,0.017163991928100586
1768,1.6430354118347168,,33.000633001327515,0.015087127685546875
1769,1.6627254486083984,,33.0181565284729,0.015519380569458008
1770,1.582629919052124,,33.03642416000366,0.014681339263916016
1771,1.6210448741912842,,33.05498003959656,0.016564369201660156
1772,1.585407018661499,,33.07357478141785,0.01559758186340332
1773,1.6181458234786987,,33.09011960029602,0.014548063278198242
1774,1.5960184335708618,,33.11361598968506,0.020110607147216797
1775,1.6461620330810547,,33.13606548309326,0.02008533477783203
1776,1.6341216564178467,,33.154030084609985,0.014934778213500977
1777,1.5690586566925049,,33.173072814941406,0.016078710556030273
1778,1.5774850845336914,,33.19638776779175,0.0211637020111084
1779,1.589048147201538,,33.213608503341675,0.01522374153137207
1780,1.5697853565216064,,33.2327995300293,0.017194032669067383
1781,1.5886563062667847,,33.25266098976135,0.017864227294921875
1782,1.6332968473434448,,33.27072024345398,0.015061378479003906
1783,1.6196024417877197,,33.28841042518616,0.01468801498413086
1784,1.5831079483032227,,33.30650472640991,0.015514612197875977
1785,1.6361823081970215,,33.323503732681274,0.015027999877929688
1786,1.6288167238235474,,33.341135025024414,0.015604496002197266
1787,1.6109007596969604,,33.35966873168945,0.016025543212890625
1788,1.6021668910980225,,33.379826068878174,0.018154144287109375
1789,1.6001193523406982,,33.403180837631226,0.021317005157470703
1790,1.5771355628967285,,33.41970086097717,0.015514612197875977
1791,1.591113805770874,,33.44155693054199,0.019345998764038086
1792,1.5575114488601685,,33.46181678771973,0.017755508422851562
1793,1.5527901649475098,,33.48003435134888,0.016219615936279297
1794,1.5786279439926147,,33.501707792282104,0.019669771194458008
1795,1.5886448621749878,,33.519137144088745,0.015426158905029297
1796,1.542149305343628,,33.54289364814758,0.020746469497680664
1797,1.6031616926193237,,33.559948205947876,0.015051603317260742
1798,1.5637305974960327,,33.576926708221436,0.014970064163208008
1799,1.585058569908142,,33.594682931900024,0.01575183868408203
1800,1.5613927841186523,0.9871683120727539,33.613537073135376,0.016853809356689453
1801,1.54909086227417,,33.63213896751404,0.01605820655822754
1802,1.5784897804260254,,33.64826273918152,0.014124393463134766
1803,1.6425251960754395,,33.6669819355011,0.014873266220092773
1804,1.5996801853179932,,33.68514657020569,0.016161680221557617
1805,1.5765507221221924,,33.7034695148468,0.015288114547729492
1806,1.5897235870361328,,33.72152519226074,0.016057968139648438
1807,1.6057751178741455,,33.745275020599365,0.020752906799316406
1808,1.5210741758346558,,33.76235771179199,0.01508474349975586
1809,1.58829927444458,,33.7812385559082,0.016883373260498047
1810,1.6339906454086304,,33.79861903190613,0.01537775993347168
1811,1.604567527770996,,33.81666350364685,0.015535831451416016
1812,1.57923424243927,,33.83571481704712,0.015552759170532227
1813,1.5362523794174194,,33.856478452682495,0.01876664161682129
1814,1.610393762588501,,33.87557768821716,0.01710224151611328
1815,1.5764939785003662,,33.89283752441406,0.01526188850402832
1816,1.5529263019561768,,33.909905433654785,0.015070438385009766
1817,1.6326334476470947,,33.928096771240234,0.01615428924560547
1818,1.5455684661865234,,33.944859743118286,0.015761613845825195
1819,1.620161771774292,,33.96300506591797,0.016141653060913086
1820,1.5903422832489014,,33.98135828971863,0.01635575294494629
1821,1.5523362159729004,,33.998873472213745,0.015512466430664062
1822,1.5732929706573486,,34.01689338684082,0.015515565872192383
1823,1.5379945039749146,,34.03805875778198,0.01916813850402832
1824,1.5626883506774902,,34.062073945999146,0.0220181941986084
1825,1.575988531112671,,34.0786190032959,0.014547109603881836
1826,1.5889643430709839,,34.097264766693115,0.01613759994506836
1827,1.5816453695297241,,34.1152720451355,0.015504598617553711
1828,1.5784268379211426,,34.133573055267334,0.015106201171875
1829,1.6242289543151855,,34.153833627700806,0.01826333999633789
1830,1.5613987445831299,,34.17192530632019,0.015094757080078125
1831,1.538327693939209,,34.19550704956055,0.020195484161376953
1832,1.5965964794158936,,34.21359157562256,0.016086816787719727
1833,1.5682249069213867,,34.231903314590454,0.01631450653076172
1834,1.5925092697143555,,34.249967098236084,0.016061067581176758
1835,1.5863542556762695,,34.26698875427246,0.015514135360717773
1836,1.5860044956207275,,34.287179470062256,0.01719355583190918
1837,1.5676443576812744,,34.30424356460571,0.014562368392944336
1838,1.5546727180480957,,34.32329535484314,0.016086101531982422
1839,1.509345531463623,,34.34152817726135,0.016234874725341797
1840,1.6225810050964355,,34.36405301094055,0.021020174026489258
1841,1.5770466327667236,,34.387348651885986,0.021014928817749023
1842,1.5748796463012695,,34.40453052520752,0.014682292938232422
1843,1.5779595375061035,,34.42262601852417,0.015091657638549805
1844,1.5805015563964844,,34.44562911987305,0.019873857498168945
1845,1.5620696544647217,,34.46807384490967,0.02044677734375
1846,1.5766901969909668,,34.488298177719116,0.017725229263305664
1847,1.5408393144607544,,34.505409717559814,0.014569997787475586
1848,1.62324059009552,,34.52446722984314,0.016091585159301758
1849,1.5602898597717285,,34.54628944396973,0.019675016403198242
1850,1.5589964389801025,,34.56433892250061,0.016052722930908203
1851,1.5227469205856323,,34.582396507263184,0.01606011390686035
1852,1.6048154830932617,,34.60054636001587,0.016152381896972656
1853,1.5700169801712036,,34.61847805976868,0.01592397689819336
1854,1.6076664924621582,,34.635573863983154,0.014587879180908203
1855,1.5769935846328735,,34.65967345237732,0.02111649513244629
1856,1.5979664325714111,,34.67629885673523,0.014622211456298828
1857,1.5451078414916992,,34.69446539878845,0.01617431640625
1858,1.5896186828613281,,34.71155142784119,0.015088796615600586
1859,1.553882122039795,,34.729872941970825,0.01631903648376465
1860,1.5271825790405273,,34.74864101409912,0.01676487922668457
1861,1.5583444833755493,,34.76879858970642,0.018653392791748047
1862,1.507216215133667,,34.792508363723755,0.021107196807861328
1863,1.5815930366516113,,34.81556224822998,0.021056175231933594
1864,1.5518405437469482,,34.83156394958496,0.01600170135498047
1865,1.5135612487792969,,34.850170612335205,0.016603946685791016
1866,1.517362117767334,,34.86705827713013,0.015573263168334961
1867,1.5177862644195557,,34.885080099105835,0.015025138854980469
1868,1.539505958557129,,34.90330934524536,0.015095233917236328
1869,1.5482804775238037,,34.9259238243103,0.02061748504638672
1870,1.5456759929656982,,34.94198727607727,0.015063762664794922
1871,1.5506168603897095,,34.96001195907593,0.01551675796508789
1872,1.5486493110656738,,34.97707009315491,0.015549182891845703
1873,1.5520011186599731,,34.99532103538513,0.016287565231323242
1874,1.5814611911773682,,35.01291823387146,0.015630245208740234
1875,1.5518430471420288,,35.03085899353027,0.01593613624572754
1876,1.4920387268066406,,35.048803091049194,0.014815568923950195
1877,1.5732365846633911,,35.06821799278259,0.01722097396850586
1878,1.5331060886383057,,35.08860516548157,0.01888418197631836
1879,1.5446293354034424,,35.108150005340576,0.016039371490478516
1880,1.5434399843215942,,35.125680685043335,0.01602792739868164
1881,1.5621205568313599,,35.14296817779541,0.015285968780517578
1882,1.5611146688461304,,35.160693407058716,0.01568913459777832
1883,1.5552968978881836,,35.17806029319763,0.01636672019958496
1884,1.556093454360962,,35.19540047645569,0.015342473983764648
1885,1.485437273979187,,35.21358561515808,0.01618194580078125
1886,1.5092562437057495,,35.231600522994995,0.016014814376831055
1887,1.5609362125396729,,35.24861764907837,0.014989376068115234
1888,1.5307509899139404,,35.2667236328125,0.015534639358520508
1889,1.576831340789795,,35.285029888153076,0.015279531478881836
1890,1.577052116394043,,35.303109884262085,0.01609325408935547
1891,1.5958386659622192,,35.3211727142334,0.015073537826538086
1892,1.5255131721496582,,35.34009552001953,0.016922950744628906
1893,1.5979869365692139,,35.36232542991638,0.0211942195892334
1894,1.530633807182312,,35.380362033843994,0.016046762466430664
1895,1.5828063488006592,,35.39892244338989,0.016516447067260742
1896,1.5857985019683838,,35.41650986671448,0.01553964614868164
1897,1.513143539428711,,35.43356466293335,0.015054464340209961
1898,1.5170215368270874,,35.45210385322571,0.015538930892944336
1899,1.5673328638076782,,35.47495222091675,0.020847797393798828
1900,1.529407024383545,0.9894943237304688,35.49400186538696,0.0170443058013916
1901,1.5437010526657104,,35.5117301940918,0.01572871208190918
1902,1.5274109840393066,,35.528541564941406,0.014811038970947266
1903,1.520860195159912,,35.5460991859436,0.014987707138061523
1904,1.561802864074707,,35.565062046051025,0.016931772232055664
1905,1.5082101821899414,,35.58213496208191,0.015074729919433594
1906,1.5541013479232788,,35.60014486312866,0.015979290008544922
1907,1.510657787322998,,35.61904191970825,0.01586151123046875
1908,1.5313369035720825,,35.63609457015991,0.01448369026184082
1909,1.4849399328231812,,35.65462803840637,0.015501976013183594
1910,1.5534635782241821,,35.67289662361145,0.015237092971801758
1911,1.534927487373352,,35.69088554382324,0.01498866081237793
1912,1.5289008617401123,,35.70839190483093,0.015476226806640625
1913,1.5308330059051514,,35.73147535324097,0.020511150360107422
1914,1.5177819728851318,,35.748552560806274,0.01607656478881836
1915,1.5546038150787354,,35.76660752296448,0.016519546508789062
1916,1.500032901763916,,35.784693479537964,0.016056537628173828
1917,1.573030948638916,,35.80276417732239,0.015040159225463867
1918,1.5376784801483154,,35.82078218460083,0.014985799789428711
1919,1.5205135345458984,,35.83829069137573,0.014507293701171875
1920,1.6151924133300781,,35.8578405380249,0.015979528427124023
1921,1.4781484603881836,,35.875884771347046,0.016044139862060547
1922,1.5089049339294434,,35.89266657829285,0.01477956771850586
1923,1.520681381225586,,35.910672187805176,0.016003131866455078
1924,1.5417561531066895,,35.928200244903564,0.015496253967285156
1925,1.5373975038528442,,35.9447557926178,0.015023231506347656
1926,1.5711781978607178,,35.96387815475464,0.017089128494262695
1927,1.5585670471191406,,35.98185992240906,0.015985965728759766
1928,1.4773598909378052,,35.99985980987549,0.014970064163208008
1929,1.5612629652023315,,36.018372535705566,0.01647663116455078
1930,1.5662627220153809,,36.03645849227905,0.015513420104980469
1931,1.6034594774246216,,36.05505657196045,0.016597270965576172
1932,1.569998025894165,,36.07309937477112,0.01504063606262207
1933,1.5377204418182373,,36.089893102645874,0.014792919158935547
1934,1.551689624786377,,36.10839915275574,0.015470266342163086
1935,1.5120975971221924,,36.13136267662048,0.02042222023010254
1936,1.5332634449005127,,36.1483256816864,0.014963388442993164
1937,1.5432440042495728,,36.16709637641907,0.015244245529174805
1938,1.5237839221954346,,36.18652081489563,0.01741647720336914
1939,1.5031447410583496,,36.2086968421936,0.020170927047729492
1940,1.5647621154785156,,36.225746870040894,0.014481306076049805
1941,1.5582585334777832,,36.24371838569641,0.01593923568725586
1942,1.5268089771270752,,36.26133441925049,0.01604628562927246
1943,1.5660206079483032,,36.278844594955444,0.015510797500610352
1944,1.5166608095169067,,36.29661417007446,0.016231536865234375
1945,1.4770586490631104,,36.31484317779541,0.01622486114501953
1946,1.5019320249557495,,36.33208990097046,0.015244483947753906
1947,1.4955615997314453,,36.350114822387695,0.015994787216186523
1948,1.5090619325637817,,36.36840200424194,0.016282320022583008
1949,1.5474367141723633,,36.39066553115845,0.01971578598022461
1950,1.529329776763916,,36.40873336791992,0.015035629272460938
1951,1.5257353782653809,,36.43071532249451,0.019377946853637695
1952,1.5396153926849365,,36.449791431427,0.017071962356567383
1953,1.5631589889526367,,36.46695876121521,0.015051126480102539
1954,1.5162477493286133,,36.48464322090149,0.015681743621826172
1955,1.59377121925354,,36.50280714035034,0.015160799026489258
1956,1.5202159881591797,,36.52069568634033,0.015891075134277344
1957,1.4565281867980957,,36.53964114189148,0.015943527221679688
1958,1.5287083387374878,,36.557047843933105,0.015899181365966797
1959,1.493829369544983,,36.57524633407593,0.016201257705688477
1960,1.5400192737579346,,36.592257499694824,0.015014171600341797
1961,1.5621085166931152,,36.60986304283142,0.014574050903320312
1962,1.541271448135376,,36.628358364105225,0.016198396682739258
1963,1.5049583911895752,,36.64599871635437,0.01613593101501465
1964,1.5217225551605225,,36.663116693496704,0.015120744705200195
1965,1.5156691074371338,,36.68181610107422,0.016733169555664062
1966,1.523472547531128,,36.70075845718384,0.01694202423095703
1967,1.5556684732437134,,36.722728967666626,0.019977807998657227
1968,1.5175588130950928,,36.74099659919739,0.01523447036743164
1969,1.502040147781372,,36.758201599121094,0.01516413688659668
1970,1.5012719631195068,,36.777371406555176,0.0156252384185791
1971,1.5293678045272827,,36.79553198814392,0.017160654067993164
1972,1.5055854320526123,,36.81347918510437,0.015948057174682617
1973,1.513283610343933,,36.832374572753906,0.016895294189453125
1974,1.4862618446350098,,36.853846311569214,0.020470857620239258
1975,1.495705008506775,,36.87236022949219,0.015483379364013672
1976,1.56571364402771,,36.89051103591919,0.016094207763671875
1977,1.5202672481536865,,36.91266393661499,0.020119428634643555
1978,1.5684148073196411,,36.930827617645264,0.01617884635925293
1979,1.4814696311950684,,36.94900107383728,0.0161592960357666
1980,1.507629632949829,,36.96815490722656,0.015580177307128906
1981,1.519101619720459,,36.98565340042114,0.015595674514770508
1982,1.5311014652252197,,37.00389909744263,0.01620960235595703
1983,1.5512168407440186,,37.02100658416748,0.015108585357666016
1984,1.5582973957061768,,37.038618326187134,0.014572858810424805
1985,1.46958589553833,,37.05736470222473,0.016195058822631836
1986,1.511106252670288,,37.07569599151611,0.015818357467651367
1987,1.5478651523590088,,37.09279680252075,0.015100717544555664
1988,1.4667129516601562,,37.11091899871826,0.015119791030883789
1989,1.4682049751281738,,37.13003468513489,0.017113924026489258
1990,1.4894129037857056,,37.14724612236023,0.015163421630859375
1991,1.5002782344818115,,37.16541624069214,0.017169713973999023
1992,1.5153930187225342,,37.18357825279236,0.01616692543029785
1993,1.4720219373703003,,37.20074462890625,0.015169858932495117
1994,1.5533761978149414,,37.21949076652527,0.015749454498291016
1995,1.509239912033081,,37.23768401145935,0.015579700469970703
1996,1.475292444229126,,37.255250215530396,0.015566587448120117
1997,1.4953794479370117,,37.27340507507324,0.015157699584960938
1998,1.4590363502502441,,37.291563510894775,0.015160083770751953
1999,1.4803386926651,,37.30914330482483,0.015568971633911133
2000,1.4190952777862549,0.9893234968185425,37.328505992889404,0.017821073532104492
