epochs,losses,size_losses,religion_losses,ethnicity_losses,household_composition_losses,religion_accuracies,ethnicity_accuracies,household_composition_accuracies,size_distribution_accuracies,overall_accuracies,cumulative_time_seconds,epoch_time_seconds,tau_values
1,47.825462341308594,1.5413838624954224,13.631986618041992,14.179564476013184,18.4725284576416,41.18649846573474,62.734401636549606,11.31946812137743,94.50455904006958,52.43623181593284,7.240973472595215,7.240973472595215,0.995
2,42.808868408203125,1.2571042776107788,12.13213062286377,13.041484832763672,16.378150939941406,40.913740197749746,60.944425502898056,12.137742925332425,93.16628575325012,51.79054859480758,15.14676547050476,7.628846883773804,0.990025
3,31.162837982177734,1.30089271068573,7.828685283660889,9.49429702758789,12.538963317871094,50.17047391749062,62.240027275826804,12.734401636549608,89.47120904922485,53.65402796977297,23.474696397781372,7.986729860305786,0.985074875
4,19.62718963623047,1.3438619375228882,5.616994380950928,4.300457000732422,8.365877151489258,57.415615410842136,63.961813842482094,16.58711217183771,84.43691730499268,55.60036468253866,31.571951866149902,7.751838445663452,0.9801495006250001
5,14.308671951293945,1.391454815864563,3.6255931854248047,4.034277439117432,5.2573466300964355,63.46743948175929,65.6836004091374,19.945448346403,78.5753607749939,56.9179622530734,39.51765584945679,7.593612432479858,0.9752487531218751
6,11.271652221679688,1.540811538696289,2.74389910697937,3.09572434425354,3.8912172317504883,68.00204568700988,70.42277531537675,20.627344016365495,75.67213177680969,58.68107419889046,47.55185914039612,7.697877407073975,0.9703725093562657
7,8.659358024597168,1.6363775730133057,1.9077965021133423,2.1908318996429443,2.924351453781128,71.9911353562905,73.15035799522673,21.820661438799863,75.06794929504395,60.50752602134026,55.49793004989624,7.6010212898254395,0.9655206468094844
8,7.389519214630127,1.7146373987197876,1.0413384437561035,1.9047356843948364,2.7288079261779785,76.86668939652233,75.17899761336515,24.923286737129217,71.60955667495728,62.1446326054935,63.499481201171875,7.657351493835449,0.960693043575437
9,6.474787712097168,1.7179111242294312,0.44905996322631836,1.8107330799102783,2.4970834255218506,80.05455165359699,74.4289123764064,25.16195022161609,69.02062892913818,62.166510795189424,71.48942732810974,7.6448822021484375,0.9558895783575597
10,6.057467937469482,1.69611394405365,0.31848859786987305,1.6625436544418335,2.380321502685547,80.56597340606886,73.81520627344015,26.610978520286395,69.87156867980957,62.71593171990124,79.64916753768921,7.818479061126709,0.9511101304657719
11,5.722270965576172,1.646125078201294,0.3277797996997833,1.6137373447418213,2.1346287727355957,80.92396863279919,75.1619502216161,27.344016365496078,68.00007820129395,62.857503355301326,87.68770694732666,7.669891834259033,0.946354579813443
12,5.34982967376709,1.57315194606781,0.3158894181251526,1.4303131103515625,2.030474901199341,82.28775997272417,74.8891919536311,27.719058983975454,69.29827332496643,63.54857105882429,95.81079339981079,7.766956090927124,0.9416228069143757
13,5.174003601074219,1.6313624382019043,0.28123489022254944,1.366952896118164,1.8944532871246338,82.52642345721105,75.80975110808046,27.020115922263894,68.13536882400513,63.372914827890135,103.78017616271973,7.625210523605347,0.9369146928798039
14,4.9085283279418945,1.6442865133285522,0.29096683859825134,1.2064241170883179,1.7668507099151611,82.56051824070917,77.27582679849982,27.15649505625639,68.31375360488892,63.82664842508857,111.81752705574036,7.691581964492798,0.9322301194154049
15,4.805395603179932,1.6286176443099976,0.27011436223983765,1.1530534029006958,1.7536101341247559,83.05489260143199,77.32696897374701,26.832594613024206,67.11571216583252,63.58254208850893,120.0533983707428,7.870488882064819,0.9275689688183278
16,4.612763404846191,1.6848509311676025,0.25726333260536194,1.0184186697006226,1.6522305011749268,82.44118649846574,78.81009205591545,28.639618138424822,66.27174019813538,64.04065922273534,128.67577171325684,8.27731466293335,0.9229311239742362
17,4.650891304016113,1.8032029867172241,0.2718711495399475,1.0400364398956299,1.535780668258667,82.54347084896011,80.05455165359699,30.80463689055575,64.45896625518799,64.46540641207521,136.64745783805847,7.619980812072754,0.918316468354365
18,4.538616180419922,1.8411775827407837,0.26023390889167786,0.9570523500442505,1.4801523685455322,82.30480736447323,79.96931469485169,30.958063416297303,64.73993062973022,64.4930290263381,144.56634712219238,7.557735919952393,0.9137248860125932
19,4.545138835906982,1.8112212419509888,0.304971307516098,1.002621054649353,1.4263252019882202,82.28775997272417,81.58881691101261,32.9526082509376,64.79400396347046,65.40579727453621,152.54751634597778,7.639407157897949,0.9091562615825302
20,4.411847114562988,1.795074224472046,0.2765406370162964,0.9532164335250854,1.3870158195495605,82.16842823048074,81.7251960450051,33.39584043641322,65.17061591148376,65.61502015584571,160.52827262878418,7.638782501220703,0.9046104802746175
21,4.431766033172607,1.8565839529037476,0.2943134307861328,0.8839960694313049,1.3968725204467773,81.81043300375043,81.86157517899761,32.23661779747699,64.97260332107544,65.22030732532511,168.61546635627747,7.736968517303467,0.9000874278732445
22,4.245908737182617,1.7634485960006714,0.3026393949985504,0.8572970032691956,1.322523593902588,82.25366518922604,82.08319127173542,32.96965564268667,65.42248129844666,65.6822483505237,176.6170585155487,7.614805459976196,0.8955869907338783
23,4.217008113861084,1.725973129272461,0.2883208990097046,0.8614208102226257,1.3412929773330688,82.71394476645074,82.21957040572792,31.38424821002387,66.27848148345947,65.64906121641549,184.82360553741455,7.8171069622039795,0.8911090557802088
24,4.062182903289795,1.6774604320526123,0.25978341698646545,0.7620649337768555,1.3628740310668945,83.51517217865666,82.54347084896011,32.884418683941355,64.90164995193481,65.96117791587324,192.7454662322998,7.578248023986816,0.8866535105013078
25,4.087629318237305,1.6507015228271484,0.2828202545642853,0.840863823890686,1.3132437467575073,83.54926696215479,82.4070917149676,34.538015683600406,66.65599942207336,66.78759344569904,201.09545588493347,8.008083581924438,0.8822202429488013
26,3.973083972930908,1.6464520692825317,0.27616187930107117,0.7485089898109436,1.301960825920105,82.52642345721105,83.05489260143199,31.87862257074667,66.70647859573364,66.04160430628083,209.02580165863037,7.578070640563965,0.8778091417340573
27,3.854814291000366,1.6461824178695679,0.25436702370643616,0.7289722561836243,1.225292682647705,82.50937606546198,82.98670303443572,32.35594953972043,67.41418838500977,66.31655425615696,217.36320805549622,7.990593433380127,0.8734200960253871
28,4.065042972564697,1.6408874988555908,0.31870847940444946,0.7430393695831299,1.3624076843261719,82.08319127173542,83.61745652915104,32.16842823048074,68.09248924255371,66.49039131848022,225.48051047325134,7.778421401977539,0.8690529955452602
29,3.984954357147217,1.6483639478683472,0.2617838382720947,0.698370099067688,1.3764363527297974,81.84452778724855,83.78793044664167,32.39004432321855,69.06358599662781,66.77152213843414,233.851979970932,8.03307843208313,0.8647077305675338
30,3.8872251510620117,1.7118866443634033,0.2849336862564087,0.6591349244117737,1.2312699556350708,82.01500170473918,84.35049437436072,32.78213433344698,65.38115739822388,66.1321969526927,242.0324203968048,7.829836845397949,0.8603841919146962
31,3.9870877265930176,1.6066854000091553,0.3389261066913605,0.7751980423927307,1.2662781476974487,82.27071258097511,83.54926696215479,33.566314353903856,68.53582262992859,66.98052913174058,250.60750603675842,8.228363990783691,0.8560822709551227
32,3.8731303215026855,1.5901188850402832,0.32342013716697693,0.7178889513015747,1.2417021989822388,82.98670303443572,84.1800204568701,32.91851346743948,69.72479224205017,67.45250730019887,258.6071729660034,7.600163221359253,0.851801859600347
33,3.7475075721740723,1.580295443534851,0.2935699224472046,0.7206578850746155,1.1529844999313354,83.6345039209001,83.70269348789635,34.23116263211728,66.225665807724,66.94850646215943,266.54712677001953,7.543104887008667,0.8475428503023453
34,3.7933101654052734,1.5960749387741089,0.30302292108535767,0.706129252910614,1.1880828142166138,83.54926696215479,84.19706784861916,35.69723832253665,66.58536195755005,67.50723377271515,274.52100586891174,7.613910436630249,0.8433051360508336
35,3.75087308883667,1.5840264558792114,0.28788986802101135,0.6669237613677979,1.2120330333709717,83.39584043641322,84.5380156836004,35.236958745311966,68.75274181365967,67.98088916974632,282.68243861198425,7.804287910461426,0.8390886103705794
36,3.781583547592163,1.5954567193984985,0.3054575026035309,0.6750450730323792,1.2056243419647217,82.62870780770542,85.06648482782134,34.48687350835322,66.92808270454407,67.27753721210601,290.8789782524109,7.799460411071777,0.8348931673187264
37,3.6490626335144043,1.5819576978683472,0.2806411683559418,0.6325504183769226,1.1539133787155151,83.48107739515854,85.52676440504602,34.793726559836344,67.72449612617493,67.88151612155396,299.0869333744049,7.870109796524048,0.8307187014821328
38,3.7672486305236816,1.5965473651885986,0.3084058165550232,0.6968199014663696,1.1654753684997559,83.89021479713604,85.03239004432321,34.538015683600406,67.48603582382202,67.73666408722042,306.97729325294495,7.53041672706604,0.8265651079747222
39,3.701767921447754,1.5756324529647827,0.2816161811351776,0.7376278042793274,1.1068912744522095,84.60620525059666,85.69723832253665,36.0381861575179,68.8338577747345,68.79387187634643,314.9390685558319,7.606006622314453,0.8224322824348486
40,3.632845878601074,1.6168456077575684,0.28564804792404175,0.6195411682128906,1.1108111143112183,84.64030003409478,85.54381179679508,35.21991135356291,67.90001392364502,68.32600927702444,323.0709249973297,7.7697365283966064,0.8183201210226743
41,3.739565134048462,1.6516724824905396,0.3204963505268097,0.6801343560218811,1.0872619152069092,84.19706784861916,85.44152744630071,35.83361745652915,68.56100559234619,68.50830458594879,330.9457685947418,7.515166759490967,0.8142285204175609
42,3.6744699478149414,1.6566163301467896,0.2748368978500366,0.6386278867721558,1.1043885946273804,84.21411524036823,85.35629048755541,36.90760313672008,68.40548515319824,68.72087350446049,338.90487265586853,7.5927112102508545,0.810157377815473
43,3.6339287757873535,1.626241683959961,0.2777048945426941,0.6085779666900635,1.1214041709899902,83.92430958063416,85.66314353903851,36.34503920900102,68.18960905075073,68.5305253448561,346.8964660167694,7.634257555007935,0.8061065909263957
44,3.725158214569092,1.6023707389831543,0.28026169538497925,0.6347396969795227,1.207785964012146,84.35049437436072,86.14047050801229,33.95840436413229,68.5844898223877,68.25846476722324,354.8396029472351,7.580248117446899,0.8020760579717637
45,3.7508153915405273,1.6557679176330566,0.26985859870910645,0.6508947014808655,1.1742942333221436,84.57211046709854,85.79952267303102,36.12342311626321,66.92776679992676,68.35570576407989,362.78674960136414,7.579920530319214,0.798065677681905
46,3.7367351055145264,1.7351243495941162,0.2814573347568512,0.664366602897644,1.0557868480682373,83.53221957040573,86.14047050801229,36.73712921922946,65.93282222747803,68.08566038128137,371.5325539112091,8.37609577178955,0.7940753492934954
47,3.8209705352783203,1.7243871688842773,0.31763193011283875,0.6703541278839111,1.1085973978042603,84.0436413228776,85.96999659052165,36.36208660075009,68.35270524024963,68.68210743859974,379.7966904640198,7.906183242797852,0.7901049725470279
48,3.7531285285949707,1.7505385875701904,0.2911728620529175,0.6169686317443848,1.094448447227478,84.02659393112853,86.9416979202182,36.95874531196727,66.70376658439636,68.6577009369276,387.7695996761322,7.617399215698242,0.7861544476842928
49,3.7623252868652344,1.7121999263763428,0.28868603706359863,0.6168262958526611,1.1446131467819214,84.07773610637572,86.85646096147289,35.81657006478009,68.00508499145508,68.68896303102095,395.88521027565,7.756306886672974,0.7822236754458713
50,3.5882411003112793,1.6588780879974365,0.2937387526035309,0.5737606883049011,1.061863660812378,84.19706784861916,86.89055574497102,37.282645755199454,67.57332682609558,68.9858990437213,403.85670351982117,7.607139348983765,0.778312557068642
51,3.5015182495117188,1.622524380683899,0.2746933102607727,0.5735476016998291,1.0307530164718628,84.64030003409478,87.09512444595977,36.82236617797477,66.71262383460999,68.81760362315983,411.76632857322693,7.539811134338379,0.7744209942832988
52,3.576819896697998,1.6402838230133057,0.3009483516216278,0.6172783374786377,1.018309235572815,85.40743266280259,86.90760313672008,36.34503920900102,68.5076892375946,69.29194106152957,419.6705176830292,7.536228895187378,0.7705488893118823
53,3.616487741470337,1.6882764101028442,0.24738574028015137,0.6201606392860413,1.0606648921966553,85.91885441527445,86.9928400954654,38.01568360040914,67.79550313949585,69.68072031266121,427.7166361808777,7.658817768096924,0.7666961448653229
54,3.7634809017181396,1.77757728099823,0.30659544467926025,0.5417199730873108,1.1375882625579834,85.83361745652915,87.55540402318445,37.57245141493352,64.86430168151855,68.95644364404141,435.75082182884216,7.664316415786743,0.7628626641409962
55,3.833493709564209,1.841029405593872,0.3359277844429016,0.5477827787399292,1.1087538003921509,84.8107739515854,87.60654619843164,37.38493010569383,65.54986238479614,68.83802816012675,443.89857816696167,7.7808849811553955,0.7590483508202912
56,3.7007157802581787,1.853546380996704,0.31126073002815247,0.565192461013794,0.9707162380218506,84.67439481759291,87.4872144561882,38.13501534265257,65.41465520858765,68.92781995625533,451.9734044075012,7.7139904499053955,0.7552531090661897
57,3.668846607208252,1.8164191246032715,0.278521865606308,0.5574131011962891,1.016492486000061,84.36754176610978,87.47016706443914,37.55540402318445,66.31717681884766,68.92757241814526,460.11503529548645,7.778512001037598,0.7514768435208588
58,3.544839859008789,1.7077445983886719,0.2990068793296814,0.5626273155212402,0.9754610657691956,84.52096829185135,87.3508353221957,37.60654619843164,67.24262237548828,69.18024304699173,468.5511884689331,8.068689346313477,0.7477194593032545
59,3.5609867572784424,1.6648969650268555,0.2939772605895996,0.5415465831756592,1.0605659484863281,84.93010569382884,87.60654619843164,36.82236617797477,67.65964031219482,69.25466459560752,476.546226978302,7.633199453353882,0.7439808620067382
60,3.5462794303894043,1.6509451866149902,0.3139495253562927,0.5733655691146851,1.0080190896987915,84.4016365496079,87.23150357995226,37.7599727241732,68.37707757949829,69.44254760830792,484.7273199558258,7.8163161277771,0.7402609576967045
61,3.5950474739074707,1.7058629989624023,0.2625369131565094,0.6006482839584351,1.0259994268417358,85.4926696215479,87.23150357995226,38.782816229116946,67.72540807723999,69.80809937696428,493.3664574623108,8.260968685150146,0.736559652908221
62,3.5650503635406494,1.780482530593872,0.2999173104763031,0.556967556476593,0.9276831746101379,85.1346743948176,87.58949880668257,39.87384930105694,66.23685359954834,69.70871902552636,501.3701512813568,7.633727312088013,0.7328768546436799
63,3.6573081016540527,1.754844307899475,0.26599976420402527,0.5915743708610535,1.0448896884918213,85.93590180702353,87.29969314694853,38.83395840436413,65.41415452957153,69.37092697197693,509.9815990924835,8.254830837249756,0.7292124703704616
64,3.5722293853759766,1.8074893951416016,0.2624455988407135,0.523224413394928,0.9790699481964111,85.86771224002727,87.6747357654279,39.31128537333788,65.04813432693481,69.47546692643196,518.6915955543518,8.349045991897583,0.7255664080186093
65,3.5459957122802734,1.8215440511703491,0.25875726342201233,0.5347118973731995,0.9309826493263245,85.57790658029322,87.6235935901807,39.56699624957382,65.4236912727356,69.54804692319583,526.872406244278,7.802117586135864,0.7219385759785162
66,3.4654064178466797,1.8147739171981812,0.22379635274410248,0.549132227897644,0.8777040839195251,86.17456529151039,87.65768837367884,40.692124105011935,64.32764530181885,69.713005768005,535.155980348587,7.914604663848877,0.7183288830986236
67,3.425689935684204,1.7602440118789673,0.22438116371631622,0.5654135346412659,0.8756510615348816,86.48141834299352,87.60654619843164,41.425161950221614,66.963791847229,70.61922958471895,543.1114490032196,7.590971946716309,0.7147372386831305
68,3.471187114715576,1.7736541032791138,0.22014659643173218,0.5649193525314331,0.9124670028686523,87.6235935901807,87.11217183770883,43.64132287759973,65.6725823879242,71.01241767335337,551.3398292064667,7.861452341079712,0.7111635524897149
69,3.581141948699951,1.8379194736480713,0.22947104275226593,0.6154756546020508,0.8982757329940796,86.70303443573133,87.55540402318445,44.30617115581316,66.50099754333496,71.26640178951598,559.6536350250244,7.9467151165008545,0.7076077347272662
70,3.541215419769287,1.8779064416885376,0.21966873109340668,0.6277674436569214,0.8158726692199707,86.5837026934879,87.47016706443914,44.03341288782816,65.09374976158142,70.79525810183415,567.8657758235931,7.8297693729400635,0.7040696960536299
71,3.5301456451416016,1.8508986234664917,0.2545338571071625,0.5773502588272095,0.8473628759384155,86.24275485850666,87.69178315717696,43.35151721786566,64.97602462768555,70.5655199653087,576.459713935852,8.212829351425171,0.7005493475733617
72,3.4465036392211914,1.831468105316162,0.25501981377601624,0.5338289141654968,0.8261865973472595,86.34503920900102,87.45311967269008,43.96522332083192,66.39253497123718,71.03897929344005,584.0521066188812,7.234583616256714,0.697046600835495
73,3.4207727909088135,1.824113130569458,0.2112388163805008,0.549697756767273,0.8357231020927429,86.24275485850666,87.33378793044663,42.686668939652236,66.07446074485779,70.58441811836583,592.2558262348175,7.832540035247803,0.6935613678313175
74,3.4228672981262207,1.7765051126480103,0.23625634610652924,0.5343925952911377,0.8757133483886719,87.16331401295602,87.81111489942039,44.0163654960791,65.86717367172241,71.21449202004449,599.3965513706207,6.765990495681763,0.6900935609921609
75,3.414865255355835,1.8359829187393188,0.20558054745197296,0.5297911763191223,0.8435106873512268,87.36788271394477,88.01568360040913,42.78895329014661,64.92363214492798,70.77403793735712,606.6930134296417,6.942478656768799,0.6866430931872001
76,3.4758594036102295,1.8681479692459106,0.1982220709323883,0.5797720551490784,0.8297173380851746,87.91339924991476,87.94749403341288,42.823048073644735,63.72500658035278,70.60223698433128,614.5838990211487,7.529820919036865,0.6832098777212641
77,3.4083075523376465,1.8541288375854492,0.18459399044513702,0.5513010025024414,0.8182839155197144,87.96454142516194,88.25434708489601,43.96522332083192,64.31249976158142,71.12415289811781,621.9680769443512,7.025552034378052,0.6797938283326578
78,3.410261631011963,1.8595256805419922,0.21947599947452545,0.5125198364257812,0.8187402486801147,87.18036140470508,88.66348448687351,44.81759290828503,65.33032655715942,71.49794133925576,629.1147646903992,6.795575857162476,0.6763948591909945
79,3.3774499893188477,1.8197288513183594,0.22315798699855804,0.4964282214641571,0.8381350040435791,86.73712921922946,88.22025230139788,43.86293897033754,65.61636328697205,71.10917094448423,636.5371356010437,7.063125371932983,0.6730128848950395
80,3.4213826656341553,1.8583931922912598,0.21166633069515228,0.511062741279602,0.8402603268623352,87.47016706443914,88.18615751789977,43.98227071258097,65.90723395347595,71.38645731209895,643.5994818210602,6.707587957382202,0.6696478204705644
81,3.50649356842041,1.887935996055603,0.20440301299095154,0.5250449776649475,0.8891094923019409,87.43607228094102,87.84520968291851,43.57313331060348,67.07628965377808,71.48267623206027,650.7249867916107,6.752029657363892,0.6662995813682115
82,3.4174132347106934,1.8779805898666382,0.20120210945606232,0.5115324258804321,0.8266981840133667,87.55540402318445,88.42482100238664,43.8799863620866,66.67314171791077,71.63333827639211,657.8559777736664,6.7716429233551025,0.6629680834613705
83,3.3630077838897705,1.8701025247573853,0.19449475407600403,0.506760835647583,0.7916495203971863,87.87930446641664,88.83395840436414,44.493692465052845,66.10994935035706,71.82922617154766,665.2704470157623,6.987139701843262,0.6596532430440636
84,3.4114620685577393,1.8542920351028442,0.19699999690055847,0.49552544951438904,0.8646448254585266,87.87930446641664,88.59529491987726,45.6017729287419,66.61509275436401,72.17286626734996,672.4117872714996,6.796815633773804,0.6563549768288433
85,3.3984999656677246,1.9069935083389282,0.2035749852657318,0.4994060695171356,0.7885252237319946,88.15206273440164,88.62938970337538,45.29491987725878,64.95733261108398,71.75842623152995,679.5209538936615,6.743462800979614,0.653073201944699
86,3.510087013244629,1.9098265171051025,0.19249136745929718,0.4750921428203583,0.9326769113540649,89.00443232185475,88.799863620866,46.52233208319127,65.97661972045898,72.57581193659274,686.6065578460693,6.726446866989136,0.6498078359349755
87,3.693984270095825,1.9940145015716553,0.19444817304611206,0.47908416390419006,1.0264372825622559,88.49301056938288,88.4418683941357,45.874531196726906,62.034785747528076,71.21104897694337,693.7244522571564,6.760112285614014,0.6465587967553006
88,3.667172431945801,2.045264959335327,0.20212490856647491,0.5076448321342468,0.9121376276016235,88.10092055915445,88.37367882713944,45.49948857824753,62.66085505485535,71.15873575484919,700.8178668022156,6.748553514480591,0.6433260027715241
89,3.6251943111419678,2.0811619758605957,0.22469046711921692,0.5299309492111206,0.7894108891487122,87.98158881691101,88.4418683941357,46.266621206955335,62.901103496551514,71.39779547863839,708.0041341781616,6.813825368881226,0.6401093727576664
90,3.554901361465454,2.069077730178833,0.19061772525310516,0.5244427919387817,0.7707631587982178,87.50426184793727,88.68053187862257,47.06784861916127,63.682496547698975,71.73378472335501,715.1933693885803,6.82778000831604,0.6369088258938781
91,3.5069456100463867,1.9910850524902344,0.18964415788650513,0.520127534866333,0.8060890436172485,87.52130923968633,88.78281622911695,47.01670644391408,64.44785594940186,71.9421719655298,722.3490805625916,6.781482696533203,0.6337242817644086
92,3.4893054962158203,1.9309296607971191,0.2011924833059311,0.504964292049408,0.8522190451622009,87.4872144561882,88.22025230139788,46.77804295942721,64.68842029571533,71.79348250318216,729.7900505065918,7.08863091468811,0.6305556603555866
93,3.432751417160034,1.900530219078064,0.18486958742141724,0.49939608573913574,0.8479554057121277,87.58949880668257,88.3054892601432,46.965564268666895,64.33199644088745,71.79813719409502,737.5988256931305,7.453484058380127,0.6274028820538087
94,3.449038028717041,1.9169515371322632,0.19950588047504425,0.509327232837677,0.8232534527778625,87.2144561882032,88.1179679509035,47.204227753153766,63.4604811668396,71.49928326477503,744.7399098873138,6.775085926055908,0.6242658676435396
95,3.3685574531555176,1.8788453340530396,0.2078487128019333,0.49572792649269104,0.7861353754997253,87.50426184793727,88.32253665189226,47.51108080463689,65.22961854934692,72.14187446345333,751.8184881210327,6.718335866928101,0.6211445383053219
96,3.4184186458587646,1.9091088771820068,0.2058427929878235,0.5260584950447083,0.7774085402488708,87.55540402318445,88.69757927037163,47.42584384589158,63.386404514312744,71.7663079134401,758.9743943214417,6.812004327774048,0.6180388156137953
97,3.43410062789917,1.9416790008544922,0.1972426474094391,0.5460696220397949,0.749109148979187,87.3508353221957,88.88510057961132,48.738493010569385,62.44329214096069,71.85443026333428,766.1078774929047,6.77433967590332,0.6149486215357263
98,3.4208602905273438,1.9287033081054688,0.17855219542980194,0.573555588722229,0.7400492429733276,87.99863620866007,88.52710535288101,48.24411864984658,63.45415115356445,72.05600284123803,773.2395873069763,6.741332054138184,0.6118738784280476
99,3.418447971343994,1.9084967374801636,0.15792059898376465,0.5431583523750305,0.8088724613189697,88.64643709512444,88.51005796113195,46.50528469144221,64.9827241897583,72.16112598436423,780.3809030056,6.764889240264893,0.6088145090359074
100,3.4622440338134766,1.9531642198562622,0.16430804133415222,0.4994417428970337,0.8453301787376404,88.42482100238664,88.85100579611318,45.12444595976815,64.73066806793213,71.78273520655003,788.4056754112244,7.654489278793335,0.6057704364907278
101,3.4158949851989746,1.9119000434875488,0.18619419634342194,0.48074039816856384,0.8370605111122131,88.27139447664507,89.26014319809069,45.22673031026253,65.89702367782593,72.16382291570605,796.5085282325745,7.742035150527954,0.6027415843082742
102,3.4302029609680176,1.9209775924682617,0.16590754687786102,0.48338502645492554,0.8599326610565186,87.93044664166383,88.95329014660757,45.6017729287419,65.97015261650085,72.11391558337854,804.6944835186005,7.823285341262817,0.5997278763867329
103,3.3897557258605957,1.9349451065063477,0.16632549464702606,0.48817262053489685,0.8003125190734863,88.69757927037163,89.07262188885102,46.743948175929084,65.47925472259521,72.49835101443674,812.773598909378,7.7136290073394775,0.5967292370047992
104,3.351294755935669,1.9266189336776733,0.16838176548480988,0.4955867528915405,0.7607071399688721,88.68053187862257,88.86805318786226,48.65325605182407,65.83211421966553,73.00848883449362,820.6986286640167,7.556983232498169,0.5937455908197752
105,3.345122814178467,1.9150398969650269,0.18417398631572723,0.5455080270767212,0.7004008889198303,88.13501534265258,88.3054892601432,49.74428912376406,66.25342965126038,73.10955584445506,828.6382994651794,7.570090055465698,0.5907768628656763
106,3.4337658882141113,2.0021793842315674,0.16703759133815765,0.5081108808517456,0.7564381957054138,88.1179679509035,88.66348448687351,50.664848278213434,64.72633481025696,73.04315888156185,836.6091802120209,7.609533309936523,0.5878229785513479
107,3.5032424926757812,2.0549604892730713,0.1737028807401657,0.49737536907196045,0.7772036194801331,87.77702011592227,88.74872144561881,49.21581997954313,64.37704563140869,72.52965179312324,844.4911897182465,7.519909143447876,0.5848838636585911
108,3.509469747543335,2.036552667617798,0.1718716025352478,0.4998094141483307,0.8012359738349915,88.18615751789977,88.59529491987726,49.30105693828844,62.242746353149414,72.08131393230371,852.3811557292938,7.521983861923218,0.5819594443402982
109,3.4747042655944824,1.9798396825790405,0.1859297901391983,0.5040614604949951,0.8048731088638306,87.87930446641664,88.13501534265258,49.50562563927719,64.57491517066956,72.52371515475399,861.1039819717407,8.348182678222656,0.5790496471185967
110,3.48779296875,1.9699506759643555,0.18827193975448608,0.5382001399993896,0.7913702130317688,88.32253665189226,88.22025230139788,49.8636208660075,64.26554918289185,72.66798975054736,869.1530809402466,7.676695108413696,0.5761543988830038
111,3.439436912536621,1.972861886024475,0.17661412060260773,0.5215977430343628,0.7683631181716919,88.54415274463007,88.13501534265258,48.43163995908626,63.779622316360474,72.22260759068236,877.2129435539246,7.644264459609985,0.5732736268885887
112,3.4136719703674316,1.9267271757125854,0.15763740241527557,0.5249184370040894,0.8043891191482544,88.68053187862257,88.35663143539038,47.80088646437095,66.66339635848999,72.87536153421847,885.1763763427734,7.590157985687256,0.5704072587541458
113,3.40678071975708,1.9224512577056885,0.17609980702400208,0.5173555016517639,0.7908742427825928,88.37367882713944,88.32253665189226,46.99965905216502,67.28172898292542,72.74440087853054,893.2470991611481,7.656331777572632,0.567555222460375
114,3.3570244312286377,1.9071241617202759,0.17526955902576447,0.5460286736488342,0.7286021113395691,88.37367882713944,88.32253665189226,47.78383907262189,66.7598307132721,72.80997131623141,901.1508185863495,7.526277542114258,0.5647174463480732
115,3.313734531402588,1.856326699256897,0.15873360633850098,0.5626803040504456,0.7359939813613892,88.73167405386975,88.40777361063758,47.8690760313672,67.60775446891785,73.1540695411981,909.3193514347076,7.7432639598846436,0.5618938591163328
116,3.3311657905578613,1.8812299966812134,0.17889006435871124,0.5527044534683228,0.7183412909507751,88.1179679509035,88.32253665189226,48.44868735083532,66.37277603149414,72.81549199628131,917.3908832073212,7.709910869598389,0.5590843898207511
117,3.4126334190368652,1.920648455619812,0.2004951387643814,0.5194981098175049,0.7719917893409729,88.47596317763382,88.45891578588476,48.48278213433345,65.33828973770142,72.68898770888836,925.4608764648438,7.701541900634766,0.5562889678716474
118,3.443444013595581,1.929029941558838,0.19291412830352783,0.5097090601921082,0.811790943145752,88.20320490964882,88.64643709512444,48.65325605182407,64.38192129135132,72.47120483698717,933.4737040996552,7.654897689819336,0.5535075230322891
119,3.518839120864868,1.9698072671890259,0.1871347427368164,0.49596309661865234,0.8659341931343079,89.36242754858506,88.76576883736789,48.21002386634845,62.72485852241516,72.26576969367913,941.4968106746674,7.6558837890625,0.5507399854171277
120,3.536900520324707,1.966815710067749,0.16426104307174683,0.4897926151752472,0.9160311818122864,89.12376406409818,88.7146266621207,49.02829867030344,64.43504095077515,72.82543258682436,949.4171500205994,7.553825616836548,0.547986285490042
121,3.6153297424316406,2.0209784507751465,0.1879890412092209,0.5125099420547485,0.893852174282074,88.78281622911695,88.68053187862257,49.18172519604501,63.98095488548279,72.65650704731684,957.750515460968,7.962716102600098,0.5452463540625918
122,3.4629273414611816,2.0158088207244873,0.17847447097301483,0.5091052055358887,0.759539008140564,88.81691101261508,88.69757927037163,47.698602113876575,64.7625207901001,72.49390329674084,965.9388542175293,7.8229029178619385,0.5425201222922789
123,3.46077299118042,2.0105929374694824,0.18918542563915253,0.5263211131095886,0.7346735596656799,88.61234231162632,88.88510057961132,48.90896692806,65.18369913101196,72.8975272375774,974.1449062824249,7.836524963378906,0.5398075216808175
124,3.397951602935791,1.9798673391342163,0.17581753432750702,0.5028513669967651,0.7394152879714966,89.46471189907945,88.78281622911695,49.93181043300375,64.14588689804077,73.08130636481023,982.9508390426636,8.383925199508667,0.5371084840724134
125,3.407897710800171,1.9332925081253052,0.1662384569644928,0.5341773629188538,0.7741895318031311,89.26014319809069,87.99863620866007,49.5908625980225,65.94456434249878,73.19855158681801,990.8724284172058,7.556464672088623,0.5344229416520513
126,3.4341976642608643,1.9567774534225464,0.20676441490650177,0.524756669998169,0.7458992004394531,88.62938970337538,88.52710535288101,49.232867371292194,67.23654270172119,73.40647628231744,998.7094795703888,7.477149486541748,0.531750826943791
127,3.413867235183716,1.9185250997543335,0.1730862557888031,0.5506482720375061,0.7716076374053955,88.54415274463007,88.49301056938288,48.90896692806,67.3033595085144,73.31237243764684,1006.7306933403015,7.646789789199829,0.5290920728090721
128,3.4377763271331787,1.9686908721923828,0.14503715932369232,0.53370600938797,0.7903423309326172,87.84520968291851,88.40777361063758,49.454483464030005,65.41045904159546,72.77948144979538,1014.6046605110168,7.511926889419556,0.5264466124450268
129,3.4874279499053955,1.9856491088867188,0.1600741297006607,0.5482063889503479,0.7934982776641846,88.37367882713944,88.78281622911695,49.13058302079782,63.98226022720337,72.5673345760644,1022.6644718647003,7.6911938190460205,0.5238143793828016
130,3.4052584171295166,2.001009941101074,0.16596472263336182,0.5166321396827698,0.7216517925262451,87.93044664166383,88.86805318786226,50.69894306171155,64.306640625,72.95102087905941,1030.7585821151733,7.728237152099609,0.5211953074858876
131,3.382857322692871,2.002808094024658,0.16039660573005676,0.5257533192634583,0.693899393081665,88.18615751789977,88.93624275485851,52.19911353562905,63.82887363433838,73.28759686068142,1038.7329654693604,7.606513261795044,0.5185893309484582
132,3.400207281112671,2.0042271614074707,0.16620923578739166,0.5126942992210388,0.7170765995979309,88.15206273440164,88.7146266621207,52.47187180361404,65.0119423866272,73.5876258966909,1046.8717815876007,7.779183864593506,0.5159963842937159
133,3.4001338481903076,2.013519287109375,0.1792597472667694,0.5022884607315063,0.705066442489624,88.22025230139788,88.98738493010569,51.363791339924994,65.25180339813232,73.45580799239022,1055.0603897571564,7.830017566680908,0.5134164023722473
134,3.4116556644439697,2.009674072265625,0.1492225080728531,0.5137827396392822,0.7389762997627258,88.37367882713944,88.78281622911695,50.4091374019775,65.95176458358765,73.37934926045538,1063.177209854126,7.755127668380737,0.510849320360386
135,3.4182398319244385,1.9989997148513794,0.1469336301088333,0.5300771594047546,0.7422292828559875,88.40777361063758,88.799863620866,49.13058302079782,66.2100613117218,73.13707039100579,1071.1918046474457,7.61539363861084,0.5082950737585841
136,3.3955445289611816,1.9723036289215088,0.15341468155384064,0.5002911686897278,0.7695351243019104,88.91919536310945,89.14081145584726,49.67609955676782,66.53081178665161,73.56672954059404,1079.1103825569153,7.5270678997039795,0.5057535983897912
137,3.38036847114563,1.9714053869247437,0.15582777559757233,0.49637237191200256,0.756762683391571,88.90214797136038,88.98738493010569,49.38629389703376,67.3579752445221,73.65845051075549,1087.092158317566,7.62365984916687,0.5032248303978422
138,3.416348695755005,1.9914162158966064,0.15533821284770966,0.49306929111480713,0.7765248417854309,89.03852710535288,89.31128537333788,50.64780088646437,66.06243848800659,73.76501296329043,1095.2511093616486,7.798308849334717,0.500708706245853
139,3.3521957397460938,1.9732788801193237,0.15565535426139832,0.5064423680305481,0.716819167137146,88.69757927037163,88.95329014660757,50.98874872144562,66.07075929641724,73.67759435871052,1103.9211304187775,8.29330849647522,0.5
140,3.312995433807373,1.9326564073562622,0.16331525146961212,0.5020393133163452,0.7149844765663147,88.78281622911695,89.15785884759632,51.943402659393115,66.82671904563904,74.17769919543635,1111.8857548236847,7.605313777923584,0.5
141,3.262263536453247,1.894397258758545,0.14701351523399353,0.5056009888648987,0.7152519226074219,89.05557449710194,89.345380156836,50.92055915444937,67.47117638587952,74.1981725485667,1120.0791656970978,7.827094316482544,0.5
142,3.2763514518737793,1.9086977243423462,0.16098681092262268,0.507132351398468,0.69953453540802,89.19195363109445,89.03852710535288,50.971701329696565,66.94294810295105,74.03628254227374,1128.1741654872894,7.733346939086914,0.5
143,3.2429563999176025,1.888956069946289,0.13943737745285034,0.512004017829895,0.702558696269989,89.08966928060008,89.32833276508694,52.57415615410842,65.73931574821472,74.18286848700254,1136.0939736366272,7.512623071670532,0.5
144,3.22810697555542,1.882375717163086,0.14134469628334045,0.5158889889717102,0.6884975433349609,88.66348448687351,89.32833276508694,52.2673031026253,66.93667769432068,74.29894951222661,1144.4146332740784,7.9561262130737305,0.5
145,3.198890209197998,1.8807910680770874,0.14615754783153534,0.5050103068351746,0.6669312119483948,89.41356972383225,89.12376406409818,52.94919877258779,65.10604619979858,74.14814469007919,1152.3965060710907,7.614459991455078,0.5
146,3.223849296569824,1.8913793563842773,0.14687223732471466,0.5161001682281494,0.669497549533844,89.15785884759632,89.03852710535288,53.47766791680873,65.55265188217163,74.30667643798239,1160.358270406723,7.590508222579956,0.5
147,3.2093007564544678,1.889121651649475,0.13668623566627502,0.5043502449989319,0.6791426539421082,88.95329014660757,89.17490623934538,52.91510398908967,66.4246678352356,74.36699205256956,1168.3816938400269,7.663279294967651,0.5
148,3.2177023887634277,1.8899486064910889,0.14383326470851898,0.5025978088378906,0.6813229322433472,89.12376406409818,89.22604841459257,52.2673031026253,66.58722162246704,74.30108430094577,1176.3805046081543,7.638639688491821,0.5
149,3.1750850677490234,1.835176944732666,0.13674406707286835,0.5246486067771912,0.6785153746604919,89.02147971360382,88.74872144561881,52.72758267984998,66.91215634346008,74.35248504563317,1184.5207998752594,7.772499322891235,0.5
150,3.1811344623565674,1.8323793411254883,0.13081145286560059,0.49880170822143555,0.719141960144043,89.3965223320832,89.07262188885102,52.50596658711218,67.65408515930176,74.65729899183704,1192.3397772312164,7.454478740692139,0.5
151,3.2210278511047363,1.9019227027893066,0.15767261385917664,0.48615774512290955,0.6752749681472778,89.29423798158882,89.08966928060008,52.659393112853735,66.56167507171631,74.40124386168974,1200.3453619480133,7.640607595443726,0.5
152,3.2138431072235107,1.8629329204559326,0.14858528971672058,0.48172348737716675,0.7206013798713684,89.63518581657006,89.14081145584726,52.216160927378105,66.66710376739502,74.4148154917976,1208.3343391418457,7.623103618621826,0.5
153,3.2179179191589355,1.8871484994888306,0.12959161400794983,0.4769931733608246,0.7241846919059753,89.56699624957382,89.00443232185475,51.97749744289124,67.36376881599426,74.47817370757852,1216.3411753177643,7.641214609146118,0.5
154,3.219846487045288,1.866326928138733,0.13478095829486847,0.5040821433067322,0.714656412601471,89.15785884759632,88.83395840436414,51.60245482441187,67.7669107913971,74.34029571694235,1225.0457136631012,8.335860252380371,0.5
155,3.2139604091644287,1.8904361724853516,0.13381513953208923,0.49305295944213867,0.6966562271118164,89.29423798158882,89.07262188885102,51.50017047391749,67.69716739654541,74.39104943522568,1233.3444015979767,7.9310431480407715,0.5
156,3.1708807945251465,1.8591699600219727,0.12340088933706284,0.5032945275306702,0.6850153803825378,89.3965223320832,89.19195363109445,52.318445277872485,69.46067810058594,75.09189983540901,1241.4564423561096,7.748896837234497,0.5
157,3.1366491317749023,1.8581585884094238,0.13545994460582733,0.5148388147354126,0.6281920075416565,89.60109103307194,89.12376406409818,53.66518922604841,68.64417791366577,75.25855555922108,1249.6314225196838,7.807467222213745,0.5
158,3.210024118423462,1.8856651782989502,0.1587582677602768,0.5107889771461487,0.6548118591308594,89.24309580634163,89.22604841459257,53.06853051483124,67.83860921859741,74.84407098859072,1257.5701260566711,7.574164390563965,0.5
159,3.158795118331909,1.8448424339294434,0.15141639113426208,0.5221571922302246,0.6403792500495911,88.93624275485851,89.56699624957382,53.56290487555404,67.7323043346405,74.94961205365671,1265.4799220561981,7.544099807739258,0.5
160,3.242755889892578,1.8752689361572266,0.16362421214580536,0.5000684857368469,0.7037943005561829,89.12376406409818,89.05557449710194,53.034435731333105,67.90602207183838,74.77994909109292,1273.5539724826813,7.7062976360321045,0.5
161,3.1806933879852295,1.85794997215271,0.14427395164966583,0.5070729851722717,0.6713964343070984,89.60109103307194,89.3965223320832,53.39243095806342,68.1182861328125,75.12708261400776,1281.6203262805939,7.698526620864868,0.5
162,3.1708903312683105,1.835626244544983,0.14668017625808716,0.5091886520385742,0.6793950796127319,89.72042277531538,89.15785884759632,53.341288782816235,69.18352842330933,75.35077470725932,1289.556212902069,7.574877023696899,0.5
163,3.133823871612549,1.8073090314865112,0.13802245259284973,0.48765143752098083,0.7008410692214966,89.44766450733039,89.08966928060008,52.301397886123425,67.94933080673218,74.69701562019651,1297.4275317192078,7.5079026222229,0.5
164,3.065751791000366,1.7823787927627563,0.13222096860408783,0.48888134956359863,0.662270724773407,89.58404364132288,89.00443232185475,52.8128196385953,68.22462677955627,74.9064805953323,1305.305944442749,7.512319803237915,0.5
165,3.1171905994415283,1.802552342414856,0.11841534823179245,0.48227226734161377,0.7139505743980408,90.01022843504943,89.41356972383225,51.96045005114217,68.1158185005188,74.87501667763567,1313.5770707130432,7.899396181106567,0.5
166,3.131793975830078,1.8162593841552734,0.13286466896533966,0.4878995716571808,0.6947702765464783,89.54994885782476,89.00443232185475,52.301397886123425,69.11813020706177,74.99347731821618,1321.3970110416412,7.4506995677948,0.5
167,3.1918091773986816,1.8457351922988892,0.14630913734436035,0.5034379959106445,0.6963268518447876,89.83975451755882,88.95329014660757,52.35254006137061,67.76115298271179,74.7266844270622,1329.7263593673706,7.963819980621338,0.5
168,3.160520315170288,1.8465713262557983,0.13692399859428406,0.4960953891277313,0.6809297204017639,89.58404364132288,89.14081145584726,53.00034094783498,67.98135638237,74.92663810684378,1337.7764399051666,7.683436155319214,0.5
169,3.1094884872436523,1.8154534101486206,0.13526573777198792,0.48695090413093567,0.6718186140060425,89.7545175588135,89.32833276508694,52.54006137061029,68.72258186340332,75.08637338947852,1346.7108006477356,8.572957277297974,0.5
170,3.051119327545166,1.7551110982894897,0.14088121056556702,0.4960800111293793,0.6590471863746643,89.46471189907945,89.345380156836,53.614047050801226,68.76387000083923,75.29700227688897,1354.8358721733093,7.759864091873169,0.5
171,3.056835174560547,1.7887706756591797,0.13021992146968842,0.4891899526119232,0.6486547589302063,89.44766450733039,89.65223320831913,52.8128196385953,69.10049319267273,75.25330263672939,1363.1495344638824,7.957837104797363,0.5
172,3.067978620529175,1.781479835510254,0.13763396441936493,0.48177915811538696,0.6670857071876526,89.26014319809069,89.41356972383225,53.40947834981248,69.66580152511597,75.43724819921285,1371.2493968009949,7.677920818328857,0.5
173,3.1221046447753906,1.7849913835525513,0.1316954493522644,0.49920588731765747,0.7062121629714966,89.10671667234912,89.37947494033412,52.881009205591546,69.80870962142944,75.29397760992606,1379.2035551071167,7.584334135055542,0.5
174,3.0923752784729004,1.7571481466293335,0.15656420588493347,0.5123342275619507,0.6663285493850708,89.345380156836,89.24309580634163,52.52301397886123,69.06516551971436,75.0441638654383,1387.1391129493713,7.553452253341675,0.5
175,3.150709629058838,1.8041198253631592,0.14800132811069489,0.5183774828910828,0.6802109479904175,89.58404364132288,89.36242754858506,52.84691442209342,68.61175298690796,75.10128464972733,1395.0393891334534,7.486305475234985,0.5
176,3.0542705059051514,1.769716739654541,0.12131291627883911,0.48594874143600464,0.6772921085357666,89.63518581657006,89.12376406409818,53.81861575178998,67.42866635322571,75.00155799642098,1402.9991896152496,7.59323525428772,0.5
177,3.0691468715667725,1.7666856050491333,0.12389843165874481,0.494212806224823,0.6843499541282654,90.12956017729287,89.49880668257757,52.42072962836686,68.37619543075562,75.10632297974823,1410.835055589676,7.473830938339233,0.5
178,3.0518712997436523,1.792160987854004,0.1236586794257164,0.49316179752349854,0.6428899168968201,90.12956017729287,89.36242754858506,54.091374019774975,67.32809543609619,75.22786429543729,1418.7655034065247,7.571775197982788,0.5
179,3.0794005393981934,1.8088971376419067,0.12275507301092148,0.4979778230190277,0.6497705578804016,89.72042277531538,89.31128537333788,53.426525741561534,66.68310165405273,74.78533388606688,1426.8680565357208,7.740876913070679,0.5
180,3.10791015625,1.8031792640686035,0.12511800229549408,0.5139333009719849,0.6656795740127563,89.95908625980225,89.24309580634163,53.51176270030685,67.09418892860413,74.95203342376372,1434.8510563373566,7.613324880599976,0.5
181,3.0469045639038086,1.7926825284957886,0.1301220804452896,0.5057042241096497,0.6183958053588867,89.53290146607569,89.10671667234912,53.75042618479373,69.0604567527771,75.36262526899891,1442.776927471161,7.555610656738281,0.5
182,3.0518980026245117,1.7615506649017334,0.13982246816158295,0.5094978213310242,0.6410269737243652,89.46471189907945,88.93624275485851,54.449369246505285,67.43242740631104,75.07068782668857,1450.6881926059723,7.552328109741211,0.5
183,3.0374462604522705,1.7528448104858398,0.13625384867191315,0.49456337094306946,0.6537842154502869,89.66928060006819,89.20900102284351,53.78452096829185,69.15580034255981,75.45465073344084,1459.3116018772125,8.258380889892578,0.5
184,3.0793399810791016,1.7607002258300781,0.13755850493907928,0.49719423055648804,0.6838870644569397,89.41356972383225,89.03852710535288,54.36413228775997,70.93589901924133,75.93803203404661,1467.9672713279724,8.274957418441772,0.5
185,3.097226619720459,1.7881660461425781,0.1402880996465683,0.4830843508243561,0.6856879591941833,89.890896692806,89.65223320831913,54.05727923627685,68.82872581481934,75.60728373805533,1475.8644840717316,7.529383182525635,0.5
186,3.061307191848755,1.7923671007156372,0.12752246856689453,0.4749681055545807,0.6664495468139648,89.22604841459257,89.58404364132288,53.68223661779747,71.13690972328186,75.90730959924869,1483.928878068924,7.707844495773315,0.5
187,3.035707950592041,1.7897984981536865,0.11524039506912231,0.4883861839771271,0.6422829627990723,89.78861234231162,89.345380156836,52.72758267984998,69.80658769607544,75.41704071876826,1491.8761849403381,7.580633163452148,0.5
188,3.052577257156372,1.781324028968811,0.11973593384027481,0.4904867708683014,0.6610305905342102,89.32833276508694,89.37947494033412,52.59120354585748,69.52884793281555,75.20696479602353,1499.7490048408508,7.508159399032593,0.5
189,3.0925121307373047,1.7752842903137207,0.12987323105335236,0.4900114834308624,0.697343111038208,89.90794408455506,89.54994885782476,52.898056597340606,69.02536153793335,75.34532776941344,1507.6967060565948,7.579389333724976,0.5
190,3.046245574951172,1.776474952697754,0.11982323229312897,0.4694500267505646,0.6804972887039185,89.80565973406068,89.72042277531538,52.82986703034436,68.43533515930176,75.19782117475555,1515.6663484573364,7.617191314697266,0.5
191,2.999565839767456,1.7770330905914307,0.12054221332073212,0.4737800061702728,0.6282104849815369,89.58404364132288,89.63518581657006,53.35833617456529,70.35714387893677,75.73367737784875,1523.4811282157898,7.448803901672363,0.5
192,3.1177520751953125,1.830195665359497,0.12810441851615906,0.48249223828315735,0.6769596338272095,89.68632799181725,89.68632799181725,53.614047050801226,68.15041303634644,75.28427901769554,1531.7258551120758,7.878452777862549,0.5
193,3.0505330562591553,1.7940683364868164,0.11767658591270447,0.4778324365615845,0.6609557271003723,89.90794408455506,89.37947494033412,54.14251619502216,68.60347986221313,75.50835377053112,1540.0932199954987,8.005739688873291,0.5
194,3.0649476051330566,1.7984930276870728,0.13357296586036682,0.48805275559425354,0.6448288559913635,89.66928060006819,89.43061711558131,53.81861575178998,68.97003054618835,75.47213600340696,1548.0790662765503,7.622044563293457,0.5
195,3.0386366844177246,1.7803725004196167,0.12307672202587128,0.4708060622215271,0.6643814444541931,90.33412887828163,89.31128537333788,54.05727923627685,68.80258917808533,75.62632066649542,1556.206258058548,7.7622339725494385,0.5
196,3.031216859817505,1.7979730367660522,0.12008193135261536,0.4810069501399994,0.6321550011634827,89.890896692806,89.4817592908285,54.1254688032731,68.45963597297668,75.48944018997106,1564.3266427516937,7.727993488311768,0.5
197,3.01033091545105,1.7646596431732178,0.13387100398540497,0.4817343056201935,0.6300658583641052,90.12956017729287,89.58404364132288,54.34708489601091,69.1831886768341,75.81096934786518,1572.287314414978,7.600491762161255,0.5
198,3.015699863433838,1.7654248476028442,0.12705208361148834,0.478516161441803,0.6447067856788635,90.06137061029662,89.4817592908285,53.97204227753154,69.69187259674072,75.80176119384933,1579.396689414978,6.749080419540405,0.5
199,3.020629405975342,1.7471163272857666,0.13102120161056519,0.49946272373199463,0.6430292725563049,90.19774974428913,89.20900102284351,54.295942720763726,69.70740556716919,75.85252476376638,1587.5656502246857,7.811987400054932,0.5
200,3.0538806915283203,1.7342056035995483,0.12953375279903412,0.48426178097724915,0.7058795094490051,89.95908625980225,89.44766450733039,54.15956358677122,69.15706396102905,75.68084457873323,1595.412791967392,7.496675252914429,0.5
201,3.0888357162475586,1.7518012523651123,0.13078293204307556,0.49479424953460693,0.711457371711731,90.35117627003069,89.41356972383225,53.40947834981248,68.97129416465759,75.53637962708325,1602.6463677883148,6.874544620513916,0.5
202,3.058418035507202,1.7302296161651611,0.12419639527797699,0.48605161905288696,0.7179403305053711,89.92499147630413,89.53290146607569,54.26184793726559,70.5935001373291,76.07831025424363,1609.8493044376373,6.85054612159729,0.5
203,3.016644239425659,1.7474554777145386,0.13515836000442505,0.5067330002784729,0.6272974014282227,89.82270712580976,89.31128537333788,54.466416638254344,69.78563070297241,75.8465099600936,1618.1936807632446,7.973250865936279,0.5
204,3.0106544494628906,1.745483636856079,0.12345890700817108,0.5016164779663086,0.640095591545105,89.85680190930788,89.345380156836,54.841459256733714,69.64308023452759,75.9216803893513,1625.80255651474,7.23397159576416,0.5
205,3.006802797317505,1.7626900672912598,0.12476899474859238,0.48869335651397705,0.6306502223014832,89.77156495056256,89.29423798158882,54.8926014319809,69.38503980636597,75.83586104262456,1632.9588947296143,6.779129266738892,0.5
206,2.9830093383789062,1.7372088432312012,0.10814890265464783,0.478184312582016,0.6594672799110413,90.23184452778725,89.27719058983975,54.568700988748716,69.39690113067627,75.868659309263,1640.8329403400421,7.514660596847534,0.5
207,3.010497570037842,1.7332924604415894,0.13287615776062012,0.47758495807647705,0.6667439341545105,89.7545175588135,89.27719058983975,53.733378793044665,68.66761445999146,75.35817535042234,1647.9430527687073,6.765432357788086,0.5
208,2.938499927520752,1.6973950862884521,0.1143755316734314,0.4968583583831787,0.6298707723617554,89.83975451755882,89.14081145584726,53.81861575178998,69.02822256088257,75.45685107151965,1655.521638393402,7.223356008529663,0.5
209,2.958604097366333,1.7371846437454224,0.11835601925849915,0.4861478805541992,0.6169155240058899,89.60109103307194,89.29423798158882,54.60279577224685,68.94224882125854,75.61009340204154,1662.9901592731476,7.112329721450806,0.5
210,2.9792771339416504,1.716550588607788,0.12064298242330551,0.4903586208820343,0.6517246961593628,90.18070235254007,89.49880668257757,54.074326628025915,69.51621770858765,75.8175133429328,1670.1619908809662,6.827300071716309,0.5
211,3.029489040374756,1.7523542642593384,0.12048476934432983,0.501514196395874,0.6551357507705688,89.58404364132288,89.60109103307194,54.909648823729974,68.92065405845642,75.75385938914529,1677.5053496360779,6.970018148422241,0.5
212,3.0372278690338135,1.7721518278121948,0.12867675721645355,0.5046021342277527,0.6317970752716064,89.83975451755882,89.41356972383225,54.568700988748716,70.50468921661377,76.08167861168839,1685.161957025528,7.285073757171631,0.5
213,3.063518524169922,1.797250509262085,0.13436585664749146,0.4949937164783478,0.6369086503982544,89.7545175588135,89.60109103307194,54.04023184452779,68.82550120353699,75.55533540998755,1692.44287443161,6.935750722885132,0.5
214,3.034238815307617,1.7770377397537231,0.12194857001304626,0.4897814989089966,0.6454709768295288,90.41936583702693,89.65223320831913,53.81861575178998,69.20918822288513,75.7748507550053,1699.5677199363708,6.764816522598267,0.5
215,3.0593080520629883,1.7851773500442505,0.11720676720142365,0.49466124176979065,0.6622626781463623,90.40231844527787,89.85680190930788,53.54585748380498,68.70601177215576,75.62774740263663,1706.739684343338,6.817976951599121,0.5
216,2.999027729034424,1.7547940015792847,0.1216106191277504,0.4822462797164917,0.6403769254684448,90.60688714626663,89.70337538356632,53.733378793044665,69.28974390029907,75.83334630579417,1714.1665225028992,7.075695276260376,0.5
217,2.9972949028015137,1.7437539100646973,0.11912604421377182,0.48633068799972534,0.6480841040611267,90.11251278554381,89.51585407432663,54.34708489601091,69.321608543396,75.82426507481934,1722.067745923996,7.5378923416137695,0.5
218,3.0817155838012695,1.731422781944275,0.1478741616010666,0.5114091634750366,0.691009521484375,89.87384930105694,89.19195363109445,53.40947834981248,70.26339769363403,75.68466974389946,1729.317642211914,6.905554533004761,0.5
219,3.012482166290283,1.7351441383361816,0.11935082077980042,0.4878427982330322,0.6701444983482361,90.31708148653256,89.22604841459257,53.716331401295605,69.40741539001465,75.66671917310885,1737.1934022903442,7.499981164932251,0.5
220,3.060079574584961,1.7784382104873657,0.13240374624729156,0.48323118686676025,0.6660064458847046,89.77156495056256,89.22604841459257,53.37538356631435,69.71498131752014,75.52199456224741,1744.3247361183167,6.771240472793579,0.5
221,3.04424786567688,1.7464406490325928,0.12578392028808594,0.49458128213882446,0.6774420738220215,89.46471189907945,89.4817592908285,53.80156836004092,70.05558013916016,75.70090492227726,1751.4592695236206,6.77030873298645,0.5
222,3.0444798469543457,1.7702927589416504,0.1353422999382019,0.4934796094894409,0.6453653573989868,88.98738493010569,89.14081145584726,54.50051142175247,69.91755962371826,75.63656685785591,1759.2246434688568,7.39894437789917,0.5
223,2.960085391998291,1.7266039848327637,0.11839280277490616,0.4955490231513977,0.6195394992828369,89.65223320831913,89.32833276508694,54.21070576201841,70.14710903167725,75.83459519177542,1766.8349239826202,7.261283874511719,0.5
224,3.023470640182495,1.726187825202942,0.15398041903972626,0.4989074766635895,0.6443948149681091,89.80565973406068,89.27719058983975,54.14251619502216,70.70128321647644,75.98166243384976,1773.9437823295593,6.751274108886719,0.5
225,3.0319106578826904,1.7580275535583496,0.13985268771648407,0.4952174723148346,0.6388130187988281,89.56699624957382,89.44766450733039,53.9890896692806,69.15258169174194,75.53908302948169,1781.2269232273102,6.928433179855347,0.5
226,3.011275291442871,1.7356624603271484,0.13270150125026703,0.5052477121353149,0.6376636624336243,89.60109103307194,89.27719058983975,53.95499488578247,70.72314620018005,75.88910567721857,1788.4744691848755,6.887865781784058,0.5
227,2.997580051422119,1.7453676462173462,0.11894263327121735,0.49105092883110046,0.6422187685966492,89.73747016706443,89.29423798158882,54.091374019774975,69.22791600227356,75.58774954267544,1796.2717444896698,7.453405380249023,0.5
228,2.97074818611145,1.73845636844635,0.13261404633522034,0.47652867436408997,0.6231492161750793,89.4817592908285,89.49880668257757,53.92090010228435,69.51122283935547,75.60317222876148,1803.5365250110626,6.858614683151245,0.5
229,2.997224807739258,1.7536855936050415,0.12900811433792114,0.4724225103855133,0.6421083211898804,89.97613365155132,89.37947494033412,54.92669621547903,69.0361738204956,75.82961965696502,1811.5206580162048,7.611267566680908,0.5
230,3.0144598484039307,1.771162748336792,0.12017565965652466,0.4764304757118225,0.6466911435127258,89.85680190930788,89.31128537333788,55.76201841118309,69.08536553382874,76.0038678069144,1818.9507038593292,7.070126056671143,0.5
231,2.9751288890838623,1.714031457901001,0.11589831113815308,0.47322380542755127,0.6719754338264465,90.18070235254007,89.60109103307194,55.18240709171497,70.21437883377075,76.29464482777443,1826.175098657608,6.872148513793945,0.5
232,3.0143961906433105,1.7550185918807983,0.13250115513801575,0.4664373993873596,0.6604388952255249,89.92499147630413,89.70337538356632,55.421070576201835,68.83861422538757,75.97201291536496,1833.8966279029846,7.3681559562683105,0.5
233,2.9978184700012207,1.732812523841858,0.13228687644004822,0.47797122597694397,0.6547478437423706,89.83975451755882,89.53290146607569,54.97783839072622,69.48414444923401,75.95865970589868,1841.3344419002533,7.078843832015991,0.5
234,3.0337204933166504,1.7478179931640625,0.12908917665481567,0.47050759196281433,0.686305820941925,90.36822366177975,89.68632799181725,54.1254688032731,69.6256160736084,75.95140913261963,1849.2086930274963,7.492487907409668,0.5
235,2.9217076301574707,1.704710602760315,0.11176745593547821,0.4740559756755829,0.6311736106872559,90.53869757927036,89.54994885782476,55.046027957722465,70.61121463775635,76.43647225814348,1857.2405323982239,7.687335014343262,0.5
236,2.91420316696167,1.6706563234329224,0.12264049798250198,0.49227190017700195,0.6286343932151794,90.19774974428913,89.60109103307194,54.909648823729974,70.30248641967773,76.2527440051922,1864.5841071605682,6.983926773071289,0.5
237,2.9647839069366455,1.722367286682129,0.1358979493379593,0.47999098896980286,0.6265275478363037,89.72042277531538,89.53290146607569,55.74497101943403,69.7400689125061,76.1845910433328,1872.365029335022,7.4194183349609375,0.5
238,2.9082655906677246,1.6758878231048584,0.1264340579509735,0.4850866496562958,0.6208570599555969,89.72042277531538,89.345380156836,54.73917490623934,70.65263986587524,76.1144044260665,1879.818663597107,7.078085660934448,0.5
239,2.938829183578491,1.671779751777649,0.12286195158958435,0.5004819631576538,0.6437055468559265,89.82270712580976,89.32833276508694,54.97783839072622,70.06231546401978,76.04779843641067,1886.9375054836273,6.764869213104248,0.5
240,2.885080099105835,1.676223874092102,0.1140735074877739,0.4786692261695862,0.6161134839057922,90.23184452778725,89.70337538356632,55.267644050460284,70.83198428153992,76.50871206083845,1894.0836055278778,6.795846700668335,0.5
241,2.895443916320801,1.652940034866333,0.12921307981014252,0.4898950755596161,0.6233958005905151,89.97613365155132,89.44766450733039,55.114217524718725,70.99454402923584,76.38313992820906,1901.2709209918976,6.8429481983184814,0.5
242,2.8798460960388184,1.6623153686523438,0.10562128573656082,0.49065685272216797,0.6212526559829712,90.16365496079099,89.65223320831913,54.670985339243096,70.8236813545227,76.32763871571898,1909.2866995334625,7.654481887817383,0.5
243,2.8831934928894043,1.6732897758483887,0.10987679660320282,0.4938742518424988,0.6061527729034424,90.16365496079099,89.14081145584726,55.08012274122059,70.52290439605713,76.22687338847899,1917.8810601234436,8.237912893295288,0.5
244,2.9017629623413086,1.663633942604065,0.10754498094320297,0.4971652626991272,0.6334189176559448,90.31708148653256,89.3965223320832,54.15956358677122,69.95959281921387,75.95819005615022,1925.0682284832,6.811345100402832,0.5
245,2.873887062072754,1.659867286682129,0.11397046595811844,0.4945376515388489,0.6055117249488831,90.01022843504943,89.51585407432663,54.534606205250604,70.02770900726318,76.02209943047247,1932.3541815280914,6.929361820220947,0.5
246,2.9109408855438232,1.6661912202835083,0.120994433760643,0.5059374570846558,0.6178176999092102,90.28298670303444,89.58404364132288,55.18240709171497,69.99311447143555,76.26063797687695,1939.6300766468048,6.8845908641815186,0.5
247,2.889918565750122,1.679550051689148,0.10876085609197617,0.4905388355255127,0.6110689640045166,90.21479713603819,89.4817592908285,56.17115581316059,69.79036927223206,76.41452037806484,1946.991307258606,6.996062994003296,0.5
248,2.879631757736206,1.6483038663864136,0.1036098450422287,0.4841621518135071,0.6435558199882507,90.11251278554381,89.53290146607569,55.79611319468122,71.40597105026245,76.71187462414079,1954.4123423099518,7.076306104660034,0.5
249,2.8604049682617188,1.6706507205963135,0.1025402694940567,0.47010162472724915,0.6171123385429382,90.60688714626663,89.58404364132288,54.21070576201841,72.14047908782959,76.63552890935938,1961.7980349063873,7.011675119400024,0.5
250,2.853468656539917,1.6488254070281982,0.10616879165172577,0.47834905982017517,0.6201255917549133,90.48755540402318,89.27719058983975,56.000681895669956,72.70509004592896,77.11762948386547,1969.8251469135284,7.674126625061035,0.5
251,2.8731300830841064,1.6590968370437622,0.11279977113008499,0.46507713198661804,0.6361562609672546,90.91374019774975,89.60109103307194,55.011933174224346,70.69787979125977,76.55616104907645,1977.130004644394,6.960475206375122,0.5
252,2.8857202529907227,1.6547188758850098,0.11101997643709183,0.4842587113380432,0.6357227563858032,90.55574497101944,89.54994885782476,55.59154449369247,71.48057222366333,76.79445263655,1984.4544303417206,6.948548078536987,0.5
253,2.8814663887023926,1.6689056158065796,0.1039135605096817,0.4760757386684418,0.6325715780258179,90.96488237299694,89.58404364132288,55.65973406068871,71.88599705696106,77.0236642829924,1991.8454630374908,7.013831615447998,0.5
254,2.929656505584717,1.6753259897232056,0.11234784126281738,0.46939730644226074,0.6725853681564331,90.40231844527787,89.68632799181725,55.404023184452775,70.94894647598267,76.61040402438263,1999.3494727611542,7.14778470993042,0.5
255,2.8989529609680176,1.675525188446045,0.10636644065380096,0.47919753193855286,0.63786381483078,90.5727923627685,89.32833276508694,55.36992840095465,71.47620916366577,76.68681567311897,2007.0993766784668,7.3745880126953125,0.5
256,2.914365768432617,1.703734040260315,0.11408117413520813,0.4777377247810364,0.6188129186630249,90.67507671326287,89.26014319809069,55.5744971019434,70.68707942962646,76.54919911073085,2014.3492753505707,6.903449058532715,0.5
257,2.873236894607544,1.6993839740753174,0.09923642128705978,0.4728521704673767,0.601764440536499,90.64098192976473,89.37947494033412,56.56324582338902,70.29081583023071,76.71862963092964,2021.600192308426,6.898205041885376,0.5
258,2.8603482246398926,1.6615400314331055,0.12069463729858398,0.4576856195926666,0.6204277873039246,90.04432321854756,89.890896692806,55.35288100920559,71.68819308280945,76.74407350084216,2029.0682864189148,7.076491355895996,0.5
259,2.8627982139587402,1.6391031742095947,0.11392536014318466,0.48901909589767456,0.6207505464553833,90.35117627003069,89.43061711558131,55.267644050460284,71.9264030456543,76.74396012043164,2036.3492922782898,6.922183990478516,0.5
260,2.8315658569335938,1.637204647064209,0.11020652204751968,0.49347004294395447,0.5906845927238464,90.12956017729287,89.20900102284351,56.15410842141152,71.0282564163208,76.63023150946717,2044.6152770519257,7.905993938446045,0.5
261,2.8566789627075195,1.648733377456665,0.11538956314325333,0.4942205250263214,0.5983355641365051,90.04432321854756,89.41356972383225,55.64268666893965,71.51210904121399,76.65317216313336,2052.0539512634277,7.073100566864014,0.5
262,2.8389296531677246,1.6365615129470825,0.10426495224237442,0.5021886825561523,0.5959143042564392,90.69212410501193,89.19195363109445,56.324582338902154,71.19512557983398,76.85094641371063,2059.1928346157074,6.78741717338562,0.5
263,2.8175151348114014,1.6152641773223877,0.1128811240196228,0.4959287643432617,0.5934410691261292,89.87384930105694,89.22604841459257,55.35288100920559,71.42034769058228,76.46828160385934,2066.5683875083923,7.0391786098480225,0.5
264,2.8123972415924072,1.6293694972991943,0.11622458696365356,0.4807412922382355,0.5860620141029358,90.04432321854756,89.43061711558131,57.176951926355265,71.0437536239624,76.92391147111164,2074.349615097046,7.426908493041992,0.5
265,2.828946590423584,1.6219844818115234,0.10561951249837875,0.48158496618270874,0.6197577118873596,90.41936583702693,89.618138424821,56.000681895669956,71.4676022529602,76.87644710261952,2081.656367301941,6.942140817642212,0.5
266,2.809046983718872,1.6437287330627441,0.10926320403814316,0.48060426115989685,0.5754508972167969,90.36822366177975,89.60109103307194,56.49505625639277,72.0152735710144,77.11991113056472,2088.9729614257812,6.969735383987427,0.5
267,2.8647871017456055,1.6437437534332275,0.1250268518924713,0.4670305550098419,0.6289858222007751,89.94203886805319,89.68632799181725,56.05182407091714,71.18754982948303,76.71693519006764,2097.012435436249,7.672011375427246,0.5
268,2.8187246322631836,1.6190401315689087,0.1082356795668602,0.4787711501121521,0.6126775145530701,90.2488919195363,89.66928060006819,56.443914081145586,70.65191268920898,76.75349982248977,2104.2085134983063,6.811178207397461,0.5
269,2.860851287841797,1.6130660772323608,0.12073402851819992,0.49138858914375305,0.6356625556945801,90.19774974428913,89.46471189907945,56.358677122400266,72.52432703971863,77.13636645137186,2111.4794771671295,6.901691913604736,0.5
270,2.836440324783325,1.6354130506515503,0.11619803309440613,0.4841475188732147,0.600681722164154,90.3000340947835,89.68632799181725,56.73371974087964,71.32505178451538,77.01128340299894,2118.732502222061,6.910794258117676,0.5
271,2.7912700176239014,1.615356206893921,0.11432712525129318,0.4917958974838257,0.5697908401489258,90.01022843504943,89.32833276508694,56.29048755540402,71.2531566619873,76.72055135438191,2125.89209485054,6.797364234924316,0.5
272,2.8110511302948,1.6423877477645874,0.10872580111026764,0.4681837856769562,0.5917537808418274,89.95908625980225,89.63518581657006,56.597340606887144,71.111661195755,76.82581846975361,2133.295999288559,7.037821531295776,0.5
273,2.845018148422241,1.6319527626037598,0.10551675409078598,0.4827313721179962,0.6248171925544739,90.40231844527787,89.66928060006819,56.614387998636204,71.76531553268433,77.11282564416665,2140.9569942951202,7.312021970748901,0.5
274,2.836989402770996,1.650592565536499,0.10902782529592514,0.4982038140296936,0.5791651606559753,90.23184452778725,89.60109103307194,57.12580975110808,70.13711333274841,76.77396466117892,2148.1609885692596,6.833649158477783,0.5
275,2.820152759552002,1.6364250183105469,0.10842324793338776,0.4836210012435913,0.5916832685470581,89.97613365155132,89.72042277531538,56.51210364814183,70.73107957839966,76.73493491335205,2155.3582112789154,6.842904090881348,0.5
276,2.8212363719940186,1.6531182527542114,0.11219879239797592,0.46909013390541077,0.5868291258811951,90.55574497101944,89.78861234231162,56.56324582338902,71.60508632659912,77.12817236582981,2163.441293001175,7.729751348495483,0.5
277,2.841660261154175,1.6267586946487427,0.1160694807767868,0.4889909327030182,0.6098410487174988,89.94203886805319,89.56699624957382,56.801909307875896,71.88962697982788,77.0501428513327,2171.4268147945404,7.638111114501953,0.5
278,2.836972236633301,1.652522325515747,0.11200519651174545,0.47625115513801575,0.5961934924125671,90.06137061029662,89.65223320831913,56.443914081145586,71.71087861061096,76.96709912759307,2179.4717190265656,7.678880453109741,0.5
279,2.785574197769165,1.6136085987091064,0.10498186200857162,0.48124873638153076,0.585735023021698,90.45346062052506,89.66928060006819,56.682577565632464,72.56454229354858,77.34246526994357,2187.5369067192078,7.694839715957642,0.5
280,2.847048759460449,1.6448020935058594,0.11306042969226837,0.4741106331348419,0.6150754690170288,89.90794408455506,89.58404364132288,56.1200136379134,72.42145538330078,77.00836418677302,2195.8738358020782,7.960954904556274,0.5
281,2.7933690547943115,1.6209495067596436,0.10243342071771622,0.47597023844718933,0.5940157771110535,90.436413228776,89.53290146607569,56.51210364814183,71.224844455719,76.92656569967812,2204.014262676239,7.77147102355957,0.5
282,2.8260903358459473,1.619450569152832,0.10512176156044006,0.47937411069869995,0.6221439838409424,90.87964541425163,90.11251278554381,56.87009887487214,72.46974110603333,77.58299954517523,2212.115146636963,7.698245048522949,0.5
283,2.847139835357666,1.6478406190872192,0.11038689315319061,0.4720078110694885,0.616904616355896,90.47050801227412,89.68632799181725,56.75076713262871,71.80100083351135,77.17715099255786,2221.0446627140045,8.562128067016602,0.5
284,2.8370087146759033,1.6605333089828491,0.10303189605474472,0.47747600078582764,0.5959675312042236,90.981929764746,89.7545175588135,57.90998977156495,71.31873369216919,77.49129269682341,2229.427843809128,7.972747564315796,0.5
285,2.8678739070892334,1.637664794921875,0.11688249558210373,0.5126071572303772,0.6007194519042969,90.33412887828163,89.63518581657006,56.47800886464371,70.67068815231323,76.77950292795217,2237.620409011841,7.831101417541504,0.5
286,2.807384967803955,1.6213905811309814,0.11540781706571579,0.4818635582923889,0.5887230038642883,90.3000340947835,89.618138424821,56.95533583361746,72.19188213348389,77.26634762167646,2245.532657623291,7.546099424362183,0.5
287,2.7980878353118896,1.629990577697754,0.09696625918149948,0.4876056909561157,0.5835254788398743,90.5216501875213,89.618138424821,56.98943061711558,72.22899794578552,77.33955429381085,2253.4071855545044,7.509515047073364,0.5
288,2.8481435775756836,1.6518726348876953,0.10382162779569626,0.4772891700267792,0.6151601076126099,90.35117627003069,89.65223320831913,56.13706102966246,70.3877866268158,76.63206428370701,2261.7377796173096,7.963910818099976,0.5
289,2.80757999420166,1.5844653844833374,0.13169661164283752,0.4784215986728668,0.6129963994026184,90.06137061029662,89.56699624957382,56.27344016365497,70.79919576644897,76.6752506974936,2269.7202966213226,7.614857912063599,0.5
290,2.8176462650299072,1.635626196861267,0.10499615222215652,0.4918580949306488,0.5851657390594482,90.5727923627685,89.56699624957382,57.04057279236277,71.77611589431763,77.23911932475568,2277.618203639984,7.535531282424927,0.5
291,2.831411838531494,1.6602813005447388,0.10199321806430817,0.4828193187713623,0.5863181352615356,90.74326628025912,89.54994885782476,57.10876235935902,71.06137871742249,77.11583905371636,2285.406295776367,7.431655645370483,0.5
292,2.810925245285034,1.6348592042922974,0.1061394140124321,0.4770978093147278,0.5928288102149963,90.23184452778725,89.78861234231162,57.22809410160246,71.04514241218567,77.07342334597176,2293.391124725342,7.620113849639893,0.5
293,2.8162522315979004,1.6344871520996094,0.11199692636728287,0.4748263657093048,0.5949417948722839,90.11251278554381,89.72042277531538,57.483804977838396,72.16734886169434,77.37102235009797,2301.296455144882,7.552004098892212,0.5
294,2.7768571376800537,1.6121087074279785,0.10934637486934662,0.4746037721633911,0.580798327922821,90.28298670303444,89.70337538356632,57.24514149335151,72.02857732772827,77.31502022692014,2309.2149801254272,7.549249172210693,0.5
295,2.747420072555542,1.6174262762069702,0.10871453583240509,0.4698249399662018,0.5514542460441589,90.69212410501193,89.56699624957382,57.58608932833277,71.61914706230164,77.36608918630505,2317.3311715126038,7.752476930618286,0.5
296,2.8077797889709473,1.6292095184326172,0.10665734112262726,0.4718160033226013,0.6000968813896179,90.67507671326287,89.7545175588135,57.90998977156495,71.02192640304565,77.34037761167176,2325.529094696045,7.8343541622161865,0.5
297,2.7939682006835938,1.6367783546447754,0.10929915308952332,0.4794085919857025,0.5684821605682373,90.28298670303444,89.68632799181725,57.58608932833277,71.41804695129395,77.2433627436196,2333.479523897171,7.583730936050415,0.5
298,2.8390564918518066,1.6510876417160034,0.1254136860370636,0.4732641279697418,0.5892910361289978,89.83975451755882,89.7545175588135,57.279236276849645,71.57158851623535,77.11127421736433,2342.080413341522,8.238048553466797,0.5
299,2.7549946308135986,1.5866190195083618,0.10254157334566116,0.4738863408565521,0.5919477939605713,90.58983975451756,89.63518581657006,56.597340606887144,72.01017141342163,77.20813439784911,2350.099641561508,7.6267290115356445,0.5
300,2.833705425262451,1.6484322547912598,0.11514367908239365,0.4722757041454315,0.5978538393974304,90.55574497101944,89.78861234231162,57.4326628025912,71.02572917938232,77.20068732382614,2358.0574219226837,7.577016115188599,0.5
301,2.767087936401367,1.6009931564331055,0.10284094512462616,0.4725227653980255,0.5907310843467712,90.36822366177975,89.85680190930788,57.176951926355265,71.48488759994507,77.22171627434699,2365.985645055771,7.5231828689575195,0.5
302,2.7680368423461914,1.6376818418502808,0.10033658146858215,0.4686387777328491,0.5613796710968018,90.81145584725537,89.72042277531538,57.756563245823386,71.0053563117981,77.32344954504806,2374.0481119155884,7.697594881057739,0.5
303,2.7763588428497314,1.6156991720199585,0.10236342251300812,0.4857262969017029,0.5725698471069336,90.40231844527787,89.77156495056256,57.53494715308558,71.2841272354126,77.24823944608465,2382.068069934845,7.610841989517212,0.5
304,2.8113479614257812,1.6479302644729614,0.10502152144908905,0.49401721358299255,0.5643789768218994,90.31708148653256,89.65223320831913,58.029321513808384,71.27386331558228,77.31812488106058,2390.1979472637177,7.748256683349609,0.5
305,2.8381989002227783,1.6469355821609497,0.09936302155256271,0.5042410492897034,0.5876592993736267,90.60688714626663,89.44766450733039,57.89294237981589,71.22193574905396,77.29235744561672,2398.287957906723,7.72193717956543,0.5
306,2.8285748958587646,1.6134854555130005,0.11005747318267822,0.49611741304397583,0.6089145541191101,90.31708148653256,89.7545175588135,58.694169792021825,71.39660120010376,77.54059250936791,2406.444619655609,7.786381959915161,0.5
307,2.8263962268829346,1.64551842212677,0.10388670861721039,0.4896737337112427,0.5873172283172607,90.23184452778725,89.618138424821,57.875894988066825,70.82636952400208,77.1380618661693,2414.350296974182,7.542981863021851,0.5
308,2.7810213565826416,1.6025161743164062,0.12064944952726364,0.4858313500881195,0.572024405002594,90.53869757927036,89.3965223320832,57.415615410842136,71.68205976486206,77.25822377176445,2422.3911259174347,7.680625677108765,0.5
309,2.7983803749084473,1.615556001663208,0.11366337537765503,0.49194854497909546,0.5772124528884888,89.90794408455506,89.66928060006819,57.34742584384589,72.77920246124268,77.42596324742796,2430.368048429489,7.609130382537842,0.5
310,2.7760841846466064,1.604823112487793,0.10912719368934631,0.49059903621673584,0.5715349316596985,89.99318104330037,89.51585407432663,57.2110467098534,72.20072150230408,77.23020083244612,2437.95756649971,7.225492000579834,0.5
311,2.7545881271362305,1.587923288345337,0.11077892780303955,0.47738346457481384,0.578502357006073,90.16365496079099,89.66928060006819,58.04636890555746,72.6169764995575,77.62407024149354,2445.899786710739,7.5640575885772705,0.5
312,2.795943260192871,1.5895346403121948,0.10729259997606277,0.47512155771255493,0.6239942312240601,90.35117627003069,89.68632799181725,56.6655301738834,72.47965335845947,77.29567194854769,2453.8001878261566,7.537864685058594,0.5
313,2.800996780395508,1.6136391162872314,0.10143978148698807,0.4786688983440399,0.6072491407394409,90.33412887828163,89.58404364132288,56.95533583361746,73.2446551322937,77.52954087137891,2462.357946872711,8.200194120407104,0.5
314,2.763637065887451,1.5794237852096558,0.10202813893556595,0.48028311133384705,0.6019019484519958,90.64098192976473,89.53290146607569,57.176951926355265,73.21849465370178,77.64233249397438,2470.26167011261,7.543324708938599,0.5
315,2.7951345443725586,1.6331392526626587,0.09929399192333221,0.47548896074295044,0.5872122645378113,90.67507671326287,89.54994885782476,56.000681895669956,71.09240293502808,76.82952760044641,2478.678654193878,8.054844379425049,0.5
316,2.838508129119873,1.6097172498703003,0.12304171919822693,0.48693665862083435,0.6188126802444458,90.3000340947835,89.41356972383225,56.836004091374015,70.75195908546448,76.82539174886355,2486.571852207184,7.536831378936768,0.5
317,2.7647323608398438,1.5802807807922363,0.11477362364530563,0.4831637740135193,0.5865142345428467,90.53869757927036,89.32833276508694,56.37572451414934,72.82437086105347,77.26678142989003,2494.51198887825,7.580339193344116,0.5
318,2.7754390239715576,1.6040655374526978,0.10235853493213654,0.4632227420806885,0.6057923436164856,90.67507671326287,89.890896692806,57.262188885100585,72.04536199569702,77.46838107171662,2502.5715873241425,7.699549913406372,0.5
319,2.7444705963134766,1.5857652425765991,0.1070670410990715,0.4762127101421356,0.5754255056381226,90.40231844527787,89.77156495056256,57.10876235935902,72.13167548179626,77.35358030924893,2510.5846683979034,7.647067308425903,0.5
320,2.7801403999328613,1.6030012369155884,0.11479971557855606,0.47500067949295044,0.5873388051986694,90.2488919195363,89.4817592908285,57.09171496760995,71.37587070465088,77.04955922065642,2519.0065388679504,8.058577299118042,0.5
321,2.788325548171997,1.6089023351669312,0.10008890181779861,0.47488126158714294,0.6044531464576721,90.38527105352881,89.7545175588135,57.72246846232526,72.30105400085449,77.54082776888052,2526.911609888077,7.498029470443726,0.5
322,2.7615578174591064,1.584816575050354,0.11208580434322357,0.47479313611984253,0.5898624062538147,90.35117627003069,89.77156495056256,57.279236276849645,72.86205291748047,77.56600760373084,2534.8002178668976,7.530946731567383,0.5
323,2.7268881797790527,1.5538403987884521,0.1048133447766304,0.483856737613678,0.5843777656555176,90.18070235254007,89.43061711558131,57.12580975110808,71.66169881820679,77.09970700935907,2542.6971719264984,7.53905987739563,0.5
324,2.769486427307129,1.5967692136764526,0.11549025774002075,0.4746472239494324,0.582579493522644,90.23184452778725,89.90794408455506,56.93828844186839,72.15890288352966,77.3092449844351,2550.659280538559,7.595520734786987,0.5
325,2.807313919067383,1.6149201393127441,0.11317349970340729,0.47397691011428833,0.6052435040473938,90.0784180020457,89.70337538356632,56.75076713262871,71.25099897384644,76.94588987302178,2558.6158163547516,7.596670627593994,0.5
326,2.7179532051086426,1.572784662246704,0.10444541275501251,0.4719303846359253,0.5687927007675171,90.64098192976473,89.618138424821,57.46675758608932,71.56780958175659,77.32342188060792,2566.57345867157,7.599925994873047,0.5
327,2.7224485874176025,1.5519397258758545,0.10663511604070663,0.4728904366493225,0.5909833312034607,90.36822366177975,89.83975451755882,57.279236276849645,72.67280220985413,77.54000416651058,2574.4845008850098,7.545651912689209,0.5
328,2.7193663120269775,1.5393872261047363,0.09916730970144272,0.47713324427604675,0.6036785244941711,90.8455506307535,89.92499147630413,58.097511080804644,72.00623750686646,77.71857267368217,2583.1217246055603,8.270419120788574,0.5
329,2.7419445514678955,1.5692157745361328,0.10743799805641174,0.478618323802948,0.5866725444793701,90.45346062052506,89.72042277531538,57.5690419365837,71.12735509872437,77.21757010778713,2591.0088403224945,7.5092246532440186,0.5
330,2.7390801906585693,1.5445612668991089,0.11569377034902573,0.48697879910469055,0.5918462872505188,90.45346062052506,89.65223320831913,57.50085236958745,71.73717021942139,77.33592910446326,2599.086348295212,7.654810190200806,0.5
331,2.7319254875183105,1.5550410747528076,0.120138980448246,0.4859931468963623,0.5707520842552185,89.66928060006819,89.83975451755882,57.756563245823386,71.6586172580719,77.23105390538056,2607.026296377182,7.557929277420044,0.5
332,2.742968797683716,1.5868101119995117,0.1037408635020256,0.48821404576301575,0.5642037391662598,90.28298670303444,89.618138424821,58.1145584725537,72.46218919754028,77.61946819948736,2615.0669162273407,7.623487949371338,0.5
333,2.7228710651397705,1.569298267364502,0.09674138575792313,0.4814341962337494,0.5753973126411438,90.77736106375724,89.72042277531538,57.415615410842136,73.67443442344666,77.89695841834036,2622.9850902557373,7.53364109992981,0.5
334,2.719381332397461,1.5782451629638672,0.1136467307806015,0.47774621844291687,0.5497431755065918,90.38527105352881,89.7545175588135,56.98943061711558,73.58686923980713,77.67902211731625,2630.975334882736,7.594173908233643,0.5
335,2.7418465614318848,1.5772839784622192,0.12159363925457001,0.4768473207950592,0.5661216974258423,90.50460279577224,89.7545175588135,59.01807023525401,73.53748083114624,78.20366785524651,2638.8125829696655,7.472841262817383,0.5
336,2.730236530303955,1.5528886318206787,0.09948757290840149,0.47749418020248413,0.6003660559654236,90.76031367200818,89.63518581657006,58.5236958745312,71.68599963188171,77.65129874874779,2646.2166731357574,7.047698497772217,0.5
337,2.735816240310669,1.5805033445358276,0.09763749688863754,0.4773150384426117,0.5803603529930115,90.12956017729287,89.97613365155132,58.48960109103307,72.87397384643555,77.8673171915782,2653.881239414215,7.297838926315308,0.5
338,2.7093422412872314,1.54877507686615,0.10183312743902206,0.48832082748413086,0.57041335105896,90.436413228776,89.65223320831913,57.858847596317766,72.05796241760254,77.50136411275386,2661.0207266807556,6.781271696090698,0.5
339,2.6971535682678223,1.5571836233139038,0.10335380584001541,0.47085168957710266,0.565764307975769,90.9307875894988,90.04432321854756,57.53494715308558,72.02461957931519,77.63366938511179,2668.6307463645935,7.201866388320923,0.5
340,2.724557399749756,1.5348503589630127,0.10256846994161606,0.48742011189460754,0.599718451499939,90.65802932151381,89.73747016706443,57.68837367882714,72.47642874717712,77.64007547864563,2676.974265575409,7.9863622188568115,0.5
341,2.727997064590454,1.5593899488449097,0.10021448880434036,0.49540796875953674,0.5729846358299255,90.48755540402318,89.60109103307194,57.58608932833277,71.64350748062134,77.32956081151231,2684.256073951721,6.921197414398193,0.5
342,2.7313764095306396,1.5729780197143555,0.09704720973968506,0.4794604480266571,0.581890881061554,90.31708148653256,89.80565973406068,58.37026934878964,71.30181789398193,77.4487071158412,2691.5687279701233,6.953404188156128,0.5
343,2.6940865516662598,1.5342544317245483,0.09224511682987213,0.4824434220790863,0.5851436257362366,90.67507671326287,89.77156495056256,57.09171496760995,72.19746112823486,77.43395443991756,2698.9902155399323,7.0629823207855225,0.5
344,2.7396302223205566,1.570975422859192,0.09673053026199341,0.4867619574069977,0.5851621031761169,90.5727923627685,89.60109103307194,57.995226730310264,72.02913165092468,77.54956044426885,2706.943125486374,7.609085559844971,0.5
345,2.7431533336639404,1.5786956548690796,0.09951630979776382,0.4696398079395294,0.595301628112793,90.65802932151381,89.92499147630413,57.07466757586089,71.20631337165833,77.21600043633428,2714.365002632141,7.068664312362671,0.5
346,2.7216968536376953,1.5567928552627563,0.09788840264081955,0.5001760125160217,0.5668397545814514,90.5727923627685,89.65223320831913,58.250937606546195,72.78730273246765,77.81581647752537,2721.9193365573883,7.197319269180298,0.5
347,2.695425033569336,1.5538947582244873,0.0973338708281517,0.47612524032592773,0.5680710673332214,90.3000340947835,89.78861234231162,58.012274122059324,73.23061227798462,77.83288320928476,2729.881668806076,7.610231876373291,0.5
348,2.7186930179595947,1.538917899131775,0.10563381016254425,0.5027636885643005,0.5713775157928467,90.67507671326287,89.78861234231162,57.756563245823386,72.90407419204712,77.78108162336126,2737.177682161331,6.9352171421051025,0.5
349,2.746156692504883,1.5404853820800781,0.11111485213041306,0.48641905188560486,0.608137309551239,90.65802932151381,89.73747016706443,58.16570064780089,72.63517379760742,77.79909348349663,2744.3804399967194,6.841768264770508,0.5
350,2.7267634868621826,1.5469670295715332,0.10858788341283798,0.5010007619857788,0.5702077746391296,90.14660756904193,89.65223320831913,58.387316740538694,73.06680679321289,77.81324107777816,2751.8034179210663,7.062987327575684,0.5
351,2.694080352783203,1.5360976457595825,0.10566343367099762,0.4803655445575714,0.5719538927078247,90.50460279577224,89.65223320831913,56.836004091374015,73.7663984298706,77.689809631334,2759.599671602249,7.436930418014526,0.5
352,2.748148202896118,1.5589637756347656,0.10307318717241287,0.492123544216156,0.5939877033233643,90.14660756904193,89.73747016706443,57.68837367882714,72.7049469947815,77.56934960242874,2767.098868370056,7.14414381980896,0.5
353,2.6719181537628174,1.5301852226257324,0.09362787753343582,0.46296343207359314,0.585141658782959,91.15240368223661,89.890896692806,58.06341629730652,74.05095100402832,78.28941691909436,2774.4280858039856,6.9579689502716064,0.5
354,2.7129721641540527,1.5585075616836548,0.09893051534891129,0.4675242006778717,0.588009774684906,90.8455506307535,89.87384930105694,58.148653256051816,70.94895839691162,77.45425289619347,2782.2354950904846,7.443080902099609,0.5
355,2.7109477519989014,1.547871708869934,0.10124706476926804,0.4686294496059418,0.5931994915008545,90.64098192976473,89.97613365155132,58.76235935901807,72.5259780883789,77.97636325717826,2790.386407136917,7.785871744155884,0.5
356,2.708911418914795,1.5488368272781372,0.0949062705039978,0.48153170943260193,0.5836368203163147,90.74326628025912,89.73747016706443,58.42141152403683,72.24252223968506,77.78616755276136,2798.6740398406982,7.931966066360474,0.5
357,2.6814424991607666,1.5312976837158203,0.10032659024000168,0.46642011404037476,0.583398163318634,90.81145584725537,89.87384930105694,58.77940675076714,73.43512773513794,78.22495990855435,2806.559490919113,7.5195746421813965,0.5
358,2.7218031883239746,1.5715296268463135,0.10867871344089508,0.47917401790618896,0.5624207258224487,90.76031367200818,89.7545175588135,57.73951585407433,72.99337387084961,77.81193023893641,2814.4528274536133,7.5340735912323,0.5
359,2.667783260345459,1.529510259628296,0.09123833477497101,0.4727453887462616,0.5742893218994141,90.67507671326287,89.99318104330037,57.72246846232526,74.34103488922119,78.18294027702743,2822.4426445961,7.622853994369507,0.5
360,2.7054708003997803,1.555619239807129,0.1011698991060257,0.46944329142570496,0.5792384743690491,90.48755540402318,89.77156495056256,58.55779065802932,72.36217260360718,77.79477090405557,2831.3755543231964,8.572972536087036,0.5
361,2.7200045585632324,1.5481202602386475,0.1075081080198288,0.4865872263908386,0.5777890682220459,90.65802932151381,89.65223320831913,58.48960109103307,72.35187888145447,77.78793562558013,2839.353171825409,7.6118669509887695,0.5
362,2.737734794616699,1.5711517333984375,0.09114498645067215,0.47386395931243896,0.6015740633010864,90.72621888851006,89.92499147630413,57.654278895329014,72.15603590011597,77.61538129006479,2847.2305915355682,7.522977113723755,0.5
363,2.698606014251709,1.537522315979004,0.09492306411266327,0.481065571308136,0.5850951671600342,90.76031367200818,89.80565973406068,58.830548926014316,72.02768921852112,77.85605288765107,2855.622465133667,8.02624797821045,0.5
364,2.69586443901062,1.5401523113250732,0.09888454526662827,0.48044347763061523,0.5763841271400452,91.05011933174224,89.87384930105694,59.03511762700306,72.82027006149292,78.19483908032379,2863.792715072632,7.803280591964722,0.5
365,2.7088265419006348,1.5489364862442017,0.09950230270624161,0.4726859927177429,0.5877017378807068,90.60688714626663,89.92499147630413,58.64302761677463,73.41673970222473,78.14791148539253,2871.7720925807953,7.622527360916138,0.5
366,2.7254629135131836,1.5804136991500854,0.09027066826820374,0.47230690717697144,0.5824716687202454,90.94783498124787,89.92499147630413,58.966928060006815,71.47895097732544,77.82967637372107,2879.6703431606293,7.5372748374938965,0.5
367,2.706040859222412,1.555020809173584,0.0991659015417099,0.4827629029750824,0.569091260433197,90.47050801227412,89.7545175588135,59.13740197749744,72.74404168128967,78.0266173074687,2887.6596665382385,7.614124774932861,0.5
368,2.6860766410827637,1.5578486919403076,0.09625528752803802,0.4774051606655121,0.5545674562454224,90.8455506307535,89.78861234231162,58.81350153426526,71.85142636299133,77.82477271758043,2895.742924451828,7.71855354309082,0.5
369,2.719459056854248,1.5513778924942017,0.09993104636669159,0.4843215346336365,0.5838286280632019,90.50460279577224,89.73747016706443,58.48960109103307,72.85182476043701,77.89587470357668,2903.641484975815,7.537665128707886,0.5
370,2.6895172595977783,1.5206990242004395,0.10522410273551941,0.4817074239253998,0.5818867087364197,90.709171496761,89.66928060006819,58.029321513808384,72.48381972312927,77.72289833344172,2911.6199820041656,7.61687970161438,0.5
371,2.7365715503692627,1.5726639032363892,0.10576728731393814,0.4817166030406952,0.5764238834381104,89.92499147630413,89.7545175588135,58.983975451755875,71.44923210144043,77.52817914707848,2919.700794696808,7.721266984939575,0.5
372,2.6679210662841797,1.548948049545288,0.09743496775627136,0.47276782989501953,0.5487702488899231,90.5216501875213,90.06137061029662,59.32492328673713,73.43135476112366,78.33482471141969,2927.799913406372,7.726760149002075,0.5
373,2.708763599395752,1.5661739110946655,0.09894519299268723,0.4868052303791046,0.5568392276763916,90.58983975451756,89.97613365155132,59.75110808046369,71.08737230300903,77.8511134473854,2935.666522026062,7.509244918823242,0.5
374,2.700068473815918,1.548840045928955,0.09252075850963593,0.48094797134399414,0.5777598023414612,91.03307193999318,89.80565973406068,58.8816911012615,71.82334661483765,77.88594234753825,2943.600558757782,7.569532871246338,0.5
375,2.711048126220703,1.558514952659607,0.10362903773784637,0.47807443141937256,0.5708298087120056,90.69212410501193,89.97613365155132,59.22263893624275,72.78980016708374,78.17017421497243,2952.4186067581177,8.44394826889038,0.5
376,2.681889772415161,1.5517102479934692,0.09729038923978806,0.47835153341293335,0.5545374751091003,90.99897715649506,89.77156495056256,58.84759631776338,72.94948697090149,78.14190634893062,2960.3193986415863,7.543534994125366,0.5
377,2.7567226886749268,1.569489598274231,0.1040354073047638,0.49611973762512207,0.5870778560638428,90.81145584725537,89.51585407432663,59.563586771223996,72.7885365486145,78.16985831035512,2968.287279367447,7.603547096252441,0.5
378,2.7112059593200684,1.5599473714828491,0.0981202945113182,0.4940549433231354,0.5590832829475403,90.8455506307535,89.92499147630413,58.19979543129901,72.90460467338562,77.96873555293556,2976.1969923973083,7.5487961769104,0.5
379,2.6945643424987793,1.5481247901916504,0.1008346751332283,0.486162006855011,0.5594426393508911,90.87964541425163,89.60109103307194,59.01807023525401,72.27711081504822,77.94397937440645,2984.131900548935,7.574445962905884,0.5
380,2.7251813411712646,1.547960877418518,0.09801296889781952,0.5000215768814087,0.579185962677002,90.81145584725537,89.7545175588135,58.8816911012615,73.583984375,78.2579122205826,2992.3632068634033,7.857689619064331,0.5
381,2.7047946453094482,1.5485353469848633,0.09813899546861649,0.4836587905883789,0.5744614601135254,90.8455506307535,89.85680190930788,59.03511762700306,72.28214740753174,78.00490439364904,3000.2574207782745,7.530463218688965,0.5
382,2.704772472381592,1.569088101387024,0.09700743108987808,0.47642797231674194,0.562248945236206,90.82850323900443,90.01022843504943,58.86464370951244,72.32650518417358,78.00747014193497,3008.1309010982513,7.511162042617798,0.5
383,2.7653465270996094,1.552864909172058,0.09495211392641068,0.4739411473274231,0.6435884237289429,90.91374019774975,89.66928060006819,58.48960109103307,72.93975353240967,78.00309385531517,3016.0925195217133,7.588362455368042,0.5
384,2.7187345027923584,1.558908462524414,0.09783989191055298,0.4821670353412628,0.5798191428184509,90.77736106375724,89.78861234231162,58.43845891578589,73.93483519554138,78.23481687934904,3024.0527369976044,7.575774192810059,0.5
385,2.718923330307007,1.5748275518417358,0.09462690353393555,0.4719327688217163,0.5775361657142639,90.67507671326287,89.70337538356632,59.13740197749744,72.99651503562927,78.12809227748897,3032.1811468601227,7.711565256118774,0.5
386,2.6659066677093506,1.5423108339309692,0.09376674890518188,0.46401095390319824,0.5658181309700012,91.15240368223661,89.90794408455506,58.677122400272765,72.40180373191833,78.03481847474569,3040.0347044467926,7.490883827209473,0.5
387,2.7072064876556396,1.5512363910675049,0.0918433889746666,0.4921993017196655,0.5719273090362549,90.62393453801569,89.56699624957382,58.54074326628026,72.58437275886536,77.82901170318378,3048.0417869091034,7.593146800994873,0.5
388,2.6381704807281494,1.5231568813323975,0.08692988753318787,0.497420072555542,0.5306636691093445,90.99897715649506,89.46471189907945,59.47834981247869,73.94155263900757,78.47089787676519,3056.1779832839966,7.710797309875488,0.5
389,2.692495346069336,1.538385033607483,0.0991954505443573,0.4790082573890686,0.5759066343307495,90.709171496761,89.78861234231162,59.563586771223996,72.59808778762817,78.1648645994812,3064.091889858246,7.5385003089904785,0.5
390,2.6730480194091797,1.530898094177246,0.09724236279726028,0.47340884804725647,0.5714986324310303,90.709171496761,90.06137061029662,59.069212410501194,72.78819680213928,78.15698782992452,3072.6840431690216,8.202139854431152,0.5
391,2.680647850036621,1.5338209867477417,0.09518493711948395,0.4843708276748657,0.5672712326049805,91.05011933174224,89.82270712580976,58.66007500852369,73.17150831222534,78.17610244457526,3080.5370359420776,7.48633074760437,0.5
392,2.699915885925293,1.5546015501022339,0.0974680706858635,0.48457759618759155,0.5632686018943787,90.81145584725537,89.618138424821,59.2055915444937,73.18987846374512,78.2062660700788,3088.401866674423,7.487797737121582,0.5
393,2.696181058883667,1.5466609001159668,0.09556817263364792,0.47695058584213257,0.5770013332366943,90.62393453801569,89.65223320831913,59.71701329696556,73.81792664527893,78.45277692214484,3096.278030395508,7.51890754699707,0.5
394,2.6666111946105957,1.5343624353408813,0.09432709217071533,0.4749945104122162,0.5629271268844604,90.69212410501193,89.99318104330037,59.22263893624275,73.54183197021484,78.36244401369248,3104.448743581772,7.803371906280518,0.5
395,2.6594927310943604,1.5183610916137695,0.09685558080673218,0.4787887930870056,0.5654872059822083,90.67507671326287,89.68632799181725,59.13740197749744,73.58740568161011,78.27155309104693,3112.336772918701,7.524631977081299,0.5
396,2.6752772331237793,1.5323152542114258,0.10122080147266388,0.48282551765441895,0.5589156746864319,90.89669280600067,89.890896692806,59.546539379474936,72.56203889846802,78.22404194418742,3120.4645879268646,7.767794847488403,0.5
397,2.6982688903808594,1.538145661354065,0.09625244140625,0.47953587770462036,0.5843348503112793,90.76031367200818,89.85680190930788,59.256733719740886,74.07272458076477,78.48664347045543,3128.3596448898315,7.532879590988159,0.5
398,2.653315782546997,1.5248346328735352,0.10251057147979736,0.47185564041137695,0.5541151165962219,90.82850323900443,89.68632799181725,59.37606546198432,72.19241857528687,78.02082881702322,3136.3107664585114,7.584944486618042,0.5
399,2.641449451446533,1.5341850519180298,0.09849681705236435,0.4641071557998657,0.5446605682373047,90.62393453801569,89.94203886805319,59.802250255710874,72.92206287384033,78.32257163390501,3143.521656513214,6.846582651138306,0.5
400,2.6680214405059814,1.5168793201446533,0.09604673087596893,0.48706626892089844,0.5680291056632996,90.9307875894988,89.7545175588135,59.15444936924651,73.83882403373718,78.419644637824,3151.1306171417236,7.273324966430664,0.5
401,2.6391963958740234,1.500630259513855,0.10279751569032669,0.47942256927490234,0.5563459992408752,90.69212410501193,89.618138424821,59.052165018752135,72.38054275512695,77.935742575928,3158.1779294013977,6.671669960021973,0.5
402,2.666853189468384,1.5365327596664429,0.09534448385238647,0.46896108984947205,0.5660150647163391,91.10126150698943,89.97613365155132,59.58063416297307,72.98784852027893,78.41146946044819,3165.3097083568573,6.76297926902771,0.5
403,2.664839267730713,1.5170987844467163,0.10378604382276535,0.48248937726020813,0.5614649653434753,90.62393453801569,89.72042277531538,59.00102284350495,73.64455461502075,78.2474836929642,3172.521019935608,6.855001449584961,0.5
404,2.6690759658813477,1.545194149017334,0.09264912456274033,0.47762778401374817,0.5536048412322998,90.96488237299694,89.87384930105694,58.81350153426526,71.91202640533447,77.8910649034134,3179.6464326381683,6.781569242477417,0.5
405,2.680544376373291,1.5316871404647827,0.10379305481910706,0.4714631736278534,0.5736009478569031,90.8455506307535,89.83975451755882,59.12035458574838,72.83486127853394,78.16013025314865,3186.771740436554,6.757755279541016,0.5
406,2.652317523956299,1.5151429176330566,0.09800723195075989,0.47244447469711304,0.5667228698730469,90.8455506307535,90.06137061029662,59.01807023525401,73.60759377479553,78.38314631277493,3194.618731021881,7.499342679977417,0.5
407,2.6680285930633545,1.520889163017273,0.09044375270605087,0.4781905710697174,0.5785050392150879,91.18649846573474,89.82270712580976,58.72826457551995,73.42342138290405,78.29022288749212,3202.0839784145355,7.115736961364746,0.5
408,2.624359607696533,1.507426381111145,0.09559895098209381,0.46620944142341614,0.5551247596740723,90.64098192976473,90.14660756904193,58.76235935901807,72.42345809936523,77.9933517392975,3209.397459745407,6.901020765304565,0.5
409,2.667647361755371,1.502634882926941,0.10605350136756897,0.4717560112476349,0.5872031450271606,90.81145584725537,89.73747016706443,59.15444936924651,73.07491302490234,78.19457210211716,3217.705231666565,7.947192192077637,0.5
410,2.6458969116210938,1.518264889717102,0.09753796458244324,0.47418418526649475,0.5559097528457642,90.709171496761,89.77156495056256,58.77940675076714,74.52054023742676,78.44517085887937,3225.654474258423,7.584834098815918,0.5
411,2.7232470512390137,1.5488837957382202,0.10228096693754196,0.4787159264087677,0.5933665037155151,90.77736106375724,90.06137061029662,58.50664848278213,73.50725531578064,78.21315886815417,3233.669473171234,7.649956464767456,0.5
412,2.6470413208007812,1.524226427078247,0.09713531285524368,0.4707261621952057,0.5549532175064087,90.76031367200818,89.87384930105694,59.052165018752135,74.00986552238464,78.42404837855048,3241.613612174988,7.584109544754028,0.5
413,2.6610734462738037,1.52329683303833,0.08754093199968338,0.4737718105316162,0.5764639973640442,91.27173542448006,89.83975451755882,59.631776338220256,71.74313068389893,78.12159924103952,3249.573631286621,7.604022979736328,0.5
414,2.661485195159912,1.506530523300171,0.0976749137043953,0.48299258947372437,0.5742870569229126,90.67507671326287,89.7545175588135,58.42141152403683,72.22198247909546,77.76824706880217,3257.4364891052246,7.505158185958862,0.5
415,2.6731109619140625,1.5291799306869507,0.10112106800079346,0.47985967993736267,0.5629503726959229,90.48755540402318,89.72042277531538,59.30787589498807,72.08141088485718,77.89931623979595,3265.3564229011536,7.562724828720093,0.5
416,2.6729180812835693,1.5235627889633179,0.09241434186697006,0.47865936160087585,0.578281581401825,91.01602454824412,89.65223320831913,58.608932833276505,73.57211709022522,78.21232692001625,3273.401876926422,7.681747674942017,0.5
417,2.6568593978881836,1.5018786191940308,0.09550423920154572,0.4814772605895996,0.5779992341995239,90.74326628025912,89.85680190930788,58.13160586430276,73.1237530708313,77.96385678117525,3281.3502361774445,7.587301969528198,0.5
418,2.6464247703552246,1.4905296564102173,0.09845244884490967,0.47381192445755005,0.5836308598518372,90.67507671326287,89.97613365155132,59.12035458574838,73.20284843444824,78.2436033462527,3289.276324748993,7.548729419708252,0.5
419,2.6501595973968506,1.5046229362487793,0.09502701461315155,0.46875718235969543,0.5817525386810303,90.981929764746,89.90794408455506,59.23968632799181,74.1175889968872,78.56178729354501,3297.39613199234,7.753653526306152,0.5
420,2.617356538772583,1.5229893922805786,0.09165794402360916,0.467538982629776,0.5351701378822327,91.33992499147631,90.04432321854756,59.13740197749744,72.5067138671875,78.2570910136772,3305.3020074367523,7.55169153213501,0.5
421,2.688649892807007,1.546762466430664,0.09676612913608551,0.4713236689567566,0.5737977623939514,90.69212410501193,89.78861234231162,58.91578588475963,72.43154048919678,77.95701570531999,3313.487114429474,7.83000636100769,0.5
422,2.638425350189209,1.4941354990005493,0.09260435402393341,0.47105279564857483,0.5806326270103455,91.2035458574838,89.97613365155132,58.74531196726901,73.82545471191406,78.43761154705454,3322.1392152309418,8.281927585601807,0.5
423,2.6242687702178955,1.4943314790725708,0.09944550693035126,0.4789104461669922,0.5515813827514648,90.60688714626663,89.78861234231162,59.75110808046369,73.90046119689941,78.51176719148533,3330.0745718479156,7.5590009689331055,0.5
424,2.6848154067993164,1.5399726629257202,0.11568092554807663,0.46046188473701477,0.5686997771263123,90.89669280600067,89.95908625980225,59.03511762700306,73.33621978759766,78.30677912010091,3338.388919353485,7.9065845012664795,0.5
425,2.678743362426758,1.5436851978302002,0.09971059858798981,0.47587451338768005,0.5594731569290161,90.74326628025912,90.0272758267985,59.802250255710874,72.16214537620544,78.18373443474349,3346.2237598896027,7.47367525100708,0.5
426,2.673238754272461,1.5295324325561523,0.09934999793767929,0.48326706886291504,0.5610893964767456,90.53869757927036,89.77156495056256,58.94988066825776,73.58434200286865,78.21112130023984,3354.356841802597,7.7663187980651855,0.5
427,2.6618847846984863,1.5156278610229492,0.09730792045593262,0.4783949851989746,0.5705541372299194,90.74326628025912,89.7545175588135,59.546539379474936,73.56653809547424,78.40271532850545,3362.2697875499725,7.540822744369507,0.5
428,2.6586568355560303,1.520518183708191,0.10244276374578476,0.4864494204521179,0.549246609210968,90.8455506307535,89.82270712580976,59.87043982270712,72.05779552459717,78.14912327596689,3370.267704486847,7.62499737739563,0.5
429,2.6602542400360107,1.5096186399459839,0.1008722111582756,0.48870640993118286,0.5610570311546326,90.82850323900443,89.92499147630413,59.989771564950566,72.17116355895996,78.22860745980478,3378.4830775260925,7.859879970550537,0.5
430,2.67417573928833,1.5554804801940918,0.09407687932252884,0.4695276916027069,0.555090606212616,91.01602454824412,89.80565973406068,59.58063416297307,72.6898193359375,78.27303444530385,3386.8589203357697,8.016850709915161,0.5
431,2.7118451595306396,1.5338752269744873,0.1034025177359581,0.49964645504951477,0.5749209523200989,90.87964541425163,89.56699624957382,59.171496760995566,72.36988544464111,77.99700596736552,3394.7651042938232,7.541197299957275,0.5
432,2.6479389667510986,1.513382077217102,0.10074669122695923,0.4781211316585541,0.5556891560554504,90.69212410501193,90.04432321854756,59.290828503239,73.71591329574585,78.4357972806361,3403.1119978427887,7.978226184844971,0.5
433,2.669846296310425,1.5377315282821655,0.09862849861383438,0.4800136089324951,0.5534726977348328,90.64098192976473,90.0272758267985,59.12035458574838,72.78944253921509,78.14451372038168,3411.5866758823395,8.079782962799072,0.5
434,2.671597957611084,1.5443980693817139,0.09773578494787216,0.47554317116737366,0.5539208650588989,90.58983975451756,89.94203886805319,59.086259802250254,72.62235879898071,78.06012430595042,3419.4291491508484,7.478209018707275,0.5
435,2.681251287460327,1.5340632200241089,0.11002106964588165,0.4808831512928009,0.5562836527824402,90.50460279577224,89.83975451755882,59.35901807023526,72.42794036865234,78.03282893805466,3427.352683544159,7.563940525054932,0.5
436,2.6475257873535156,1.5234146118164062,0.10076555609703064,0.4850902259349823,0.5382555723190308,90.76031367200818,89.80565973406068,59.81929764745993,73.11092019081116,78.37404781108499,3435.786588191986,8.063019275665283,0.5
437,2.7053475379943848,1.5477088689804077,0.09669189900159836,0.4902476668357849,0.570699155330658,90.74326628025912,89.83975451755882,60.109103307194,73.25870990753174,78.48770850313592,3444.395618915558,8.240737676620483,0.5
438,2.6292829513549805,1.4972118139266968,0.10813913494348526,0.4767913818359375,0.5471405386924744,90.58983975451756,89.890896692806,59.32492328673713,73.42105507850647,78.30667870314178,3452.3406760692596,7.570835590362549,0.5
439,2.653935670852661,1.5190235376358032,0.09742877632379532,0.4902283251285553,0.5472550988197327,90.69212410501193,89.60109103307194,59.273781111489946,71.75631523132324,77.83082787022425,3460.632132768631,7.92999529838562,0.5
440,2.6510510444641113,1.5003176927566528,0.09643487632274628,0.48439064621925354,0.5699078440666199,90.60688714626663,89.53290146607569,59.13740197749744,72.6946473121643,77.99295947550102,3468.651622056961,7.65351939201355,0.5
441,2.6770217418670654,1.5196423530578613,0.1096355989575386,0.48620864748954773,0.5615350604057312,90.41936583702693,89.66928060006819,58.89873849301057,73.25330972671509,78.0601736642052,3476.6010348796844,7.576792001724243,0.5
442,2.664144515991211,1.513308048248291,0.09665350615978241,0.4940299093723297,0.5601531267166138,90.69212410501193,89.72042277531538,59.92158199795431,73.5946536064148,78.4821956211741,3484.858895301819,7.896096229553223,0.5
443,2.6496355533599854,1.5328271389007568,0.09972363710403442,0.4837478995323181,0.533336877822876,90.65802932151381,89.90794408455506,59.81929764745993,73.30051064491272,78.42144542461038,3492.846708536148,7.621691942214966,0.5
444,2.625044822692871,1.525166630744934,0.1007503941655159,0.47721999883651733,0.5219076871871948,90.55574497101944,90.04432321854756,60.023866348448685,73.68763089179993,78.5778913574539,3500.6887085437775,7.4638402462005615,0.5
445,2.6133100986480713,1.4919917583465576,0.09620463103055954,0.4819779396057129,0.5431358218193054,90.8455506307535,89.83975451755882,59.59768155472213,74.79106187820435,78.76851214530969,3508.856323003769,7.802246809005737,0.5
446,2.6725893020629883,1.5265593528747559,0.09812057763338089,0.4847620129585266,0.563147246837616,90.62393453801569,89.618138424821,60.19434026593932,72.77355194091797,78.3024912924235,3517.340484380722,8.118483304977417,0.5
447,2.6374928951263428,1.5140196084976196,0.10249918699264526,0.4823657274246216,0.5386083126068115,90.65802932151381,89.58404364132288,59.68291851346744,73.1934905052185,78.27962049538066,3525.469625234604,7.769641160964966,0.5
448,2.6722607612609863,1.5088109970092773,0.1001698449254036,0.480952650308609,0.582327127456665,90.77736106375724,89.99318104330037,59.92158199795431,73.49570989608765,78.54695850027488,3533.6370174884796,7.807607650756836,0.5
449,2.624201774597168,1.5168710947036743,0.09627730399370193,0.4680381119251251,0.5430151224136353,90.33412887828163,89.95908625980225,60.26252983293556,72.94173836708069,78.37437083452502,3542.1483833789825,8.147472620010376,0.5
450,2.6114485263824463,1.5128990411758423,0.0993073359131813,0.48297399282455444,0.5162681937217712,90.94783498124787,89.92499147630413,60.43300375042618,73.36975336074829,78.66889589218162,3550.2512164115906,7.713433742523193,0.5
451,2.671895980834961,1.5383731126785278,0.09807571023702621,0.479676216840744,0.555770754814148,90.3000340947835,89.890896692806,60.29662461643368,73.12139868736267,78.40223852284647,3558.226506471634,7.615160703659058,0.5
452,2.6651272773742676,1.5164504051208496,0.10215037316083908,0.4763391613960266,0.5701872110366821,90.86259802250257,89.87384930105694,60.19434026593932,74.28537607192993,78.80404091535719,3566.836233854294,8.245391130447388,0.5
453,2.617384672164917,1.4993772506713867,0.09244412183761597,0.478593111038208,0.5469701886177063,90.82850323900443,89.70337538356632,59.13740197749744,73.77249002456665,78.36044265615871,3574.70188331604,7.50540018081665,0.5
454,2.6689229011535645,1.510054111480713,0.09863536059856415,0.48601505160331726,0.5742183923721313,90.53869757927036,89.90794408455506,59.39311285373338,73.97758960723877,78.45433603119939,3582.611414909363,7.5567946434021,0.5
455,2.642742156982422,1.5283222198486328,0.09704150259494781,0.47643953561782837,0.5409389138221741,90.60688714626663,89.87384930105694,59.273781111489946,73.9427924156189,78.4243274936081,3590.61008477211,7.626028299331665,0.5
456,2.631239652633667,1.490989327430725,0.09564383327960968,0.4841527044773102,0.5604536533355713,90.7944084555063,89.99318104330037,59.2055915444937,73.59679937362671,78.39749510423178,3598.9853098392487,8.007051944732666,0.5
457,2.6370677947998047,1.5098475217819214,0.09718598425388336,0.479020357131958,0.5510140657424927,90.89669280600067,90.01022843504943,59.81929764745993,73.82351160049438,78.63743262225111,3606.9834887981415,7.630137920379639,0.5
458,2.6359972953796387,1.482258677482605,0.10056716203689575,0.4841245114803314,0.5690469145774841,90.8455506307535,89.77156495056256,59.51244459597681,74.26589727401733,78.59886436282754,3615.440908908844,8.093834400177002,0.5
459,2.6712467670440674,1.5249520540237427,0.10166127979755402,0.47753283381462097,0.5671005249023438,91.40811455847255,89.49880668257757,60.19434026593932,73.21168184280396,78.57823583744835,3623.565018415451,7.758734464645386,0.5
460,2.6512951850891113,1.5215977430343628,0.1002478152513504,0.47685131430625916,0.552598237991333,90.3000340947835,89.78861234231162,59.069212410501194,73.12986254692078,78.07193034862927,3631.761479616165,7.795537710189819,0.5
461,2.6657416820526123,1.5168696641921997,0.10845977813005447,0.48978346586227417,0.5506287217140198,90.41936583702693,89.68632799181725,59.46130242072963,72.46431112289429,78.00782684311702,3639.738689184189,7.610718727111816,0.5
462,2.6284499168395996,1.4872074127197266,0.09862049669027328,0.49558189511299133,0.5470401048660278,90.62393453801569,89.80565973406068,58.94988066825776,73.6104428768158,78.24747945428749,3647.9220118522644,7.827189922332764,0.5
463,2.644843101501465,1.529807209968567,0.09367519617080688,0.4774459898471832,0.5439146757125854,90.89669280600067,89.85680190930788,59.90453460620525,72.61735200881958,78.31884533258334,3655.8279995918274,7.546811103820801,0.5
464,2.649020195007324,1.5101311206817627,0.10234612971544266,0.4779430031776428,0.5585999488830566,90.67507671326287,89.83975451755882,59.58063416297307,73.47424030303955,78.39242642420857,3663.8536331653595,7.664011478424072,0.5
465,2.6008923053741455,1.499423861503601,0.10251665860414505,0.4670355021953583,0.5319163203239441,90.709171496761,90.14660756904193,59.39311285373338,72.23997712135315,78.12221726022236,3671.8959271907806,7.675770044326782,0.5
466,2.6506805419921875,1.5061308145523071,0.10159207880496979,0.48044025897979736,0.5625174045562744,90.74326628025912,89.7545175588135,59.052165018752135,72.99215793609619,78.13552669848023,3680.011621236801,7.749826192855835,0.5
467,2.6161046028137207,1.485553503036499,0.09236407279968262,0.48145419359207153,0.5567328333854675,90.72621888851006,89.618138424821,60.006818956699625,73.67593050003052,78.5067766925153,3688.6261394023895,8.262149333953857,0.5
468,2.6642661094665527,1.5313916206359863,0.09638979285955429,0.470327228307724,0.5661575794219971,90.53869757927036,89.68632799181725,59.51244459597681,72.73955345153809,78.11925590465063,3696.532211780548,7.54844331741333,0.5
469,2.65730881690979,1.5020008087158203,0.09669098258018494,0.46560201048851013,0.5930150151252747,90.69212410501193,89.90794408455506,59.785202863961814,71.49821519851685,77.97087156301141,3704.453081846237,7.5607123374938965,0.5
470,2.6134355068206787,1.4944075345993042,0.09299199283123016,0.4734012186527252,0.5526346564292908,90.91374019774975,89.70337538356632,60.17729287419024,74.0307092666626,78.70627943054222,3712.355973005295,7.541565656661987,0.5
471,2.6311283111572266,1.5107792615890503,0.08872717618942261,0.4806500971317291,0.5509716272354126,91.1183088987385,89.7545175588135,60.16024548244119,74.0191638469696,78.7630589467407,3720.817771434784,8.092058181762695,0.5
472,2.5995960235595703,1.486933946609497,0.09962058812379837,0.47291168570518494,0.5401299595832825,90.76031367200818,89.78861234231162,60.398908966928055,73.79591464996338,78.68593740780281,3728.6468489170074,7.469777584075928,0.5
473,2.685458183288574,1.5310882329940796,0.10022726655006409,0.4706748127937317,0.5834678411483765,90.709171496761,89.87384930105694,59.15444936924651,71.75847291946411,77.87398577163214,3736.630759239197,7.615757942199707,0.5
474,2.637242317199707,1.499067783355713,0.0913386270403862,0.48494192957878113,0.5618940591812134,90.76031367200818,89.68632799181725,59.13740197749744,73.76115322113037,78.33629921561331,3744.629716396332,7.64042592048645,0.5
475,2.6149935722351074,1.4813802242279053,0.09534043073654175,0.46441546082496643,0.5738572478294373,90.9307875894988,90.16365496079099,59.563586771223996,74.23961162567139,78.72441023679629,3752.534793615341,7.5370728969573975,0.5
476,2.651446580886841,1.4843937158584595,0.10395306348800659,0.4745326638221741,0.588567316532135,90.60688714626663,89.95908625980225,60.29662461643368,72.15726375579834,78.25496544457522,3760.4835929870605,7.592754602432251,0.5
477,2.6210269927978516,1.508591890335083,0.10521790385246277,0.46809855103492737,0.5391184091567993,90.981929764746,89.95908625980225,60.33071939993181,71.7869222164154,78.26466441022386,3768.5216767787933,7.672982454299927,0.5
478,2.617206573486328,1.4974883794784546,0.09063183516263962,0.46658605337142944,0.5625001192092896,90.82850323900443,90.06137061029662,59.2055915444937,73.91033172607422,78.50144927996723,3775.8856377601624,7.009981155395508,0.5
479,2.623025894165039,1.4897106885910034,0.09493082761764526,0.4791676104068756,0.5592167973518372,90.67507671326287,89.80565973406068,59.546539379474936,73.8263487815857,78.46340615209604,3783.302434206009,7.060837268829346,0.5
480,2.621323823928833,1.495174527168274,0.09908869862556458,0.47846001386642456,0.5486006736755371,91.28878281622912,89.85680190930788,59.83634503920901,73.50725531578064,78.62229627013167,3790.4990785121918,6.837238073348999,0.5
481,2.651881456375122,1.4918268918991089,0.10347248613834381,0.4893106520175934,0.5672715306282043,90.67507671326287,89.72042277531538,59.32492328673713,74.15977120399475,78.47004849482752,3797.6101219654083,6.760919809341431,0.5
482,2.5759639739990234,1.466398000717163,0.09542739391326904,0.4772838056087494,0.53685462474823,90.65802932151381,90.04432321854756,60.109103307194,73.27041625976562,78.52046802675525,3804.739934682846,6.780472040176392,0.5
483,2.664268732070923,1.5301482677459717,0.09886277467012405,0.4744017720222473,0.5608559250831604,90.5727923627685,89.80565973406068,59.90453460620525,73.15709590911865,78.36002065303828,3812.48978972435,7.382456302642822,0.5
484,2.638193368911743,1.4884099960327148,0.09702307730913162,0.4792345464229584,0.5735256671905518,90.65802932151381,89.68632799181725,59.273781111489946,72.62275218963623,78.0602226536143,3820.0047986507416,7.154664516448975,0.5
485,2.6515729427337646,1.5071747303009033,0.10289663076400757,0.47152650356292725,0.5699751377105713,90.436413228776,89.82270712580976,59.03511762700306,74.3403434753418,78.40864536423265,3827.130856990814,6.782663345336914,0.5
486,2.6354141235351562,1.5230543613433838,0.09196178615093231,0.4882952868938446,0.5321027040481567,90.76031367200818,89.618138424821,60.467098533924315,73.70492219924927,78.6376182075007,3834.3032433986664,6.765488624572754,0.5
487,2.619307279586792,1.503006935119629,0.09863726049661636,0.4673865735530853,0.5502765774726868,90.8455506307535,89.80565973406068,60.31367200818275,72.93958067893982,78.4761157629842,3841.483473777771,6.821445941925049,0.5
488,2.6321139335632324,1.5113788843154907,0.10406177490949631,0.4631793797016144,0.553493857383728,90.81145584725537,90.11251278554381,59.546539379474936,73.25439453125,78.43122563588103,3848.6461369991302,6.8125386238098145,0.5
489,2.675473690032959,1.5242644548416138,0.09669911116361618,0.4648244082927704,0.5896855592727661,90.69212410501193,89.85680190930788,59.563586771223996,71.93437218666077,78.01172124305114,3855.8182349205017,6.811123609542847,0.5
490,2.6283152103424072,1.496597170829773,0.09935564547777176,0.4842783808708191,0.5480839610099792,90.76031367200818,89.99318104330037,61.046709853392436,74.15997982025146,78.99004609723812,3862.9427399635315,6.758558511734009,0.5
491,2.64880108833313,1.5193426609039307,0.0973517969250679,0.49776801466941833,0.5343387126922607,91.27173542448006,89.87384930105694,59.9727241732015,73.38920831680298,78.62687930388536,3870.6739995479584,7.367516994476318,0.5
492,2.640923500061035,1.510307788848877,0.09992428869009018,0.4676583409309387,0.5630329847335815,91.06716672349131,90.14660756904193,59.427207637231504,74.24918413162231,78.72254151534676,3877.849746465683,6.823605060577393,0.5
493,2.6353745460510254,1.514321208000183,0.09900844842195511,0.4851440191268921,0.5369009375572205,90.77736106375724,89.70337538356632,59.76815547221275,72.69734144210815,78.23655834041112,3885.2401909828186,7.038702726364136,0.5
494,2.6485493183135986,1.5045499801635742,0.09509684890508652,0.4902949929237366,0.5586075186729431,90.69212410501193,89.82270712580976,59.95567678145244,74.31981563568115,78.69758091198882,3892.4438903331757,6.843936920166016,0.5
495,2.5982284545898438,1.4860111474990845,0.0996185690164566,0.4790060520172119,0.533592700958252,90.72621888851006,89.78861234231162,59.83634503920901,73.34967255592346,78.42521220648854,3900.533029317856,7.731092929840088,0.5
496,2.611757278442383,1.507508635520935,0.0915711373090744,0.4761042892932892,0.5365731120109558,90.99897715649506,89.87384930105694,60.381861575178995,73.65210056304932,78.72669714894508,3908.158494949341,7.267458438873291,0.5
497,2.672445774078369,1.5290411710739136,0.10371880978345871,0.47095930576324463,0.5687265396118164,90.77736106375724,89.97613365155132,60.109103307194,71.72388434410095,78.14662059165089,3916.359975337982,7.762729644775391,0.5
498,2.6349761486053467,1.509901762008667,0.0921899825334549,0.49394282698631287,0.5389415621757507,90.91374019774975,89.60109103307194,60.245482441186496,72.5982666015625,78.33964506839267,3924.4120206832886,7.686027765274048,0.5
499,2.675966501235962,1.5248631238937378,0.10389479994773865,0.4819723665714264,0.5652360320091248,90.58983975451756,89.72042277531538,59.95567678145244,72.23944067955017,78.12634499770888,3932.581354379654,7.795706272125244,0.5
500,2.6272740364074707,1.4865901470184326,0.09608929604291916,0.47432610392570496,0.5702687501907349,90.91374019774975,89.87384930105694,60.12615069894306,73.78365993499756,78.67435003318683,3941.245121240616,8.300065279006958,0.5
