epochs,losses,size_losses,religion_losses,ethnicity_losses,household_composition_losses,religion_accuracies,ethnicity_accuracies,household_composition_accuracies,size_distribution_accuracies,overall_accuracies,cumulative_time_seconds,epoch_time_seconds,tau_values,learning_rate,hidden_channels,combination_id
1,11.245777130126953,3.08475399017334,1.4092772006988525,1.4313791990280151,5.320366382598877,40.692124105011935,62.58097511080805,11.694510739856803,93.70728731155396,52.16872431680768,2.252620220184326,2.252620220184326,0.995,0.001,64,lr_0.001_hc_64
2,11.267277717590332,3.0426578521728516,1.426257848739624,1.4353567361831665,5.3630051612854,40.692124105011935,62.973065121036484,11.302420729628366,95.15945315361023,52.53176577732175,4.517805576324463,2.1846516132354736,0.990025,0.001,64,lr_0.001_hc_64
3,11.253713607788086,2.9678940773010254,1.4426276683807373,1.4477733373641968,5.395419120788574,40.06137061029663,62.20593249232868,10.637572451414934,93.59339475631714,51.62456757758934,6.4785475730896,1.8974647521972656,0.985074875,0.001,64,lr_0.001_hc_64
4,11.046205520629883,2.8559648990631104,1.4056364297866821,1.428214430809021,5.356389999389648,41.23764064098193,62.22297988407773,12.052505966587113,93.62186789512634,52.28374859669328,8.482466697692871,1.937443733215332,0.9801495006250001,0.001,64,lr_0.001_hc_64
5,11.013511657714844,2.7473340034484863,1.4330918788909912,1.4350111484527588,5.398074626922607,40.436413228776,62.9219229457893,10.978520286396181,92.79612898826599,51.78324636230687,10.385639667510986,1.8381409645080566,0.9752487531218751,0.001,64,lr_0.001_hc_64
6,10.828283309936523,2.645068645477295,1.4324897527694702,1.4196621179580688,5.331063270568848,40.87964541425162,62.819638595294926,12.154790317081487,94.56150531768799,52.603894911078996,12.737579584121704,2.276684522628784,0.9703725093562657,0.001,64,lr_0.001_hc_64
7,10.787528991699219,2.531252861022949,1.448996663093567,1.4471323490142822,5.360147476196289,38.88510057961132,61.93317422434368,12.240027275826797,94.41913366317749,51.869358935739825,14.799671649932861,1.9993884563446045,0.9655206468094844,0.001,64,lr_0.001_hc_64
8,10.679006576538086,2.4537501335144043,1.4262503385543823,1.438701868057251,5.36030387878418,40.828503239004434,63.0071599045346,12.17183770883055,93.93507838249207,52.48564480871541,16.91081666946411,2.0461108684539795,0.960693043575437,0.001,64,lr_0.001_hc_64
9,10.553089141845703,2.316924571990967,1.4247828722000122,1.4464645385742188,5.364917755126953,41.73201500170474,62.88782816229117,12.137742925332425,93.79271268844604,52.637574694443586,19.406059980392456,2.43229603767395,0.9558895783575597,0.001,64,lr_0.001_hc_64
10,10.584547996520996,2.2798075675964355,1.4568960666656494,1.4492945671081543,5.398550033569336,39.82270712580976,63.14353903852711,12.018411183088986,93.0239200592041,52.002144351657485,21.443032026290894,1.9737966060638428,0.9511101304657719,0.001,64,lr_0.001_hc_64
11,10.347415924072266,2.0685157775878906,1.4455927610397339,1.4453134536743164,5.387993335723877,40.572792362768496,62.88782816229117,11.9672690078418,93.36560368537903,52.198373304570126,23.45088529586792,1.9314744472503662,0.946354579813443,0.001,64,lr_0.001_hc_64
12,10.313709259033203,2.0102615356445312,1.448137879371643,1.4438831806182861,5.411426544189453,41.57858847596318,62.52983293556086,11.984316399590861,94.73234415054321,52.70627049041452,26.303165674209595,2.7743747234344482,0.9416228069143757,0.001,64,lr_0.001_hc_64
13,10.196870803833008,1.8875142335891724,1.4518870115280151,1.455533742904663,5.401935577392578,40.76031367200818,63.07534947153085,11.950221616092737,92.42596626281738,52.052962755612285,28.474379777908325,2.1098177433013916,0.9369146928798039,0.001,64,lr_0.001_hc_64
14,10.104362487792969,1.787454605102539,1.4510509967803955,1.4450763463974,5.420780181884766,40.692124105011935,62.90487555404023,12.222979884077736,92.79612898826599,52.15402713284898,30.836143255233765,2.2989590167999268,0.9322301194154049,0.001,64,lr_0.001_hc_64
15,9.93144416809082,1.6052740812301636,1.4565774202346802,1.45073664188385,5.418856143951416,39.92499147630413,62.32526423457211,12.17183770883055,93.53644847869873,51.98963547460138,32.84858798980713,1.9524898529052734,0.9275689688183278,0.001,64,lr_0.001_hc_64
16,9.83953857421875,1.5354843139648438,1.4603052139282227,1.4526243209838867,5.391124248504639,41.49335151721786,63.36515513126491,13.007159904534607,92.56833791732788,52.608501117586314,34.735148906707764,1.8232169151306152,0.9229311239742362,0.001,64,lr_0.001_hc_64
17,9.69006061553955,1.3576126098632812,1.4537845849990845,1.4404104948043823,5.438252925872803,40.99897715649506,63.126491646778035,12.478690760313672,92.6822304725647,52.321597509037865,37.56020140647888,2.7524824142456055,0.918316468354365,0.001,64,lr_0.001_hc_64
18,9.644824028015137,1.2802271842956543,1.4658621549606323,1.4595192670822144,5.439215183258057,41.11830889873849,62.615069894306174,12.25707466757586,92.99544095993042,52.246473605137744,39.625354051589966,2.0015757083892822,0.9137248860125932,0.001,64,lr_0.001_hc_64
19,9.455526351928711,1.1574554443359375,1.4561761617660522,1.4367862939834595,5.40510892868042,41.067166723491304,63.60381861575179,13.160586430276167,90.34737944602966,52.04473780388723,41.584885120391846,1.911879539489746,0.9091562615825302,0.001,64,lr_0.001_hc_64
20,9.428613662719727,1.0582021474838257,1.4649122953414917,1.4453608989715576,5.460138320922852,40.84555063075349,63.961813842482094,12.921922945789294,91.00227952003479,52.182891734764915,43.56590676307678,1.9175710678100586,0.9046104802746175,0.001,64,lr_0.001_hc_64
21,9.311091423034668,0.9613076448440552,1.451169490814209,1.4418891668319702,5.456725120544434,40.84555063075349,63.39924991476305,12.649164677804295,90.68906307220459,51.89575707388136,45.462682008743286,1.8338446617126465,0.9000874278732445,0.001,64,lr_0.001_hc_64
22,9.23865795135498,0.9296662211418152,1.4382318258285522,1.4491121768951416,5.421647548675537,41.73201500170474,63.75724514149334,14.251619502216162,87.48921751976013,51.807524291293596,47.377745628356934,1.8520734310150146,0.8955869907338783,0.001,64,lr_0.001_hc_64
23,9.252120018005371,0.9043179154396057,1.4634395837783813,1.4527525901794434,5.431609630584717,40.60688714626662,62.95601772928742,12.904875554040233,90.23061394691467,51.67459859412724,49.27381730079651,1.8488352298736572,0.8911090557802088,0.001,64,lr_0.001_hc_64
24,9.18738079071045,0.836715579032898,1.460586667060852,1.4591768980026245,5.430901527404785,41.11830889873849,63.84248210023866,14.865325605182408,86.94425821304321,51.69259370430069,51.17283082008362,1.8357288837432861,0.8866535105013078,0.001,64,lr_0.001_hc_64
25,9.168272018432617,0.8046709299087524,1.4635637998580933,1.4543641805648804,5.445672988891602,40.453460620525064,63.2799181725196,13.74019774974429,85.17492413520813,50.66212516949926,53.099361419677734,1.86295747756958,0.8822202429488013,0.001,64,lr_0.001_hc_64
26,9.127290725708008,0.786943256855011,1.4653444290161133,1.433742642402649,5.44126033782959,41.39106716672349,63.961813842482094,14.848278213433344,84.85993146896362,51.26527267290064,54.9980788230896,1.8309874534606934,0.8778091417340573,0.001,64,lr_0.001_hc_64
27,9.148106575012207,0.762360692024231,1.4647642374038696,1.4573073387145996,5.463674068450928,41.629730651210366,63.569723832253665,14.59256733719741,85.14031767845154,51.23308487477824,56.91252374649048,1.8505501747131348,0.8734200960253871,0.001,64,lr_0.001_hc_64
28,9.024539947509766,0.7258761525154114,1.4616392850875854,1.444508671760559,5.392516136169434,41.71496760995568,63.791339924991476,15.598363450392089,83.84208679199219,51.23668944433286,58.8092725276947,1.8331069946289062,0.8690529955452602,0.001,64,lr_0.001_hc_64
29,9.065252304077148,0.7367884516716003,1.4706671237945557,1.4547725915908813,5.403023719787598,40.84555063075349,64.09819297647459,16.160927378111147,83.36129188537598,51.11649071767881,60.97262501716614,2.0999550819396973,0.8647077305675338,0.001,64,lr_0.001_hc_64
30,9.054805755615234,0.6931940317153931,1.458540678024292,1.4483333826065063,5.454737663269043,40.913740197749746,63.91067166723491,15.53017388339584,82.77055621147156,50.78128548996301,63.009586334228516,1.9719994068145752,0.8603841919146962,0.001,64,lr_0.001_hc_64
31,9.026772499084473,0.7025604844093323,1.4676777124404907,1.4297270774841309,5.426807403564453,41.66382543470849,64.49028298670302,16.195022161609273,84.97490882873535,51.83100985293903,65.40002989768982,2.335430860519409,0.8560822709551227,0.001,64,lr_0.001_hc_64
32,9.02613353729248,0.7074436545372009,1.4551763534545898,1.4476168155670166,5.415896415710449,41.067166723491304,63.92771905898398,15.581316058643027,84.1206967830658,51.17422465604603,67.54998016357422,2.0864038467407227,0.851801859600347,0.001,64,lr_0.001_hc_64
33,8.976375579833984,0.6986334919929504,1.470210313796997,1.4268982410430908,5.380633354187012,41.85134674394818,64.28571428571429,16.842823048073644,82.73378014564514,51.42841605584532,69.51988410949707,1.9071991443634033,0.8475428503023453,0.001,64,lr_0.001_hc_64
34,8.94897747039795,0.6980810165405273,1.454953908920288,1.4233927726745605,5.372550010681152,41.783157176951924,63.70610296624617,16.928060006818956,84.09439325332642,51.62792835083586,71.44399452209473,1.8608689308166504,0.8433051360508336,0.001,64,lr_0.001_hc_64
35,8.970348358154297,0.7024850845336914,1.4554237127304077,1.4321885108947754,5.380251407623291,41.91953631094443,63.70610296624617,17.09853392430958,83.30543041229248,51.507400903448165,73.38293075561523,1.8789513111114502,0.8390886103705794,0.001,64,lr_0.001_hc_64
36,8.87220287322998,0.6864928603172302,1.4546400308609009,1.4177639484405518,5.3133063316345215,41.629730651210366,64.40504602795772,17.439481759290828,85.99957823753357,52.36845916899813,75.24489092826843,1.797884464263916,0.8348931673187264,0.001,64,lr_0.001_hc_64
37,8.964054107666016,0.6976131200790405,1.464542031288147,1.4352110624313354,5.366688251495361,42.2945789294238,63.433344698261166,17.01329696556427,85.39767265319824,52.03472331161186,77.16005849838257,1.8517580032348633,0.8307187014821328,0.001,64,lr_0.001_hc_64
38,8.907113075256348,0.7249089479446411,1.4649349451065063,1.421331763267517,5.295937538146973,41.45925673371974,63.29696556426867,17.916808728264574,85.84929704666138,52.13058201822859,79.18543744087219,1.977867841720581,0.8265651079747222,0.001,64,lr_0.001_hc_64
39,8.87790298461914,0.7071686387062073,1.4541454315185547,1.4289087057113647,5.287680625915527,42.58438458915786,63.211728605523355,17.8145243777702,87.13348507881165,52.68603066281577,81.10293412208557,1.852341651916504,0.8224322824348486,0.001,64,lr_0.001_hc_64
40,8.876382827758789,0.7261912822723389,1.4507068395614624,1.418978214263916,5.280506134033203,42.75485850664849,64.26866689396522,18.01909307875895,85.91128587722778,52.73847608915011,83.0106565952301,1.8442842960357666,0.8183201210226743,0.001,64,lr_0.001_hc_64
41,8.87704849243164,0.7460594773292542,1.4585351943969727,1.4020843505859375,5.270370006561279,41.66382543470849,63.62086600750085,18.002045687009886,83.5879921913147,51.71868233013348,84.92182946205139,1.8481295108795166,0.8142285204175609,0.001,64,lr_0.001_hc_64
42,8.926538467407227,0.7945285439491272,1.4557865858078003,1.4141137599945068,5.262109279632568,41.22059324923287,62.632117286055234,18.85441527446301,83.74440670013428,51.61288312747134,86.89619183540344,1.9010443687438965,0.810157377815473,0.001,64,lr_0.001_hc_64
43,8.85634994506836,0.8002762198448181,1.4288883209228516,1.4018690586090088,5.225316524505615,42.840095465393794,63.84248210023866,19.774974428912376,86.86387538909912,53.330356845910984,88.87055969238281,1.9024231433868408,0.8061065909263957,0.001,64,lr_0.001_hc_64
44,8.84146499633789,0.8070163130760193,1.4329503774642944,1.3838659524917603,5.217631816864014,42.77190589839754,63.109444255028976,18.905557449710194,86.11564636230469,52.72563849136035,90.77981686592102,1.8408870697021484,0.8020760579717637,0.001,64,lr_0.001_hc_64
45,8.882944107055664,0.8458820581436157,1.4177879095077515,1.3830934762954712,5.236181259155273,44.03341288782816,63.672008182748044,18.990794408455507,86.14916205406189,53.2113443832734,92.67619633674622,1.8331983089447021,0.798065677681905,0.001,64,lr_0.001_hc_64
46,8.90462875366211,0.8228245377540588,1.431761622428894,1.3863197565078735,5.263722896575928,42.840095465393794,63.17763382202523,20.30344357313331,87.13526725769043,53.3641100295607,94.59032082557678,1.8507981300354004,0.7940753492934954,0.001,64,lr_0.001_hc_64
47,8.86025619506836,0.8126420974731445,1.4435380697250366,1.3888063430786133,5.215269565582275,42.77190589839754,63.433344698261166,21.138765768837366,86.9644284248352,53.577111197582816,96.49512600898743,1.857414722442627,0.7901049725470279,0.001,64,lr_0.001_hc_64
48,8.883092880249023,0.8311315178871155,1.4264752864837646,1.3612854480743408,5.264200210571289,44.18683941356972,64.71189907944085,20.337538356631434,83.71810913085938,53.23859649512534,98.6188416481018,2.0521984100341797,0.7861544476842928,0.001,64,lr_0.001_hc_64
49,8.919960021972656,0.8333268165588379,1.4166271686553955,1.3935885429382324,5.276417255401611,44.51073985680191,63.961813842482094,21.30923968632799,85.05706787109375,53.709715314176435,100.50216126441956,1.820310115814209,0.7822236754458713,0.001,64,lr_0.001_hc_64
50,8.894780158996582,0.8790684342384338,1.4071805477142334,1.385834813117981,5.222696304321289,45.12444595976815,64.60961472894647,21.08762359359018,85.05815863609314,53.969960729599485,102.42624163627625,1.860992431640625,0.778312557068642,0.001,64,lr_0.001_hc_64
51,8.924877166748047,0.8707839250564575,1.4309029579162598,1.3686355352401733,5.2545552253723145,44.35731333106035,64.42209341970678,21.138765768837366,82.52942562103271,53.11189953515931,104.35150384902954,1.856431484222412,0.7744209942832988,0.001,64,lr_0.001_hc_64
52,8.900430679321289,0.9162102937698364,1.4162060022354126,1.3575917482376099,5.210422515869141,44.2891237640641,65.24036822366178,21.27514490282987,83.00012946128845,53.451191587961056,106.24670624732971,1.8480198383331299,0.7705488893118823,0.001,64,lr_0.001_hc_64
53,8.814537048339844,0.9165242910385132,1.4178677797317505,1.3442074060440063,5.1359381675720215,45.07330378452097,65.05284691442209,22.434367541766107,86.11742854118347,54.669486695473154,108.13781690597534,1.827885389328003,0.7666961448653229,0.001,64,lr_0.001_hc_64
54,8.833761215209961,0.9332448244094849,1.3963686227798462,1.3777779340744019,5.126369476318359,46.07909989771565,64.62666212069553,22.775315376747358,84.70529913902283,54.54659413354535,110.0422739982605,1.8564538955688477,0.7628626641409962,0.001,64,lr_0.001_hc_64
55,8.91439151763916,0.9574988484382629,1.4260449409484863,1.362382173538208,5.168465614318848,44.91987725877941,65.53017388339583,23.474258438458918,84.14304256439209,54.51683803625655,111.94705510139465,1.8413424491882324,0.7590483508202912,0.001,64,lr_0.001_hc_64
56,8.794421195983887,0.9515119791030884,1.3933707475662231,1.3435149192810059,5.10602331161499,45.41425161950222,65.51312649164677,24.258438458915784,82.47860074043274,54.41610432762438,113.86198091506958,1.8439722061157227,0.7552531090661897,0.001,64,lr_0.001_hc_64
57,8.880526542663574,1.013988733291626,1.4252498149871826,1.3580102920532227,5.083277702331543,45.908625980225025,65.51312649164677,24.480054551653595,83.77287983894348,54.918671715617215,115.80235171318054,1.8768081665039062,0.7514768435208588,0.001,64,lr_0.001_hc_64
58,8.867131233215332,1.0038846731185913,1.3869030475616455,1.3365764617919922,5.139767169952393,47.34060688714627,66.67234913058302,24.718718036140473,84.03310179710388,55.69119396274341,117.7430830001831,1.8930866718292236,0.7477194593032545,0.001,64,lr_0.001_hc_64
59,8.885295867919922,1.0145245790481567,1.4098390340805054,1.3508318662643433,5.110099792480469,46.19843163995909,66.04159563586771,25.042618479372656,81.42833113670349,54.67774422297573,119.6386091709137,1.8323838710784912,0.7439808620067382,0.001,64,lr_0.001_hc_64
60,8.844379425048828,1.0195988416671753,1.409470796585083,1.3518939018249512,5.063416004180908,46.53937947494033,66.14387998636208,25.29832935560859,82.38309621810913,55.09117125875503,121.54934430122375,1.8388047218322754,0.7402609576967045,0.001,64,lr_0.001_hc_64
61,8.944574356079102,1.038931131362915,1.4045473337173462,1.3480397462844849,5.153056621551514,46.11319468121378,66.02454824411865,25.28128196385953,82.29658603668213,54.92890273146852,123.45117235183716,1.8368525505065918,0.736559652908221,0.001,64,lr_0.001_hc_64
62,8.91736888885498,1.0654301643371582,1.4092721939086914,1.3460109233856201,5.09665584564209,45.89157858847596,65.80293215138084,25.519945448346405,83.05203318595886,55.066622343540516,125.36193633079529,1.8402256965637207,0.7328768546436799,0.001,64,lr_0.001_hc_64
63,8.916353225708008,1.0962021350860596,1.398979663848877,1.327239990234375,5.093931674957275,46.6928060006819,67.14967609955677,25.775656324582343,83.54004621505737,55.789546159969596,127.2626326084137,1.8373453617095947,0.7292124703704616,0.001,64,lr_0.001_hc_64
64,8.829132080078125,0.9910727739334106,1.3930197954177856,1.342941403388977,5.102097511291504,47.28946471189908,67.06443914081146,25.741561541084213,84.2111587524414,56.07665603655904,129.14556884765625,1.819823980331421,0.7255664080186093,0.001,64,lr_0.001_hc_64
65,8.965004920959473,1.0953320264816284,1.4009345769882202,1.3711332082748413,5.097605228424072,47.78383907262189,66.55301738833958,26.54278895329015,82.03023672103882,55.72747053382261,131.06668376922607,1.845041036605835,0.7219385759785162,0.001,64,lr_0.001_hc_64
66,9.024493217468262,1.1209726333618164,1.4143447875976562,1.3586156368255615,5.130559921264648,47.204227753153766,66.68939652233207,26.798499829526083,83.39371681213379,56.021460229286426,133.03410363197327,1.919734239578247,0.7183288830986236,0.001,64,lr_0.001_hc_64
67,8.904914855957031,1.0471599102020264,1.4135165214538574,1.35471773147583,5.089520454406738,47.101943402659394,66.74053869757927,27.224684623252642,81.87669515609741,55.73596546989719,135.41012859344482,2.305562973022461,0.7147372386831305,0.001,64,lr_0.001_hc_64
68,9.061485290527344,1.165168046951294,1.408084511756897,1.3490171432495117,5.13921594619751,47.37470167064439,67.66109785202865,27.15649505625639,82.77738094329834,56.24241888055694,137.44173550605774,1.9639761447906494,0.7111635524897149,0.001,64,lr_0.001_hc_64
69,8.941442489624023,1.1206811666488647,1.3708316087722778,1.321786880493164,5.128143310546875,49.488578247528125,67.40538697579271,27.003068530514827,83.84604454040527,56.935769573560236,139.3149619102478,1.8195664882659912,0.7076077347272662,0.001,64,lr_0.001_hc_64
70,8.90892219543457,1.1191385984420776,1.3753784894943237,1.3329660892486572,5.0814385414123535,48.278213433344696,67.11558131605865,27.719058983975454,81.6204309463501,56.18332116993222,141.23025345802307,1.8464598655700684,0.7040696960536299,0.001,64,lr_0.001_hc_64
71,8.866207122802734,1.1150901317596436,1.360939860343933,1.3131805658340454,5.076996803283691,49.98295260825093,68.51346743948176,28.418002045687007,81.14972114562988,57.0160358097624,143.14153933525085,1.848222017288208,0.7005493475733617,0.001,64,lr_0.001_hc_64
72,8.95207405090332,1.116181492805481,1.3796809911727905,1.3368240594863892,5.119387626647949,49.21581997954313,67.45652915103989,27.61677463348108,83.19331407546997,56.87060945988351,145.04316186904907,1.8382916450500488,0.697046600835495,0.001,64,lr_0.001_hc_64
73,8.93632698059082,1.1393193006515503,1.3750516176223755,1.3199666738510132,5.101989269256592,49.18172519604501,67.32015001704738,28.213433344698263,83.25748443603516,56.99319824845646,146.9108693599701,1.7978971004486084,0.6935613678313175,0.001,64,lr_0.001_hc_64
74,9.03514575958252,1.1446455717086792,1.3875164985656738,1.3291027545928955,5.1738810539245605,50.75008523695874,67.55881350153426,27.412205932492327,81.34073615074158,56.76546020543173,148.81707644462585,1.8367035388946533,0.6900935609921609,0.001,64,lr_0.001_hc_64
75,8.985939979553223,1.1814507246017456,1.3792097568511963,1.3068203926086426,5.118459224700928,50.34094783498125,68.2748039549949,28.997613365155132,81.34903907775879,57.240601058222516,150.70688843727112,1.8339791297912598,0.6866430931872001,0.001,64,lr_0.001_hc_64
76,8.943934440612793,1.172733187675476,1.3647383451461792,1.3251272439956665,5.081335544586182,50.886464370951245,68.03614047050802,27.940675076713262,82.97057151794434,57.45846285902921,153.11558651924133,2.343626022338867,0.6832098777212641,0.001,64,lr_0.001_hc_64
77,9.037735939025879,1.2516307830810547,1.3599241971969604,1.3024948835372925,5.123685836791992,51.90930787589498,69.55335833617457,29.15103989089669,81.59573078155518,58.05235922113036,155.30555295944214,2.111109495162964,0.6797938283326578,0.001,64,lr_0.001_hc_64
78,9.110567092895508,1.2822000980377197,1.3436771631240845,1.3133422136306763,5.171347618103027,51.87521309239686,68.47937265598364,29.253324241391066,81.51049017906189,57.779600042208365,157.20599555969238,1.8376789093017578,0.6763948591909945,0.001,64,lr_0.001_hc_64
79,9.06556224822998,1.2340556383132935,1.3757351636886597,1.321319341659546,5.1344523429870605,51.07398568019092,68.13842482100239,29.42379815888169,81.14646673202515,57.44566884802504,159.23780369758606,1.9585354328155518,0.6730128848950395,0.001,64,lr_0.001_hc_64
80,8.934623718261719,1.2351982593536377,1.3360161781311035,1.2670644521713257,5.096344470977783,52.52301397886123,70.20115922263894,29.116945107398568,79.27083969116211,57.77798950001522,161.86207008361816,2.5507843494415283,0.6696478204705644,0.001,64,lr_0.001_hc_64
81,9.128166198730469,1.2617061138153076,1.3844423294067383,1.302932620048523,5.179084777832031,51.97749744289124,69.127173542448,30.27616774633481,82.35640525817871,58.43431099746319,164.21666479110718,2.2914035320281982,0.6662995813682115,0.001,64,lr_0.001_hc_64
82,9.09616470336914,1.2615166902542114,1.3753410577774048,1.3248975276947021,5.1344099044799805,51.466075690419366,68.9055574497102,30.497783839072625,80.86606860160828,57.933871395202615,166.25069546699524,1.9868829250335693,0.6629680834613705,0.001,64,lr_0.001_hc_64
83,9.047320365905762,1.1949427127838135,1.3590830564498901,1.2987830638885498,5.194511413574219,52.94919877258779,69.21241050119332,29.815888169110128,82.13924765586853,58.52918627468995,168.15438151359558,1.8401784896850586,0.6596532430440636,0.001,64,lr_0.001_hc_64
84,9.246771812438965,1.2828720808029175,1.3810701370239258,1.3277029991149902,5.255126476287842,51.97749744289124,68.68394135697238,29.338561200136382,82.25080966949463,58.06270241737366,170.0515639781952,1.8340504169464111,0.6563549768288433,0.001,64,lr_0.001_hc_64
85,9.04041862487793,1.2307889461517334,1.3515154123306274,1.2772834300994873,5.180830478668213,52.33549266962155,69.51926355267643,30.003409478349813,84.43998098373413,59.07453667109548,172.7672417163849,2.6526083946228027,0.653073201944699,0.001,64,lr_0.001_hc_64
86,9.196627616882324,1.3341360092163086,1.3559508323669434,1.2943687438964844,5.212172031402588,53.5799522673031,69.94544834640301,30.378452096829182,80.15422821044922,58.51452023024613,175.05906057357788,2.216235876083374,0.6498078359349755,0.001,64,lr_0.001_hc_64
87,9.124433517456055,1.2810360193252563,1.3551628589630127,1.2955281734466553,5.19270658493042,53.596999659052166,69.55335833617457,30.651210364814187,81.377512216568,58.79477014415223,177.04965496063232,1.9272141456604004,0.6465587967553006,0.001,64,lr_0.001_hc_64
88,9.138017654418945,1.2738032341003418,1.3696625232696533,1.2819359302520752,5.212615966796875,52.52301397886123,69.6215479031708,31.179679509035118,81.26648664474487,58.647682008953005,178.9317057132721,1.8106062412261963,0.6433260027715241,0.001,64,lr_0.001_hc_64
89,9.368748664855957,1.3194438219070435,1.415869116783142,1.309118628501892,5.32431697845459,52.60825093760655,69.21241050119332,31.009205591544493,82.2050392627716,58.758726573278985,180.83478832244873,1.847205638885498,0.6401093727576664,0.001,64,lr_0.001_hc_64
90,9.369789123535156,1.4023560285568237,1.3430341482162476,1.3166699409484863,5.307728290557861,55.06307534947153,69.58745311967269,30.463689055574495,80.12070655822754,58.80873102073657,182.80589127540588,1.923576831817627,0.6369088258938781,0.001,64,lr_0.001_hc_64
91,9.318443298339844,1.3091293573379517,1.392503023147583,1.311193823814392,5.305616855621338,53.06853051483124,70.61029662461642,30.446641663825435,82.12537169456482,59.062710124459485,184.90782642364502,2.0384528636932373,0.6337242817644086,0.001,64,lr_0.001_hc_64
92,9.349519729614258,1.3055576086044312,1.3974732160568237,1.3074597120285034,5.339029312133789,53.66518922604841,69.22945789294238,31.452437777020116,82.47247338294983,59.204889569740196,187.08888626098633,2.116755485534668,0.6305556603555866,0.001,64,lr_0.001_hc_64
93,9.43244743347168,1.3237327337265015,1.4139925241470337,1.3191341161727905,5.3755879402160645,53.017388339584045,69.89430617115582,30.889873849301058,82.65014290809631,59.11292781703431,189.07422614097595,1.9224283695220947,0.6274028820538087,0.001,64,lr_0.001_hc_64
94,9.317939758300781,1.3097622394561768,1.3916105031967163,1.2984076738357544,5.318159103393555,53.56290487555404,70.55915444936925,31.230821684282304,81.50366544723511,59.21413661411017,191.01852464675903,1.872978925704956,0.6242658676435396,0.001,64,lr_0.001_hc_64
95,9.357645034790039,1.3183808326721191,1.3643995523452759,1.3194016218185425,5.35546350479126,53.852710535288104,70.38868053187862,32.23661779747699,81.733238697052,59.55281189042393,192.93671107292175,1.8538453578948975,0.6211445383053219,0.001,64,lr_0.001_hc_64
96,9.456567764282227,1.3529390096664429,1.4058319330215454,1.3040900230407715,5.393706798553467,53.5799522673031,70.43982270712581,30.77054210705762,81.03957176208496,58.95747221089287,194.91838264465332,1.9137425422668457,0.6180388156137953,0.001,64,lr_0.001_hc_64
97,9.60401725769043,1.3877192735671997,1.4327813386917114,1.3251343965530396,5.458381652832031,53.80156836004092,70.52505966587113,30.75349471530856,81.75884485244751,59.209741898417036,196.81760954856873,1.8437442779541016,0.6149486215357263,0.001,64,lr_0.001_hc_64
98,9.383857727050781,1.3210184574127197,1.4284695386886597,1.3057081699371338,5.328661918640137,53.56290487555404,71.1728605523355,32.185475622229795,81.13024830818176,59.512872339575274,198.8968861103058,2.012204170227051,0.6118738784280476,0.001,64,lr_0.001_hc_64
99,9.599388122558594,1.3986009359359741,1.4405938386917114,1.370219349861145,5.389974117279053,53.75042618479373,69.96249573815206,32.20252301397886,80.71648478507996,59.15798243050116,200.88986134529114,1.935955286026001,0.6088145090359074,0.001,64,lr_0.001_hc_64
100,9.513383865356445,1.382315993309021,1.4057810306549072,1.3160892724990845,5.40919828414917,54.27889532901467,70.64439140811456,30.361404705080126,79.29279804229736,58.64437237112667,202.79766964912415,1.8374521732330322,0.6057704364907278,0.001,64,lr_0.001_hc_64
101,9.649463653564453,1.392161250114441,1.467191219329834,1.3589180707931519,5.4311933517456055,53.32424139106716,70.16706443914082,31.5035799522673,82.85271525382996,59.46190025907631,204.6994981765747,1.8381690979003906,0.6027415843082742,0.001,64,lr_0.001_hc_64
102,9.622591972351074,1.3775784969329834,1.4182347059249878,1.341665506362915,5.485113143920898,54.87555404023185,70.81486532560518,30.97511080804637,80.79864978790283,59.366044990446554,206.6022229194641,1.8394405841827393,0.5997278763867329,0.001,64,lr_0.001_hc_64
103,9.671077728271484,1.4227136373519897,1.4445422887802124,1.3238942623138428,5.479928016662598,53.76747357654279,71.07057620184112,31.111489942038865,78.49699854850769,58.61163456723262,208.51181292533875,1.8593261241912842,0.5967292370047992,0.001,64,lr_0.001_hc_64
104,9.675586700439453,1.3460994958877563,1.4545445442199707,1.3555772304534912,5.5193657875061035,54.33003750426185,70.43982270712581,30.872826457551994,80.82207441329956,59.11619027055981,210.4245035648346,1.8417270183563232,0.5937455908197752,0.001,64,lr_0.001_hc_64
105,9.759206771850586,1.3807934522628784,1.4611866474151611,1.3631106615066528,5.554116725921631,53.75042618479373,70.32049096488238,30.480736447323558,81.50832056999207,59.01499354174793,212.31626296043396,1.8352484703063965,0.5907768628656763,0.001,64,lr_0.001_hc_64
106,9.75369930267334,1.4488210678100586,1.452443242073059,1.3391311168670654,5.513303756713867,54.585748380497776,70.96829185134675,32.69689737470167,82.5596809387207,60.20265463631672,214.24226808547974,1.8629140853881836,0.5878229785513479,0.001,64,lr_0.001_hc_64
1,11.261018753051758,3.082127094268799,1.4132826328277588,1.4302115440368652,5.335397243499756,41.067166723491304,62.7855438117968,11.097852028639618,94.30524110794067,52.3139509179671,2.3683364391326904,2.3683364391326904,0.995,0.001,128,lr_0.001_hc_128
2,11.066484451293945,2.8503758907318115,1.4268385171890259,1.4277420043945312,5.361528396606445,41.15240368223662,62.41050119331742,11.60927378111149,92.48291254043579,51.913772799275336,4.655720233917236,2.1839852333068848,0.990025,0.001,128,lr_0.001_hc_128
3,10.81971549987793,2.63616943359375,1.4182536602020264,1.4270490407943726,5.338242530822754,41.37401977497443,62.64916467780429,11.217183770883054,95.07403373718262,52.5786004902111,6.893432140350342,2.1418161392211914,0.985074875,0.001,128,lr_0.001_hc_128
4,10.69896125793457,2.4896717071533203,1.4087437391281128,1.4191310405731201,5.38141393661499,41.47630412546881,62.615069894306174,11.268325946130242,94.30524110794067,52.41623526846148,9.132466554641724,2.1385464668273926,0.9801495006250001,0.001,128,lr_0.001_hc_128
5,10.516974449157715,2.3179194927215576,1.4266042709350586,1.4183765649795532,5.354074001312256,40.555744971019436,62.34231162632117,11.251278554381178,93.99203062057495,52.03534144307418,11.495099306106567,2.2589924335479736,0.9752487531218751,0.001,128,lr_0.001_hc_128
6,10.23328685760498,2.0609853267669678,1.4172172546386719,1.415055513381958,5.340028762817383,40.453460620525064,62.49573815206273,11.558131605864302,92.99544095993042,51.87569283459563,13.927086114883423,2.3417837619781494,0.9703725093562657,0.001,128,lr_0.001_hc_128
7,10.118697166442871,1.9371880292892456,1.423021674156189,1.4240531921386719,5.334434509277344,39.94203886805319,62.05250596658711,11.421752471871804,94.6753978729248,52.022923794859224,16.258931159973145,2.237088918685913,0.9655206468094844,0.001,128,lr_0.001_hc_128
8,9.710653305053711,1.635401725769043,1.3922858238220215,1.4085310697555542,5.2744340896606445,40.38527105352881,62.41050119331742,12.240027275826797,92.9669737815857,52.000693326064685,18.51235604286194,2.146991491317749,0.960693043575437,0.001,128,lr_0.001_hc_128
9,9.678791046142578,1.511278510093689,1.4191200733184814,1.4154412746429443,5.332951545715332,40.48755540402318,62.546880327309914,12.17183770883055,93.87813210487366,52.271101386259325,20.78325128555298,2.176344394683838,0.9558895783575597,0.001,128,lr_0.001_hc_128
10,9.302568435668945,1.184564471244812,1.4050233364105225,1.404477834701538,5.308503150939941,42.19229457892942,62.274122059324924,13.075349471530856,92.51139163970947,52.513289437373665,23.02484154701233,2.1468048095703125,0.9511101304657719,0.001,128,lr_0.001_hc_128
11,9.141975402832031,1.0527310371398926,1.4023876190185547,1.4161667823791504,5.270689487457275,41.18649846573474,61.64336856460962,13.143539038527106,92.53986477851868,52.12831771184754,25.299569368362427,2.180116891860962,0.946354579813443,0.001,128,lr_0.001_hc_128
12,8.96723461151123,0.8526483178138733,1.4020358324050903,1.4027364253997803,5.309813976287842,41.59563586771224,62.717354244800546,13.143539038527106,91.14464521408081,52.150293591280175,27.58262300491333,2.194885492324829,0.9416228069143757,0.001,128,lr_0.001_hc_128
13,8.951576232910156,0.8167124390602112,1.4032797813415527,1.3908859491348267,5.340698719024658,41.15240368223662,63.50153426525742,14.507330378452096,87.09888458251953,51.565038227116425,29.85296368598938,2.1759791374206543,0.9369146928798039,0.001,128,lr_0.001_hc_128
14,8.823305130004883,0.7176215648651123,1.3942476511001587,1.387485146522522,5.32395076751709,42.27753153767473,63.45039209001023,14.132287759972725,84.37804579734802,51.05956429625142,32.15173077583313,2.2045230865478516,0.9322301194154049,0.001,128,lr_0.001_hc_128
15,8.756808280944824,0.724250853061676,1.372504711151123,1.373826265335083,5.286226272583008,40.89669280600069,62.359359018070236,15.069894306171156,84.27819013595581,50.65103406654947,34.47943162918091,2.243223190307617,0.9275689688183278,0.001,128,lr_0.001_hc_128
16,8.752455711364746,0.7064945101737976,1.3722819089889526,1.364507794380188,5.309171676635742,42.20934197067849,63.05830207978179,14.16638254347085,82.05366730690002,50.37192347520778,36.76752829551697,2.192960739135742,0.9229311239742362,0.001,128,lr_0.001_hc_128
17,8.702160835266113,0.6704251766204834,1.352856159210205,1.3591628074645996,5.319716453552246,42.20934197067849,63.211728605523355,15.155131264916468,81.96498155593872,50.63529584926426,39.056130170822144,2.1879162788391113,0.918316468354365,0.001,128,lr_0.001_hc_128
18,8.660755157470703,0.6437078714370728,1.3531802892684937,1.3490228652954102,5.314844608306885,41.45925673371974,62.615069894306174,14.711899079440846,81.08555674552917,49.96794561324898,41.30728101730347,2.1503827571868896,0.9137248860125932,0.001,128,lr_0.001_hc_128
19,8.577966690063477,0.6368386149406433,1.340943455696106,1.3346288204193115,5.265556335449219,43.48789635185816,63.07534947153085,15.359699965905216,79.63665723800659,50.3899007568252,43.65015530586243,2.247673273086548,0.9091562615825302,0.001,128,lr_0.001_hc_128
20,8.518333435058594,0.6132499575614929,1.3148927688598633,1.343223214149475,5.246967315673828,42.89123764064098,62.80259120354585,15.905216501875213,80.89849948883057,50.62438620872316,45.931193351745605,2.192873954772949,0.9046104802746175,0.001,128,lr_0.001_hc_128
21,8.40264892578125,0.5989230871200562,1.3165282011032104,1.328788161277771,5.15841007232666,43.760654619843166,62.615069894306174,17.08148653256052,84.49985384941101,51.98926622403022,48.36194324493408,2.340731620788574,0.9000874278732445,0.001,128,lr_0.001_hc_128
22,8.407560348510742,0.6096605658531189,1.3046245574951172,1.325823426246643,5.167451858520508,45.687009887487214,63.569723832253665,16.45073303784521,84.76333022117615,52.617699244690556,50.769938945770264,2.3258681297302246,0.8955869907338783,0.001,128,lr_0.001_hc_128
23,8.414558410644531,0.6040313839912415,1.3129891157150269,1.3127888441085815,5.184749603271484,44.08455506307535,63.194681213774295,16.51892260484146,86.96047067642212,52.68965738952831,53.03546643257141,2.171505928039551,0.8911090557802088,0.001,128,lr_0.001_hc_128
24,8.372903823852539,0.6781911253929138,1.2833317518234253,1.3023226261138916,5.109058380126953,44.834640300034096,63.228775997272415,17.047391749062392,84.45733785629272,52.392036475665414,55.292073249816895,2.1616358757019043,0.8866535105013078,0.001,128,lr_0.001_hc_128
25,8.34221076965332,0.6850670576095581,1.2795405387878418,1.3011912107467651,5.076411724090576,44.834640300034096,62.49573815206273,18.121377429253325,85.17709970474243,52.657213896523146,57.59357953071594,2.206200122833252,0.8822202429488013,0.001,128,lr_0.001_hc_128
26,8.32359504699707,0.665661096572876,1.2711474895477295,1.28934907913208,5.097436904907227,46.13024207296284,63.48448687350835,17.64405046027958,87.08444833755493,53.585806936076416,59.941707372665405,2.2609593868255615,0.8778091417340573,0.001,128,lr_0.001_hc_128
27,8.281538963317871,0.7082964777946472,1.2645765542984009,1.2730416059494019,5.0356245040893555,46.982611660415955,64.28571428571429,17.93385612001364,84.33226943016052,53.3836128740761,62.19020104408264,2.1540236473083496,0.8734200960253871,0.001,128,lr_0.001_hc_128
28,8.364358901977539,0.7494990825653076,1.2753857374191284,1.2924364805221558,5.047037124633789,46.06205250596659,63.109444255028976,18.4964200477327,86.02192401885986,53.422460206897036,64.6580159664154,2.367203712463379,0.8690529955452602,0.001,128,lr_0.001_hc_128
29,8.302823066711426,0.7751892805099487,1.2765358686447144,1.2780603170394897,4.9730377197265625,46.283668598704395,64.08114558472555,19.280600068189564,85.32776832580566,53.743295644356294,66.90879821777344,2.1650941371917725,0.8647077305675338,0.001,128,lr_0.001_hc_128
30,8.292932510375977,0.7623335719108582,1.2553232908248901,1.282397747039795,4.992878437042236,47.357654278895325,63.672008182748044,20.184111830889872,87.96209692955017,54.79396780552085,69.36581873893738,2.3572423458099365,0.8603841919146962,0.001,128,lr_0.001_hc_128
31,8.220797538757324,0.7701976895332336,1.232850193977356,1.257282018661499,4.960467338562012,48.073644732355945,64.30276167746335,19.979543129901124,86.18267774581909,54.63465682138489,71.68692946434021,2.214686870574951,0.8560822709551227,0.001,128,lr_0.001_hc_128
32,8.144363403320312,0.7775300741195679,1.2218817472457886,1.248981237411499,4.895970344543457,47.97136038186158,64.72894647118991,21.30923968632799,84.98282432556152,54.74809271623524,73.98021411895752,2.1894068717956543,0.851801859600347,0.001,128,lr_0.001_hc_128
33,8.147157669067383,0.7906767129898071,1.2215001583099365,1.2280223369598389,4.90695858001709,48.977156495056256,65.37674735765428,21.29219229457893,82.94535875320435,54.64786372512344,76.25240516662598,2.1697864532470703,0.8475428503023453,0.001,128,lr_0.001_hc_128
34,8.065356254577637,0.7757228016853333,1.2321951389312744,1.2172343730926514,4.840203762054443,48.192976474599384,65.53017388339583,21.56495056256393,83.8125228881836,54.77515595218569,79.2909460067749,2.93405818939209,0.8433051360508336,0.001,128,lr_0.001_hc_128
35,8.156721115112305,0.8280929923057556,1.2081066370010376,1.2110334634780884,4.909488677978516,50.25571087623594,67.25196045005114,21.85475622229799,81.79018497467041,55.28815313081387,81.7767322063446,2.3841018676757812,0.8390886103705794,0.001,128,lr_0.001_hc_128
36,8.083977699279785,0.8148361444473267,1.219425916671753,1.203688144683838,4.846027374267578,49.52267303102625,66.26321172860553,22.38322536651892,81.72098398208618,54.97252352705922,84.05844712257385,2.200525999069214,0.8348931673187264,0.001,128,lr_0.001_hc_128
37,8.058917045593262,0.8304625749588013,1.20339834690094,1.18131685256958,4.8437395095825195,49.02829867030344,66.87691783157177,22.519604500511424,82.87180662155151,55.32415690598454,86.33925342559814,2.180103302001953,0.8307187014821328,0.001,128,lr_0.001_hc_128
38,8.041872024536133,0.8807380199432373,1.1903148889541626,1.1937657594680786,4.7770538330078125,50.35799522673031,67.50767132628708,23.406068871462665,82.83720016479492,56.02723389731874,88.60092639923096,2.1665432453155518,0.8265651079747222,0.001,128,lr_0.001_hc_128
39,7.997081756591797,0.8751563429832458,1.1733659505844116,1.1939765214920044,4.75458288192749,51.551312649164686,67.62700306853051,24.821002386634845,83.22287797927856,56.805549020902156,90.90207839012146,2.2063984870910645,0.8224322824348486,0.001,128,lr_0.001_hc_128
40,7.922781944274902,0.9085526466369629,1.171709656715393,1.1716402769088745,4.670879364013672,51.15922263893624,67.49062393453802,25.400613706102966,82.03815221786499,56.52215312436055,93.19510412216187,2.1910743713378906,0.8183201210226743,0.001,128,lr_0.001_hc_128
41,7.899013519287109,0.9033041596412659,1.156567096710205,1.1708390712738037,4.6683030128479,52.11387657688373,68.2748039549949,26.048414592567337,82.98174142837524,57.354709138205294,95.5192198753357,2.2329862117767334,0.8142285204175609,0.001,128,lr_0.001_hc_128
42,7.811254501342773,0.9297499656677246,1.1421109437942505,1.149387001991272,4.5900068283081055,53.18786225707467,69.1783157176952,27.037163314012957,82.79072642326355,58.048516928011594,97.8220853805542,2.2008485794067383,0.810157377815473,0.001,128,lr_0.001_hc_128
43,7.876511573791504,0.9369387626647949,1.1583250761032104,1.1626429557800293,4.61860466003418,52.38663484486874,68.70098874872144,27.548585066484826,82.81919956207275,57.863852055536945,100.1084303855896,2.1783053874969482,0.8061065909263957,0.001,128,lr_0.001_hc_128
44,7.953921318054199,0.9624946117401123,1.1400327682495117,1.1735159158706665,4.677877902984619,54.670985339243096,68.61575178997613,26.90078418002046,81.69577121734619,57.970823131646476,102.49793195724487,2.2798197269439697,0.8020760579717637,0.001,128,lr_0.001_hc_128
45,7.845563888549805,0.9844344258308411,1.149011492729187,1.1273314952850342,4.584786415100098,53.86975792703716,68.51346743948176,27.923627684964202,81.3306450843811,57.90937453396605,104.83145761489868,2.2545382976531982,0.798065677681905,0.001,128,lr_0.001_hc_128
46,7.755158424377441,0.9527747631072998,1.12242591381073,1.1096131801605225,4.5703444480896,55.5744971019434,70.64439140811456,27.90658029321514,83.01616907119751,59.285409468617644,107.10718894004822,2.1888186931610107,0.7940753492934954,0.001,128,lr_0.001_hc_128
47,7.832608222961426,1.0208498239517212,1.106332778930664,1.1158474683761597,4.589578151702881,56.15410842141152,70.69553358336175,29.321513808387316,82.42955207824707,59.65017697285191,109.36375951766968,2.15252423286438,0.7901049725470279,0.001,128,lr_0.001_hc_128
48,7.82226037979126,1.0297356843948364,1.0882349014282227,1.0864338874816895,4.617856025695801,56.73371974087964,70.59324923286738,28.07705421070576,81.87662363052368,59.32016170374412,111.63711428642273,2.1655399799346924,0.7861544476842928,0.001,128,lr_0.001_hc_128
49,7.831948280334473,1.058903455734253,1.1065928936004639,1.096278429031372,4.570173740386963,56.443914081145586,70.43982270712581,29.815888169110128,80.94854950904846,59.412043616607505,113.9024748802185,2.165417432785034,0.7822236754458713,0.001,128,lr_0.001_hc_128
50,7.782510280609131,1.0477865934371948,1.0804142951965332,1.0795859098434448,4.574723243713379,57.176951926355265,70.55915444936925,29.764745993862938,81.61664009094238,59.77937311513246,116.20216226577759,2.2016468048095703,0.778312557068642,0.001,128,lr_0.001_hc_128
51,7.791746616363525,1.0435280799865723,1.0859929323196411,1.0656064748764038,4.596619129180908,57.296283668598704,71.29219229457892,29.18513467439482,81.59372210502625,59.841833185649676,118.46511960029602,2.164956569671631,0.7744209942832988,0.001,128,lr_0.001_hc_128
52,7.770677089691162,1.0590076446533203,1.0819250345230103,1.0636483430862427,4.566096305847168,58.94988066825776,72.2127514490283,29.952267303102627,81.66745901107788,60.69558960786665,120.75953507423401,2.1996562480926514,0.7705488893118823,0.001,128,lr_0.001_hc_128
53,7.73806095123291,1.0352880954742432,1.1020431518554688,1.0618077516555786,4.53892183303833,56.904193658370275,71.65018752130923,29.98636208660075,81.3652515411377,59.97649870185449,123.07453656196594,2.2098965644836426,0.7666961448653229,0.001,128,lr_0.001_hc_128
54,7.812813758850098,1.0802544355392456,1.08584463596344,1.0790764093399048,4.567638397216797,58.81350153426526,71.82066143879986,29.69655642686669,81.29100799560547,60.40543184888432,125.42646837234497,2.251283884048462,0.7628626641409962,0.001,128,lr_0.001_hc_128
55,7.687740802764893,1.0445852279663086,1.076275110244751,1.067432165145874,4.499448299407959,59.87043982270712,72.63893624275485,30.668257756563243,79.58295941352844,60.69014830888841,127.9699079990387,2.43522572517395,0.7590483508202912,0.001,128,lr_0.001_hc_128
56,7.7382659912109375,1.0580860376358032,1.059828281402588,1.072607398033142,4.547744274139404,58.5236958745312,71.49676099556768,30.429594272076372,79.88678812980652,60.08420981799545,131.30409836769104,3.241943836212158,0.7552531090661897,0.001,128,lr_0.001_hc_128
57,7.797733306884766,1.1416001319885254,1.0825912952423096,1.0751752853393555,4.498366832733154,58.5236958745312,72.33208319127174,31.35015342652574,80.43766021728516,60.66089817740345,133.8144850730896,2.3896687030792236,0.7514768435208588,0.001,128,lr_0.001_hc_128
58,7.635638236999512,1.0970348119735718,1.0578972101211548,1.050750732421875,4.42995548248291,61.26832594613024,73.25264234572111,31.571769519263555,80.84551095962524,61.734562192685026,136.15936946868896,2.249845504760742,0.7477194593032545,0.001,128,lr_0.001_hc_128
59,7.763665199279785,1.1208292245864868,1.0718508958816528,1.0526353120803833,4.518349647521973,59.529491987725876,72.4855097170133,30.75349471530856,82.15817213058472,61.23166713765812,138.62177062034607,2.3630473613739014,0.7439808620067382,0.001,128,lr_0.001_hc_128
60,7.77448844909668,1.111386775970459,1.0747458934783936,1.0765910148620605,4.5117645263671875,59.61472894647118,72.7071258097511,30.617115581316057,80.76838850975037,60.926839711822176,141.1561987400055,2.427912950515747,0.7402609576967045,0.001,128,lr_0.001_hc_128
61,7.799181938171387,1.1719188690185547,1.073982834815979,1.0549330711364746,4.498347282409668,60.67166723491306,72.87759972724174,32.57756563245823,81.53283596038818,61.914917138750305,144.2993552684784,3.0438756942749023,0.736559652908221,0.001,128,lr_0.001_hc_128
62,7.744863986968994,1.1294656991958618,1.0636096000671387,1.0694252252578735,4.482363700866699,60.006818956699625,73.83225366518923,32.16842823048074,79.55014705657959,61.389411977237295,147.31572461128235,2.907320022583008,0.7328768546436799,0.001,128,lr_0.001_hc_128
63,7.686072826385498,1.144527554512024,1.0575568675994873,1.061376929283142,4.422611236572266,60.63757245141493,73.16740538697579,32.25366518922605,81.02030754089355,61.76973764212759,149.84486937522888,2.421034812927246,0.7292124703704616,0.001,128,lr_0.001_hc_128
64,7.607367038726807,1.1195791959762573,1.0560353994369507,1.0612671375274658,4.370485305786133,61.37061029662462,73.86634844868735,32.91851346743948,81.20845556259155,62.34098194383575,152.11531949043274,2.175337314605713,0.7255664080186093,0.001,128,lr_0.001_hc_128
65,7.734820365905762,1.1585036516189575,1.0662761926651,1.0656391382217407,4.444401264190674,60.99556767814525,73.23559495397204,32.42413910671667,79.79741096496582,61.61317817594993,154.64740371704102,2.4403467178344727,0.7219385759785162,0.001,128,lr_0.001_hc_128
66,7.744075775146484,1.1453043222427368,1.0612702369689941,1.0669447183609009,4.470556735992432,62.30821684282305,73.40606887146267,33.31060347766792,81.47084712982178,62.62393408044385,157.16564798355103,2.4207217693328857,0.7183288830986236,0.001,128,lr_0.001_hc_128
67,7.669304370880127,1.1689505577087402,1.027675986289978,1.057531714439392,4.4151458740234375,61.813842482100235,73.42311626321172,32.4582338902148,80.60871958732605,62.07597805571321,159.63238668441772,2.371218204498291,0.7147372386831305,0.001,128,lr_0.001_hc_128
68,7.73935079574585,1.180513858795166,1.0482174158096313,1.053466796875,4.457152843475342,62.03545857483805,73.86634844868735,32.7309921581998,81.44850134849548,62.520325132555165,162.05783462524414,2.330932855606079,0.7111635524897149,0.001,128,lr_0.001_hc_128
69,7.737592697143555,1.1866731643676758,1.0447896718978882,1.0604274272918701,4.44570255279541,61.35356290487556,73.6617797476986,32.662802591203544,83.46579670906067,62.7859854882096,164.37493872642517,2.2260680198669434,0.7076077347272662,0.001,128,lr_0.001_hc_128
70,7.754836559295654,1.253957748413086,1.0230193138122559,1.025048851966858,4.452810764312744,63.05830207978179,75.19604500511421,33.41288782816229,80.86893558502197,63.13404262452007,166.75837182998657,2.2856643199920654,0.7040696960536299,0.001,128,lr_0.001_hc_128
71,7.784323215484619,1.2329201698303223,1.0407952070236206,1.0440131425857544,4.466594696044922,63.34810773951586,74.19024889191954,32.96965564268667,80.86063861846924,62.84216272314782,169.1200442314148,2.2700517177581787,0.7005493475733617,0.001,128,lr_0.001_hc_128
72,7.792730808258057,1.2322969436645508,1.0438096523284912,1.0664564371109009,4.450167655944824,63.194681213774295,74.2072962836686,33.65155131264916,80.70926666259766,62.940698868172426,171.55959391593933,2.338062047958374,0.697046600835495,0.001,128,lr_0.001_hc_128
73,7.8082380294799805,1.2220028638839722,1.0520697832107544,1.0455971956253052,4.488568305969238,63.70610296624617,74.32662802591203,33.7708830548926,81.9426417350769,63.43656394553192,173.8888123035431,2.2357773780822754,0.6935613678313175,0.001,128,lr_0.001_hc_128
74,7.8178510665893555,1.3247275352478027,1.0300995111465454,1.0478770732879639,4.415147304534912,62.274122059324924,75.43470848960109,33.97545175588135,79.98842597007751,62.91817706872123,176.1469748020172,2.1632838249206543,0.6900935609921609,0.001,128,lr_0.001_hc_128
75,7.764580726623535,1.291404366493225,1.0489574670791626,1.0454506874084473,4.378768444061279,62.46164336856461,74.87214456188204,34.094783498124784,80.93309998512268,63.09041785342353,178.98382258415222,2.7417612075805664,0.6866430931872001,0.001,128,lr_0.001_hc_128
76,7.742231369018555,1.2995719909667969,1.0257196426391602,1.0368108749389648,4.380128860473633,63.60381861575179,74.97442891237641,34.82782134333447,81.10177516937256,63.62696101020882,181.56154131889343,2.4665517807006836,0.6832098777212641,0.001,128,lr_0.001_hc_128
77,7.76503324508667,1.284555435180664,1.0327013731002808,1.0443106889724731,4.403465747833252,63.45039209001023,74.68462325264234,35.03239004432322,79.2351484298706,63.1006384542116,183.898020029068,2.229736566543579,0.6797938283326578,0.001,128,lr_0.001_hc_128
78,7.764242649078369,1.2968693971633911,1.0377535820007324,1.045557975769043,4.384061813354492,63.72315035799523,74.99147630412547,34.3163995908626,79.60313558578491,63.15854045969205,187.0539586544037,3.0620858669281006,0.6763948591909945,0.001,128,lr_0.001_hc_128
79,7.79254150390625,1.3230341672897339,1.0304497480392456,1.0650944709777832,4.373962879180908,63.433344698261166,74.56529151039891,35.06648482782134,79.74333167076111,63.202113176810634,189.71392560005188,2.5661447048187256,0.6730128848950395,0.001,128,lr_0.001_hc_128
80,7.667469501495361,1.280443549156189,1.0220589637756348,1.0464662313461304,4.318500518798828,63.791339924991476,75.23013978861233,36.10637572451415,79.72820401191711,63.71401486250877,192.62246870994568,2.7843613624572754,0.6696478204705644,0.001,128,lr_0.001_hc_128
81,7.7736897468566895,1.3221863508224487,1.029589295387268,1.0496052503585815,4.372308731079102,63.91067166723491,74.2072962836686,35.015342652574155,79.591965675354,63.18131906970792,195.53363156318665,2.7983827590942383,0.6662995813682115,0.001,128,lr_0.001_hc_128
82,7.630195617675781,1.2894935607910156,1.0269285440444946,1.0226380825042725,4.291135787963867,64.40504602795772,75.3324241391067,35.61200136379134,80.74278831481934,64.02306496141878,197.84366989135742,2.2221779823303223,0.6629680834613705,0.001,128,lr_0.001_hc_128
83,7.8190016746521,1.3270922899246216,1.0287493467330933,1.0493239164352417,4.4138360023498535,64.33685646096149,74.56529151039891,35.21991135356291,80.32793998718262,63.61249982802648,200.197744846344,2.257402181625366,0.6596532430440636,0.001,128,lr_0.001_hc_128
84,7.729970455169678,1.3571680784225464,1.0309125185012817,1.0280269384384155,4.3138628005981445,64.04705080122741,75.75860893283327,36.549607909989774,79.9242615699768,64.0698823035068,202.4970850944519,2.208528995513916,0.6563549768288433,0.001,128,lr_0.001_hc_128
85,7.735384941101074,1.3110110759735107,1.0190086364746094,1.0445547103881836,4.360810279846191,65.12103648141834,75.26423457211047,35.56085918854415,80.36253452301025,64.07716619127079,204.7942349910736,2.204681634902954,0.653073201944699,0.001,128,lr_0.001_hc_128
86,7.7158355712890625,1.3669365644454956,1.0230967998504639,1.0294616222381592,4.296340465545654,65.56426866689397,75.26423457211047,36.37913399249915,81.23188018798828,64.60987935487297,207.12580800056458,2.2318508625030518,0.6498078359349755,0.001,128,lr_0.001_hc_128
87,7.6728715896606445,1.352301001548767,1.019990086555481,1.0223746299743652,4.278205871582031,65.1380838731674,75.58813501534264,36.02113876576884,79.5317530632019,64.0697776793702,209.4441864490509,2.223952531814575,0.6465587967553006,0.001,128,lr_0.001_hc_128
88,7.707892417907715,1.3711596727371216,1.0080984830856323,1.0329492092132568,4.295684814453125,66.51892260484146,75.82679849982952,37.009887487214456,79.13134098052979,64.6217373931038,211.86016988754272,2.31502103805542,0.6433260027715241,0.001,128,lr_0.001_hc_128
89,7.800504684448242,1.3949546813964844,1.0300334692001343,1.061539888381958,4.313976287841797,65.97340606887147,75.23013978861233,36.90760313672008,78.67792844772339,64.19726936048183,214.25479078292847,2.3010566234588623,0.6401093727576664,0.001,128,lr_0.001_hc_128
90,7.871046543121338,1.3940740823745728,1.0380007028579712,1.04603111743927,4.392940521240234,65.97340606887147,75.75860893283327,38.15206273440164,80.82603216171265,65.17752747445475,216.74372482299805,2.3928070068359375,0.6369088258938781,0.001,128,lr_0.001_hc_128
91,7.805808067321777,1.4089062213897705,1.0445637702941895,1.0602526664733887,4.292085647583008,65.73474258438459,75.72451414933515,37.04398227071258,78.40328216552734,64.22663029248992,219.13825058937073,2.3001363277435303,0.6337242817644086,0.001,128,lr_0.001_hc_128
92,7.827760696411133,1.3713195323944092,1.0329920053482056,1.0598381757736206,4.363610744476318,67.04739174906238,75.82679849982952,36.58370269348789,79.9466073513031,64.85112507342072,221.57826471328735,2.3474278450012207,0.6305556603555866,0.001,128,lr_0.001_hc_128
93,7.740921974182129,1.3521479368209839,1.0524930953979492,1.0459851026535034,4.290295600891113,65.34265257415616,76.04841459256734,37.845209682918515,80.96336126327515,65.04990952822929,223.89410781860352,2.2231028079986572,0.6274028820538087,0.001,128,lr_0.001_hc_128
94,7.886627197265625,1.4062654972076416,1.071588397026062,1.0865166187286377,4.322257041931152,65.51312649164677,75.3835663143539,37.99863620866007,79.04770374298096,64.48575818941042,226.18513202667236,2.192021369934082,0.6242658676435396,0.001,128,lr_0.001_hc_128
95,7.884580612182617,1.38065505027771,1.0850669145584106,1.0720478296279907,4.346810817718506,64.96760995567679,75.84384589157858,37.725877940675076,82.12535381317139,65.16567190027547,228.44440245628357,2.1662662029266357,0.6211445383053219,0.001,128,lr_0.001_hc_128
96,7.8276591300964355,1.350308895111084,1.0636417865753174,1.0426546335220337,4.371053695678711,66.28025912035459,75.40061370610297,37.265598363450394,78.82425785064697,64.44268226013872,230.74443864822388,2.2064297199249268,0.6180388156137953,0.001,128,lr_0.001_hc_128
97,7.86024284362793,1.4423860311508179,1.0403039455413818,1.0615437030792236,4.316009044647217,66.53596999659052,75.74156154108421,38.40777361063758,78.13405990600586,64.70484126357955,233.22367668151855,2.381910562515259,0.6149486215357263,0.001,128,lr_0.001_hc_128
98,7.970729351043701,1.4446766376495361,1.0490494966506958,1.093911051750183,4.383091926574707,66.85987043982271,75.67337197408797,37.65768837367883,78.78856658935547,64.74487434423624,235.61543202400208,2.2954261302948,0.6118738784280476,0.001,128,lr_0.001_hc_128
99,7.79334020614624,1.4338269233703613,1.041408896446228,1.0565048456192017,4.261599540710449,66.57006478008864,75.46880327309921,39.10671667234913,79.70260381698608,65.21204713563077,238.48420071601868,2.7716805934906006,0.6088145090359074,0.001,128,lr_0.001_hc_128
100,7.825650215148926,1.4223248958587646,1.041256070137024,1.0589091777801514,4.303160190582275,66.9962495738152,76.0654619843164,38.56120013637913,78.61268520355225,65.05889922451574,240.87368035316467,2.3002727031707764,0.6057704364907278,0.001,128,lr_0.001_hc_128
101,7.820003509521484,1.4332457780838013,1.058957576751709,1.0539346933364868,4.273865699768066,66.89396522332083,75.94613024207297,38.203204909648825,80.64006567001343,65.42084151126402,243.17307376861572,2.2044577598571777,0.6027415843082742,0.001,128,lr_0.001_hc_128
102,7.907366752624512,1.4425331354141235,1.0740846395492554,1.0719163417816162,4.3188323974609375,66.48482782134334,76.40640981929765,38.578247528128195,81.58761262893677,65.7642744494265,245.53951978683472,2.2719314098358154,0.5997278763867329,0.001,128,lr_0.001_hc_128
103,7.884373664855957,1.4321351051330566,1.0607812404632568,1.057541012763977,4.333916187286377,67.28605523354926,76.25298329355608,38.544152744630075,81.40273094177246,65.87148055337697,247.81309175491333,2.179104804992676,0.5967292370047992,0.001,128,lr_0.001_hc_128
104,7.954318046569824,1.5171440839767456,1.0780739784240723,1.0578781366348267,4.30122184753418,67.21786566655302,76.83259461302421,38.66348448687351,80.43966293334961,65.78840192495008,250.10536527633667,2.2016847133636475,0.5937455908197752,0.001,128,lr_0.001_hc_128
105,7.965707778930664,1.5013666152954102,1.0608935356140137,1.0879037380218506,4.3155436515808105,67.11558131605865,76.15069894306171,38.902147971360385,81.60817623138428,65.94415111546625,252.40503334999084,2.20766019821167,0.5907768628656763,0.001,128,lr_0.001_hc_128
106,7.933292388916016,1.5050783157348633,1.0764988660812378,1.065743327140808,4.285971641540527,67.45652915103989,76.64507330378451,40.12956017729287,79.01023030281067,65.810348233732,254.6910936832428,2.1927547454833984,0.5878229785513479,0.001,128,lr_0.001_hc_128
107,7.943431377410889,1.4679745435714722,1.0663025379180908,1.0831948518753052,4.3259596824646,67.37129219229458,76.15069894306171,39.038527105352884,77.97726392745972,65.13444554204222,256.99297285079956,2.205153465270996,0.5848838636585911,0.001,128,lr_0.001_hc_128
108,8.015775680541992,1.4700267314910889,1.082072138786316,1.113046646118164,4.350629806518555,67.03034435731333,76.16774633481077,39.2090010228435,80.63067197799683,65.7594409232411,259.27805757522583,2.190955877304077,0.5819594443402982,0.001,128,lr_0.001_hc_128
109,7.945819854736328,1.451714038848877,1.0990785360336304,1.0782268047332764,4.316800117492676,67.11558131605865,76.66212069553359,39.73747016706444,81.14646673202515,66.16540972767045,262.02247047424316,2.6527976989746094,0.5790496471185967,0.001,128,lr_0.001_hc_128
110,7.9117302894592285,1.4382007122039795,1.0831013917922974,1.0755033493041992,4.314924716949463,66.80872826457552,77.00306853051482,39.157858847596316,80.90137243270874,65.96775701884884,264.496297121048,2.383181095123291,0.5761543988830038,0.001,128,lr_0.001_hc_128
111,8.114770889282227,1.5536179542541504,1.1256883144378662,1.1302883625030518,4.305176734924316,66.57006478008864,75.82679849982952,40.14660756904193,78.87290716171265,65.35409450266819,266.7649531364441,2.1756324768066406,0.5732736268885887,0.001,128,lr_0.001_hc_128
112,8.030174255371094,1.509547472000122,1.107744812965393,1.1041264533996582,4.308754920959473,66.87691783157177,77.25877940675076,40.930787589498806,79.99129295349121,66.26444444532814,269.1021556854248,2.245525360107422,0.5704072587541458,0.001,128,lr_0.001_hc_128
113,8.042447090148926,1.4922237396240234,1.104185938835144,1.1040959358215332,4.3419413566589355,66.77463348107739,76.45755199454484,40.67507671326287,80.71322441101074,66.15512164997396,271.4286210536957,2.2346737384796143,0.567555222460375,0.001,128,lr_0.001_hc_128
114,8.104338645935059,1.470807671546936,1.1423543691635132,1.1252460479736328,4.365930557250977,66.55301738833958,76.40640981929765,40.62393453801568,81.19727969169617,66.19516035933727,273.7304482460022,2.208357810974121,0.5647174463480732,0.001,128,lr_0.001_hc_128
1,11.373832702636719,3.142245292663574,1.4245078563690186,1.4388076066970825,5.368271827697754,40.77736106375725,62.9219229457893,11.728605523354926,93.39407682418823,52.20549158927243,9.101208925247192,9.101208925247192,0.995,0.001,256,lr_0.001_hc_256
2,10.760400772094727,2.6007907390594482,1.4025801420211792,1.423642635345459,5.33338737487793,41.783157176951924,61.72860552335493,11.285373337879305,94.39066052436829,52.29694914063862,18.560315370559692,9.025997400283813,0.990025,0.001,256,lr_0.001_hc_256
3,10.396851539611816,2.269540786743164,1.4165639877319336,1.4257735013961792,5.28497314453125,41.305830207978175,62.41050119331742,12.069553358336174,93.56492161750793,52.33770159428492,28.110788822174072,9.023161888122559,0.985074875,0.001,256,lr_0.001_hc_256
4,10.133979797363281,2.0182807445526123,1.406835913658142,1.4129074811935425,5.295956134796143,41.305830207978175,62.87078077054211,11.200136379133992,93.62186789512634,52.24965381319515,37.22872352600098,8.629953145980835,0.9801495006250001,0.001,256,lr_0.001_hc_256
5,9.540088653564453,1.4816415309906006,1.4056370258331299,1.407781720161438,5.245028018951416,40.81145584725537,62.66621206955336,12.495738152062733,93.22323799133301,52.29916101505112,47.59804725646973,9.872813940048218,0.9752487531218751,0.001,256,lr_0.001_hc_256
6,9.150854110717773,1.117655634880066,1.3882555961608887,1.393154501914978,5.2517876625061035,41.95363109444255,62.12069553358336,12.308216842823049,93.0523931980133,52.35873416721557,57.648637533187866,9.526238441467285,0.9703725093562657,0.001,256,lr_0.001_hc_256
7,8.798891067504883,0.8741658329963684,1.3656915426254272,1.370752215385437,5.188281059265137,41.646778042959426,62.376406409819296,13.876576883736789,89.16195631027222,51.76542941169693,67.18773126602173,8.965903043746948,0.9655206468094844,0.001,256,lr_0.001_hc_256
8,8.74837875366211,0.7335303425788879,1.3747726678848267,1.3784446716308594,5.261631488800049,42.05591544493693,62.257074667575864,13.689055574497102,86.08430027961731,51.0215864916568,76.2291796207428,8.518461227416992,0.960693043575437,0.001,256,lr_0.001_hc_256
9,8.595788955688477,0.7079512476921082,1.3365384340286255,1.3536806106567383,5.1976189613342285,41.288782816229116,61.62632117286056,14.677804295942721,82.22342133522034,49.95408240506318,86.4055802822113,9.681379079818726,0.9558895783575597,0.001,256,lr_0.001_hc_256
10,8.523345947265625,0.6870686411857605,1.3173667192459106,1.3328055143356323,5.186105251312256,42.53324241391067,62.68325946130242,14.745993862938969,79.5339286327362,49.87410609272207,100.14476561546326,13.181376457214355,0.9511101304657719,0.001,256,lr_0.001_hc_256
11,8.379531860351562,0.644904375076294,1.3078117370605469,1.3290770053863525,5.097738742828369,42.41391067166724,62.56392771905899,17.200818274803957,81.06608390808105,50.81118514340282,114.12850689888,13.416152954101562,0.946354579813443,0.001,256,lr_0.001_hc_256
12,8.31644058227539,0.6521835923194885,1.3029507398605347,1.319544792175293,5.04176139831543,42.17524718718036,62.1036481418343,17.30310262529833,79.36634421348572,50.237085541949675,127.99866962432861,13.319226264953613,0.9416228069143757,0.001,256,lr_0.001_hc_256
13,8.207443237304688,0.6512945294380188,1.2664285898208618,1.290276050567627,4.999444484710693,44.459597681554726,62.836685987043985,17.4053869757927,83.19331407546997,51.97374617996535,141.1797161102295,12.632242679595947,0.9369146928798039,0.001,256,lr_0.001_hc_256
14,8.035573959350586,0.6155715584754944,1.2712146043777466,1.2864134311676025,4.862374782562256,44.34026593931129,61.93317422434368,18.769178315717696,84.3809187412262,52.355884305149715,150.3626835346222,8.65608835220337,0.9322301194154049,0.001,256,lr_0.001_hc_256
15,8.096172332763672,0.701531708240509,1.2455666065216064,1.2606937885284424,4.88838005065918,44.81759290828503,62.990112512785544,18.683941356972383,85.43049097061157,52.98053443716363,159.56359672546387,8.678504467010498,0.9275689688183278,0.001,256,lr_0.001_hc_256
16,8.009498596191406,0.726536750793457,1.244126319885254,1.2457826137542725,4.793052673339844,45.669962495738154,62.90487555404023,18.71803614047051,87.27476596832275,53.641910039642916,168.77171730995178,8.679832220077515,0.9229311239742362,0.001,256,lr_0.001_hc_256
17,8.014815330505371,0.7214927077293396,1.2460672855377197,1.2416660785675049,4.805589199066162,46.59052165018752,64.37095124445959,18.666893965223323,88.70420455932617,54.58314285479915,178.20227980613708,8.8630850315094,0.918316468354365,0.001,256,lr_0.001_hc_256
18,7.9551286697387695,0.7450687885284424,1.2385518550872803,1.2261712551116943,4.745337009429932,46.21547903170815,64.60961472894647,18.871462666212068,89.22898769378662,54.73138603016332,187.31125044822693,8.606240034103394,0.9137248860125932,0.001,256,lr_0.001_hc_256
19,7.879055976867676,0.7269968390464783,1.2246406078338623,1.2010408639907837,4.726377487182617,46.8291851346744,65.34265257415616,20.047732696897373,86.5121066570282,54.68291926568902,196.65005493164062,8.842758178710938,0.9091562615825302,0.001,256,lr_0.001_hc_256
20,7.825340270996094,0.7466181516647339,1.211570382118225,1.193205714225769,4.673945903778076,47.92021820661439,64.37095124445959,21.01943402659393,84.94643568992615,54.564259791898515,206.6501603126526,9.500857830047607,0.9046104802746175,0.001,256,lr_0.001_hc_256
21,7.804765701293945,0.7509044408798218,1.206845760345459,1.1891077756881714,4.657907962799072,47.698602113876575,65.8711217183771,21.63314012956018,85.80460548400879,55.251867361455666,215.91036653518677,8.704136371612549,0.9000874278732445,0.001,256,lr_0.001_hc_256
22,7.707442283630371,0.7319655418395996,1.1847501993179321,1.1806973218917847,4.610029220581055,49.31810433003751,65.61541084214116,21.599045346062052,85.55734157562256,55.52247552346581,229.98618721961975,13.459476709365845,0.8955869907338783,0.001,256,lr_0.001_hc_256
23,7.663571357727051,0.751300573348999,1.1674968004226685,1.1450302600860596,4.599743843078613,48.977156495056256,67.64405046027959,21.394476645073304,85.88677048683167,55.975613521810196,243.86633920669556,13.251226425170898,0.8911090557802088,0.001,256,lr_0.001_hc_256
24,7.626180171966553,0.7679145336151123,1.1460957527160645,1.173054575920105,4.5391154289245605,49.26696215479032,66.19502216160927,23.559495397204227,81.55231475830078,55.143448617976155,258.0031840801239,13.50026535987854,0.8866535105013078,0.001,256,lr_0.001_hc_256
25,7.565295219421387,0.7900612354278564,1.1350723505020142,1.1700446605682373,4.470117092132568,50.76713262870781,67.16672349130583,24.85509717013297,82.08718299865723,56.21903407220097,273.69289231300354,15.060905694961548,0.8822202429488013,0.001,256,lr_0.001_hc_256
26,7.464919567108154,0.8424052000045776,1.1225465536117554,1.1444461345672607,4.3555216789245605,52.19911353562905,68.47937265598364,25.485850664848282,80.34345507621765,56.62694798316965,286.6735579967499,12.34553050994873,0.8778091417340573,0.001,256,lr_0.001_hc_256
27,7.37308406829834,0.8071972727775574,1.1179050207138062,1.1376533508300781,4.310328483581543,52.45482441186498,68.05318786225708,26.42345721104671,82.03132152557373,57.24069775268562,295.9954836368561,8.794131994247437,0.8734200960253871,0.001,256,lr_0.001_hc_256
28,7.393954277038574,0.8275843262672424,1.1166666746139526,1.1402868032455444,4.3094162940979,52.216160927378105,68.59870439822707,27.344016365496078,83.80256295204163,57.99036116078573,304.9413492679596,8.438849925994873,0.8690529955452602,0.001,256,lr_0.001_hc_256
29,7.369038105010986,0.8519706130027771,1.1182385683059692,1.1218461990356445,4.27698278427124,53.051483123082164,68.82032049096487,28.07705421070576,82.52041935920715,58.11731929599,314.7177588939667,9.2646803855896,0.8647077305675338,0.001,256,lr_0.001_hc_256
30,7.312891483306885,0.8808635473251343,1.0929838418960571,1.1045141220092773,4.234529972076416,53.341288782816235,69.21241050119332,29.304466416638252,81.57519102096558,58.35833918040334,325.1200156211853,9.834041833877563,0.8603841919146962,0.001,256,lr_0.001_hc_256
31,7.300019264221191,0.9021090269088745,1.0932731628417969,1.1021145582199097,4.2025227546691895,54.8926014319809,69.57040572792363,30.702352540061373,81.77878260612488,59.236035576522696,334.26488876342773,8.597280263900757,0.8560822709551227,0.001,256,lr_0.001_hc_256
32,7.247225761413574,0.921686053276062,1.0623626708984375,1.0761303901672363,4.187046527862549,56.27344016365497,71.13876576883736,29.867030344357314,81.42831325531006,59.67688738303993,343.665322303772,8.890288829803467,0.851801859600347,0.001,256,lr_0.001_hc_256
33,7.129744529724121,0.9097678065299988,1.0584936141967773,1.0467331409454346,4.114749908447266,56.426866689396526,70.47391749062393,31.96385952949199,82.17959403991699,60.26105943735735,352.95112466812134,8.73942756652832,0.8475428503023453,0.001,256,lr_0.001_hc_256
34,7.160232067108154,0.9412823915481567,1.0367907285690308,1.0404248237609863,4.1417341232299805,57.483804977838396,71.07057620184112,30.719399931810432,82.15615749359131,60.35748465127031,361.9959852695465,8.52157735824585,0.8433051360508336,0.001,256,lr_0.001_hc_256
35,7.1029276847839355,0.925419807434082,1.0184454917907715,1.0539523363113403,4.105110168457031,58.19979543129901,70.64439140811456,30.68530514831231,83.29746723175049,60.706739804869095,371.1428806781769,8.644591808319092,0.8390886103705794,0.001,256,lr_0.001_hc_256
36,7.11062479019165,0.9622268676757812,1.0019128322601318,1.0338547229766846,4.112630367279053,58.33617456529151,72.31503579952268,31.299011251278554,82.12049007415771,61.017677922562605,381.095253944397,9.443723678588867,0.8348931673187264,0.001,256,lr_0.001_hc_256
37,7.000164031982422,0.9333736300468445,0.9861281514167786,1.0328668355941772,4.047795295715332,60.07500852369587,72.57074667575861,31.725196045005116,81.60817623138428,61.49478186896097,391.2005920410156,9.544424772262573,0.8307187014821328,0.001,256,lr_0.001_hc_256
38,6.986032485961914,0.9404967427253723,0.9942219853401184,1.0375885963439941,4.013725280761719,58.93283327650869,72.33208319127174,32.27071258097511,80.17765879631042,60.9283219612665,400.15329909324646,8.44642448425293,0.8265651079747222,0.001,256,lr_0.001_hc_256
39,6.995273113250732,0.9732868075370789,0.9985978603363037,1.0202049016952515,4.003183364868164,58.830548926014316,72.2127514490283,31.520627344016365,81.81865811347961,61.09564645813465,409.3835988044739,8.726900339126587,0.8224322824348486,0.001,256,lr_0.001_hc_256
40,6.972333908081055,0.9944897890090942,0.9914326667785645,1.0281810760498047,3.95823073387146,59.410160245482444,72.60484145925673,33.03784520968292,82.62200355529785,61.91871261742998,418.4075276851654,8.51575756072998,0.8183201210226743,0.001,256,lr_0.001_hc_256
41,6.961441993713379,1.0448325872421265,1.0022026300430298,0.9967118501663208,3.9176948070526123,58.711217183770884,73.47425843845892,34.094783498124784,81.80749416351318,62.02193832096694,427.3254609107971,8.408572912216187,0.8142285204175609,0.001,256,lr_0.001_hc_256
42,6.940384864807129,1.0274103879928589,0.9551603198051453,1.0033873319625854,3.9544270038604736,60.68871462666212,73.47425843845892,33.07193999318104,82.0799708366394,62.32872097373537,436.279349565506,8.446939706802368,0.810157377815473,0.001,256,lr_0.001_hc_256
43,6.89328145980835,1.0547322034835815,0.9681183695793152,0.9849848747253418,3.885446071624756,61.62632117286056,74.6164336856461,35.04943743607228,80.63323497772217,62.98135681807528,445.3414068222046,8.565155982971191,0.8061065909263957,0.001,256,lr_0.001_hc_256
44,6.791003704071045,1.0302141904830933,0.945289671421051,0.9909974932670593,3.8245022296905518,62.13774292533243,73.6617797476986,34.0436413228776,82.3715329170227,63.053674228232836,454.6071207523346,8.762772560119629,0.8020760579717637,0.001,256,lr_0.001_hc_256
45,6.862252235412598,1.0780245065689087,0.9570594429969788,0.993115246295929,3.834052801132202,60.77395158540744,73.52540061370611,35.42448005455165,81.08664751052856,62.70261994104844,463.59577894210815,8.476900100708008,0.798065677681905,0.001,256,lr_0.001_hc_256
46,6.747762680053711,1.0695760250091553,0.9368805289268494,0.9788771271705627,3.7624292373657227,62.34231162632117,74.30958063416297,35.16876917831572,81.53066635131836,63.33783194752955,473.0433843135834,8.939441680908203,0.7940753492934954,0.001,256,lr_0.001_hc_256
47,6.779357433319092,1.09120774269104,0.9389057159423828,0.9830164313316345,3.7662274837493896,63.433344698261166,74.46300715990454,35.254006137061026,80.76621294021606,63.47914273386069,482.0497839450836,8.497121095657349,0.7901049725470279,0.001,256,lr_0.001_hc_256
48,6.7787017822265625,1.1088204383850098,0.9309557676315308,0.9935927987098694,3.7453324794769287,63.29696556426867,74.56529151039891,36.327991817251956,80.30885457992554,63.62477586796127,491.91162395477295,9.345540046691895,0.7861544476842928,0.001,256,lr_0.001_hc_256
49,6.698786735534668,1.124707818031311,0.9213594794273376,0.9636321067810059,3.689087390899658,63.654960790998985,75.53699284009546,37.07807705421071,80.01977205276489,64.0724506845175,501.96428203582764,9.534423589706421,0.7822236754458713,0.001,256,lr_0.001_hc_256
50,6.768074989318848,1.1498687267303467,0.9320030212402344,0.9828433394432068,3.703359842300415,63.14353903852711,75.00852369587453,36.48141834299352,80.70926666259766,63.8356869349982,511.73683643341064,9.254951000213623,0.778312557068642,0.001,256,lr_0.001_hc_256
51,6.571501731872559,1.148142695426941,0.8807477951049805,0.934701144695282,3.607909917831421,65.4619843163996,75.70746675758609,37.91339924991476,81.651771068573,65.18365534811836,520.7708740234375,8.527629852294922,0.7744209942832988,0.001,256,lr_0.001_hc_256
52,6.639762878417969,1.154560923576355,0.905937135219574,0.9659233093261719,3.613341808319092,64.84827821343335,75.96317763382203,38.04977838390726,81.63772821426392,65.12474061135663,530.1599609851837,8.876001834869385,0.7705488893118823,0.001,256,lr_0.001_hc_256
53,6.530647277832031,1.1527994871139526,0.8924851417541504,0.9636353254318237,3.5217273235321045,65.8711217183771,75.91203545857483,38.74872144561882,81.18898272514343,65.43021533692854,539.3437871932983,8.672029495239258,0.7666961448653229,0.001,256,lr_0.001_hc_256
54,6.465035438537598,1.1510522365570068,0.9062799215316772,0.94438236951828,3.463320732116699,64.2345721104671,76.23593590180703,39.345380156836,81.4171552658081,65.30826085872957,549.771427154541,9.903725147247314,0.7628626641409962,0.001,256,lr_0.001_hc_256
55,6.474654197692871,1.1904844045639038,0.8839188814163208,0.9573176503181458,3.4429330825805664,65.61541084214116,75.70746675758609,39.97613365155131,80.80694675445557,65.52648950143353,561.3849623203278,11.030781984329224,0.7590483508202912,0.001,256,lr_0.001_hc_256
56,6.430332183837891,1.2094972133636475,0.8696046471595764,0.9301139712333679,3.4211161136627197,66.53596999659052,76.54278895329014,40.470508012274124,77.77398824691772,65.33081380226812,573.8611097335815,11.96388578414917,0.7552531090661897,0.001,256,lr_0.001_hc_256
57,6.453879356384277,1.2732359170913696,0.8777666687965393,0.9189995527267456,3.3838772773742676,67.20081827480395,76.95192635526764,40.79440845550631,80.84155321121216,66.44717657419751,587.7994616031647,13.385715961456299,0.7514768435208588,0.001,256,lr_0.001_hc_256
58,6.3845624923706055,1.2324191331863403,0.880588173866272,0.924168050289154,3.3473868370056152,66.6382543470849,76.67916808728265,41.51039890896693,79.55231666564941,66.09503450224597,601.4588041305542,13.117664337158203,0.7477194593032545,0.001,256,lr_0.001_hc_256
59,6.325875759124756,1.1999340057373047,0.8885056972503662,0.9347199201583862,3.3027162551879883,66.67234913058302,76.47459938629389,41.83429935219911,79.3681263923645,66.08734356536013,613.8607320785522,11.843644857406616,0.7439808620067382,0.001,256,lr_0.001_hc_256
60,6.159180164337158,1.17477548122406,0.8601041436195374,0.936275839805603,3.1880245208740234,67.20081827480395,76.11660415956358,42.124105011933175,82.19565153121948,66.90929474438005,623.451409816742,9.068017959594727,0.7402609576967045,0.001,256,lr_0.001_hc_256
61,6.2128753662109375,1.2261524200439453,0.8777259588241577,0.9335276484489441,3.175469398498535,67.76338220252302,76.62802591203545,42.959427207637226,79.23910617828369,66.64748537511986,633.586394071579,9.590384244918823,0.736559652908221,0.001,256,lr_0.001_hc_256
62,6.231712341308594,1.2782045602798462,0.8700356483459473,0.9311344027519226,3.1523375511169434,68.36004091374019,77.7020115922264,43.69246505284691,81.89973831176758,67.91356396764527,643.0352857112885,8.928982496261597,0.7328768546436799,0.001,256,lr_0.001_hc_256
63,6.21382999420166,1.3195465803146362,0.8676773309707642,0.9256625175476074,3.1009438037872314,68.12137742925333,77.15649505625639,43.94817592908285,79.8359751701355,67.265505896182,653.2169070243835,9.627503633499146,0.7292124703704616,0.001,256,lr_0.001_hc_256
64,6.166154861450195,1.2904231548309326,0.8782954216003418,0.9218531847000122,3.0755832195281982,68.68394135697238,77.58267984998295,44.1527446300716,80.90533018112183,67.83117400453719,666.1431617736816,12.402234077453613,0.7255664080186093,0.001,256,lr_0.001_hc_256
65,6.195248603820801,1.3589152097702026,0.8684763312339783,0.9085054993629456,3.0593514442443848,68.83736788271393,78.36685987043982,44.32321854756222,79.5328438282013,67.76507253222933,680.7190961837769,14.020734310150146,0.7219385759785162,0.001,256,lr_0.001_hc_256
66,6.080323696136475,1.2851698398590088,0.844006359577179,0.916508138179779,3.034639358520508,69.00784180020457,78.0088646437095,45.448346403000336,81.25531673431396,68.4300923953071,692.8373463153839,11.520904064178467,0.7183288830986236,0.001,256,lr_0.001_hc_256
67,6.1072587966918945,1.3366026878356934,0.8613281846046448,0.9192149043083191,2.9901130199432373,69.48516876917832,78.07705421070577,44.42550289805659,80.78134655952454,68.19226810936631,702.3609080314636,8.990495204925537,0.7147372386831305,0.001,256,lr_0.001_hc_256
68,6.094437122344971,1.3857262134552002,0.8616764545440674,0.9253646731376648,2.9216697216033936,69.92840095465394,78.36685987043982,46.77804295942721,79.49932813644409,68.64315798024127,711.6303091049194,8.753357172012329,0.7111635524897149,0.001,256,lr_0.001_hc_256
69,5.97567081451416,1.3809462785720825,0.8345886468887329,0.9138874411582947,2.8462483882904053,70.20115922263894,78.50323900443232,46.67575860893283,81.32847547531128,69.17715807782885,720.8456847667694,8.700576066970825,0.7076077347272662,0.001,256,lr_0.001_hc_256
70,5.960328578948975,1.4656412601470947,0.8420526385307312,0.8859171867370605,2.7667174339294434,69.84316399590863,78.75894988066825,48.49982952608251,81.42290115356445,69.63121113905598,729.899418592453,8.556415796279907,0.7040696960536299,0.001,256,lr_0.001_hc_256
71,5.99564790725708,1.4501278400421143,0.8308793306350708,0.9018076658248901,2.812832832336426,71.56495056256392,78.418002045687,48.65325605182407,80.61988949775696,69.81402453945799,738.8111324310303,8.400500535964966,0.7005493475733617,0.001,256,lr_0.001_hc_256
72,5.999222755432129,1.4316720962524414,0.8327102661132812,0.901703953742981,2.8331363201141357,70.9001022843505,78.28162291169451,47.28946471189908,82.45083093643188,69.73050521109398,748.6159865856171,9.30080533027649,0.697046600835495,0.001,256,lr_0.001_hc_256
73,5.878310203552246,1.4243743419647217,0.8526415228843689,0.9235634207725525,2.6777310371398926,71.29219229457892,79.71360381861575,50.10228435049437,82.36865997314453,70.86918510920839,758.360985994339,9.229871034622192,0.6935613678313175,0.001,256,lr_0.001_hc_256
74,5.928384780883789,1.4528852701187134,0.8337295651435852,0.9152272939682007,2.7265424728393555,72.7071258097511,79.0998977156495,49.50562563927719,79.68529462814331,70.24948594820528,767.3985433578491,8.53776741027832,0.6900935609921609,0.001,256,lr_0.001_hc_256
75,5.880228042602539,1.4279332160949707,0.8537008762359619,0.9087188243865967,2.6898751258850098,71.13876576883736,79.44084555063075,49.52267303102625,79.49932813644409,69.90040312173463,776.7440185546875,8.826494455337524,0.6866430931872001,0.001,256,lr_0.001_hc_256
76,5.887711524963379,1.4332083463668823,0.8719531893730164,0.9005125164985657,2.682037591934204,71.05352881009206,79.25332424139107,50.153426525741565,81.7667543888092,70.55675849150848,787.012838602066,9.773378133773804,0.6832098777212641,0.001,256,lr_0.001_hc_256
77,5.810748100280762,1.4369693994522095,0.8198448419570923,0.9066982269287109,2.647235870361328,72.60484145925673,78.79304466416637,50.528469144220935,80.37262558937073,70.57474521425368,796.3240370750427,8.810457229614258,0.6797938283326578,0.001,256,lr_0.001_hc_256
78,5.770957946777344,1.4378631114959717,0.8176225423812866,0.8905711770057678,2.624901294708252,71.90589839754517,79.23627684964201,51.60245482441187,80.72874546051025,70.86834388302734,806.9604887962341,10.10189414024353,0.6763948591909945,0.001,256,lr_0.001_hc_256
79,5.826241493225098,1.5040578842163086,0.8257043957710266,0.9121600389480591,2.5843188762664795,72.65598363450391,79.03170814865325,51.858165700647795,81.16593360900879,71.17794777320344,817.1902260780334,9.728512525558472,0.6730128848950395,0.001,256,lr_0.001_hc_256
80,5.803678512573242,1.513739824295044,0.8237086534500122,0.9300627112388611,2.5361671447753906,71.78656665530174,79.18513467439482,51.90930787589498,79.68025207519531,70.6403153201967,832.6562411785126,14.88200569152832,0.6696478204705644,0.001,256,lr_0.001_hc_256
81,5.913873672485352,1.5646183490753174,0.8287299275398254,0.9213488698005676,2.5991768836975098,73.55949539720423,78.8782816229117,52.18206614387999,79.82875108718872,71.11214856279615,846.5648920536041,13.32700800895691,0.6662995813682115,0.001,256,lr_0.001_hc_256
82,5.824877738952637,1.517201542854309,0.8205161690711975,0.9247586131095886,2.562401056289673,73.49130583020798,79.20218206614388,52.57415615410842,80.76621294021606,71.5084642476691,860.8314609527588,13.702364444732666,0.6629680834613705,0.001,256,lr_0.001_hc_256
83,5.772759437561035,1.5655649900436401,0.8012028932571411,0.9003117084503174,2.5056796073913574,72.79236276849642,79.86703034435732,52.43777702011593,82.7791690826416,71.96908480390282,874.580019235611,13.202316522598267,0.6596532430440636,0.001,256,lr_0.001_hc_256
84,5.743189811706543,1.6068059206008911,0.7911512851715088,0.9082821011543274,2.436950445175171,73.81520627344015,79.64541425161951,54.63689055574497,81.97903037071228,72.51913536287923,889.2045323848724,14.084313154220581,0.6563549768288433,0.001,256,lr_0.001_hc_256
85,5.719947814941406,1.5566558837890625,0.7988426089286804,0.9207106232643127,2.4437389373779297,73.49130583020798,79.73065121036481,54.006137061029655,83.26826691627502,72.62409025446937,903.1075344085693,13.358542442321777,0.653073201944699,0.001,256,lr_0.001_hc_256
86,5.765869140625,1.6026962995529175,0.8128992915153503,0.9090970754623413,2.441176176071167,73.90044323218548,79.73065121036481,54.97783839072622,79.2625367641449,71.96786739935536,916.8641991615295,13.211846828460693,0.6498078359349755,0.001,256,lr_0.001_hc_256
87,5.671090126037598,1.5747274160385132,0.8082610368728638,0.8794237971305847,2.408677816390991,74.01977497442891,80.39549948857825,53.733378793044665,81.16989135742188,72.32963615336843,930.7261981964111,13.31114935874939,0.6465587967553006,0.001,256,lr_0.001_hc_256
88,5.757162094116211,1.7042616605758667,0.8001763820648193,0.9027475714683533,2.3499767780303955,73.55949539720423,79.56017729287419,55.14831230821684,80.0990641117096,72.09176227750122,944.594429731369,13.304306268692017,0.6433260027715241,0.001,256,lr_0.001_hc_256
89,5.754457473754883,1.6749368906021118,0.7998948693275452,0.901626706123352,2.3779990673065186,73.59359018070235,79.81588816911012,55.5744971019434,80.10953664779663,72.27337802488812,958.6046071052551,13.451106786727905,0.6401093727576664,0.001,256,lr_0.001_hc_256
90,5.7132768630981445,1.6165533065795898,0.7770388722419739,0.9210735559463501,2.398611307144165,74.8891919536311,78.8271394476645,55.47221275144902,81.68529272079468,72.71845921838482,972.1938893795013,13.032898187637329,0.6369088258938781,0.001,256,lr_0.001_hc_256
91,5.715001106262207,1.6437445878982544,0.8043476939201355,0.9204035401344299,2.3465054035186768,74.51414933515173,79.67950903511762,56.51210364814183,79.6377420425415,72.58587601523817,986.1774685382843,13.436113357543945,0.6337242817644086,0.001,256,lr_0.001_hc_256
92,5.7639665603637695,1.6906147003173828,0.7964785695075989,0.9145151376724243,2.3623580932617188,74.37777020115922,79.47494033412887,56.13706102966246,81.80818557739258,72.94948928558578,1000.2644302845001,13.548054456710815,0.6305556603555866,0.001,256,lr_0.001_hc_256
93,5.597002983093262,1.584548830986023,0.791242778301239,0.918877363204956,2.3023338317871094,74.76986021138767,80.12274122059326,56.426866689396526,78.73162031173706,72.51277210827863,1015.4996542930603,14.697742223739624,0.6274028820538087,0.001,256,lr_0.001_hc_256
94,5.739109992980957,1.6928988695144653,0.7954552173614502,0.9424120187759399,2.3083436489105225,74.85509717013296,79.781793385612,57.483804977838396,79.96894717216492,73.02241067643706,1029.5607867240906,13.521990299224854,0.6242658676435396,0.001,256,lr_0.001_hc_256
95,5.577425003051758,1.6043751239776611,0.7843669652938843,0.9129864573478699,2.2756967544555664,75.07671326287078,79.76474599386295,57.7054210705762,79.703688621521,73.06264223720773,1043.1663551330566,13.056267261505127,0.6211445383053219,0.001,256,lr_0.001_hc_256
96,5.705479621887207,1.7092894315719604,0.7860082387924194,0.9057120680809021,2.3044700622558594,75.2983293556086,80.08864643709512,58.216842823048076,81.3245177268982,73.73208408566249,1056.9312191009521,13.224970817565918,0.6180388156137953,0.001,256,lr_0.001_hc_256
97,5.742250442504883,1.7378082275390625,0.8095301389694214,0.927971601486206,2.2669403553009033,74.58233890214797,79.62836685987044,57.62018411183089,81.35191202163696,73.29570047387156,1069.9234642982483,12.426300287246704,0.6149486215357263,0.001,256,lr_0.001_hc_256
98,5.590238571166992,1.6531591415405273,0.7905969023704529,0.924291729927063,2.222191095352173,74.58233890214797,79.76474599386295,59.563586771223996,80.88011145591736,73.69769578078807,1079.9166288375854,9.484530448913574,0.6118738784280476,0.001,256,lr_0.001_hc_256
99,5.746735572814941,1.7741248607635498,0.7819687724113464,0.9242132306098938,2.2664289474487305,75.45175588135015,79.9181725196045,59.427207637231504,80.41553497314453,73.80316775283266,1090.6682546138763,10.228182315826416,0.6088145090359074,0.001,256,lr_0.001_hc_256
100,5.584598541259766,1.7417420148849487,0.7764744758605957,0.912480354309082,2.1539013385772705,74.87214456188204,80.49778383907262,59.802250255710874,80.96553087234497,74.03442738225262,1099.9415187835693,8.74543309211731,0.6057704364907278,0.001,256,lr_0.001_hc_256
101,5.661638259887695,1.7219408750534058,0.8128767013549805,0.925574779510498,2.2012460231781006,74.32662802591203,80.13978861234231,60.756904193658364,80.30054569244385,73.88096663108914,1109.8419358730316,9.39289665222168,0.6027415843082742,0.001,256,lr_0.001_hc_256
102,5.678325176239014,1.8076661825180054,0.7788633108139038,0.902646541595459,2.1891491413116455,75.84384589157858,80.5489260143198,59.35901807023526,80.2190899848938,73.99271999025686,1119.3866834640503,9.04500412940979,0.5997278763867329,0.001,256,lr_0.001_hc_256
103,5.708536148071289,1.7854697704315186,0.7986071109771729,0.9113768339157104,2.2130825519561768,75.77565632458234,80.1909307875895,59.83634503920901,80.78460693359375,74.14688477124365,1128.9048221111298,9.004568338394165,0.5967292370047992,0.001,256,lr_0.001_hc_256
104,5.653180122375488,1.830498456954956,0.771417498588562,0.9127258062362671,2.138538360595703,76.09955676781452,80.600068189567,60.245482441186496,79.11077737808228,74.01397119416258,1139.0008492469788,9.593523263931274,0.5937455908197752,0.001,256,lr_0.001_hc_256
105,5.576025009155273,1.795973300933838,0.7569505572319031,0.8988357782363892,2.124265432357788,76.6109785202864,80.5489260143198,60.467098533924315,79.7472894191742,74.34357312192617,1148.325966835022,8.818698406219482,0.5907768628656763,0.001,256,lr_0.001_hc_256
106,5.6550140380859375,1.7981046438217163,0.763205885887146,0.9501158595085144,2.143587589263916,76.79849982952608,79.84998295260826,60.58643027616775,79.75233197212219,74.24681125760607,1158.8952374458313,10.074396848678589,0.5878229785513479,0.001,256,lr_0.001_hc_256
107,5.640897750854492,1.773293137550354,0.7870036363601685,0.911815345287323,2.168785333633423,76.55983634503922,80.78758949880668,61.13194681213774,81.35803937911987,74.95935300877588,1168.9816064834595,9.575130939483643,0.5848838636585911,0.001,256,lr_0.001_hc_256
108,5.660544395446777,1.8841596841812134,0.7959691882133484,0.9338337182998657,2.046581506729126,76.54278895329014,80.34435731333106,62.274122059324924,81.63772821426392,75.19974913505251,1178.511248588562,8.962942600250244,0.5819594443402982,0.001,256,lr_0.001_hc_256
109,5.697436809539795,1.9134396314620972,0.7870147824287415,0.931296169757843,2.0656862258911133,76.6109785202864,80.20797817933855,62.46164336856461,79.73107099533081,74.75291776588008,1188.006602048874,8.995484352111816,0.5790496471185967,0.001,256,lr_0.001_hc_256
110,5.7313642501831055,1.8781875371932983,0.7977398037910461,0.9331710934638977,2.122265577316284,75.87794067507672,80.3784520968292,61.66041595635867,80.04319667816162,74.49000135160655,1197.5645117759705,9.058108806610107,0.5761543988830038,0.001,256,lr_0.001_hc_256
111,5.768983840942383,1.926899790763855,0.7977069616317749,0.9326823949813843,2.1116950511932373,76.86668939652233,80.66825775656325,61.882032049096495,78.97345423698425,74.59760835979158,1207.2986252307892,9.230588674545288,0.5732736268885887,0.001,256,lr_0.001_hc_256
112,5.721561908721924,1.9103189706802368,0.7952179312705994,0.9460974335670471,2.06992769241333,76.45755199454484,80.34435731333106,62.47869076031367,78.65558862686157,74.48404717376278,1216.7898254394531,8.947733640670776,0.5704072587541458,0.001,256,lr_0.001_hc_256
113,5.573885917663574,1.8565895557403564,0.7845219969749451,0.9289449453353882,2.0038297176361084,76.78145243777702,80.27616774633482,63.2799181725196,79.74838018417358,75.02147963520126,1226.1362783908844,8.834691286087036,0.567555222460375,0.001,256,lr_0.001_hc_256
114,5.722530364990234,1.88580322265625,0.8037297129631042,0.9329473376274109,2.1000497341156006,75.86089328332764,80.68530514831231,62.70030685305148,77.65504717826843,74.22538811573996,1235.6031696796417,8.951536655426025,0.5647174463480732,0.001,256,lr_0.001_hc_256
115,5.6038312911987305,1.8455698490142822,0.807189404964447,0.911480724811554,2.0395915508270264,75.7927037163314,80.88987384930105,63.569723832253665,79.67520952224731,74.98187773003336,1244.8361549377441,8.710415840148926,0.5618938591163328,0.001,256,lr_0.001_hc_256
116,5.6656341552734375,1.8979833126068115,0.7686659693717957,0.9677391648292542,2.031245708465576,77.34401636549609,79.95226730310262,64.28571428571429,79.8449695110321,75.35674186633628,1254.5412809848785,9.193708658218384,0.5590843898207511,0.001,256,lr_0.001_hc_256
117,5.734788417816162,1.909878134727478,0.7866461277008057,0.9682782292366028,2.06998610496521,76.71326287078077,80.90692124105013,63.62086600750085,78.85777354240417,75.02470591543397,1264.8621633052826,9.8220796585083,0.5562889678716474,0.001,256,lr_0.001_hc_256
118,5.6329474449157715,1.92975652217865,0.7885278463363647,0.9823022484779358,1.9323608875274658,76.71326287078077,80.99215819979543,66.14387998636208,81.90586566925049,76.43879168154719,1278.180532693863,12.796544790267944,0.5535075230322891,0.001,256,lr_0.001_hc_256
119,5.5205793380737305,1.904959797859192,0.7608548402786255,0.9619669914245605,1.8927974700927734,77.07125809751109,80.90692124105013,66.04159563586771,79.40956354141235,75.85733462896032,1291.9584357738495,13.238480806350708,0.5507399854171277,0.001,256,lr_0.001_hc_256
120,5.6968536376953125,1.9970364570617676,0.7898021936416626,0.9250022768974304,1.9850125312805176,77.34401636549609,80.88987384930105,64.83123082168429,79.9466073513031,75.75293209694614,1305.6072170734406,13.105890989303589,0.547986285490042,0.001,256,lr_0.001_hc_256
121,5.523006439208984,1.9340890645980835,0.7577380537986755,0.9081714749336243,1.9230079650878906,77.80429594272077,81.7763382202523,65.29151039890897,78.05546522140503,75.73190244582177,1319.6041407585144,13.456658840179443,0.5452463540625918,0.001,256,lr_0.001_hc_256
122,5.523359298706055,1.9422036409378052,0.7692239284515381,0.954817533493042,1.8571138381958008,77.34401636549609,81.02625298329356,66.04159563586771,78.09619903564453,75.62701600507546,1329.4806168079376,9.330240726470947,0.5425201222922789,0.001,256,lr_0.001_hc_256
123,5.7022600173950195,1.9988411664962769,0.811709463596344,0.9623887538909912,1.9293208122253418,77.30992158199795,81.31605864302762,65.83702693487896,77.56458520889282,75.50689809219934,1338.7913358211517,8.779908180236816,0.5398075216808175,0.001,256,lr_0.001_hc_256
124,5.6838226318359375,2.118746280670166,0.7671765685081482,0.9504605531692505,1.8474390506744385,78.0088646437095,81.75929082850324,65.75178997613365,79.1637659072876,76.1709278389085,1348.0485854148865,8.74247121810913,0.5371084840724134,0.001,256,lr_0.001_hc_256
125,5.670138359069824,2.0683813095092773,0.7883048057556152,0.9278736710548401,1.8855785131454468,78.0600068189567,81.89566996249575,65.85407432662802,79.7461986541748,76.38898744056381,1358.1443574428558,9.57974910736084,0.5344229416520513,0.001,256,lr_0.001_hc_256
126,5.701983451843262,2.104753255844116,0.7933562994003296,0.9478091597557068,1.856065034866333,77.49744289123764,81.82748039549949,66.84282304807364,80.41227459907532,76.64500523347152,1367.6644067764282,9.020774841308594,0.531750826943791,0.001,256,lr_0.001_hc_256
127,5.696181297302246,2.0269241333007812,0.7835707068443298,0.9487384557723999,1.9369475841522217,77.05421070576202,81.06034776679168,67.04739174906238,80.17944097518921,76.33534779920133,1377.2777154445648,9.091614723205566,0.5290920728090721,0.001,256,lr_0.001_hc_256
128,5.749034881591797,2.0585219860076904,0.7930330038070679,0.9587735533714294,1.9387065172195435,77.87248550971701,80.36140470508012,66.79168087282645,79.800283908844,76.2064637491169,1387.0471439361572,9.261322736740112,0.5264466124450268,0.001,256,lr_0.001_hc_256
129,5.690418243408203,2.1154093742370605,0.7772922515869141,0.933120608329773,1.8645960092544556,78.04295942720763,81.38424821002387,67.25196045005114,78.04538011550903,76.18113705069793,1396.18217253685,8.626965999603271,0.5238143793828016,0.001,256,lr_0.001_hc_256
130,5.51841402053833,2.016613483428955,0.7686365842819214,0.9150943160057068,1.818069338798523,78.21343334469826,81.2819638595295,68.01909307875896,78.23965549468994,76.43853644441916,1405.3261699676514,8.616383075714111,0.5211953074858876,0.001,256,lr_0.001_hc_256
131,5.619194984436035,2.0611977577209473,0.7864065766334534,0.9296716451644897,1.841918706893921,77.03716331401296,81.2308216842823,67.89976133651552,77.79741287231445,75.99128980178132,1414.5440413951874,8.690685749053955,0.5185893309484582,0.001,256,lr_0.001_hc_256
132,5.635780334472656,2.062922954559326,0.767913281917572,0.915711522102356,1.889232873916626,77.9236276849642,81.41834299352199,67.91680872826458,78.74279022216797,76.50039240722968,1423.7830917835236,8.725483655929565,0.5159963842937159,0.001,256,lr_0.001_hc_256
133,5.636775016784668,1.9759292602539062,0.777696967124939,0.958218514919281,1.9249300956726074,77.58267984998295,81.89566996249575,67.5929082850324,78.23965549468994,76.32772839805025,1433.1636490821838,8.862929582595825,0.5134164023722473,0.001,256,lr_0.001_hc_256
134,5.654195785522461,2.060818672180176,0.7854894995689392,0.9678136706352234,1.8400739431381226,77.58267984998295,81.24786907603136,67.52471871803614,79.32739853858948,76.42066654565997,1442.3900804519653,8.696334838867188,0.510849320360386,0.001,256,lr_0.001_hc_256
135,5.689155578613281,2.1002345085144043,0.8027810454368591,0.953616738319397,1.8325235843658447,77.46334810773952,81.67405386975793,68.78622570746676,77.89688110351562,76.45512719711995,1451.8765099048615,8.963544368743896,0.5082950737585841,0.001,256,lr_0.001_hc_256
136,5.648355007171631,2.103482961654663,0.755643904209137,0.9753997921943665,1.8138285875320435,78.57142857142857,81.81043300375043,68.58165700647801,77.08052396774292,76.51101063734998,1461.0245838165283,8.647369861602783,0.5057535983897912,0.001,256,lr_0.001_hc_256
137,5.676488876342773,2.143664598464966,0.7816953063011169,0.9552680253982544,1.7958608865737915,77.56563245823389,81.29901125127856,68.4964200477327,78.81487011909485,76.54398346908499,1470.229347229004,8.702874183654785,0.5032248303978422,0.001,256,lr_0.001_hc_256
138,5.6725993156433105,2.1393871307373047,0.7983869314193726,0.9700362682342529,1.7647888660430908,78.40095465393794,81.92976474599386,69.46812137742924,78.25082540512085,77.01241654562048,1479.3737666606903,8.62602949142456,0.500708706245853,0.001,256,lr_0.001_hc_256
139,5.609172344207764,2.1063430309295654,0.7758049368858337,0.9870580434799194,1.7399662733078003,78.7419024889192,81.7763382202523,69.672690078418,78.68188619613647,77.21820424593149,1488.53577876091,8.657925367355347,0.5,0.001,256,lr_0.001_hc_256
140,5.7162885665893555,2.1805670261383057,0.774937093257904,0.9761561155319214,1.78462815284729,79.08285032390044,81.60586430276167,69.43402659393114,81.20954036712646,77.83307039692993,1497.6560440063477,8.601168394088745,0.5,0.001,256,lr_0.001_hc_256
141,5.550060272216797,2.1392080783843994,0.7561395168304443,0.9160117506980896,1.7387011051177979,78.07705421070577,81.92976474599386,69.46812137742924,78.96553874015808,77.11011976857174,1507.4602417945862,9.295638799667358,0.5,0.001,256,lr_0.001_hc_256
142,5.75145149230957,2.16849422454834,0.7656521201133728,0.9368045926094055,1.8805005550384521,78.84418683941357,82.20252301397886,69.26355267644051,80.16718029975891,77.61936070739796,1516.5668425559998,8.588847398757935,0.5,0.001,256,lr_0.001_hc_256
143,5.72700309753418,2.2010602951049805,0.7493161559104919,0.9639232754707336,1.812703251838684,79.03170814865325,81.94681213774292,69.4510739856802,79.06718254089355,77.37419420324248,1525.7206530570984,8.638871431350708,0.5,0.001,256,lr_0.001_hc_256
144,5.538733959197998,2.1810498237609863,0.7268304824829102,0.9455811381340027,1.685272455215454,79.76474599386295,82.15138083873167,70.38868053187862,78.48652601242065,77.69783334422347,1534.9072003364563,8.654624223709106,0.5,0.001,256,lr_0.001_hc_256
145,5.635834693908691,2.231217622756958,0.7571319937705994,0.9860080480575562,1.6614770889282227,78.23048073644733,81.63995908625981,71.56495056256392,78.82208228111267,77.56436816659593,1544.061980009079,8.628802299499512,0.5,0.001,256,lr_0.001_hc_256
146,5.485179901123047,2.147458791732788,0.70124751329422,0.9575330018997192,1.678941011428833,79.66246164336856,82.13433344698261,70.6273440163655,79.429030418396,77.96329238127817,1553.1496577262878,8.565982580184937,0.5,0.001,256,lr_0.001_hc_256
147,5.445287704467773,2.101367473602295,0.7580434083938599,0.978502631187439,1.6073741912841797,78.70780770542108,81.06034776679168,72.12751449028299,78.45914363861084,77.58870340027664,1562.3827667236328,8.70348572731018,0.5,0.001,256,lr_0.001_hc_256
148,5.500536918640137,2.1568379402160645,0.7707796692848206,0.9679591059684753,1.604960322380066,79.04875554040231,82.44118649846574,72.22979884077736,78.0482530593872,77.94199848475816,1571.4929468631744,8.594040155410767,0.5,0.001,256,lr_0.001_hc_256
149,5.4685163497924805,2.170074939727783,0.7295690178871155,0.9443020820617676,1.6245701313018799,79.3726559836345,82.11728605523355,71.309239686328,79.72820401191711,78.1318464342783,1580.6869533061981,8.679739475250244,0.5,0.001,256,lr_0.001_hc_256
150,5.604000091552734,2.268078565597534,0.7665005922317505,0.9703812599182129,1.5990393161773682,79.73065121036481,81.84452778724855,72.04227753153768,79.8265814781189,78.36100950181749,1589.994630098343,8.78760576248169,0.5,0.001,256,lr_0.001_hc_256
151,5.530384063720703,2.199970006942749,0.7338740229606628,0.9353628754615784,1.661177396774292,79.76474599386295,82.67984998295262,71.9399931810433,77.7472972869873,78.03297161121154,1599.2068212032318,8.69691276550293,0.5,0.001,256,lr_0.001_hc_256
152,5.468600273132324,2.1545767784118652,0.7492929697036743,0.9300179481506348,1.6347129344940186,80.00340947834981,82.32185475622231,72.09341970678487,79.52958345413208,78.48706684887226,1608.4017071723938,8.673543691635132,0.5,0.001,256,lr_0.001_hc_256
153,5.51914119720459,2.1104848384857178,0.7572667598724365,0.9326984882354736,1.7186912298202515,79.50903511762701,82.42413910671668,70.47391749062393,79.60817813873291,78.00381746342512,1618.0524952411652,9.10063648223877,0.5,0.001,256,lr_0.001_hc_256
154,5.537674427032471,2.205793857574463,0.7583698630332947,0.9284903407096863,1.6450201272964478,78.75894988066825,82.10023866348448,72.16160927378111,78.75218391418457,77.9432454330296,1627.8893032073975,9.316320180892944,0.5,0.001,256,lr_0.001_hc_256
155,5.61854887008667,2.2444283962249756,0.7729197144508362,0.9392533302307129,1.6619473695755005,78.53733378793044,82.27071258097511,71.44561882032049,78.64511013031006,77.72469382988403,1637.0268094539642,8.626250743865967,0.5,0.001,256,lr_0.001_hc_256
156,5.53898811340332,2.190446138381958,0.7250455021858215,0.9330683350563049,1.6904282569885254,80.07159904534606,81.52062734401636,71.54790317081486,78.00968885421753,77.7874546035987,1646.13436794281,8.593460321426392,0.5,0.001,256,lr_0.001_hc_256
157,5.364096164703369,2.1029555797576904,0.715855062007904,0.9417309165000916,1.6035544872283936,80.12274122059326,82.20252301397886,72.14456188203205,79.50437068939209,78.49354920149906,1655.3655579090118,8.708463668823242,0.5,0.001,256,lr_0.001_hc_256
158,5.501602649688721,2.1563568115234375,0.7304982542991638,0.9335709810256958,1.6811765432357788,79.95226730310262,82.13433344698261,71.9399931810433,78.33406925201416,78.09016579578567,1664.4533574581146,8.570507526397705,0.5,0.001,256,lr_0.001_hc_256
159,5.396229267120361,2.1806888580322266,0.707857608795166,0.8799042701721191,1.6277786493301392,80.22502557108763,82.86737129219229,73.06512103648141,77.53106355667114,78.42214536410812,1673.9530575275421,8.980447053909302,0.5,0.001,256,lr_0.001_hc_256
160,5.305519104003906,2.1312062740325928,0.7169276475906372,0.9310888648033142,1.5262959003448486,79.79884077736106,82.27071258097511,73.47425843845892,80.07780313491821,78.90540373292833,1683.0881297588348,8.619508028030396,0.5,0.001,256,lr_0.001_hc_256
161,5.294166564941406,2.1363584995269775,0.66384357213974,0.9365162253379822,1.5574480295181274,80.92396863279919,82.59461302420729,72.80941016024548,80.39388656616211,79.18046959585352,1692.2452058792114,8.649975538253784,0.5,0.001,256,lr_0.001_hc_256
162,5.354901313781738,2.188479423522949,0.7245107293128967,0.924261212348938,1.5176500082015991,80.03750426184794,82.59461302420729,73.37197408796455,79.67520952224731,78.91982522406677,1701.4359498023987,8.679885625839233,0.5,0.001,256,lr_0.001_hc_256
163,5.25936222076416,2.1436445713043213,0.6982104778289795,0.9008917212486267,1.516615629196167,80.78758949880668,83.27650869416979,73.13331060347767,78.9035439491272,79.02523818639533,1710.6174490451813,8.67122507095337,0.5,0.001,256,lr_0.001_hc_256
164,5.278515815734863,2.0982465744018555,0.7069108486175537,0.9089033603668213,1.5644549131393433,80.24207296283669,82.49232867371292,73.3890214797136,79.53788638114929,78.91532737435311,1719.803670167923,8.66911005973816,0.5,0.001,256,lr_0.001_hc_256
165,5.253809928894043,2.073831558227539,0.7204653024673462,0.9311938285827637,1.528319239616394,80.27616774633482,82.86737129219229,73.91749062393454,81.66220188140869,79.68080788596758,1728.9331629276276,8.613260269165039,0.5,0.001,256,lr_0.001_hc_256
166,5.248605728149414,2.131605386734009,0.7411184906959534,0.9477988481521606,1.428083062171936,79.52608250937607,82.50937606546198,73.44016365496078,79.46759462356567,78.73580421334113,1738.0816433429718,8.631745338439941,0.5,0.001,256,lr_0.001_hc_256
167,5.185951232910156,2.1269750595092773,0.7023918032646179,0.9172542095184326,1.4393298625946045,79.54312990112513,82.61166041595635,74.6675758608933,79.26431894302368,79.02167128024962,1747.2395215034485,8.639712572097778,0.5,0.001,256,lr_0.001_hc_256
168,5.297460079193115,2.2511909008026123,0.6900326013565063,0.8839373588562012,1.4722989797592163,80.53187862257076,82.95260825093762,74.05386975792703,78.96732091903687,79.12641938761806,1757.1026875972748,9.34907865524292,0.5,0.001,256,lr_0.001_hc_256
169,5.243096828460693,2.1738333702087402,0.6746619343757629,0.9129388928413391,1.481662631034851,80.15683600409137,82.62870780770542,74.22434367541766,78.83181571960449,78.96042580170473,1766.3697283267975,8.747347593307495,0.5,0.001,256,lr_0.001_hc_256
170,5.190926551818848,2.15051531791687,0.6876553893089294,0.8475431203842163,1.505212664604187,80.25912035458575,83.6345039209001,74.07091714967609,79.02140021324158,79.2464854096009,1775.4487602710724,8.566492557525635,0.5,0.001,256,lr_0.001_hc_256
171,5.362016677856445,2.26780104637146,0.6858235597610474,0.8883161544799805,1.5200759172439575,81.11148994203887,83.05489260143199,75.19604500511421,77.97113060951233,79.33338953952435,1784.6097521781921,8.655389070510864,0.5,0.001,256,lr_0.001_hc_256
172,5.173873424530029,2.196599006652832,0.6765075325965881,0.8965426683425903,1.4042243957519531,80.92396863279919,83.05489260143199,74.39481759290828,78.86477708816528,79.30961397882619,1793.9008586406708,8.776238679885864,0.5,0.001,256,lr_0.001_hc_256
173,5.239041805267334,2.265629291534424,0.6691163182258606,0.8932917714118958,1.4110045433044434,81.57176951926355,82.95260825093762,74.63348107739516,79.59879040718079,79.68916231369427,1803.0105710029602,8.590798377990723,0.5,0.001,256,lr_0.001_hc_256
174,5.3213114738464355,2.2137675285339355,0.6828140020370483,0.9120284914970398,1.512701392173767,80.8216842823048,82.78213433344698,74.82100238663485,80.42562007904053,79.71261027035679,1812.151564359665,8.612508058547974,0.5,0.001,256,lr_0.001_hc_256
175,5.157726287841797,2.1775612831115723,0.6912530064582825,0.9328389763832092,1.3560733795166016,79.76474599386295,82.23661779747698,75.91203545857483,79.20737266540527,79.28019297883,1821.3140785694122,8.657726049423218,0.5,0.001,256,lr_0.001_hc_256
176,5.259391784667969,2.216783285140991,0.683785617351532,0.9173617362976074,1.4414609670639038,81.02625298329356,83.24241391067166,74.92328673712922,78.68080139160156,79.468188755674,1830.4413962364197,8.596524953842163,0.5,0.001,256,lr_0.001_hc_256
177,5.358895778656006,2.279118537902832,0.7239704728126526,0.9000285863876343,1.4557782411575317,79.90112512785544,83.07193999318105,75.24718718036141,77.94878482818604,79.04225928239599,1839.635112285614,8.662067890167236,0.5,0.001,256,lr_0.001_hc_256
178,5.335040092468262,2.207348585128784,0.6944548487663269,0.8893197774887085,1.543916940689087,80.42959427207637,83.27650869416979,74.13910671667236,77.75559425354004,78.90020098411465,1848.8873002529144,8.730364561080933,0.5,0.001,256,lr_0.001_hc_256
179,5.137640476226807,2.1966025829315186,0.6430513262748718,0.8708305358886719,1.4271559715270996,81.0944425502898,83.80497783839073,74.56529151039891,77.82658338546753,79.32282382113675,1858.0704050064087,8.664256572723389,0.5,0.001,256,lr_0.001_hc_256
180,5.191456317901611,2.2281956672668457,0.6397456526756287,0.864311695098877,1.4592033624649048,82.21957040572792,84.0947834981248,75.04261847937266,79.99851107597351,80.33887086479972,1867.251127243042,8.669126987457275,0.5,0.001,256,lr_0.001_hc_256
181,5.06027889251709,2.1382343769073486,0.6629828214645386,0.8911821842193604,1.3678795099258423,80.88987384930105,83.07193999318105,74.90623934538016,81.18502497673035,80.01326954114815,1876.4585371017456,8.692089557647705,0.5,0.001,256,lr_0.001_hc_256
182,5.132541656494141,2.174917697906494,0.658866822719574,0.8864773511886597,1.412279486656189,81.48653256051824,83.65155131264916,75.50289805659735,78.85559797286987,79.87414497565865,1886.361228466034,9.386746644973755,0.5,0.001,256,lr_0.001_hc_256
183,4.978520393371582,2.099329948425293,0.6459517478942871,0.9306253790855408,1.3026132583618164,81.04330037504262,83.60040913740198,76.15069894306171,80.39748668670654,80.29797378555321,1895.6664371490479,8.793418645858765,0.5,0.001,256,lr_0.001_hc_256
184,5.0732645988464355,2.175262451171875,0.6677892208099365,0.9279122948646545,1.3023006916046143,80.85577906580293,82.78213433344698,76.57688373678828,77.7422547340393,79.48926296751937,1904.987449169159,8.793572187423706,0.5,0.001,256,lr_0.001_hc_256
185,5.128457069396973,2.1690456867218018,0.6933639049530029,0.9107478857040405,1.3552993535995483,80.3784520968292,82.85032390044323,76.21888851005795,78.0990719795227,79.38668412171327,1914.182145357132,8.678086757659912,0.5,0.001,256,lr_0.001_hc_256
186,5.049035549163818,2.1439208984375,0.6524856686592102,0.8849857449531555,1.3676434755325317,80.92396863279919,83.4981247869076,75.1619502216161,78.49878668785095,79.52070758229345,1923.353739976883,8.667978763580322,0.5,0.001,256,lr_0.001_hc_256
187,4.96614408493042,2.1606316566467285,0.6654578447341919,0.8612781763076782,1.2787765264511108,81.35015342652574,83.71974087964541,76.71326287078077,79.29388284683228,80.26926000594605,1932.6613109111786,8.792309761047363,0.5,0.001,256,lr_0.001_hc_256
188,5.067061424255371,2.1841399669647217,0.6893646121025085,0.8329715728759766,1.360585331916809,80.92396863279919,83.51517217865666,75.46880327309921,79.8936128616333,79.9503892365471,1941.817375421524,8.624588966369629,0.5,0.001,256,lr_0.001_hc_256
189,5.071340560913086,2.237197160720825,0.6583161950111389,0.8481526374816895,1.327674388885498,80.58302079781794,83.27650869416979,76.0143198090692,78.76909375190735,79.66073576324108,1950.998260974884,8.665071725845337,0.5,0.001,256,lr_0.001_hc_256
190,4.947575092315674,2.1468629837036133,0.6178483963012695,0.8502764105796814,1.3325871229171753,81.94681213774292,83.7708830548926,76.55983634503922,79.2117178440094,80.37231234542104,1960.1531314849854,8.636364698410034,0.5,0.001,256,lr_0.001_hc_256
191,5.019480228424072,2.190366744995117,0.6548162698745728,0.8484737873077393,1.3258235454559326,81.69110126150699,83.99249914763041,76.30412546880328,79.41498756408691,80.3506783605069,1969.5188293457031,8.845155715942383,0.5,0.001,256,lr_0.001_hc_256
192,5.058957576751709,2.2141308784484863,0.6481642723083496,0.886238157749176,1.3104244470596313,81.40129560177293,83.6345039209001,76.52574156154108,78.99905443191528,80.14014887903235,1978.5725197792053,8.549226760864258,0.5,0.001,256,lr_0.001_hc_256
193,4.996228218078613,2.1646158695220947,0.635867178440094,0.9033516049385071,1.2923938035964966,81.7251960450051,83.25946130242073,77.15649505625639,77.31227278709412,79.86335629769408,1987.799544095993,8.707167863845825,0.5,0.001,256,lr_0.001_hc_256
194,5.084563255310059,2.194861650466919,0.6689308285713196,0.9185765981674194,1.3021942377090454,81.79338561200137,83.0889873849301,76.3382202523014,78.05655002593994,79.8192858187932,1997.2637317180634,8.958730936050415,0.5,0.001,256,lr_0.001_hc_256
195,4.880513668060303,2.1137380599975586,0.6369290947914124,0.881571352481842,1.2482752799987793,81.82748039549949,83.20831912717355,77.49744289123764,80.21730184555054,80.6876360648653,2007.0633227825165,9.288366556167603,0.5,0.001,256,lr_0.001_hc_256
196,5.028797149658203,2.2442846298217773,0.6506971716880798,0.8727463483810425,1.26106858253479,81.19672690078417,83.42993521991136,76.93487896351859,78.54852080345154,80.02751547191642,2016.1167585849762,8.544398784637451,0.5,0.001,256,lr_0.001_hc_256
197,4.991240501403809,2.227167844772339,0.6003340482711792,0.8471637964248657,1.316575050354004,81.70814865325605,83.9072621888851,77.05421070576202,80.85776567459106,80.88184680562355,2025.1518104076385,8.522741317749023,0.5,0.001,256,lr_0.001_hc_256
198,5.077879428863525,2.2749953269958496,0.6282938122749329,0.8693917989730835,1.3051987886428833,81.92976474599386,83.53221957040573,76.86668939652233,79.24702167510986,80.39392384700794,2034.214325428009,8.55404543876648,0.5,0.001,256,lr_0.001_hc_256
199,4.893929481506348,2.1814212799072266,0.619084358215332,0.8383740782737732,1.255049705505371,81.81043300375043,83.9072621888851,77.82134333446983,79.88965511322021,80.8571734100814,2043.768275976181,9.029652833938599,0.5,0.001,256,lr_0.001_hc_256
200,4.945600509643555,2.2675764560699463,0.6250571012496948,0.8288671374320984,1.2240997552871704,81.02625298329356,83.9072621888851,77.77020115922264,80.0929307937622,80.69916178129087,2052.942117214203,8.654521226882935,0.5,0.001,256,lr_0.001_hc_256
201,4.814448356628418,2.08477520942688,0.6463513374328613,0.856942892074585,1.2263786792755127,81.75929082850324,84.1800204568701,78.29867030344357,79.25710678100586,80.8737720924557,2062.268266916275,8.801028490066528,0.5,0.001,256,lr_0.001_hc_256
202,4.934393405914307,2.2080039978027344,0.6097353100776672,0.867364764213562,1.249289631843567,82.7309921581998,83.9072621888851,78.26457551994544,77.94552445411682,80.71208858028679,2071.510734796524,8.735860109329224,0.5,0.001,256,lr_0.001_hc_256
203,4.877193450927734,2.1151466369628906,0.6264556646347046,0.8498886823654175,1.2857024669647217,81.79338561200137,84.4527787248551,77.42925332424139,80.1387071609497,80.95353120551188,2080.5805361270905,8.556421279907227,0.5,0.001,256,lr_0.001_hc_256
204,4.862909317016602,2.1732232570648193,0.6199281811714172,0.82933109998703,1.2404266595840454,81.94681213774292,84.28230480736447,77.32696897374701,80.30233383178711,80.96460493766038,2089.7888243198395,8.694307565689087,0.5,0.001,256,lr_0.001_hc_256
205,4.987635612487793,2.232196807861328,0.6352890133857727,0.847862184047699,1.272287368774414,81.52062734401636,83.94135697238323,77.2417320150017,79.1587233543396,80.46560992143522,2098.9144282341003,8.616163492202759,0.5,0.001,256,lr_0.001_hc_256
206,4.877251625061035,2.2418172359466553,0.6272215247154236,0.8305447101593018,1.1776678562164307,81.12853733378793,84.23116263211729,78.77599727241731,80.80981969833374,81.23637923416408,2108.017627477646,8.584431409835815,0.5,0.001,256,lr_0.001_hc_256
207,4.907285690307617,2.208178758621216,0.6503375172615051,0.8378021121025085,1.2109675407409668,80.99215819979543,84.26525741561541,78.31571769519263,79.7494649887085,80.830649574828,2117.3741388320923,8.839242458343506,0.5,0.001,256,lr_0.001_hc_256
208,4.890783786773682,2.1605498790740967,0.613826334476471,0.8393224477767944,1.277085304260254,81.94681213774292,84.16297306512104,77.00306853051482,79.3882966041565,80.62528758438383,2127.110080242157,9.218916654586792,0.5,0.001,256,lr_0.001_hc_256
209,4.903131484985352,2.2173237800598145,0.5984321236610413,0.8448696136474609,1.2425060272216797,81.79338561200137,83.89021479713604,77.61677463348107,79.70260381698608,80.75074471490115,2136.1925101280212,8.575733661651611,0.5,0.001,256,lr_0.001_hc_256
210,4.941869735717773,2.1758837699890137,0.5858750343322754,0.8592382669448853,1.3208730220794678,82.23661779747698,83.70269348789635,77.58267984998295,80.37154078483582,80.97338298004803,2145.261358499527,8.56208324432373,0.5,0.001,256,lr_0.001_hc_256
211,4.873942852020264,2.1987688541412354,0.5857694745063782,0.8517354130744934,1.2376692295074463,82.4582338902148,84.43573133310603,78.02591203545857,79.9801230430603,81.22500007545993,2154.3834071159363,8.617128133773804,0.5,0.001,256,lr_0.001_hc_256
212,4.823964595794678,2.2049386501312256,0.5977912545204163,0.8819191455841064,1.1393157243728638,82.1854756222298,84.11183088987386,78.96351858165701,79.7444224357605,81.25131188238029,2163.427259206772,8.53626298904419,0.5,0.001,256,lr_0.001_hc_256
213,4.840873718261719,2.205712080001831,0.6309240460395813,0.8501641154289246,1.1540734767913818,80.85577906580293,84.0436413228776,78.52028639618138,78.71323227882385,80.53323476592145,2172.519894838333,8.573709726333618,0.5,0.001,256,lr_0.001_hc_256
214,4.845816612243652,2.2172627449035645,0.6244204044342041,0.8254271149635315,1.1787062883377075,81.35015342652574,84.0436413228776,79.42379815888168,78.40110659599304,80.80467487606951,2181.610603094101,8.592957019805908,0.5,0.001,256,lr_0.001_hc_256
215,4.830744743347168,2.214353561401367,0.6455405950546265,0.8270103335380554,1.1438400745391846,81.0092055915445,84.48687350835323,79.27037163314013,79.6579122543335,81.10609074684282,2190.683873653412,8.553412914276123,0.5,0.001,256,lr_0.001_hc_256
216,4.857868194580078,2.259042263031006,0.6659481525421143,0.8286613821983337,1.1042160987854004,81.43539038527106,84.43573133310603,80.25912035458575,80.5402159690857,81.66761451051214,2199.728572368622,8.528286695480347,0.5,0.001,256,lr_0.001_hc_256
217,4.821464538574219,2.2053072452545166,0.6085085272789001,0.8139510154724121,1.193697452545166,82.4582338902148,84.48687350835323,78.28162291169451,78.25369238853455,80.87010567469927,2208.9242074489594,8.672723293304443,0.5,0.001,256,lr_0.001_hc_256
218,4.7541937828063965,2.2205238342285156,0.5963200330734253,0.8316889405250549,1.1056607961654663,81.94681213774292,84.52096829185135,79.57722468462325,78.06376218795776,81.02719182554384,2218.579605102539,9.125198602676392,0.5,0.001,256,lr_0.001_hc_256
219,4.787010192871094,2.127502202987671,0.5976746678352356,0.8449544310569763,1.216878890991211,81.81043300375043,84.0947834981248,77.88953290146607,80.34593462944031,81.03517100819539,2227.6193697452545,8.520516157150269,0.5,0.001,256,lr_0.001_hc_256
220,4.788724899291992,2.2107980251312256,0.5872032642364502,0.8093602657318115,1.181363582611084,82.15138083873167,84.74258438458916,78.48619161268327,80.48652410507202,81.46667023526904,2236.6292905807495,8.487339496612549,0.5,0.001,256,lr_0.001_hc_256
221,4.686559677124023,2.0691943168640137,0.5909099578857422,0.8550879955291748,1.1713676452636719,82.35594953972041,83.70269348789635,78.55438117967951,79.54510450363159,81.03953217773197,2245.7464101314545,8.600436449050903,0.5,0.001,256,lr_0.001_hc_256
222,4.770721435546875,2.127474069595337,0.6182985305786133,0.8430634140968323,1.1818853616714478,81.89566996249575,83.51517217865666,79.1510398908967,80.34919500350952,81.22776925888967,2255.499962091446,9.250810623168945,0.5,0.001,256,lr_0.001_hc_256
223,4.756725788116455,2.123112916946411,0.621467113494873,0.8397069573402405,1.1724387407302856,82.13433344698261,84.0947834981248,79.59427207637232,80.52904009819031,81.58810727991751,2264.9044122695923,8.88837456703186,0.5,0.001,256,lr_0.001_hc_256
224,4.7667236328125,2.125645637512207,0.5710622072219849,0.845664918422699,1.224350929260254,83.34469826116604,84.1288782816229,78.58847596317763,79.99633550643921,81.51459700310146,2273.942425251007,8.52167010307312,0.5,0.001,256,lr_0.001_hc_256
225,4.769474029541016,2.1535706520080566,0.5692597031593323,0.8098627924919128,1.2367808818817139,83.0037504261848,84.50392090010229,78.28162291169451,80.24251461029053,81.50795221206803,2282.9745881557465,8.526282548904419,0.5,0.001,256,lr_0.001_hc_256
226,4.764397621154785,2.1935486793518066,0.6164866089820862,0.8104128241539001,1.1439495086669922,82.33890214797135,84.4527787248551,78.23048073644733,79.57971096038818,81.15046814241549,2292.0480427742004,8.571686744689941,0.5,0.001,256,lr_0.001_hc_256
227,4.751550674438477,2.2066030502319336,0.5613746047019958,0.808116614818573,1.1754560470581055,83.31060347766793,84.3163995908626,79.44084555063075,81.05095624923706,82.02970121709959,2301.095480442047,8.536336183547974,0.5,0.001,256,lr_0.001_hc_256
228,4.677176475524902,2.1436805725097656,0.5776573419570923,0.8320230841636658,1.1238154172897339,83.3617456529151,84.14592567337198,79.3726559836345,80.09619116783142,81.74412961943824,2310.192090511322,8.58562684059143,0.5,0.001,256,lr_0.001_hc_256
229,4.729953765869141,2.228363513946533,0.5971893668174744,0.8077422976493835,1.0966583490371704,82.95260825093762,84.52096829185135,80.08864643709512,81.72889947891235,82.32278061469911,2319.3386330604553,8.623153686523438,0.5,0.001,256,lr_0.001_hc_256
230,4.784934043884277,2.2810511589050293,0.5821539759635925,0.7755454182624817,1.1461834907531738,82.67984998295262,85.27105352881009,79.73065121036481,77.93256640434265,81.40353028161755,2328.5491259098053,8.69779372215271,0.5,0.001,256,lr_0.001_hc_256
231,4.8032660484313965,2.262923240661621,0.5926876068115234,0.8108072280883789,1.1368480920791626,82.27071258097511,84.35049437436072,79.28741902488919,78.63502502441406,81.13591275115978,2338.077820301056,9.018832206726074,0.5,0.001,256,lr_0.001_hc_256
232,4.785708904266357,2.1731276512145996,0.6193922162055969,0.8237293362617493,1.1694598197937012,82.25366518922604,84.38458915785884,79.20218206614388,80.18626570701599,81.50667553006119,2347.3309485912323,8.723491668701172,0.5,0.001,256,lr_0.001_hc_256
233,4.598461151123047,2.0661323070526123,0.596320629119873,0.8341931104660034,1.1018149852752686,82.13433344698261,83.83907262188886,79.69655642686669,80.96336126327515,81.65833093975333,2356.395340204239,8.546578407287598,0.5,0.001,256,lr_0.001_hc_256
234,4.691221237182617,2.111860990524292,0.6187834739685059,0.8492594957351685,1.1113170385360718,81.70814865325605,84.35049437436072,79.84998295260826,81.59878253936768,81.87685212989817,2365.4021034240723,8.49922490119934,0.5,0.001,256,lr_0.001_hc_256
235,4.627604007720947,2.169243812561035,0.6006411910057068,0.8150234222412109,1.0426956415176392,81.63995908625981,84.8107739515854,80.73644732355949,79.35082912445068,81.63450237146385,2374.40811753273,8.50128984451294,0.5,0.001,256,lr_0.001_hc_256
236,4.575425148010254,2.1288576126098633,0.5891473293304443,0.7778874635696411,1.0795326232910156,82.30480736447323,85.27105352881009,79.86703034435732,78.53051424026489,81.49335136947637,2384.0714523792267,9.155282735824585,0.5,0.001,256,lr_0.001_hc_256
237,4.682320594787598,2.184598684310913,0.5630297064781189,0.8049207329750061,1.1297714710235596,82.25366518922604,84.4527787248551,79.54312990112513,78.70818376541138,81.2394393951544,2393.0947539806366,8.50679898262024,0.5,0.001,256,lr_0.001_hc_256
238,4.644720554351807,2.174708604812622,0.5919893383979797,0.7840743064880371,1.0939483642578125,81.57176951926355,84.98124786907603,79.38970337538358,79.70260381698608,81.4113311451773,2402.157798051834,8.547969818115234,0.5,0.001,256,lr_0.001_hc_256
239,4.691559314727783,2.1248700618743896,0.6147668957710266,0.7950538396835327,1.1568684577941895,82.30480736447323,84.84486873508354,79.49198772587795,80.97561597824097,81.90431995091892,2411.2893908023834,8.632116556167603,0.5,0.001,256,lr_0.001_hc_256
240,4.611241817474365,2.140601396560669,0.5928971171379089,0.7817330956459045,1.0960100889205933,82.42413910671668,85.16876917831571,79.47494033412887,78.80696058273315,81.46870230047361,2420.3992660045624,8.594162464141846,0.5,0.001,256,lr_0.001_hc_256
241,4.672024250030518,2.177906036376953,0.5671080350875854,0.7798658609390259,1.1471441984176636,82.7309921581998,84.93010569382884,79.38970337538358,79.81541156768799,81.71655319877505,2429.4575946331024,8.542042970657349,0.5,0.001,256,lr_0.001_hc_256
242,4.6814775466918945,2.23189115524292,0.5780187249183655,0.8031836748123169,1.0683841705322266,83.15717695192636,84.28230480736447,80.68530514831231,78.17153334617615,81.57408006344482,2438.536021232605,8.576488018035889,0.5,0.001,256,lr_0.001_hc_256
243,4.703307151794434,2.217484712600708,0.584174394607544,0.7979041337966919,1.1037440299987793,82.91851346743948,84.64030003409478,80.53187862257076,81.29783272743225,82.34713121288432,2447.598258495331,8.552360534667969,0.5,0.001,256,lr_0.001_hc_256
244,4.647714614868164,2.214571475982666,0.5738988518714905,0.8024808168411255,1.0567634105682373,82.78213433344698,84.93010569382884,80.61711558131606,76.5651285648346,81.22362104335662,2456.590455055237,8.486361980438232,0.5,0.001,256,lr_0.001_hc_256
245,4.751559257507324,2.245438575744629,0.5973722338676453,0.8130383491516113,1.0957098007202148,82.1854756222298,84.94715308557791,81.16263211728607,79.4809341430664,81.94404874204004,2465.6025626659393,8.512653589248657,0.5,0.001,256,lr_0.001_hc_256
246,4.573358058929443,2.1934969425201416,0.542093813419342,0.7845458388328552,1.053221583366394,83.17422434367542,85.28810092055915,80.88987384930105,79.5227587223053,82.21873945896023,2474.757143497467,8.61877703666687,0.5,0.001,256,lr_0.001_hc_256
247,4.618833541870117,2.158433198928833,0.5695149302482605,0.8101451396942139,1.080740213394165,82.44118649846574,84.98124786907603,80.08864643709512,79.98950481414795,81.87514640469621,2483.7627744674683,8.491880416870117,0.5,0.001,256,lr_0.001_hc_256
248,4.684140682220459,2.2303051948547363,0.5737699270248413,0.7838483452796936,1.096217155456543,82.78213433344698,85.54381179679508,80.39549948857825,80.89306950569153,82.40362878112796,2492.8835968971252,8.608062982559204,0.5,0.001,256,lr_0.001_hc_256
249,4.712836265563965,2.1887452602386475,0.5609083771705627,0.8054341077804565,1.1577485799789429,83.14012956017729,84.91305830207978,79.66246164336856,79.77359294891357,81.8723106136348,2501.9506487846375,8.562137842178345,0.5,0.001,256,lr_0.001_hc_256
250,4.674376487731934,2.2047219276428223,0.5677933096885681,0.8003044128417969,1.1015567779541016,83.0889873849301,84.02659393112853,79.98636208660075,79.13529872894287,81.55931053290057,2512.3831281661987,9.915947437286377,0.5,0.001,256,lr_0.001_hc_256
251,4.742191314697266,2.281796455383301,0.5931146740913391,0.7881884574890137,1.0790919065475464,82.69689737470168,85.04943743607228,80.24207296283669,80.81881999969482,82.20180694332636,2521.441776037216,8.543646097183228,0.5,0.001,256,lr_0.001_hc_256
252,4.636913299560547,2.1845345497131348,0.5978181958198547,0.8105433583259583,1.0440170764923096,81.87862257074667,84.57211046709854,81.11148994203887,79.72603440284729,81.82206434568285,2530.4423327445984,8.494021892547607,0.5,0.001,256,lr_0.001_hc_256
253,4.640655040740967,2.2244012355804443,0.5873604416847229,0.7843430042266846,1.0445502996444702,82.86737129219229,85.18581657006477,80.71939993181043,79.9130916595459,82.17141986340334,2539.593640565872,8.617527961730957,0.5,0.001,256,lr_0.001_hc_256
254,4.559298038482666,2.125006914138794,0.5934445261955261,0.7799589037895203,1.0608875751495361,82.86737129219229,84.87896351858166,80.83873167405386,79.26540970802307,81.96261904821272,2549.6314976215363,9.522155523300171,0.5,0.001,256,lr_0.001_hc_256
255,4.543034553527832,2.188035488128662,0.5780361890792847,0.7833387851715088,0.9936238527297974,82.85032390044323,85.03239004432321,81.2819638595295,79.06104922294617,82.05643175681054,2558.7402052879333,8.592780828475952,0.5,0.001,256,lr_0.001_hc_256
256,4.548548221588135,2.1954379081726074,0.5864969491958618,0.7810040712356567,0.9856096506118774,82.86737129219229,84.93010569382884,82.08319127173542,79.25314903259277,82.28345432258733,2567.724442958832,8.475932359695435,0.5,0.001,256,lr_0.001_hc_256
257,4.570145130157471,2.1657042503356934,0.5725842714309692,0.7811086177825928,1.0507482290267944,83.39584043641322,85.47562222979884,81.04330037504262,81.41173124313354,82.83162357109705,2576.7717549800873,8.534452438354492,0.5,0.001,256,lr_0.001_hc_256
258,4.508429527282715,2.1610159873962402,0.5521101355552673,0.7703800201416016,1.02492356300354,83.4128878281623,85.10057961131947,80.94101602454825,80.71213960647583,82.54165576762647,2585.833330154419,8.541783571243286,0.5,0.001,256,lr_0.001_hc_256
259,4.446450233459473,2.0647475719451904,0.577385425567627,0.743613600730896,1.0607038736343384,82.91851346743948,84.94715308557791,81.38424821002387,81.59139156341553,82.7103265816142,2594.930552482605,8.575326442718506,0.5,0.001,256,lr_0.001_hc_256
260,4.603105545043945,2.2911136150360107,0.5639369487762451,0.7853608131408691,0.962693989276886,83.71974087964541,84.89601091033072,82.03204909648824,78.53013277053833,82.29448341425068,2603.9240946769714,8.476858615875244,0.5,0.001,256,lr_0.001_hc_256
261,4.523135185241699,2.204918384552002,0.5918105840682983,0.7628095149993896,0.9635964632034302,82.52642345721105,85.10057961131947,81.48653256051824,78.73883247375488,81.96309202570092,2613.3150515556335,8.87546181678772,0.5,0.001,256,lr_0.001_hc_256
262,4.590384006500244,2.1947314739227295,0.5449994802474976,0.8033967614173889,1.047256350517273,84.33344698261166,84.67439481759291,81.46948516876917,80.58202862739563,82.76483889909234,2622.5398001670837,8.707241773605347,0.5,0.001,256,lr_0.001_hc_256
263,4.436310291290283,2.1153101921081543,0.5235394239425659,0.7895174026489258,1.007943034172058,83.94135697238323,85.2199113535629,81.96385952949198,81.03870153427124,83.04095734742734,2632.253226995468,9.203754425048828,0.5,0.001,256,lr_0.001_hc_256
264,4.582418441772461,2.2196991443634033,0.5200479030609131,0.7793352007865906,1.0633363723754883,84.26525741561541,85.4926696215479,80.94101602454825,79.06104922294617,82.43999807116444,2641.399978160858,8.627397775650024,0.5,0.001,256,lr_0.001_hc_256
265,4.497796535491943,2.0861525535583496,0.560988187789917,0.7734012007713318,1.0772544145584106,82.71394476645074,85.16876917831571,80.03750426184794,78.86390686035156,81.69603126674149,2650.899163007736,8.993497848510742,0.5,0.001,256,lr_0.001_hc_256
266,4.426159381866455,2.0648069381713867,0.5470223426818848,0.7539463639259338,1.060383677482605,83.22536651892261,85.23695874531197,80.51483123082168,81.46867752075195,82.61145850395205,2659.898363828659,8.495224952697754,0.5,0.001,256,lr_0.001_hc_256
267,4.476991653442383,2.0648767948150635,0.5808237195014954,0.756100058555603,1.075190782546997,82.71394476645074,85.1346743948176,80.85577906580293,79.80532646179199,82.12743117221581,2669.427508831024,9.023390293121338,0.5,0.001,256,lr_0.001_hc_256
268,4.560394287109375,2.178738594055176,0.5974304676055908,0.7775986194610596,1.0066266059875488,81.62291169451073,84.43573133310603,81.87862257074667,80.89128732681274,82.20713823129404,2679.171987056732,9.21842908859253,0.5,0.001,256,lr_0.001_hc_256
269,4.478475093841553,2.126896381378174,0.574260950088501,0.7550546526908875,1.0222629308700562,83.44698261166042,84.79372655983634,81.12853733378793,80.31567931175232,82.42123145425926,2688.764048576355,9.079649209976196,0.5,0.001,256,lr_0.001_hc_256
270,4.465537071228027,2.1138198375701904,0.5813673138618469,0.7597504258155823,1.0105996131896973,82.08319127173542,85.50971701329698,81.69110126150699,79.96786236763,82.31296797854235,2697.888384580612,8.604138135910034,0.5,0.001,256,lr_0.001_hc_256
271,4.426002502441406,2.157454013824463,0.5624555945396423,0.7460852265357971,0.9600077867507935,82.83327650869417,86.20866007500852,82.1854756222298,79.5786201953888,82.70150810033033,2706.9161286354065,8.496668815612793,0.5,0.001,256,lr_0.001_hc_256
272,4.474410057067871,2.148404121398926,0.5621337890625,0.7654783725738525,0.9983938932418823,82.85032390044323,85.37333787930447,81.48653256051824,81.80531859397888,82.87887823356121,2716.289674758911,8.860644340515137,0.5,0.001,256,lr_0.001_hc_256
273,4.597589015960693,2.2584071159362793,0.5256955027580261,0.7679577469825745,1.045528531074524,83.4128878281623,86.10637572451415,81.24786907603136,81.07508420944214,82.96055420953749,2725.2740988731384,8.466703414916992,0.5,0.001,256,lr_0.001_hc_256
274,4.402299880981445,2.1023285388946533,0.5299695730209351,0.7677146792411804,1.0022870302200317,83.46403000340948,85.61200136379134,81.43539038527106,81.57030940055847,83.02043278825758,2734.2483189105988,8.465129852294922,0.5,0.001,256,lr_0.001_hc_256
275,4.40754508972168,2.0873196125030518,0.5247854590415955,0.7757106423377991,1.019729495048523,83.7708830548926,85.40743266280259,81.16263211728607,80.59033155441284,82.73281984734852,2743.2806057929993,8.53176474571228,0.5,0.001,256,lr_0.001_hc_256
276,4.465668201446533,2.2040553092956543,0.5106020569801331,0.7800291776657104,0.9709815979003906,83.78793044664167,84.60620525059666,82.54347084896011,78.83434295654297,82.44298737568535,2752.9743247032166,9.192810535430908,0.5,0.001,256,lr_0.001_hc_256
277,4.5092997550964355,2.228285789489746,0.5209004878997803,0.7634950280189514,0.9966186285018921,84.67439481759291,85.78247528128196,81.92976474599386,78.69197130203247,82.7696515367253,2762.0758147239685,8.575579643249512,0.5,0.001,256,lr_0.001_hc_256
278,4.482646465301514,2.1979563236236572,0.497298926115036,0.7374050617218018,1.0499861240386963,84.55506307534947,86.36208660075009,81.35015342652574,78.75505089759827,82.7555885000559,2771.0645031929016,8.482360124588013,0.5,0.001,256,lr_0.001_hc_256
279,4.378921031951904,2.110595703125,0.5357162356376648,0.7732908129692078,0.9593182802200317,83.83907262188886,85.37333787930447,81.94681213774292,80.12357950210571,82.8207005352605,2780.0888662338257,8.518155336380005,0.5,0.001,256,lr_0.001_hc_256
280,4.5829925537109375,2.1969480514526367,0.5563074350357056,0.807114839553833,1.0226225852966309,83.12308216842823,85.57790658029322,81.57176951926355,80.69196939468384,82.74118191566721,2789.127563714981,8.521127939224243,0.5,0.001,256,lr_0.001_hc_256
281,4.3836469650268555,2.118194341659546,0.5468112826347351,0.7636700868606567,0.954971194267273,83.19127173542448,86.08932833276509,82.35594953972041,80.47535419464111,83.02797595063778,2798.200991630554,8.558428525924683,0.5,0.001,256,lr_0.001_hc_256
282,4.4601945877075195,2.1844475269317627,0.5682350397109985,0.7974817752838135,0.9100303053855896,82.64575519945448,85.33924309580634,83.61745652915104,80.55914640426636,83.04040030716955,2807.2493057250977,8.536506175994873,0.5,0.001,256,lr_0.001_hc_256
283,4.393474578857422,2.14583683013916,0.5451428294181824,0.7365362048149109,0.9659585952758789,83.60040913740198,85.78247528128196,82.37299693146949,80.95831871032715,83.17855001512015,2816.309299468994,8.552510261535645,0.5,0.001,256,lr_0.001_hc_256
284,4.4177680015563965,2.162541389465332,0.5382002592086792,0.7249540686607361,0.9920721054077148,83.85612001363792,86.36208660075009,81.67405386975793,80.17439842224121,83.01666472659679,2825.8507232666016,9.03386402130127,0.5,0.001,256,lr_0.001_hc_256
285,4.46445369720459,2.169109582901001,0.545784592628479,0.7326160669326782,1.0169435739517212,83.6856460961473,86.07228094101602,81.84452778724855,77.72820591926575,82.33266518591941,2834.887750864029,8.52428412437439,0.5,0.001,256,lr_0.001_hc_256
286,4.47759485244751,2.166323661804199,0.556660532951355,0.7374053001403809,1.0172052383422852,83.42993521991136,85.88475963177635,81.48653256051824,77.69252061843872,82.12343700766117,2844.1441559791565,8.742846965789795,0.5,0.001,256,lr_0.001_hc_256
287,4.418304920196533,2.1093497276306152,0.5530924797058105,0.747695803642273,1.0081666707992554,83.05489260143199,85.78247528128196,81.81043300375043,80.15491962432861,82.70068012769825,2853.8236668109894,9.159911155700684,0.5,0.001,256,lr_0.001_hc_256
288,4.501314640045166,2.191685676574707,0.5644775032997131,0.7746700644493103,0.9704815149307251,82.37299693146949,85.68019093078759,82.47528128196386,80.05654811859131,82.64625431570308,2862.9614338874817,8.637244462966919,0.5,0.001,256,lr_0.001_hc_256
289,4.388041019439697,2.155428647994995,0.5413816571235657,0.7427037954330444,0.9485269784927368,83.73678827139447,86.24275485850666,82.54347084896011,80.66744804382324,83.29761550567112,2872.1573898792267,8.68291449546814,0.5,0.001,256,lr_0.001_hc_256
290,4.410419464111328,2.166046380996704,0.5515332818031311,0.760124683380127,0.9327150583267212,83.48107739515854,86.14047050801229,82.71394476645074,81.09851479530334,83.35850186623122,2882.1488602161407,9.47649335861206,0.5,0.001,256,lr_0.001_hc_256
291,4.444763660430908,2.2122766971588135,0.5320826768875122,0.7994946837425232,0.9009092450141907,83.17422434367542,86.00409137401978,83.31060347766793,79.76171970367432,83.06265972475936,2891.3281383514404,8.667888402938843,0.5,0.001,256,lr_0.001_hc_256
292,4.353458404541016,2.1240859031677246,0.5234082937240601,0.7947989106178284,0.9111652374267578,83.6345039209001,85.52676440504602,83.4128878281623,80.06880283355713,83.16073974691639,2900.4321427345276,8.576343059539795,0.5,0.001,256,lr_0.001_hc_256
293,4.35850715637207,2.156548023223877,0.5046340227127075,0.7745192646980286,0.9228060245513916,84.46982611660417,86.0381861575179,82.21957040572792,79.37930226325989,83.02672123577747,2909.79505610466,8.831999063491821,0.5,0.001,256,lr_0.001_hc_256
294,4.420109748840332,2.2153148651123047,0.5104572176933289,0.7815038561820984,0.9128334522247314,84.1800204568701,85.69723832253665,83.20831912717355,80.08393049240112,83.29237709974535,2919.1762177944183,8.854158639907837,0.5,0.001,256,lr_0.001_hc_256
295,4.310575008392334,2.087298631668091,0.5106748342514038,0.7689718008041382,0.9436298608779907,84.00954653937947,85.83361745652915,82.54347084896011,79.61500883102417,83.00041091897323,2928.3129494190216,8.617484331130981,0.5,0.001,256,lr_0.001_hc_256
296,4.349604606628418,2.1356630325317383,0.5485084652900696,0.7070462107658386,0.9583868384361267,83.37879304466416,86.32799181725196,82.91851346743948,79.5948326587677,83.05503274703084,2937.4604544639587,8.622036933898926,0.5,0.001,256,lr_0.001_hc_256
297,4.420753479003906,2.244441032409668,0.531746506690979,0.7143033146858215,0.9302626252174377,83.48107739515854,86.24275485850666,82.85032390044323,78.93598079681396,82.8775342377306,2946.590543985367,8.605392932891846,0.5,0.001,256,lr_0.001_hc_256
298,4.313873767852783,2.135221004486084,0.5372537970542908,0.7302303910255432,0.9111687541007996,83.92430958063416,86.14047050801229,82.86737129219229,77.69360542297363,82.65643920095309,2955.71408867836,8.60543155670166,0.5,0.001,256,lr_0.001_hc_256
299,4.253809452056885,2.1433908939361572,0.5391698479652405,0.7110816240310669,0.8601668477058411,83.80497783839073,86.7200818274804,83.48107739515854,82.02803134918213,84.00854210255295,2964.854502916336,8.62826919555664,0.5,0.001,256,lr_0.001_hc_256
300,4.368102550506592,2.192462682723999,0.5481961369514465,0.7476845979690552,0.8797594904899597,83.07193999318105,86.10637572451415,82.91851346743948,80.07959127426147,83.04410511484903,2974.040782928467,8.680298566818237,0.5,0.001,256,lr_0.001_hc_256
1,11.376670837402344,3.16559100151062,1.4249111413955688,1.4404609203338623,5.345707416534424,40.453460620525064,63.552676440504605,11.131946812137743,93.45102310180664,52.14727674374351,2.0608596801757812,2.0608596801757812,0.995,0.0005,64,lr_0.0005_hc_64
2,11.19970417022705,2.9990108013153076,1.4194281101226807,1.4448412656784058,5.336423873901367,40.58983975451756,62.12069553358336,11.67746334810774,94.56150531768799,52.237375988474156,4.092250823974609,1.9705123901367188,0.990025,0.0005,64,lr_0.0005_hc_64
3,11.349588394165039,3.0634260177612305,1.4280980825424194,1.438993215560913,5.419071197509766,41.442209341970674,63.24582338902148,11.029662461643369,94.19134259223938,52.477259446218724,6.167042970657349,2.009922981262207,0.985074875,0.0005,64,lr_0.0005_hc_64
4,11.04817008972168,2.8335816860198975,1.4217277765274048,1.4456287622451782,5.347232341766357,40.06137061029663,62.717354244800546,11.455847255369928,94.07745003700256,52.07800553686741,8.233214139938354,2.0160815715789795,0.9801495006250001,0.0005,64,lr_0.0005_hc_64
5,11.128096580505371,2.886671543121338,1.4277633428573608,1.4320605993270874,5.381600856781006,41.37401977497443,63.2799181725196,11.864984657347426,94.10592317581177,52.6562114451633,10.297964811325073,2.002375364303589,0.9752487531218751,0.0005,64,lr_0.0005_hc_64
6,11.063745498657227,2.8021469116210938,1.4386875629425049,1.4442366361618042,5.3786749839782715,41.01602454824412,62.88782816229117,11.353562904875554,94.7608232498169,52.50455971630693,12.31740665435791,1.9520227909088135,0.9703725093562657,0.0005,64,lr_0.0005_hc_64
7,11.023421287536621,2.749890089035034,1.4290987253189087,1.4482066631317139,5.396225929260254,40.913740197749746,63.87657688373679,11.251278554381178,94.10592317581177,52.53687970291987,14.271136283874512,1.8904030323028564,0.9655206468094844,0.0005,64,lr_0.0005_hc_64
8,11.032323837280273,2.746490716934204,1.4251549243927002,1.4563151597976685,5.40436315536499,42.31162632117286,63.38220252301397,12.1036481418343,94.8462426662445,53.16092991306641,16.238048553466797,1.8913660049438477,0.960693043575437,0.0005,64,lr_0.0005_hc_64
9,11.06700325012207,2.783412218093872,1.4318480491638184,1.4392335414886475,5.412509441375732,42.4309580634163,63.126491646778035,11.847937265598363,93.70728731155396,52.77816857183666,18.179582357406616,1.8840277194976807,0.9558895783575597,0.0005,64,lr_0.0005_hc_64
10,10.960777282714844,2.625316858291626,1.4402481317520142,1.4434840679168701,5.451727390289307,41.39106716672349,63.70610296624617,11.353562904875554,94.8177695274353,52.81712564132013,20.14975619316101,1.9067449569702148,0.9511101304657719,0.0005,64,lr_0.0005_hc_64
11,10.970297813415527,2.624457597732544,1.4349669218063354,1.458566427230835,5.452306747436523,41.25468803273099,62.7855438117968,11.711558131605864,93.67881417274475,52.35765103721961,22.086321353912354,1.8729283809661865,0.946354579813443,0.0005,64,lr_0.0005_hc_64
12,10.853979110717773,2.552455425262451,1.445205569267273,1.4535646438598633,5.402753829956055,40.828503239004434,62.41050119331742,12.120695533583362,93.84965896606445,52.30233973299242,24.04900884628296,1.9056365489959717,0.9416228069143757,0.0005,64,lr_0.0005_hc_64
13,10.820902824401855,2.467876434326172,1.4443297386169434,1.447524905204773,5.461171627044678,40.96488237299693,62.734401636549606,10.876235935901807,94.19134259223938,52.19171563442193,26.565640211105347,2.4452078342437744,0.9369146928798039,0.0005,64,lr_0.0005_hc_64
14,10.822307586669922,2.4580953121185303,1.4639623165130615,1.4501984119415283,5.450051784515381,40.197749744289126,62.18888510057962,11.575178997613365,92.79612898826599,51.68948570768702,28.679283618927002,2.04443097114563,0.9322301194154049,0.0005,64,lr_0.0005_hc_64
15,10.77206039428711,2.390942096710205,1.451430320739746,1.4596905708312988,5.469996929168701,40.50460279577225,62.18888510057962,11.984316399590861,94.10592317581177,52.195931867938626,30.71084189414978,1.969484567642212,0.9275689688183278,0.0005,64,lr_0.0005_hc_64
16,10.76918888092041,2.365529775619507,1.4661126136779785,1.4740852117538452,5.463461399078369,40.96488237299693,62.376406409819296,11.660415956358678,94.21981573104858,52.30538011755588,32.933653354644775,2.175652265548706,0.9229311239742362,0.0005,64,lr_0.0005_hc_64
17,10.758073806762695,2.2986814975738525,1.4721364974975586,1.4597371816635132,5.527519226074219,41.15240368223662,62.30821684282305,11.88203204909649,92.8530752658844,52.04893196001014,35.016521692276,2.0197527408599854,0.918316468354365,0.0005,64,lr_0.0005_hc_64
18,10.65263557434082,2.217602252960205,1.469014286994934,1.4818248748779297,5.484194278717041,40.64098192976475,62.257074667575864,11.864984657347426,92.93849468231201,51.92538398425002,36.950395584106445,1.8705723285675049,0.9137248860125932,0.0005,64,lr_0.0005_hc_64
19,10.683782577514648,2.2604892253875732,1.478314995765686,1.4844392538070679,5.460538387298584,41.45925673371974,62.734401636549606,12.734401636549608,94.13439631462097,52.76561408035998,39.04493808746338,2.03139066696167,0.9091562615825302,0.0005,64,lr_0.0005_hc_64
20,10.596113204956055,2.114683151245117,1.479771614074707,1.4766230583190918,5.525035381317139,41.23764064098193,62.76849642004774,11.626321172860553,92.8246021270752,52.114265090241354,41.14111685752869,2.033257007598877,0.9046104802746175,0.0005,64,lr_0.0005_hc_64
21,10.545796394348145,2.0685133934020996,1.4725582599639893,1.456026315689087,5.548698425292969,40.48755540402318,63.97886123423117,11.796795090351177,93.82118582725525,52.5210993889652,43.13600826263428,1.9316236972808838,0.9000874278732445,0.0005,64,lr_0.0005_hc_64
22,10.582849502563477,2.0609757900238037,1.4899466037750244,1.4845454692840576,5.547381401062012,41.10126150698943,62.70030685305148,11.89907944084555,93.50796937942505,52.30215429507788,45.08670258522034,1.8933794498443604,0.8955869907338783,0.0005,64,lr_0.0005_hc_64
23,10.41075325012207,1.931520938873291,1.4755827188491821,1.470685601234436,5.532963752746582,41.56154108421411,63.89362427548585,11.847937265598363,93.36560368537903,52.66717657766934,47.10370850563049,1.9514553546905518,0.8911090557802088,0.0005,64,lr_0.0005_hc_64
24,10.471062660217285,1.9454033374786377,1.4915125370025635,1.4757208824157715,5.5584259033203125,41.22059324923287,62.973065121036484,11.660415956358678,92.71070957183838,52.14119597461659,49.039103507995605,1.8718225955963135,0.8866535105013078,0.0005,64,lr_0.0005_hc_64
25,10.287334442138672,1.7521389722824097,1.507870078086853,1.4766250848770142,5.550699710845947,40.04432321854756,62.95601772928742,12.188885100579611,93.22323799133301,52.10311600993689,50.99476933479309,1.8925979137420654,0.8822202429488013,0.0005,64,lr_0.0005_hc_64
26,10.32697868347168,1.685124158859253,1.5061713457107544,1.509444236755371,5.6262383460998535,40.58983975451756,62.88782816229117,12.205932492328673,92.31207370758057,51.998918529179484,52.94944739341736,1.8909780979156494,0.8778091417340573,0.0005,64,lr_0.0005_hc_64
27,10.159280776977539,1.6463831663131714,1.4887940883636475,1.488074779510498,5.536028861999512,41.35697238322537,62.819638595294926,12.68325946130242,92.8815484046936,52.43535471112908,54.9005982875824,1.8878247737884521,0.8734200960253871,0.0005,64,lr_0.0005_hc_64
28,10.256031036376953,1.620714545249939,1.4942680597305298,1.4936734437942505,5.647374629974365,41.37401977497443,62.546880327309914,11.694510739856803,92.45444536209106,52.01746405105805,56.87979006767273,1.9028582572937012,0.8690529955452602,0.0005,64,lr_0.0005_hc_64
29,10.129497528076172,1.529653549194336,1.5099167823791504,1.4798320531845093,5.610095500946045,41.612683259461306,63.17763382202523,13.007159904534607,91.94191694259644,52.434848482154386,58.88809871673584,1.9390134811401367,0.8647077305675338,0.0005,64,lr_0.0005_hc_64
30,10.20433235168457,1.530656099319458,1.5326247215270996,1.4923993349075317,5.648651599884033,40.14660756904193,63.24582338902148,12.700306853051483,91.91343784332275,52.00154391360942,60.85266470909119,1.9010396003723145,0.8603841919146962,0.0005,64,lr_0.0005_hc_64
31,10.116220474243164,1.4798598289489746,1.5152409076690674,1.4829156398773193,5.6382036209106445,41.90248891919536,63.29696556426867,12.870780770542106,92.45444536209106,52.631170154024296,62.81869840621948,1.8986597061157227,0.8560822709551227,0.0005,64,lr_0.0005_hc_64
32,10.07357406616211,1.3913007974624634,1.51848566532135,1.5034940242767334,5.660293102264404,39.72042277531538,63.17763382202523,13.194681213774292,91.85649156570435,51.987307344204815,64.88398241996765,2.001911163330078,0.851801859600347,0.0005,64,lr_0.0005_hc_64
33,10.017534255981445,1.329016089439392,1.5301095247268677,1.4993376731872559,5.6590704917907715,40.07841800204569,63.211728605523355,13.143539038527106,92.39749312400818,52.20779469252608,66.93394207954407,1.9864675998687744,0.8475428503023453,0.0005,64,lr_0.0005_hc_64
34,9.980924606323242,1.2536174058914185,1.5366145372390747,1.516727089881897,5.673965930938721,41.10126150698943,63.24582338902148,13.092396863279918,91.0592257976532,52.124676889236014,68.92595100402832,1.9285175800323486,0.8433051360508336,0.0005,64,lr_0.0005_hc_64
35,9.99343490600586,1.2460688352584839,1.5243825912475586,1.5102688074111938,5.712715148925781,41.39106716672349,62.154790317081485,12.836685987043984,90.63211679458618,51.75366506635879,70.95839810371399,1.9693818092346191,0.8390886103705794,0.0005,64,lr_0.0005_hc_64
36,10.035552024841309,1.2565901279449463,1.5479710102081299,1.5424777269363403,5.688513278961182,40.96488237299693,61.93317422434368,12.76849642004773,90.8883810043335,51.638733505430466,72.9240128993988,1.902799129486084,0.8348931673187264,0.0005,64,lr_0.0005_hc_64
37,9.954975128173828,1.1459534168243408,1.5361441373825073,1.53835928440094,5.734518527984619,40.38527105352881,62.56392771905899,13.484486873508352,90.48975110054016,51.730859186659075,74.87808156013489,1.9078757762908936,0.8307187014821328,0.0005,64,lr_0.0005_hc_64
38,9.886049270629883,1.0618261098861694,1.5610908269882202,1.5166218280792236,5.7465105056762695,40.98192976474599,63.72315035799523,14.0981929764746,90.54669737815857,52.33749261934359,76.84824538230896,1.9067168235778809,0.8265651079747222,0.0005,64,lr_0.0005_hc_64
39,9.913439750671387,1.092199444770813,1.5435504913330078,1.5253585577011108,5.752331256866455,40.98192976474599,62.615069894306174,13.552676440504602,89.71086740493774,51.71513587612363,78.81007599830627,1.8868992328643799,0.8224322824348486,0.0005,64,lr_0.0005_hc_64
40,9.731093406677246,0.9813717007637024,1.5383069515228271,1.532949686050415,5.678464889526367,40.027275826798494,61.813842482100235,14.081145584725538,90.06264209747314,51.496226497774344,80.72054409980774,1.855177879333496,0.8183201210226743,0.0005,64,lr_0.0005_hc_64
41,9.855036735534668,1.0292733907699585,1.5366103649139404,1.5171509981155396,5.772002220153809,40.31708148653256,62.5127855438118,13.791339924991478,89.057058095932,51.419566262816964,82.68827652931213,1.9046220779418945,0.8142285204175609,0.0005,64,lr_0.0005_hc_64
42,9.8515625,1.0102407932281494,1.542472243309021,1.509499430656433,5.7893500328063965,41.288782816229116,63.8254347084896,14.081145584725538,89.46577906608582,52.16528554388251,84.62233448028564,1.8867030143737793,0.810157377815473,0.0005,64,lr_0.0005_hc_64
43,9.813385009765625,1.0114152431488037,1.5279639959335327,1.5464237928390503,5.7275824546813965,40.84555063075349,62.12069553358336,14.984657347425845,88.6605978012085,51.6528753282428,86.59118032455444,1.9056804180145264,0.8061065909263957,0.0005,64,lr_0.0005_hc_64
44,9.790643692016602,0.9978270530700684,1.527491807937622,1.516891360282898,5.7484331130981445,41.2035458574838,63.04125468803273,14.132287759972725,88.53444457054138,51.727883219007666,88.5453941822052,1.8913495540618896,0.8020760579717637,0.0005,64,lr_0.0005_hc_64
45,9.749267578125,0.888552725315094,1.5473389625549316,1.516625165939331,5.796751022338867,40.41936583702693,62.64916467780429,14.370951244459599,88.54561448097229,51.49627406006579,90.67913317680359,2.0701589584350586,0.798065677681905,0.0005,64,lr_0.0005_hc_64
46,9.840361595153809,0.9470009803771973,1.5509775876998901,1.5460089445114136,5.7963738441467285,41.01602454824412,62.973065121036484,14.456188203204908,88.62490653991699,51.76754610310063,92.7752103805542,2.0324699878692627,0.7940753492934954,0.0005,64,lr_0.0005_hc_64
47,9.791731834411621,0.9475545287132263,1.5505807399749756,1.5195930004119873,5.774003505706787,41.22059324923287,63.16058643027617,14.609614728946472,89.34071063995361,52.08287626210228,94.74170112609863,1.9187917709350586,0.7901049725470279,0.0005,64,lr_0.0005_hc_64
48,9.74710750579834,0.8911892175674438,1.5360448360443115,1.5129799842834473,5.806893348693848,41.85134674394818,63.29696556426867,15.138083873167405,86.59535646438599,51.72043816144256,96.7423107624054,1.936577320098877,0.7861544476842928,0.0005,64,lr_0.0005_hc_64
49,9.800273895263672,0.8881015181541443,1.5636993646621704,1.5359482765197754,5.812525272369385,40.31708148653256,61.67746334810774,15.086941697920217,88.26196193695068,51.33586211737779,98.74322628974915,1.9373059272766113,0.7822236754458713,0.0005,64,lr_0.0005_hc_64
50,9.821715354919434,0.906273365020752,1.541451096534729,1.5246554613113403,5.849335670471191,42.09001022843505,63.0071599045346,15.990453460620524,86.42668724060059,51.87857770854769,100.76101350784302,1.9488074779510498,0.778312557068642,0.0005,64,lr_0.0005_hc_64
51,9.791121482849121,0.9044985771179199,1.5470041036605835,1.5430219173431396,5.796596527099609,41.54449369246505,62.87078077054211,15.649505625639277,86.02122068405151,51.52150019317448,102.8611671924591,2.0289673805236816,0.7744209942832988,0.0005,64,lr_0.0005_hc_64
52,9.877254486083984,0.9057328104972839,1.5504652261734009,1.5476351976394653,5.873421669006348,41.90248891919536,62.30821684282305,15.393794749403341,85.37532687187195,51.24495684582342,105.12724328041077,2.2027769088745117,0.7705488893118823,0.0005,64,lr_0.0005_hc_64
53,9.832324981689453,0.8791943788528442,1.5620243549346924,1.521416187286377,5.869690418243408,42.27753153767473,63.228775997272415,15.189226048414591,86.575186252594,51.81767995898894,107.26360034942627,2.0735082626342773,0.7666961448653229,0.0005,64,lr_0.0005_hc_64
54,9.948698043823242,0.9473004937171936,1.554288387298584,1.547807216644287,5.8993024826049805,41.93658370269348,62.05250596658711,15.444936924650529,86.27423048019409,51.427064268531296,109.29460382461548,1.9701027870178223,0.7628626641409962,0.0005,64,lr_0.0005_hc_64
55,9.867019653320312,0.896149218082428,1.5581631660461426,1.5516513586044312,5.861056327819824,41.15240368223662,61.62632117286056,16.075690419365838,89.60132002830505,52.113933825692015,111.60091662406921,2.2545135021209717,0.7590483508202912,0.0005,64,lr_0.0005_hc_64
56,9.884064674377441,0.9285038113594055,1.5600088834762573,1.5282927751541138,5.8672590255737305,41.49335151721786,63.05830207978179,15.922263893624274,87.09384202957153,51.89193988004887,113.77566337585449,2.1040358543395996,0.7552531090661897,0.0005,64,lr_0.0005_hc_64
57,9.794438362121582,0.9100048542022705,1.5454106330871582,1.5195461511611938,5.81947660446167,41.25468803273099,62.00136379133993,16.689396522332085,87.19726204872131,51.78567759878108,115.80163240432739,1.9630534648895264,0.7514768435208588,0.0005,64,lr_0.0005_hc_64
58,9.789072036743164,0.9179027080535889,1.536892056465149,1.539475679397583,5.794801235198975,41.08421411524037,62.05250596658711,17.30310262529833,87.19834685325623,51.90954239009551,118.10612201690674,2.2419040203094482,0.7477194593032545,0.0005,64,lr_0.0005_hc_64
59,9.899338722229004,0.9360283017158508,1.5538686513900757,1.5272700786590576,5.882171630859375,42.22638936242755,63.60381861575179,17.11558131605864,84.83145236968994,51.944310415981974,120.25715112686157,2.083841323852539,0.7439808620067382,0.0005,64,lr_0.0005_hc_64
60,9.89793586730957,0.9640477895736694,1.5214182138442993,1.540130853652954,5.872338771820068,42.89123764064098,62.546880327309914,16.60415956358677,87.35693693161011,52.34980361578694,122.20423221588135,1.877809762954712,0.7402609576967045,0.0005,64,lr_0.0005_hc_64
61,9.936234474182129,0.9568505883216858,1.5409642457962036,1.5273849964141846,5.91103458404541,42.141152403682234,62.68325946130242,16.962154790317083,87.30828762054443,52.27371356896155,124.35455298423767,2.0753440856933594,0.736559652908221,0.0005,64,lr_0.0005_hc_64
62,9.910991668701172,0.9884408712387085,1.5346955060958862,1.5556889772415161,5.832165718078613,42.823048073644735,61.98431639959087,17.967950903511763,87.06823587417603,52.46088781273084,126.76078128814697,2.343196392059326,0.7328768546436799,0.0005,64,lr_0.0005_hc_64
63,9.886290550231934,1.0209763050079346,1.5113073587417603,1.544059157371521,5.809947490692139,43.794749403341285,62.7855438117968,17.746334810773952,85.27585864067078,52.4006216666457,128.87157130241394,2.0475058555603027,0.7292124703704616,0.0005,64,lr_0.0005_hc_64
64,9.958456039428711,0.9689027667045593,1.540159821510315,1.5411417484283447,5.908251762390137,44.08455506307535,62.12069553358336,17.64405046027958,86.0882580280304,52.48438977124217,131.0461835861206,2.103604316711426,0.7255664080186093,0.0005,64,lr_0.0005_hc_64
65,9.99791145324707,0.983070969581604,1.5575052499771118,1.5452550649642944,5.912080764770508,43.98227071258097,62.717354244800546,17.8145243777702,85.37245988845825,52.471652305902495,133.32229661941528,2.213237762451172,0.7219385759785162,0.0005,64,lr_0.0005_hc_64
66,9.925575256347656,0.953689694404602,1.556398630142212,1.5299381017684937,5.885549068450928,42.73781111489942,62.66621206955336,17.558813501534264,87.0397686958313,52.500651345454585,135.730961561203,2.343350648880005,0.7183288830986236,0.0005,64,lr_0.0005_hc_64
67,10.00507640838623,1.0014050006866455,1.5400036573410034,1.5364323854446411,5.9272356033325195,42.87419024889192,62.7855438117968,18.002045687009886,88.62994909286499,53.0729322101409,137.85884523391724,2.0656015872955322,0.7147372386831305,0.0005,64,lr_0.0005_hc_64
68,10.008354187011719,0.9714569449424744,1.5581820011138916,1.535923719406128,5.942790985107422,42.55028980565974,62.819638595294926,17.984998295260826,85.54003834724426,52.223741260864934,139.84541177749634,1.9392342567443848,0.7111635524897149,0.0005,64,lr_0.0005_hc_64
69,10.225486755371094,1.0189188718795776,1.5885754823684692,1.579847812652588,6.038144588470459,43.70951244459598,62.68325946130242,17.899761336515514,88.67355585098267,53.24152227334915,141.84785199165344,1.9417681694030762,0.7076077347272662,0.0005,64,lr_0.0005_hc_64
70,10.254074096679688,1.0349609851837158,1.5796144008636475,1.5557252168655396,6.083773136138916,44.374360722809406,63.60381861575179,18.070235254006136,84.57914590835571,52.65689012523076,143.84495854377747,1.9474003314971924,0.7040696960536299,0.0005,64,lr_0.0005_hc_64
71,10.312088012695312,1.0577152967453003,1.5717480182647705,1.5628145933151245,6.119809627532959,43.02761677463348,62.05250596658711,17.217865666553017,86.05870008468628,52.08917212311497,145.81432723999023,1.919764518737793,0.7005493475733617,0.0005,64,lr_0.0005_hc_64
72,10.232365608215332,1.023108720779419,1.593912959098816,1.5670616626739502,6.048282623291016,43.556085918854414,62.973065121036484,17.8145243777702,87.81972527503967,53.040850173175194,147.80780816078186,1.925032377243042,0.697046600835495,0.0005,64,lr_0.0005_hc_64
73,10.476644515991211,1.1200661659240723,1.6149948835372925,1.5780019760131836,6.163580894470215,42.87419024889192,63.29696556426867,18.138424821002385,86.86713576316833,52.79417909933283,149.79202938079834,1.9207990169525146,0.6935613678313175,0.0005,64,lr_0.0005_hc_64
74,10.231300354003906,1.029407024383545,1.5727553367614746,1.5496788024902344,6.079458713531494,43.897033753835665,62.274122059324924,17.473576542788955,88.00678849220276,52.91288021203808,152.22358918190002,2.3681912422180176,0.6900935609921609,0.0005,64,lr_0.0005_hc_64
75,10.379409790039062,1.0667779445648193,1.6062674522399902,1.563036561012268,6.143327236175537,44.18683941356972,62.546880327309914,18.581657006478007,86.26018762588501,52.893891093310664,154.33192539215088,2.045844554901123,0.6866430931872001,0.0005,64,lr_0.0005_hc_64
76,10.351551055908203,1.0788474082946777,1.5757921934127808,1.5989009141921997,6.098011016845703,44.23798158881691,62.56392771905899,18.769178315717696,86.7907166481018,53.09045106792385,156.31737899780273,1.9141535758972168,0.6832098777212641,0.0005,64,lr_0.0005_hc_64
77,10.457025527954102,1.0783512592315674,1.5960261821746826,1.5674976110458374,6.215149879455566,43.96522332083192,62.80259120354585,17.86566655301739,87.77503967285156,53.10213018756168,158.36426329612732,1.974787712097168,0.6797938283326578,0.0005,64,lr_0.0005_hc_64
78,10.442842483520508,1.0932297706604004,1.6182570457458496,1.5855867862701416,6.145769119262695,43.897033753835665,62.990112512785544,19.09307875894988,87.58363723754883,53.39096556577998,160.4624421596527,2.0448477268218994,0.6763948591909945,0.0005,64,lr_0.0005_hc_64
79,10.459046363830566,1.119907021522522,1.5817382335662842,1.5736550092697144,6.183745861053467,44.613024207296284,63.808387316740536,18.479372655983635,86.97381615638733,53.468650084101945,162.52692580223083,1.9984276294708252,0.6730128848950395,0.0005,64,lr_0.0005_hc_64
80,10.644081115722656,1.1346731185913086,1.6515189409255981,1.5813066959381104,6.276583194732666,42.99352199113536,63.87657688373679,18.666893965223323,87.46508359909058,53.250519109796514,164.53106880187988,1.9407143592834473,0.6696478204705644,0.0005,64,lr_0.0005_hc_64
81,10.55256462097168,1.0810608863830566,1.6420395374298096,1.6067527532577515,6.22271203994751,43.14694851687692,62.171837708830544,18.342993521991136,85.14575362205505,52.20188334243841,166.53449416160583,1.940361738204956,0.6662995813682115,0.0005,64,lr_0.0005_hc_64
82,10.556323051452637,1.0925507545471191,1.6111220121383667,1.5993547439575195,6.253295421600342,45.10739856801909,63.99590862598023,19.31469485168769,84.46850776672363,53.22162745310266,168.69589471817017,2.0963659286499023,0.6629680834613705,0.0005,64,lr_0.0005_hc_64
83,10.599529266357422,1.1051386594772339,1.648590326309204,1.6030949354171753,6.242705345153809,43.35151721786566,63.211728605523355,18.360040913740196,84.83649492263794,52.43994541494179,170.82699489593506,2.0673036575317383,0.6596532430440636,0.0005,64,lr_0.0005_hc_64
84,10.661576271057129,1.182918906211853,1.6164723634719849,1.5899312496185303,6.27225399017334,45.6017729287419,63.89362427548585,18.73508353221957,87.00733184814453,53.809453146147966,172.83616757392883,1.9457862377166748,0.6563549768288433,0.0005,64,lr_0.0005_hc_64
85,10.74755859375,1.1535581350326538,1.6560158729553223,1.601210117340088,6.336773872375488,44.42550289805659,63.41629730651211,18.24070917149676,84.10952091217041,52.54800757205898,174.82173442840576,1.9301564693450928,0.653073201944699,0.0005,64,lr_0.0005_hc_64
86,10.67652702331543,1.1423141956329346,1.6265895366668701,1.5992718935012817,6.308351039886475,44.52778724855097,64.2345721104671,19.5363109444255,85.43949127197266,53.43454039385406,176.81225037574768,1.9341506958007812,0.6498078359349755,0.0005,64,lr_0.0005_hc_64
87,10.801309585571289,1.133765697479248,1.6650946140289307,1.624644160270691,6.377805709838867,43.50494374360723,62.990112512785544,19.24650528469144,83.07042121887207,52.20299568998907,178.79575371742249,1.9152743816375732,0.6465587967553006,0.0005,64,lr_0.0005_hc_64
88,10.791987419128418,1.125301480293274,1.6710995435714722,1.6163583993911743,6.379228115081787,43.86293897033754,62.88782816229117,18.479372655983635,85.96101999282837,52.79778994536017,180.97438669204712,2.1310997009277344,0.6433260027715241,0.0005,64,lr_0.0005_hc_64
89,11.003976821899414,1.1835030317306519,1.6974680423736572,1.639114260673523,6.483891487121582,44.80054551653597,63.51858165700648,18.547562222979884,85.00338196754456,52.96751784101672,183.0730791091919,2.0483877658843994,0.6401093727576664,0.0005,64,lr_0.0005_hc_64
90,10.893957138061523,1.1427950859069824,1.6639752388000488,1.653259038925171,6.4339280128479,44.32321854756222,63.552676440504605,19.416979202182066,84.99220609664917,53.07127007172452,185.21625876426697,2.079946756362915,0.6369088258938781,0.0005,64,lr_0.0005_hc_64
1,11.248933792114258,3.057077646255493,1.4097074270248413,1.4244760274887085,5.357673168182373,41.33992499147631,62.56392771905899,11.18308898738493,93.70728731155396,52.19855725236855,2.37324595451355,2.37324595451355,0.995,0.0005,128,lr_0.0005_hc_128
2,11.110960960388184,2.9524574279785156,1.4217664003372192,1.4263029098510742,5.310434341430664,41.01602454824412,62.20593249232868,11.796795090351177,94.36218738555908,52.345234879120774,4.691613435745239,2.2233376502990723,0.990025,0.0005,128,lr_0.0005_hc_128
3,11.105222702026367,2.8720908164978027,1.4318511486053467,1.434062123298645,5.3672194480896,40.709171496760995,62.717354244800546,11.336515513126491,94.8462426662445,52.40232098023314,7.204526662826538,2.41745924949646,0.985074875,0.0005,128,lr_0.0005_hc_128
4,11.026771545410156,2.830744743347168,1.4290847778320312,1.4321528673171997,5.334789752960205,40.74326628025912,62.29116945107399,11.796795090351177,94.8462426662445,52.4193683719822,9.63638687133789,2.347745180130005,0.9801495006250001,0.0005,128,lr_0.0005_hc_128
5,10.991535186767578,2.773104190826416,1.419771671295166,1.4234265089035034,5.375232696533203,40.692124105011935,63.0071599045346,11.76270030685305,94.02049779891968,52.37062052882982,11.966347694396973,2.231102466583252,0.9752487531218751,0.0005,128,lr_0.0005_hc_128
6,10.90253734588623,2.6194140911102295,1.429053783416748,1.4385687112808228,5.415501117706299,40.692124105011935,62.359359018070236,11.387657688373679,94.56150531768799,52.250161532285965,14.309074878692627,2.247478723526001,0.9703725093562657,0.0005,128,lr_0.0005_hc_128
7,10.83425521850586,2.570838689804077,1.4343478679656982,1.4284485578536987,5.4006195068359375,40.214797136038186,63.26287078077054,11.404705080122742,93.53644847869873,52.104705368907545,16.628763437271118,2.236689567565918,0.9655206468094844,0.0005,128,lr_0.0005_hc_128
8,10.686975479125977,2.447561740875244,1.4323357343673706,1.4315346479415894,5.375542640686035,40.53869757927037,62.68325946130242,11.012615069894306,93.65034103393555,51.971228286100654,18.954269886016846,2.22981333732605,0.960693043575437,0.0005,128,lr_0.0005_hc_128
9,10.394829750061035,2.1984949111938477,1.414433240890503,1.4089362621307373,5.372965335845947,41.18649846573474,62.87078077054211,11.779747698602113,94.30524110794067,52.53556701070491,21.289270401000977,2.2401719093322754,0.9558895783575597,0.0005,128,lr_0.0005_hc_128
10,10.42340087890625,2.163144826889038,1.4385794401168823,1.4329131841659546,5.388762950897217,40.67507671326287,62.59802250255711,11.67746334810774,94.4476068019867,52.349542341478596,23.665470600128174,2.2725539207458496,0.9511101304657719,0.0005,128,lr_0.0005_hc_128
11,10.402008056640625,2.0634055137634277,1.4433825016021729,1.4409927129745483,5.454227447509766,41.288782816229116,62.717354244800546,11.60927378111149,94.70387101173401,52.5798204634688,26.060998678207397,2.30031418800354,0.946354579813443,0.0005,128,lr_0.0005_hc_128
12,10.260566711425781,1.966376781463623,1.4467695951461792,1.4468131065368652,5.400606632232666,40.14660756904193,62.819638595294926,12.649164677804295,94.36218738555908,52.49439955692505,28.469645977020264,2.2976348400115967,0.9416228069143757,0.0005,128,lr_0.0005_hc_128
13,10.182230949401855,1.8820079565048218,1.442526936531067,1.4505325555801392,5.407163619995117,40.89669280600069,62.80259120354585,11.89907944084555,93.62186789512634,52.30505783637961,30.94287610054016,2.386918783187866,0.9369146928798039,0.0005,128,lr_0.0005_hc_128
14,9.967710494995117,1.6686688661575317,1.4587986469268799,1.4388331174850464,5.401410102844238,40.913740197749746,62.632117286055234,12.649164677804295,93.39407682418823,52.397274746449376,33.324870586395264,2.283339023590088,0.9322301194154049,0.0005,128,lr_0.0005_hc_128
15,9.823421478271484,1.598253846168518,1.425345540046692,1.420871376991272,5.378950119018555,40.24889191953631,62.52983293556086,12.308216842823049,93.87813210487366,52.24126845069848,35.640387773513794,2.2099721431732178,0.9275689688183278,0.0005,128,lr_0.0005_hc_128
16,9.669833183288574,1.3643980026245117,1.4509334564208984,1.425099492073059,5.4294023513793945,40.163654960791,62.30821684282305,11.67746334810774,93.47950220108032,51.90720933820052,37.978867292404175,2.2436509132385254,0.9229311239742362,0.0005,128,lr_0.0005_hc_128
17,9.634596824645996,1.371826171875,1.4312516450881958,1.4275288581848145,5.403990268707275,41.86839413569724,62.393453801568356,12.154790317081487,91.85649156570435,52.06828245501285,40.587700605392456,2.5141100883483887,0.918316468354365,0.0005,128,lr_0.0005_hc_128
18,9.56148910522461,1.250962257385254,1.4497886896133423,1.4419541358947754,5.418783664703369,40.99897715649506,62.18888510057962,12.785543811796796,90.97380638122559,51.736803112524264,43.01219177246094,2.3214833736419678,0.9137248860125932,0.0005,128,lr_0.0005_hc_128
19,9.421205520629883,1.1106576919555664,1.4400724172592163,1.4416040182113647,5.428870677947998,40.07841800204569,62.154790317081485,13.399249914763042,91.34396314620972,51.744105345024984,45.554322719573975,2.447265386581421,0.9091562615825302,0.0005,128,lr_0.0005_hc_128
20,9.290766716003418,1.0088037252426147,1.4591048955917358,1.4366635084152222,5.386194705963135,39.37947494033413,62.06955335833617,12.68325946130242,91.48741960525513,51.40492684130697,47.96692657470703,2.3293039798736572,0.9046104802746175,0.0005,128,lr_0.0005_hc_128
21,9.233224868774414,0.9675242304801941,1.451677918434143,1.425666332244873,5.3883562088012695,41.15240368223662,63.24582338902148,13.33106034776679,90.48975110054016,52.05475962989126,50.32422113418579,2.262028932571411,0.9000874278732445,0.0005,128,lr_0.0005_hc_128
22,9.247254371643066,0.9208651185035706,1.4512921571731567,1.4263958930969238,5.448700904846191,40.18070235254006,62.66621206955336,13.194681213774292,89.38144445419312,51.355760022515206,52.694113969802856,2.273911952972412,0.8955869907338783,0.0005,128,lr_0.0005_hc_128
23,9.141365051269531,0.8265807032585144,1.4465457201004028,1.421724796295166,5.446513652801514,39.53290146607569,63.38220252301397,13.552676440504602,88.4461522102356,51.22848315995747,55.229135513305664,2.439476490020752,0.8911090557802088,0.0005,128,lr_0.0005_hc_128
24,9.155288696289062,0.8348934650421143,1.4432693719863892,1.4282822608947754,5.448843955993652,41.22059324923287,62.88782816229117,14.575519945448345,86.26306056976318,51.23675048168389,57.6596839427948,2.3353583812713623,0.8866535105013078,0.0005,128,lr_0.0005_hc_128
25,9.005767822265625,0.7480559945106506,1.434645175933838,1.404208779335022,5.418858051300049,41.45925673371974,62.359359018070236,13.910671667234913,85.70475578308105,50.85851080052648,60.08513116836548,2.3303425312042236,0.8822202429488013,0.0005,128,lr_0.0005_hc_128
26,9.03707504272461,0.7374735474586487,1.4393525123596191,1.4198591709136963,5.440390110015869,41.425161950221614,63.02420729628368,15.189226048414591,84.32217836380005,50.990193414679986,62.553900718688965,2.3692169189453125,0.8778091417340573,0.0005,128,lr_0.0005_hc_128
27,9.008904457092285,0.696271538734436,1.4341917037963867,1.4157631397247314,5.462677955627441,41.32287759972724,62.29116945107399,14.268666893965223,85.27764678001404,50.790090181195126,64.9509174823761,2.297632932662964,0.8734200960253871,0.0005,128,lr_0.0005_hc_128
28,9.01341438293457,0.7104688882827759,1.4214410781860352,1.4147725105285645,5.466731548309326,41.83429935219911,62.274122059324924,15.564268666893966,84.36182737350464,51.00862936298066,67.31163382530212,2.2709059715270996,0.8690529955452602,0.0005,128,lr_0.0005_hc_128
29,9.023626327514648,0.7271872162818909,1.4298455715179443,1.4115653038024902,5.455028533935547,42.63552676440504,62.853733378793045,14.831230821684283,84.00067090988159,51.08029046869099,69.60682582855225,2.1969001293182373,0.8647077305675338,0.0005,128,lr_0.0005_hc_128
30,8.988343238830566,0.7216232419013977,1.4317125082015991,1.4020414352416992,5.4329657554626465,40.3000340947835,62.257074667575864,16.553017388339583,81.16306662559509,50.0682981940735,72.13001585006714,2.422719717025757,0.8603841919146962,0.0005,128,lr_0.0005_hc_128
31,8.992314338684082,0.7270833253860474,1.4117883443832397,1.4099934101104736,5.4434494972229,42.58438458915786,63.31401295601773,16.04159563586771,83.21170806884766,51.28792531247274,74.52472472190857,2.3052213191986084,0.8560822709551227,0.0005,128,lr_0.0005_hc_128
32,8.963674545288086,0.7002753019332886,1.4445912837982178,1.412150263786316,5.4066572189331055,41.71496760995568,62.44459597681554,16.638254347084896,83.89686346054077,51.17367034859923,76.92036628723145,2.3008158206939697,0.851801859600347,0.0005,128,lr_0.0005_hc_128
33,8.885713577270508,0.7198975682258606,1.409927487373352,1.40187406539917,5.354014873504639,43.01056938288442,60.73985680190931,16.10978520286396,83.08663964271545,50.73671275759328,79.25585389137268,2.2564034461975098,0.8475428503023453,0.0005,128,lr_0.0005_hc_128
34,8.878751754760742,0.6782941222190857,1.4308725595474243,1.4077435731887817,5.361841201782227,42.03886805318786,61.91612683259461,15.802932151380839,84.10230875015259,50.965058946828975,81.60104870796204,2.2499496936798096,0.8433051360508336,0.0005,128,lr_0.0005_hc_128
35,8.809616088867188,0.7051267027854919,1.3962072134017944,1.4050135612487793,5.3032684326171875,42.66962154790317,62.44459597681554,18.036140470508013,85.95597743988037,52.27658385877677,84.0927038192749,2.394519090652466,0.8390886103705794,0.0005,128,lr_0.0005_hc_128
36,8.83720588684082,0.6952354311943054,1.4307039976119995,1.3990813493728638,5.312184810638428,41.766109785202865,62.240027275826804,17.30310262529833,87.67123222351074,52.245117977459685,86.56362462043762,2.3717925548553467,0.8348931673187264,0.0005,128,lr_0.0005_hc_128
37,8.860132217407227,0.7301816940307617,1.4076216220855713,1.3870850801467896,5.3352437019348145,42.58438458915786,62.546880327309914,17.047391749062392,84.0810477733612,51.564926109722855,88.88245892524719,2.2236061096191406,0.8307187014821328,0.0005,128,lr_0.0005_hc_128
38,8.800691604614258,0.7185649871826172,1.4075322151184082,1.3906285762786865,5.283966064453125,42.686668939652236,61.575178997613364,18.17251960450051,84.2944085597992,51.682194025391325,91.22205996513367,2.2412731647491455,0.8265651079747222,0.0005,128,lr_0.0005_hc_128
39,8.850507736206055,0.7702674865722656,1.3981294631958008,1.3756846189498901,5.306426525115967,43.02761677463348,62.853733378793045,17.848619161268324,87.23077774047852,52.74018676379334,93.60122275352478,2.2990283966064453,0.8224322824348486,0.0005,128,lr_0.0005_hc_128
40,8.813712120056152,0.7396105527877808,1.3974645137786865,1.3867772817611694,5.289859771728516,44.56188203204909,61.86498465734742,18.138424821002385,85.58690547943115,52.53804924745751,96.04579329490662,2.3511288166046143,0.8183201210226743,0.0005,128,lr_0.0005_hc_128
41,8.787532806396484,0.7869138717651367,1.3846219778060913,1.3688055276870728,5.247191429138184,43.914081145584724,62.47869076031367,18.905557449710194,87.92749643325806,53.306456447216654,98.76790881156921,2.6335835456848145,0.8142285204175609,0.0005,128,lr_0.0005_hc_128
42,8.886916160583496,0.7872893214225769,1.3981094360351562,1.376570224761963,5.324946880340576,44.68121377429253,62.80259120354585,18.59870439822707,86.34521961212158,53.10693224704676,101.31819677352905,2.445815324783325,0.810157377815473,0.0005,128,lr_0.0005_hc_128
43,8.862223625183105,0.8173230290412903,1.402884602546692,1.355546236038208,5.286469459533691,44.66416638254347,63.60381861575179,18.990794408455507,89.20843005180359,54.11680236463858,103.75044417381287,2.3370471000671387,0.8061065909263957,0.0005,128,lr_0.0005_hc_128
44,8.867015838623047,0.8247331380844116,1.4196515083312988,1.387772798538208,5.23485803604126,43.760654619843166,63.211728605523355,20.0818274803955,89.36018943786621,54.103600035907064,106.12031888961792,2.2753844261169434,0.8020760579717637,0.0005,128,lr_0.0005_hc_128
45,8.84077262878418,0.836334764957428,1.396234154701233,1.3740609884262085,5.234143257141113,45.07330378452097,62.66621206955336,19.91135356290488,86.75719499588013,53.60201610321484,108.44117307662964,2.233299732208252,0.798065677681905,0.0005,128,lr_0.0005_hc_128
46,8.908209800720215,0.8543128371238708,1.4033796787261963,1.3635005950927734,5.287016868591309,44.868735083532215,63.51858165700648,19.689737470167064,84.35965776443481,53.10917799378514,110.78775334358215,2.235664129257202,0.7940753492934954,0.0005,128,lr_0.0005_hc_128
47,8.847055435180664,0.8437380790710449,1.3921059370040894,1.3480257987976074,5.263185977935791,45.26082509376065,64.47323559495398,19.58745311967269,84.45516228675842,53.444169023786436,113.2850034236908,2.4011237621307373,0.7901049725470279,0.0005,128,lr_0.0005_hc_128
48,8.873489379882812,0.8760038614273071,1.4033782482147217,1.3547744750976562,5.239333152770996,45.6017729287419,64.49028298670302,20.201159222638935,87.21060752868652,54.3759556666926,115.67167949676514,2.3038601875305176,0.7861544476842928,0.0005,128,lr_0.0005_hc_128
49,8.915356636047363,0.8624048829078674,1.414775013923645,1.3681161403656006,5.2700605392456055,45.448346403000336,64.45618820320492,21.326287078077055,85.67410707473755,54.22623218975497,118.12988996505737,2.3635759353637695,0.7822236754458713,0.0005,128,lr_0.0005_hc_128
50,8.82536506652832,0.8993710875511169,1.383231282234192,1.3387771844863892,5.203985691070557,45.51653596999659,64.76304125468803,20.900102284350496,82.50311613082886,53.42069890996599,120.48483943939209,2.263993263244629,0.778312557068642,0.0005,128,lr_0.0005_hc_128
51,8.906163215637207,0.9087305068969727,1.3890489339828491,1.3395583629608154,5.268825531005859,46.70985339243096,65.30855779065803,21.20695533583362,86.09725832939148,54.83065621207852,122.94060730934143,2.345628023147583,0.7744209942832988,0.0005,128,lr_0.0005_hc_128
52,8.827588081359863,0.8605930209159851,1.3848240375518799,1.3631236553192139,5.2190470695495605,45.97681554722127,63.46743948175929,20.831912717354246,82.12900161743164,53.10129234094161,125.26047396659851,2.2272403240203857,0.7705488893118823,0.0005,128,lr_0.0005_hc_128
53,8.826375961303711,0.9379799962043762,1.3833504915237427,1.3556938171386719,5.149352073669434,46.72690078418002,64.71189907944085,22.502557108762357,82.012939453125,53.98857410637705,127.55412411689758,2.198643207550049,0.7666961448653229,0.0005,128,lr_0.0005_hc_128
54,8.8941068649292,0.914850115776062,1.4024416208267212,1.3415685892105103,5.235246658325195,45.02216160927378,65.1892260484146,21.65018752130924,84.61266756057739,54.118560684893744,129.88881587982178,2.239556312561035,0.7628626641409962,0.0005,128,lr_0.0005_hc_128
55,8.972904205322266,0.9570131897926331,1.3961483240127563,1.3433215618133545,5.276420593261719,46.760995567678144,65.78588475963177,21.752471871803614,82.43173956871033,54.18277294195597,132.23028826713562,2.239957809448242,0.7590483508202912,0.0005,128,lr_0.0005_hc_128
56,8.885774612426758,0.9266482591629028,1.406699299812317,1.3602219820022583,5.192205429077148,45.7381520627344,65.0017047391749,22.485509717013297,84.520024061203,54.436347645031404,134.55860686302185,2.231736421585083,0.7552531090661897,0.0005,128,lr_0.0005_hc_128
57,8.902624130249023,0.9428356289863586,1.4031840562820435,1.3484115600585938,5.208192825317383,46.47118990794408,65.4108421411524,23.06512103648142,83.45571160316467,54.60071617218565,136.91025114059448,2.2496540546417236,0.7514768435208588,0.0005,128,lr_0.0005_hc_128
58,8.982215881347656,0.9704092144966125,1.4029607772827148,1.3669278621673584,5.241917610168457,46.64166382543471,65.92226389362428,23.048073644732355,82.94426798820496,54.63906733799908,139.2269732952118,2.2376506328582764,0.7477194593032545,0.0005,128,lr_0.0005_hc_128
59,8.964051246643066,1.0227059125900269,1.4005930423736572,1.3417469263076782,5.199005603790283,47.27241732015002,65.76883736788271,24.2072962836686,83.59086513519287,55.20985402672356,141.55796074867249,2.2400543689727783,0.7439808620067382,0.0005,128,lr_0.0005_hc_128
60,8.864919662475586,1.0151216983795166,1.3763676881790161,1.326887845993042,5.146542072296143,46.72690078418002,65.61541084214116,23.42311626321173,83.5422158241272,54.82691092841503,143.89892411231995,2.2547152042388916,0.7402609576967045,0.0005,128,lr_0.0005_hc_128
61,9.061443328857422,1.0307979583740234,1.4155408143997192,1.3534266948699951,5.2616777420043945,47.80088646437095,65.56426866689397,23.7981588816911,85.80421805381775,55.74188301669345,146.29487466812134,2.3005056381225586,0.736559652908221,0.0005,128,lr_0.0005_hc_128
62,8.84791374206543,0.9883933067321777,1.3948945999145508,1.3174887895584106,5.147136688232422,47.698602113876575,66.60415956358678,24.087964541425162,83.65393877029419,55.511166247295684,148.61031460762024,2.2101993560791016,0.7328768546436799,0.0005,128,lr_0.0005_hc_128
63,8.76601791381836,0.9926934838294983,1.3569039106369019,1.3161016702651978,5.100318431854248,48.84077736106376,66.9110126150699,25.2471871803614,82.33731985092163,55.83407425185417,150.98586535453796,2.284538984298706,0.7292124703704616,0.0005,128,lr_0.0005_hc_128
64,8.90562915802002,1.0313341617584229,1.3696374893188477,1.3228367567062378,5.181820869445801,48.44868735083532,66.2291169451074,24.58233890214797,83.56634378433228,55.706621745605744,153.48475122451782,2.38783860206604,0.7255664080186093,0.0005,128,lr_0.0005_hc_128
65,8.940683364868164,1.051515817642212,1.4016506671905518,1.317487120628357,5.170030117034912,47.61336515513126,67.14967609955677,24.752812819638596,81.96933269500732,55.371296692333495,155.90096926689148,2.335503578186035,0.7219385759785162,0.0005,128,lr_0.0005_hc_128
66,9.042152404785156,1.0943255424499512,1.384592056274414,1.335384726524353,5.22784948348999,48.772587794067505,66.72349130583021,25.230139788612345,83.08050632476807,55.95168130331953,158.30758213996887,2.3066155910491943,0.7183288830986236,0.0005,128,lr_0.0005_hc_128
67,8.926671981811523,1.0543268918991089,1.3641163110733032,1.3145692348480225,5.19365930557251,49.113535629048755,66.9962495738152,25.196045005114215,83.37246179580688,56.16957300094626,160.66047406196594,2.264556884765625,0.7147372386831305,0.0005,128,lr_0.0005_hc_128
68,8.980878829956055,1.108324408531189,1.3692046403884888,1.3167486190795898,5.186601638793945,49.352199113535626,67.47357654278895,26.304125468803274,83.09168219566345,56.55539583019782,162.98743987083435,2.231574058532715,0.7111635524897149,0.0005,128,lr_0.0005_hc_128
69,9.057899475097656,1.0896228551864624,1.40007746219635,1.3318709135055542,5.236327648162842,49.113535629048755,66.96215479031709,25.84384589157859,83.80857110023499,56.43202685279485,165.29509472846985,2.21321964263916,0.7076077347272662,0.0005,128,lr_0.0005_hc_128
70,9.12315845489502,1.1053186655044556,1.3786371946334839,1.35582435131073,5.2833781242370605,48.977156495056256,67.01329696556428,26.014319809069214,84.47425365447998,56.61975673104243,167.7664086818695,2.3765926361083984,0.7040696960536299,0.0005,128,lr_0.0005_hc_128
71,9.057785987854004,1.085187554359436,1.3896925449371338,1.3427894115447998,5.240116596221924,49.28400954653938,67.28605523354926,26.64507330378452,82.91797041893005,56.5332771257008,170.08072590827942,2.2198169231414795,0.7005493475733617,0.0005,128,lr_0.0005_hc_128
72,9.083744049072266,1.131973147392273,1.4102520942687988,1.3313997983932495,5.210118770599365,48.24411864984658,67.14967609955677,26.338220252301397,83.16593170166016,56.22448667584122,172.3861939907074,2.204014301300049,0.697046600835495,0.0005,128,lr_0.0005_hc_128
73,9.167961120605469,1.1724354028701782,1.3930920362472534,1.3340675830841064,5.26836633682251,50.10228435049437,67.43948175929083,26.440504602795773,83.12915563583374,56.777856587103685,174.7156937122345,2.2351436614990234,0.6935613678313175,0.0005,128,lr_0.0005_hc_128
74,9.135538101196289,1.094701886177063,1.4057092666625977,1.336055040359497,5.299071788787842,49.40334128878281,67.35424480054552,26.40640981929765,82.64331817626953,56.45182852122388,177.01200890541077,2.198896646499634,0.6900935609921609,0.0005,128,lr_0.0005_hc_128
75,9.165481567382812,1.1883299350738525,1.4043605327606201,1.3258858919143677,5.2469048500061035,50.511421752471875,67.67814524377769,28.0600068189567,81.911301612854,57.04021885701507,179.4341368675232,2.323974609375,0.6866430931872001,0.0005,128,lr_0.0005_hc_128
76,9.24262523651123,1.2236331701278687,1.4033074378967285,1.3386039733886719,5.277080535888672,49.454483464030005,67.2690078418002,26.883736788271396,81.0542106628418,56.16535968923585,181.886714220047,2.3576977252960205,0.6832098777212641,0.0005,128,lr_0.0005_hc_128
77,9.22718620300293,1.1720565557479858,1.3995685577392578,1.3249908685684204,5.330570697784424,50.664848278213434,67.67814524377769,27.088305489260144,83.03724527359009,57.11713607121034,184.24092173576355,2.269279718399048,0.6797938283326578,0.0005,128,lr_0.0005_hc_128
78,9.305787086486816,1.2432825565338135,1.4073816537857056,1.3327685594558716,5.322354316711426,50.61370610296625,67.84861916126833,28.111148994203887,80.29046654701233,56.7159852013627,186.56512117385864,2.245075225830078,0.6763948591909945,0.0005,128,lr_0.0005_hc_128
79,9.127853393554688,1.1859675645828247,1.3890432119369507,1.3004029989242554,5.252439498901367,52.301397886123425,68.97374701670644,28.111148994203887,82.39318132400513,57.944868805259716,188.8796031475067,2.214299440383911,0.6730128848950395,0.0005,128,lr_0.0005_hc_128
80,9.218111038208008,1.1698704957962036,1.3939801454544067,1.342147946357727,5.312112808227539,51.261506989430615,68.2236617797477,27.753153767473577,82.30054378509521,57.38471658043678,191.2585129737854,2.282759428024292,0.6696478204705644,0.0005,128,lr_0.0005_hc_128
81,9.305353164672852,1.2249201536178589,1.4143826961517334,1.317474365234375,5.348575592041016,51.1762700306853,68.01909307875896,28.537333787930447,83.03180932998657,57.691126556840324,193.61689925193787,2.263385772705078,0.6662995813682115,0.0005,128,lr_0.0005_hc_128
82,9.325225830078125,1.2377601861953735,1.4104864597320557,1.3038251399993896,5.3731536865234375,52.02863961813843,68.9907944084555,27.821343334469827,81.34577870368958,57.54663901618834,196.02818894386292,2.3005740642547607,0.6629680834613705,0.0005,128,lr_0.0005_hc_128
83,9.286837577819824,1.274807333946228,1.386655569076538,1.3203314542770386,5.3050432205200195,52.284350494374365,68.01909307875896,29.304466416638252,81.23514652252197,57.710764128073386,198.42392563819885,2.286190986633301,0.6596532430440636,0.0005,128,lr_0.0005_hc_128
84,9.342758178710938,1.2764168977737427,1.3817088603973389,1.283704161643982,5.400928020477295,53.10262529832935,68.42823048073645,28.0600068189567,83.50234031677246,58.27330072869874,200.85735273361206,2.338409662246704,0.6563549768288433,0.0005,128,lr_0.0005_hc_128
85,9.327795028686523,1.230323076248169,1.3879927396774292,1.3135976791381836,5.3958821296691895,51.9945448346403,68.32594613024207,28.042959427207638,82.35641717910767,57.67996689279941,203.44089722633362,2.4828436374664307,0.653073201944699,0.0005,128,lr_0.0005_hc_128
86,9.413700103759766,1.281149983406067,1.3875335454940796,1.3183207511901855,5.426696300506592,53.00034094783498,68.56460961472894,28.383907262188885,82.93901681900024,58.22196866093826,205.87780237197876,2.3385298252105713,0.6498078359349755,0.0005,128,lr_0.0005_hc_128
87,9.43017578125,1.2552778720855713,1.4176851511001587,1.3280121088027954,5.429200649261475,51.346743948175934,68.47937265598364,29.338561200136382,83.91719460487366,58.2704681022924,208.3186640739441,2.346207618713379,0.6465587967553006,0.0005,128,lr_0.0005_hc_128
88,9.586718559265137,1.3102855682373047,1.4382039308547974,1.3631653785705566,5.475063800811768,51.721786566655304,67.8145243777702,28.07705421070576,81.16484880447388,57.19455348990128,210.64302396774292,2.2389628887176514,0.6433260027715241,0.0005,128,lr_0.0005_hc_128
89,9.532316207885742,1.2442415952682495,1.4391840696334839,1.3448303937911987,5.504059791564941,52.216160927378105,68.66689396522332,28.28162291169451,81.35098218917847,57.6289149983686,212.97983145713806,2.241550922393799,0.6401093727576664,0.0005,128,lr_0.0005_hc_128
90,9.522178649902344,1.3232314586639404,1.3980227708816528,1.3349716663360596,5.465952396392822,52.62529832935561,68.10433003750425,28.247528128196386,80.91688752174377,57.473511004200006,215.38167810440063,2.3071482181549072,0.6369088258938781,0.0005,128,lr_0.0005_hc_128
91,9.670211791992188,1.323263168334961,1.4300857782363892,1.3706310987472534,5.546231746673584,52.55710876235936,68.64984657347426,29.03170814865326,81.59142136573792,57.957521212556195,217.78435945510864,2.3004884719848633,0.6337242817644086,0.0005,128,lr_0.0005_hc_128
92,9.690009117126465,1.3222122192382812,1.4415693283081055,1.354453682899475,5.571774005889893,52.659393112853735,69.1783157176952,28.588475963177633,82.91828632354736,58.336117779318485,220.14935326576233,2.2699220180511475,0.6305556603555866,0.0005,128,lr_0.0005_hc_128
93,9.799797058105469,1.3685882091522217,1.441462516784668,1.327879786491394,5.661866188049316,52.881009205591546,68.9907944084555,28.36685987043982,80.86280822753906,57.77536792800648,222.54305696487427,2.2981503009796143,0.6274028820538087,0.0005,128,lr_0.0005_hc_128
94,9.72336196899414,1.362387776374817,1.4254642724990845,1.3587719202041626,5.576737880706787,52.82986703034436,68.37708830548927,29.253324241391066,82.82581567764282,58.321523813716865,224.93950271606445,2.3095052242279053,0.6242658676435396,0.0005,128,lr_0.0005_hc_128
95,9.707693099975586,1.3421882390975952,1.4409328699111938,1.3642966747283936,5.560275554656982,53.47766791680873,69.14422093419707,29.491987725877937,81.03652000427246,58.28759914528905,227.25980424880981,2.2251861095428467,0.6211445383053219,0.0005,128,lr_0.0005_hc_128
96,9.869640350341797,1.3606969118118286,1.461083173751831,1.3615317344665527,5.686327934265137,52.74463007159904,69.72383225366518,29.15103989089669,81.77613019943237,58.348908103898324,229.60715317726135,2.2528605461120605,0.6180388156137953,0.0005,128,lr_0.0005_hc_128
97,9.675389289855957,1.3171848058700562,1.4426286220550537,1.3404968976974487,5.575078964233398,53.20490964882373,69.50221616092738,29.764745993862938,80.63827753067017,58.27753733357105,231.95366263389587,2.2544054985046387,0.6149486215357263,0.0005,128,lr_0.0005_hc_128
98,9.804023742675781,1.3771116733551025,1.4523699283599854,1.3450603485107422,5.629481315612793,53.35833617456529,69.75792703716331,29.287419024889193,81.4110279083252,58.45367753623575,234.2496485710144,2.201301336288452,0.6118738784280476,0.0005,128,lr_0.0005_hc_128
99,9.811676025390625,1.3975956439971924,1.415131688117981,1.360045075416565,5.638904094696045,53.44357313331061,69.05898397545175,29.798840777361065,82.63823986053467,58.73490943666453,236.65383124351501,2.300647497177124,0.6088145090359074,0.0005,128,lr_0.0005_hc_128
100,9.916372299194336,1.3658355474472046,1.455905795097351,1.353247880935669,5.741383075714111,53.852710535288104,69.86021138765769,28.503239004432324,83.37944746017456,58.89890209688817,239.0234978199005,2.270914077758789,0.6057704364907278,0.0005,128,lr_0.0005_hc_128
101,10.100069046020508,1.3863252401351929,1.4843953847885132,1.378705382347107,5.850642681121826,53.68223661779747,69.87725877940674,28.89532901466076,81.2360167503357,58.42271029055017,241.3976821899414,2.272850513458252,0.6027415843082742,0.0005,128,lr_0.0005_hc_128
102,10.036301612854004,1.40366530418396,1.471848726272583,1.3661131858825684,5.794674396514893,54.108421411524034,69.31469485168769,29.543129901125127,82.24484920501709,58.802773842338496,243.94716429710388,2.4543278217315674,0.5997278763867329,0.0005,128,lr_0.0005_hc_128
103,10.08092212677002,1.3630545139312744,1.478317141532898,1.3930610418319702,5.846489429473877,53.017388339584045,68.80327309921583,28.469144220934194,79.39985990524292,57.42241639124425,246.3024022579193,2.260148763656616,0.5967292370047992,0.0005,128,lr_0.0005_hc_128
104,10.146449089050293,1.494070053100586,1.4640343189239502,1.3640280961990356,5.824316501617432,53.80156836004092,69.75792703716331,28.758949880668254,82.38483667373657,58.675820487902264,248.67615270614624,2.253840446472168,0.5937455908197752,0.0005,128,lr_0.0005_hc_128
105,10.014068603515625,1.3441054821014404,1.475480556488037,1.3970353603363037,5.7974467277526855,53.76747357654279,69.14422093419707,29.867030344357314,82.04444646835327,58.70579283086261,251.09358286857605,2.322808027267456,0.5907768628656763,0.0005,128,lr_0.0005_hc_128
106,10.162150382995605,1.4399638175964355,1.48065984249115,1.3776904344558716,5.863836288452148,53.39243095806342,69.26355267644051,28.639618138424822,80.79073429107666,58.02158401600135,253.3971025943756,2.2081196308135986,0.5878229785513479,0.0005,128,lr_0.0005_hc_128
107,10.065895080566406,1.36366868019104,1.468631625175476,1.384602665901184,5.848991870880127,53.80156836004092,69.87725877940674,29.42379815888169,81.20898604393005,58.577902835564856,255.7245535850525,2.2212939262390137,0.5848838636585911,0.0005,128,lr_0.0005_hc_128
108,10.222330093383789,1.3701753616333008,1.5137690305709839,1.4037944078445435,5.934591293334961,53.9890896692806,69.96249573815206,29.048755540402322,80.98392486572266,58.4960664533894,258.09384965896606,2.2737724781036377,0.5819594443402982,0.0005,128,lr_0.0005_hc_128
109,10.259081840515137,1.3861305713653564,1.511487603187561,1.3988629579544067,5.9626007080078125,52.98329355608592,69.77497442891237,28.656665530173886,83.26539397239685,58.67008187189226,260.4870636463165,2.301084041595459,0.5790496471185967,0.0005,128,lr_0.0005_hc_128
110,10.30434513092041,1.4517751932144165,1.511528730392456,1.3677761554718018,5.973264694213867,54.73917490623934,70.26934878963519,30.207978179338564,83.28806161880493,59.62614087350451,262.90312218666077,2.3086869716644287,0.5761543988830038,0.0005,128,lr_0.0005_hc_128
111,10.406312942504883,1.4285598993301392,1.5232033729553223,1.434590220451355,6.019959926605225,54.006137061029655,68.68394135697238,29.15103989089669,82.26809501647949,58.52730333134455,265.2309856414795,2.216585874557495,0.5732736268885887,0.0005,128,lr_0.0005_hc_128
112,10.255746841430664,1.4466274976730347,1.5079506635665894,1.419323205947876,5.881845474243164,54.091374019774975,69.51926355267643,29.69655642686669,81.8918228149414,58.799754203564866,267.54884147644043,2.2212886810302734,0.5704072587541458,0.0005,128,lr_0.0005_hc_128
113,10.41160774230957,1.4402719736099243,1.5424301624298096,1.4039379358291626,6.024968147277832,53.66518922604841,69.46812137742924,29.099897715649504,80.75504302978516,58.24706283722808,269.84577322006226,2.2002077102661133,0.567555222460375,0.0005,128,lr_0.0005_hc_128
1,11.2305908203125,3.0572874546051025,1.4139719009399414,1.4296035766601562,5.329728126525879,41.442209341970674,62.87078077054211,11.302420729628366,93.08086633682251,52.17406929474091,8.58889102935791,8.58889102935791,0.995,0.0005,256,lr_0.0005_hc_256
2,10.955228805541992,2.7504405975341797,1.4128957986831665,1.427164912223816,5.36472749710083,41.15240368223662,62.88782816229117,11.18308898738493,94.02049779891968,52.310954657708095,17.611669301986694,8.597261905670166,0.990025,0.0005,256,lr_0.0005_hc_256
3,10.746734619140625,2.5789453983306885,1.4213695526123047,1.4244693517684937,5.321950912475586,40.31708148653256,62.632117286055234,11.251278554381178,93.59339475631714,51.94846802082152,27.09331703186035,8.972262382507324,0.985074875,0.0005,256,lr_0.0005_hc_256
4,10.541318893432617,2.40975284576416,1.4077404737472534,1.430768609046936,5.293056964874268,41.527446300715994,63.05830207978179,11.489942038868053,95.52961587905884,52.90132657460618,36.16909670829773,8.574548959732056,0.9801495006250001,0.0005,256,lr_0.0005_hc_256
5,10.43507194519043,2.228792905807495,1.4185367822647095,1.437395453453064,5.350346565246582,40.89669280600069,61.86498465734742,11.148994203886806,93.59339475631714,51.87601660588801,45.718777894973755,9.022252321243286,0.9752487531218751,0.0005,256,lr_0.0005_hc_256
6,10.172436714172363,2.0144288539886475,1.4343395233154297,1.4235343933105469,5.30013370513916,40.12956017729287,63.29696556426867,11.847937265598363,93.10933947563171,52.095950620697906,54.80346083641052,8.580983638763428,0.9703725093562657,0.0005,256,lr_0.0005_hc_256
7,9.989768981933594,1.8212461471557617,1.4211751222610474,1.4186913967132568,5.32865571975708,41.067166723491304,63.0071599045346,11.643368564609615,92.42596626281738,52.035915363863225,63.875550746917725,8.571027755737305,0.9655206468094844,0.0005,256,lr_0.0005_hc_256
8,9.710807800292969,1.5712530612945557,1.4141533374786377,1.4045945405960083,5.320806980133057,42.141152403682234,62.56392771905899,11.660415956358678,92.25512742996216,52.155155877265514,72.97739934921265,8.604286909103394,0.960693043575437,0.0005,256,lr_0.0005_hc_256
9,9.474910736083984,1.3465783596038818,1.4143606424331665,1.4173541069030762,5.296617031097412,41.85134674394818,62.632117286055234,12.666212069553358,93.56492161750793,52.67864942926618,82.07073831558228,8.590264797210693,0.9558895783575597,0.0005,256,lr_0.0005_hc_256
10,9.28805160522461,1.1883368492126465,1.4133446216583252,1.4180517196655273,5.268317699432373,40.930787589498806,62.20593249232868,13.109444255028983,92.36901998519897,52.15379608051386,91.22394347190857,8.62650465965271,0.9511101304657719,0.0005,256,lr_0.0005_hc_256
11,9.179224014282227,1.054560661315918,1.4136340618133545,1.4000548124313354,5.310975074768066,42.17524718718036,63.41629730651211,12.410501193317423,92.05580949783325,52.514463796210784,100.30115628242493,8.56260085105896,0.946354579813443,0.0005,256,lr_0.0005_hc_256
12,8.947818756103516,0.8886839747428894,1.4019696712493896,1.3910274505615234,5.26613712310791,40.52165018752131,62.819638595294926,12.802591203545857,89.02462720870972,51.29212679876795,109.42582058906555,8.60357928276062,0.9416228069143757,0.0005,256,lr_0.0005_hc_256
13,8.89059066772461,0.804878294467926,1.4163768291473389,1.3968775272369385,5.272458553314209,41.51039890896693,62.7855438117968,14.149335151721786,86.188805103302,51.15852074394688,118.43020796775818,8.506592750549316,0.9369146928798039,0.0005,256,lr_0.0005_hc_256
14,8.800843238830566,0.7254023551940918,1.4067341089248657,1.3919390439987183,5.276767730712891,40.709171496760995,62.7855438117968,14.149335151721786,87.18104958534241,51.20627501140549,127.51119685173035,8.564203977584839,0.9322301194154049,0.0005,256,lr_0.0005_hc_256
15,8.768363952636719,0.7126818299293518,1.3959054946899414,1.3809164762496948,5.278859615325928,41.90248891919536,63.72315035799523,14.234572110467097,84.71034169197083,51.142638269907124,137.29092979431152,9.264561891555786,0.9275689688183278,0.0005,256,lr_0.0005_hc_256
16,8.776479721069336,0.7003092169761658,1.3905551433563232,1.3706722259521484,5.314942836761475,42.03886805318786,63.33106034776679,14.336856460961473,82.39535093307495,50.52553394874777,146.46021819114685,8.650574445724487,0.9229311239742362,0.0005,256,lr_0.0005_hc_256
17,8.633726119995117,0.6713215708732605,1.3763161897659302,1.3691074848175049,5.216980457305908,42.46505284691442,62.59802250255711,16.04159563586771,82.94100761413574,51.01141964986875,155.52537083625793,8.574935674667358,0.918316468354365,0.0005,256,lr_0.0005_hc_256
18,8.647455215454102,0.6774932146072388,1.3784328699111938,1.3787733316421509,5.21275520324707,41.646778042959426,62.00136379133993,16.263211728605523,80.98896145820618,50.225078755277764,164.56257581710815,8.531945705413818,0.9137248860125932,0.0005,256,lr_0.0005_hc_256
19,8.588294982910156,0.6427655816078186,1.3903477191925049,1.3533637523651123,5.201817512512207,41.425161950221614,63.48448687350835,17.01329696556427,81.80531859397888,50.932066095818286,173.98117303848267,8.90737247467041,0.9091562615825302,0.0005,256,lr_0.0005_hc_256
20,8.505268096923828,0.6344555020332336,1.3629239797592163,1.3335341215133667,5.174354553222656,42.5673371974088,62.93897033753836,15.922263893624274,81.41894340515137,50.7118787084307,183.12534832954407,8.62726378440857,0.9046104802746175,0.0005,256,lr_0.0005_hc_256
21,8.430586814880371,0.6211221218109131,1.359095573425293,1.3412880897521973,5.109081268310547,43.09580634162973,63.51858165700648,16.31435390385271,84.37082767486572,51.82489239433866,192.1327953338623,8.48786735534668,0.9000874278732445,0.0005,256,lr_0.0005_hc_256
22,8.421899795532227,0.6315743923187256,1.35755455493927,1.330039143562317,5.102732181549072,42.840095465393794,63.84248210023866,17.132628707807708,84.64726209640503,52.1156170924613,201.11594772338867,8.472635984420776,0.8955869907338783,0.0005,256,lr_0.0005_hc_256
23,8.381525039672852,0.6688877940177917,1.344956398010254,1.3256471157073975,5.042033672332764,42.97647459938629,62.376406409819296,17.916808728264574,84.75611805915833,52.00645194915712,210.14583110809326,8.516068458557129,0.8911090557802088,0.0005,256,lr_0.0005_hc_256
24,8.36424446105957,0.6529484987258911,1.3488719463348389,1.312421202659607,5.050002098083496,42.703716331401296,62.7855438117968,17.780429594272075,86.78063154220581,52.51258031991899,219.54755783081055,8.881608247756958,0.8866535105013078,0.0005,256,lr_0.0005_hc_256
25,8.384340286254883,0.6976876258850098,1.3324240446090698,1.2940071821212769,5.0602216720581055,43.94817592908285,63.70610296624617,17.66109785202864,85.31442284584045,52.657449898299525,228.55572128295898,8.498689651489258,0.8822202429488013,0.0005,256,lr_0.0005_hc_256
26,8.279600143432617,0.6891701221466064,1.294916033744812,1.2870392799377441,5.008474349975586,45.05625639277191,63.46743948175929,18.274803954994887,86.97164058685303,53.44253510409478,237.62970566749573,8.553871631622314,0.8778091417340573,0.0005,256,lr_0.0005_hc_256
27,8.331650733947754,0.7711206078529358,1.3092552423477173,1.2816424369812012,4.969632625579834,44.595976815547225,63.791339924991476,19.570405727923628,86.17872595787048,53.53411210658321,246.72593069076538,8.578924179077148,0.8734200960253871,0.0005,256,lr_0.0005_hc_256
28,8.263667106628418,0.7362284064292908,1.298616886138916,1.2694621086120605,4.959359645843506,45.567678145243775,63.92771905898398,19.621547903170818,84.10230875015259,53.30481346438779,255.76249384880066,8.515084505081177,0.8690529955452602,0.0005,256,lr_0.0005_hc_256
29,8.149127960205078,0.7477030158042908,1.2810533046722412,1.250363826751709,4.870007514953613,46.11319468121378,65.1892260484146,20.95124445959768,87.43839859962463,54.923015947212676,265.83689069747925,9.567047595977783,0.8647077305675338,0.0005,256,lr_0.0005_hc_256
30,8.242380142211914,0.7783979177474976,1.279786467552185,1.2391489744186401,4.945046424865723,45.12444595976815,64.57551994544835,20.047732696897373,86.68186068534851,54.1073898218656,274.95535039901733,8.590381622314453,0.8603841919146962,0.0005,256,lr_0.0005_hc_256
31,8.240476608276367,0.8007046580314636,1.2833894491195679,1.2354679107666016,4.920915126800537,46.607569041936586,64.64370951244459,20.59324923286737,86.10339164733887,54.486979858646855,284.0272033214569,8.555087089538574,0.8560822709551227,0.0005,256,lr_0.0005_hc_256
32,8.253494262695312,0.8164326548576355,1.2566243410110474,1.2424877882003784,4.937949180603027,47.61336515513126,65.35969996590522,19.79202182066144,84.49698686599731,54.315518451923815,293.228134393692,8.679589986801147,0.851801859600347,0.0005,256,lr_0.0005_hc_256
33,8.265878677368164,0.8236899971961975,1.2761919498443604,1.2295159101486206,4.936480522155762,46.16433685646096,65.61541084214116,19.79202182066144,84.60366725921631,54.04385919461997,302.2985579967499,8.572021484375,0.8475428503023453,0.0005,256,lr_0.0005_hc_256
34,8.211810111999512,0.8202900886535645,1.272735834121704,1.2222352027893066,4.896549224853516,47.39174906239345,66.26321172860553,21.49676099556768,83.77287983894348,54.73115040637752,311.34324884414673,8.544874906539917,0.8433051360508336,0.0005,256,lr_0.0005_hc_256
35,8.05685806274414,0.824597954750061,1.2382655143737793,1.2050763368606567,4.788918972015381,48.0054551653597,66.0927378111149,22.741220593249235,83.32847356796265,55.04197178442163,320.5289225578308,8.66887640953064,0.8390886103705794,0.0005,256,lr_0.0005_hc_256
36,8.083393096923828,0.8344303369522095,1.2476179599761963,1.210639238357544,4.79070520401001,48.72144561882032,66.75758608932834,22.485509717013297,82.20720291137695,55.04293608413473,329.577755689621,8.505595922470093,0.8348931673187264,0.0005,256,lr_0.0005_hc_256
37,8.04381275177002,0.8455840349197388,1.230396032333374,1.2114851474761963,4.756347179412842,48.49982952608251,66.45073303784521,23.661779747698603,84.2497169971466,55.71551482719323,338.6361241340637,8.536964178085327,0.8307187014821328,0.0005,256,lr_0.0005_hc_256
38,7.9785919189453125,0.845957338809967,1.2174360752105713,1.2061421871185303,4.709056377410889,49.38629389703376,67.01329696556428,23.951585407432663,81.71594142913818,55.51677942479222,347.69276881217957,8.555755376815796,0.8265651079747222,0.0005,256,lr_0.0005_hc_256
39,8.024471282958984,0.8651471138000488,1.2493406534194946,1.2124055624008179,4.697577476501465,47.85202863961814,66.92806000681895,24.173201500170475,80.21334409713745,54.79165856093626,356.74577593803406,8.540344715118408,0.8224322824348486,0.0005,256,lr_0.0005_hc_256
40,8.096744537353516,0.9084336161613464,1.2177369594573975,1.2135893106460571,4.756985187530518,49.965905216501874,67.5929082850324,23.951585407432663,83.01526308059692,56.13141549739097,365.88092732429504,8.619720458984375,0.8183201210226743,0.0005,256,lr_0.0005_hc_256
41,8.000558853149414,0.8894048929214478,1.217278003692627,1.211363434791565,4.682513236999512,50.01704739174906,67.33719740879646,25.70746675758609,82.37696886062622,56.35967010468945,374.92436051368713,8.5105459690094,0.8142285204175609,0.0005,256,lr_0.0005_hc_256
42,7.899864673614502,0.8659367561340332,1.1847147941589355,1.187004566192627,4.662208557128906,52.60825093760655,67.93385612001363,25.963177633822028,82.24685192108154,57.18803415313094,383.9690582752228,8.53747296333313,0.810157377815473,0.0005,256,lr_0.0005_hc_256
43,7.875952243804932,0.9070785641670227,1.1817446947097778,1.169028878211975,4.618100166320801,52.19911353562905,68.9907944084555,25.724514149335153,83.07329416275024,57.49692906404249,393.76345205307007,9.278560161590576,0.8061065909263957,0.0005,256,lr_0.0005_hc_256
44,7.913614273071289,0.9356366395950317,1.185718297958374,1.1789151430130005,4.613344192504883,52.676440504602795,68.56460961472894,26.78145243777702,83.36811661720276,57.847654793577874,402.8820776939392,8.588202714920044,0.8020760579717637,0.0005,256,lr_0.0005_hc_256
45,7.872462272644043,0.9180130362510681,1.16750168800354,1.1811468601226807,4.605800628662109,53.37538356631435,68.00204568700988,26.679168087282644,81.68350458145142,57.43502548051458,411.87413358688354,8.487388372421265,0.798065677681905,0.0005,256,lr_0.0005_hc_256
46,7.937404155731201,0.9885104298591614,1.1868351697921753,1.1695674657821655,4.592491149902344,52.02863961813843,69.127173542448,27.054210705762017,83.32847356796265,57.884624358577774,420.9455511569977,8.555527448654175,0.7940753492934954,0.0005,256,lr_0.0005_hc_256
47,7.94957160949707,1.0110838413238525,1.1522691249847412,1.146133542060852,4.640085220336914,52.60825093760655,68.07023525400614,26.730310262529834,82.13800191879272,57.386699593233814,430.04013657569885,8.57792854309082,0.7901049725470279,0.0005,256,lr_0.0005_hc_256
48,7.827131748199463,0.9897171854972839,1.1206105947494507,1.1345995664596558,4.582204341888428,54.568700988748716,68.88851005796113,28.383907262188885,82.94140100479126,58.695629828422504,439.15741991996765,8.601978063583374,0.7861544476842928,0.0005,256,lr_0.0005_hc_256
49,7.789957523345947,1.0083667039871216,1.1409358978271484,1.1454591751098633,4.4951958656311035,54.77326968973747,69.89430617115582,29.952267303102627,81.17602467536926,58.948966959841286,448.352108001709,8.6907639503479,0.7822236754458713,0.0005,256,lr_0.0005_hc_256
50,7.88323974609375,1.043581247329712,1.128739595413208,1.1371108293533325,4.573808193206787,55.47221275144902,69.11012615069895,28.89532901466076,82.07096457481384,58.88715812290564,457.5033013820648,8.64657473564148,0.778312557068642,0.0005,256,lr_0.0005_hc_256
51,7.757664680480957,1.003799557685852,1.110714077949524,1.1242331266403198,4.518918037414551,55.33583361745653,69.38288441868394,30.020456870098876,81.8756103515625,59.153696314450464,466.4979386329651,8.469618797302246,0.7744209942832988,0.0005,256,lr_0.0005_hc_256
52,7.779626846313477,1.0367536544799805,1.1135915517807007,1.1091639995574951,4.520117282867432,55.47221275144902,68.97374701670644,29.168087282645754,78.91689538955688,58.132735610089526,475.6350166797638,8.61909532546997,0.7705488893118823,0.0005,256,lr_0.0005_hc_256
53,7.749472141265869,1.0719506740570068,1.0799758434295654,1.1128205060958862,4.484724998474121,57.00647800886465,70.13296965564268,30.054551653597,81.9970428943634,59.797760553116944,484.6872184276581,8.53729796409607,0.7666961448653229,0.0005,256,lr_0.0005_hc_256
54,7.825761795043945,1.1198452711105347,1.1111292839050293,1.1080572605133057,4.486729621887207,56.01772928741903,70.23525400613705,31.04330037504262,80.46743869781494,59.440930591603404,493.7275514602661,8.52224612236023,0.7628626641409962,0.0005,256,lr_0.0005_hc_256
55,7.845283031463623,1.1258875131607056,1.106367588043213,1.0888005495071411,4.524227619171143,57.04057279236277,70.81486532560518,32.03204909648824,80.16252517700195,60.01250309786453,502.92613339424133,8.68576455116272,0.7590483508202912,0.0005,256,lr_0.0005_hc_256
56,7.795867919921875,1.1357518434524536,1.083070158958435,1.0792627334594727,4.497783184051514,58.31912717354245,71.5308557790658,30.054551653597,82.5776755809784,60.62055254679591,512.0742392539978,8.632033348083496,0.7552531090661897,0.0005,256,lr_0.0005_hc_256
57,7.752875328063965,1.099108099937439,1.062005877494812,1.0558509826660156,4.535910129547119,58.830548926014316,72.65598363450391,30.327309921581996,80.97561597824097,60.697364615085306,521.7904107570648,9.197529554367065,0.7514768435208588,0.0005,256,lr_0.0005_hc_256
58,7.779321193695068,1.137128472328186,1.0644415616989136,1.0660477876663208,4.5117034912109375,58.574838049778386,72.09341970678487,30.600068189566997,81.4124345779419,60.670190131018046,531.0676939487457,8.754719734191895,0.7477194593032545,0.0005,256,lr_0.0005_hc_256
59,7.702962875366211,1.112794041633606,1.037350058555603,1.0773597955703735,4.475459098815918,61.54108421411524,72.4855097170133,31.06034776679168,80.93093037605286,61.50446801849326,540.2017719745636,8.616726398468018,0.7439808620067382,0.0005,256,lr_0.0005_hc_256
60,7.704434394836426,1.1223734617233276,1.0584958791732788,1.0603588819503784,4.4632062911987305,59.49539720422775,72.26389362427548,31.145584725536995,81.23801350593567,61.03572226499397,549.2725729942322,8.554768800735474,0.7402609576967045,0.0005,256,lr_0.0005_hc_256
61,7.785417556762695,1.1597894430160522,1.055940866470337,1.0498173236846924,4.519870281219482,58.93283327650869,71.90589839754517,30.600068189566997,80.39822578430176,60.459256411980654,558.2815747261047,8.507349967956543,0.736559652908221,0.0005,256,lr_0.0005_hc_256
62,7.694416522979736,1.1307131052017212,1.063516616821289,1.0481410026550293,4.452045917510986,58.608932833276505,72.65598363450391,32.62870780770542,81.25026822090149,61.28597312409683,567.5343647003174,8.731587648391724,0.7328768546436799,0.0005,256,lr_0.0005_hc_256
63,7.6800856590271,1.1309421062469482,1.0583230257034302,1.051507830619812,4.43931245803833,60.34776679168087,73.08216842823047,32.42413910671667,80.86893558502197,61.68075247791249,577.151044845581,9.078307151794434,0.7292124703704616,0.0005,256,lr_0.0005_hc_256
64,7.643861770629883,1.1477270126342773,1.04494309425354,1.0583852529525757,4.392806529998779,60.45005114217524,72.69007841800205,32.69689737470167,81.25135898590088,61.77209648019496,586.4361789226532,8.771553993225098,0.7255664080186093,0.0005,256,lr_0.0005_hc_256
65,7.68718147277832,1.1619564294815063,1.0780943632125854,1.0713003873825073,4.375830173492432,60.14319809069213,73.01397886123424,33.66859870439823,81.66403770446777,62.12245334019809,595.5030333995819,8.550998210906982,0.7219385759785162,0.0005,256,lr_0.0005_hc_256
66,7.624930381774902,1.1560492515563965,1.0397347211837769,1.061263084411621,4.367883205413818,61.217183770883054,72.94578929423798,33.225366518922606,81.04373812675476,62.1080194276996,604.6865274906158,8.673972606658936,0.7183288830986236,0.0005,256,lr_0.0005_hc_256
67,7.714317321777344,1.1883293390274048,1.040822148323059,1.0599380731582642,4.425227642059326,61.76270030685305,73.28673712921923,33.82202523013979,80.78460693359375,62.41401739995145,613.8348257541656,8.632084131240845,0.7147372386831305,0.0005,256,lr_0.0005_hc_256
68,7.608773708343506,1.1657583713531494,1.0434534549713135,1.032340168952942,4.367221832275391,62.12069553358336,74.34367541766109,33.82202523013979,82.24033713340759,63.13168332869796,622.8305232524872,8.475260972976685,0.7111635524897149,0.0005,256,lr_0.0005_hc_256
69,7.539423942565918,1.1638902425765991,1.0130481719970703,1.0266839265823364,4.335801601409912,62.87078077054211,74.46300715990454,34.62325264234572,81.61213397979736,63.39229363814742,631.9193766117096,8.581520318984985,0.7076077347272662,0.0005,256,lr_0.0005_hc_256
70,7.642002105712891,1.2240108251571655,0.9968801736831665,1.0287047624588013,4.392406463623047,63.45039209001023,73.67882713944766,33.583361745652915,80.72153329849243,62.85852856840081,640.9758338928223,8.531923055648804,0.7040696960536299,0.0005,256,lr_0.0005_hc_256
71,7.690174102783203,1.2230595350265503,1.0378310680389404,1.0198347568511963,4.409449100494385,62.9219229457893,74.34367541766109,33.80497783839073,81.89578056335449,63.24158919129891,650.7557020187378,9.262586116790771,0.7005493475733617,0.0005,256,lr_0.0005_hc_256
72,7.649036884307861,1.2439312934875488,1.0317206382751465,1.025600790977478,4.347784042358398,62.06955335833617,73.96863279918172,34.36754176610978,80.28107285499573,62.671700194655855,659.7924053668976,8.520918607711792,0.697046600835495,0.0005,256,lr_0.0005_hc_256
73,7.595543384552002,1.2178685665130615,1.0030245780944824,1.021074891090393,4.353575229644775,63.654960790998985,74.95738152062734,34.776679168087284,79.28884029388428,63.169465443399474,668.9117107391357,8.606024742126465,0.6935613678313175,0.0005,256,lr_0.0005_hc_256
74,7.675434589385986,1.285356044769287,0.9873644113540649,1.0295634269714355,4.373150825500488,64.16638254347085,74.75281281963859,34.70848960109103,80.47139644622803,63.52477035260713,678.1924331188202,8.775163888931274,0.6900935609921609,0.0005,256,lr_0.0005_hc_256
75,7.647010803222656,1.2336291074752808,1.0411087274551392,1.0503040552139282,4.321969032287598,62.49573815206273,73.37197408796455,34.82782134333447,81.733238697052,63.10719307010344,687.2797124385834,8.572152376174927,0.6866430931872001,0.0005,256,lr_0.0005_hc_256
76,7.62037467956543,1.2536365985870361,1.0283105373382568,1.0534040927886963,4.285023212432861,63.02420729628368,74.10501193317423,35.254006137061026,81.10681772232056,63.372510772209864,696.3346145153046,8.548873662948608,0.6832098777212641,0.0005,256,lr_0.0005_hc_256
77,7.627760887145996,1.2945343255996704,1.0271639823913574,1.031473994255066,4.274588584899902,63.228775997272415,75.82679849982952,35.54381179679509,81.45967721939087,64.01476587832198,705.5490591526031,8.698264360427856,0.6797938283326578,0.0005,256,lr_0.0005_hc_256
78,7.461662769317627,1.262171983718872,1.0125285387039185,1.025231957435608,4.1617302894592285,64.14933515172179,75.45175588135015,36.83941356972383,80.34523725509644,64.19643546447305,714.6553919315338,8.590105295181274,0.6763948591909945,0.0005,256,lr_0.0005_hc_256
79,7.527191162109375,1.2498500347137451,0.9927319884300232,1.0247223377227783,4.259886741638184,64.54142516195022,74.94033412887828,36.29389703375384,79.46798205375671,63.81090959458475,723.8337070941925,8.667656660079956,0.6730128848950395,0.0005,256,lr_0.0005_hc_256
80,7.580660820007324,1.2827423810958862,1.0329844951629639,1.0050766468048096,4.259857177734375,64.42209341970678,75.19604500511421,36.77122400272758,78.8365125656128,63.80646874829034,732.9255132675171,8.574532747268677,0.6696478204705644,0.0005,256,lr_0.0005_hc_256
81,7.511200904846191,1.3017834424972534,0.9918456077575684,0.9975232481956482,4.220048427581787,65.03579952267303,76.27003068530514,36.430276167746335,81.80531859397888,64.88535624242586,742.0283830165863,8.559435367584229,0.6662995813682115,0.0005,256,lr_0.0005_hc_256
82,7.554367542266846,1.3173424005508423,1.0072507858276367,1.019938349723816,4.209836006164551,65.30855779065803,75.80975110808046,37.367882713944766,80.97779154777527,64.86599579011462,751.1013514995575,8.557744979858398,0.6629680834613705,0.0005,256,lr_0.0005_hc_256
83,7.574735641479492,1.3628520965576172,0.987597644329071,1.0257993936538696,4.198486328125,66.48482782134334,75.67337197408797,36.58370269348789,80.51608204841614,64.81449613433384,760.1914737224579,8.582268476486206,0.6596532430440636,0.0005,256,lr_0.0005_hc_256
84,7.61832332611084,1.4090770483016968,0.999142587184906,0.9965699911117554,4.213533878326416,66.17797476986021,75.98022502557109,36.61779747698602,81.01526498794556,64.94781556509072,769.2294411659241,8.522049188613892,0.6563549768288433,0.0005,256,lr_0.0005_hc_256
85,7.564326286315918,1.4027652740478516,0.9786960482597351,0.9996019005775452,4.183262825012207,65.9563586771224,75.92908285032391,36.27684964200477,78.03816795349121,64.05011478073557,779.0849883556366,9.340494394302368,0.653073201944699,0.0005,256,lr_0.0005_hc_256
86,7.558812141418457,1.3872387409210205,0.9969016909599304,1.0154298543930054,4.159241676330566,66.26321172860553,76.69621547903171,37.93044664166382,79.0408730506897,64.98268672499769,788.1898908615112,8.586261987686157,0.6498078359349755,0.0005,256,lr_0.0005_hc_256
87,7.414059638977051,1.3411954641342163,0.9908169507980347,1.02313232421875,4.058914661407471,66.26321172860553,75.67337197408797,38.8510057961132,80.35137057304382,65.28474001796263,797.4988815784454,8.782920598983765,0.6465587967553006,0.0005,256,lr_0.0005_hc_256
88,7.511864185333252,1.403562068939209,0.973386287689209,1.0160642862319946,4.118851661682129,66.62120695533584,76.04841459256734,37.964541425161954,78.41445207595825,64.76215376225585,806.6172611713409,8.586041688919067,0.6433260027715241,0.0005,256,lr_0.0005_hc_256
89,7.570002555847168,1.430066466331482,1.00143301486969,1.0420994758605957,4.0964035987854,65.80293215138084,76.03136720081828,38.83395840436413,80.20217418670654,65.21760798581745,815.9852874279022,8.850749015808105,0.6401093727576664,0.0005,256,lr_0.0005_hc_256
90,7.588409423828125,1.4519511461257935,0.995356023311615,1.0284569263458252,4.112645149230957,66.14387998636208,76.32117286055234,38.544152744630075,79.24414873123169,65.06333858069404,825.0649960041046,8.56523871421814,0.6369088258938781,0.0005,256,lr_0.0005_hc_256
91,7.696497917175293,1.4919527769088745,1.0195183753967285,1.0537396669387817,4.131287097930908,66.5871121718377,76.13365155131265,38.76576883736788,77.72712707519531,64.80341490892839,834.8354213237762,9.25963044166565,0.6337242817644086,0.0005,256,lr_0.0005_hc_256
92,7.480381488800049,1.4613345861434937,0.9849160313606262,1.0245630741119385,4.009567737579346,66.16092737811114,76.57688373678828,39.90794408455506,79.13025617599487,65.44400284386234,843.9277374744415,8.579611778259277,0.6305556603555866,0.0005,256,lr_0.0005_hc_256
93,7.429363250732422,1.4362826347351074,0.9871937036514282,1.0181893110275269,3.9876978397369385,67.06443914081146,77.13944766450733,40.26593931128538,81.09456300735474,66.39109728098973,852.9476742744446,8.505072116851807,0.6274028820538087,0.0005,256,lr_0.0005_hc_256
94,7.457581520080566,1.397403597831726,0.9760066866874695,1.0267337560653687,4.057437419891357,68.32594613024207,77.03716331401296,40.112512785543814,81.71376585960388,66.79734702235068,861.9113445281982,8.453710317611694,0.6242658676435396,0.0005,256,lr_0.0005_hc_256
95,7.515676021575928,1.4445605278015137,0.9763655066490173,1.0217537879943848,4.072996139526367,67.66109785202865,76.38936242754859,39.58404364132288,81.70654773712158,66.33526291450542,871.097494840622,8.67021632194519,0.6211445383053219,0.0005,256,lr_0.0005_hc_256
96,7.386105060577393,1.457161545753479,0.9676542282104492,1.0217880010604858,3.9395012855529785,68.13842482100239,76.98602113876576,40.62393453801568,78.07276248931885,65.95528574677567,880.1158354282379,8.503490686416626,0.6180388156137953,0.0005,256,lr_0.0005_hc_256
97,7.330145359039307,1.4776076078414917,0.9440822005271912,1.0024473667144775,3.906008243560791,69.34878963518581,77.03716331401296,40.53869757927037,80.02372980117798,66.73709508241178,889.2748258113861,8.644376277923584,0.6149486215357263,0.0005,256,lr_0.0005_hc_256
98,7.4547858238220215,1.5452954769134521,0.9754610657691956,1.0117878913879395,3.922241449356079,68.12137742925333,77.03716331401296,40.50460279577225,81.21637105941772,66.71987864961406,898.8620619773865,9.075598001480103,0.6118738784280476,0.0005,256,lr_0.0005_hc_256
99,7.380706787109375,1.5152989625930786,0.9815388321876526,1.021661639213562,3.8622076511383057,68.32594613024207,77.48039549948858,40.52165018752131,81.14933371543884,66.8693313831727,908.5917246341705,9.21127700805664,0.6088145090359074,0.0005,256,lr_0.0005_hc_256
100,7.513052463531494,1.5680503845214844,0.9959831833839417,1.0424860715866089,3.9065327644348145,67.47357654278895,76.50869416979202,41.37401977497443,80.67970871925354,66.50899980170225,917.6342072486877,8.519864320755005,0.6057704364907278,0.0005,256,lr_0.0005_hc_256
101,7.469725131988525,1.5642025470733643,0.98661208152771,1.0111538171768188,3.907756805419922,68.29185134674395,77.94067507671326,41.85134674394818,82.16500282287598,67.56221899757034,927.4290616512299,9.285219192504883,0.6027415843082742,0.0005,256,lr_0.0005_hc_256
102,7.487733840942383,1.6193568706512451,0.9832836985588074,1.0780861377716064,3.8070068359375,69.16126832594614,77.03716331401296,42.89123764064098,77.86732316017151,66.73924811019289,936.4385521411896,8.486040592193604,0.5997278763867329,0.0005,256,lr_0.0005_hc_256
103,7.304899215698242,1.5386117696762085,0.9754787087440491,1.019425630569458,3.771383047103882,69.399931810433,77.71905898397546,43.14694851687692,78.36867570877075,67.15865375501403,946.3964283466339,9.433333396911621,0.5967292370047992,0.0005,256,lr_0.0005_hc_256
104,7.417994499206543,1.5882092714309692,1.031885027885437,1.0343245267868042,3.763575792312622,68.4452778724855,77.75315376747358,43.59018070235254,80.97957372665405,67.69204651724142,955.5118358135223,8.578445434570312,0.5937455908197752,0.0005,256,lr_0.0005_hc_256
105,7.371648788452148,1.6305561065673828,0.9732059240341187,1.0035816431045532,3.7643051147460938,69.41697920218206,77.87248550971701,43.69246505284691,78.43353748321533,67.35386681199034,964.5116429328918,8.484289169311523,0.5907768628656763,0.0005,256,lr_0.0005_hc_256
106,7.361212730407715,1.6137008666992188,0.9996674060821533,1.0488064289093018,3.69903826713562,68.34299352199113,77.30992158199795,44.374360722809406,80.66240549087524,67.67242032941844,973.5537149906158,8.537363290786743,0.5878229785513479,0.0005,256,lr_0.0005_hc_256
107,7.383798122406006,1.6628857851028442,0.9809985160827637,1.0186209678649902,3.7212929725646973,69.8090692124105,77.85543811796795,43.53903852710535,79.02140021324158,67.55623651768134,983.0732781887054,8.996634006500244,0.5848838636585911,0.0005,256,lr_0.0005_hc_256
108,7.301949977874756,1.6029014587402344,0.9819580912590027,1.0320252180099487,3.685065269470215,70.30344357313331,77.9236276849642,44.91987725877941,79.34578657150269,68.1231837720949,992.1577384471893,8.516852855682373,0.5819594443402982,0.0005,256,lr_0.0005_hc_256
109,7.250479698181152,1.6207057237625122,0.9875413775444031,1.0224634408950806,3.6197690963745117,70.18411183088988,77.87248550971701,45.05625639277191,80.36036491394043,68.36830466182981,1001.7692937850952,9.060783863067627,0.5790496471185967,0.0005,256,lr_0.0005_hc_256
110,7.307580471038818,1.625994324684143,0.9791918396949768,1.0581473112106323,3.644247055053711,70.18411183088988,77.94067507671326,44.868735083532215,78.47931385040283,67.86820896038455,1010.8723018169403,8.567473649978638,0.5761543988830038,0.0005,256,lr_0.0005_hc_256
111,7.21702766418457,1.6767405271530151,0.9508959054946899,1.0278135538101196,3.5615780353546143,70.71258097511081,78.07705421070577,45.209682918513465,78.51104736328125,68.12759136690283,1020.5337433815002,9.141518115997314,0.5732736268885887,0.0005,256,lr_0.0005_hc_256
112,7.267476558685303,1.6897872686386108,0.99705970287323,1.0336885452270508,3.546941041946411,70.0818274803955,78.55438117967951,45.38015683600409,80.52508234977722,68.63536196146408,1030.2077593803406,9.148561477661133,0.5704072587541458,0.0005,256,lr_0.0005_hc_256
113,7.236967086791992,1.5956082344055176,1.0115745067596436,1.0464195013046265,3.583364963531494,70.32049096488238,79.11694510739858,46.64166382543471,80.17765879631042,69.06418967350652,1039.2980852127075,8.589909076690674,0.567555222460375,0.0005,256,lr_0.0005_hc_256
114,7.242576599121094,1.6734410524368286,1.022148609161377,1.0165759325027466,3.5304112434387207,69.50221616092738,79.18513467439482,47.30651210364814,78.31894159317017,68.57820113303512,1048.302195072174,8.491392612457275,0.5647174463480732,0.0005,256,lr_0.0005_hc_256
115,7.138274669647217,1.6334208250045776,1.0238111019134521,1.0326870679855347,3.4483556747436523,69.00784180020457,78.75894988066825,47.95431299011251,79.97220754623413,68.92332805430486,1057.3193609714508,8.496600151062012,0.5618938591163328,0.0005,256,lr_0.0005_hc_256
116,7.284941673278809,1.7097373008728027,1.0143775939941406,1.0629231929779053,3.497903823852539,71.18990794408455,77.9747698602114,47.323559495397205,79.94264960289001,69.10772172564579,1066.6300592422485,8.793578147888184,0.5590843898207511,0.0005,256,lr_0.0005_hc_256
117,7.190462112426758,1.782719612121582,1.0037015676498413,1.0400882959365845,3.363952398300171,69.672690078418,78.36685987043982,47.937265598363446,80.79648017883301,69.19332393151356,1075.722683429718,8.554912090301514,0.5562889678716474,0.0005,256,lr_0.0005_hc_256
118,7.1459550857543945,1.7045059204101562,0.9884042143821716,1.0443013906478882,3.408743143081665,71.15581316058643,78.0600068189567,47.28946471189908,78.91867756843567,68.85599056496947,1084.856824874878,8.619116067886353,0.5535075230322891,0.0005,256,lr_0.0005_hc_256
119,7.279088020324707,1.7951669692993164,0.9802790880203247,1.0695374011993408,3.4341046810150146,71.8036140470508,77.68496420047732,48.43163995908626,79.45750951766968,69.34443193107101,1093.958440065384,8.58398962020874,0.5507399854171277,0.0005,256,lr_0.0005_hc_256
120,7.241596221923828,1.7828174829483032,0.9962130784988403,1.0573896169662476,3.4051764011383057,71.22400272758269,78.53733378793044,47.47698602113877,79.90695834159851,69.2863202195626,1103.1225459575653,8.629401206970215,0.547986285490042,0.0005,256,lr_0.0005_hc_256
121,7.11245059967041,1.7432537078857422,0.9864307045936584,1.0442986488342285,3.338467836380005,71.54790317081486,78.63961813842482,49.335151721786566,79.2524516582489,69.6937811723188,1112.2879991531372,8.644744873046875,0.5452463540625918,0.0005,256,lr_0.0005_hc_256
122,6.972846984863281,1.722582459449768,0.9564648866653442,1.0408101081848145,3.2529897689819336,72.4855097170133,78.4691442209342,49.249914763041254,81.62725567817688,70.45795609479141,1121.3440599441528,8.530315160751343,0.5425201222922789,0.0005,256,lr_0.0005_hc_256
123,7.143068313598633,1.8086199760437012,1.0074560642242432,1.0782690048217773,3.248723268508911,71.00238663484487,77.87248550971701,50.136379133992506,77.74550914764404,69.18919010654962,1130.4552512168884,8.593518733978271,0.5398075216808175,0.0005,256,lr_0.0005_hc_256
124,7.249171733856201,1.743994951248169,0.9891409277915955,1.1077721118927002,3.408263683319092,71.63314012956018,77.75315376747358,49.249914763041254,77.77290344238281,69.10227802561447,1139.586942911148,8.611637115478516,0.5371084840724134,0.0005,256,lr_0.0005_hc_256
125,7.121551513671875,1.7709976434707642,1.003678560256958,1.108354091644287,3.238520860671997,71.63314012956018,77.73610637572452,50.69894306171155,77.44742631912231,69.37890397152964,1148.767602443695,8.658064842224121,0.5344229416520513,0.0005,256,lr_0.0005_hc_256
126,7.1313862800598145,1.7838294506072998,0.9991885423660278,1.1050828695297241,3.2432851791381836,72.11046709853393,78.21343334469826,50.80122741220593,79.41786050796509,70.1357470908508,1158.6111297607422,9.328118085861206,0.531750826943791,0.0005,256,lr_0.0005_hc_256
127,7.105388641357422,1.7994601726531982,0.9922292232513428,1.1002885103225708,3.2134108543395996,72.45141493351517,78.36685987043982,50.818274803955,78.79469394683838,70.1078108886871,1167.7887094020844,8.657690048217773,0.5290920728090721,0.0005,256,lr_0.0005_hc_256
128,7.084775924682617,1.7498981952667236,1.0025150775909424,1.0766733884811401,3.2556889057159424,71.65018752130923,78.86123423116264,50.39209001022843,79.2726218700409,70.0440334081853,1177.3289365768433,9.011291742324829,0.5264466124450268,0.0005,256,lr_0.0005_hc_256
129,7.1975507736206055,1.902903437614441,0.9731337428092957,1.0800037384033203,3.2415101528167725,72.89464711899079,78.81009205591545,51.14217524718718,80.21582961082458,70.7656860082295,1186.409437417984,8.54610013961792,0.5238143793828016,0.0005,256,lr_0.0005_hc_256
130,7.045469760894775,1.829010248184204,0.9567623734474182,1.0665498971939087,3.1931471824645996,73.57654278895329,78.8271394476645,51.05693828844187,79.34252619743347,70.70078668062328,1195.527904510498,8.596678256988525,0.5211953074858876,0.0005,256,lr_0.0005_hc_256
131,7.0516252517700195,1.8257650136947632,1.0171501636505127,1.054687261581421,3.154022693634033,72.57074667575861,79.03170814865325,52.82986703034436,78.77235412597656,70.8011689951832,1204.673094034195,8.607709646224976,0.5185893309484582,0.0005,256,lr_0.0005_hc_256
132,7.065459251403809,1.8764287233352661,0.9931051135063171,1.0894999504089355,3.1064255237579346,73.11626321172861,78.96351858165701,53.256051824070916,78.81378531455994,71.03740473300412,1213.9350318908691,8.75771427154541,0.5159963842937159,0.0005,256,lr_0.0005_hc_256
133,7.0170674324035645,1.8846187591552734,0.9996256232261658,1.0587167739868164,3.074106216430664,72.9798840777361,79.45789294237981,53.64814183429936,76.91690325737,70.75070552794631,1223.1122438907623,8.672987699508667,0.5134164023722473,0.0005,256,lr_0.0005_hc_256
134,7.134125709533691,1.9418452978134155,1.0021467208862305,1.1002602577209473,3.0898733139038086,74.03682236617797,78.96351858165701,53.97204227753154,78.97671461105347,71.487274459105,1232.2312362194061,8.596157312393188,0.510849320360386,0.0005,256,lr_0.0005_hc_256
135,7.058233737945557,1.8995916843414307,1.0019148588180542,1.0823915004730225,3.074335813522339,73.59359018070235,79.04875554040231,54.21070576201841,77.60601043701172,71.1147654800337,1241.2798001766205,8.531620025634766,0.5082950737585841,0.0005,256,lr_0.0005_hc_256
136,7.117848873138428,1.9407016038894653,1.0060986280441284,1.1118428707122803,3.0592055320739746,72.38322536651893,78.8271394476645,54.99488578247528,78.38993072509766,71.14879533043909,1250.4128503799438,8.614648342132568,0.5057535983897912,0.0005,256,lr_0.0005_hc_256
137,6.990848541259766,1.9439901113510132,0.9779918789863586,1.0888028144836426,2.9800631999969482,73.69587453119672,78.79304466416637,54.585748380497776,79.66077923774719,71.68386170340202,1259.49507188797,8.573326587677002,0.5032248303978422,0.0005,256,lr_0.0005_hc_256
138,7.084132194519043,1.9396001100540161,0.9623737335205078,1.112786889076233,3.069371461868286,74.32662802591203,78.92942379815888,54.091374019774975,78.23243737220764,71.3949658040134,1268.716715335846,8.688623428344727,0.500708706245853,0.0005,256,lr_0.0005_hc_256
139,7.062328338623047,2.00984787940979,0.9891530871391296,1.0883077383041382,2.9750194549560547,74.22434367541766,79.30446641663825,55.79611319468122,79.37604188919067,72.17524129398195,1277.8736698627472,8.650540828704834,0.5,0.0005,256,lr_0.0005_hc_256
140,7.051154136657715,1.9443767070770264,0.949341893196106,1.0760852098464966,3.081350326538086,74.68462325264234,78.38390726218888,54.807364473235594,79.16772365570068,71.76090466094188,1287.6772916316986,9.299306631088257,0.5,0.0005,256,lr_0.0005_hc_256
141,6.943904876708984,1.9580034017562866,0.9732956886291504,1.0888103246688843,2.923795461654663,74.05386975792703,78.99761336515513,55.881350153426524,79.2044997215271,72.03433324950895,1296.9856624603271,8.791421175003052,0.5,0.0005,256,lr_0.0005_hc_256
142,6.963418483734131,1.899007797241211,0.9665524363517761,1.1061662435531616,2.991692066192627,74.03682236617797,79.11694510739858,55.847255369928405,78.79360914230347,71.94865799645211,1306.2136850357056,8.743845462799072,0.5,0.0005,256,lr_0.0005_hc_256
143,6.886857986450195,1.954944133758545,0.9994975924491882,1.099358320236206,2.8330578804016113,73.16740538697579,79.21922945789295,57.46675758608932,78.28325033187866,72.03416069070919,1315.3009741306305,8.585267782211304,0.5,0.0005,256,lr_0.0005_hc_256
144,6.904148101806641,1.995011806488037,0.9679613709449768,1.1366864442825317,2.8044888973236084,74.6164336856461,78.96351858165701,56.904193658370275,78.48761081695557,72.24293918565724,1324.61004281044,8.788005590438843,0.5,0.0005,256,lr_0.0005_hc_256
145,6.865653038024902,1.9273720979690552,0.9561503529548645,1.1138333082199097,2.8682968616485596,74.49710194340265,79.01466075690419,56.95533583361746,79.16736602783203,72.40861614043908,1333.6814601421356,8.571911573410034,0.5,0.0005,256,lr_0.0005_hc_256
146,6.853340148925781,1.9276790618896484,0.9623001217842102,1.090518593788147,2.872842311859131,75.02557108762359,79.28741902488919,57.193999318104325,78.20069789886475,72.42692183237047,1342.8316442966461,8.629718542098999,0.5,0.0005,256,lr_0.0005_hc_256
147,6.930504322052002,1.986462950706482,0.9859379529953003,1.0931960344314575,2.8649072647094727,74.90623934538016,79.88407773610638,57.39856801909308,77.66347527503967,72.46309009390481,1352.2471613883972,8.89959168434143,0.5,0.0005,256,lr_0.0005_hc_256
148,6.7432050704956055,1.9646782875061035,0.9813367128372192,1.0659865140914917,2.73120379447937,74.85509717013296,79.40675076713262,58.94988066825776,77.54402160644531,72.68893755299216,1361.3040118217468,8.548433780670166,0.5,0.0005,256,lr_0.0005_hc_256
149,6.728752136230469,1.9193471670150757,0.9651501178741455,1.096616268157959,2.747638463973999,74.4800545516536,79.49198772587795,58.86464370951244,78.75396609306335,72.89766302002684,1370.4268419742584,8.60230016708374,0.5,0.0005,256,lr_0.0005_hc_256
150,6.717065811157227,1.9476280212402344,0.9433754682540894,1.102026104927063,2.72403621673584,75.40061370610297,79.42379815888168,57.773610637572446,77.96282768249512,72.64021254626304,1379.5364508628845,8.588402509689331,0.5,0.0005,256,lr_0.0005_hc_256
151,6.689064979553223,1.9707533121109009,0.9458686113357544,1.1026504039764404,2.669792890548706,75.43470848960109,79.04875554040231,59.59768155472213,76.9075095653534,72.74716378751972,1388.7924513816833,8.739519596099854,0.5,0.0005,256,lr_0.0005_hc_256
152,6.870977401733398,2.0175678730010986,0.9634762406349182,1.13479483127594,2.7551381587982178,74.73576542788953,79.49198772587795,58.148653256051816,76.50996446609497,72.22159271897857,1397.8546915054321,8.541653156280518,0.5,0.0005,256,lr_0.0005_hc_256
153,6.657761573791504,1.9404221773147583,0.9458444714546204,1.1225663423538208,2.64892840385437,75.75860893283327,79.79884077736106,59.546539379474936,78.13170552253723,73.30892365305162,1407.1669611930847,8.783816814422607,0.5,0.0005,256,lr_0.0005_hc_256
154,6.561788558959961,1.8832439184188843,0.9332118034362793,1.1324673891067505,2.612865686416626,76.09955676781452,79.06580293215139,59.68291851346744,78.84838581085205,73.42416600607135,1417.0362911224365,9.350500345230103,0.5,0.0005,256,lr_0.0005_hc_256
155,6.534921169281006,1.9825208187103271,0.9387869834899902,1.0686546564102173,2.5449585914611816,75.23013978861233,79.64541425161951,59.81929764745993,77.93885469436646,73.15842659551456,1426.4661984443665,8.917435884475708,0.5,0.0005,256,lr_0.0005_hc_256
156,6.631328582763672,1.9673765897750854,0.9212802052497864,1.1001514196395874,2.6425204277038574,75.91203545857483,78.84418683941357,58.84759631776338,79.05977964401245,73.16589956494106,1435.8164439201355,8.84912896156311,0.5,0.0005,256,lr_0.0005_hc_256
157,6.67653751373291,2.007429361343384,0.9038556218147278,1.0732669830322266,2.691985607147217,75.98022502557109,79.95226730310262,58.216842823048076,78.20613384246826,73.0888672485475,1445.3542499542236,9.03815245628357,0.5,0.0005,256,lr_0.0005_hc_256
158,6.627699851989746,1.957814335823059,0.9515273571014404,1.054711937904358,2.6636464595794678,74.03682236617797,79.40675076713262,59.410160245482444,80.38486838340759,73.30965044055016,1454.536117553711,8.661308526992798,0.5,0.0005,256,lr_0.0005_hc_256
159,6.626182556152344,1.9941229820251465,0.9087779521942139,1.049594759941101,2.6736867427825928,75.84384589157858,79.79884077736106,58.86464370951244,78.33694219589233,73.21106814358612,1464.3471810817719,9.295009851455688,0.5,0.0005,256,lr_0.0005_hc_256
160,6.58836555480957,1.9715434312820435,0.8986651301383972,1.080646276473999,2.6375110149383545,75.75860893283327,79.59427207637232,59.529491987725876,78.40110659599304,73.32086989823112,1473.7194201946259,8.858694791793823,0.5,0.0005,256,lr_0.0005_hc_256
161,6.507566928863525,1.9815707206726074,0.8995340466499329,1.0667932033538818,2.559669017791748,75.46880327309921,79.56017729287419,60.14319809069213,77.64170169830322,73.2034700887422,1482.990906238556,8.750096082687378,0.5,0.0005,256,lr_0.0005_hc_256
162,6.528560638427734,2.027594566345215,0.9141672849655151,1.1033587455749512,2.4834399223327637,75.21309239686327,79.28741902488919,60.58643027616775,80.04319667816162,73.78253459402046,1492.223530292511,8.708699941635132,0.5,0.0005,256,lr_0.0005_hc_256
163,6.554190635681152,2.0732078552246094,0.9047163724899292,1.072211503982544,2.5040550231933594,76.0143198090692,79.21922945789295,60.70576201841118,79.82045412063599,73.93994135150233,1501.41770029068,8.681996822357178,0.5,0.0005,256,lr_0.0005_hc_256
164,6.456686019897461,2.0350706577301025,0.876971423625946,1.0849062204360962,2.459737539291382,76.79849982952608,79.67950903511762,61.779747698602115,77.95274257659912,74.05262478496124,1510.677745103836,8.732534170150757,0.5,0.0005,256,lr_0.0005_hc_256
165,6.478278160095215,2.047642707824707,0.917910635471344,1.1112399101257324,2.4014852046966553,75.75860893283327,78.96351858165701,62.32526423457211,79.2118787765503,74.06481763140317,1520.046505689621,8.852563619613647,0.5,0.0005,256,lr_0.0005_hc_256
166,6.436534881591797,2.0450174808502197,0.8927832245826721,1.1065614223480225,2.3921730518341064,76.84964200477327,79.03170814865325,62.59802250255711,77.23910808563232,73.92962018540399,1529.5397291183472,8.976523160934448,0.5,0.0005,256,lr_0.0005_hc_256
167,6.411559104919434,2.0131313800811768,0.8826509118080139,1.0745630264282227,2.441213607788086,76.69621547903171,79.93521991135356,61.37061029662462,78.52180600166321,74.13096292216828,1540.0759632587433,9.994781494140625,0.5,0.0005,256,lr_0.0005_hc_256
168,6.3388352394104,1.9871633052825928,0.8929721713066101,1.0696730613708496,2.389026641845703,76.62802591203545,80.03750426184794,61.91612683259461,79.02031540870667,74.40049310379617,1550.5659685134888,9.931142330169678,0.5,0.0005,256,lr_0.0005_hc_256
169,6.326379299163818,1.938966989517212,0.8665218353271484,1.0931367874145508,2.4277536869049072,77.13944766450733,80.08864643709512,62.32526423457211,79.04572486877441,74.64977080123725,1561.8091707229614,10.72957968711853,0.5,0.0005,256,lr_0.0005_hc_256
170,6.176333427429199,1.9138237237930298,0.89085453748703,1.0729604959487915,2.298694610595703,76.69621547903171,80.15683600409137,63.02420729628368,80.10985851287842,74.9967793230713,1573.660531282425,11.257233619689941,0.5,0.0005,256,lr_0.0005_hc_256
171,6.317718505859375,1.939983606338501,0.9082989692687988,1.0556092262268066,2.4138269424438477,76.32117286055234,80.78758949880668,61.93317422434368,78.85668873786926,74.47465633039299,1584.0914254188538,9.893742799758911,0.5,0.0005,256,lr_0.0005_hc_256
172,6.3437957763671875,1.9768359661102295,0.8781281113624573,1.0962098836898804,2.392622232437134,77.19058983975452,79.56017729287419,62.42754858506648,78.64224314689636,74.45513971614788,1594.6879334449768,10.074321269989014,0.5,0.0005,256,lr_0.0005_hc_256
173,6.345127105712891,1.9202579259872437,0.8667769432067871,1.0547258853912354,2.503365993499756,77.36106375724515,79.90112512785544,60.77395158540744,78.84225845336914,74.21959973096929,1607.1815161705017,11.965367317199707,0.5,0.0005,256,lr_0.0005_hc_256
174,6.318914413452148,1.9625087976455688,0.849861741065979,1.0386990308761597,2.4678447246551514,77.22468462325264,80.02045687009888,61.779747698602115,78.58420610427856,74.40227382405806,1617.0319731235504,9.216018438339233,0.5,0.0005,256,lr_0.0005_hc_256
175,6.295018672943115,1.9824049472808838,0.8561139702796936,1.060756802558899,2.395742893218994,77.2928741902489,79.83293556085918,62.44459597681554,77.79594659805298,74.34158808149415,1627.636958360672,10.039594888687134,0.5,0.0005,256,lr_0.0005_hc_256
176,6.287642478942871,1.992742896080017,0.8726992607116699,1.0773810148239136,2.3448190689086914,76.76440504602796,79.9181725196045,63.17763382202523,77.74621248245239,74.40160596752752,1638.9376764297485,10.745482921600342,0.5,0.0005,256,lr_0.0005_hc_256
177,6.171013832092285,2.0347752571105957,0.8615135550498962,1.0524020195007324,2.222322940826416,76.52574156154108,79.98636208660075,63.53562904875554,78.62632870674133,74.66851535090969,1649.9923086166382,10.4629487991333,0.5,0.0005,256,lr_0.0005_hc_256
178,6.227006912231445,2.0187230110168457,0.8464402556419373,1.0948386192321777,2.26700496673584,77.48039549948858,79.47494033412887,62.70030685305148,79.6333909034729,74.82225839753546,1660.8117425441742,10.22616457939148,0.5,0.0005,256,lr_0.0005_hc_256
179,6.164487838745117,2.0412111282348633,0.8605431318283081,1.0881251096725464,2.1746084690093994,77.12240027275826,79.52608250937607,64.62666212069553,77.85055041313171,74.78142382899038,1670.8986916542053,9.509677648544312,0.5,0.0005,256,lr_0.0005_hc_256
180,6.118873596191406,2.000786542892456,0.8909732699394226,1.0634263753890991,2.1636874675750732,76.47459938629389,80.5489260143198,64.66075690419366,79.2967438697815,75.24525654364722,1680.6108884811401,9.15430474281311,0.5,0.0005,256,lr_0.0005_hc_256
181,6.174964904785156,2.0466911792755127,0.8488665223121643,1.0931862592697144,2.186221122741699,77.27582679849982,80.03750426184794,64.74599386293896,79.25819158554077,75.32937912720688,1691.6031758785248,10.40996789932251,0.5,0.0005,256,lr_0.0005_hc_256
182,6.187430381774902,2.024731159210205,0.8437164425849915,1.0912671089172363,2.2277157306671143,77.46334810773952,79.76474599386295,64.47323559495398,79.05274629592896,75.18851899812134,1701.4990391731262,9.34746789932251,0.5,0.0005,256,lr_0.0005_hc_256
183,6.041672706604004,1.982550024986267,0.794829785823822,1.036961555480957,2.2273316383361816,78.31571769519263,80.5489260143198,63.92771905898398,77.34217643737793,75.03363480146858,1711.34827542305,9.291213512420654,0.5,0.0005,256,lr_0.0005_hc_256
184,6.108356475830078,2.0066258907318115,0.8411833643913269,1.0482861995697021,2.2122609615325928,77.2417320150017,80.22502557108763,64.42209341970678,78.8905382156372,75.19484730535834,1722.2524154186249,10.279054880142212,0.5,0.0005,256,lr_0.0005_hc_256
185,6.041515350341797,2.0553431510925293,0.7987686395645142,1.0452512502670288,2.1421523094177246,77.95772246846232,80.1909307875895,64.20047732696898,78.518545627594,75.2169190526537,1732.4309391975403,9.607775688171387,0.5,0.0005,256,lr_0.0005_hc_256
186,5.984987258911133,2.047137975692749,0.8176045417785645,1.0230610370635986,2.0971834659576416,78.31571769519263,80.71939993181043,65.5472212751449,77.9536485671997,75.63399686733692,1742.463585138321,9.454674243927002,0.5,0.0005,256,lr_0.0005_hc_256
187,6.133383750915527,2.049971580505371,0.8310168385505676,1.0344418287277222,2.21795392036438,77.46334810773952,80.8216842823048,64.14933515172179,78.59824895858765,75.25815412508844,1752.2999503612518,9.250811100006104,0.5,0.0005,256,lr_0.0005_hc_256
188,6.093263626098633,1.981890320777893,0.8161125779151917,1.0492805242538452,2.2459800243377686,78.12819638595295,80.42959427207637,64.26866689396522,77.2207260131836,75.01179589129454,1762.1397082805634,9.251036882400513,0.5,0.0005,256,lr_0.0005_hc_256
189,6.066659927368164,2.0198259353637695,0.8424882888793945,1.040364384651184,2.1639811992645264,77.05421070576202,80.44664166382543,64.28571428571429,79.15042638778687,75.23424826077215,1771.7113287448883,9.072189331054688,0.5,0.0005,256,lr_0.0005_hc_256
190,6.0066046714782715,1.9856483936309814,0.8190628886222839,1.0344421863555908,2.1674511432647705,77.39515854074327,79.96931469485169,65.2744630071599,79.82730865478516,75.61656122438501,1781.5526294708252,9.337840795516968,0.5,0.0005,256,lr_0.0005_hc_256
191,6.085080146789551,2.0463621616363525,0.8390249609947205,1.0435224771499634,2.156170129776001,77.61677463348107,79.61131946812138,64.18342993521992,78.12466621398926,74.8840475627029,1792.1430201530457,10.008530378341675,0.5,0.0005,256,lr_0.0005_hc_256
192,6.007668495178223,2.007495880126953,0.8143380880355835,1.030238151550293,2.1555960178375244,77.6508694169792,80.61711558131606,64.83123082168429,77.60710120201111,75.17657925549767,1802.493891954422,9.811522483825684,0.5,0.0005,256,lr_0.0005_hc_256
193,5.945559501647949,1.986168622970581,0.8003647923469543,1.027260661125183,2.131765127182007,77.61677463348107,80.34435731333106,66.14387998636208,79.69069480895996,75.94892668553355,1812.5664539337158,9.57020378112793,0.5,0.0005,256,lr_0.0005_hc_256
194,5.936637878417969,2.0376861095428467,0.8035014867782593,1.0329079627990723,2.062542200088501,77.9747698602114,80.73644732355949,66.04159563586771,78.63502502441406,75.84695946101317,1823.1145548820496,10.05734372138977,0.5,0.0005,256,lr_0.0005_hc_256
195,5.920584678649902,2.0289204120635986,0.7853208780288696,1.056842565536499,2.0495009422302246,77.68496420047732,80.25912035458575,66.72349130583021,78.31459641456604,75.74554306886483,1834.61372256279,10.98416781425476,0.5,0.0005,256,lr_0.0005_hc_256
196,5.941241264343262,2.033160924911499,0.8480436205863953,0.9971200823783875,2.0629165172576904,77.0201159222639,80.88987384930105,65.9052165018752,79.97759580612183,75.94820051989049,1844.8476374149323,9.663689613342285,0.5,0.0005,256,lr_0.0005_hc_256
197,6.130108833312988,2.154151678085327,0.7931603193283081,1.068168044090271,2.114629030227661,78.02591203545857,80.20797817933855,65.47903170814865,79.92657423019409,75.90987403828497,1854.1661727428436,8.805123567581177,0.5,0.0005,256,lr_0.0005_hc_256
198,5.94734525680542,2.047227621078491,0.8144773244857788,1.0238689184188843,2.0617713928222656,78.38390726218888,80.8216842823048,66.34844868735084,78.22881937026978,75.94571490052857,1863.8194315433502,9.124228477478027,0.5,0.0005,256,lr_0.0005_hc_256
199,5.856966972351074,2.01861834526062,0.8085459470748901,1.0208113193511963,2.0089914798736572,78.11114899420389,81.11148994203887,66.6382543470849,80.00802993774414,76.46723080526795,1873.385906457901,9.033631801605225,0.5,0.0005,256,lr_0.0005_hc_256
200,5.9023027420043945,2.056946039199829,0.7951698303222656,1.0456621646881104,2.0045244693756104,78.8782816229117,80.1909307875895,66.68939652233207,79.7497808933258,76.37709745653977,1883.2139127254486,9.292262077331543,0.5,0.0005,256,lr_0.0005_hc_256
201,5.980279445648193,2.0362024307250977,0.8407721519470215,1.0216423273086548,2.081662654876709,77.32696897374701,80.1909307875895,66.82577565632458,80.46289682388306,76.20164306038603,1894.6919884681702,10.976160764694214,0.5,0.0005,256,lr_0.0005_hc_256
202,5.811511993408203,2.09446120262146,0.7940005660057068,1.0061697959899902,1.9168802499771118,78.36685987043982,81.02625298329356,67.93385612001363,78.1152606010437,76.36055739369768,1904.8811507225037,9.704523086547852,0.5,0.0005,256,lr_0.0005_hc_256
203,5.776667594909668,2.013942241668701,0.8019785284996033,1.0354015827178955,1.9253451824188232,78.418002045687,80.85577906580293,67.40538697579271,79.2354941368103,76.47866555602323,1914.101770401001,8.726957559585571,0.5,0.0005,256,lr_0.0005_hc_256
204,5.870833396911621,2.013579845428467,0.8200433850288391,1.0384527444839478,1.9987571239471436,78.04295942720763,80.20797817933855,66.5018752130924,78.46922874450684,75.80551039103636,1923.2075490951538,8.611770868301392,0.5,0.0005,256,lr_0.0005_hc_256
205,5.848169326782227,1.965753197669983,0.7925987839698792,1.0431002378463745,2.046717405319214,77.88953290146607,80.5489260143198,66.9962495738152,79.50654029846191,76.23531219701576,1932.9144814014435,9.201971530914307,0.5,0.0005,256,lr_0.0005_hc_256
206,5.751543045043945,1.9360575675964355,0.7544876337051392,1.030798316001892,2.0301997661590576,78.8271394476645,80.41254688032731,66.39959086259802,79.99129295349121,76.40764253602026,1943.0920042991638,9.666282653808594,0.5,0.0005,256,lr_0.0005_hc_256
207,5.8701934814453125,2.0276870727539062,0.7761400938034058,1.0112313032150269,2.0551345348358154,79.35560859188544,80.5489260143198,66.19502216160927,77.90805101394653,76.00190194544027,1954.417313337326,10.78162407875061,0.5,0.0005,256,lr_0.0005_hc_256
208,5.806878089904785,2.0192370414733887,0.7459881901741028,0.9945988059043884,2.0470542907714844,79.49198772587795,80.90692124105013,66.3143539038527,79.95274066925049,76.66650088500782,1964.1978681087494,9.22413420677185,0.5,0.0005,256,lr_0.0005_hc_256
209,5.702892303466797,2.0051162242889404,0.7624814510345459,1.0408049821853638,1.8944898843765259,78.34981247869077,80.94101602454825,68.0872826457552,79.34074401855469,76.67971379188722,1973.2499346733093,8.54262089729309,0.5,0.0005,256,lr_0.0005_hc_256
210,5.704775333404541,2.0251963138580322,0.7539843916893005,0.975263774394989,1.9503307342529297,79.44084555063075,81.26491646778044,67.37129219229458,77.82875895500183,76.47645329142689,1982.3099193572998,8.534044027328491,0.5,0.0005,256,lr_0.0005_hc_256
211,5.813135147094727,2.0760140419006348,0.7603196501731873,0.9936655163764954,1.98313570022583,79.06580293215139,81.0092055915445,67.30310262529832,79.78476285934448,76.79071850208467,1991.7726097106934,8.961081504821777,0.5,0.0005,256,lr_0.0005_hc_256
212,5.801983833312988,2.0674924850463867,0.7691965103149414,1.0058836936950684,1.959411382675171,79.1510398908967,80.99215819979543,67.43948175929083,79.6914279460907,76.81852694901842,2000.7810587882996,8.50792908668518,0.5,0.0005,256,lr_0.0005_hc_256
213,5.647408485412598,2.0189568996429443,0.7477144598960876,1.0073766708374023,1.8733606338500977,79.1510398908967,81.48653256051824,68.70098874872144,78.52113246917725,76.96492341732841,2010.2648808956146,8.984506368637085,0.5,0.0005,256,lr_0.0005_hc_256
214,5.667437553405762,2.0060527324676514,0.7849695086479187,1.0236766338348389,1.8527387380599976,78.91237640640982,80.66825775656325,69.36583702693488,80.45299053192139,77.34986543045734,2020.8839657306671,10.109857559204102,0.5,0.0005,256,lr_0.0005_hc_256
215,5.667206764221191,1.9948155879974365,0.7586771845817566,1.0038434267044067,1.9098708629608154,79.1510398908967,81.3672008182748,68.39413569723833,79.53988313674927,77.11306488578977,2032.348967552185,10.95603322982788,0.5,0.0005,256,lr_0.0005_hc_256
216,5.569781303405762,2.059744119644165,0.7483351826667786,0.9749020934104919,1.7868000268936157,79.13399249914764,81.67405386975793,69.19536310944426,78.46922874450684,77.11815955571416,2042.3100247383118,9.464012622833252,0.5,0.0005,256,lr_0.0005_hc_256
217,5.544943809509277,2.0216927528381348,0.7010961174964905,1.0049129724502563,1.8172422647476196,80.65121036481419,81.0944425502898,68.78622570746676,79.09418940544128,77.406517007003,2051.920766353607,9.100219011306763,0.5,0.0005,256,lr_0.0005_hc_256
218,5.7022857666015625,2.103546619415283,0.7515171766281128,1.0262807607650757,1.8209407329559326,79.1510398908967,80.97511080804637,69.58745311967269,78.87558937072754,77.14729829733582,2061.323154449463,8.913898229598999,0.5,0.0005,256,lr_0.0005_hc_256
219,5.616604804992676,2.1270945072174072,0.7531885504722595,0.9733659029006958,1.762955904006958,79.81588816911012,81.7763382202523,70.30344357313331,78.60329151153564,77.62474036850784,2070.474616289139,8.632340908050537,0.5,0.0005,256,lr_0.0005_hc_256
220,5.63119649887085,2.0307013988494873,0.7357497811317444,1.0193830728530884,1.8453623056411743,80.00340947834981,80.78758949880668,68.70098874872144,78.87902855873108,77.09275407115226,2079.913789987564,8.90702509880066,0.5,0.0005,256,lr_0.0005_hc_256
221,5.57667875289917,2.0675439834594727,0.7085189819335938,0.9526808857917786,1.8479348421096802,80.05455165359699,81.62291169451073,69.36583702693488,79.07599806785583,77.52982461072462,2089.8492562770844,9.4255952835083,0.5,0.0005,256,lr_0.0005_hc_256
222,5.714623928070068,2.0787882804870605,0.712095320224762,0.9849526286125183,1.938787817955017,80.49778383907262,80.61711558131606,68.66689396522332,79.88244295120239,77.4160590842036,2099.786323785782,9.444271564483643,0.5,0.0005,256,lr_0.0005_hc_256
223,5.678256511688232,2.0473246574401855,0.7423592805862427,1.0000591278076172,1.8885136842727661,79.47494033412887,80.49778383907262,68.7691783157177,78.55464816093445,76.82413766246341,2110.635766506195,10.29918098449707,0.5,0.0005,256,lr_0.0005_hc_256
224,5.465592861175537,1.9596638679504395,0.7084386348724365,0.9516639709472656,1.8458263874053955,79.95226730310262,81.70814865325605,69.11012615069895,79.37712669372559,77.5369172001958,2120.865765810013,9.736093044281006,0.5,0.0005,256,lr_0.0005_hc_256
225,5.572286128997803,2.0790746212005615,0.7384618520736694,0.9554579854011536,1.7992918491363525,79.27037163314013,81.40129560177293,69.57040572792363,77.85723209381104,77.02482626416193,2133.025509595871,11.594383001327515,0.5,0.0005,256,lr_0.0005_hc_256
226,5.5222625732421875,2.060424566268921,0.6946301460266113,0.9900696277618408,1.7771384716033936,80.65121036481419,81.06034776679168,69.46812137742924,77.85110473632812,77.25769606134081,2142.6929330825806,9.128447771072388,0.5,0.0005,256,lr_0.0005_hc_256
227,5.464776992797852,2.0167293548583984,0.7036567330360413,0.9764880537986755,1.7679029703140259,80.22502557108763,81.5035799522673,69.99659052165019,80.74674606323242,78.11798552705939,2152.8274977207184,9.627818584442139,0.5,0.0005,256,lr_0.0005_hc_256
228,5.638059616088867,2.0642733573913574,0.7146991491317749,1.0039316415786743,1.855155348777771,79.38970337538358,81.11148994203887,69.26355267644051,79.4809341430664,77.31142003423234,2162.357761859894,9.019184112548828,0.5,0.0005,256,lr_0.0005_hc_256
229,5.58394718170166,2.065119504928589,0.7193253040313721,0.9951679110527039,1.8043341636657715,80.00340947834981,81.16263211728607,69.74087964541425,79.54797148704529,77.61372318202385,2171.9551067352295,9.095103740692139,0.5,0.0005,256,lr_0.0005_hc_256
230,5.524884223937988,2.031668186187744,0.7184703946113586,1.006221055984497,1.7685246467590332,80.27616774633482,80.90692124105013,69.89430617115582,77.58079767227173,77.16454820770312,2181.5819108486176,9.116837978363037,0.5,0.0005,256,lr_0.0005_hc_256
231,5.481752395629883,2.0077481269836426,0.6953086256980896,0.9963502883911133,1.7823454141616821,80.27616774633482,80.92396863279919,69.72383225366518,80.12862205505371,77.76314767196322,2191.5245609283447,9.43433165550232,0.5,0.0005,256,lr_0.0005_hc_256
232,5.533657073974609,2.03245210647583,0.675514817237854,1.0151532888412476,1.8105368614196777,80.68530514831231,80.20797817933855,69.68973747016707,77.77903079986572,77.0905128994209,2201.358229637146,9.301720380783081,0.5,0.0005,256,lr_0.0005_hc_256
233,5.59346866607666,2.0750439167022705,0.6996277570724487,1.0166330337524414,1.8021643161773682,80.24207296283669,81.02625298329356,70.55915444936925,79.9030065536499,77.93262173728735,2211.989940881729,10.123401403427124,0.5,0.0005,256,lr_0.0005_hc_256
234,5.499329566955566,2.000615358352661,0.6984209418296814,1.01723051071167,1.7830625772476196,80.25912035458575,81.52062734401636,70.04773269689738,79.43012118339539,77.81440039472372,2222.8453829288483,10.334873914718628,0.5,0.0005,256,lr_0.0005_hc_256
235,5.417692184448242,2.0063955783843994,0.7105040550231934,0.98382169008255,1.7169709205627441,80.08864643709512,81.65700647800887,70.52505966587113,78.05763483047485,77.5820868528625,2236.8703713417053,13.42332410812378,0.5,0.0005,256,lr_0.0005_hc_256
236,5.444735050201416,2.051032304763794,0.7055571675300598,0.9748269319534302,1.7133187055587769,80.44664166382543,81.9127173542448,71.41152403682237,80.80527782440186,78.64404021982362,2251.2876131534576,13.854912996292114,0.5,0.0005,256,lr_0.0005_hc_256
237,5.497891426086426,2.0496301651000977,0.7269729971885681,0.9845091700553894,1.736778736114502,80.02045687009888,81.29901125127856,71.10467098533924,78.49482893943787,77.72974201153863,2262.4671614170074,10.565303802490234,0.5,0.0005,256,lr_0.0005_hc_256
238,5.512075901031494,2.1472301483154297,0.6920633316040039,0.9748638868331909,1.6979185342788696,80.5489260143198,81.41834299352199,71.71837708830549,77.2603690624237,77.73650378964274,2272.8557422161102,9.85110068321228,0.5,0.0005,256,lr_0.0005_hc_256
239,5.3548173904418945,1.9675211906433105,0.6926229596138,0.96516352891922,1.7295098304748535,81.06034776679168,82.06614387998637,69.89430617115582,79.53011989593506,78.13772942846724,2283.7207703590393,10.31453275680542,0.5,0.0005,256,lr_0.0005_hc_256
240,5.440442085266113,2.068422794342041,0.7011885046958923,0.9735440611839294,1.69728684425354,80.600068189567,81.19672690078417,71.51380838731673,76.8689513206482,77.54488869957903,2293.8237080574036,9.567942142486572,0.5,0.0005,256,lr_0.0005_hc_256
241,5.334546089172363,2.0136334896087646,0.7055962681770325,0.9516732692718506,1.66364324092865,80.05455165359699,81.75929082850324,71.59904534606206,77.81145572662354,77.80608588869646,2305.7553627490997,11.422433376312256,0.5,0.0005,256,lr_0.0005_hc_256
242,5.469245433807373,2.1538751125335693,0.7095611691474915,0.9595344066619873,1.6462749242782593,79.66246164336856,81.75929082850324,71.87180361404705,77.76063680648804,77.76354822310172,2317.6985778808594,11.332115411758423,0.5,0.0005,256,lr_0.0005_hc_256
243,5.3551201820373535,2.0275228023529053,0.6940690279006958,0.9755005836486816,1.6580277681350708,81.12853733378793,81.19672690078417,71.10467098533924,78.65846157073975,78.02209919766277,2329.87477517128,11.624508619308472,0.5,0.0005,256,lr_0.0005_hc_256
244,5.48492431640625,2.1029231548309326,0.6936203837394714,0.9552397131919861,1.7331411838531494,80.600068189567,81.79338561200137,71.70132969655643,80.76512813568115,78.71497790845149,2341.732842683792,11.299500942230225,0.5,0.0005,256,lr_0.0005_hc_256
245,5.317008018493652,2.0098214149475098,0.6956000924110413,0.9696792364120483,1.6419072151184082,80.17388339584043,82.01500170473918,71.97408796454143,78.84947061538696,78.253110920127,2354.181786298752,11.918982028961182,0.5,0.0005,256,lr_0.0005_hc_256
246,5.4654154777526855,2.080373525619507,0.6614808440208435,0.9347624778747559,1.7887985706329346,81.0092055915445,81.82748039549949,70.91714967609956,77.64853239059448,77.85059201343451,2366.500260591507,11.591898441314697,0.5,0.0005,256,lr_0.0005_hc_256
247,5.310715675354004,1.9771206378936768,0.6831660270690918,0.9692222476005554,1.6812065839767456,81.0944425502898,81.43539038527106,71.37742925332424,78.61989736557007,78.1317898886138,2379.6635127067566,12.577986240386963,0.5,0.0005,256,lr_0.0005_hc_256
248,5.32003116607666,2.0058610439300537,0.6551711559295654,0.9275081753730774,1.7314908504486084,81.04330037504262,82.4070917149676,70.8489601091033,78.15531492233276,78.11366678036158,2393.2146332263947,12.982189416885376,0.5,0.0005,256,lr_0.0005_hc_256
249,5.441195011138916,2.089221715927124,0.6955864429473877,0.9765957593917847,1.67979097366333,80.20797817933855,81.2308216842823,71.82066143879986,78.55573296546936,77.95379856697252,2406.3259851932526,12.54328179359436,0.5,0.0005,256,lr_0.0005_hc_256
250,5.460320949554443,2.0983736515045166,0.699154794216156,0.9703539609909058,1.6924384832382202,81.0092055915445,81.82748039549949,72.0763723150358,78.25982570648193,78.29322100214043,2418.814206123352,11.879098653793335,0.5,0.0005,256,lr_0.0005_hc_256
251,5.334489822387695,2.0193850994110107,0.6940463781356812,0.9648706316947937,1.6561880111694336,80.78758949880668,81.86157517899761,71.854756222298,79.520583152771,78.5061260132183,2431.2348663806915,11.838221549987793,0.5,0.0005,256,lr_0.0005_hc_256
252,5.254025459289551,2.052725076675415,0.6795442700386047,0.9578145146369934,1.5639419555664062,81.53767473576544,81.52062734401636,72.55369928400954,79.49606776237488,78.77701728154155,2444.1189963817596,12.281128644943237,0.5,0.0005,256,lr_0.0005_hc_256
253,5.296385765075684,2.030128002166748,0.6609809994697571,0.9872209429740906,1.618055820465088,81.53767473576544,81.12853733378793,71.581997954313,79.83201742172241,78.5200568613972,2457.8252115249634,13.014287948608398,0.5,0.0005,256,lr_0.0005_hc_256
254,5.342007637023926,2.0933139324188232,0.6543808579444885,0.9528674483299255,1.6414451599121094,81.38424821002387,81.99795431299012,72.16160927378111,79.77684736251831,78.83016478982834,2471.064482688904,12.645081996917725,0.5,0.0005,256,lr_0.0005_hc_256
255,5.303093433380127,2.0332517623901367,0.6515266299247742,0.9525238275527954,1.6657911539077759,81.87862257074667,81.45243777702011,71.83770883054893,79.37930226325989,78.6370178603939,2483.3490126132965,11.742561101913452,0.5,0.0005,256,lr_0.0005_hc_256
256,5.328032970428467,2.070786714553833,0.6625811457633972,0.9658722281455994,1.628792643547058,81.46948516876917,81.29901125127856,71.78656665530174,80.41009902954102,78.74129052622261,2495.369453191757,11.415122032165527,0.5,0.0005,256,lr_0.0005_hc_256
257,5.380528926849365,2.0285377502441406,0.6720070838928223,0.9555127620697021,1.7244714498519897,81.5035799522673,81.94681213774292,71.5308557790658,78.76622080802917,78.4368671692763,2507.615877866745,11.674544095993042,0.5,0.0005,256,lr_0.0005_hc_256
258,5.273194789886475,2.0484375953674316,0.6267271041870117,0.9461866617202759,1.651843547821045,82.1854756222298,80.97511080804637,72.38322536651893,79.77684736251831,78.83016478982834,2520.5918991565704,12.229957103729248,0.5,0.0005,256,lr_0.0005_hc_256
259,5.200864791870117,2.0582003593444824,0.6336598992347717,0.9370135068893433,1.571991205215454,82.11728605523355,81.75929082850324,72.79236276849642,78.24469208717346,78.72840793485166,2530.8697214126587,9.728216886520386,0.5,0.0005,256,lr_0.0005_hc_256
260,5.29617977142334,2.1033291816711426,0.617769718170166,0.9176501035690308,1.657430648803711,82.39004432321855,82.62870780770542,72.40027275826797,79.48815822601318,79.22679577880129,2539.852162361145,8.482713222503662,0.5,0.0005,256,lr_0.0005_hc_256
261,5.205545902252197,2.100926399230957,0.6350660920143127,0.9226109981536865,1.5469425916671753,82.16842823048074,82.11728605523355,73.01397886123424,76.7164945602417,78.50404692679756,2548.9037919044495,8.556925535202026,0.5,0.0005,256,lr_0.0005_hc_256
262,5.292031288146973,2.0705254077911377,0.6609241366386414,0.9419264793395996,1.6186553239822388,81.46948516876917,82.16842823048074,72.72417320150018,79.81541156768799,79.04437454210952,2557.9287328720093,8.533772230148315,0.5,0.0005,256,lr_0.0005_hc_256
263,5.2273454666137695,2.0456795692443848,0.6535532474517822,0.8994031548500061,1.6287094354629517,81.74224343675418,82.44118649846574,72.46846232526424,80.70205450057983,79.338486690266,2566.9809942245483,8.537744760513306,0.5,0.0005,256,lr_0.0005_hc_256
264,5.246696949005127,2.088963508605957,0.6559565663337708,0.9481878876686096,1.5535889863967896,81.84452778724855,82.13433344698261,73.67882713944766,79.5598566532135,79.30438625672309,2575.940116405487,8.473631143569946,0.5,0.0005,256,lr_0.0005_hc_256
265,5.212662220001221,2.0418126583099365,0.6886419057846069,0.9504134654998779,1.5317943096160889,80.5489260143198,82.0490964882373,73.69587453119672,78.87073159217834,78.79115715648304,2585.0581934452057,8.617566585540771,0.5,0.0005,256,lr_0.0005_hc_256
266,5.287802219390869,2.1020281314849854,0.6730900406837463,0.9671433568000793,1.5455408096313477,80.90692124105013,82.16842823048074,73.15035799522673,80.04319667816162,79.0672260362298,2594.396600008011,8.83812689781189,0.5,0.0005,256,lr_0.0005_hc_256
267,5.163241386413574,2.0611469745635986,0.6655697822570801,0.91545569896698,1.5210689306259155,80.66825775656325,82.03204909648824,73.11626321172861,80.44074773788452,79.06432945066615,2603.340610265732,8.448798656463623,0.5,0.0005,256,lr_0.0005_hc_256
268,5.242016792297363,2.083423137664795,0.6936656832695007,0.9115846157073975,1.5533432960510254,80.70235254006137,82.37299693146949,73.26968973747017,78.54960560798645,78.72366120424688,2612.569081068039,8.720708847045898,0.5,0.0005,256,lr_0.0005_hc_256
269,5.258708953857422,2.109809398651123,0.6649900674819946,0.9010242223739624,1.582885503768921,80.73644732355949,82.54347084896011,73.13331060347767,80.33406734466553,79.18682403016571,2621.624116897583,8.537528991699219,0.5,0.0005,256,lr_0.0005_hc_256
270,5.156381130218506,2.055424928665161,0.6605941653251648,0.9246749877929688,1.5156868696212769,81.40129560177293,81.86157517899761,73.47425843845892,80.74495792388916,79.37052178577966,2630.634048461914,8.515191555023193,0.5,0.0005,256,lr_0.0005_hc_256
271,5.141935348510742,2.0722219944000244,0.6415330171585083,0.8889822363853455,1.5391979217529297,81.45243777702011,83.0037504261848,73.62768496420048,78.69701981544495,79.19522324571258,2639.594050168991,8.456265449523926,0.5,0.0005,256,lr_0.0005_hc_256
272,5.154561996459961,1.9508570432662964,0.6544833779335022,0.9298256635665894,1.6193954944610596,81.81043300375043,82.57756563245823,73.01397886123424,79.69934344291687,79.27533023508995,2648.6338222026825,8.54075002670288,0.5,0.0005,256,lr_0.0005_hc_256
273,5.138909339904785,2.053983688354492,0.6276228427886963,0.9190088510513306,1.5382939577102661,82.20252301397886,82.71394476645074,73.81520627344015,78.86568903923035,79.39934077327501,2658.269462108612,9.118979692459106,0.5,0.0005,256,lr_0.0005_hc_256
274,5.146430492401123,2.1149392127990723,0.6463521122932434,0.9294509291648865,1.455688238143921,81.99795431299012,82.47528128196386,74.95738152062734,77.44238376617432,79.21825022043892,2667.28972864151,8.517757415771484,0.5,0.0005,256,lr_0.0005_hc_256
275,5.2792887687683105,2.0828936100006104,0.6325716376304626,0.9054574370384216,1.658366084098816,82.44118649846574,82.20252301397886,73.26968973747017,79.50724363327026,79.35516072079625,2676.304482460022,8.498269319534302,0.5,0.0005,256,lr_0.0005_hc_256
276,5.1626482009887695,2.128391742706299,0.6267787218093872,0.9439136385917664,1.4635642766952515,82.4070917149676,81.84452778724855,74.01977497442891,79.9858808517456,79.56431883209767,2685.32612657547,8.500316619873047,0.5,0.0005,256,lr_0.0005_hc_256
277,5.172433853149414,2.1005141735076904,0.6074143052101135,0.9597924947738647,1.5047131776809692,82.30480736447323,82.4070917149676,73.9345380156836,80.36845922470093,79.75372407995634,2694.49308180809,8.67296314239502,0.5,0.0005,256,lr_0.0005_hc_256
278,5.106716156005859,2.030348539352417,0.619775652885437,0.9425684809684753,1.5140233039855957,82.15138083873167,82.4582338902148,74.65052846914422,80.28216361999512,79.88557670452145,2703.5761620998383,8.569347381591797,0.5,0.0005,256,lr_0.0005_hc_256
279,5.092137813568115,2.0881056785583496,0.6345768570899963,0.887539267539978,1.4819159507751465,82.08319127173542,82.4070917149676,74.56529151039891,80.23242950439453,79.82200100037412,2712.5808234214783,8.503206253051758,0.5,0.0005,256,lr_0.0005_hc_256
280,4.992682933807373,2.0656256675720215,0.6104714274406433,0.8838937282562256,1.432692050933838,83.02079781793385,82.93556085918854,75.2983293556086,80.32701015472412,80.39542454686378,2721.529933691025,8.462475299835205,0.5,0.0005,256,lr_0.0005_hc_256
281,5.0086469650268555,2.0483477115631104,0.5812854766845703,0.9079489707946777,1.4710646867752075,82.76508694169792,83.17422434367542,74.73576542788953,81.12623691558838,80.45032840721281,2730.495483636856,8.479772090911865,0.5,0.0005,256,lr_0.0005_hc_256
282,5.044268608093262,2.0417346954345703,0.608335554599762,0.8734686374664307,1.520729899406433,82.16842823048074,82.96965564268667,74.51414933515173,78.83542776107788,79.62191524234925,2739.656461238861,8.658255100250244,0.5,0.0005,256,lr_0.0005_hc_256
283,5.09083366394043,2.0639798641204834,0.609063982963562,0.8981277942657471,1.5196620225906372,82.74803954994886,82.95260825093762,74.05386975792703,81.03129863739014,80.19645404905091,2748.916963338852,8.759423732757568,0.5,0.0005,256,lr_0.0005_hc_256
284,5.210481643676758,2.088927984237671,0.6418365240097046,0.9290152192115784,1.5507023334503174,81.86157517899761,82.64575519945448,73.76406409819297,78.95832061767578,79.30742877358021,2757.8837752342224,8.462493658065796,0.5,0.0005,256,lr_0.0005_hc_256
285,5.013391971588135,2.042576789855957,0.6224851012229919,0.8967701196670532,1.4515600204467773,82.01500170473918,82.83327650869417,74.44595976815546,78.57916355133057,79.46835038322983,2767.0637946128845,8.652344465255737,0.5,0.0005,256,lr_0.0005_hc_256
286,5.108236312866211,2.0738821029663086,0.6298131346702576,0.9126861691474915,1.4918550252914429,82.50937606546198,82.85032390044323,74.19024889191954,78.73162031173706,79.57039229239045,2776.1600906848907,8.601914882659912,0.5,0.0005,256,lr_0.0005_hc_256
287,5.065031051635742,2.0698840618133545,0.6266546249389648,0.8968682289123535,1.4716243743896484,82.25366518922604,82.62870780770542,73.76406409819297,79.15655374526978,79.45074771009855,2786.342875957489,9.664802312850952,0.5,0.0005,256,lr_0.0005_hc_256
288,5.128770351409912,2.0772275924682617,0.6309551000595093,0.9567582607269287,1.4638291597366333,82.1854756222298,81.62291169451073,74.30958063416297,78.68584394454956,79.20095297386327,2795.3504705429077,8.522765636444092,0.5,0.0005,256,lr_0.0005_hc_256
289,5.028489112854004,2.062566041946411,0.6431455612182617,0.9342373013496399,1.3885400295257568,81.89566996249575,82.13433344698261,75.21309239686327,78.54960560798645,79.44817535358202,2804.284453868866,8.45848798751831,0.5,0.0005,256,lr_0.0005_hc_256
290,5.106531143188477,2.087437152862549,0.6220925450325012,0.9433296918869019,1.453672170639038,82.49232867371292,81.86157517899761,75.36651892260484,79.24919128417969,79.74240351487376,2813.258826971054,8.462766170501709,0.5,0.0005,256,lr_0.0005_hc_256
291,5.023282051086426,2.0872511863708496,0.6198461651802063,0.9100551605224609,1.4061297178268433,81.9127173542448,82.54347084896011,75.19604500511421,79.84892129898071,79.87528862682495,2822.3622562885284,8.602372884750366,0.5,0.0005,256,lr_0.0005_hc_256
292,4.998425483703613,2.113621711730957,0.5980504751205444,0.9094734191894531,1.37727952003479,82.74803954994886,82.42413910671668,75.3835663143539,79.38721776008606,79.98574068277637,2831.4159400463104,8.541027784347534,0.5,0.0005,256,lr_0.0005_hc_256
293,4.98525857925415,2.0740294456481934,0.5816818475723267,0.8903364539146423,1.4392110109329224,82.91851346743948,82.86737129219229,74.6164336856461,79.81936931610107,80.05542194034474,2840.5808506011963,8.659089088439941,0.5,0.0005,256,lr_0.0005_hc_256
294,4.874184608459473,1.9823575019836426,0.5974704027175903,0.8739570379257202,1.4203996658325195,82.56051824070917,83.37879304466416,75.34947153085578,81.10356330871582,80.59808653123623,2849.627074956894,8.526489019393921,0.5,0.0005,256,lr_0.0005_hc_256
295,5.065831661224365,2.0902678966522217,0.6228145360946655,0.9023368954658508,1.450412631034851,82.32185475622231,83.4128878281623,74.78690760313673,76.9940197467804,79.37891748357544,2858.7121925354004,8.576342105865479,0.5,0.0005,256,lr_0.0005_hc_256
296,4.924029350280762,2.081699848175049,0.5947484374046326,0.8654497861862183,1.3821308612823486,82.15138083873167,83.42993521991136,75.12785543811796,78.77017855644226,79.86983751330081,2867.657292842865,8.465516805648804,0.5,0.0005,256,lr_0.0005_hc_256
297,4.946859359741211,2.0563249588012695,0.6098434925079346,0.9073855876922607,1.3733055591583252,82.49232867371292,82.59461302420729,76.0654619843164,80.58400750160217,80.43410279595969,2876.772184610367,8.611847639083862,0.5,0.0005,256,lr_0.0005_hc_256
298,4.935563564300537,2.055424928665161,0.6188491582870483,0.9184592366218567,1.3428303003311157,82.1854756222298,82.69689737470168,76.81554722127515,80.71105480194092,80.60224375503688,2885.952461719513,8.673732042312622,0.5,0.0005,256,lr_0.0005_hc_256
299,4.9945969581604,2.079641580581665,0.6274672150611877,0.9191642999649048,1.368323802947998,82.42413910671668,82.76508694169792,75.43470848960109,79.25927639007568,79.97080273202283,2894.991838693619,8.511177062988281,0.5,0.0005,256,lr_0.0005_hc_256
300,4.875358581542969,2.0053350925445557,0.587169885635376,0.9267917275428772,1.3560620546340942,83.14012956017729,82.62870780770542,75.23013978861233,79.4748067855835,80.11844598551964,2903.9272558689117,8.432202577590942,0.5,0.0005,256,lr_0.0005_hc_256
1,11.320545196533203,3.10483717918396,1.42975914478302,1.4381269216537476,5.347821235656738,40.112512785543814,62.44459597681554,12.001363791339925,94.16286945343018,52.18033550178236,2.078130006790161,2.078130006790161,0.995,0.0001,64,lr_0.0001_hc_64
2,11.303482055664062,3.0980467796325684,1.4300084114074707,1.4368473291397095,5.338579177856445,40.79440845550631,63.194681213774295,11.506989430617114,93.93507838249207,52.35778937059745,4.068310260772705,1.9268064498901367,0.990025,0.0001,64,lr_0.0001_hc_64
3,11.322212219238281,3.1238269805908203,1.4240137338638306,1.4381186962127686,5.336253643035889,40.81145584725537,63.109444255028976,11.88203204909649,93.45102310180664,52.31348881329687,6.122108221054077,1.9906930923461914,0.985074875,0.0001,64,lr_0.0001_hc_64
4,11.352916717529297,3.1047916412353516,1.4211055040359497,1.4406605958938599,5.386358737945557,40.98192976474599,62.257074667575864,10.82509376065462,94.56150531768799,52.15640087766611,8.295550107955933,2.125507354736328,0.9801495006250001,0.0001,64,lr_0.0001_hc_64
5,11.327130317687988,3.103731393814087,1.4244940280914307,1.4305446147918701,5.36836051940918,39.94203886805319,62.615069894306174,12.32526423457211,94.04897689819336,52.2328374737812,10.538523197174072,2.1797688007354736,0.9752487531218751,0.0001,64,lr_0.0001_hc_64
6,11.36650562286377,3.0541586875915527,1.4394733905792236,1.4512786865234375,5.421594619750977,41.05011933174224,62.90487555404023,11.012615069894306,93.93507838249207,52.22567208454221,12.517390251159668,1.9152421951293945,0.9703725093562657,0.0001,64,lr_0.0001_hc_64
7,11.469842910766602,3.124089479446411,1.4407206773757935,1.4622029066085815,5.442829608917236,40.96488237299693,62.49573815206273,10.944425502898056,93.59339475631714,51.999610196068716,14.482102394104004,1.9079279899597168,0.9655206468094844,0.0001,64,lr_0.0001_hc_64
8,11.374724388122559,3.054569959640503,1.4317013025283813,1.4534060955047607,5.435047149658203,41.442209341970674,62.853733378793045,11.302420729628366,93.96355152130127,52.39047874292334,16.45716118812561,1.9090542793273926,0.960693043575437,0.0001,64,lr_0.0001_hc_64
9,11.46954345703125,3.1271584033966064,1.4450783729553223,1.4555754661560059,5.441730976104736,40.60688714626662,62.76849642004774,11.217183770883054,93.16628575325012,51.93971327261189,18.427579164505005,1.9072306156158447,0.9558895783575597,0.0001,64,lr_0.0001_hc_64
10,11.46493148803711,3.141007661819458,1.4445278644561768,1.4496620893478394,5.429734230041504,41.39106716672349,62.717354244800546,12.03545857483805,94.07745003700256,52.555332505841164,20.44291067123413,1.9486591815948486,0.9511101304657719,0.0001,64,lr_0.0001_hc_64
11,11.482292175292969,3.08500337600708,1.458796501159668,1.4577828645706177,5.480709552764893,40.572792362768496,62.76849642004774,11.660415956358678,94.33371424674988,52.3338547464812,22.408872604370117,1.9024901390075684,0.946354579813443,0.0001,64,lr_0.0001_hc_64
12,11.570941925048828,3.1980762481689453,1.4505119323730469,1.459152102470398,5.463201522827148,40.81145584725537,63.17763382202523,11.097852028639618,94.19134259223938,52.31957107253991,24.379122018814087,1.9062135219573975,0.9416228069143757,0.0001,64,lr_0.0001_hc_64
13,11.55439281463623,3.0820207595825195,1.4736409187316895,1.4719129800796509,5.52681827545166,40.89669280600069,62.9219229457893,11.592226389362427,94.8177695274353,52.55715291714693,26.47658944129944,2.0340728759765625,0.9369146928798039,0.0001,64,lr_0.0001_hc_64
14,11.548839569091797,3.075390577316284,1.475190281867981,1.47416353225708,5.524095058441162,40.436413228776,62.9219229457893,11.31946812137743,94.4476068019867,52.28135277448236,28.698872804641724,2.151087760925293,0.9322301194154049,0.0001,64,lr_0.0001_hc_64
15,11.5396089553833,3.0662522315979004,1.463943600654602,1.4668121337890625,5.542601108551025,40.50460279577225,63.126491646778035,11.370610296624617,92.79612898826599,51.94945843186023,30.823173761367798,2.060803174972534,0.9275689688183278,0.0001,64,lr_0.0001_hc_64
16,11.54301643371582,3.0398948192596436,1.4723020792007446,1.4971754550933838,5.533644199371338,40.48755540402318,62.30821684282305,11.711558131605864,94.6469247341156,52.28856377814193,32.806902170181274,1.9202766418457031,0.9229311239742362,0.0001,64,lr_0.0001_hc_64
17,11.671252250671387,3.118870973587036,1.4815045595169067,1.4869022369384766,5.583974361419678,40.913740197749746,62.7855438117968,11.131946812137743,94.07745003700256,52.227170214671716,34.77177023887634,1.9142653942108154,0.918316468354365,0.0001,64,lr_0.0001_hc_64
18,11.708161354064941,3.154372215270996,1.4869589805603027,1.4918676614761353,5.574962615966797,41.067166723491304,62.90487555404023,11.694510739856803,93.76423358917236,52.35769665164018,36.73461699485779,1.8869860172271729,0.9137248860125932,0.0001,64,lr_0.0001_hc_64
19,11.732890129089355,3.174412250518799,1.48137629032135,1.4760054349899292,5.601096153259277,40.58983975451756,63.14353903852711,11.575178997613365,94.96013522148132,52.56717325303484,38.788137435913086,1.9900016784667969,0.9091562615825302,0.0001,64,lr_0.0001_hc_64
20,11.682602882385254,3.099513053894043,1.4943243265151978,1.496506690979004,5.592258930206299,41.8854415274463,63.41629730651211,11.76270030685305,94.13439631462097,52.79970886385811,40.81851673126221,1.9669218063354492,0.9046104802746175,0.0001,64,lr_0.0001_hc_64
21,11.766870498657227,3.1362287998199463,1.4889945983886719,1.4983655214309692,5.643281936645508,40.77736106375725,62.990112512785544,11.387657688373679,94.04897689819336,52.301027040777456,42.79371500015259,1.9118709564208984,0.9000874278732445,0.0001,64,lr_0.0001_hc_64
22,11.70982551574707,3.0529422760009766,1.5218632221221924,1.5078223943710327,5.627197265625,40.197749744289126,62.49573815206273,10.978520286396181,94.6469247341156,52.079733229215904,45.085976123809814,2.2290148735046387,0.8955869907338783,0.0001,64,lr_0.0001_hc_64
23,11.718887329101562,3.0849530696868896,1.5148526430130005,1.5000275373458862,5.619053363800049,40.89669280600069,62.734401636549606,12.086600750085237,93.79271268844604,52.37760197027039,47.18445181846619,2.025779962539673,0.8911090557802088,0.0001,64,lr_0.0001_hc_64
24,11.791610717773438,3.080355405807495,1.510520100593567,1.5137174129486084,5.687017917633057,41.18649846573474,63.194681213774295,11.18308898738493,94.33371424674988,52.474495728410965,49.171133518218994,1.9227244853973389,0.8866535105013078,0.0001,64,lr_0.0001_hc_64
25,11.976265907287598,3.1926043033599854,1.5069031715393066,1.5238453149795532,5.752912998199463,40.84555063075349,62.70030685305148,10.978520286396181,93.08086633682251,51.90131102675593,51.15570950508118,1.9209120273590088,0.8822202429488013,0.0001,64,lr_0.0001_hc_64
26,11.801675796508789,3.0603597164154053,1.521095633506775,1.5058107376098633,5.714409351348877,40.24889191953631,63.05830207978179,11.336515513126491,93.19475889205933,51.95961710112598,53.168771505355835,1.949613332748413,0.8778091417340573,0.0001,64,lr_0.0001_hc_64
27,11.86729621887207,3.0790023803710938,1.5305767059326172,1.5379427671432495,5.719773769378662,40.94783498124787,62.66621206955336,11.984316399590861,93.22323799133301,52.20540036043128,55.19770359992981,1.976881504058838,0.8734200960253871,0.0001,64,lr_0.0001_hc_64
28,11.996196746826172,3.079099416732788,1.546889305114746,1.5386369228363037,5.831571102142334,40.98192976474599,62.9219229457893,10.995567678145242,94.70387101173401,52.40082285010364,57.21574521064758,1.9607737064361572,0.8690529955452602,0.0001,64,lr_0.0001_hc_64
29,11.914510726928711,3.0380473136901855,1.538760781288147,1.5367203950881958,5.8009819984436035,40.64098192976475,62.68325946130242,11.47289464711899,93.33713054656982,52.03356664618899,59.19542741775513,1.9216878414154053,0.8647077305675338,0.0001,64,lr_0.0001_hc_64
30,12.047754287719727,3.1831607818603516,1.5396723747253418,1.5367059707641602,5.788215160369873,41.23764064098193,63.05830207978179,11.67746334810774,93.19475889205933,52.2920412402327,61.20176982879639,1.9362385272979736,0.8603841919146962,0.0001,64,lr_0.0001_hc_64
31,11.905181884765625,3.0014781951904297,1.5514662265777588,1.534272313117981,5.817965507507324,40.65802932151381,62.274122059324924,11.04670985339243,95.38724422454834,52.34152636469487,63.18292808532715,1.9178836345672607,0.8560822709551227,0.0001,64,lr_0.0001_hc_64
32,12.074581146240234,3.188119888305664,1.5375717878341675,1.550893783569336,5.797995567321777,41.47630412546881,62.546880327309914,11.9672690078418,94.30524110794067,52.573923642140294,65.1287305355072,1.8831689357757568,0.851801859600347,0.0001,64,lr_0.0001_hc_64
33,12.22854232788086,3.2092316150665283,1.5681421756744385,1.572721004486084,5.87844705581665,40.436413228776,61.575178997613364,11.524036822366178,94.36218738555908,51.97445410857866,67.09830284118652,1.906372308731079,0.8475428503023453,0.0001,64,lr_0.0001_hc_64
34,12.180814743041992,3.116422414779663,1.5762650966644287,1.5716291666030884,5.91649866104126,39.83975451755881,62.46164336856461,11.813842482100238,94.27676200866699,52.09800059422267,69.14627885818481,1.9846532344818115,0.8433051360508336,0.0001,64,lr_0.0001_hc_64
35,12.199329376220703,3.1483943462371826,1.5759280920028687,1.5703755617141724,5.9046311378479,40.913740197749746,62.853733378793045,11.592226389362427,95.41571736335754,52.693854332315695,71.20539593696594,1.9812757968902588,0.8390886103705794,0.0001,64,lr_0.0001_hc_64
36,12.221722602844238,3.136716842651367,1.5819323062896729,1.5585278272628784,5.944545745849609,39.94203886805319,62.42754858506648,10.944425502898056,94.33371424674988,51.9119318006919,73.27921104431152,2.00825834274292,0.8348931673187264,0.0001,64,lr_0.0001_hc_64
37,12.30897331237793,3.178426742553711,1.5927841663360596,1.5754995346069336,5.962263584136963,40.79440845550631,62.49573815206273,11.489942038868053,95.01708745956421,52.449294026500326,75.2754716873169,1.9334053993225098,0.8307187014821328,0.0001,64,lr_0.0001_hc_64
38,12.23682689666748,3.1637725830078125,1.583070993423462,1.5768190622329712,5.9131646156311035,39.90794408455506,62.29116945107399,11.404705080122742,94.27676200866699,51.9701451561047,77.248690366745,1.9097797870635986,0.8265651079747222,0.0001,64,lr_0.0001_hc_64
39,12.38448715209961,3.2124032974243164,1.589444637298584,1.5852835178375244,5.9973554611206055,41.32287759972724,63.34810773951586,11.643368564609615,94.4476068019867,52.69049017645986,79.27024865150452,1.9579668045043945,0.8224322824348486,0.0001,64,lr_0.0001_hc_64
40,12.30758285522461,3.228261947631836,1.5711883306503296,1.5835285186767578,5.9246039390563965,41.45925673371974,63.194681213774295,12.291169451073985,94.6469247341156,52.89800803317091,81.27814531326294,1.9446079730987549,0.8183201210226743,0.0001,64,lr_0.0001_hc_64
41,12.371471405029297,3.157052755355835,1.5818142890930176,1.5901000499725342,6.042503833770752,41.442209341970674,62.393453801568356,11.60927378111149,94.78929042816162,52.55855683820303,83.31144309043884,1.960108757019043,0.8142285204175609,0.0001,64,lr_0.0001_hc_64
42,12.484930038452148,3.2429580688476562,1.5920451879501343,1.6033507585525513,6.046576499938965,41.47630412546881,62.632117286055234,11.558131605864302,94.19134259223938,52.46447390240693,85.55555295944214,2.17864990234375,0.810157377815473,0.0001,64,lr_0.0001_hc_64
43,12.435616493225098,3.113990545272827,1.6234724521636963,1.615444540977478,6.082708835601807,40.726218888510054,62.717354244800546,11.353562904875554,93.67881417274475,52.11898755273272,87.70020270347595,2.072244167327881,0.8061065909263957,0.0001,64,lr_0.0001_hc_64
44,12.60969352722168,3.2959535121917725,1.625160813331604,1.6050946712493896,6.083484172821045,40.65802932151381,62.44459597681554,11.864984657347426,94.8177695274353,52.44634487077802,89.70170211791992,1.947659969329834,0.8020760579717637,0.0001,64,lr_0.0001_hc_64
45,12.420827865600586,3.0671238899230957,1.6364632844924927,1.625333547592163,6.091907978057861,40.04432321854756,62.52983293556086,11.864984657347426,93.67881417274475,52.029488746050156,91.70261597633362,1.9392461776733398,0.798065677681905,0.0001,64,lr_0.0001_hc_64
46,12.607861518859863,3.209901809692383,1.648271918296814,1.640961766242981,6.1087260246276855,39.94203886805319,62.18888510057962,11.67746334810774,93.16628575325012,51.74366826749767,93.70177507400513,1.9397060871124268,0.7940753492934954,0.0001,64,lr_0.0001_hc_64
47,12.6380615234375,3.1500678062438965,1.6482067108154297,1.6383605003356934,6.2014265060424805,39.78861234231162,62.03545857483805,11.779747698602113,93.25170516967773,51.713880946357385,95.71899771690369,1.9438841342926025,0.7901049725470279,0.0001,64,lr_0.0001_hc_64
48,12.779915809631348,3.3163506984710693,1.6463435888290405,1.6269384622573853,6.190283298492432,40.65802932151381,62.56392771905899,11.200136379133992,94.98860836029053,52.35267544499933,97.77161955833435,2.004244565963745,0.7861544476842928,0.0001,64,lr_0.0001_hc_64
49,12.733437538146973,3.2397396564483643,1.678292989730835,1.6292515993118286,6.186153411865234,39.73747016706444,63.0071599045346,11.353562904875554,93.47950220108032,51.894423794388736,99.93746185302734,2.097426414489746,0.7822236754458713,0.0001,64,lr_0.0001_hc_64
50,12.820377349853516,3.2862536907196045,1.6515763998031616,1.6409804821014404,6.2415666580200195,41.85134674394818,62.52983293556086,11.745652915103989,94.6184515953064,52.68632104747986,101.95075917243958,1.9500467777252197,0.778312557068642,0.0001,64,lr_0.0001_hc_64
51,12.971111297607422,3.4255576133728027,1.6726090908050537,1.6635836362838745,6.209361553192139,41.067166723491304,62.29116945107399,12.205932492328673,92.99544095993042,52.1399274067061,104.16451501846313,2.1478750705718994,0.7744209942832988,0.0001,64,lr_0.0001_hc_64
52,12.823863983154297,3.188053607940674,1.6748628616333008,1.647202491760254,6.313745021820068,40.77736106375725,63.26287078077054,11.506989430617114,93.53644847869873,52.270917438460906,106.35147190093994,2.1237473487854004,0.7705488893118823,0.0001,64,lr_0.0001_hc_64
1,11.250385284423828,3.035613775253296,1.4156373739242554,1.4239059686660767,5.3752288818359375,40.38527105352881,62.93897033753836,10.859188544152746,93.96355152130127,52.0367453641303,2.5553929805755615,2.5553929805755615,0.995,0.0001,128,lr_0.0001_hc_128
2,11.143646240234375,2.9828577041625977,1.4052534103393555,1.423752784729004,5.331782817840576,41.33992499147631,62.70030685305148,10.773951585407433,94.33371424674988,52.28697441917127,5.048129320144653,2.4036600589752197,0.990025,0.0001,128,lr_0.0001_hc_128
3,11.299192428588867,3.0661306381225586,1.4294333457946777,1.4378067255020142,5.3658223152160645,41.18649846573474,61.71155813160586,11.387657688373679,94.93166208267212,52.30434409209661,7.535956859588623,2.3927900791168213,0.985074875,0.0001,128,lr_0.0001_hc_128
4,11.276896476745605,3.016472101211548,1.427811861038208,1.4276254177093506,5.404987335205078,40.231844527787246,62.68325946130242,10.620525059665871,94.58997845649719,52.03140187631319,9.969645977020264,2.3391408920288086,0.9801495006250001,0.0001,128,lr_0.0001_hc_128
5,11.189467430114746,2.9475879669189453,1.429835319519043,1.4322971105575562,5.379746913909912,39.993181043300375,63.04125468803273,11.063757245141494,94.78929042816162,52.22187085115906,12.600295305252075,2.5282790660858154,0.9752487531218751,0.0001,128,lr_0.0001_hc_128
6,11.217306137084961,2.9337358474731445,1.4395784139633179,1.4475948810577393,5.396396160125732,40.86259802250255,63.41629730651211,11.455847255369928,95.50113677978516,52.80896984104244,15.097636699676514,2.396552801132202,0.9703725093562657,0.0001,128,lr_0.0001_hc_128
7,11.187480926513672,2.887821674346924,1.4342023134231567,1.4423813819885254,5.4230756759643555,41.33992499147631,63.92771905898398,11.336515513126491,93.33713054656982,52.48532252753915,17.46449112892151,2.2722201347351074,0.9655206468094844,0.0001,128,lr_0.0001_hc_128
8,11.256856918334961,2.9431955814361572,1.4385212659835815,1.4451042413711548,5.430035591125488,40.67507671326287,63.14353903852711,11.47289464711899,95.72827219963074,52.75494564963492,19.855717658996582,2.296015977859497,0.960693043575437,0.0001,128,lr_0.0001_hc_128
9,11.366706848144531,3.0234875679016113,1.454909086227417,1.4499329328536987,5.4383769035339355,40.334128878281625,62.93897033753836,11.575178997613365,94.4760799407959,52.33108953855731,22.23543095588684,2.2748076915740967,0.9558895783575597,0.0001,128,lr_0.0001_hc_128
10,11.260527610778809,2.92181658744812,1.452840805053711,1.4552019834518433,5.430667877197266,42.55028980565974,63.07534947153085,11.711558131605864,95.15945315361023,53.12416264060167,24.622131824493408,2.286175012588501,0.9511101304657719,0.0001,128,lr_0.0001_hc_128
11,11.348124504089355,2.9542717933654785,1.4453121423721313,1.4501526355743408,5.498388290405273,41.37401977497443,63.109444255028976,10.808046368905558,93.82118582725525,52.27817405654105,27.007141590118408,2.289987802505493,0.946354579813443,0.0001,128,lr_0.0001_hc_128
12,11.233147621154785,2.857670783996582,1.4567253589630127,1.4484095573425293,5.47034215927124,41.23764064098193,63.228775997272415,11.592226389362427,93.42254996299744,52.37029824765356,29.356256008148193,2.261483907699585,0.9416228069143757,0.0001,128,lr_0.0001_hc_128
13,11.268135070800781,2.865100383758545,1.4581968784332275,1.4712498188018799,5.473587989807129,41.35697238322537,62.52983293556086,11.643368564609615,95.15945315361023,52.67240675925151,31.77835750579834,2.3268208503723145,0.9369146928798039,0.0001,128,lr_0.0001_hc_128
14,11.34149169921875,2.901010274887085,1.4502815008163452,1.473067283630371,5.517132759094238,41.49335151721786,62.376406409819296,11.592226389362427,92.9669737815857,52.10723952449632,34.25675296783447,2.3757526874542236,0.9322301194154049,0.0001,128,lr_0.0001_hc_128
15,11.433561325073242,2.9142730236053467,1.481352686882019,1.4726037979125977,5.565332412719727,40.40231844527787,62.5127855438118,11.097852028639618,94.39066052436829,52.100904135524395,36.62733721733093,2.2753729820251465,0.9275689688183278,0.0001,128,lr_0.0001_hc_128
16,11.250765800476074,2.791360378265381,1.4575189352035522,1.46122407913208,5.5406622886657715,41.32287759972724,62.46164336856461,11.864984657347426,95.50113677978516,52.78766060135611,39.010607957839966,2.2822868824005127,0.9229311239742362,0.0001,128,lr_0.0001_hc_128
17,11.386974334716797,2.8729240894317627,1.4784157276153564,1.4741544723510742,5.561480522155762,40.53869757927037,62.853733378793045,11.353562904875554,94.41913366317749,52.291281881529116,41.406468629837036,2.300089120864868,0.918316468354365,0.0001,128,lr_0.0001_hc_128
18,11.326162338256836,2.780043125152588,1.4761062860488892,1.4809731245040894,5.589039325714111,41.646778042959426,62.154790317081485,11.643368564609615,94.6469247341156,52.52296541469153,43.806857109069824,2.3054697513580322,0.9137248860125932,0.0001,128,lr_0.0001_hc_128
19,11.344463348388672,2.842517137527466,1.4714345932006836,1.4809811115264893,5.549530982971191,41.57858847596318,62.376406409819296,12.632117286055234,94.58997845649719,52.79427265708373,46.336257457733154,2.4442615509033203,0.9091562615825302,0.0001,128,lr_0.0001_hc_128
20,11.462239265441895,2.887366533279419,1.502447485923767,1.4909491539001465,5.581476211547852,39.97613365155131,62.66621206955336,11.421752471871804,94.58167552947998,52.161443430614106,48.74379324913025,2.318603992462158,0.9046104802746175,0.0001,128,lr_0.0001_hc_128
21,11.431644439697266,2.8117949962615967,1.4926517009735107,1.491127610206604,5.636070728302002,40.81145584725537,62.274122059324924,11.76270030685305,95.21639943122864,52.51616941116549,51.16271924972534,2.3235576152801514,0.9000874278732445,0.0001,128,lr_0.0001_hc_128
22,11.297122955322266,2.7166078090667725,1.4940522909164429,1.4958113431930542,5.590651512145996,41.08421411524037,61.89907944084555,11.847937265598363,94.56150531768799,52.34818403484307,53.54547190666199,2.2880959510803223,0.8955869907338783,0.0001,128,lr_0.0001_hc_128
23,11.524938583374023,2.8851943016052246,1.5074272155761719,1.4951094388961792,5.637207984924316,40.79440845550631,63.17763382202523,11.916126832594614,93.70728731155396,52.39886410542003,56.040754556655884,2.4003937244415283,0.8911090557802088,0.0001,128,lr_0.0001_hc_128
24,11.576107025146484,2.8699376583099365,1.5113129615783691,1.5054938793182373,5.689362525939941,40.163654960791,62.30821684282305,11.524036822366178,93.93507838249207,51.98274675211807,58.441723108291626,2.3062098026275635,0.8866535105013078,0.0001,128,lr_0.0001_hc_128
25,11.393043518066406,2.7075846195220947,1.5055333375930786,1.4942944049835205,5.685631275177002,40.64098192976475,62.29116945107399,11.370610296624617,94.4476068019867,52.187592119862515,60.810978174209595,2.282745122909546,0.8822202429488013,0.0001,128,lr_0.0001_hc_128
26,11.501449584960938,2.7725491523742676,1.517354965209961,1.5066882371902466,5.704857349395752,40.334128878281625,62.274122059324924,11.67746334810774,94.6469247341156,52.23315975495747,63.188172817230225,2.2819530963897705,0.8778091417340573,0.0001,128,lr_0.0001_hc_128
27,11.626288414001465,2.889683961868286,1.5346790552139282,1.5043030977249146,5.697622299194336,40.41936583702693,62.240027275826804,12.069553358336174,94.7608232498169,52.372442430251695,65.6223840713501,2.338853597640991,0.8734200960253871,0.0001,128,lr_0.0001_hc_128
28,11.54936408996582,2.761697769165039,1.5235588550567627,1.4964994192123413,5.767608642578125,40.24889191953631,62.853733378793045,11.643368564609615,94.16286945343018,52.22721582909229,68.09628939628601,2.386744737625122,0.8690529955452602,0.0001,128,lr_0.0001_hc_128
29,11.615008354187012,2.7973062992095947,1.5423593521118164,1.528395652770996,5.746947288513184,40.28298670303443,61.91612683259461,11.933174224343675,95.10250687599182,52.30869865899114,70.46501684188843,2.2724437713623047,0.8647077305675338,0.0001,128,lr_0.0001_hc_128
30,11.638599395751953,2.790043592453003,1.5384927988052368,1.5256545543670654,5.784409046173096,41.39106716672349,62.44459597681554,11.745652915103989,92.76765584945679,52.08724297702495,72.94982671737671,2.374643087387085,0.8603841919146962,0.0001,128,lr_0.0001_hc_128
31,11.557371139526367,2.712456226348877,1.555376648902893,1.5135421752929688,5.77599573135376,40.41936583702693,63.126491646778035,11.558131605864302,93.96355152130127,52.26688515274264,75.40412926673889,2.355919122695923,0.8560822709551227,0.0001,128,lr_0.0001_hc_128
32,11.567367553710938,2.713324546813965,1.5430831909179688,1.5187952518463135,5.792165279388428,41.10126150698943,63.05830207978179,11.47289464711899,94.41913366317749,52.51289797426693,77.78662395477295,2.287644147872925,0.851801859600347,0.0001,128,lr_0.0001_hc_128
33,11.661726951599121,2.7614498138427734,1.5606803894042969,1.5198853015899658,5.819711685180664,40.89669280600069,63.228775997272415,11.950221616092737,93.84965896606445,52.48133734635757,80.21274137496948,2.338257074356079,0.8475428503023453,0.0001,128,lr_0.0001_hc_128
34,11.656447410583496,2.7505240440368652,1.5759185552597046,1.5267194509506226,5.803285121917725,39.77156495056256,63.02420729628368,12.137742925332425,93.42254996299744,52.08901628379403,82.65894627571106,2.3660995960235596,0.8433051360508336,0.0001,128,lr_0.0001_hc_128
35,11.789981842041016,2.817734956741333,1.5626612901687622,1.5332599878311157,5.876326084136963,40.74326628025912,63.552676440504605,11.67746334810774,94.27676200866699,52.562542019384615,85.08403515815735,2.3280038833618164,0.8390886103705794,0.0001,128,lr_0.0001_hc_128
36,11.715485572814941,2.7394824028015137,1.5611704587936401,1.542472243309021,5.8723602294921875,40.79440845550631,62.359359018070236,11.285373337879305,93.99203062057495,52.107792858007706,87.44747734069824,2.284428596496582,0.8348931673187264,0.0001,128,lr_0.0001_hc_128
37,11.903725624084473,2.8409082889556885,1.5810112953186035,1.5528781414031982,5.928927421569824,40.453460620525064,63.31401295601773,11.029662461643369,92.76765584945679,51.89119797191073,89.77685976028442,2.2381274700164795,0.8307187014821328,0.0001,128,lr_0.0001_hc_128
38,11.707437515258789,2.6845102310180664,1.5811729431152344,1.5371612310409546,5.904593467712402,40.112512785543814,63.2799181725196,11.864984657347426,94.56150531768799,52.4547302332747,92.10513138771057,2.2488701343536377,0.8265651079747222,0.0001,128,lr_0.0001_hc_128
39,12.049399375915527,2.937757730484009,1.592233657836914,1.5541131496429443,5.96529483795166,40.81145584725537,62.47869076031367,11.643368564609615,94.39066052436829,52.331043924136736,94.50109124183655,2.2993218898773193,0.8224322824348486,0.0001,128,lr_0.0001_hc_128
40,11.965895652770996,2.841453790664673,1.5965362787246704,1.5691457986831665,5.958759784698486,41.033071939993185,63.33106034776679,12.1036481418343,94.02049779891968,52.62206955712849,96.84457540512085,2.252411365509033,0.8183201210226743,0.0001,128,lr_0.0001_hc_128
41,11.970152854919434,2.85432505607605,1.5946003198623657,1.566837191581726,5.954390048980713,41.2035458574838,63.17763382202523,11.660415956358678,94.41913366317749,52.6151823247613,99.19060897827148,2.245709180831909,0.8142285204175609,0.0001,128,lr_0.0001_hc_128
42,12.03695297241211,2.8045995235443115,1.608168125152588,1.5731604099273682,6.051024913787842,40.470508012274124,62.30821684282305,11.455847255369928,93.36560368537903,51.900043948961525,101.52066612243652,2.235077381134033,0.810157377815473,0.0001,128,lr_0.0001_hc_128
43,12.048775672912598,2.8040997982025146,1.6056902408599854,1.5769315958023071,6.06205415725708,40.60688714626662,63.0071599045346,11.592226389362427,94.4760799407959,52.420588345239885,103.8369927406311,2.212092399597168,0.8061065909263957,0.0001,128,lr_0.0001_hc_128
44,11.986804962158203,2.7500410079956055,1.6032114028930664,1.5704855918884277,6.063066482543945,40.31708148653256,62.7855438117968,11.489942038868053,94.70387101173401,52.32410958723286,106.40314245223999,2.4682466983795166,0.8020760579717637,0.0001,128,lr_0.0001_hc_128
45,12.242280960083008,2.841355085372925,1.6244580745697021,1.6228539943695068,6.153613567352295,41.23764064098193,61.47289464711899,10.688714626662122,95.47069668769836,52.21748665061535,108.85644388198853,2.3558342456817627,0.798065677681905,0.0001,128,lr_0.0001_hc_128
46,12.333035469055176,2.911888360977173,1.6441073417663574,1.6063816547393799,6.170658111572266,41.425161950221614,63.16058643027617,11.506989430617114,93.79271268844604,52.47136262489024,111.19308590888977,2.226022243499756,0.7940753492934954,0.0001,128,lr_0.0001_hc_128
47,12.178069114685059,2.774634838104248,1.6215561628341675,1.6037957668304443,6.178082466125488,40.79440845550631,62.42754858506648,11.166041595635868,93.93507838249207,52.08076925467518,113.58288407325745,2.2821037769317627,0.7901049725470279,0.0001,128,lr_0.0001_hc_128
48,12.212169647216797,2.7769083976745605,1.6353232860565186,1.5869510173797607,6.212987422943115,40.112512785543814,62.34231162632117,11.336515513126491,93.93507838249207,51.93160457687088,115.88512063026428,2.222902536392212,0.7861544476842928,0.0001,128,lr_0.0001_hc_128
49,12.372329711914062,2.889204978942871,1.645071268081665,1.620078206062317,6.21797513961792,40.87964541425162,62.257074667575864,11.370610296624617,94.8177695274353,52.33127497647185,118.2779312133789,2.3052403926849365,0.7822236754458713,0.0001,128,lr_0.0001_hc_128
50,12.302372932434082,2.835592269897461,1.6564958095550537,1.6228874921798706,6.187397003173828,41.13535629048756,62.393453801568356,11.524036822366178,92.8530752658844,51.97648054507662,120.60371136665344,2.2311079502105713,0.778312557068642,0.0001,128,lr_0.0001_hc_128
51,12.303583145141602,2.777804136276245,1.6619192361831665,1.6282862424850464,6.2355732917785645,41.85134674394818,63.45039209001023,11.76270030685305,95.30181884765625,53.09156449711693,122.93803453445435,2.229292631149292,0.7744209942832988,0.0001,128,lr_0.0001_hc_128
52,12.41094970703125,2.8413281440734863,1.668867826461792,1.6210421323776245,6.279711723327637,40.3000340947835,62.632117286055234,12.154790317081487,94.6469247341156,52.43346660800896,125.62323999404907,2.581918716430664,0.7705488893118823,0.0001,128,lr_0.0001_hc_128
1,11.402000427246094,3.1956162452697754,1.408219337463379,1.4336038827896118,5.364561080932617,41.425161950221614,63.05830207978179,11.166041595635868,93.0239200592041,52.168356421210845,8.24073576927185,8.24073576927185,0.995,0.0001,256,lr_0.0001_hc_256
2,11.18423843383789,2.983747720718384,1.4272961616516113,1.4381765127182007,5.335017204284668,39.73747016706444,61.84793726559836,11.847937265598363,93.28018426895142,51.67838224180314,17.130316495895386,8.484953880310059,0.990025,0.0001,256,lr_0.0001_hc_256
3,11.237699508666992,3.0414180755615234,1.4211816787719727,1.426055669784546,5.349044322967529,41.23764064098193,62.30821684282305,10.978520286396181,93.22323799133301,51.93690394038355,26.076825380325317,8.48197078704834,0.985074875,0.0001,256,lr_0.0001_hc_256
4,11.252435684204102,2.9967002868652344,1.425442099571228,1.4356250762939453,5.394667625427246,40.98192976474599,62.42754858506648,11.18308898738493,93.79271268844604,52.09632000641087,35.007243394851685,8.464214086532593,0.9801495006250001,0.0001,256,lr_0.0001_hc_256
5,11.152128219604492,2.9061641693115234,1.416096806526184,1.429823637008667,5.400043964385986,41.2035458574838,62.853733378793045,10.876235935901807,93.59339475631714,52.13172748212395,43.94972276687622,8.429679870605469,0.9752487531218751,0.0001,256,lr_0.0001_hc_256
6,11.139907836914062,2.885307550430298,1.4406673908233643,1.439602255821228,5.374330043792725,41.13535629048756,62.06955335833617,11.745652915103989,94.02049779891968,52.24276509071184,53.345550775527954,8.91322135925293,0.9703725093562657,0.0001,256,lr_0.0001_hc_256
7,11.080293655395508,2.832242965698242,1.4308669567108154,1.4386110305786133,5.378572940826416,41.288782816229116,63.85952949198772,11.796795090351177,94.04897689819336,52.74852107419035,62.707183837890625,8.901172399520874,0.9655206468094844,0.0001,256,lr_0.0001_hc_256
8,11.124505043029785,2.7961223125457764,1.4453307390213013,1.4455183744430542,5.437533378601074,41.18649846573474,63.2799181725196,11.200136379133992,94.96013522148132,52.656672059717415,71.72701716423035,8.530642032623291,0.960693043575437,0.0001,256,lr_0.0001_hc_256
9,11.091269493103027,2.7818241119384766,1.4464890956878662,1.4356443881988525,5.427311897277832,40.84555063075349,62.990112512785544,11.575178997613365,93.82118582725525,52.308006992101916,80.8195858001709,8.621996641159058,0.9558895783575597,0.0001,256,lr_0.0001_hc_256
10,10.928632736206055,2.6385133266448975,1.4381197690963745,1.4397727251052856,5.412226676940918,41.49335151721786,62.546880327309914,11.728605523354926,94.90220546722412,52.6677607087767,89.7622606754303,8.433832883834839,0.9511101304657719,0.0001,256,lr_0.0001_hc_256
11,11.015338897705078,2.72733736038208,1.4439531564712524,1.440393328666687,5.4036545753479,40.86259802250255,63.14353903852711,12.32526423457211,94.78929042816162,52.78017293094085,98.6516501903534,8.391772031784058,0.946354579813443,0.0001,256,lr_0.0001_hc_256
12,11.018444061279297,2.6418092250823975,1.4501163959503174,1.4418346881866455,5.484683513641357,41.10126150698943,62.41050119331742,11.592226389362427,94.93166208267212,52.50891279308536,107.6059341430664,8.420531511306763,0.9416228069143757,0.0001,256,lr_0.0001_hc_256
13,11.08359146118164,2.69238018989563,1.4439527988433838,1.4416918754577637,5.5055670738220215,41.18649846573474,62.66621206955336,11.370610296624617,94.04897689819336,52.318074432526515,116.80817341804504,8.707174301147461,0.9369146928798039,0.0001,256,lr_0.0001_hc_256
14,11.047737121582031,2.6563525199890137,1.4407612085342407,1.459471583366394,5.491152286529541,41.57858847596318,62.546880327309914,11.097852028639618,92.76765584945679,51.99774417034237,126.01156568527222,8.706202030181885,0.9322301194154049,0.0001,256,lr_0.0001_hc_256
15,11.079545021057129,2.605933904647827,1.464585542678833,1.463417649269104,5.545608043670654,41.766109785202865,62.32526423457211,11.60927378111149,93.19475889205933,52.223851673236446,135.76214480400085,9.25785517692566,0.9275689688183278,0.0001,256,lr_0.0001_hc_256
16,11.008844375610352,2.5581939220428467,1.4717965126037598,1.4540770053863525,5.524776935577393,41.54449369246505,62.5127855438118,11.779747698602113,93.5614824295044,52.34962734109584,144.7743616104126,8.482102870941162,0.9229311239742362,0.0001,256,lr_0.0001_hc_256
17,10.976085662841797,2.480631113052368,1.4731438159942627,1.4643489122390747,5.557961463928223,41.90248891919536,63.194681213774295,11.847937265598363,94.30524110794067,52.81258712662718,153.7435531616211,8.486490488052368,0.918316468354365,0.0001,256,lr_0.0001_hc_256
18,10.92066478729248,2.4248995780944824,1.4709672927856445,1.4711709022521973,5.553627014160156,40.87964541425162,62.5127855438118,11.166041595635868,93.90660524368286,52.116269449345545,162.8268847465515,8.55649447441101,0.9137248860125932,0.0001,256,lr_0.0001_hc_256
19,10.878257751464844,2.4020323753356934,1.4720635414123535,1.4691240787506104,5.535037994384766,40.79440845550631,62.393453801568356,11.489942038868053,93.65034103393555,52.08203633246957,171.9497492313385,8.583722114562988,0.9091562615825302,0.0001,256,lr_0.0001_hc_256
20,10.914627075195312,2.388061761856079,1.4731987714767456,1.4728498458862305,5.580516338348389,41.81725196045005,63.24582338902148,11.131946812137743,93.87813210487366,52.51828856662073,180.88316369056702,8.420760154724121,0.9046104802746175,0.0001,256,lr_0.0001_hc_256
21,10.912605285644531,2.3954243659973145,1.4766217470169067,1.4768011569976807,5.563757419586182,41.05011933174224,61.813842482100235,11.89907944084555,93.59339475631714,52.089109002751286,189.7620792388916,8.37454104423523,0.9000874278732445,0.0001,256,lr_0.0001_hc_256
22,10.98208999633789,2.4183707237243652,1.4799952507019043,1.4750592708587646,5.6086649894714355,41.612683259461306,62.751449028298666,11.506989430617114,93.87813210487366,52.437313455812685,198.70550179481506,8.435139179229736,0.8955869907338783,0.0001,256,lr_0.0001_hc_256
23,10.936027526855469,2.3504018783569336,1.4807668924331665,1.4864616394042969,5.618396759033203,40.84555063075349,62.20593249232868,12.03545857483805,94.6469247341156,52.43346660800896,207.81132221221924,8.594863653182983,0.8911090557802088,0.0001,256,lr_0.0001_hc_256
24,10.868385314941406,2.290154457092285,1.4948015213012695,1.4927024841308594,5.59072732925415,39.95908625980225,61.8308898738493,11.830889873849301,92.6537573337555,51.56865583531409,216.7868251800537,8.45765233039856,0.8866535105013078,0.0001,256,lr_0.0001_hc_256
25,10.796256065368652,2.213700771331787,1.4994189739227295,1.4874060153961182,5.595730304718018,41.56154108421411,62.5127855438118,11.916126832594614,94.02049779891968,52.50273781488506,226.26251316070557,8.956429719924927,0.8822202429488013,0.0001,256,lr_0.0001_hc_256
26,10.744756698608398,2.128286361694336,1.4982813596725464,1.4895350933074951,5.628653049468994,40.913740197749746,62.13774292533243,11.88203204909649,92.36901998519897,51.82563378934441,235.23691868782043,8.452157735824585,0.8778091417340573,0.0001,256,lr_0.0001_hc_256
27,10.807584762573242,2.181825637817383,1.497321367263794,1.4829225540161133,5.645515441894531,41.15240368223662,62.41050119331742,12.563927719058984,93.08086633682251,52.301924732858886,244.17484879493713,8.427069425582886,0.8734200960253871,0.0001,256,lr_0.0001_hc_256
28,10.683664321899414,2.055889844894409,1.5128012895584106,1.4905877113342285,5.624385833740234,41.305830207978175,62.018411183088986,12.188885100579611,93.96355152130127,52.369169503237,253.21272897720337,8.524942874908447,0.8690529955452602,0.0001,256,lr_0.0001_hc_256
29,10.666769027709961,2.0304787158966064,1.4938859939575195,1.4777696132659912,5.6646342277526855,41.13535629048756,62.7855438117968,11.796795090351177,93.45102310180664,52.29217957361054,263.8453514575958,10.118533611297607,0.8647077305675338,0.0001,256,lr_0.0001_hc_256
30,10.62078857421875,1.9546937942504883,1.4977484941482544,1.493789792060852,5.674556255340576,41.16945107398568,62.87078077054211,12.666212069553358,94.6184515953064,52.831223877346886,273.0207848548889,8.654318571090698,0.8603841919146962,0.0001,256,lr_0.0001_hc_256
31,10.74742317199707,2.022373676300049,1.5133259296417236,1.4919617176055908,5.719761848449707,41.408114558472555,62.93897033753836,12.018411183088986,93.76423358917236,52.532432417068065,282.1571078300476,8.609015226364136,0.8560822709551227,0.0001,256,lr_0.0001_hc_256
32,10.61256217956543,1.8247050046920776,1.5219799280166626,1.4924108982086182,5.773466110229492,41.7490623934538,63.07534947153085,11.88203204909649,93.28018426895142,52.49665704575814,291.2027533054352,8.524703979492188,0.851801859600347,0.0001,256,lr_0.0001_hc_256
33,10.583379745483398,1.8300951719284058,1.5228577852249146,1.500188946723938,5.73023796081543,41.271735424480056,62.93897033753836,12.188885100579611,93.36560368537903,52.44129863699426,300.4767861366272,8.760985612869263,0.8475428503023453,0.0001,256,lr_0.0001_hc_256
34,10.592823028564453,1.8047410249710083,1.5327602624893188,1.50151526927948,5.7538065910339355,39.97613365155131,62.29116945107399,12.222979884077736,93.76423358917236,52.063629143968846,309.6852321624756,8.685946702957153,0.8433051360508336,0.0001,256,lr_0.0001_hc_256
35,10.508224487304688,1.7352774143218994,1.5163581371307373,1.4908642768859863,5.7657246589660645,41.80020456870099,62.7855438117968,12.359359018070236,92.91002154350281,52.46378223551771,318.93823885917664,8.743923664093018,0.8390886103705794,0.0001,256,lr_0.0001_hc_256
36,10.55956745147705,1.7210184335708618,1.540676236152649,1.5097270011901855,5.788146018981934,41.01602454824412,61.6092737811115,12.802591203545857,92.11275577545166,51.885161327088284,327.94532084465027,8.497697830200195,0.8348931673187264,0.0001,256,lr_0.0001_hc_256
37,10.573716163635254,1.6990549564361572,1.5485817193984985,1.5222541093826294,5.803825378417969,40.60688714626662,61.98431639959087,12.529832935560858,92.8815484046936,52.000646221527994,336.94396448135376,8.47144865989685,0.8307187014821328,0.0001,256,lr_0.0001_hc_256
38,10.412632942199707,1.5850671529769897,1.5629888772964478,1.50205659866333,5.7625203132629395,39.94203886805319,62.49573815206273,12.632117286055234,94.39066052436829,52.36513870763486,346.0278489589691,8.568076848983765,0.8265651079747222,0.0001,256,lr_0.0001_hc_256
39,10.489686965942383,1.5924737453460693,1.5702176094055176,1.5269644260406494,5.800031661987305,40.197749744289126,63.211728605523355,12.649164677804295,92.93849468231201,52.2492844274822,354.99975848197937,8.453763961791992,0.8224322824348486,0.0001,256,lr_0.0001_hc_256
40,10.544105529785156,1.584672451019287,1.5482540130615234,1.514634609222412,5.896544933319092,41.646778042959426,62.70030685305148,12.25707466757586,92.56833791732788,52.29312437022866,363.9994013309479,8.491552352905273,0.8183201210226743,0.0001,256,lr_0.0001_hc_256
41,10.472879409790039,1.5596168041229248,1.5413482189178467,1.5239548683166504,5.847959041595459,41.629730651210366,62.13774292533243,12.717354244800546,92.08428263664246,52.14227761449644,372.9893698692322,8.478440999984741,0.8142285204175609,0.0001,256,lr_0.0001_hc_256
42,10.352392196655273,1.4705512523651123,1.5336143970489502,1.5198944807052612,5.828332424163818,42.05591544493693,63.29696556426867,13.296965564268667,91.54328107833862,52.54828191295322,381.93417620658875,8.424445867538452,0.810157377815473,0.0001,256,lr_0.0001_hc_256
43,10.33486557006836,1.3714324235916138,1.5736496448516846,1.5319747924804688,5.857808589935303,40.89669280600069,62.734401636549606,13.399249914763042,92.11275577545166,52.28577503319125,391.6143116950989,9.18086862564087,0.8061065909263957,0.0001,256,lr_0.0001_hc_256
44,10.381738662719727,1.3628495931625366,1.5851526260375977,1.5296815633773804,5.904055118560791,41.10126150698943,63.0071599045346,12.615069894306172,91.20159149169922,51.98127069938236,400.7172932624817,8.581308603286743,0.8020760579717637,0.0001,256,lr_0.0001_hc_256
45,10.44818115234375,1.4173213243484497,1.566259741783142,1.538407564163208,5.926191806793213,41.2035458574838,63.14353903852711,13.109444255028983,92.08428263664246,52.385202946920586,409.7894787788391,8.57219386100769,0.798065677681905,0.0001,256,lr_0.0001_hc_256
46,10.329177856445312,1.3753197193145752,1.563394546508789,1.5204823017120361,5.869981288909912,40.77736106375725,62.47869076031367,13.689055574497102,91.99886322021484,52.23599265469572,418.8123619556427,8.517528772354126,0.7940753492934954,0.0001,256,lr_0.0001_hc_256
47,10.39879035949707,1.3278377056121826,1.5773757696151733,1.5258660316467285,5.967711448669434,41.25468803273099,63.6890555744971,13.46743948175929,91.48633480072021,52.474379472426904,428.0919690132141,8.766767501831055,0.7901049725470279,0.0001,256,lr_0.0001_hc_256
48,10.309242248535156,1.252695918083191,1.5867286920547485,1.5533562898635864,5.916460990905762,40.58983975451756,62.46164336856461,13.433344698261166,91.28701686859131,51.942961172483656,437.08740401268005,8.482844591140747,0.7861544476842928,0.0001,256,lr_0.0001_hc_256
49,10.381844520568848,1.26834237575531,1.579689621925354,1.5422089099884033,5.991603851318359,41.45925673371974,62.64916467780429,12.956017729287419,91.37243628501892,52.109218856457595,446.1180331707001,8.510369539260864,0.7822236754458713,0.0001,256,lr_0.0001_hc_256
50,10.405509948730469,1.2285075187683105,1.6003375053405762,1.5553004741668701,6.021364212036133,40.214797136038186,62.12069553358336,13.279918172519606,91.40090942382812,51.754080066492314,455.11152601242065,8.46745491027832,0.778312557068642,0.0001,256,lr_0.0001_hc_256
51,10.342857360839844,1.191157579421997,1.585314154624939,1.5404268503189087,6.02595853805542,41.57858847596318,63.17763382202523,12.887828162291171,91.71521067619324,52.339815284118195,464.1370017528534,8.510742902755737,0.7744209942832988,0.0001,256,lr_0.0001_hc_256
52,10.352459907531738,1.181732416152954,1.5968674421310425,1.544980764389038,6.028879165649414,41.271735424480056,63.45039209001023,13.501534265257414,90.00569581985474,52.057339399900606,473.2453110218048,8.601236581802368,0.7705488893118823,0.0001,256,lr_0.0001_hc_256
53,10.422117233276367,1.1366904973983765,1.6216388940811157,1.5650031566619873,6.098784923553467,41.90248891919536,63.02420729628368,13.501534265257414,90.71754217147827,52.28644316305369,482.2836527824402,8.516514778137207,0.7666961448653229,0.0001,256,lr_0.0001_hc_256
54,10.422222137451172,1.1348870992660522,1.6141605377197266,1.565501093864441,6.107672691345215,41.442209341970674,62.47869076031367,13.501534265257414,89.46073651313782,51.7207927201699,491.2580087184906,8.459914207458496,0.7628626641409962,0.0001,256,lr_0.0001_hc_256
55,10.373661041259766,1.1535859107971191,1.5858347415924072,1.540034532546997,6.094205856323242,42.4309580634163,62.717354244800546,13.552676440504602,89.96604681015015,52.16675888971789,500.29166078567505,8.532631874084473,0.7590483508202912,0.0001,256,lr_0.0001_hc_256
56,10.308077812194824,1.0963258743286133,1.6178401708602905,1.558051586151123,6.035860061645508,40.94783498124787,62.05250596658711,14.268666893965223,90.39928317070007,51.91707275312507,509.3289670944214,8.52783489227295,0.7552531090661897,0.0001,256,lr_0.0001_hc_256
57,10.386184692382812,1.1220225095748901,1.6152303218841553,1.5667935609817505,6.0821380615234375,41.527446300715994,62.56392771905899,14.336856460961473,90.37585258483887,52.20102076639384,518.9703755378723,9.143351793289185,0.7514768435208588,0.0001,256,lr_0.0001_hc_256
58,10.458427429199219,1.1220135688781738,1.628632664680481,1.5495326519012451,6.158248424530029,40.38527105352881,61.86498465734742,14.473235594953973,89.58184719085693,51.576334624171785,528.1129837036133,8.623000383377075,0.7477194593032545,0.0001,256,lr_0.0001_hc_256
59,10.380081176757812,1.0748956203460693,1.6075392961502075,1.5547147989273071,6.14293098449707,41.45925673371974,62.41050119331742,14.132287759972725,87.94588446617126,51.48698253829529,537.2631878852844,8.66227674484253,0.7439808620067382,0.0001,256,lr_0.0001_hc_256
60,10.380125999450684,1.0578511953353882,1.6145424842834473,1.5603164434432983,6.147415637969971,41.987725877940676,62.41050119331742,14.0981929764746,89.69248533248901,52.04722634505543,546.3338892459869,8.553668737411499,0.7402609576967045,0.0001,256,lr_0.0001_hc_256
61,10.344949722290039,1.0401182174682617,1.6057888269424438,1.5427379608154297,6.156304359436035,42.4309580634163,63.70610296624617,13.978861234231163,88.89738917350769,52.25332785935033,555.3792617321014,8.526628732681274,0.736559652908221,0.0001,256,lr_0.0001_hc_256
62,10.445630073547363,1.0734840631484985,1.6359647512435913,1.571826457977295,6.1643548011779785,42.0218206614388,63.02420729628368,14.797136038186157,88.14698457717896,51.997537143271884,564.3251903057098,8.43391466140747,0.7328768546436799,0.0001,256,lr_0.0001_hc_256
63,10.451944351196289,1.029579520225525,1.636572003364563,1.5407981872558594,6.244994640350342,41.71496760995568,63.433344698261166,14.899420388680532,88.57517838478088,52.15572777041957,573.3124842643738,8.453661918640137,0.7292124703704616,0.0001,256,lr_0.0001_hc_256
64,10.333982467651367,1.0447980165481567,1.6013102531433105,1.5615286827087402,6.126345634460449,42.703716331401296,63.41629730651211,15.547221275144905,87.35406398773193,52.25532472519756,582.3022804260254,8.476372003555298,0.7255664080186093,0.0001,256,lr_0.0001_hc_256
65,10.417276382446289,1.0605006217956543,1.6153209209442139,1.5664033889770508,6.175051212310791,42.66962154790317,62.376406409819296,14.814183429935222,86.2010657787323,51.51531929159749,591.4302637577057,8.614893198013306,0.7219385759785162,0.0001,256,lr_0.0001_hc_256
66,10.545195579528809,1.0420951843261719,1.6502286195755005,1.5767028331756592,6.2761688232421875,41.91953631094443,62.88782816229117,15.66655301738834,88.97668123245239,52.36264968076908,600.5502336025238,8.60231328010559,0.7183288830986236,0.0001,256,lr_0.0001_hc_256
67,10.406608581542969,0.9624224901199341,1.6315538883209229,1.5762882232666016,6.2363433837890625,42.124105011933175,63.45039209001023,15.223320831912718,88.79861831665039,52.39910906262663,609.6510317325592,8.582461833953857,0.7147372386831305,0.0001,256,lr_0.0001_hc_256
68,10.570192337036133,1.03243088722229,1.6436715126037598,1.562713384628296,6.331376552581787,41.7490623934538,63.36515513126491,14.353903852710534,85.61033010482788,51.26961287056429,618.690966129303,8.523434400558472,0.7111635524897149,0.0001,256,lr_0.0001_hc_256
69,10.533323287963867,1.0285378694534302,1.626721978187561,1.5756770372390747,6.3023858070373535,41.90248891919536,63.194681213774295,15.018752130923968,87.13457584381104,51.812624526926164,627.6644492149353,8.460842370986938,0.7076077347272662,0.0001,256,lr_0.0001_hc_256
70,10.52670669555664,1.0106277465820312,1.646689772605896,1.5580401420593262,6.311348915100098,41.68087282645755,63.2799181725196,15.223320831912718,85.69645285606384,51.470141171738426,636.6723835468292,8.488914251327515,0.7040696960536299,0.0001,256,lr_0.0001_hc_256
71,10.54797077178955,1.010872483253479,1.636824607849121,1.5665019750595093,6.333771705627441,41.288782816229116,62.734401636549606,15.649505625639277,87.0202898979187,51.673244994084165,646.4031848907471,9.214691400527954,0.7005493475733617,0.0001,256,lr_0.0001_hc_256
72,10.566595077514648,0.9832239747047424,1.6795427799224854,1.5723631381988525,6.331464767456055,41.66382543470849,63.2799181725196,16.092737811114898,86.5384042263031,51.89372141116152,655.3301050662994,8.434574604034424,0.697046600835495,0.0001,256,lr_0.0001_hc_256
73,10.589892387390137,1.0273780822753906,1.6524865627288818,1.5773811340332031,6.332646369934082,42.22638936242755,62.615069894306174,15.223320831912718,83.7537944316864,50.954643630083204,664.3217341899872,8.484886646270752,0.6935613678313175,0.0001,256,lr_0.0001_hc_256
74,10.572124481201172,1.012895107269287,1.6357678174972534,1.5796126127243042,6.34384822845459,42.39686327991817,62.00136379133993,15.649505625639277,85.76891422271729,51.45416172990367,673.3068292140961,8.465954542160034,0.6900935609921609,0.0001,256,lr_0.0001_hc_256
75,10.562360763549805,1.0354262590408325,1.6364696025848389,1.5764408111572266,6.314023971557617,43.6072280941016,62.41050119331742,17.09853392430958,86.188805103302,52.32626707875765,682.2959144115448,8.486395120620728,0.6866430931872001,0.0001,256,lr_0.0001_hc_256
76,10.674219131469727,1.0438179969787598,1.6816219091415405,1.5706334114074707,6.378145694732666,42.65257415615411,63.14353903852711,15.700647800886463,86.04534864425659,51.88552740995607,691.2874879837036,8.481746673583984,0.6832098777212641,0.0001,256,lr_0.0001_hc_256
77,10.709691047668457,1.0664218664169312,1.6277652978897095,1.5700502395629883,6.445453643798828,43.62427548585067,63.433344698261166,15.189226048414591,85.50148010253906,51.93708158376638,700.3085503578186,8.52434229850769,0.6797938283326578,0.0001,256,lr_0.0001_hc_256
78,10.680076599121094,1.0602232217788696,1.6220113039016724,1.5785412788391113,6.419301509857178,43.84589157858848,62.42754858506648,16.263211728605523,85.74331402778625,52.06999148001168,709.3084571361542,8.489743947982788,0.6763948591909945,0.0001,256,lr_0.0001_hc_256
79,10.662741661071777,1.0236258506774902,1.6513102054595947,1.588672161102295,6.399133682250977,43.02761677463348,62.70030685305148,16.65530173883396,86.4663302898407,52.2123889140899,718.4350926876068,8.612072944641113,0.6730128848950395,0.0001,256,lr_0.0001_hc_256
80,10.882980346679688,1.138859510421753,1.6806529760360718,1.5986194610595703,6.464848041534424,42.92533242413911,63.38220252301397,16.774633481077394,86.72546744346619,52.45190896792417,727.4655251502991,8.51215934753418,0.6696478204705644,0.0001,256,lr_0.0001_hc_256
81,10.83000373840332,1.0402441024780273,1.6572452783584595,1.5996479988098145,6.532866477966309,43.69246505284691,63.38220252301397,16.399590862598025,86.3210916519165,52.44883752259385,736.4337732791901,8.457159996032715,0.6662995813682115,0.0001,256,lr_0.0001_hc_256
82,10.99428939819336,1.1342111825942993,1.6844626665115356,1.6070524454116821,6.568563461303711,42.37981588816911,63.109444255028976,16.348448687350835,84.74603295326233,51.645935445952816,745.3827133178711,8.4477698802948,0.6629680834613705,0.0001,256,lr_0.0001_hc_256
83,10.859306335449219,1.0914323329925537,1.6447031497955322,1.6019216775894165,6.521249771118164,44.30617115581316,62.632117286055234,16.24616433685646,86.3982081413269,52.39566523001293,754.4830415248871,8.579510927200317,0.6596532430440636,0.0001,256,lr_0.0001_hc_256
84,10.845552444458008,1.1013706922531128,1.6890732049942017,1.6032891273498535,6.45181941986084,43.16399590862598,63.85952949198772,17.507671326287078,86.24575138092041,52.69423702695531,763.4507517814636,8.447264432907104,0.6563549768288433,0.0001,256,lr_0.0001_hc_256
85,10.887889862060547,1.129906415939331,1.6604079008102417,1.5656787157058716,6.531897068023682,43.62427548585067,63.34810773951586,16.80872826457552,86.89343929290771,52.66863769571244,773.1423623561859,9.17807650566101,0.653073201944699,0.0001,256,lr_0.0001_hc_256
86,11.035690307617188,1.1260665655136108,1.6883984804153442,1.6287161111831665,6.592509746551514,44.56188203204909,62.95601772928742,17.132628707807708,85.01455783843994,52.41627157689604,782.4480006694794,8.79138469696045,0.6498078359349755,0.0001,256,lr_0.0001_hc_256
87,11.25640869140625,1.205741047859192,1.7120381593704224,1.6112791299819946,6.72735071182251,43.794749403341285,62.68325946130242,17.09853392430958,87.00011968612671,52.64416561877,791.4342584609985,8.484949827194214,0.6465587967553006,0.0001,256,lr_0.0001_hc_256
88,11.151605606079102,1.133142352104187,1.727356195449829,1.614932656288147,6.676175117492676,43.914081145584724,63.17763382202523,16.75758608932833,86.2619698047638,52.52781771542552,800.3927798271179,8.441449403762817,0.6433260027715241,0.0001,256,lr_0.0001_hc_256
89,11.099069595336914,1.1679381132125854,1.7103254795074463,1.607754111289978,6.613051891326904,43.09580634162973,63.552676440504605,17.01329696556427,86.58527135848999,52.56176277654715,809.4634344577789,8.552271127700806,0.6401093727576664,0.0001,256,lr_0.0001_hc_256
90,11.245847702026367,1.1386812925338745,1.7170971632003784,1.6426446437835693,6.747424125671387,43.794749403341285,61.89907944084555,16.791680872826458,87.80638575553894,52.572973868138064,818.5489144325256,8.559017181396484,0.6369088258938781,0.0001,256,lr_0.0001_hc_256
91,11.210453987121582,1.1936721801757812,1.7325857877731323,1.6044235229492188,6.67977237701416,43.94817592908285,63.586771224002725,17.30310262529833,86.8008017539978,52.90971288309543,827.6340153217316,8.568145036697388,0.6337242817644086,0.0001,256,lr_0.0001_hc_256
92,11.175603866577148,1.14094078540802,1.6774463653564453,1.6285752058029175,6.728641986846924,44.95397204227753,63.26287078077054,17.37129219229458,85.97001433372498,52.889537337266916,836.6606073379517,8.501086711883545,0.6305556603555866,0.0001,256,lr_0.0001_hc_256
93,11.280858993530273,1.1685304641723633,1.745263934135437,1.6205233335494995,6.746541500091553,43.94817592908285,63.74019774974429,17.64405046027958,85.21061539649963,52.63575988390159,845.6671855449677,8.4834566116333,0.6274028820538087,0.0001,256,lr_0.0001_hc_256
94,11.336493492126465,1.2000994682312012,1.7506471872329712,1.648857593536377,6.736889362335205,43.70951244459598,62.12069553358336,17.337197408796452,85.91020107269287,52.269401614917165,854.7548248767853,8.586536169052124,0.6242658676435396,0.0001,256,lr_0.0001_hc_256
95,11.405904769897461,1.180774450302124,1.7668079137802124,1.647721290588379,6.810601234436035,43.69246505284691,63.17763382202523,16.82577565632458,86.7236852645874,52.60488994894603,863.8560914993286,8.574917316436768,0.6211445383053219,0.0001,256,lr_0.0001_hc_256
96,11.523534774780273,1.2322375774383545,1.746079921722412,1.655226230621338,6.88999080657959,44.1527446300716,63.228775997272415,16.638254347084896,83.45175385475159,51.867882207295125,872.8132355213165,8.447087526321411,0.6180388156137953,0.0001,256,lr_0.0001_hc_256
97,11.411474227905273,1.2048190832138062,1.7425816059112549,1.6314107179641724,6.832663536071777,44.30617115581316,63.791339924991476,18.01909307875895,86.14916205406189,53.066441553406364,881.9451539516449,8.614275217056274,0.6149486215357263,0.0001,256,lr_0.0001_hc_256
98,11.526028633117676,1.2176904678344727,1.7592045068740845,1.6797645092010498,6.8693695068359375,44.10160245482441,63.48448687350835,17.388339584043642,86.4663302898407,52.86018980055427,891.0111658573151,8.54694676399231,0.6118738784280476,0.0001,256,lr_0.0001_hc_256
99,11.54255199432373,1.2805018424987793,1.749168872833252,1.6584235429763794,6.854457855224609,43.82884418683942,63.07534947153085,18.189566996249575,86.7215096950531,52.95381758741824,900.7283535003662,9.196609258651733,0.6088145090359074,0.0001,256,lr_0.0001_hc_256
100,11.610176086425781,1.240308403968811,1.7613091468811035,1.6640809774398804,6.944477081298828,44.08455506307535,62.68325946130242,17.490623934538014,87.65283823013306,52.97781917226221,909.7768743038177,8.512812376022339,0.6057704364907278,0.0001,256,lr_0.0001_hc_256
101,11.41456413269043,1.1667217016220093,1.7441272735595703,1.6294862031936646,6.874229431152344,44.05046027957722,63.50153426525742,17.678145243777703,87.07327842712402,53.075854553934086,918.7041501998901,8.429246187210083,0.6027415843082742,0.0001,256,lr_0.0001_hc_256
102,11.64399242401123,1.2392622232437134,1.7441219091415405,1.6550226211547852,7.005585670471191,44.23798158881691,63.70610296624617,18.360040913740196,85.40993332862854,52.928514699357954,927.9015581607819,8.679501056671143,0.5997278763867329,0.0001,256,lr_0.0001_hc_256
103,11.788671493530273,1.2512794733047485,1.8020044565200806,1.6810466051101685,7.054340839385986,44.80054551653597,63.72315035799523,17.9509035117627,83.84425640106201,52.57971394683898,937.2128064632416,8.796501636505127,0.5967292370047992,0.0001,256,lr_0.0001_hc_256
104,11.887617111206055,1.2729430198669434,1.7842485904693604,1.7111321687698364,7.119292736053467,44.30617115581316,63.31401295601773,17.88271394476645,85.76674461364746,52.817410667561205,946.2155251502991,8.492760419845581,0.5937455908197752,0.0001,256,lr_0.0001_hc_256
105,11.845279693603516,1.233802318572998,1.798252820968628,1.7245579957962036,7.088665962219238,44.90282986703034,63.51858165700648,17.337197408796452,88.21293115615845,53.492885022247926,955.5104022026062,8.782351016998291,0.5907768628656763,0.0001,256,lr_0.0001_hc_256
106,11.809552192687988,1.2393535375595093,1.7939060926437378,1.7200961112976074,7.056196212768555,44.44255028980566,62.76849642004774,17.695192635526762,85.41388511657715,52.58003111548932,964.5392570495605,8.528492450714111,0.5878229785513479,0.0001,256,lr_0.0001_hc_256
