epochs,losses,size_losses,religion_losses,ethnicity_losses,household_composition_losses,religion_accuracies,ethnicity_accuracies,household_composition_accuracies,size_distribution_accuracies,overall_accuracies,cumulative_time_seconds,epoch_time_seconds,tau_values,learning_rate,hidden_channels,combination_id
1,12.08582592010498,3.2872159481048584,1.5309996604919434,1.760929822921753,5.506680488586426,41.95478049275068,54.18229747541316,9.946263814255298,94.4880723953247,50.14285354443596,19.141799211502075,19.141799211502075,0.995,0.005,128,lr_0.005_hc_128
2,11.42100715637207,2.6352126598358154,1.5344512462615967,1.7701371908187866,5.481205940246582,41.670891209571124,53.41174084964007,9.966541620196695,94.14170384407043,49.79771938086958,41.04092502593994,21.022369623184204,0.990025,0.005,128,lr_0.005_hc_128
3,10.546701431274414,1.8328704833984375,1.5258811712265015,1.7555264234542847,5.4324235916137695,42.37047551454933,54.5979924972118,9.956402717225995,94.07090544700623,50.248944043998335,61.199166774749756,19.086788654327393,0.985074875,0.005,128,lr_0.005_hc_128
4,9.725598335266113,1.015366554260254,1.5299879312515259,1.7620373964309692,5.418206691741943,42.755753827435875,54.43577004968062,10.199736388522762,89.97292518615723,49.34104636294912,81.29588580131531,19.10718059539795,0.9801495006250001,0.005,128,lr_0.005_hc_128
5,9.428672790527344,0.8168054223060608,1.49357008934021,1.7477818727493286,5.3705153465271,44.32728378789415,55.033965324951836,10.909459596471661,79.51533794403076,47.446511663337105,102.8983359336853,20.628018856048584,0.9752487531218751,0.005,128,lr_0.005_hc_128
6,9.34422492980957,0.8274340629577637,1.4861465692520142,1.7227619886398315,5.307881832122803,44.742978809692794,54.66896481800669,11.669877319274056,75.33904910087585,46.60521751196235,125.6607940196991,21.800580501556396,0.9703725093562657,0.005,128,lr_0.005_hc_128
7,8.996210098266602,0.7181859612464905,1.4359087944030762,1.6668462753295898,5.175269603729248,45.23978505525702,54.46618675859271,12.430295042076448,77.78338193893433,47.47991219871513,147.8779580593109,21.314392805099487,0.9655206468094844,0.005,128,lr_0.005_hc_128
8,8.774353981018066,0.6391791105270386,1.4182077646255493,1.6514999866485596,5.065467357635498,45.28034066713982,54.009936124911285,13.383351921322111,81.89704418182373,48.642668223799234,169.3867576122284,20.49012041091919,0.960693043575437,0.005,128,lr_0.005_hc_128
9,8.694498062133789,0.6634858250617981,1.4081708192825317,1.6365642547607422,4.986276626586914,46.101591807766404,54.41549224373923,13.373213018351414,85.75202822685242,49.910581324177365,190.5995578765869,20.265857458114624,0.9558895783575597,0.005,128,lr_0.005_hc_128
10,8.633016586303711,0.7011111974716187,1.381614327430725,1.6132416725158691,4.937049388885498,46.85187062759809,55.743688532900734,13.890297069857041,84.7119688987732,50.29945628228227,212.00862836837769,20.355306148529053,0.9511101304657719,0.005,128,lr_0.005_hc_128
11,8.51226806640625,0.7186276316642761,1.3530654907226562,1.556233286857605,4.884342193603516,47.14589881374835,55.87549427151982,15.340160194666938,86.2942636013031,51.16395422030955,233.20563673973083,20.150273323059082,0.946354579813443,0.005,128,lr_0.005_hc_128
12,8.463435173034668,0.7547656297683716,1.3141452074050903,1.5108132362365723,4.883710861206055,49.680624556423,56.889384568589676,15.46182703031532,86.14901900291443,52.0452137895606,254.86109352111816,20.67335295677185,0.9416228069143757,0.005,128,lr_0.005_hc_128
13,8.317777633666992,0.7815064787864685,1.271041750907898,1.485124111175537,4.7801055908203125,50.86687620399473,58.734664909256814,15.867383149143263,83.88060331344604,52.33738189396022,277.03276443481445,21.111868143081665,0.9369146928798039,0.005,128,lr_0.005_hc_128
14,8.245429992675781,0.8315712809562683,1.2325665950775146,1.4326748847961426,4.748617172241211,53.067018148636315,59.82966643009227,17.459190915542937,81.31488561630249,52.9176902776435,298.35047030448914,20.287848949432373,0.9322301194154049,0.005,128,lr_0.005_hc_128
15,8.140214920043945,0.8660873174667358,1.1873356103897095,1.4101567268371582,4.676634788513184,55.14549325762953,60.79286221230863,18.432525600730003,81.671541929245,54.01060574997829,319.407279253006,20.089914798736572,0.9275689688183278,0.005,128,lr_0.005_hc_128
16,8.05375862121582,0.9027955532073975,1.1675782203674316,1.3822664022445679,4.601119041442871,55.3482713170435,62.050086180675244,19.537666024536147,78.29670906066895,53.80818314573096,340.32741594314575,19.94811224937439,0.9229311239742362,0.005,128,lr_0.005_hc_128
17,7.930202484130859,0.8856645226478577,1.1542543172836304,1.3657763004302979,4.524507522583008,56.230355875494276,62.52661462029808,20.186555814660853,79.62819337844849,54.64292992222541,361.49794602394104,20.202197551727295,0.918316468354365,0.005,128,lr_0.005_hc_128
18,7.794504165649414,0.859158456325531,1.1032333374023438,1.3301215171813965,4.501990795135498,58.278414275575386,63.1146709925986,20.652945351312987,79.67521548271179,55.43031152554969,382.6592471599579,20.215775966644287,0.9137248860125932,0.005,128,lr_0.005_hc_128
19,7.772156715393066,0.8747264742851257,1.0904598236083984,1.331763744354248,4.4752068519592285,59.46466592314712,63.51008820845585,21.35252965629119,79.40064668655396,55.93198261861203,404.60761165618896,20.994401693344116,0.9091562615825302,0.005,128,lr_0.005_hc_128
20,7.672983646392822,0.8760678172111511,1.0615010261535645,1.2887113094329834,4.4467034339904785,60.52925073507046,63.60133833519214,22.123086282064282,80.34138679504395,56.6487655368427,425.6647620201111,20.12739324569702,0.9046104802746175,0.005,128,lr_0.005_hc_128
21,7.545407772064209,0.8796075582504272,1.0185836553573608,1.2654736042022705,4.38174295425415,62.263003143059926,63.996755551049375,22.224475311771265,81.92815780639648,57.60309795306926,446.90226459503174,20.316245794296265,0.9000874278732445,0.005,128,lr_0.005_hc_128
22,7.506777286529541,0.9162513613700867,0.9989795684814453,1.2586361169815063,4.332910060882568,63.47967149954374,64.16911690155125,22.76183716921829,81.12305998802185,57.88342138958378,467.68701219558716,19.78291893005371,0.8955869907338783,0.005,128,lr_0.005_hc_128
23,7.431625843048096,0.9188868403434753,0.9678331613540649,1.2563995122909546,4.288506507873535,63.195782216364194,64.82814559464666,24.1204501672919,80.62894344329834,58.19333035540028,486.44812631607056,17.832754373550415,0.8911090557802088,0.005,128,lr_0.005_hc_128
24,7.3513383865356445,0.9318973422050476,0.9472970962524414,1.259073257446289,4.213070392608643,64.83828449761737,65.13231268376761,25.276285105951533,81.26373291015625,59.12765379937319,506.7229838371277,19.34666347503662,0.8866535105013078,0.005,128,lr_0.005_hc_128
25,7.3299055099487305,0.9831454753875732,0.9444686770439148,1.2319291830062866,4.1703619956970215,65.38578525803509,65.59870222041975,26.016425022812534,79.87591028213501,59.2192056958506,529.4882521629333,21.692915439605713,0.8822202429488013,0.005,128,lr_0.005_hc_128
26,7.279857635498047,1.0285446643829346,0.9221605658531189,1.2242851257324219,4.104867458343506,65.62911892933184,65.74064686200953,26.88837067829261,79.32652235031128,59.39616470498632,552.0475487709045,21.521143913269043,0.8778091417340573,0.005,128,lr_0.005_hc_128
27,7.101719379425049,0.9622913002967834,0.9095102548599243,1.2033236026763916,4.026594161987305,66.25773091351516,66.40981445807563,27.18239886444287,80.33193349838257,60.04546943360405,573.0885524749756,19.97701930999756,0.8734200960253871,0.005,128,lr_0.005_hc_128
28,7.067611217498779,1.008172869682312,0.9051334261894226,1.186829686164856,3.967475414276123,67.21078779276083,66.72412045016729,27.283787894149853,78.97903323173523,60.0494323422033,594.5829486846924,20.43358850479126,0.8690529955452602,0.005,128,lr_0.005_hc_128
29,6.975131988525391,1.003422498703003,0.8747364282608032,1.1649107933044434,3.9320621490478516,68.62009530568793,67.83939977694413,28.52073405657508,79.32881712913513,61.07726156708557,615.4671714305878,19.916355848312378,0.8647077305675338,0.005,128,lr_0.005_hc_128
30,6.954279899597168,1.0459856986999512,0.8752502799034119,1.1636890172958374,3.8693549633026123,68.0827334482409,67.78870526209064,30.041569502179865,78.76926064491272,61.17056721435603,636.5984840393066,20.169819355010986,0.8603841919146962,0.005,128,lr_0.005_hc_128
31,6.851986885070801,1.06646728515625,0.8478447794914246,1.1597881317138672,3.7778866291046143,69.12704045422285,68.1739835749772,30.518097941802697,79.64630126953125,61.86635581013349,658.4472999572754,20.82267451286316,0.8560822709551227,0.005,128,lr_0.005_hc_128
32,6.808253288269043,1.0933181047439575,0.8471219539642334,1.1391342878341675,3.7286789417266846,68.89384568589678,68.60995640271723,31.592821656696746,80.32419681549072,62.35520514020037,679.6268706321716,20.20876717567444,0.851801859600347,0.005,128,lr_0.005_hc_128
33,6.694494247436523,1.11019766330719,0.8350352644920349,1.136890172958374,3.6123714447021484,69.95843049782013,68.41731724627395,32.74865659535639,78.33040356636047,62.36370197645273,700.4443209171295,19.886143445968628,0.8475428503023453,0.005,128,lr_0.005_hc_128
34,6.61468505859375,1.0908501148223877,0.8357459902763367,1.1424564123153687,3.5456321239471436,69.98884720673223,68.43759505221534,33.75240798945554,78.23397517204285,62.603206355111496,721.9216866493225,20.416940689086914,0.8433051360508336,0.005,128,lr_0.005_hc_128
35,6.54817008972168,1.1401053667068481,0.8243063688278198,1.115001916885376,3.4687561988830566,70.92162628003649,69.21829058095913,34.705464868701206,77.34442949295044,63.04745280566182,742.7514259815216,19.86585569381714,0.8390886103705794,0.005,128,lr_0.005_hc_128
36,6.433231353759766,1.1139566898345947,0.8343949913978577,1.1220029592514038,3.3628768920898438,71.01287640677279,68.87356787995539,36.75352326878232,78.99263501167297,63.90815064179587,766.7255141735077,23.025774002075195,0.8348931673187264,0.005,128,lr_0.005_hc_128
37,6.374448299407959,1.1652483940124512,0.8268070220947266,1.1064202785491943,3.275972604751587,71.15482104836258,69.18787387204705,38.09185846091453,78.7104845046997,64.28625947150597,788.3614547252655,20.65650701522827,0.8307187014821328,0.005,128,lr_0.005_hc_128
38,6.370994567871094,1.2145342826843262,0.7900940775871277,1.0691698789596558,3.297196388244629,72.98996248605901,70.36398661664808,37.858663692588465,78.61330509185791,64.95647947178837,809.5286390781403,20.220520496368408,0.8265651079747222,0.005,128,lr_0.005_hc_128
39,6.299418926239014,1.2770872116088867,0.8039236068725586,1.0624639987945557,3.1559441089630127,72.86829565041063,70.2220419750583,39.0144986312481,78.86409759521484,65.24223346298297,830.5777044296265,20.011013507843018,0.8224322824348486,0.005,128,lr_0.005_hc_128
40,6.189455986022949,1.2008209228515625,0.8249107599258423,1.070061445236206,3.093662738800049,73.10149041873669,70.67829260873974,40.373111629321706,78.59058380126953,65.68586961451692,851.4229307174683,19.86054301261902,0.8183201210226743,0.005,128,lr_0.005_hc_128
41,6.1425371170043945,1.2666947841644287,0.7996195554733276,1.0850803852081299,2.9911422729492188,73.27385176923858,70.68843151171043,42.10686403731116,79.79364395141602,66.46569781741904,873.08389544487,20.72822666168213,0.8142285204175609,0.005,128,lr_0.005_hc_128
42,6.021334171295166,1.2511842250823975,0.8197637796401978,1.0772024393081665,2.8731837272644043,73.7199634999493,70.50593125823787,43.2424211700294,78.78963947296143,66.5644888502945,894.5879304409027,20.473557233810425,0.810157377815473,0.005,128,lr_0.005_hc_128
43,6.082144737243652,1.347942590713501,0.8257314562797546,1.0834498405456543,2.8250205516815186,73.27385176923858,70.75940383250531,44.73283990672209,79.07187938690186,66.95949372384196,917.3090336322784,21.656736135482788,0.8061065909263957,0.005,128,lr_0.005_hc_128
44,5.95654821395874,1.2977232933044434,0.8028473258018494,1.0741108655929565,2.7818665504455566,74.17621413363074,70.70870931765182,45.16881273446213,78.02243232727051,67.0190421282538,938.5055768489838,20.227814197540283,0.8020760579717637,0.005,128,lr_0.005_hc_128
45,5.920167922973633,1.2664343118667603,0.7980679869651794,1.0569261312484741,2.7987396717071533,74.62232586434148,70.37412551961879,45.01672918990165,79.34454679489136,67.33943184218832,959.6043791770935,20.03752899169922,0.798065677681905,0.005,128,lr_0.005_hc_128
46,5.879446983337402,1.3103693723678589,0.7742329835891724,1.0521377325057983,2.742706775665283,75.32191016931968,70.61745919091554,45.574368853290075,78.61330509185791,67.5317608263458,980.7105705738068,20.093509197235107,0.7940753492934954,0.005,128,lr_0.005_hc_128
47,5.880948066711426,1.3223365545272827,0.7885948419570923,1.0586442947387695,2.7113723754882812,75.0887154009936,70.26259758694108,46.132008516678496,78.70813608169556,67.54786439657718,1002.0226459503174,20.362340450286865,0.7901049725470279,0.005,128,lr_0.005_hc_128
48,5.835140228271484,1.3463398218154907,0.746625542640686,1.0707414150238037,2.671433448791504,76.30538375747744,70.8912095711244,46.64909256818412,78.85949611663818,68.17629550335604,1023.005128622055,19.963553428649902,0.7861544476842928,0.005,128,lr_0.005_hc_128
49,5.871043682098389,1.3215388059616089,0.7788726687431335,1.0910089015960693,2.6796233654022217,74.96704856534522,70.29301429585318,46.05089729291291,80.80644607543945,68.0293515573877,1044.6823234558105,20.63291597366333,0.7822236754458713,0.005,128,lr_0.005_hc_128
50,5.7790069580078125,1.365400791168213,0.7790075540542603,1.0636327266693115,2.5709657669067383,75.61593835546994,71.86454425631148,48.12937240190611,79.31712865829468,68.73174591799554,1068.2069985866547,22.58032774925232,0.778312557068642,0.005,128,lr_0.005_hc_128
51,5.8215861320495605,1.4528049230575562,0.7688751220703125,1.0643447637557983,2.5355610847473145,76.34593936936024,71.611071682044,49.35617966136064,79.32732701301575,69.16012943144516,1090.3950843811035,21.1518292427063,0.7744209942832988,0.005,128,lr_0.005_hc_128
52,5.7185959815979,1.4165759086608887,0.7576267719268799,1.062605381011963,2.481787919998169,76.74135658521747,71.93551657710636,49.53867991483322,78.50908041000366,69.18115837179019,1112.5558660030365,21.083096027374268,0.7705488893118823,0.005,128,lr_0.005_hc_128
53,5.627226829528809,1.3541133403778076,0.7780235409736633,1.0333466529846191,2.461743116378784,76.15330021291696,71.86454425631148,50.18756970495792,79.48322892189026,69.42216077401915,1134.616370677948,20.954444885253906,0.7666961448653229,0.005,128,lr_0.005_hc_128
54,5.746153354644775,1.424144983291626,0.7894690632820129,1.0598198175430298,2.472719669342041,75.36246578120247,71.66176619689749,50.12673628713373,79.48322892189026,69.15854929678099,1156.3961308002472,20.817967414855957,0.7628626641409962,0.005,128,lr_0.005_hc_128
55,5.647398948669434,1.4419704675674438,0.7431036829948425,1.0493196249008179,2.4130053520202637,76.95427354760214,71.77329412957518,50.87701510696543,78.02243232727051,69.40675377785331,1179.0391507148743,21.677595376968384,0.7590483508202912,0.005,128,lr_0.005_hc_128
56,5.571434020996094,1.4686750173568726,0.744165301322937,1.0148268938064575,2.343766927719116,77.43080198722498,72.3309337929636,51.45493257629524,78.01378965377808,69.80761450256547,1200.6135516166687,20.507379055023193,0.7552531090661897,0.005,128,lr_0.005_hc_128
57,5.534782409667969,1.4814612865447998,0.7335519790649414,1.008994221687317,2.310774803161621,77.38010747237148,72.19912805434451,52.30660042583393,77.2967278957367,69.79564096207164,1222.5435123443604,20.91053533554077,0.7514768435208588,0.005,128,lr_0.005_hc_128
58,5.603365421295166,1.534525990486145,0.7084707617759705,1.0282163619995117,2.3321523666381836,77.3091351515766,72.67565649396735,52.16465578424414,77.90722846984863,70.01416897490917,1244.4372396469116,20.83019781112671,0.7477194593032545,0.005,128,lr_0.005_hc_128
59,5.527332305908203,1.5439890623092651,0.72176194190979,1.0400742292404175,2.2215068340301514,77.62344114366826,72.41204501672918,53.98965831896989,77.69408822059631,70.42980817499091,1266.2959578037262,20.814854383468628,0.7439808620067382,0.005,128,lr_0.005_hc_128
60,5.551713943481445,1.5310462713241577,0.7267469763755798,1.0156702995300293,2.2782506942749023,77.76538578525803,72.64523978505525,53.26979620805029,78.6298394203186,70.57756529967055,1288.5707638263702,21.30718994140625,0.7402609576967045,0.005,128,lr_0.005_hc_128
61,5.490001678466797,1.547036051750183,0.7211260199546814,1.0237008333206177,2.198138952255249,77.79580249417013,72.88857345635202,54.38507553482713,78.92133593559265,70.99769685523547,1311.1656954288483,21.557613849639893,0.736559652908221,0.005,128,lr_0.005_hc_128
62,5.526270866394043,1.5588825941085815,0.7376418113708496,1.0361250638961792,2.1936209201812744,77.83635810605293,72.91899016526412,55.246882287336504,79.20422554016113,71.30161402470367,1333.3515980243683,21.181759357452393,0.7328768546436799,0.005,128,lr_0.005_hc_128
63,5.4695281982421875,1.5765947103500366,0.7439402341842651,1.0140920877456665,2.134901285171509,78.22163641893947,73.96329717124607,55.834938659637025,77.98722982406616,71.50177551847217,1356.2690124511719,21.959325075149536,0.7292124703704616,0.005,128,lr_0.005_hc_128
64,5.42458438873291,1.5564467906951904,0.736325740814209,1.043345332145691,2.0884668827056885,78.32302544864646,73.30426847815068,56.64605089729291,77.77059674263,71.51098539168001,1378.1869151592255,20.942700386047363,0.7255664080186093,0.005,128,lr_0.005_hc_128
65,5.387866973876953,1.5266200304031372,0.7216107249259949,1.0708976984024048,2.0687386989593506,77.27871844266451,72.72635100882084,56.44327283787894,78.06167602539062,71.12750457868873,1399.8173112869263,20.65807271003723,0.7219385759785162,0.005,128,lr_0.005_hc_128
66,5.477426528930664,1.585621953010559,0.7299029231071472,1.0357272624969482,2.126174211502075,77.67413565852175,72.63510088208456,56.017438913109594,77.94177532196045,71.06711269391909,1421.7442269325256,20.86152195930481,0.7183288830986236,0.005,128,lr_0.005_hc_128
67,5.435863494873047,1.6119399070739746,0.7284923195838928,1.0386775732040405,2.056753635406494,78.58663692588462,73.56787995538883,57.78160803001116,77.73723006248474,71.91833874344233,1444.7607448101044,21.945643186569214,0.7147372386831305,0.005,128,lr_0.005_hc_128
68,5.38107967376709,1.5819271802902222,0.7275733351707458,1.0376005172729492,2.0339784622192383,78.19121971002737,73.43607421676974,57.63966338842137,77.5067687034607,71.6934315046698,1463.8029794692993,18.030548095703125,0.7111635524897149,0.005,128,lr_0.005_hc_128
69,5.332404136657715,1.5816682577133179,0.7310836315155029,1.0547116994857788,1.9649407863616943,77.54232991990267,72.83787894149853,58.42035891716516,76.92763209342957,71.43204996799898,1484.4923703670502,19.75778889656067,0.7076077347272662,0.005,128,lr_0.005_hc_128
70,5.410253047943115,1.6278055906295776,0.7191535830497742,1.0275439023971558,2.035749912261963,78.6778870526209,73.44621311974045,58.02494170130792,78.1431794166565,72.07305532258144,1504.6878385543823,19.160995483398438,0.7040696960536299,0.005,128,lr_0.005_hc_128
71,5.36879301071167,1.6638753414154053,0.7162226438522339,1.0092624425888062,1.979432463645935,78.97191523877116,74.20663084254284,58.471053432018664,76.74181461334229,72.09785353166873,1525.2554016113281,19.541136026382446,0.7005493475733617,0.005,128,lr_0.005_hc_128
72,5.369973182678223,1.6123806238174438,0.7087020874023438,1.036321997642517,2.012568235397339,78.26219203082226,73.86190814153909,57.87285815674744,78.22543382644653,72.05559803888883,1546.364459514618,20.12799072265625,0.697046600835495,0.005,128,lr_0.005_hc_128
73,5.287410736083984,1.6433613300323486,0.6981170177459717,1.0559595823287964,1.8899726867675781,78.64747034370882,73.59829666430092,60.062861198418325,76.93936824798584,72.31199911360348,1568.281682252884,20.903205394744873,0.6935613678313175,0.005,128,lr_0.005_hc_128
74,5.355703830718994,1.7205243110656738,0.6996397376060486,1.0151922702789307,1.9203474521636963,78.85024840312278,73.45635202271114,59.55591604988341,76.00212693214417,71.96616085196538,1590.9034216403961,21.597831964492798,0.6900935609921609,0.005,128,lr_0.005_hc_128
75,5.381467819213867,1.7345426082611084,0.7262209057807922,1.0166196823120117,1.9040848016738892,78.63733144073811,74.00385278312886,61.0463347865761,76.82416439056396,72.62792085025175,1611.8309168815613,19.853100538253784,0.6866430931872001,0.005,128,lr_0.005_hc_128
76,5.35710334777832,1.7342143058776855,0.7110326290130615,1.0550771951675415,1.8567790985107422,78.59677582885531,73.33468518706276,60.508972929129065,78.12514901161194,72.64139573916478,1633.6945898532867,20.852673530578613,0.6832098777212641,0.005,128,lr_0.005_hc_128
77,5.391626834869385,1.7705228328704834,0.698829174041748,1.0652523040771484,1.8570224046707153,79.06316536550744,73.90246375342187,60.9753624657812,76.76144242286682,72.67560850189435,1655.416771888733,20.639732360839844,0.6797938283326578,0.005,128,lr_0.005_hc_128
78,5.25617790222168,1.6699637174606323,0.7072035670280457,1.0310612916946411,1.8479492664337158,79.09358207441954,74.15593632768935,60.60022305586536,77.9840350151062,72.95844411827012,1677.1237301826477,20.638195753097534,0.6763948591909945,0.005,128,lr_0.005_hc_128
79,5.218677997589111,1.639480710029602,0.6973734498023987,1.0447088479995728,1.837114930152893,78.7285815674744,74.10524181283586,61.543141032140326,76.8359899520874,72.80323859113449,1699.3869569301605,21.265900373458862,0.6730128848950395,0.005,128,lr_0.005_hc_128
80,5.192107677459717,1.648775339126587,0.6795598864555359,1.0430803298950195,1.8206919431686401,79.25580452195072,73.95315826827537,62.01966947176315,77.71371006965637,73.2355855829114,1721.857210636139,21.540437698364258,0.6696478204705644,0.005,128,lr_0.005_hc_128
81,5.191176414489746,1.716326355934143,0.6773334741592407,1.0217487812042236,1.7757678031921387,79.87427760316334,74.4803812227517,63.51008820845585,77.0960807800293,73.74020695360004,1743.7286586761475,20.895071744918823,0.6662995813682115,0.005,128,lr_0.005_hc_128
82,5.160118579864502,1.6331815719604492,0.7055376768112183,1.0442147254943848,1.7771844863891602,79.72219405860285,73.62871337321302,63.52022711142654,77.59870290756226,73.61745936270117,1765.4723784923553,20.673091411590576,0.6629680834613705,0.005,128,lr_0.005_hc_128
83,5.115368843078613,1.6836755275726318,0.689412534236908,1.0296694040298462,1.712611198425293,79.91483321504613,74.3992699989861,64.02717225996147,77.93229222297668,74.06839192424259,1785.2027142047882,18.727155923843384,0.6596532430440636,0.005,128,lr_0.005_hc_128
84,5.140289306640625,1.7033412456512451,0.6818923354148865,1.0304818153381348,1.7245739698410034,80.087194565548,74.91635405049173,64.41245057284802,76.90331935882568,74.07982963692837,1804.5394122600555,18.356295585632324,0.6563549768288433,0.005,128,lr_0.005_hc_128
85,5.152482032775879,1.7220780849456787,0.6727147698402405,1.0325969457626343,1.7250922918319702,80.55358410220013,74.4296867078982,64.4631450877015,77.47231125831604,74.22968178902897,1827.8285648822784,22.38327717781067,0.653073201944699,0.005,128,lr_0.005_hc_128
86,5.190007209777832,1.7424588203430176,0.7034262418746948,1.014229655265808,1.7298921346664429,79.65122173780796,74.73385379701917,64.70647875899827,77.83671617507935,74.23206761722619,1849.5564720630646,20.802080392837524,0.6498078359349755,0.005,128,lr_0.005_hc_128
87,5.128243923187256,1.7716240882873535,0.6848245859146118,1.0020854473114014,1.6697098016738892,80.09733346851871,74.80482611781405,64.97009023623644,76.69881582260132,74.14276641129263,1871.3444559574127,20.85354781150818,0.6465587967553006,0.005,128,lr_0.005_hc_128
88,5.217232704162598,1.8069988489151,0.6756368279457092,1.014814853668213,1.7197821140289307,80.71580654973131,74.91635405049173,64.36175605799453,77.16903686523438,74.29073838086299,1893.2319712638855,20.92377734184265,0.6433260027715241,0.005,128,lr_0.005_hc_128
89,5.0978593826293945,1.7335870265960693,0.652259349822998,1.0323033332824707,1.6797096729278564,80.71580654973131,74.89607624455033,64.5543952144378,77.26781368255615,74.3585229228189,1914.9840500354767,20.780149698257446,0.6401093727576664,0.005,128,lr_0.005_hc_128
90,5.1730875968933105,1.78292715549469,0.6789384484291077,1.0065146684646606,1.7047070264816284,80.8881679002332,75.47399371388016,64.98022913920714,77.44489312171936,74.69682096875997,1936.821019411087,20.72167706489563,0.6369088258938781,0.005,128,lr_0.005_hc_128
91,5.075742721557617,1.765265941619873,0.6574569344520569,1.008741855621338,1.6442779302597046,80.8374733853797,75.17996552772989,66.36925884619285,75.2121090888977,74.39970171205003,1959.4249544143677,21.569146633148193,0.6337242817644086,0.005,128,lr_0.005_hc_128
92,5.108602046966553,1.791207194328308,0.6629561185836792,1.0230743885040283,1.6313642263412476,80.63469532596574,74.92649295346243,66.89648180066918,76.48248672485352,74.73503920123771,1982.3746948242188,21.92401909828186,0.6305556603555866,0.005,128,lr_0.005_hc_128
93,5.054790019989014,1.7636184692382812,0.6486411690711975,1.0210602283477783,1.6214700937271118,81.04025144479368,75.57538274358714,66.85592618878637,78.03661227226257,75.37704316235745,2003.189735174179,19.87667965888977,0.6274028820538087,0.005,128,lr_0.005_hc_128
94,5.07423734664917,1.7786670923233032,0.6580419540405273,1.0226786136627197,1.6148498058319092,81.29372401906114,75.1495488188178,66.86606509175708,77.88610458374023,75.29886062834406,2029.4384143352509,25.26575469970703,0.6242658676435396,0.005,128,lr_0.005_hc_128
95,5.00729513168335,1.782403588294983,0.6690202355384827,1.0088329315185547,1.547038197517395,81.25316840717835,75.70718848220622,67.98134441853392,78.6157488822937,75.88936254755305,2053.97336101532,23.513758182525635,0.6211445383053219,0.005,128,lr_0.005_hc_128
96,5.110759735107422,1.8231312036514282,0.6438458561897278,1.0306874513626099,1.6130952835083008,82.08455845077563,75.72746628814762,67.09925986008314,78.5177230834961,75.85725192062563,2077.7589848041534,22.7210533618927,0.6180388156137953,0.005,128,lr_0.005_hc_128
97,5.086879253387451,1.8689532279968262,0.6604335904121399,1.0004380941390991,1.5570545196533203,80.98955692994018,75.65649396735273,67.96106661259252,77.5617003440857,75.54220446349278,2101.9849438667297,23.302282333374023,0.6149486215357263,0.005,128,lr_0.005_hc_128
98,5.138232707977295,1.9104610681533813,0.6680048108100891,1.0220146179199219,1.5377521514892578,81.5269187873872,76.19385582479975,69.15745716313495,77.2520363330841,76.0325670271015,2125.745153903961,22.733645915985107,0.6118738784280476,0.005,128,lr_0.005_hc_128
99,5.044823169708252,1.8471527099609375,0.6396602392196655,1.012905478477478,1.5451043844223022,81.24302950420764,75.57538274358714,68.62009530568793,77.82807350158691,75.8166452637674,2149.6668605804443,22.876752614974976,0.6088145090359074,0.005,128,lr_0.005_hc_128
100,5.1134233474731445,1.9376174211502075,0.6707404255867004,1.0043361186981201,1.5007293224334717,81.26330731014905,75.98093886241509,69.5325965730508,76.34370923042297,75.78013799400948,2173.889340162277,23.17373776435852,0.6057704364907278,0.005,128,lr_0.005_hc_128
101,5.092852592468262,1.9121322631835938,0.6680617928504944,1.0134451389312744,1.499213695526123,81.56747439927,75.7984386089425,69.65426340869918,77.13842391967773,76.03965008414735,2197.947327852249,23.022374391555786,0.6027415843082742,0.005,128,lr_0.005_hc_128
102,5.082703590393066,1.9640430212020874,0.6589557528495789,1.0016844272613525,1.4580203294754028,81.14164047450065,75.95052215350299,69.80634695325966,77.54911184310913,76.11190535609312,2222.4606227874756,23.39490008354187,0.5997278763867329,0.005,128,lr_0.005_hc_128
103,5.062163352966309,1.9298700094223022,0.6718703508377075,1.0295860767364502,1.4308366775512695,81.88178039136166,76.33580046638954,70.9419040859779,76.48802399635315,76.41187723502057,2246.3507866859436,22.878973722457886,0.5967292370047992,0.005,128,lr_0.005_hc_128
104,5.081108093261719,1.893423080444336,0.6710484623908997,1.001140832901001,1.515496015548706,81.08080705667646,76.44732839906722,70.16120855723412,77.14471817016602,76.20851554578594,2270.0481190681458,22.704458475112915,0.5937455908197752,0.005,128,lr_0.005_hc_128
105,5.024514198303223,1.9294430017471313,0.6678705215454102,0.9992309808731079,1.427970051765442,81.16191828044205,76.16343911588767,70.34370881070669,77.33287811279297,76.25048607995734,2293.7322857379913,22.617989540100098,0.5907768628656763,0.005,128,lr_0.005_hc_128
106,5.1100664138793945,2.0395517349243164,0.6647201776504517,0.9869127869606018,1.4188820123672485,81.43566866065092,76.45746730203791,70.92162628003649,76.19958519935608,76.25358686052036,2317.552933692932,22.748289108276367,0.5878229785513479,0.005,128,lr_0.005_hc_128
107,5.113455772399902,1.98241126537323,0.6536121964454651,0.9767674207687378,1.5006645917892456,81.93247490621515,76.85288451789516,70.59718138497415,76.5938401222229,76.49409523282684,2341.451645374298,22.8076913356781,0.5848838636585911,0.005,128,lr_0.005_hc_128
108,5.155154228210449,2.0587191581726074,0.6516314744949341,1.0110925436019897,1.4337108135223389,82.2265030923654,76.37635607827234,71.01287640677279,77.46292352676392,76.76966477604361,2366.126227378845,23.601289987564087,0.5819594443402982,0.005,128,lr_0.005_hc_128
109,5.208512306213379,2.078174114227295,0.6577153205871582,1.0240834951400757,1.4485392570495605,81.94261380918584,76.11274460103417,71.6313494879854,75.99818706512451,76.42122374083247,2389.8288247585297,22.676402807235718,0.5790496471185967,0.005,128,lr_0.005_hc_128
110,5.1838579177856445,2.029330015182495,0.6780624389648438,1.0265326499938965,1.44993257522583,81.85136368244956,75.95052215350299,71.49954374936632,76.85083150863647,76.53806527348883,2413.848685979843,22.961435794830322,0.5761543988830038,0.005,128,lr_0.005_hc_128
111,5.332319259643555,2.062711238861084,0.716788113117218,1.0671298503875732,1.4856901168823242,81.23289060123695,76.36621717530163,71.26634898104025,77.0139217376709,76.46984462381243,2437.424623966217,22.629097938537598,0.5732736268885887,0.005,128,lr_0.005_hc_128
112,5.1244306564331055,2.016460418701172,0.68207848072052,1.0287758111953735,1.3971163034439087,81.63844672006489,76.15330021291696,72.17885024840312,77.24274396896362,76.80333528758715,2461.2570900917053,22.76205801963806,0.5704072587541458,0.005,128,lr_0.005_hc_128
113,5.103145122528076,2.0133063793182373,0.6727586984634399,1.0396071672439575,1.3774728775024414,81.5269187873872,76.43718949609652,72.00648889790125,77.64629125595093,76.90422210933397,2485.0840027332306,22.825978994369507,0.567555222460375,0.005,128,lr_0.005_hc_128
114,5.105632305145264,2.008685827255249,0.6590760350227356,1.0391979217529297,1.3986724615097046,82.09469735374633,76.11274460103417,72.56412856128966,77.24894285202026,77.0051283420226,2509.984988927841,23.859734535217285,0.5647174463480732,0.005,128,lr_0.005_hc_128
115,5.097176551818848,2.011202812194824,0.6582441329956055,1.0194706916809082,1.4082589149475098,82.15553077157051,76.14316130994627,72.47287843455338,76.7215371131897,76.87327690731496,2533.765950202942,22.665868997573853,0.5618938591163328,0.005,128,lr_0.005_hc_128
116,5.1027421951293945,2.069074869155884,0.6441119313240051,1.0075474977493286,1.3820081949234009,82.72330933792963,77.16719050998681,73.19274054547297,75.59378147125244,77.16925546616046,2557.234766960144,22.401820182800293,0.5590843898207511,0.005,128,lr_0.005_hc_128
117,5.0671586990356445,2.054622173309326,0.679378092288971,1.007386326789856,1.3257722854614258,82.14539186859982,76.6602453614519,73.57801885835953,77.30696201324463,77.42265452541398,2578.2983424663544,20.032387018203735,0.5562889678716474,0.005,128,lr_0.005_hc_128
118,5.094534873962402,2.0425291061401367,0.6840006113052368,1.010083794593811,1.357921838760376,81.5978911081821,76.74135658521747,73.48676873162324,77.2481918334961,77.26855206462973,2601.884266138077,22.65393590927124,0.5535075230322891,0.005,128,lr_0.005_hc_128
119,4.899348735809326,1.9204237461090088,0.6615614295005798,1.0100420713424683,1.3073216676712036,82.74358714387104,77.42066308425429,74.470242319781,77.56479382514954,78.04982159326396,2624.403502225876,21.55820655822754,0.5507399854171277,0.005,128,lr_0.005_hc_128
120,5.091135501861572,2.059281826019287,0.6617333889007568,0.9994726777076721,1.3706477880477905,82.65233701713474,77.3192740545473,73.98357497718747,75.8382797241211,77.44836644324765,2649.599901199341,24.127381324768066,0.547986285490042,0.005,128,lr_0.005_hc_128
121,5.078295707702637,1.9942556619644165,0.6550146341323853,1.0185736417770386,1.4104520082473755,82.51039237554497,77.09621818919193,73.15218493359018,76.08672380447388,77.21137982570025,2673.418624639511,22.78276038169861,0.5452463540625918,0.005,128,lr_0.005_hc_128
122,4.944530487060547,1.9429848194122314,0.6563156247138977,1.0039786100387573,1.341251254081726,82.69289262901755,77.19760721889891,73.94301936530468,77.36254930496216,77.79901712954582,2697.301151037216,22.792028188705444,0.5425201222922789,0.005,128,lr_0.005_hc_128
123,4.943361282348633,1.923014521598816,0.674140214920044,0.9917015433311462,1.354504942893982,82.45969786069148,77.42066308425429,73.6895467910372,76.24108791351318,77.45274891237403,2720.9337916374207,22.64024782180786,0.5398075216808175,0.005,128,lr_0.005_hc_128
124,5.017610549926758,1.9677064418792725,0.6800594925880432,1.0403169393539429,1.3295276165008545,81.93247490621515,76.96441245057285,74.4803812227517,77.31325626373291,77.67263121081815,2744.6347897052765,22.739990949630737,0.5371084840724134,0.005,128,lr_0.005_hc_128
125,4.881400108337402,1.912238359451294,0.6267924904823303,1.0020028352737427,1.3403664827346802,83.01733752407989,77.63358004663895,74.4296867078982,77.76779532432556,78.21209990073565,2769.177659511566,23.466646194458008,0.5344229416520513,0.005,128,lr_0.005_hc_128
126,4.96605110168457,1.9189708232879639,0.6430992484092712,1.0523717403411865,1.351609468460083,83.56483828449763,77.11649599513333,74.87579843860894,76.71064734458923,78.06694501570728,2792.8839654922485,22.703428268432617,0.531750826943791,0.005,128,lr_0.005_hc_128
127,4.935345649719238,1.9639743566513062,0.6537961363792419,1.018032193183899,1.299542784690857,83.43303254587853,77.43080198722498,75.9302443475616,75.56946277618408,78.0908854142123,2817.3132803440094,23.40356469154358,0.5290920728090721,0.005,128,lr_0.005_hc_128
128,4.914871692657471,1.936454176902771,0.672570526599884,1.0511571168899536,1.2546898126602173,83.09844874784548,76.94413464463145,75.63621616141134,76.44877433776855,78.0318934729142,2840.9403128623962,22.604159355163574,0.5264466124450268,0.005,128,lr_0.005_hc_128
129,4.9882097244262695,2.0063419342041016,0.6633360385894775,1.0245610475540161,1.2939703464508057,82.85511507654871,77.329412957518,75.68691067626483,76.50210857391357,78.09338682106129,2864.3946294784546,22.405691385269165,0.5238143793828016,0.005,128,lr_0.005_hc_128
130,4.974666595458984,2.005572557449341,0.6313149333000183,1.0397143363952637,1.2980644702911377,83.42289364290784,77.13677380107472,76.03163337726858,76.9315779209137,78.38071968554121,2887.8000571727753,22.43520164489746,0.5211953074858876,0.005,128,lr_0.005_hc_128
131,4.924091815948486,1.9449701309204102,0.6504827737808228,1.0642850399017334,1.2643541097640991,83.53442157558553,77.3192740545473,76.35607827233093,77.94018387794495,78.78748944510218,2911.811765909195,22.92336916923523,0.5185893309484582,0.005,128,lr_0.005_hc_128
132,4.9708099365234375,2.003493547439575,0.6691539287567139,1.0496165752410889,1.2485456466674805,83.31136571023016,77.69441346446314,76.88330122680725,75.00920295715332,78.22457083966347,2935.3197054862976,22.494706630706787,0.5159963842937159,0.005,128,lr_0.005_hc_128
133,4.996181964874268,1.9854497909545898,0.6602247357368469,1.0447970628738403,1.3057103157043457,83.20997668052317,77.72483017337524,76.03163337726858,76.12352967262268,78.27249247594742,2958.4851570129395,22.18991231918335,0.5134164023722473,0.005,128,lr_0.005_hc_128
134,5.015758514404297,2.0087618827819824,0.6836644411087036,1.0296363830566406,1.2936960458755493,83.33164351617155,78.29260873973436,76.17357801885835,77.03260779380798,78.70760951714306,2981.633404970169,22.192822217941284,0.510849320360386,0.005,128,lr_0.005_hc_128
135,4.93143367767334,1.9949458837509155,0.62852543592453,1.0235224962234497,1.284440040588379,84.01095001520835,78.0492750684376,76.41691169015512,76.30934715270996,78.69662098162775,3004.940401315689,22.23311471939087,0.5082950737585841,0.005,128,lr_0.005_hc_128
136,5.029809951782227,2.0203163623809814,0.6684860587120056,1.0614488124847412,1.2795586585998535,83.61553279935112,77.3395518604887,76.5994119436277,77.49109268188477,78.76139732133807,3028.1912503242493,22.207606554031372,0.5057535983897912,0.005,128,lr_0.005_hc_128
137,4.917807102203369,1.988845705986023,0.683129072189331,1.0337790250778198,1.2120534181594849,83.08830984487479,78.31288654567575,77.75524688228734,78.4613847732544,79.40445701152306,3052.278965473175,23.054800987243652,0.5032248303978422,0.005,128,lr_0.005_hc_128
138,4.978353500366211,2.0698556900024414,0.6703732013702393,1.0219851732254028,1.2161394357681274,83.6459495082632,78.29260873973436,78.0087194565548,78.44411134719849,79.59784726293772,3075.743015050888,22.46379542350769,0.500708706245853,0.005,128,lr_0.005_hc_128
139,4.919732570648193,1.9838112592697144,0.6657975912094116,1.0554835796356201,1.2146401405334473,83.65608841123391,77.71469127040454,77.61330224069755,76.93626880645752,78.98008768219839,3099.4722471237183,22.71395516395569,0.5,0.005,128,lr_0.005_hc_128
140,4.975927829742432,2.0385541915893555,0.6371734738349915,1.022950291633606,1.2772496938705444,84.55845077562608,78.44469228429483,77.3699685694008,77.41672992706299,79.44746038909618,3119.1992616653442,18.674704551696777,0.5,0.005,128,lr_0.005_hc_128
141,4.921888828277588,2.0750887393951416,0.621613085269928,0.9971875548362732,1.2279993295669556,84.74095102909865,78.52580350806043,77.89719152387711,78.534996509552,79.92473564264705,3138.6349835395813,18.450115442276,0.5,0.005,128,lr_0.005_hc_128
142,4.92186164855957,2.0338399410247803,0.6415966749191284,1.0026531219482422,1.243772029876709,84.73081212612796,78.54608131400182,77.95802494170131,78.02318334579468,79.81452543190643,3158.8010535240173,19.144580841064453,0.5,0.005,128,lr_0.005_hc_128
143,4.912459850311279,2.023449182510376,0.6536527872085571,1.0304664373397827,1.204891324043274,84.40636723106559,78.43455338132415,77.93774713575992,77.82262563705444,79.65032334630102,3182.735934972763,22.986048460006714,0.5,0.005,128,lr_0.005_hc_128
144,4.94749641418457,2.0888984203338623,0.6279777884483337,1.0407558679580688,1.1898642778396606,84.81192334989353,78.60691473182601,78.22163641893947,76.72069072723389,79.59029130697323,3203.0944471359253,19.29910373687744,0.5,0.005,128,lr_0.005_hc_128
145,4.94808292388916,2.049074172973633,0.6411429047584534,1.0337591171264648,1.224106788635254,84.30497820135862,78.31288654567575,78.0289972624962,77.690988779068,79.58446269714963,3225.2475242614746,21.240845441818237,0.5,0.005,128,lr_0.005_hc_128
146,4.881732940673828,2.0356245040893555,0.652669370174408,1.0364453792572021,1.1569937467575073,84.4165061340363,78.12024738923249,79.23552671600933,77.5287389755249,79.82525480370074,3248.414876461029,22.12404179573059,0.5,0.005,128,lr_0.005_hc_128
147,4.869962692260742,2.082925796508789,0.6210042834281921,1.0329312086105347,1.133101224899292,84.65983980533306,78.14052519517388,79.39774916354051,77.89943218231201,80.02438658658987,3271.5629756450653,22.150002002716064,0.5,0.005,128,lr_0.005_hc_128
148,4.887356281280518,2.054328680038452,0.6240658760070801,1.0073940753936768,1.201567530632019,84.88289567068843,78.59677582885531,78.30274764270506,76.66980028152466,79.61305485594336,3294.836814403534,22.32209539413452,0.5,0.005,128,lr_0.005_hc_128
149,4.774322509765625,2.0300228595733643,0.5958717465400696,0.999758780002594,1.1486693620681763,85.02484031227822,78.69816485856231,79.23552671600933,78.04281115531921,80.25033576054227,3319.043696165085,23.147357940673828,0.5,0.005,128,lr_0.005_hc_128
150,4.844984531402588,2.0567843914031982,0.6150159239768982,1.032599687576294,1.1405843496322632,84.92345128257122,78.36358106052926,79.39774916354051,77.54442095756531,80.05730061605158,3342.328217983246,22.191851377487183,0.5,0.005,128,lr_0.005_hc_128
151,4.715025424957275,1.946359634399414,0.6288120150566101,1.0210751295089722,1.1187785863876343,84.4469228429484,78.64747034370882,79.89455540910474,78.96915078163147,80.48952484434835,3365.991438150406,22.6560959815979,0.5,0.005,128,lr_0.005_hc_128
152,4.775280952453613,1.9635229110717773,0.6321729421615601,1.0433766841888428,1.136208415031433,84.3962283280949,78.22163641893947,79.36733245462841,77.6651680469513,79.91259131215351,3389.2346048355103,22.281569480895996,0.5,0.005,128,lr_0.005_hc_128
153,4.6798553466796875,1.9055306911468506,0.6154875159263611,1.0211231708526611,1.1377137899398804,84.98428470039542,78.66774814965021,78.47510899320693,77.94177532196045,80.01722929130325,3412.5905585289,22.306010246276855,0.5,0.005,128,lr_0.005_hc_128
154,4.681314468383789,1.8992195129394531,0.6303659677505493,1.0129470825195312,1.1387819051742554,84.56858967859677,78.48524789617764,79.17469329818513,78.4425139427185,80.16776120391951,3435.822414159775,22.17307472229004,0.5,0.005,128,lr_0.005_hc_128
155,4.727351188659668,1.9441732168197632,0.6287459135055542,1.0025291442871094,1.1519031524658203,84.50775626077258,79.20511000709723,79.13413768630234,77.15645432472229,80.00086456972362,3455.1612293720245,18.411208868026733,0.5,0.005,128,lr_0.005_hc_128
156,4.691647052764893,1.8651037216186523,0.630911648273468,1.012949824333191,1.182681918144226,85.1566460508973,78.7184426645037,78.90094291797628,77.56789922714233,80.0859827151299,3474.286698102951,18.078308582305908,0.5,0.005,128,lr_0.005_hc_128
157,4.62893533706665,1.8889007568359375,0.6380423307418823,0.9978315830230713,1.1041605472564697,84.72067322315725,78.89080401500557,79.70191625266146,76.9793689250946,80.07319060397973,3498.5041959285736,23.148571491241455,0.5,0.005,128,lr_0.005_hc_128
158,4.602357864379883,1.8232710361480713,0.6335960030555725,0.9790887832641602,1.1664018630981445,84.62942309642096,79.24566561898003,79.22538781303862,78.58278751373291,80.42081601054313,3521.709035396576,22.214783191680908,0.5,0.005,128,lr_0.005_hc_128
159,4.5559587478637695,1.833772897720337,0.6275875568389893,0.9982803463935852,1.096318244934082,84.57872858156747,78.57649802291392,79.93511102098752,78.92446517944336,80.50370070122807,3544.9149787425995,22.23466396331787,0.5,0.005,128,lr_0.005_hc_128
160,4.663934707641602,1.955275297164917,0.6063454747200012,0.9698947668075562,1.1324193477630615,85.0755348271317,78.92122072391767,79.30649903680423,78.45509052276611,80.43958627765493,3568.12282037735,22.183300256729126,0.5,0.005,128,lr_0.005_hc_128
161,4.6109161376953125,1.910944938659668,0.6106210947036743,0.993049681186676,1.0963008403778076,84.94372908851263,78.7387204704451,79.74247186454426,77.15569734573364,80.1451546923089,3592.206608057022,23.00665831565857,0.5,0.005,128,lr_0.005_hc_128
162,4.603412628173828,1.933272123336792,0.5942046642303467,0.9789087772369385,1.097027063369751,85.29859069248708,78.99219304471256,79.29636013383352,77.57887840270996,80.29150556843578,3615.6469025611877,22.33786678314209,0.5,0.005,128,lr_0.005_hc_128
163,4.561428070068359,1.8848435878753662,0.6099370718002319,0.9857455492019653,1.080901861190796,84.90317347662983,78.87052620906418,79.24566561898003,78.24186086654663,80.31530654280516,3638.9847164154053,22.26222562789917,0.5,0.005,128,lr_0.005_hc_128
164,4.6736931800842285,1.973850965499878,0.6210413575172424,1.001296877861023,1.07750403881073,84.75108993206935,78.41427557538275,80.19872249822569,78.52241396903992,80.47162549367943,3662.235855817795,22.15902304649353,0.5,0.005,128,lr_0.005_hc_128
165,4.556445121765137,1.9321039915084839,0.6039382219314575,0.9794140458106995,1.040988802909851,84.74095102909865,79.02260975362466,80.38122275169826,78.27407121658325,80.6047136877512,3685.7791442871094,22.447246551513672,0.5,0.005,128,lr_0.005_hc_128
166,4.593242645263672,1.9468621015548706,0.5985483527183533,1.0012329816818237,1.0465991497039795,85.36956301328196,79.21524891006793,80.33052823684478,77.75521278381348,80.66763823600203,3708.9514932632446,22.21841859817505,0.5,0.005,128,lr_0.005_hc_128
167,4.618755340576172,1.9690923690795898,0.6052049994468689,0.9871453642845154,1.0573124885559082,85.0755348271317,79.23552671600933,80.53330629625874,79.93401288986206,81.19459518231547,3733.044408559799,23.050559759140015,0.5,0.005,128,lr_0.005_hc_128
168,4.537817001342773,1.8798877000808716,0.6162917613983154,0.9976904392242432,1.0439469814300537,85.31886849842847,78.79955388826929,81.16191828044205,79.5914888381958,81.2179573763339,3756.363652229309,22.35559630393982,0.5,0.005,128,lr_0.005_hc_128
169,4.618393898010254,1.969010829925537,0.6291653513908386,0.9682369232177734,1.051980972290039,85.0958126330731,79.33691574571633,80.66511203487782,77.85474061965942,80.73814525833167,3780.1283888816833,22.746063709259033,0.5,0.005,128,lr_0.005_hc_128
170,4.473280906677246,1.8676888942718506,0.6234534382820129,0.9442007541656494,1.0379377603530884,85.05525702119031,79.79316637939775,80.64483422893642,79.11413311958313,81.1518476872769,3803.519073009491,22.273667812347412,0.5,0.005,128,lr_0.005_hc_128
171,4.575472354888916,1.885932445526123,0.6263629794120789,0.9964927434921265,1.0666842460632324,85.42025752813545,78.90094291797628,80.42177836358107,78.70973348617554,80.86317807396708,3826.6471531391144,22.138731718063354,0.5,0.005,128,lr_0.005_hc_128
172,4.509792327880859,1.874014973640442,0.6020162105560303,0.9668302536010742,1.0669307708740234,85.73456352022711,78.8401095001521,80.64483422893642,79.05930280685425,81.06970251404246,3850.6078205108643,22.876123189926147,0.5,0.005,128,lr_0.005_hc_128
173,4.530226230621338,1.8739835023880005,0.6074554920196533,0.9569479823112488,1.091839075088501,85.60275778160803,79.57011051404238,80.59413971408293,78.76222133636475,81.13230733652452,3874.824556350708,23.137414932250977,0.5,0.005,128,lr_0.005_hc_128
174,4.4916486740112305,1.871584177017212,0.6124138832092285,0.9517388343811035,1.0559117794036865,85.1059515360438,79.71205515563216,81.21261279529554,80.02640008926392,81.51425489405885,3898.3269517421722,22.442776203155518,0.5,0.005,128,lr_0.005_hc_128
175,4.504427909851074,1.8824796676635742,0.5938342809677124,0.9592392444610596,1.0688748359680176,85.34928520734056,79.07330426847815,80.87802899726249,77.55765914916992,80.71456940556278,3921.9680886268616,22.615954875946045,0.5,0.005,128,lr_0.005_hc_128
176,4.455699443817139,1.8763022422790527,0.603066086769104,0.970217764377594,1.0061134099960327,85.31886849842847,79.24566561898003,80.94900131805738,78.58203649520874,81.02389298266866,3945.1177685260773,22.200948476791382,0.5,0.005,128,lr_0.005_hc_128
177,4.45822811126709,1.8391704559326172,0.584275484085083,0.9675031304359436,1.0672791004180908,85.60275778160803,79.18483220115583,80.27983372199128,78.4683346748352,80.8839395948976,3968.7253720760345,22.629306316375732,0.5,0.005,128,lr_0.005_hc_128
178,4.462035179138184,1.8336037397384644,0.5978518724441528,0.9790397882461548,1.0515400171279907,85.36956301328196,79.33691574571633,80.90844570617459,79.01855111122131,81.15836889409856,3991.9573929309845,22.159202814102173,0.5,0.005,128,lr_0.005_hc_128
179,4.557069778442383,1.9363869428634644,0.5954949855804443,0.9895450472831726,1.0356427431106567,85.28845178951637,78.80969279123998,80.61441752002433,77.16115117073059,80.46842831787782,4016.0050053596497,23.066455602645874,0.5,0.005,128,lr_0.005_hc_128
180,4.4562764167785645,1.8453141450881958,0.5711259841918945,0.9630187153816223,1.0768178701400757,86.08942512420155,79.08344317144885,79.84386089425124,78.76306772232056,80.94494922805555,4039.426456451416,22.38719892501831,0.5,0.005,128,lr_0.005_hc_128
181,4.431558132171631,1.8613654375076294,0.5905247330665588,0.9459993243217468,1.0336683988571167,84.98428470039542,79.42816587245261,80.70566764676063,79.20427322387695,81.08059786087139,4062.6605427265167,22.252128839492798,0.5,0.005,128,lr_0.005_hc_128
182,4.498690605163574,1.8767938613891602,0.5873810052871704,0.9561576247215271,1.0783580541610718,85.49122984893035,79.4078880665112,80.47247287843456,79.7364592552185,81.27701251227364,4085.9159462451935,22.18749475479126,0.5,0.005,128,lr_0.005_hc_128
183,4.484889984130859,1.9139533042907715,0.5954478979110718,0.9560262560844421,1.0194621086120605,85.76498022913921,79.29636013383352,80.66511203487782,78.60870361328125,81.08378900278295,4110.055048942566,23.169284105300903,0.5,0.005,128,lr_0.005_hc_128
184,4.447088241577148,1.8963792324066162,0.6144692897796631,0.9404361248016357,0.9958036541938782,85.1160904390145,79.86413870019264,81.94261380918584,77.18227505683899,81.026279501308,4134.522660970688,23.507908582687378,0.5,0.005,128,lr_0.005_hc_128
185,4.46107816696167,1.8251519203186035,0.6343112587928772,0.9693787097930908,1.0322364568710327,85.33914630436986,79.20511000709723,81.44580756362161,78.80691289901733,81.19924419352651,4158.731529951096,23.181517601013184,0.5,0.005,128,lr_0.005_hc_128
186,4.46542501449585,1.906198263168335,0.6178593039512634,0.9463958740234375,0.9949713349342346,85.33914630436986,79.83372199128056,81.40525195173882,78.7340521812439,81.3280431071583,4182.211025238037,22.51442575454712,0.5,0.005,128,lr_0.005_hc_128
187,4.452214241027832,1.9144599437713623,0.5840359330177307,0.9702884554862976,0.983430027961731,85.84609145290479,79.3876102605698,82.04400283889282,79.29280996322632,81.64262862889844,4205.744167327881,22.441753149032593,0.5,0.005,128,lr_0.005_hc_128
188,4.365970611572266,1.9148119688034058,0.5750917196273804,0.9194040298461914,0.9566627144813538,86.24150866876204,80.02636114772382,81.5269187873872,79.93316650390625,81.93198877694483,4229.543792009354,22.70604634284973,0.5,0.005,128,lr_0.005_hc_128
189,4.4296464920043945,1.940508484840393,0.5753949284553528,0.9354643821716309,0.9782785773277283,85.90692487072899,79.65122173780796,81.70941904085977,79.5961856842041,81.7159378334002,4253.060889959335,22.51592445373535,0.5,0.005,128,lr_0.005_hc_128
190,4.4566779136657715,1.8854331970214844,0.5734553337097168,0.958191454410553,1.039597988128662,85.8359525499341,79.68163844672006,81.81080807056676,79.59843873977661,81.73170945174938,4276.6961369514465,22.56495690345764,0.5,0.005,128,lr_0.005_hc_128
191,4.425288677215576,1.9311418533325195,0.5497770309448242,0.9410670399665833,1.003302812576294,86.72817601135557,79.76274967048566,81.5471965933286,79.47149276733398,81.87740376062595,4300.946725130081,23.155159950256348,0.5,0.005,128,lr_0.005_hc_128
192,4.402961730957031,1.8590176105499268,0.588796854019165,0.9532530903816223,1.0018943548202515,85.55206326675454,79.49913819324749,81.08080705667646,78.7560224533081,81.22200774249664,4324.273600816727,22.35994791984558,0.5,0.005,128,lr_0.005_hc_128
193,4.370849132537842,1.834303855895996,0.5648661851882935,0.962656557559967,1.00902259349823,86.16039744499645,79.50927709621818,81.21261279529554,78.55536937713623,81.3594141784116,4347.7247042655945,22.385303497314453,0.5,0.005,128,lr_0.005_hc_128
194,4.3755388259887695,1.85608971118927,0.6036504507064819,0.9603964686393738,0.9554022550582886,85.37970191625266,79.16455439521444,82.18594748048261,79.1667103767395,81.4742285421723,4371.3414311409,22.51923155784607,0.5,0.005,128,lr_0.005_hc_128
195,4.386745452880859,1.8721446990966797,0.5718863606452942,0.958527147769928,0.9841873645782471,86.33275879549834,79.91483321504613,82.01358612998074,79.16661500930786,81.85694828745827,4394.851588487625,22.47932004928589,0.5,0.005,128,lr_0.005_hc_128
196,4.425723075866699,1.8616994619369507,0.5837390422821045,0.9469447135925293,1.0333400964736938,85.91706377369968,79.66136064077867,80.72594545270202,78.29519510269165,81.14989124246802,4418.358286142349,22.540998458862305,0.5,0.005,128,lr_0.005_hc_128
197,4.40060567855835,1.9053810834884644,0.5830150246620178,0.9484782218933105,0.9637314081192017,86.41387001926391,79.77288857345636,81.98316942106864,79.10708785057068,81.8192539660899,4442.33912396431,22.97774648666382,0.5,0.005,128,lr_0.005_hc_128
198,4.460197448730469,1.8623813390731812,0.5882936120033264,0.9718502759933472,1.0376718044281006,85.49122984893035,79.31663793977492,81.23289060123695,79.04596328735352,81.27168041932393,4465.648156642914,22.2907555103302,0.5,0.005,128,lr_0.005_hc_128
199,4.3924479484558105,1.8729981184005737,0.5979278087615967,0.9358651638031006,0.9856570363044739,85.71428571428571,79.549832708101,82.18594748048261,79.06004786491394,81.62752844194581,4489.041974782944,22.415837049484253,0.5,0.005,128,lr_0.005_hc_128
200,4.419173240661621,1.9494978189468384,0.5898573994636536,0.927035927772522,0.9527822136878967,85.70414681131501,79.83372199128056,81.88178039136166,78.58278751373291,81.50060917692254,4512.363780260086,22.303982973098755,0.5,0.005,128,lr_0.005_hc_128
201,4.4386982917785645,1.9222311973571777,0.5932217836380005,0.9502595663070679,0.9729856848716736,86.09956402717226,79.13413768630234,81.89191929433235,78.71057987213135,81.45905021998458,4535.803771734238,22.436853647232056,0.5,0.005,128,lr_0.005_hc_128
202,4.383193016052246,1.8652509450912476,0.5819780826568604,0.9475933313369751,0.9883708357810974,86.06914731826016,79.448443678394,81.98316942106864,78.74269485473633,81.56086381811478,4559.331155538559,22.4600932598114,0.5,0.005,128,lr_0.005_hc_128
203,4.4638285636901855,1.9261391162872314,0.5799663662910461,0.9421129822731018,1.0156100988388062,85.84609145290479,79.3774713575991,81.42552975768021,79.20746803283691,81.46414015025526,4583.592992782593,23.25743579864502,0.5,0.005,128,lr_0.005_hc_128
204,4.401642799377441,1.867486596107483,0.5596485733985901,0.9717788696289062,1.0027285814285278,86.71803710838488,79.31663793977492,81.22275169826625,78.37988138198853,81.40932703210365,4607.081149816513,22.506101369857788,0.5,0.005,128,lr_0.005_hc_128
205,4.376747131347656,1.909590482711792,0.55255526304245,0.9293577075004578,0.9852437973022461,86.5659535638244,79.81344418533915,81.97303051809794,80.01306653022766,82.09137369937228,4630.517472743988,22.365474939346313,0.5,0.005,128,lr_0.005_hc_128
206,4.398688793182373,1.942124366760254,0.5788795948028564,0.9597018361091614,0.9179831743240356,85.8562303558755,79.24566561898003,82.21636418939471,79.20896410942078,81.63180606841776,4653.813987731934,22.30624485015869,0.5,0.005,128,lr_0.005_hc_128
207,4.328808307647705,1.8972996473312378,0.5849273800849915,0.9257931113243103,0.9207879304885864,85.80553584102199,80.23927811010849,82.45969786069148,77.86957025527954,81.59352051677537,4677.085707426071,22.224952697753906,0.5,0.005,128,lr_0.005_hc_128
208,4.414607048034668,1.913093090057373,0.5872809886932373,0.947237491607666,0.9669952988624573,86.47470343708811,79.5194159991889,81.81080807056676,78.47856879234314,81.57087407479673,4700.936531543732,22.837465524673462,0.5,0.005,128,lr_0.005_hc_128
209,4.318208694458008,1.8378762006759644,0.583250880241394,0.9314563274383545,0.965625524520874,86.02859170637737,79.85399979722195,82.08455845077563,79.58435416221619,81.88787602914778,4725.103680372238,23.07527446746826,0.5,0.005,128,lr_0.005_hc_128
210,4.35431432723999,1.867170810699463,0.5878041982650757,0.9549632668495178,0.9443758130073547,86.19081415390855,80.28997262496198,82.81455946466593,77.63841152191162,81.73343944136202,4748.435012340546,22.361624717712402,0.5,0.005,128,lr_0.005_hc_128
211,4.315863132476807,1.8472437858581543,0.6025694608688354,0.9349141716957092,0.9311358332633972,85.60275778160803,79.82358308830985,82.37858663692589,78.32251787185669,81.53186134467512,4771.626625776291,22.192084789276123,0.5,0.005,128,lr_0.005_hc_128
212,4.356866836547852,1.884748101234436,0.5792559385299683,0.9405839443206787,0.952278733253479,86.36317550441042,79.84386089425124,82.54080908445705,79.10634279251099,81.96354706890743,4794.9781103134155,22.243918895721436,0.5,0.005,128,lr_0.005_hc_128
213,4.339126110076904,1.8852074146270752,0.5595565438270569,0.9370128512382507,0.9573492407798767,86.00831390043598,79.66136064077867,82.67261482307615,77.93079614639282,81.5682713776709,4818.242863416672,22.256256580352783,0.5,0.005,128,lr_0.005_hc_128
214,4.359972953796387,1.9113118648529053,0.5698837041854858,0.924534261226654,0.9542433619499207,86.30234208658624,79.549832708101,82.56108689039846,79.21600937843323,81.90731776587972,4841.9210748672485,22.586713790893555,0.5,0.005,128,lr_0.005_hc_128
215,4.339066028594971,1.898855447769165,0.571129322052002,0.9193369746208191,0.9497441053390503,86.05900841528947,79.85399979722195,82.39886444286728,79.3343186378479,81.91154782330665,4868.701028108597,25.668070793151855,0.5,0.005,128,lr_0.005_hc_128
216,4.272598743438721,1.8525068759918213,0.5641592741012573,0.911029040813446,0.944903552532196,86.34289769846902,79.61066612592518,82.24678089830681,77.88928747177124,81.52240804861806,4892.299678325653,22.516592264175415,0.5,0.005,128,lr_0.005_hc_128
217,4.21397590637207,1.8562724590301514,0.5476546883583069,0.9159595966339111,0.8940892219543457,86.5659535638244,80.16830578931359,82.56108689039846,78.52720618247986,81.95563810650408,4915.838883399963,22.49092960357666,0.5,0.005,128,lr_0.005_hc_128
218,4.323445796966553,1.8524025678634644,0.5529123544692993,0.9268052577972412,0.9913256764411926,86.62678698164858,79.97566663287033,81.71955794383048,79.62819933891296,81.98755272431559,4938.71506857872,21.79505753517151,0.5,0.005,128,lr_0.005_hc_128
219,4.3272199630737305,1.8830729722976685,0.5970464944839478,0.9237706661224365,0.923329770565033,85.7852580350806,79.92497211801684,82.9666430092264,78.5396933555603,81.80414162947103,4962.205302238464,22.462674617767334,0.5,0.005,128,lr_0.005_hc_128
220,4.315649032592773,1.9083633422851562,0.5921047925949097,0.9031952619552612,0.9119852185249329,86.18067525093784,80.14802798337219,82.74358714387104,80.73172569274902,82.45100401773252,4986.4786603450775,23.186092853546143,0.5,0.005,128,lr_0.005_hc_128
221,4.277072429656982,1.8347067832946777,0.5891379714012146,0.9268056154251099,0.9264222383499146,86.01845280340667,80.03650005069451,82.71317043495894,79.35234308242798,82.03011659287202,5006.91496348381,19.445722579956055,0.5,0.005,128,lr_0.005_hc_128
222,4.25993013381958,1.8306876420974731,0.5855137705802917,0.9378067255020142,0.9059219360351562,86.36317550441042,79.4788603873061,82.9767819121971,79.27318811416626,82.02300147951998,5026.470481157303,18.606910943984985,0.5,0.005,128,lr_0.005_hc_128
223,4.2381792068481445,1.8585864305496216,0.5739021301269531,0.9396551251411438,0.8660358786582947,85.92720267667039,79.57011051404238,83.52428267261483,77.99652218818665,81.75452951287856,5045.768013238907,18.343804121017456,0.5,0.005,128,lr_0.005_hc_128
224,4.234600067138672,1.8392084836959839,0.5738653540611267,0.9325746297836304,0.8889515995979309,86.07928622123086,79.77288857345636,82.74358714387104,78.63922119140625,81.80874578249113,5064.954503297806,18.251914739608765,0.5,0.005,128,lr_0.005_hc_128
225,4.290117263793945,1.8885776996612549,0.5739890336990356,0.9404259920120239,0.8871243000030518,86.07928622123086,79.68163844672006,82.98692081516779,79.37431335449219,82.03053970940273,5085.457340478897,19.571565628051758,0.5,0.005,128,lr_0.005_hc_128
226,4.343020915985107,1.8935878276824951,0.5589705109596252,0.9554020762443542,0.9350603222846985,86.36317550441042,79.57011051404238,82.86525397951941,78.64391803741455,81.8606145088467,5109.3903465271,22.941428661346436,0.5,0.005,128,lr_0.005_hc_128
227,4.283139228820801,1.8870948553085327,0.552611768245697,0.9443554282188416,0.8990772366523743,86.44428672817601,79.64108283483728,83.33164351617155,79.47628498077393,82.2233245149897,5132.570129394531,22.122008323669434,0.5,0.005,128,lr_0.005_hc_128
228,4.26510763168335,1.89669668674469,0.5633536577224731,0.9118140935897827,0.8932434916496277,86.29220318361554,80.1176112744601,82.77400385278312,77.92450189590454,81.77708005169082,5155.755991458893,22.18948006629944,0.5,0.005,128,lr_0.005_hc_128
229,4.235994338989258,1.8897883892059326,0.5692933797836304,0.9121329188346863,0.8647798895835876,86.16039744499645,80.16830578931359,83.31136571023016,76.83899402618408,81.61976574268107,5179.250014305115,22.49348211288452,0.5,0.005,128,lr_0.005_hc_128
230,4.372321605682373,1.917982816696167,0.5689336657524109,0.909743070602417,0.9756620526313782,86.32261989252763,80.03650005069451,82.06428064483423,77.84534692764282,81.5671868789248,5202.381914138794,22.205438375473022,0.5,0.005,128,lr_0.005_hc_128
231,4.3003668785095215,1.8874648809432983,0.5823383331298828,0.9049230217933655,0.9256406426429749,85.95761938558249,80.42177836358107,82.71317043495894,79.42999005317688,82.13063955932485,5225.5337018966675,22.157512664794922,0.5,0.005,128,lr_0.005_hc_128
232,4.2513813972473145,1.8928617238998413,0.5432367324829102,0.9245271682739258,0.8907554745674133,86.64706478758998,79.79316637939775,82.95650410625571,78.80926132202148,82.05149914881623,5249.573746681213,23.04358959197998,0.5,0.005,128,lr_0.005_hc_128
233,4.294370174407959,1.8912742137908936,0.5663663148880005,0.9250911474227905,0.911638081073761,86.41387001926391,80.40150055763966,82.64219811416405,78.59528064727783,82.01321233458636,5272.707491159439,22.163756847381592,0.5,0.005,128,lr_0.005_hc_128
234,4.2392578125,1.871604561805725,0.5707364678382874,0.9318224191665649,0.8650939464569092,86.34289769846902,79.89455540910474,83.37219912805435,78.71686816215515,82.08163009944582,5295.615404844284,21.953129768371582,0.5,0.005,128,lr_0.005_hc_128
235,4.230057716369629,1.9025336503982544,0.5332110524177551,0.9025362133979797,0.8917766809463501,87.2553989658319,79.87427760316334,82.9666430092264,77.76225805282593,81.9646444077619,5318.730469465256,22.130858898162842,0.5,0.005,128,lr_0.005_hc_128
236,4.239382266998291,1.8857569694519043,0.5499033331871033,0.9075824022293091,0.8961395025253296,86.77887052620906,79.95538882692892,82.62192030822266,78.50598096847534,81.96554015745899,5342.0300080776215,22.341609239578247,0.5,0.005,128,lr_0.005_hc_128
237,4.339134216308594,1.9623039960861206,0.5547760725021362,0.9307641386985779,0.8912900686264038,87.18442664503701,80.1176112744601,83.46344925479063,77.02246904373169,81.94698905450485,5365.50257062912,22.388012409210205,0.5,0.005,128,lr_0.005_hc_128
238,4.305231094360352,1.913741111755371,0.5394922494888306,0.9160566329956055,0.9359411597251892,86.75859272026767,79.89455540910474,82.74358714387104,78.97779941558838,82.09363367220796,5389.497980833054,22.991010189056396,0.5,0.005,128,lr_0.005_hc_128
239,4.196421146392822,1.8678197860717773,0.5327798128128052,0.8996747732162476,0.896146833896637,87.02220419750583,80.54344519922945,82.67261482307615,79.20661568641663,82.36121997655701,5412.612417221069,22.10243844985962,0.5,0.005,128,lr_0.005_hc_128
240,4.24117374420166,1.8640719652175903,0.5555141568183899,0.9066492915153503,0.9149380326271057,86.74845381729696,79.95538882692892,82.78414275575383,79.13835644721985,82.15658546179989,5435.797628164291,22.204471111297607,0.5,0.005,128,lr_0.005_hc_128
241,4.234621047973633,1.8619540929794312,0.5508818626403809,0.9178375601768494,0.9039475321769714,86.76873162323837,80.01622224475312,83.01733752407989,78.90409231185913,82.17659592598264,5459.500558853149,22.594254970550537,0.5,0.005,128,lr_0.005_hc_128
242,4.267720699310303,1.8890610933303833,0.5570816397666931,0.907161295413971,0.9144167304039001,86.78900942917977,80.27983372199128,83.08830984487479,78.76381874084473,82.23024293422264,5482.662899494171,22.13778328895569,0.5,0.005,128,lr_0.005_hc_128
243,4.164190769195557,1.8231672048568726,0.5567405223846436,0.9052384495735168,0.879044771194458,86.72817601135557,79.81344418533915,83.39247693399574,80.82581758499146,82.68997867892047,5505.903258562088,22.234185218811035,0.5,0.005,128,lr_0.005_hc_128
244,4.241207599639893,1.8543018102645874,0.5673732757568359,0.9025019407272339,0.9170305132865906,86.25164757173273,80.32038933387408,83.12886545675758,80.35634756088257,82.51431248081175,5530.450209856033,23.463056087493896,0.5,0.005,128,lr_0.005_hc_128
245,4.169403553009033,1.8145197629928589,0.5656225681304932,0.9177258610725403,0.8715354204177856,86.96137077968163,79.99594443881172,83.72706073202879,80.25052547454834,82.73372535626761,5552.404276132584,20.935331106185913,0.5,0.005,128,lr_0.005_hc_128
246,4.239096164703369,1.8520398139953613,0.5821421146392822,0.931336522102356,0.8735777735710144,86.58623136976578,80.1581668863429,83.72706073202879,78.89235615730286,82.34095378636009,5574.722715377808,21.27179265022278,0.5,0.005,128,lr_0.005_hc_128
247,4.086617946624756,1.787018060684204,0.5709575414657593,0.9005545973777771,0.8280879855155945,86.5152590489709,80.1277501774308,83.84872756767717,79.1541337966919,82.41146764769269,5600.4512321949005,24.74870991706848,0.5,0.005,128,lr_0.005_hc_128
248,4.225766658782959,1.8572126626968384,0.5620156526565552,0.9224902391433716,0.8840480446815491,86.70789820541417,80.17844469228429,83.6459495082632,80.16433715820312,82.6741573910412,5623.350436210632,21.863855838775635,0.5,0.005,128,lr_0.005_hc_128
249,4.1522393226623535,1.8179675340652466,0.5560401082038879,0.9142492413520813,0.8639823794364929,86.75859272026767,79.99594443881172,84.07178343303255,78.82813215255737,82.41361318616732,5643.453007698059,18.976465940475464,0.5,0.005,128,lr_0.005_hc_128
250,4.179635047912598,1.8407492637634277,0.5438312292098999,0.8850218653678894,0.9100326895713806,87.11345432424211,80.36094494575687,83.08830984487479,77.78347730636597,82.08654660530993,5662.8300795555115,18.359630584716797,0.5,0.005,128,lr_0.005_hc_128
251,4.196808815002441,1.8256950378417969,0.5699111819267273,0.9295386672019958,0.8716636300086975,86.14011963905506,79.73233296157356,84.45706174591909,80.4433822631836,82.69322415243283,5681.244139432907,17.474684715270996,0.5,0.005,128,lr_0.005_hc_128
252,4.103754997253418,1.7724997997283936,0.5419394373893738,0.8882381916046143,0.9010777473449707,87.03234310047652,80.54344519922945,83.15928216566968,79.3985366821289,82.53340178687614,5700.825621366501,18.66502046585083,0.5,0.005,128,lr_0.005_hc_128
253,4.0834455490112305,1.7511341571807861,0.5787004828453064,0.8916917443275452,0.8619194030761719,86.43414782520532,80.46233397546385,83.95011659738417,79.75908517837524,82.65142089410715,5719.587346315384,17.71183681488037,0.5,0.005,128,lr_0.005_hc_128
254,4.108300685882568,1.7921206951141357,0.5686903595924377,0.8799892663955688,0.867500364780426,86.28206428064483,80.51302849031735,83.79803305282368,78.70428562164307,82.32435286135723,5740.582512378693,20.05844497680664,0.5,0.005,128,lr_0.005_hc_128
255,4.105879306793213,1.7922042608261108,0.570464551448822,0.8668626546859741,0.8763479590415955,86.82956504106257,80.62455642299503,83.31136571023016,78.82728576660156,82.39819323522232,5759.387177228928,17.803341150283813,0.5,0.005,128,lr_0.005_hc_128
256,4.16609001159668,1.8125914335250854,0.5684196949005127,0.9267569184303284,0.8583220839500427,86.5152590489709,79.80330528236846,83.95011659738417,79.74265813827515,82.50283476674967,5778.145494937897,17.768860816955566,0.5,0.005,128,lr_0.005_hc_128
257,4.125019073486328,1.7665191888809204,0.5701669454574585,0.9180542826652527,0.8702784776687622,86.58623136976578,80.36094494575687,83.65608841123391,80.17446994781494,82.69443366864289,5797.259075641632,18.182339668273926,0.5,0.005,128,lr_0.005_hc_128
258,4.069498538970947,1.7346709966659546,0.5703773498535156,0.8925784826278687,0.8718715906143188,86.12998073608435,80.59413971408293,83.58511609043902,79.85392212867737,82.54078966732092,5815.602947950363,17.43849229812622,0.5,0.005,128,lr_0.005_hc_128
259,4.124695301055908,1.7955236434936523,0.5579400658607483,0.8871870636940002,0.8840445280075073,86.99178748859373,80.31025043090338,83.39247693399574,78.74898314476013,82.36087449956324,5834.102999210358,17.43527865409851,0.5,0.005,128,lr_0.005_hc_128
260,4.047977447509766,1.755096673965454,0.5682203769683838,0.8898402452468872,0.8348204493522644,86.33275879549834,80.32038933387408,83.51414376964412,79.89317178726196,82.51511592156962,5853.0344088077545,18.02518391609192,0.5,0.005,128,lr_0.005_hc_128
261,4.03053092956543,1.7433160543441772,0.5506189465522766,0.9163479208946228,0.8202478885650635,86.45442563114672,80.07705566257731,84.18331136571024,79.7317624092102,82.61163876716111,5872.556416273117,18.57703399658203,0.5,0.005,128,lr_0.005_hc_128
262,4.122755527496338,1.8062411546707153,0.5459787249565125,0.8936679363250732,0.876867949962616,87.14387103315421,80.14802798337219,83.48372706073202,79.15018796920776,82.48145351161655,5892.553485870361,18.999149799346924,0.5,0.005,128,lr_0.005_hc_128
263,4.024116039276123,1.7539595365524292,0.5246641635894775,0.8756009936332703,0.8698914051055908,86.83970394403325,80.38122275169826,83.6662273142046,79.24896478652954,82.53402969911642,5911.1023778915405,17.61103105545044,0.5,0.005,128,lr_0.005_hc_128
264,4.097744464874268,1.770142912864685,0.5553886294364929,0.8810516595840454,0.8911614418029785,86.63692588461929,80.44205616952246,83.0274764270506,78.93630266189575,82.26069028577203,5930.241186618805,18.10087776184082,0.5,0.005,128,lr_0.005_hc_128
265,4.0355377197265625,1.7097103595733643,0.5373547673225403,0.9166572093963623,0.8718154430389404,86.62678698164858,79.96552772989962,83.59525499340972,79.23009395599365,82.3544159152379,5948.843669652939,17.582640171051025,0.5,0.005,128,lr_0.005_hc_128
266,4.231091022491455,1.8748953342437744,0.532903254032135,0.9243016242980957,0.8989909887313843,87.24526006286119,80.19872249822569,83.43303254587853,79.80377674102783,82.67019796199831,5969.575491905212,19.80309295654297,0.5,0.005,128,lr_0.005_hc_128
267,4.069519996643066,1.739553451538086,0.548587441444397,0.9098772406578064,0.8715017437934875,87.05262090641793,80.02636114772382,83.53442157558553,79.78500127792358,82.59960122691271,5988.896213769913,18.311062812805176,0.5,0.005,128,lr_0.005_hc_128
268,4.059329986572266,1.7428617477416992,0.5403190851211548,0.8901673555374146,0.8859822750091553,86.89039845888675,80.23927811010849,83.43303254587853,78.85075807571411,82.35336679764697,6009.129203796387,19.26362657546997,0.5,0.005,128,lr_0.005_hc_128
269,4.096831321716309,1.7603613138198853,0.5573546290397644,0.9024295806884766,0.8766859769821167,86.5963702727365,80.47247287843456,83.59525499340972,80.63454627990723,82.824661106122,6028.778505086899,18.68287444114685,0.5,0.005,128,lr_0.005_hc_128
270,4.184755325317383,1.8436236381530762,0.5518832802772522,0.9102156758308411,0.8790328502655029,86.63692588461929,80.37108384872757,83.88928317955997,79.54435348510742,82.61041159950355,6047.405121564865,17.571665048599243,0.5,0.005,128,lr_0.005_hc_128
271,4.099910736083984,1.7731071710586548,0.5813486576080322,0.9124156832695007,0.8330388069152832,86.5152590489709,80.03650005069451,84.59900638750887,78.24965715408325,82.35010566031438,6066.4266493320465,18.09486198425293,0.5,0.005,128,lr_0.005_hc_128
272,4.073838710784912,1.7973183393478394,0.5579677224159241,0.8905619382858276,0.8279904723167419,86.32261989252763,79.82358308830985,84.28470039541722,78.27162742614746,82.17563270060053,6086.193711042404,18.814613580703735,0.5,0.005,128,lr_0.005_hc_128
273,4.126368045806885,1.8143386840820312,0.5653808116912842,0.8920375108718872,0.8546109795570374,86.71803710838488,80.74622325864341,83.29108790428876,79.14080023765564,82.47403712724318,6104.715923070908,17.566455364227295,0.5,0.005,128,lr_0.005_hc_128
274,4.147348880767822,1.8022326231002808,0.5472822189331055,0.9240736961364746,0.8737602233886719,86.60650917570719,80.41163946061036,83.7473385379702,79.81936931610107,82.6462141225972,6123.270156145096,17.58187699317932,0.5,0.005,128,lr_0.005_hc_128
275,4.02806282043457,1.755617380142212,0.5613725185394287,0.8762572407722473,0.8348156809806824,86.74845381729696,80.53330629625874,83.93997769441346,80.72384595870972,82.98639594166973,6141.811190366745,17.538185834884644,0.5,0.005,128,lr_0.005_hc_128
276,4.077666282653809,1.7710025310516357,0.5487611889839172,0.9101779460906982,0.8477245569229126,86.72817601135557,80.38122275169826,84.3556727162121,79.62510585784912,82.77254433427876,6163.570979833603,20.809518814086914,0.5,0.005,128,lr_0.005_hc_128
277,4.050924301147461,1.7882262468338013,0.5630247592926025,0.8675481081008911,0.8321251273155212,86.41387001926391,80.47247287843456,84.28470039541722,80.15484809875488,82.83147284796763,6183.389770030975,18.84791088104248,0.5,0.005,128,lr_0.005_hc_128
278,4.027715682983398,1.7650518417358398,0.5397332310676575,0.8666313290596008,0.856299638748169,86.70789820541417,80.74622325864341,83.88928317955997,79.2826771736145,82.65652045430801,6202.535097837448,18.20962142944336,0.5,0.005,128,lr_0.005_hc_128
279,3.93218731880188,1.718371868133545,0.5219707489013672,0.8631327152252197,0.8287120461463928,86.76873162323837,81.12136266855926,84.00081111223766,79.58754301071167,82.86961210368673,6224.216544628143,20.720763683319092,0.5,0.005,128,lr_0.005_hc_128
280,4.06989860534668,1.7510318756103516,0.5490930080413818,0.9159867167472839,0.8537867069244385,86.64706478758998,80.35080604278617,83.84872756767717,80.29512166976929,82.78543001695566,6242.883812904358,17.613359212875366,0.5,0.005,128,lr_0.005_hc_128
281,4.081171035766602,1.8042688369750977,0.5397390723228455,0.8787042498588562,0.8584585189819336,87.2148433539491,80.87802899726249,83.76761634391158,80.26939630508423,83.03247125005186,6261.736206769943,17.7737717628479,0.5,0.005,128,lr_0.005_hc_128
282,4.023707389831543,1.7847602367401123,0.5436998605728149,0.8747789859771729,0.8204681873321533,87.05262090641793,80.8983068032039,84.13261685085673,80.59924840927124,83.17069824243745,6280.34478020668,17.639150619506836,0.5,0.005,128,lr_0.005_hc_128
283,4.042668342590332,1.7632575035095215,0.5451308488845825,0.9064333438873291,0.8278465270996094,86.60650917570719,80.34066713981547,84.13261685085673,81.0694694519043,83.03731565457093,6300.2642459869385,18.995023012161255,0.5,0.005,128,lr_0.005_hc_128
284,4.105264663696289,1.7965956926345825,0.5347195863723755,0.9122241139411926,0.8617254495620728,87.12359322721281,80.48261178140525,83.81831085876507,80.25991916656494,82.92110875848702,6318.995193719864,17.636726140975952,0.5,0.005,128,lr_0.005_hc_128
285,4.079681396484375,1.7909847497940063,0.5532060861587524,0.9079267978668213,0.8275637626647949,86.77887052620906,80.1176112744601,84.40636723106559,80.74581623077393,83.01216631562717,6338.737933635712,18.767653942108154,0.5,0.005,128,lr_0.005_hc_128
286,4.127781391143799,1.8234639167785645,0.5412236452102661,0.9205923080444336,0.8425014615058899,86.99178748859373,80.32038933387408,84.02108891817906,80.14236092567444,82.86890666658033,6357.371447563171,17.670064687728882,0.5,0.005,128,lr_0.005_hc_128
287,4.056211948394775,1.7584105730056763,0.5625388622283936,0.9191651940345764,0.8160971999168396,86.42400892223462,79.99594443881172,84.4672006488898,79.12746667861938,82.50365517213888,6376.476669788361,18.05356216430664,0.5,0.005,128,lr_0.005_hc_128
288,4.024244785308838,1.7736631631851196,0.5520350337028503,0.8809641003608704,0.8175824284553528,86.47470343708811,80.42177836358107,84.3151171043293,79.35168743133545,82.64082158408348,6395.323705673218,17.862597227096558,0.5,0.005,128,lr_0.005_hc_128
289,4.038854122161865,1.7604378461837769,0.5614877939224243,0.8959007859230042,0.8210276365280151,86.90053736185745,80.57386190814154,84.07178343303255,80.3006649017334,82.96171190119124,6415.18993473053,18.932326555252075,0.5,0.005,128,lr_0.005_hc_128
290,3.943974494934082,1.7212278842926025,0.5448996424674988,0.8762957453727722,0.801551103591919,87.04248200344723,80.19872249822569,84.22386697759302,79.92368340492249,82.8471887210471,6433.979551076889,17.774110555648804,0.5,0.005,128,lr_0.005_hc_128
291,4.019941806793213,1.7510360479354858,0.5450639128684998,0.9136345386505127,0.8102074861526489,86.73831491432627,80.13788908040151,84.4165061340363,80.6188702583313,82.97789509677384,6452.387229204178,17.430801391601562,0.5,0.005,128,lr_0.005_hc_128
292,4.048851490020752,1.8134475946426392,0.5697531700134277,0.8674083948135376,0.7982426881790161,86.60650917570719,80.51302849031735,84.4367839399777,79.23093438148499,82.69681399687181,6471.57208108902,18.188560962677002,0.5,0.005,128,lr_0.005_hc_128
293,4.016855239868164,1.763068675994873,0.5447817444801331,0.88094162940979,0.8280631303787231,86.84984284700396,80.1176112744601,84.07178343303255,80.29277920722961,82.83300419043155,6490.040993452072,17.518996238708496,0.5,0.005,128,lr_0.005_hc_128
294,3.9993996620178223,1.779665231704712,0.5569285750389099,0.8667051792144775,0.7961006760597229,87.00192639156444,80.51302849031735,84.70039541721586,80.65333366394043,83.21717099075951,6511.863898992538,20.828492879867554,0.5,0.005,128,lr_0.005_hc_128
295,4.082645893096924,1.7792918682098389,0.5640522837638855,0.8934167623519897,0.8458847999572754,86.75859272026767,80.31025043090338,84.05150562709115,79.48406934738159,82.65110453141095,6537.566416025162,24.693195819854736,0.5,0.005,128,lr_0.005_hc_128
296,4.0797014236450195,1.7679193019866943,0.5614209771156311,0.8928157687187195,0.8575455546379089,86.91067626482814,80.50288958734664,83.79803305282368,79.58435416221619,82.69898826680367,6561.175825834274,22.67093825340271,0.5,0.005,128,lr_0.005_hc_128
297,4.051651954650879,1.7916903495788574,0.5477393865585327,0.8862646818161011,0.8259572386741638,86.72817601135557,80.36094494575687,84.42664503700699,79.57890629768372,82.77366807295078,6584.599031686783,22.47223687171936,0.5,0.005,128,lr_0.005_hc_128
298,4.041306972503662,1.7550740242004395,0.5569477677345276,0.8907065987586975,0.8385787606239319,87.03234310047652,80.60427861705364,84.42664503700699,79.56951856613159,82.90819633016719,6609.0555720329285,23.42081332206726,0.5,0.005,128,lr_0.005_hc_128
299,4.005433082580566,1.7736660242080688,0.5483852028846741,0.8816977143287659,0.8016841411590576,87.15400993612491,80.63469532596574,84.92345128257122,80.33512234687805,83.26181972288498,6632.35485124588,22.288187265396118,0.5,0.005,128,lr_0.005_hc_128
300,4.0266618728637695,1.78059983253479,0.5474553108215332,0.9103293418884277,0.7882771492004395,86.95123187671095,80.8374733853797,84.78150664098145,80.7427167892456,83.32823217307941,6657.394671916962,24.070133686065674,0.5,0.005,128,lr_0.005_hc_128
301,4.050390243530273,1.8082146644592285,0.5497410893440247,0.8769406676292419,0.8154938220977783,87.09317651830072,81.20247389232486,83.92983879144276,80.23015260696411,83.11391045225811,6680.845124721527,22.463648557662964,0.5,0.005,128,lr_0.005_hc_128
302,4.045930862426758,1.7802773714065552,0.5497240424156189,0.8863975405693054,0.8295317888259888,87.15400993612491,80.82733448240901,84.53817296968468,79.9887478351593,83.12706630584448,6704.291449308395,22.43181848526001,0.5,0.005,128,lr_0.005_hc_128
303,4.040279388427734,1.7784533500671387,0.5333960652351379,0.9081874489784241,0.8202425241470337,87.06275980938862,80.45219507249315,84.09206123897394,79.48097586631775,82.77199799679337,6727.869214773178,22.614830017089844,0.5,0.005,128,lr_0.005_hc_128
304,3.99517560005188,1.7963062524795532,0.5320642590522766,0.8725761771202087,0.7942288517951965,87.45817702524586,81.13150157152997,84.64970090236237,79.3641746044159,83.15088852588852,6752.269834756851,23.410125494003296,0.5,0.005,128,lr_0.005_hc_128
305,4.017415523529053,1.7693489789962769,0.5172444581985474,0.8913930058479309,0.8394290804862976,87.46831592821657,80.59413971408293,84.3759505221535,80.13062477111816,83.14225773389279,6775.648253917694,22.38989496231079,0.5,0.005,128,lr_0.005_hc_128
306,3.9195189476013184,1.7207435369491577,0.5445044040679932,0.8833647966384888,0.7709065079689026,86.84984284700396,80.40150055763966,84.93359018554193,80.14630675315857,83.08281008583603,6798.977937698364,22.24680185317993,0.5,0.005,128,lr_0.005_hc_128
307,3.9720048904418945,1.7337000370025635,0.526078462600708,0.8723201155662537,0.8399060964584351,88.12734462131198,80.65497313190713,84.13261685085673,79.35863137245178,83.0683914941319,6822.807057857513,22.87152600288391,0.5,0.005,128,lr_0.005_hc_128
308,3.987396717071533,1.7911115884780884,0.5420781970024109,0.8614327907562256,0.7927742600440979,87.2959545777147,80.8881679002332,85.03497921524891,79.80387210845947,83.25574345041406,6846.348056554794,22.53924536705017,0.5,0.005,128,lr_0.005_hc_128
309,4.005314350128174,1.7805577516555786,0.5451650023460388,0.8351983428001404,0.844393253326416,86.76873162323837,81.09094595964717,83.93997769441346,80.29362559318542,83.0233202176211,6869.872491836548,22.461538314819336,0.5,0.005,128,lr_0.005_hc_128
310,4.043941020965576,1.7618739604949951,0.5604074597358704,0.8919417858123779,0.8297179937362671,86.91067626482814,80.33052823684478,84.58886748453818,79.6752393245697,82.8763278276952,6894.253290653229,23.38218355178833,0.5,0.005,128,lr_0.005_hc_128
311,3.958907127380371,1.7238820791244507,0.5477385520935059,0.8682982921600342,0.818988025188446,86.98164858562303,80.50288958734664,84.59900638750887,80.39389848709106,83.11936076189241,6917.7873747348785,22.540672779083252,0.5,0.005,128,lr_0.005_hc_128
312,3.963412046432495,1.7639412879943848,0.529679536819458,0.850267231464386,0.8195241093635559,87.39734360742167,81.19233498935415,84.04136672412045,81.01143836975098,83.41062092266182,6941.2772562503815,22.495220184326172,0.5,0.005,128,lr_0.005_hc_128
313,3.9869742393493652,1.7338097095489502,0.5471214652061462,0.8807048797607422,0.8253380656242371,86.98164858562303,81.01997363885228,84.79164554395214,81.24964833259583,83.51072902525581,6964.882141828537,22.624443292617798,0.5,0.005,128,lr_0.005_hc_128
314,3.9935038089752197,1.7603338956832886,0.5466174483299255,0.8899945616722107,0.7965579628944397,86.64706478758998,80.39136165466897,84.73081212612796,79.25676107406616,82.75649991061327,6988.453218221664,22.594706296920776,0.5,0.005,128,lr_0.005_hc_128
315,3.9501290321350098,1.7496808767318726,0.5150032639503479,0.8780382871627808,0.8074064254760742,87.2553989658319,80.55358410220013,84.45706174591909,79.94875311851501,83.05369948311653,7011.947272062302,22.539491891860962,0.5,0.005,128,lr_0.005_hc_128
316,3.9701590538024902,1.7706100940704346,0.5273312330245972,0.8757188320159912,0.7964991331100464,87.27567677177329,80.60427861705364,84.65983980533306,80.80299496650696,83.33569754016673,7036.182014465332,23.2767915725708,0.5,0.005,128,lr_0.005_hc_128
317,3.969475507736206,1.7464531660079956,0.5396605730056763,0.8667029142379761,0.8166587352752686,87.2249822569198,80.55358410220013,84.68011761127447,79.13995385169983,82.89965945552356,7059.385078430176,22.211156606674194,0.5,0.005,128,lr_0.005_hc_128
318,3.9840176105499268,1.7445262670516968,0.5311373472213745,0.8733269572257996,0.8350269794464111,87.40748251039237,80.93886241508669,83.78789414985299,79.00596857070923,82.78505191151032,7082.779436349869,22.346951007843018,0.5,0.005,128,lr_0.005_hc_128
319,3.9112637042999268,1.7220690250396729,0.5447323322296143,0.8768109083175659,0.7676512598991394,86.91067626482814,80.56372300517084,85.0755348271317,79.73871231079102,83.07216160198043,7105.862090349197,22.050185441970825,0.5,0.005,128,lr_0.005_hc_128
320,3.8885552883148193,1.686257243156433,0.5378744602203369,0.8690618276596069,0.7953617572784424,86.70789820541417,80.65497313190713,84.76122883504004,80.87904453277588,83.2507861762843,7129.100128412247,22.246211767196655,0.5,0.005,128,lr_0.005_hc_128
321,4.007410049438477,1.7473537921905518,0.5567276477813721,0.8678776025772095,0.8354513645172119,86.88025955591606,80.95914022102808,84.4165061340363,80.58516383171082,83.21026743567282,7152.340037107468,22.20243525505066,0.5,0.005,128,lr_0.005_hc_128
322,4.025177001953125,1.79108464717865,0.5300312638282776,0.9035820960998535,0.8004791736602783,87.31623238365609,80.64483422893642,84.45706174591909,80.52479028701782,83.23572966138235,7176.519860744476,23.122429370880127,0.5,0.005,128,lr_0.005_hc_128
323,3.974925994873047,1.757753610610962,0.5424830317497253,0.8756582140922546,0.7990310192108154,86.71803710838488,80.8577511913211,84.95386799148332,79.39553260803223,82.98129722480539,7200.033007621765,22.562355279922485,0.5,0.005,128,lr_0.005_hc_128
324,3.999364137649536,1.7090684175491333,0.5607203245162964,0.8846205472946167,0.844954788684845,86.89039845888675,80.48261178140525,84.02108891817906,79.04043197631836,82.60863278369736,7223.632863283157,22.63238286972046,0.5,0.005,128,lr_0.005_hc_128
325,3.953868865966797,1.7062466144561768,0.5362812280654907,0.9043940901756287,0.8069466948509216,87.285815674744,80.65497313190713,84.36581161918281,80.0953209400177,83.10048034146291,7247.227205753326,22.50596332550049,0.5,0.005,128,lr_0.005_hc_128
326,3.9739110469818115,1.6958590745925903,0.5615502595901489,0.9036986231803894,0.8128029704093933,87.13373213018352,80.26969481902059,84.70039541721586,79.80537414550781,82.97729912798194,7270.595485210419,22.395527839660645,0.5,0.005,128,lr_0.005_hc_128
327,3.9160754680633545,1.6964421272277832,0.5387856364250183,0.8915354013442993,0.7893121242523193,87.27567677177329,80.62455642299503,84.75108993206935,81.55874013900757,83.55251581646131,7294.043761730194,22.332099199295044,0.5,0.005,128,lr_0.005_hc_128
328,3.9385132789611816,1.6730650663375854,0.5462138652801514,0.9021209478378296,0.8171133995056152,87.12359322721281,80.65497313190713,84.85247896177633,80.5827260017395,83.30344283065895,7318.0415024757385,23.008440732955933,0.5,0.005,128,lr_0.005_hc_128
329,3.984212875366211,1.7478201389312744,0.5638486742973328,0.8953506946563721,0.7771934270858765,86.72817601135557,80.33052823684478,85.06539592416101,81.24504685401917,83.34228675659513,7341.683506965637,22.649935483932495,0.5,0.005,128,lr_0.005_hc_128
330,3.95865797996521,1.7419980764389038,0.5490009784698486,0.8711636662483215,0.7964954972267151,86.88025955591606,80.60427861705364,85.01470140930752,78.80531549453735,82.82613876920364,7365.636384010315,22.897381067276,0.5,0.005,128,lr_0.005_hc_128
331,4.015201091766357,1.756346344947815,0.5396566987037659,0.8943572044372559,0.8248407244682312,87.56970495792356,80.50288958734664,84.57872858156747,79.86105680465698,83.12809498287366,7389.227336645126,22.500572443008423,0.5,0.005,128,lr_0.005_hc_128
332,3.8843271732330322,1.6816037893295288,0.5511181354522705,0.8927051424980164,0.7589001655578613,87.2148433539491,80.69552874378992,85.74470242319781,80.17916679382324,83.45856032869001,7412.64839887619,22.40580105781555,0.5,0.005,128,lr_0.005_hc_128
333,3.963637590408325,1.7357860803604126,0.5355033874511719,0.8847435116767883,0.8076048493385315,87.15400993612491,80.49275068437595,84.91331237960053,79.87195253372192,83.10800638345583,7436.214272022247,22.487786769866943,0.5,0.005,128,lr_0.005_hc_128
334,3.945899724960327,1.7466574907302856,0.5501387715339661,0.8704716563224792,0.7786316871643066,87.09317651830072,81.19233498935415,85.27831288654568,80.27559518814087,83.45985489558535,7460.432217121124,23.255998611450195,0.5,0.005,128,lr_0.005_hc_128
335,3.9119322299957275,1.7086836099624634,0.5344918966293335,0.8746805787086487,0.7940762042999268,87.13373213018352,81.04025144479368,84.50775626077258,79.96208667755127,83.16095662832525,7484.0588891506195,22.575867414474487,0.5,0.005,128,lr_0.005_hc_128
336,3.999271869659424,1.7349700927734375,0.5428630113601685,0.8848602771759033,0.8365784883499146,87.14387103315421,80.79691777349692,84.32525600730001,79.00362014770508,82.81741624041405,7507.547926187515,22.490965127944946,0.5,0.005,128,lr_0.005_hc_128
337,3.9418869018554688,1.7317824363708496,0.5513654947280884,0.8671911358833313,0.7915481328964233,86.97150968265234,80.98955692994018,85.01470140930752,79.92133498191833,83.22427575095459,7530.959992408752,22.426517963409424,0.5,0.005,128,lr_0.005_hc_128
338,3.9481096267700195,1.7668417692184448,0.5451326966285706,0.8568937182426453,0.7792413234710693,87.2959545777147,81.15177937747136,84.99442360336612,80.03973960876465,83.37047429182921,7554.676717042923,22.730980396270752,0.5,0.005,128,lr_0.005_hc_128
339,3.9187846183776855,1.7044211626052856,0.5536964535713196,0.871370255947113,0.7892967462539673,87.2047044509784,80.79691777349692,85.1262293419852,80.80694079399109,83.4836980901129,7578.212879180908,22.51670551300049,0.5,0.005,128,lr_0.005_hc_128
340,3.9609060287475586,1.73422110080719,0.5521324872970581,0.8711162209510803,0.8034363389015198,86.68762039947278,80.57386190814154,84.4469228429484,80.32658100128174,83.00874653796112,7602.308353185654,23.121663093566895,0.5,0.005,128,lr_0.005_hc_128
341,3.906334400177002,1.7006733417510986,0.5367912650108337,0.8662452697753906,0.802624523639679,86.99178748859373,80.63469532596574,84.70039541721586,80.80938458442688,83.28406570405055,7625.879952430725,22.590383529663086,0.5,0.005,128,lr_0.005_hc_128
342,3.8943796157836914,1.7281439304351807,0.5307779312133789,0.8298422694206238,0.8056154251098633,87.02220419750583,80.87802899726249,84.27456149244652,79.15093898773193,82.8314334187367,7649.236592054367,22.375174283981323,0.5,0.005,128,lr_0.005_hc_128
343,3.872620105743408,1.6726645231246948,0.531633198261261,0.8497191667556763,0.818602979183197,87.12359322721281,81.08080705667646,84.90317347662983,79.89072799682617,83.24957543933633,7672.57960152626,22.358825206756592,0.5,0.005,128,lr_0.005_hc_128
344,3.8988564014434814,1.6783241033554077,0.5460119247436523,0.8517510294914246,0.8227691054344177,86.97150968265234,80.8678900942918,85.01470140930752,79.52557802200317,83.0949198020637,7695.517266750336,21.822072744369507,0.5,0.005,128,lr_0.005_hc_128
345,3.9234323501586914,1.733236312866211,0.5257818102836609,0.8655979633331299,0.7988160848617554,87.38720470445098,81.01997363885228,84.55845077562608,79.81936931610107,83.1962496087576,7717.6922335624695,21.08630871772766,0.5,0.005,128,lr_0.005_hc_128
346,3.902182102203369,1.7011228799819946,0.5422284007072449,0.8684995174407959,0.790331244468689,87.2249822569198,80.39136165466897,84.71053432018655,80.00987768173218,83.08418897837689,7741.792144060135,23.057633876800537,0.5,0.005,128,lr_0.005_hc_128
347,3.9020578861236572,1.6738886833190918,0.5325766801834106,0.8654828071594238,0.8301097750663757,87.2655378688026,80.67525093784852,84.61928419345027,79.98555898666382,83.1364079966913,7765.25545835495,22.457926511764526,0.5,0.005,128,lr_0.005_hc_128
348,3.890838861465454,1.690721869468689,0.5134627819061279,0.8924692869186401,0.7941849827766418,87.49873263712867,80.74622325864341,85.1262293419852,80.04049062728882,83.35291896626151,7789.293894290924,23.05161190032959,0.5,0.005,128,lr_0.005_hc_128
349,3.924614906311035,1.7218940258026123,0.5327652096748352,0.8985728621482849,0.7713828682899475,87.63053837574775,80.56372300517084,85.49122984893035,79.44172620773315,83.28180435939552,7812.848012924194,22.55573844909668,0.5,0.005,128,lr_0.005_hc_128
350,3.9235711097717285,1.6842975616455078,0.5320107936859131,0.8865374326705933,0.8207255601882935,87.18442664503701,80.74622325864341,84.91331237960053,79.81786727905273,83.16545739058341,7836.507502555847,22.668795585632324,0.5,0.005,128,lr_0.005_hc_128
351,3.848750114440918,1.7163035869598389,0.5171752572059631,0.8559252619743347,0.7593461275100708,87.35678799553888,80.57386190814154,85.1262293419852,80.83829879760742,83.47379451081827,7860.075255393982,22.61118459701538,0.5,0.005,128,lr_0.005_hc_128
352,3.9389193058013916,1.713833212852478,0.5324411392211914,0.8966739773750305,0.7959708571434021,87.36692689850958,80.55358410220013,84.88289567068843,79.42285537719727,83.05656551214886,7884.215914011002,23.13472867012024,0.5,0.005,128,lr_0.005_hc_128
353,3.862936019897461,1.6651304960250854,0.5321072340011597,0.8640455007553101,0.8016529679298401,87.18442664503701,81.03011254182297,84.52803406671399,81.61799311637878,83.59014159248818,7908.516794919968,23.326884746551514,0.5,0.005,128,lr_0.005_hc_128
354,3.9052116870880127,1.679682731628418,0.5677267909049988,0.8782895803451538,0.7795126438140869,86.71803710838488,80.66511203487782,84.98428470039542,81.2207281589508,83.39704050065222,7932.748709201813,23.226819038391113,0.5,0.005,128,lr_0.005_hc_128
355,3.9047136306762695,1.7107328176498413,0.5419489145278931,0.8857470154762268,0.7662848830223083,87.15400993612491,80.39136165466897,85.30872959545776,79.48088645935059,83.08374691140055,7956.531497955322,22.76333212852478,0.5,0.005,128,lr_0.005_hc_128
356,3.9233076572418213,1.7046411037445068,0.5195050239562988,0.8715866208076477,0.8275749087333679,87.2655378688026,80.13788908040151,84.42664503700699,81.00833892822266,83.20960272860843,7980.099839687347,22.616081714630127,0.5,0.005,128,lr_0.005_hc_128
357,3.888651132583618,1.6754857301712036,0.5469968914985657,0.8672341108322144,0.7989341616630554,86.88025955591606,80.93886241508669,85.03497921524891,81.05697631835938,83.47776937615275,8003.431767940521,22.361584424972534,0.5,0.005,128,lr_0.005_hc_128
358,3.9204611778259277,1.7372087240219116,0.5484004020690918,0.8618754744529724,0.7729765176773071,86.96137077968163,81.25316840717835,85.19720166278009,80.1870584487915,83.3996998246079,8027.636537313461,23.2357075214386,0.5,0.005,128,lr_0.005_hc_128
359,3.8849010467529297,1.7029311656951904,0.5389752388000488,0.8747855424880981,0.7682090997695923,86.96137077968163,80.8476122883504,85.48109094595965,80.21991848945618,83.37749812586198,8051.157731771469,22.42439866065979,0.5,0.005,128,lr_0.005_hc_128
360,3.849884271621704,1.6573635339736938,0.5458953380584717,0.8731912970542908,0.7734339833259583,87.35678799553888,80.63469532596574,84.71053432018655,80.33981919288635,83.26045920864438,8074.513858318329,22.398309469223022,0.5,0.005,128,lr_0.005_hc_128
361,3.868450403213501,1.6875017881393433,0.5309638381004333,0.8656056523323059,0.7843791842460632,87.65081618168914,80.95914022102808,84.80178444692285,81.50372505187988,83.72886647537999,8097.920259714127,22.42581868171692,0.5,0.005,128,lr_0.005_hc_128
362,3.910281181335449,1.7427483797073364,0.5343000888824463,0.8776213526725769,0.7556113004684448,87.36692689850958,81.09094595964717,84.83220115583494,78.77236008644104,83.01560852510819,8121.36305975914,22.45117974281311,0.5,0.005,128,lr_0.005_hc_128
363,3.8757901191711426,1.6766444444656372,0.5475378632545471,0.8636646270751953,0.7879432439804077,87.27567677177329,80.69552874378992,84.81192334989353,79.86021041870117,83.16083482103949,8144.9062740802765,22.55586290359497,0.5,0.005,128,lr_0.005_hc_128
364,3.9086833000183105,1.7403934001922607,0.5331710577011108,0.869552493095398,0.7655662894248962,87.15400993612491,80.87802899726249,85.02484031227822,80.88928461074829,83.48654096410348,8169.311890363693,23.397050619125366,0.5,0.005,128,lr_0.005_hc_128
365,3.9215776920318604,1.712993860244751,0.5500162243843079,0.8805664777755737,0.778001070022583,87.10331542127142,80.8374733853797,85.1262293419852,80.49427270889282,83.3903227143823,8192.762625455856,22.474018812179565,0.5,0.005,128,lr_0.005_hc_128
366,3.8661584854125977,1.685680627822876,0.5396639108657837,0.8470013737678528,0.7938125133514404,87.18442664503701,80.7867788705262,85.0856737301024,81.01848363876343,83.51884072110727,8215.809574842453,22.042877912521362,0.5,0.005,128,lr_0.005_hc_128
367,3.8864057064056396,1.69098699092865,0.543816864490509,0.8596144318580627,0.791987419128418,87.33651018959748,80.82733448240901,85.24789617763358,80.93782663345337,83.58739187077336,8237.330349445343,20.548511743545532,0.5,0.005,128,lr_0.005_hc_128
368,3.879934310913086,1.731954574584961,0.5480559468269348,0.8524938821792603,0.7474299073219299,87.09317651830072,81.00983473588158,85.57234107269593,80.70581555366516,83.59529197013585,8259.027746200562,20.71346163749695,0.5,0.005,128,lr_0.005_hc_128
369,3.933966636657715,1.7509554624557495,0.5302202701568604,0.8574155569076538,0.7953753471374512,87.54942715198214,81.16191828044205,85.18706275980938,80.14630675315857,83.51117873634803,8280.594595193863,20.610071420669556,0.5,0.005,128,lr_0.005_hc_128
370,3.897221088409424,1.7582377195358276,0.5248501896858215,0.8694629073143005,0.7446700930595398,87.37706580148028,80.69552874378992,85.57234107269593,79.7144889831543,83.33985615028011,8303.191359043121,21.535216093063354,0.5,0.005,128,lr_0.005_hc_128
371,3.962023973464966,1.7480862140655518,0.5442728400230408,0.8648496270179749,0.8048152923583984,87.13373213018352,80.71580654973131,84.88289567068843,80.69642782211304,83.35721554317908,8326.606800556183,22.395208597183228,0.5,0.005,128,lr_0.005_hc_128
372,3.887579917907715,1.6817739009857178,0.5337600708007812,0.8681086301803589,0.8039374947547913,87.39734360742167,80.8171955794383,84.84234005880563,80.68947792053223,83.43658929154945,8350.259828567505,22.551583528518677,0.5,0.005,128,lr_0.005_hc_128
373,3.8932318687438965,1.6885424852371216,0.5499692559242249,0.8763993382453918,0.7783207297325134,87.37706580148028,80.34066713981547,85.60275778160803,81.06167316436768,83.59554097181785,8373.621816635132,22.381340980529785,0.5,0.005,128,lr_0.005_hc_128
374,3.937093734741211,1.7476434707641602,0.5397283434867859,0.8699677586555481,0.7797542810440063,87.13373213018352,80.70566764676063,85.60275778160803,80.15954494476318,83.40042562582884,8397.133051633835,22.40550947189331,0.5,0.005,128,lr_0.005_hc_128
375,3.9275217056274414,1.7668451070785522,0.523014485836029,0.8657276630401611,0.7719345688819885,87.2047044509784,81.03011254182297,85.62303558754942,80.69567680358887,83.63838234598491,8420.680583238602,22.53856134414673,0.5,0.005,128,lr_0.005_hc_128
376,3.9339213371276855,1.7328441143035889,0.5346021056175232,0.8604042530059814,0.8060706853866577,87.2959545777147,80.9185846091453,84.65983980533306,80.41512370109558,83.32237567332216,8445.144471406937,23.403030157089233,0.5,0.005,128,lr_0.005_hc_128
377,3.83109712600708,1.6835182905197144,0.5213648676872253,0.8354617357254028,0.7907524704933167,87.285815674744,80.77663996755551,84.86261786474704,80.57568073272705,83.3751885599434,8468.577671051025,22.467786073684692,0.5,0.005,128,lr_0.005_hc_128
378,3.885985851287842,1.6744121313095093,0.5272157192230225,0.8731079697608948,0.8112502694129944,87.2959545777147,80.7867788705262,84.23400588056373,79.49581146240234,82.95313769780175,8490.728876829147,21.056061029434204,0.5,0.005,128,lr_0.005_hc_128
379,3.8727097511291504,1.6934317350387573,0.5442538261413574,0.8331045508384705,0.8019195795059204,86.97150968265234,81.51677988441651,84.60914529047957,80.98721504211426,83.52116247491567,8512.272376060486,20.530871391296387,0.5,0.005,128,lr_0.005_hc_128
380,3.9036991596221924,1.6816425323486328,0.5294276475906372,0.8782719373703003,0.8143569827079773,87.42776031633377,81.33427963094393,84.86261786474704,80.97547888755798,83.65003417489568,8534.153237342834,20.802315711975098,0.5,0.005,128,lr_0.005_hc_128
381,3.842597723007202,1.7194161415100098,0.5431352853775024,0.8378667831420898,0.7421796917915344,87.27567677177329,81.08080705667646,85.35942411031127,80.3484559059143,83.51609096116883,8556.465338945389,21.3765230178833,0.5,0.005,128,lr_0.005_hc_128
382,3.837728977203369,1.6152700185775757,0.5388469696044922,0.8946765661239624,0.7889351844787598,87.09317651830072,80.54344519922945,85.03497921524891,80.23240566253662,83.22600164882891,8579.071720838547,21.658494472503662,0.5,0.005,128,lr_0.005_hc_128
383,3.8901925086975098,1.735834002494812,0.5468887686729431,0.871394157409668,0.7360756397247314,87.40748251039237,81.03011254182297,85.8258136469634,80.074942111969,83.58458770278693,8602.126624822617,22.069639444351196,0.5,0.005,128,lr_0.005_hc_128
384,3.8708019256591797,1.7401646375656128,0.5156571269035339,0.8590112328529358,0.7559689879417419,87.41762141336308,80.8577511913211,85.48109094595965,80.28498888015747,83.51036310770033,8623.803681850433,20.732747077941895,0.5,0.005,128,lr_0.005_hc_128
385,3.9275970458984375,1.7216531038284302,0.5211188197135925,0.8615090250968933,0.8233161568641663,87.64067727871844,81.12136266855926,84.48747845483119,80.03579378128052,83.32132804584735,8646.090852022171,21.306002616882324,0.5,0.005,128,lr_0.005_hc_128
386,3.8210649490356445,1.6746582984924316,0.5308766961097717,0.8401793837547302,0.7753506302833557,87.30609348068539,81.17205718341276,85.52164655784244,78.75442504882812,83.18855556769218,8669.624637365341,22.45914936065674,0.5,0.005,128,lr_0.005_hc_128
387,3.908479690551758,1.7306708097457886,0.5403422117233276,0.8538428544998169,0.7836236953735352,87.04248200344723,80.9185846091453,84.78150664098145,80.11654019355774,83.21477836178292,8693.193312168121,22.47373914718628,0.5,0.005,128,lr_0.005_hc_128
388,3.8503429889678955,1.668466329574585,0.5304456949234009,0.8717285990715027,0.7797022461891174,87.18442664503701,80.8678900942918,84.92345128257122,81.06871843338013,83.51112161382004,8717.33458852768,23.157077074050903,0.5,0.005,128,lr_0.005_hc_128
389,3.8547844886779785,1.700886607170105,0.5488225817680359,0.8293100595474243,0.7757654190063477,86.92081516779885,81.48636317550441,85.25803508060427,80.4245114326477,83.5224312141388,8740.669394016266,22.34575581550598,0.5,0.005,128,lr_0.005_hc_128
390,3.787899971008301,1.6532692909240723,0.5329025983810425,0.8358040452003479,0.7659240365028381,87.37706580148028,81.30386292203184,85.36956301328196,80.6611180305481,83.67790244183556,8764.284301757812,22.549955129623413,0.5,0.005,128,lr_0.005_hc_128
391,3.8839917182922363,1.7202157974243164,0.5311899781227112,0.8348206281661987,0.7977653741836548,87.45817702524586,81.28358511609044,84.96400689445403,80.47230243682861,83.54451786815473,8787.59936618805,22.317610502243042,0.5,0.005,128,lr_0.005_hc_128
392,3.8255956172943115,1.686397671699524,0.5237491130828857,0.8598642349243164,0.7555844783782959,87.50887154009936,81.24302950420764,85.42025752813545,81.5380871295929,83.92756142550883,8811.139201402664,22.431727647781372,0.5,0.005,128,lr_0.005_hc_128
393,3.820094585418701,1.675421953201294,0.521169126033783,0.8728922009468079,0.750611424446106,87.33651018959748,80.67525093784852,85.76498022913921,80.72149753570557,83.62455972307271,8834.411215543747,22.292888641357422,0.5,0.005,128,lr_0.005_hc_128
394,3.858264923095703,1.7209855318069458,0.5177094340324402,0.8264052271842957,0.7931647300720215,87.1945655480077,81.44580756362161,84.79164554395214,80.67605495452881,83.52701840252756,8856.919295549393,21.47040295600891,0.5,0.005,128,lr_0.005_hc_128
395,3.8272902965545654,1.6798335313796997,0.5293852686882019,0.8428447246551514,0.7752267718315125,87.38720470445098,81.19233498935415,84.70039541721586,81.33987784385681,83.65495323871946,8878.451239347458,20.566853761672974,0.5,0.005,128,lr_0.005_hc_128
396,3.915273904800415,1.7053757905960083,0.5408006906509399,0.852286159992218,0.8168113231658936,86.99178748859373,81.08080705667646,84.52803406671399,79.79748845100403,83.09952926574705,8900.07198381424,20.647619009017944,0.5,0.005,128,lr_0.005_hc_128
397,3.845094680786133,1.6618393659591675,0.5118069648742676,0.8753437399864197,0.7961044907569885,87.56970495792356,80.79691777349692,84.92345128257122,80.19559979438782,83.37141845209489,8921.51364827156,20.49564003944397,0.5,0.005,128,lr_0.005_hc_128
398,3.9328927993774414,1.7024409770965576,0.5289069414138794,0.8836081624031067,0.8179367780685425,87.45817702524586,80.8881679002332,84.71053432018655,79.6384334564209,83.17382817552163,8944.240072011948,21.75846791267395,0.5,0.005,128,lr_0.005_hc_128
399,3.8624887466430664,1.7125813961029053,0.5308928489685059,0.8525131940841675,0.7665014266967773,87.48859373415796,81.38497414579743,85.25803508060427,81.76700472831726,83.97465192221922,8967.876196146011,22.654752254486084,0.5,0.005,128,lr_0.005_hc_128
400,3.8387598991394043,1.6844866275787354,0.540235161781311,0.8578624725341797,0.7561753988265991,87.40748251039237,80.73608435567272,85.46081314001826,81.56240582466125,83.79169645768614,8992.548726320267,23.659591913223267,0.5,0.005,128,lr_0.005_hc_128
