epochs,losses,accuracies,cumulative_time_seconds,epoch_time_seconds
1,19.730436325073242,,0.0445709228515625,0.0445709228515625
2,17.468637466430664,,0.07769513130187988,0.021552562713623047
3,16.21466064453125,,0.10642480850219727,0.021158933639526367
4,15.343496322631836,,0.127288818359375,0.016521453857421875
5,14.873495101928711,,0.15424013137817383,0.0194089412689209
6,14.578874588012695,,0.18221402168273926,0.023981571197509766
7,14.32960319519043,,0.20143508911132812,0.014630317687988281
8,14.109451293945312,,0.22739839553833008,0.017711639404296875
9,13.89940071105957,,0.25170111656188965,0.01819777488708496
10,13.802797317504883,,0.27625513076782227,0.017271041870117188
11,13.692955017089844,,0.29993653297424316,0.018431663513183594
12,13.58786678314209,,0.32561588287353516,0.017599821090698242
13,13.349836349487305,,0.35596585273742676,0.023769140243530273
14,13.316978454589844,,0.3817267417907715,0.022763729095458984
15,13.236583709716797,,0.4025723934173584,0.016809701919555664
16,13.194620132446289,,0.4275524616241455,0.02041769027709961
17,13.081239700317383,,0.4511992931365967,0.01914811134338379
18,12.987051010131836,,0.47779202461242676,0.019242048263549805
19,12.875422477722168,,0.5076086521148682,0.023212432861328125
20,12.87767219543457,,0.5320923328399658,0.019984006881713867
21,12.751150131225586,,0.5613126754760742,0.02467203140258789
22,12.773232460021973,,0.589430570602417,0.024081945419311523
23,12.686380386352539,,0.6121921539306641,0.016744375228881836
24,12.599364280700684,,0.6366074085235596,0.019412994384765625
25,12.54865837097168,,0.6628108024597168,0.021706104278564453
26,12.462869644165039,,0.6913416385650635,0.0215301513671875
27,12.489562034606934,,0.7132167816162109,0.01713275909423828
28,12.407441139221191,,0.7346243858337402,0.012599945068359375
29,12.375086784362793,,0.7628984451293945,0.019572734832763672
30,12.30859375,,0.7850546836853027,0.017159461975097656
31,12.31488037109375,,0.809755802154541,0.017149686813354492
32,12.244356155395508,,0.8322741985321045,0.020894527435302734
33,12.235811233520508,,0.8567245006561279,0.017448902130126953
34,12.172616004943848,,0.8797321319580078,0.01805424690246582
35,12.171350479125977,,0.901749849319458,0.015426397323608398
36,12.123401641845703,,0.9280252456665039,0.019246816635131836
37,12.144760131835938,,0.9532153606414795,0.020720720291137695
38,12.102862358093262,,0.981311559677124,0.020170927047729492
39,12.062819480895996,,1.0112402439117432,0.02479100227355957
40,12.009236335754395,,1.0323257446289062,0.018047571182250977
41,12.034599304199219,,1.0569946765899658,0.017406463623046875
42,11.953559875488281,,1.0766174793243408,0.014993667602539062
43,11.954717636108398,,1.1034276485443115,0.020819664001464844
44,11.914676666259766,,1.1253511905670166,0.017424583435058594
45,11.919862747192383,,1.1491479873657227,0.01729297637939453
46,11.930325508117676,,1.171475887298584,0.017162084579467773
47,11.86733627319336,,1.1959469318389893,0.017462968826293945
48,11.915699005126953,,1.217466115951538,0.017837047576904297
49,11.848819732666016,,1.2436931133270264,0.020005464553833008
50,11.82805347442627,,1.271895170211792,0.020637035369873047
51,11.830940246582031,,1.2925207614898682,0.016260385513305664
52,11.842897415161133,,1.317950963973999,0.019089460372924805
53,11.767804145812988,,1.3487012386322021,0.02449202537536621
54,11.792289733886719,,1.3703770637512207,0.017713546752929688
55,11.812538146972656,,1.3940768241882324,0.01685476303100586
56,11.777774810791016,,1.4219262599945068,0.019808292388916016
57,11.74459457397461,,1.4437663555145264,0.01783275604248047
58,11.755716323852539,,1.4682114124298096,0.02044844627380371
59,11.746734619140625,,1.4918854236602783,0.01917243003845215
60,11.743592262268066,,1.5145933628082275,0.01869988441467285
61,11.73017692565918,,1.5331752300262451,0.01144099235534668
62,11.744670867919922,,1.5633454322814941,0.01987433433532715
63,11.695119857788086,,1.5845742225646973,0.017226457595825195
64,11.711772918701172,,1.6095480918884277,0.01795029640197754
65,11.669185638427734,,1.6361181735992432,0.022888898849487305
66,11.661460876464844,,1.662205457687378,0.02072429656982422
67,11.649415969848633,,1.6913306713104248,0.022125720977783203
68,11.64767074584961,,1.7186565399169922,0.0225985050201416
69,11.679128646850586,,1.742447853088379,0.019309043884277344
70,11.619071006774902,,1.7713408470153809,0.02089691162109375
71,11.65237045288086,,1.797560691833496,0.02171039581298828
72,11.61768913269043,,1.8210914134979248,0.018686771392822266
73,11.6251802444458,,1.8514437675476074,0.0218050479888916
74,11.65330696105957,,1.876307487487793,0.020536184310913086
75,11.62287712097168,,1.901465654373169,0.01856398582458496
76,11.598041534423828,,1.929569959640503,0.021514177322387695
77,11.608863830566406,,1.9579172134399414,0.020737409591674805
78,11.62879467010498,,1.9843990802764893,0.021921634674072266
79,11.582655906677246,,2.011390209197998,0.02291727066040039
80,11.557258605957031,,2.0360147953033447,0.019607067108154297
81,11.578447341918945,,2.0632777214050293,0.02071547508239746
82,11.571310043334961,,2.0863964557647705,0.0182039737701416
83,11.595708847045898,,2.1131997108459473,0.020296096801757812
84,11.578536987304688,,2.141299247741699,0.023526668548583984
85,11.534916877746582,,2.166045904159546,0.020859479904174805
86,11.528017044067383,,2.191307306289673,0.017755985260009766
87,11.550146102905273,,2.2190892696380615,0.023095369338989258
88,11.511436462402344,,2.2366349697113037,0.014043092727661133
89,11.541519165039062,,2.2648983001708984,0.020538330078125
90,11.5569429397583,,2.288058042526245,0.01761484146118164
91,11.52087688446045,,2.3126540184020996,0.0180509090423584
92,11.523475646972656,,2.339301824569702,0.02264547348022461
93,11.49183464050293,,2.361252784729004,0.017380714416503906
94,11.518579483032227,,2.3862788677215576,0.020282745361328125
95,11.541938781738281,,2.4082517623901367,0.0178983211517334
96,11.523409843444824,,2.4305155277252197,0.018650054931640625
97,11.483209609985352,,2.4534401893615723,0.017351150512695312
98,11.494565963745117,,2.4784786701202393,0.01713275909423828
99,11.466797828674316,,2.500255823135376,0.017276525497436523
100,11.495796203613281,0.0,2.526057004928589,0.02123236656188965
101,11.48824691772461,,2.5471720695495605,0.01707911491394043
102,11.471136093139648,,2.569967269897461,0.01629161834716797
103,11.471733093261719,,2.5922157764434814,0.01724529266357422
104,11.472122192382812,,2.6162760257720947,0.018120288848876953
105,11.463133811950684,,2.6451222896575928,0.025079727172851562
106,11.452308654785156,,2.6669530868530273,0.017834186553955078
107,11.427637100219727,,2.6940438747406006,0.02052021026611328
108,11.429113388061523,,2.7249414920806885,0.025870561599731445
109,11.439706802368164,,2.7503957748413086,0.022456884384155273
110,11.436861038208008,,2.776263952255249,0.020020484924316406
111,11.435418128967285,,2.8053746223449707,0.02381610870361328
112,11.424221992492676,,2.8297197818756104,0.02077794075012207
113,11.409034729003906,,2.8537228107452393,0.017493009567260742
114,11.440642356872559,,2.875143527984619,0.01742243766784668
115,11.401315689086914,,2.9041590690612793,0.021509647369384766
116,11.40432357788086,,2.927251100540161,0.020094871520996094
117,11.389768600463867,,2.9497897624969482,0.01855015754699707
118,11.414788246154785,,2.9777603149414062,0.02430129051208496
119,11.402887344360352,,3.0055429935455322,0.022172927856445312
120,11.39419174194336,,3.030207395553589,0.020095348358154297
121,11.370885848999023,,3.0572187900543213,0.01940464973449707
122,11.372997283935547,,3.0749518871307373,0.01155400276184082
123,11.378615379333496,,3.1064891815185547,0.02181696891784668
124,11.387374877929688,,3.134347677230835,0.0231931209564209
125,11.358373641967773,,3.1603519916534424,0.021190881729125977
126,11.346452713012695,,3.1841611862182617,0.019217491149902344
127,11.347908020019531,,3.206176996231079,0.018018484115600586
128,11.303058624267578,,3.229759931564331,0.019605159759521484
129,11.322091102600098,,3.251875400543213,0.017540693283081055
130,11.350787162780762,,3.2762231826782227,0.017075300216674805
131,11.327041625976562,,3.3081324100494385,0.023132801055908203
132,11.325292587280273,,3.3332409858703613,0.02142333984375
133,11.34170150756836,,3.361192226409912,0.019685983657836914
134,11.294422149658203,,3.3898377418518066,0.023465871810913086
135,11.314057350158691,,3.4112253189086914,0.01710796356201172
136,11.298587799072266,,3.4412569999694824,0.026340007781982422
137,11.31808090209961,,3.469625473022461,0.023856163024902344
138,11.312862396240234,,3.4925742149353027,0.01944136619567871
139,11.2843599319458,,3.5169708728790283,0.01939988136291504
140,11.266758918762207,,3.539055585861206,0.017609596252441406
141,11.277956008911133,,3.563323736190796,0.019667625427246094
142,11.266090393066406,,3.585630178451538,0.01769232749938965
143,11.25761890411377,,3.612309694290161,0.0191500186920166
144,11.287424087524414,,3.6327173709869385,0.016413211822509766
145,11.21572208404541,,3.6613619327545166,0.020273685455322266
146,11.218916893005371,,3.6888177394866943,0.019268512725830078
147,11.231887817382812,,3.7091991901397705,0.016843080520629883
148,11.254838943481445,,3.734437942504883,0.017726898193359375
149,11.257061004638672,,3.765030860900879,0.02390575408935547
150,11.200528144836426,,3.79005765914917,0.020693302154541016
151,11.190248489379883,,3.817936897277832,0.02030777931213379
152,11.222437858581543,,3.846932888031006,0.0258333683013916
153,11.162103652954102,,3.871227502822876,0.021298646926879883
154,11.203899383544922,,3.894322633743286,0.01568293571472168
155,11.176872253417969,,3.9246582984924316,0.021503448486328125
156,11.21325397491455,,3.9467720985412598,0.018091678619384766
157,11.188003540039062,,3.971320390701294,0.019890785217285156
158,11.15703010559082,,3.9956114292144775,0.017780780792236328
159,11.138042449951172,,4.021399974822998,0.017788410186767578
160,11.133777618408203,,4.053751707077026,0.026915788650512695
161,11.152372360229492,,4.078680753707886,0.021764516830444336
162,11.1370849609375,,4.10450291633606,0.0193173885345459
163,11.122705459594727,,4.1263110637664795,0.017309904098510742
164,11.13341236114502,,4.154332399368286,0.020136356353759766
165,11.124387741088867,,4.182027816772461,0.023661136627197266
166,11.155189514160156,,4.20743727684021,0.020615339279174805
167,11.101469039916992,,4.23465371131897,0.019199132919311523
168,11.107882499694824,,4.2591166496276855,0.019149065017700195
169,11.059430122375488,,4.287040710449219,0.022418975830078125
170,11.094478607177734,,4.313568830490112,0.02353048324584961
171,11.058483123779297,,4.339189529418945,0.021209239959716797
172,11.056770324707031,,4.367391109466553,0.020633459091186523
173,11.02778434753418,,4.392228126525879,0.02033853530883789
174,11.041393280029297,,4.414133071899414,0.017224550247192383
175,11.05194091796875,,4.440605640411377,0.021824359893798828
176,11.007073402404785,,4.466055870056152,0.021266698837280273
177,10.995838165283203,,4.495651483535767,0.02205491065979004
178,11.005317687988281,,4.518523216247559,0.020262956619262695
179,11.010300636291504,,4.539971351623535,0.01665973663330078
180,10.995109558105469,,4.565951585769653,0.021404266357421875
181,10.982706069946289,,4.588676691055298,0.018723249435424805
182,10.973254203796387,,4.614164590835571,0.0208590030670166
183,10.976001739501953,,4.638773441314697,0.0222017765045166
184,10.946581840515137,,4.65805721282959,0.015735626220703125
185,10.962129592895508,,4.684095144271851,0.022859811782836914
186,10.918695449829102,,4.709141731262207,0.021369457244873047
187,10.946099281311035,,4.734390497207642,0.017635583877563477
188,10.934921264648438,,4.765967607498169,0.02358555793762207
189,10.931417465209961,,4.7900402545928955,0.02006816864013672
190,10.904651641845703,,4.815182209014893,0.017953872680664062
191,10.912065505981445,,4.835984945297241,0.01830124855041504
192,10.888845443725586,,4.861187696456909,0.020127058029174805
193,10.902241706848145,,4.887747287750244,0.02066946029663086
194,10.884197235107422,,4.911313533782959,0.01772928237915039
195,10.86824893951416,,4.942770481109619,0.024532794952392578
196,10.854472160339355,,4.967706680297852,0.020899295806884766
197,10.861958503723145,,4.9955761432647705,0.02116227149963379
198,10.827960968017578,,5.019434213638306,0.021170377731323242
199,10.812532424926758,,5.042551040649414,0.02103257179260254
200,10.78875732421875,0.0,5.071353912353516,0.024831771850585938
201,10.799095153808594,,5.094594717025757,0.0176999568939209
202,10.753087997436523,,5.117146015167236,0.01465749740600586
203,10.745421409606934,,5.149635553359985,0.02227330207824707
204,10.756999015808105,,5.174577951431274,0.016833782196044922
205,10.714134216308594,,5.201435565948486,0.020175933837890625
206,10.743207931518555,,5.231264114379883,0.02379441261291504
207,10.695405006408691,,5.25309419631958,0.018445968627929688
208,10.695710182189941,,5.276422500610352,0.02095794677734375
209,10.683067321777344,,5.299457550048828,0.01831507682800293
210,10.682149887084961,,5.324715852737427,0.01769280433654785
211,10.680875778198242,,5.349587678909302,0.02083897590637207
212,10.695099830627441,,5.3733391761779785,0.019240379333496094
213,10.630378723144531,,5.401069641113281,0.020721435546875
214,10.638007164001465,,5.421928644180298,0.01680302619934082
215,10.625743865966797,,5.4467689990997314,0.020804166793823242
216,10.580930709838867,,5.468627214431763,0.017170190811157227
217,10.568016052246094,,5.493619918823242,0.01748347282409668
218,10.573770523071289,,5.51952862739563,0.020921707153320312
219,10.548751831054688,,5.544527530670166,0.023368120193481445
220,10.581534385681152,,5.571542501449585,0.020018577575683594
221,10.496790885925293,,5.597552537918091,0.022607088088989258
222,10.56266975402832,,5.623074054718018,0.020917415618896484
223,10.49923038482666,,5.65128493309021,0.021893739700317383
224,10.511848449707031,,5.677500009536743,0.023115873336791992
225,10.456620216369629,,5.69958233833313,0.01681351661682129
226,10.453080177307129,,5.726310968399048,0.024914026260375977
227,10.437131881713867,,5.746148586273193,0.01687312126159668
228,10.439209938049316,,5.771595478057861,0.017333984375
229,10.396726608276367,,5.793587923049927,0.017925262451171875
230,10.424042701721191,,5.818135499954224,0.01660943031311035
231,10.434433937072754,,5.845793724060059,0.024510622024536133
232,10.412668228149414,,5.867389678955078,0.017594575881958008
233,10.382530212402344,,5.894143104553223,0.022207975387573242
234,10.349359512329102,,5.9198384284973145,0.02173304557800293
235,10.354042053222656,,5.944857358932495,0.017508745193481445
236,10.339812278747559,,5.968463182449341,0.01960897445678711
237,10.287528991699219,,5.996582746505737,0.020608186721801758
238,10.288509368896484,,6.026940107345581,0.025325775146484375
239,10.276142120361328,,6.048943281173706,0.022003173828125
240,10.251172065734863,,6.074634790420532,0.018789052963256836
241,10.294590950012207,,6.101073741912842,0.02643895149230957
242,10.176671981811523,,6.123037338256836,0.01795792579650879
243,10.153606414794922,,6.151163578033447,0.020839452743530273
244,10.182331085205078,,6.172082424163818,0.020918846130371094
245,10.20067024230957,,6.19609522819519,0.01995682716369629
246,10.148530960083008,,6.216823101043701,0.01685643196105957
247,10.145103454589844,,6.244427442550659,0.02109527587890625
248,10.100698471069336,,6.269834518432617,0.022430419921875
249,10.140192031860352,,6.291579484939575,0.017161130905151367
250,10.067251205444336,,6.316524267196655,0.01762104034423828
251,10.039941787719727,,6.338260889053345,0.01711559295654297
252,10.053800582885742,,6.367071151733398,0.020482778549194336
253,10.059074401855469,,6.391185283660889,0.019848346710205078
254,10.044358253479004,,6.419423818588257,0.028238534927368164
255,9.991314888000488,,6.443953514099121,0.021484375
256,10.016485214233398,,6.467623949050903,0.017670869827270508
257,9.963390350341797,,6.494633674621582,0.018503665924072266
258,9.96889877319336,,6.521829605102539,0.023085594177246094
259,9.927655220031738,,6.544583320617676,0.017724990844726562
260,9.932958602905273,,6.569078207015991,0.02014613151550293
261,9.85411548614502,,6.596425533294678,0.02284383773803711
262,9.864818572998047,,6.626282215118408,0.025856971740722656
263,9.885749816894531,,6.652418375015259,0.02063751220703125
264,9.822010040283203,,6.678614377975464,0.022192716598510742
265,9.861329078674316,,6.7014501094818115,0.018003463745117188
266,9.730611801147461,,6.733457565307617,0.022314071655273438
267,9.780515670776367,,6.758422613143921,0.01995706558227539
268,9.769143104553223,,6.783235549926758,0.018305063247680664
269,9.685290336608887,,6.810695648193359,0.022388219833374023
270,9.747087478637695,,6.834267854690552,0.020062685012817383
271,9.69758415222168,,6.861747980117798,0.020552635192871094
272,9.664069175720215,,6.887817859649658,0.021470308303833008
273,9.669858932495117,,6.910697937011719,0.017401695251464844
274,9.644948959350586,,6.932459115982056,0.017493247985839844
275,9.604009628295898,,6.956886529922485,0.017626285552978516
276,9.566934585571289,,6.982661962509155,0.020117521286010742
277,9.56836223602295,,7.0068747997283936,0.019341468811035156
278,9.530515670776367,,7.031496286392212,0.018115997314453125
279,9.515413284301758,,7.059681177139282,0.02358531951904297
280,9.537494659423828,,7.081070423126221,0.017491579055786133
281,9.444405555725098,,7.106160879135132,0.0205080509185791
282,9.471732139587402,,7.131903648376465,0.021119117736816406
283,9.392095565795898,,7.158209562301636,0.01999211311340332
284,9.447824478149414,,7.189397096633911,0.024647235870361328
285,9.376886367797852,,7.2124505043029785,0.020520448684692383
286,9.337506294250488,,7.2413671016693115,0.02152538299560547
287,9.366397857666016,,7.269361972808838,0.023908615112304688
288,9.364641189575195,,7.293597221374512,0.019731998443603516
289,9.295870780944824,,7.317707777023315,0.016122817993164062
290,9.2515230178833,,7.345798015594482,0.024686336517333984
291,9.257356643676758,,7.367044687271118,0.01724863052368164
292,9.248188018798828,,7.396948575973511,0.02571272850036621
293,9.289863586425781,,7.418074607849121,0.016866207122802734
294,9.280792236328125,,7.442756652832031,0.017173051834106445
295,9.117393493652344,,7.4635937213897705,0.016771554946899414
296,9.152677536010742,,7.48950457572937,0.018371105194091797
297,9.101022720336914,,7.511196851730347,0.017581939697265625
298,9.060468673706055,,7.533658742904663,0.014987945556640625
299,9.07589340209961,,7.5565409660339355,0.01656031608581543
300,9.055460929870605,0.13271868228912354,7.58489465713501,0.0195009708404541
301,8.98615837097168,,7.611653566360474,0.022763729095458984
302,8.949516296386719,,7.635976552963257,0.024322986602783203
303,9.001258850097656,,7.661113500595093,0.01723456382751465
304,8.945672988891602,,7.690506458282471,0.023463010787963867
305,8.893651008605957,,7.717217445373535,0.022116422653198242
306,8.939305305480957,,7.734461545944214,0.011739492416381836
307,8.878832817077637,,7.764359474182129,0.01996469497680664
308,8.822949409484863,,7.791064739227295,0.02270960807800293
309,8.769670486450195,,7.813539028167725,0.01793217658996582
310,8.78740119934082,,7.8348753452301025,0.016885757446289062
311,8.80510139465332,,7.8596014976501465,0.01695084571838379
312,8.694993019104004,,7.881224155426025,0.020051002502441406
313,8.77394962310791,,7.911898851394653,0.023102283477783203
314,8.653646469116211,,7.934494972229004,0.019559144973754883
315,8.693428993225098,,7.960355520248413,0.022003650665283203
316,8.6400146484375,,7.984457492828369,0.017595767974853516
317,8.5790433883667,,8.010048866271973,0.02155590057373047
318,8.546785354614258,,8.033677816390991,0.016123294830322266
319,8.595962524414062,,8.057042121887207,0.01707768440246582
320,8.521638870239258,,8.084466457366943,0.01992058753967285
321,8.592687606811523,,8.111521005630493,0.020059585571289062
322,8.501684188842773,,8.139015913009644,0.022457361221313477
323,8.519170761108398,,8.164984941482544,0.020370006561279297
324,8.376953125,,8.19141149520874,0.01980304718017578
325,8.344293594360352,,8.212850332260132,0.01914668083190918
326,8.374953269958496,,8.234611988067627,0.013383626937866211
327,8.388662338256836,,8.262966394424438,0.019464492797851562
328,8.23985481262207,,8.286109447479248,0.018146276473999023
329,8.285041809082031,,8.313599824905396,0.023518800735473633
330,8.272647857666016,,8.338339567184448,0.020342588424682617
331,8.272281646728516,,8.36712098121643,0.02179241180419922
332,8.188295364379883,,8.392864227294922,0.021619319915771484
333,8.17564582824707,,8.419317722320557,0.022297382354736328
334,8.231868743896484,,8.448806524276733,0.02288985252380371
335,8.085939407348633,,8.476425170898438,0.025364160537719727
336,8.080035209655762,,8.498659610748291,0.017302989959716797
337,8.080267906188965,,8.52371096611023,0.022300243377685547
338,8.040487289428711,,8.545549869537354,0.017400264739990234
339,8.001334190368652,,8.571643352508545,0.02140974998474121
340,7.93363094329834,,8.596817970275879,0.022138118743896484
341,7.945371627807617,,8.621241092681885,0.019855260848999023
342,7.935096263885498,,8.649641275405884,0.020270824432373047
343,7.870420932769775,,8.675306797027588,0.0207211971282959
344,7.881964683532715,,8.69837999343872,0.017073392868041992
345,7.835405349731445,,8.727237462997437,0.023705005645751953
346,7.861608982086182,,8.752925395965576,0.021690845489501953
347,7.792416572570801,,8.776398658752441,0.01705789566040039
348,7.755943298339844,,8.799001216888428,0.017940282821655273
349,7.714453220367432,,8.821227312088013,0.014654397964477539
350,7.686277866363525,,8.84941029548645,0.020645856857299805
351,7.7368364334106445,,8.871311902999878,0.018400192260742188
352,7.692631244659424,,8.895639419555664,0.020232439041137695
353,7.669910907745361,,8.917668342590332,0.020678043365478516
354,7.5818681716918945,,8.9448082447052,0.0225982666015625
355,7.578159332275391,,8.967127799987793,0.01735401153564453
356,7.621129989624023,,8.993062973022461,0.01843094825744629
357,7.476661205291748,,9.021341562271118,0.023675918579101562
358,7.528095245361328,,9.0474693775177,0.020682573318481445
359,7.54511833190918,,9.07492995262146,0.02083873748779297
360,7.469215393066406,,9.099581718444824,0.024651765823364258
361,7.417302131652832,,9.123336553573608,0.019243955612182617
362,7.4424357414245605,,9.151240110397339,0.0208890438079834
363,7.378335475921631,,9.178551197052002,0.02319788932800293
364,7.418292999267578,,9.201446533203125,0.01805281639099121
365,7.253424167633057,,9.234725952148438,0.024956464767456055
366,7.32341194152832,,9.255488872528076,0.020762920379638672
367,7.258744239807129,,9.276302576065063,0.016391754150390625
368,7.219528675079346,,9.306632041931152,0.020497560501098633
369,7.245403289794922,,9.327791690826416,0.01812887191772461
370,7.167287826538086,,9.352890014648438,0.021561145782470703
371,7.173344612121582,,9.375999212265015,0.019106626510620117
372,7.115668773651123,,9.401166439056396,0.021170854568481445
373,7.096230983734131,,9.422789096832275,0.017586469650268555
374,7.033047676086426,,9.450010538101196,0.021214962005615234
375,7.031275749206543,,9.478034734725952,0.026491165161132812
376,7.027029991149902,,9.499873638153076,0.018517494201660156
377,7.056204319000244,,9.525308847427368,0.020862102508544922
378,7.033738613128662,,9.545627355575562,0.0186617374420166
379,7.0154500007629395,,9.569410800933838,0.01948857307434082
380,7.043242454528809,,9.590404510498047,0.016391277313232422
381,6.912735939025879,,9.616342067718506,0.01743316650390625
382,6.908496856689453,,9.641742467880249,0.025400400161743164
383,6.884038925170898,,9.661430835723877,0.01568317413330078
384,6.880767822265625,,9.688416242599487,0.02031254768371582
385,6.830931663513184,,9.709782600402832,0.017861604690551758
386,6.843839645385742,,9.734533071517944,0.017559528350830078
387,6.795222282409668,,9.755418062210083,0.020884990692138672
388,6.78309440612793,,9.781024932861328,0.01976490020751953
389,6.732359886169434,,9.806622505187988,0.020529747009277344
390,6.705868721008301,,9.828712463378906,0.017559528350830078
391,6.740353584289551,,9.8542959690094,0.02134871482849121
392,6.657581329345703,,9.880021810531616,0.02173161506652832
393,6.778590202331543,,9.90855860710144,0.022097349166870117
394,6.744368076324463,,9.931279182434082,0.020122766494750977
395,6.5717363357543945,,9.960204124450684,0.02462315559387207
396,6.5750322341918945,,9.984727621078491,0.018216609954833984
397,6.536310195922852,,10.005897283554077,0.01710224151611328
398,6.475074291229248,,10.026839971542358,0.013368368148803711
399,6.556063652038574,,10.053481578826904,0.018364667892456055
400,6.478841781616211,0.6634168823560079,10.078957796096802,0.01915574073791504
401,6.453273773193359,,10.101200103759766,0.018665552139282227
402,6.504844665527344,,10.127159833908081,0.017956256866455078
403,6.458433151245117,,10.15539026260376,0.01972055435180664
404,6.3899970054626465,,10.183517217636108,0.0255126953125
405,6.349689483642578,,10.201547622680664,0.013030052185058594
406,6.320940971374512,,10.234714984893799,0.02509021759033203
407,6.359767436981201,,10.255242586135864,0.02052760124206543
408,6.302401065826416,,10.286197662353516,0.023249149322509766
409,6.491368770599365,,10.308413028717041,0.019217967987060547
410,6.322839736938477,,10.331865549087524,0.018955230712890625
411,6.2991790771484375,,10.35687255859375,0.0169525146484375
412,6.2432026863098145,,10.37847638130188,0.016726016998291016
413,6.193027973175049,,10.404248237609863,0.017261505126953125
414,6.2039995193481445,,10.425958395004272,0.01774454116821289
415,6.198829650878906,,10.449825286865234,0.01729130744934082
416,6.193564414978027,,10.471230745315552,0.01675724983215332
417,6.1078267097473145,,10.49655556678772,0.017289161682128906
418,6.187946319580078,,10.526119709014893,0.024805545806884766
419,6.125535011291504,,10.546664237976074,0.019795894622802734
420,6.094027519226074,,10.57137417793274,0.01715683937072754
421,6.100013256072998,,10.593515396118164,0.01748514175415039
422,6.134193420410156,,10.621280431747437,0.02001810073852539
423,6.095981597900391,,10.644915103912354,0.01974201202392578
424,6.035918235778809,,10.670185327529907,0.021260976791381836
425,6.0644330978393555,,10.693097114562988,0.017338991165161133
426,6.009316921234131,,10.721420288085938,0.02298140525817871
427,5.963332176208496,,10.748420715332031,0.022575855255126953
428,6.217596530914307,,10.774192810058594,0.020237445831298828
429,6.084805965423584,,10.796118259429932,0.01964402198791504
430,5.9840898513793945,,10.826861381530762,0.025675296783447266
431,5.963656902313232,,10.855904579162598,0.026043176651000977
432,5.930738925933838,,10.879165887832642,0.022266626358032227
433,5.901639461517334,,10.90217661857605,0.017440319061279297
434,5.908852577209473,,10.927185773849487,0.020041704177856445
435,5.976398468017578,,10.951439619064331,0.016683340072631836
436,5.8492536544799805,,10.974239826202393,0.017765045166015625
437,5.845052719116211,,11.00110673904419,0.020221710205078125
438,5.828673362731934,,11.026116609573364,0.0179746150970459
439,5.760195732116699,,11.048156499862671,0.01800227165222168
440,5.803319931030273,,11.074687004089355,0.018660545349121094
441,5.7935333251953125,,11.099724292755127,0.025037288665771484
442,5.786826133728027,,11.126388311386108,0.02212357521057129
443,5.769646644592285,,11.149230003356934,0.01730513572692871
444,5.749600887298584,,11.174134254455566,0.020626306533813477
445,5.6764726638793945,,11.199988842010498,0.02085137367248535
446,5.726254463195801,,11.227108716964722,0.025614500045776367
447,5.659381866455078,,11.252996444702148,0.021820545196533203
448,5.689281463623047,,11.281052112579346,0.021661996841430664
449,5.68718957901001,,11.3084135055542,0.023245573043823242
450,5.660586357116699,,11.334954738616943,0.022039175033569336
451,5.698268890380859,,11.357876062393188,0.01757073402404785
452,5.592679023742676,,11.379952907562256,0.01865410804748535
453,5.620630264282227,,11.409335136413574,0.02187061309814453
454,5.6266374588012695,,11.433530807495117,0.021697044372558594
455,5.5198163986206055,,11.455582618713379,0.01696324348449707
456,5.4848551750183105,,11.486543655395508,0.02611088752746582
457,5.619411945343018,,11.510379552841187,0.02083897590637207
458,5.543266773223877,,11.533685445785522,0.016292095184326172
459,5.477787017822266,,11.566363096237183,0.020888805389404297
460,5.4400129318237305,,11.590417861938477,0.020372629165649414
461,5.41610860824585,,11.616716861724854,0.018532752990722656
462,5.470222473144531,,11.646852016448975,0.023469924926757812
463,5.435241222381592,,11.668933153152466,0.017574310302734375
464,5.446298122406006,,11.69505000114441,0.019611597061157227
465,5.4391045570373535,,11.72130274772644,0.021611690521240234
466,5.404317855834961,,11.744448900222778,0.01813817024230957
467,5.3921661376953125,,11.773360967636108,0.02493906021118164
468,5.37259578704834,,11.797616481781006,0.021285533905029297
469,5.355588912963867,,11.825788974761963,0.02163076400756836
470,5.365195274353027,,11.85330605506897,0.023520708084106445
471,5.359053611755371,,11.878194332122803,0.01989126205444336
472,5.338052272796631,,11.906579494476318,0.02116250991821289
473,5.321835994720459,,11.933728694915771,0.022319316864013672
474,5.239043235778809,,11.959380865097046,0.02083873748779297
475,5.2391510009765625,,11.987491369247437,0.020536184310913086
476,5.2694854736328125,,12.010311365127563,0.01767253875732422
477,5.225065231323242,,12.033700704574585,0.016379117965698242
478,5.20487117767334,,12.064148664474487,0.018031597137451172
479,5.170905113220215,,12.084704160690308,0.016671180725097656
480,5.223284721374512,,12.109676361083984,0.019972562789916992
481,5.2031025886535645,,12.131433248519897,0.018099069595336914
482,5.251405715942383,,12.156584739685059,0.017688512802124023
483,5.156306266784668,,12.182312488555908,0.020868778228759766
484,5.220759868621826,,12.201474905014038,0.015161752700805664
485,5.183053970336914,,12.234477519989014,0.023152589797973633
486,5.171883583068848,,12.255501747131348,0.021024227142333984
487,5.189252853393555,,12.281037092208862,0.02076125144958496
488,5.109797954559326,,12.306638956069946,0.020460128784179688
489,5.106215476989746,,12.328773498535156,0.017595291137695312
490,5.123351097106934,,12.352444887161255,0.019105911254882812
491,5.12764835357666,,12.378037691116333,0.020837783813476562
492,5.107393264770508,,12.40616750717163,0.020893096923828125
493,5.084522724151611,,12.429951429367065,0.019576549530029297
494,5.072092056274414,,12.456498146057129,0.021032333374023438
495,5.02577543258667,,12.487588882446289,0.026255130767822266
496,5.032174587249756,,12.509949922561646,0.02036428451538086
497,5.040185928344727,,12.533670425415039,0.015706777572631836
498,5.010173797607422,,12.561230659484863,0.021181344985961914
499,5.000088691711426,,12.582901000976562,0.017160654067993164
500,5.025360584259033,0.7889881730079651,12.609700441360474,0.02280259132385254
501,4.927560806274414,,12.636683702468872,0.023307323455810547
502,5.024911403656006,,12.661499977111816,0.019993066787719727
503,4.97754430770874,,12.690465450286865,0.02336859703063965
504,5.008086204528809,,12.715291500091553,0.021249055862426758
505,4.942555904388428,,12.741435289382935,0.018626928329467773
506,4.925715446472168,,12.76789665222168,0.022429466247558594
507,4.8507080078125,,12.792654037475586,0.02025580406188965
508,4.906431198120117,,12.82126235961914,0.022278547286987305
509,4.917417526245117,,12.845823526382446,0.019942522048950195
510,4.912907123565674,,12.867501497268677,0.017680883407592773
511,4.905073165893555,,12.89195966720581,0.019959449768066406
512,4.883088111877441,,12.913828611373901,0.017027616500854492
513,4.863175392150879,,12.943901538848877,0.025132417678833008
514,4.844981670379639,,12.966909885406494,0.0210113525390625
515,4.8858819007873535,,12.991564273834229,0.018143415451049805
516,4.797098159790039,,13.013481140136719,0.01783895492553711
517,4.816232681274414,,13.043102502822876,0.017202377319335938
518,4.789992332458496,,13.068005323410034,0.02090620994567871
519,4.8105926513671875,,13.094958543777466,0.022302865982055664
520,4.869500160217285,,13.116592407226562,0.016302824020385742
521,4.769108772277832,,13.142898797988892,0.02159428596496582
522,4.80997371673584,,13.16150975227356,0.014609813690185547
523,4.7295331954956055,,13.189329385757446,0.01779651641845703
524,4.7304277420043945,,13.211256504058838,0.01705622673034668
525,4.787789344787598,,13.234466075897217,0.015697956085205078
526,4.7650465965271,,13.256837129592896,0.018019914627075195
527,4.742660045623779,,13.281022310256958,0.016674280166625977
528,4.741946220397949,,13.306588411331177,0.019419193267822266
529,4.664522171020508,,13.328810214996338,0.017688989639282227
530,4.68206787109375,,13.35189700126648,0.018513202667236328
531,4.710726737976074,,13.376405954360962,0.019504070281982422
532,4.654770851135254,,13.39691710472107,0.013942956924438477
533,4.689033508300781,,13.421988725662231,0.016836166381835938
534,4.689103603363037,,13.446974277496338,0.020949125289916992
535,4.596927165985107,,13.46846079826355,0.01848745346069336
536,4.622056007385254,,13.493388891220093,0.018425703048706055
537,4.670714378356934,,13.517513513565063,0.02012014389038086
538,4.5456438064575195,,13.54312014579773,0.017778396606445312
539,4.609902858734131,,13.570334434509277,0.023245573043823242
540,4.6100921630859375,,13.593315601348877,0.01847076416015625
541,4.577829837799072,,13.61670446395874,0.017001867294311523
542,4.595920562744141,,13.639894008636475,0.018511295318603516
543,4.506422996520996,,13.668099403381348,0.021693944931030273
544,4.561797142028809,,13.692977666854858,0.021415233612060547
545,4.519579887390137,,13.715715646743774,0.017711400985717773
546,4.585758209228516,,13.755359411239624,0.03509831428527832
547,4.529412746429443,,13.77822494506836,0.02286553382873535
548,4.516567230224609,,13.80399751663208,0.02225470542907715
549,4.46900749206543,,13.845420122146606,0.037413597106933594
550,4.487227916717529,,13.884629487991333,0.03920936584472656
551,4.43212890625,,13.938907861709595,0.03870844841003418
552,4.506319046020508,,13.977297306060791,0.023513317108154297
553,4.474732875823975,,14.018879175186157,0.03020000457763672
554,4.452219486236572,,14.058512210845947,0.029290199279785156
555,4.463670253753662,,14.090045928955078,0.021732330322265625
556,4.428337097167969,,14.115200996398926,0.019269704818725586
557,4.445448875427246,,14.141565799713135,0.024446964263916016
558,4.367234230041504,,14.165065288543701,0.01779031753540039
559,4.4151835441589355,,14.189898490905762,0.020796537399291992
560,4.3705339431762695,,14.212077856063843,0.018013715744018555
561,4.3919878005981445,,14.24244499206543,0.017185211181640625
562,4.377820014953613,,14.265806436538696,0.019358396530151367
563,4.356594085693359,,14.293626546859741,0.017496109008789062
564,4.372772216796875,,14.318078517913818,0.02034902572631836
565,4.323054790496826,,14.346660137176514,0.021814346313476562
566,4.324815273284912,,14.374501943588257,0.021734237670898438
567,4.405172824859619,,14.40922474861145,0.022211074829101562
568,4.368083953857422,,14.441440343856812,0.025787353515625
569,4.325497150421143,,14.468366384506226,0.02245354652404785
570,4.3437604904174805,,14.494088888168335,0.017455101013183594
571,4.307882308959961,,14.519481897354126,0.01757955551147461
572,4.345306873321533,,14.544627666473389,0.02309560775756836
573,4.303221702575684,,14.569694995880127,0.02306985855102539
574,4.2817277908325195,,14.59606671333313,0.0238645076751709
575,4.310612201690674,,14.617334842681885,0.021268129348754883
576,4.277005672454834,,14.647268772125244,0.022414445877075195
577,4.248478412628174,,14.67025113105774,0.01998281478881836
578,4.252732276916504,,14.689929246902466,0.01717400550842285
579,4.262808799743652,,14.71533203125,0.02006244659423828
580,4.257863998413086,,14.731571197509766,0.011664628982543945
581,4.221564769744873,,14.765325784683228,0.02411341667175293
582,4.270389556884766,,14.791471719741821,0.02096867561340332
583,4.166198253631592,,14.81419587135315,0.017181873321533203
584,4.196579456329346,,14.841630697250366,0.023545503616333008
585,4.202037334442139,,14.861302375793457,0.014651060104370117
586,4.218914031982422,,14.885951280593872,0.01878070831298828
587,4.170162677764893,,14.91416049003601,0.01993274688720703
588,4.161059379577637,,14.938225269317627,0.01824641227722168
589,4.15107536315918,,14.962447166442871,0.019674301147460938
590,4.189557075500488,,14.98434066772461,0.018078327178955078
591,4.2212395668029785,,15.005728721618652,0.02039647102355957
592,4.147634029388428,,15.033001184463501,0.020244836807250977
593,4.123803615570068,,15.060092449188232,0.020008563995361328
594,4.137917995452881,,15.082758665084839,0.017117977142333984
595,4.155383110046387,,15.107622385025024,0.020893096923828125
596,4.16753625869751,,15.13320779800415,0.021886587142944336
597,4.109109878540039,,15.158389568328857,0.02115774154663086
598,4.141637325286865,,15.185866832733154,0.023318052291870117
599,4.13109016418457,,15.20996642112732,0.02000904083251953
600,4.124045372009277,0.8718852202097574,15.237061023712158,0.0190732479095459
601,4.068694591522217,,15.266794681549072,0.022294044494628906
602,4.07243537902832,,15.292582750320435,0.02149486541748047
603,4.091079235076904,,15.316726446151733,0.017179012298583984
604,4.062047958374023,,15.33875322341919,0.017469167709350586
605,4.062806129455566,,15.36359167098999,0.019332170486450195
606,4.073683738708496,,15.38900637626648,0.020509958267211914
607,4.08252477645874,,15.415920972824097,0.02136516571044922
608,4.062681198120117,,15.441403865814209,0.019056081771850586
609,4.043385982513428,,15.463084697723389,0.017144441604614258
610,3.999797821044922,,15.488518714904785,0.017447233200073242
611,4.101157188415527,,15.51140546798706,0.017722368240356445
612,4.003942012786865,,15.540138483047485,0.020940303802490234
613,3.9772138595581055,,15.568102359771729,0.021750450134277344
614,4.002011299133301,,15.591395378112793,0.019621849060058594
615,3.9529809951782227,,15.613324403762817,0.01738452911376953
616,3.987746238708496,,15.641148805618286,0.024393320083618164
617,3.9909775257110596,,15.667684078216553,0.0204315185546875
618,4.0244879722595215,,15.692997217178345,0.018808364868164062
619,4.009079933166504,,15.719990968704224,0.021868467330932617
620,3.9754884243011475,,15.74250602722168,0.017005443572998047
621,3.9223861694335938,,15.771427869796753,0.02494645118713379
622,3.9500961303710938,,15.795355319976807,0.019417524337768555
623,3.9303479194641113,,15.818054914474487,0.014908075332641602
624,3.9290947914123535,,15.844650506973267,0.019822359085083008
625,3.9358232021331787,,15.867459058761597,0.017811059951782227
626,3.9274418354034424,,15.89627480506897,0.02282428741455078
627,3.9145045280456543,,15.921817302703857,0.0215456485748291
628,3.9458556175231934,,15.946920156478882,0.01909470558166504
629,3.896692991256714,,15.975080013275146,0.025189638137817383
630,3.904499053955078,,15.99995756149292,0.022455453872680664
631,3.859063148498535,,16.02689552307129,0.01942729949951172
632,3.9200384616851807,,16.05634069442749,0.0251007080078125
633,3.8748674392700195,,16.092870235443115,0.028548717498779297
634,3.8830041885375977,,16.12224555015564,0.029375314712524414
635,3.830765962600708,,16.153470277786255,0.022210359573364258
636,3.834789752960205,,16.181282997131348,0.019795894622802734
637,3.822735548019409,,16.21138334274292,0.024445295333862305
638,3.805440902709961,,16.24450969696045,0.03023552894592285
639,3.788632869720459,,16.270402431488037,0.021985292434692383
640,3.8479533195495605,,16.30497145652771,0.02063584327697754
641,3.829575777053833,,16.335034370422363,0.02154850959777832
642,3.7852025032043457,,16.36307144165039,0.02412700653076172
643,3.772289276123047,,16.388343811035156,0.018802165985107422
644,3.782984495162964,,16.41823148727417,0.02599358558654785
645,3.753286123275757,,16.451035976409912,0.026070594787597656
646,3.783946990966797,,16.478918075561523,0.022787094116210938
647,3.7533531188964844,,16.509387969970703,0.02073192596435547
648,3.7303617000579834,,16.542163372039795,0.028453350067138672
649,3.744171619415283,,16.569501399993896,0.022367000579833984
650,3.7543368339538574,,16.601131439208984,0.021055221557617188
651,3.7155113220214844,,16.628875255584717,0.022757530212402344
652,3.7294363975524902,,16.654645919799805,0.018410444259643555
653,3.728255271911621,,16.681262493133545,0.018174171447753906
654,3.748422384262085,,16.711506605148315,0.022565603256225586
655,3.7479071617126465,,16.736608266830444,0.01794910430908203
656,3.7298569679260254,,16.763338088989258,0.022195100784301758
657,3.695894718170166,,16.789724826812744,0.022389888763427734
658,3.66243839263916,,16.814260482788086,0.02102804183959961
659,3.6978793144226074,,16.845627307891846,0.028368473052978516
660,3.7075610160827637,,16.868587017059326,0.020906686782836914
661,3.6927828788757324,,16.89639973640442,0.020278215408325195
662,3.6722331047058105,,16.9222354888916,0.021139144897460938
663,3.7484519481658936,,16.94588351249695,0.019646167755126953
664,3.720240592956543,,16.971165418624878,0.017734766006469727
665,3.646106719970703,,16.99906349182129,0.021329641342163086
666,3.6663496494293213,,17.026066780090332,0.02149033546447754
667,3.655552864074707,,17.06012797355652,0.02895331382751465
668,3.632498264312744,,17.08146023750305,0.01717829704284668
669,3.660020112991333,,17.10658311843872,0.01811695098876953
670,3.606484889984131,,17.135385274887085,0.02580118179321289
671,3.590035915374756,,17.161115884780884,0.023560047149658203
672,3.598706007003784,,17.189924955368042,0.021797895431518555
673,3.64644455909729,,17.21347975730896,0.02033686637878418
674,3.6191484928131104,,17.237071990966797,0.01959538459777832
675,3.5958099365234375,,17.263328552246094,0.021801233291625977
676,3.5971012115478516,,17.28729772567749,0.019972562789916992
677,3.606947660446167,,17.312751054763794,0.017946958541870117
678,3.621941089630127,,17.33405566215515,0.01730203628540039
679,3.5963826179504395,,17.359488487243652,0.021436691284179688
680,3.538454532623291,,17.387543201446533,0.021185636520385742
681,3.6146676540374756,,17.41271138191223,0.02152252197265625
682,3.540689468383789,,17.43584966659546,0.01621532440185547
683,3.574432373046875,,17.46927833557129,0.02431201934814453
684,3.5363311767578125,,17.494114875793457,0.02050042152404785
685,3.560667037963867,,17.5215003490448,0.01990985870361328
686,3.5334596633911133,,17.551195859909058,0.02424144744873047
687,3.533353328704834,,17.571184635162354,0.01510000228881836
688,3.556199550628662,,17.595655918121338,0.019149065017700195
689,3.5395092964172363,,17.6201274394989,0.01724696159362793
690,3.5194296836853027,,17.645097970962524,0.01722550392150879
691,3.539409637451172,,17.676552057266235,0.02536773681640625
692,3.556105613708496,,17.701518535614014,0.020246028900146484
693,3.486874580383301,,17.729890823364258,0.020342588424682617
694,3.497729778289795,,17.75465202331543,0.02025151252746582
695,3.5172550678253174,,17.77645993232727,0.01709604263305664
696,3.494534969329834,,17.80496072769165,0.024087905883789062
697,3.48394513130188,,17.825818061828613,0.0168609619140625
698,3.535184860229492,,17.852267026901245,0.02245163917541504
699,3.434436798095703,,17.87941026687622,0.02357196807861328
700,3.4822287559509277,0.9168882568677267,17.9082190990448,0.02330493927001953
701,3.458138942718506,,17.936163425445557,0.020376920700073242
702,3.427476167678833,,17.96306848526001,0.026905059814453125
703,3.4491329193115234,,17.985554695129395,0.01848912239074707
704,3.442439556121826,,18.012281894683838,0.02272963523864746
705,3.464898109436035,,18.05455493927002,0.03892850875854492
706,3.4415760040283203,,18.08940362930298,0.034848690032958984
707,3.4427149295806885,,18.12117600440979,0.02647566795349121
708,3.448060989379883,,18.17364764213562,0.039936065673828125
709,3.4045631885528564,,18.224785089492798,0.04360318183898926
710,3.4008994102478027,,18.267890214920044,0.03273177146911621
711,3.3897252082824707,,18.29432249069214,0.02227616310119629
712,3.385129451751709,,18.321659326553345,0.024279117584228516
713,3.3667333126068115,,18.357356071472168,0.02768683433532715
714,3.4187541007995605,,18.38741898536682,0.01783919334411621
715,3.3679327964782715,,18.415433645248413,0.02327728271484375
716,3.42261004447937,,18.439881563186646,0.017844438552856445
717,3.455742359161377,,18.475395679473877,0.020493745803833008
718,3.358042001724243,,18.505393028259277,0.026926755905151367
719,3.3623452186584473,,18.53449773788452,0.025067806243896484
720,3.3606221675872803,,18.563469886779785,0.021075010299682617
721,3.3688011169433594,,18.602677583694458,0.030728816986083984
722,3.3426361083984375,,18.632514715194702,0.02682971954345703
723,3.283707618713379,,18.666270971298218,0.029753923416137695
724,3.3477580547332764,,18.69817042350769,0.021334409713745117
725,3.329348087310791,,18.721415996551514,0.014743566513061523
726,3.332249879837036,,18.745957136154175,0.01733231544494629
727,3.3189258575439453,,18.771201372146606,0.01769852638244629
728,3.2961268424987793,,18.796635627746582,0.017429828643798828
729,3.3764841556549072,,18.82216739654541,0.02105855941772461
730,3.3221983909606934,,18.849674701690674,0.02051091194152832
731,3.3150181770324707,,18.877957105636597,0.02410721778869629
732,3.3080101013183594,,18.89911723136902,0.016957521438598633
733,3.3305115699768066,,18.925434350967407,0.018610239028930664
734,3.2935357093811035,,18.949522018432617,0.020090341567993164
735,3.3298964500427246,,18.977843046188354,0.019520282745361328
736,3.3326025009155273,,19.00458574295044,0.02349543571472168
737,3.3524513244628906,,19.02697515487671,0.018392562866210938
738,3.244483470916748,,19.05358099937439,0.020063161849975586
739,3.29664945602417,,19.075115442276,0.016745805740356445
740,3.2974677085876465,,19.109957456588745,0.026101112365722656
741,3.2699198722839355,,19.129722118377686,0.017163753509521484
742,3.2135396003723145,,19.158081531524658,0.02084517478942871
743,3.2767629623413086,,19.18570876121521,0.023009061813354492
744,3.239793062210083,,19.211268186569214,0.024541854858398438
745,3.258518695831299,,19.23473620414734,0.017046451568603516
746,3.305915355682373,,19.266936779022217,0.023375749588012695
747,3.209726095199585,,19.29234790802002,0.02124190330505371
748,3.2372725009918213,,19.31621217727661,0.016573667526245117
749,3.171665668487549,,19.33936643600464,0.01787543296813965
750,3.2731895446777344,,19.366381406784058,0.021113157272338867
751,3.237793445587158,,19.394458055496216,0.02307868003845215
752,3.3039140701293945,,19.420343160629272,0.02588510513305664
753,3.26804780960083,,19.444902896881104,0.017053604125976562
754,3.2539262771606445,,19.46962261199951,0.01972222328186035
755,3.2002944946289062,,19.495748281478882,0.02158498764038086
756,3.207552671432495,,19.521466493606567,0.01927947998046875
757,3.1759095191955566,,19.544091939926147,0.01707601547241211
758,3.210386276245117,,19.572208404541016,0.020215272903442383
759,3.2224984169006348,,19.598350763320923,0.02356743812561035
760,3.151954412460327,,19.61943030357361,0.016824960708618164
761,3.2200117111206055,,19.64123034477234,0.01676487922668457
762,3.1930322647094727,,19.668094873428345,0.017767667770385742
763,3.1742515563964844,,19.692850589752197,0.020473718643188477
764,3.1332461833953857,,19.711240530014038,0.013354778289794922
765,3.1826415061950684,,19.734759092330933,0.016081571578979492
766,3.134446144104004,,19.764750719070435,0.02024078369140625
767,3.177238941192627,,19.790157794952393,0.02140974998474121
768,3.1553359031677246,,19.811187505722046,0.014742374420166016
769,3.183340549468994,,19.836395978927612,0.018279552459716797
770,3.204479455947876,,19.861311674118042,0.017106294631958008
771,3.1356868743896484,,19.884448528289795,0.01801323890686035
772,3.1414034366607666,,19.91040563583374,0.020984888076782227
773,3.1192076206207275,,19.935069799423218,0.02069687843322754
774,3.136096715927124,,19.957136869430542,0.01784348487854004
775,3.1172327995300293,,19.984572649002075,0.020831823348999023
776,3.1122944355010986,,20.011230945587158,0.022652626037597656
777,3.096355676651001,,20.03814935684204,0.0215761661529541
778,3.146486282348633,,20.064515113830566,0.02023625373840332
779,3.137676239013672,,20.085763692855835,0.016628026962280273
780,3.1620726585388184,,20.111268520355225,0.021233797073364258
781,3.085731029510498,,20.13463807106018,0.0183413028717041
782,3.127685308456421,,20.161376953125,0.020040273666381836
783,3.140449047088623,,20.186642169952393,0.017715930938720703
784,3.1328988075256348,,20.21236228942871,0.0174560546875
785,3.098971128463745,,20.24147605895996,0.021771907806396484
786,3.098001718521118,,20.26446008682251,0.019978761672973633
787,3.121352195739746,,20.28921627998352,0.020756244659423828
788,3.119845151901245,,20.31145477294922,0.01605391502380371
789,3.069214344024658,,20.335320949554443,0.017270803451538086
790,3.0440492630004883,,20.35950469970703,0.01627349853515625
791,3.094085216522217,,20.392348527908325,0.0310516357421875
792,3.0560824871063232,,20.444167852401733,0.035855770111083984
793,3.0123939514160156,,20.471226692199707,0.027058839797973633
794,3.0064923763275146,,20.498735666275024,0.020843029022216797
795,3.035568952560425,,20.528252840042114,0.024789094924926758
796,3.148472309112549,,20.555283308029175,0.022823095321655273
797,3.0517804622650146,,20.585830688476562,0.023626327514648438
798,3.058669328689575,,20.61678647994995,0.025423049926757812
799,3.015507936477661,,20.641263723373413,0.024477243423461914
800,3.0390753746032715,0.9438184301058451,20.676295042037964,0.024953126907348633
801,3.0246517658233643,,20.70706844329834,0.021140575408935547
802,3.0490362644195557,,20.73477602005005,0.023608922958374023
803,2.9604809284210205,,20.770349979400635,0.026845216751098633
804,3.0294203758239746,,20.79836893081665,0.022199153900146484
805,3.008019208908081,,20.825014114379883,0.017960071563720703
806,2.9836232662200928,,20.857993602752686,0.02597522735595703
807,3.0462613105773926,,20.88961887359619,0.02772974967956543
808,3.023725986480713,,20.922046661376953,0.024825572967529297
809,2.974648952484131,,20.947970390319824,0.02288341522216797
810,2.9438791275024414,,20.973224878311157,0.021721839904785156
811,2.9727559089660645,,21.007387161254883,0.025585651397705078
812,2.9623708724975586,,21.033242225646973,0.02282857894897461
813,2.9583029747009277,,21.05911111831665,0.01885986328125
814,2.9612669944763184,,21.092464447021484,0.02625870704650879
815,2.958364486694336,,21.116841793060303,0.0213778018951416
816,2.9551994800567627,,21.141424655914307,0.02028346061706543
817,2.989853620529175,,21.16611909866333,0.017688751220703125
818,2.974677085876465,,21.19119954109192,0.020082950592041016
819,2.956984519958496,,21.213879823684692,0.017423152923583984
820,2.949007034301758,,21.241477966308594,0.01771688461303711
821,2.9768857955932617,,21.26227593421936,0.016754627227783203
822,2.9637105464935303,,21.28819513320923,0.020853042602539062
823,2.9442553520202637,,21.310015201568604,0.01724839210510254
824,2.9549951553344727,,21.338685750961304,0.024408578872680664
825,2.9497365951538086,,21.362151861190796,0.020665407180786133
826,2.9417190551757812,,21.384546279907227,0.017320632934570312
827,2.9650566577911377,,21.408003568649292,0.020455360412597656
828,2.9946842193603516,,21.432103395462036,0.01705622673034668
829,2.932312488555908,,21.456709146499634,0.01631760597229004
830,2.909527540206909,,21.483118534088135,0.021959543228149414
831,2.9092040061950684,,21.50944995880127,0.02233123779296875
832,2.9093375205993652,,21.531025171279907,0.019042015075683594
833,2.9328644275665283,,21.551410675048828,0.015213727951049805
834,2.905848503112793,,21.579160451889038,0.022976160049438477
835,2.884510040283203,,21.599531888961792,0.01722097396850586
836,2.9012937545776367,,21.627992630004883,0.020952701568603516
837,2.880908727645874,,21.6522319316864,0.021060943603515625
838,2.9022305011749268,,21.67634153366089,0.020081758499145508
839,2.857149124145508,,21.70514225959778,0.020857572555541992
840,2.8861377239227295,,21.728338718414307,0.021196842193603516
841,2.8617963790893555,,21.752249717712402,0.017775535583496094
842,2.8632235527038574,,21.775064945220947,0.019815921783447266
843,2.9352002143859863,,21.797295570373535,0.015794038772583008
844,2.901789665222168,,21.82787036895752,0.024286508560180664
845,2.88370418548584,,21.848687648773193,0.016692399978637695
846,2.8660173416137695,,21.874085187911987,0.020140409469604492
847,2.8879570960998535,,21.907193422317505,0.024731159210205078
848,2.8679773807525635,,21.935672998428345,0.025323152542114258
849,2.8749489784240723,,21.95694136619568,0.01877760887145996
850,2.8589940071105957,,21.98625135421753,0.02047443389892578
851,2.87074613571167,,22.016578435897827,0.022188186645507812
852,2.8877339363098145,,22.039213180541992,0.019665241241455078
853,2.885067939758301,,22.060940265655518,0.0167391300201416
854,2.8879270553588867,,22.088830709457397,0.02331852912902832
855,2.8227267265319824,,22.11232280731201,0.01781439781188965
856,2.837590217590332,,22.141194105148315,0.0245668888092041
857,2.8329029083251953,,22.16811776161194,0.020798444747924805
858,2.8785438537597656,,22.19007182121277,0.017836809158325195
859,2.8663768768310547,,22.21103858947754,0.014458417892456055
860,2.7729034423828125,,22.23659110069275,0.02555251121520996
861,2.846985101699829,,22.257514476776123,0.016385555267333984
862,2.8000071048736572,,22.2814462184906,0.018095731735229492
863,2.7996959686279297,,22.30899715423584,0.02245044708251953
864,2.760854721069336,,22.332063913345337,0.021066904067993164
865,2.7978780269622803,,22.358176946640015,0.02206254005432129
866,2.850318670272827,,22.386368989944458,0.02193427085876465
867,2.8357954025268555,,22.413506984710693,0.024138927459716797
868,2.750706195831299,,22.43558096885681,0.02014780044555664
869,2.780921697616577,,22.46679973602295,0.02338099479675293
870,2.824397087097168,,22.488333225250244,0.01743483543395996
871,2.801766872406006,,22.518588542938232,0.022121667861938477
872,2.802698850631714,,22.546186923980713,0.021698951721191406
873,2.8243284225463867,,22.571097135543823,0.022716760635375977
874,2.8033287525177,,22.591499090194702,0.01689291000366211
875,2.7635867595672607,,22.616152048110962,0.020255088806152344
876,2.8202855587005615,,22.637481212615967,0.018534183502197266
877,2.7960104942321777,,22.662699699401855,0.02132129669189453
878,2.7765278816223145,,22.699928522109985,0.03137016296386719
879,2.8296217918395996,,22.725747108459473,0.020243406295776367
880,2.7594425678253174,,22.74958348274231,0.01703619956970215
881,2.7410507202148438,,22.783780574798584,0.02269911766052246
882,2.76908016204834,,22.812296628952026,0.016798734664916992
883,2.762061595916748,,22.84106731414795,0.01945662498474121
884,2.760626792907715,,22.865642309188843,0.017878055572509766
885,2.6864466667175293,,22.89119529724121,0.01978278160095215
886,2.7876038551330566,,22.924574375152588,0.027731895446777344
887,2.7397003173828125,,22.946534395217896,0.01892232894897461
888,2.787447452545166,,22.980343341827393,0.02323174476623535
889,2.7576098442077637,,23.00959825515747,0.02748870849609375
890,2.756145477294922,,23.031182289123535,0.018043994903564453
891,2.7657036781311035,,23.06147003173828,0.0252072811126709
892,2.6792073249816895,,23.091010332107544,0.02325153350830078
893,2.7161386013031006,,23.11972713470459,0.02301025390625
894,2.7092905044555664,,23.148338794708252,0.02175450325012207
895,2.675567626953125,,23.1730694770813,0.017404794692993164
896,2.7469024658203125,,23.205999851226807,0.02400946617126465
897,2.6730751991271973,,23.231194019317627,0.01970529556274414
898,2.726766347885132,,23.260624408721924,0.02140188217163086
899,2.6617181301116943,,23.290435552597046,0.025037527084350586
900,2.8101038932800293,0.9569904208183289,23.319966793060303,0.02283620834350586
901,2.7005724906921387,,23.35321044921875,0.02323174476623535
902,2.717442274093628,,23.380430936813354,0.022191286087036133
903,2.719183921813965,,23.401045083999634,0.017571687698364258
904,2.6871633529663086,,23.424098253250122,0.01645827293395996
905,2.701186180114746,,23.449187517166138,0.019933700561523438
906,2.7003138065338135,,23.470826864242554,0.016534090042114258
907,2.6829724311828613,,23.495794534683228,0.02041482925415039
908,2.6835432052612305,,23.517523050308228,0.019092798233032227
909,2.675352096557617,,23.54128646850586,0.019701480865478516
910,2.666203737258911,,23.564592838287354,0.01779627799987793
911,2.6858890056610107,,23.589911222457886,0.01883697509765625
912,2.6909773349761963,,23.611453771591187,0.01700425148010254
913,2.672146797180176,,23.63614797592163,0.016852378845214844
914,2.683807134628296,,23.659580945968628,0.01841425895690918
915,2.687434434890747,,23.687268018722534,0.021094322204589844
916,2.7198262214660645,,23.713263511657715,0.01942586898803711
917,2.673233985900879,,23.73976969718933,0.02650618553161621
918,2.6667730808258057,,23.7624032497406,0.02109670639038086
919,2.6216697692871094,,23.786701440811157,0.020265579223632812
920,2.7019312381744385,,23.810034036636353,0.018598079681396484
921,2.6634068489074707,,23.833123683929443,0.017574787139892578
922,2.6660070419311523,,23.855226039886475,0.017104148864746094
923,2.6703929901123047,,23.880472898483276,0.01795363426208496
924,2.6413090229034424,,23.907975435256958,0.02223682403564453
925,2.6428728103637695,,23.934802770614624,0.022309303283691406
926,2.674034595489502,,23.95676565170288,0.019742250442504883
927,2.6937246322631836,,23.981439352035522,0.020029067993164062
928,2.644592523574829,,24.009434700012207,0.0208890438079834
929,2.678466796875,,24.03733539581299,0.02363729476928711
930,2.6330389976501465,,24.06231379508972,0.02092266082763672
931,2.613668203353882,,24.087826013565063,0.018509387969970703
932,2.610058307647705,,24.109689474105835,0.01745891571044922
933,2.63671875,,24.135607719421387,0.022074460983276367
934,2.622588634490967,,24.157480716705322,0.020166873931884766
935,2.6363003253936768,,24.1853928565979,0.020200252532958984
936,2.5814504623413086,,24.211076259613037,0.01814126968383789
937,2.6255087852478027,,24.232367038726807,0.02129077911376953
938,2.640458822250366,,24.261465072631836,0.021873950958251953
939,2.5849876403808594,,24.2858726978302,0.02047419548034668
940,2.6323587894439697,,24.3100745677948,0.02023005485534668
941,2.583056688308716,,24.335002422332764,0.017732620239257812
942,2.589432954788208,,24.35922884941101,0.020514726638793945
943,2.6264264583587646,,24.384098052978516,0.01764225959777832
944,2.641240119934082,,24.409162998199463,0.021037578582763672
945,2.555520534515381,,24.435730934143066,0.021512746810913086
946,2.6495532989501953,,24.457350969314575,0.014758110046386719
947,2.638428211212158,,24.48130440711975,0.017532825469970703
948,2.612316131591797,,24.505383014678955,0.01703786849975586
949,2.6297712326049805,,24.529613256454468,0.020132780075073242
950,2.6024274826049805,,24.551809549331665,0.01655125617980957
951,2.6421632766723633,,24.57738184928894,0.02319169044494629
952,2.590855598449707,,24.59560537338257,0.013822793960571289
953,2.577291965484619,,24.621278524398804,0.01762843132019043
954,2.5924768447875977,,24.646933555603027,0.017026424407958984
955,2.591601848602295,,24.672332525253296,0.017861127853393555
956,2.5679068565368652,,24.69296669960022,0.016557693481445312
957,2.5828680992126465,,24.71118712425232,0.013213396072387695
958,2.5740013122558594,,24.743892908096313,0.022399425506591797
959,2.6086223125457764,,24.7653706073761,0.017469406127929688
960,2.580545425415039,,24.795825242996216,0.02645277976989746
961,2.573988914489746,,24.81609272956848,0.018711566925048828
962,2.526630401611328,,24.845707178115845,0.023104429244995117
963,2.5945851802825928,,24.86962080001831,0.020907878875732422
964,2.6040072441101074,,24.896331071853638,0.022199630737304688
965,2.5920729637145996,,24.923168897628784,0.02186894416809082
966,2.5546154975891113,,24.943861484527588,0.01715230941772461
967,2.529714822769165,,24.971264600753784,0.021424293518066406
968,2.5326762199401855,,24.994773864746094,0.021357297897338867
969,2.531947135925293,,25.01658344268799,0.018131494522094727
970,2.5271124839782715,,25.04537606239319,0.02190256118774414
971,2.5189030170440674,,25.072427988052368,0.02505183219909668
972,2.569025993347168,,25.094545602798462,0.016962528228759766
973,2.546079635620117,,25.118711709976196,0.02279353141784668
974,2.5863592624664307,,25.144148349761963,0.019614219665527344
975,2.5331735610961914,,25.169185876846313,0.01774120330810547
976,2.5924923419952393,,25.186506032943726,0.013103961944580078
977,2.5040717124938965,,25.211132764816284,0.015165567398071289
978,2.53048038482666,,25.237823724746704,0.0163881778717041
979,2.4750216007232666,,25.264404773712158,0.022086143493652344
980,2.482910633087158,,25.293762922286987,0.025326013565063477
981,2.5058791637420654,,25.316352605819702,0.017226219177246094
982,2.5408754348754883,,25.341268062591553,0.020012855529785156
983,2.512251377105713,,25.367182970046997,0.01882624626159668
984,2.5402238368988037,,25.392468214035034,0.01951742172241211
985,2.4858558177948,,25.418839931488037,0.021845102310180664
986,2.5088417530059814,,25.442923545837402,0.017526626586914062
987,2.528172016143799,,25.463775396347046,0.01681685447692871
988,2.527963876724243,,25.488643407821655,0.018832921981811523
989,2.481236457824707,,25.510453462600708,0.017645835876464844
990,2.4533753395080566,,25.533752918243408,0.01573324203491211
991,2.4564104080200195,,25.55812382698059,0.017981529235839844
992,2.470789909362793,,25.58635711669922,0.02273273468017578
993,2.4809744358062744,,25.60835838317871,0.016963720321655273
994,2.473964214324951,,25.630634307861328,0.01722264289855957
995,2.5021462440490723,,25.658480167388916,0.019949674606323242
996,2.4580636024475098,,25.682358980178833,0.021164655685424805
997,2.494358539581299,,25.70456099510193,0.017197847366333008
998,2.493986129760742,,25.72791051864624,0.02038264274597168
999,2.496638298034668,,25.755277395248413,0.020730972290039062
1000,2.421459913253784,0.9674596587816874,25.7862229347229,0.024147987365722656
1001,2.517148494720459,,25.808497190475464,0.019274473190307617
1002,2.4408302307128906,,25.83505344390869,0.022046327590942383
1003,2.514387607574463,,25.857407331466675,0.017042160034179688
1004,2.487617015838623,,25.88265061378479,0.021284818649291992
1005,2.4742133617401123,,25.908281087875366,0.018630266189575195
1006,2.438798427581787,,25.929609537124634,0.016535043716430664
1007,2.452106475830078,,25.95458960533142,0.01646590232849121
1008,2.4610190391540527,,25.979390621185303,0.022375106811523438
1009,2.4507579803466797,,26.001270055770874,0.016696453094482422
1010,2.5077924728393555,,26.026230335235596,0.019720792770385742
1011,2.433014392852783,,26.04720139503479,0.017370939254760742
1012,2.4896297454833984,,26.07118511199951,0.019283771514892578
1013,2.4733810424804688,,26.0934739112854,0.01840043067932129
1014,2.421056032180786,,26.116636514663696,0.01819300651550293
1015,2.457359790802002,,26.14439582824707,0.02027583122253418
1016,2.4574456214904785,,26.170201063156128,0.021805286407470703
1017,2.385441303253174,,26.198981761932373,0.024244070053100586
1018,2.452864646911621,,26.22131848335266,0.019801855087280273
1019,2.437197685241699,,26.24673581123352,0.021328449249267578
1020,2.488483428955078,,26.269594192504883,0.019887685775756836
1021,2.4595518112182617,,26.290240049362183,0.01712203025817871
1022,2.4405148029327393,,26.318215370178223,0.020392179489135742
1023,2.4444727897644043,,26.34311008453369,0.021669864654541016
1024,2.4326958656311035,,26.361397981643677,0.012311458587646484
1025,2.452660083770752,,26.391422986984253,0.02037954330444336
1026,2.401613473892212,,26.411227464675903,0.015259742736816406
1027,2.452686071395874,,26.437135457992554,0.01958322525024414
1028,2.4577629566192627,,26.456969022750854,0.014058351516723633
1029,2.4319348335266113,,26.484555959701538,0.020725250244140625
1030,2.4493978023529053,,26.505401372909546,0.01676011085510254
1031,2.4403438568115234,,26.527355194091797,0.01440739631652832
1032,2.4019742012023926,,26.551368951797485,0.01613163948059082
1033,2.417975425720215,,26.575106859207153,0.01543116569519043
1034,2.399791955947876,,26.604349374771118,0.022475481033325195
1035,2.4160852432250977,,26.625591039657593,0.020244121551513672
1036,2.4235341548919678,,26.649224758148193,0.01672673225402832
1037,2.3827106952667236,,26.6750271320343,0.020441293716430664
1038,2.4333882331848145,,26.70165228843689,0.020229101181030273
1039,2.360095977783203,,26.730541944503784,0.023834228515625
1040,2.4074912071228027,,26.75143337249756,0.01685953140258789
1041,2.3834805488586426,,26.77652144432068,0.02046513557434082
1042,2.3977017402648926,,26.79881477355957,0.017673969268798828
1043,2.4050374031066895,,26.821107149124146,0.01470494270324707
1044,2.37930965423584,,26.845677375793457,0.017173290252685547
1045,2.404897689819336,,26.86714196205139,0.013784646987915039
1046,2.39467191696167,,26.89491605758667,0.01937246322631836
1047,2.354827404022217,,26.91689419746399,0.019628047943115234
1048,2.4130406379699707,,26.941449403762817,0.020014286041259766
1049,2.404521942138672,,26.963704824447632,0.01770472526550293
1050,2.355752468109131,,26.988651990890503,0.01744222640991211
1051,2.363065719604492,,27.009482622146606,0.016703128814697266
1052,2.38322377204895,,27.039241075515747,0.022175073623657227
1053,2.3889546394348145,,27.06311869621277,0.021328449249267578
1054,2.3574345111846924,,27.08367133140564,0.017556190490722656
1055,2.4040720462799072,,27.109153509140015,0.019487857818603516
1056,2.3966779708862305,,27.135242462158203,0.01868271827697754
1057,2.401737689971924,,27.161046743392944,0.01989889144897461
1058,2.3748416900634766,,27.19111657142639,0.023911476135253906
1059,2.3726046085357666,,27.216395616531372,0.021452903747558594
1060,2.3733954429626465,,27.242528676986694,0.02055978775024414
1061,2.395117998123169,,27.26704454421997,0.020517349243164062
1062,2.3554229736328125,,27.290236234664917,0.0192258358001709
1063,2.3300845623016357,,27.318206548690796,0.022356033325195312
1064,2.339832305908203,,27.341917276382446,0.020575523376464844
1065,2.344973564147949,,27.367314100265503,0.019392013549804688
1066,2.344928503036499,,27.39298987388611,0.02196669578552246
1067,2.3339312076568604,,27.417847394943237,0.02095937728881836
1068,2.3845105171203613,,27.442277908325195,0.020891666412353516
1069,2.362327814102173,,27.466490030288696,0.020127058029174805
1070,2.350637435913086,,27.493757009506226,0.019752025604248047
1071,2.360811710357666,,27.523223638534546,0.024465322494506836
1072,2.3346521854400635,,27.54384469985962,0.016296863555908203
1073,2.315624237060547,,27.56966257095337,0.021821022033691406
1074,2.320075035095215,,27.596383571624756,0.022211551666259766
1075,2.3629844188690186,,27.6214656829834,0.020280122756958008
1076,2.321014404296875,,27.649907112121582,0.020856618881225586
1077,2.3566088676452637,,27.674636363983154,0.02100229263305664
1078,2.317859649658203,,27.704537630081177,0.02340245246887207
1079,2.327652931213379,,27.72798466682434,0.020446300506591797
1080,2.3540151119232178,,27.751102685928345,0.01961231231689453
1081,2.3746519088745117,,27.77619433403015,0.017640113830566406
1082,2.343006134033203,,27.797821521759033,0.016660213470458984
1083,2.3150217533111572,,27.825955629348755,0.02050185203552246
1084,2.378178358078003,,27.854583978652954,0.023522377014160156
1085,2.2986435890197754,,27.87957525253296,0.02095961570739746
1086,2.3431813716888428,,27.908240795135498,0.021094560623168945
1087,2.315469980239868,,27.935302019119263,0.02322697639465332
1088,2.3310253620147705,,27.956997394561768,0.01686835289001465
1089,2.3400635719299316,,27.98665428161621,0.025423765182495117
1090,2.3201045989990234,,28.00856924057007,0.019917726516723633
1091,2.2841780185699463,,28.033910036087036,0.017831087112426758
1092,2.3279335498809814,,28.065618753433228,0.025473594665527344
1093,2.3672235012054443,,28.090067625045776,0.020809173583984375
1094,2.320131540298462,,28.113426685333252,0.016852855682373047
1095,2.277305841445923,,28.139946460723877,0.02317047119140625
1096,2.256439208984375,,28.161072731018066,0.015803813934326172
1097,2.2698044776916504,,28.188345670700073,0.02115345001220703
1098,2.3107523918151855,,28.212087154388428,0.02073383331298828
1099,2.357983350753784,,28.234885692596436,0.01537013053894043
1100,2.294288158416748,0.969596803188324,28.266178846359253,0.022552013397216797
1101,2.3042702674865723,,28.29025149345398,0.01907491683959961
1102,2.3085765838623047,,28.31825304031372,0.020736217498779297
1103,2.293745279312134,,28.34601593017578,0.024690628051757812
1104,2.3178224563598633,,28.367620944976807,0.01760578155517578
1105,2.267930746078491,,28.393681526184082,0.021588802337646484
1106,2.2675082683563232,,28.419853925704956,0.0211484432220459
1107,2.2762370109558105,,28.446967363357544,0.019603967666625977
1108,2.3152403831481934,,28.47031044960022,0.02037835121154785
1109,2.3125710487365723,,28.498476266860962,0.021658897399902344
1110,2.3279242515563965,,28.52604103088379,0.0237734317779541
1111,2.29203724861145,,28.551539421081543,0.020232677459716797
1112,2.275897979736328,,28.57512331008911,0.018284320831298828
1113,2.2306690216064453,,28.603172779083252,0.02133965492248535
1114,2.2797648906707764,,28.626460075378418,0.019289731979370117
1115,2.2705328464508057,,28.651519060134888,0.017281532287597656
1116,2.314004421234131,,28.676757097244263,0.020185232162475586
1117,2.2582290172576904,,28.700937509536743,0.01756143569946289
1118,2.2975687980651855,,28.72211503982544,0.01766824722290039
1119,2.3035855293273926,,28.750383377075195,0.01999950408935547
1120,2.247692584991455,,28.776277780532837,0.018044233322143555
1121,2.289848804473877,,28.800079822540283,0.01686239242553711
1122,2.2425193786621094,,28.828499794006348,0.021910667419433594
1123,2.2502007484436035,,28.85142993927002,0.020429134368896484
1124,2.2697548866271973,,28.87709617614746,0.021657466888427734
1125,2.234799385070801,,28.901062488555908,0.019933223724365234
1126,2.2665185928344727,,28.925543785095215,0.02121114730834961
1127,2.2664265632629395,,28.953500032424927,0.021856069564819336
1128,2.2666494846343994,,28.977383136749268,0.02035212516784668
1129,2.2637569904327393,,28.998427629470825,0.01744985580444336
1130,2.2469534873962402,,29.02987313270569,0.02855515480041504
1131,2.263885974884033,,29.048820734024048,0.017412900924682617
1132,2.2643022537231445,,29.074973344802856,0.01834726333618164
1133,2.2738213539123535,,29.099579095840454,0.023885250091552734
1134,2.2609400749206543,,29.1211519241333,0.017063617706298828
1135,2.25837779045105,,29.152477741241455,0.02141547203063965
1136,2.2360687255859375,,29.174733877182007,0.018253326416015625
1137,2.2543630599975586,,29.199917554855347,0.017444133758544922
1138,2.2791590690612793,,29.22506308555603,0.020635604858398438
1139,2.274669647216797,,29.246604442596436,0.016956329345703125
1140,2.265836477279663,,29.271737575531006,0.021944761276245117
1141,2.2284717559814453,,29.2957661151886,0.021025896072387695
1142,2.2422239780426025,,29.32131791114807,0.018667936325073242
1143,2.241774082183838,,29.347940683364868,0.01998138427734375
1144,2.1452338695526123,,29.373519897460938,0.022043466567993164
1145,2.2557191848754883,,29.397103548049927,0.0175478458404541
1146,2.267364025115967,,29.421454906463623,0.017118453979492188
1147,2.279520034790039,,29.445983409881592,0.017972469329833984
1148,2.180621862411499,,29.467822313308716,0.017867565155029297
1149,2.252248525619507,,29.49174666404724,0.01735520362854004
1150,2.2054600715637207,,29.51798963546753,0.022169828414916992
1151,2.275818109512329,,29.55111050605774,0.028037548065185547
1152,2.232123851776123,,29.57719850540161,0.02298879623413086
1153,2.232612133026123,,29.61262536048889,0.03128194808959961
1154,2.2136893272399902,,29.659504652023315,0.03979849815368652
1155,2.191619873046875,,29.710119485855103,0.033431291580200195
1156,2.237783193588257,,29.730053901672363,0.01742720603942871
1157,2.2474193572998047,,29.755332708358765,0.02045893669128418
1158,2.2226614952087402,,29.786279916763306,0.017754077911376953
1159,2.1897549629211426,,29.811399459838867,0.0169222354888916
1160,2.243298292160034,,29.837892293930054,0.026492834091186523
1161,2.208865165710449,,29.86150884628296,0.019115447998046875
1162,2.2058980464935303,,29.89127230644226,0.023667097091674805
1163,2.232893943786621,,29.912190198898315,0.01758432388305664
1164,2.2132298946380615,,29.941070079803467,0.020000219345092773
1165,2.2004754543304443,,29.968488931655884,0.022495269775390625
1166,2.222959041595459,,29.998000860214233,0.021925687789916992
1167,2.186110019683838,,30.0215904712677,0.016066312789916992
1168,2.1790504455566406,,30.052320957183838,0.02478194236755371
1169,2.1948485374450684,,30.082146883010864,0.027649402618408203
1170,2.2270612716674805,,30.113508701324463,0.02435922622680664
1171,2.240377426147461,,30.14142918586731,0.025913000106811523
1172,2.1875174045562744,,30.16558027267456,0.01712656021118164
1173,2.203962802886963,,30.193182706832886,0.018001794815063477
1174,2.173823595046997,,30.227503538131714,0.02049541473388672
1175,2.2343311309814453,,30.254726886749268,0.023638248443603516
1176,2.1828174591064453,,30.27654528617859,0.018947601318359375
1177,2.158350944519043,,30.305065155029297,0.021129369735717773
1178,2.189530849456787,,30.325931787490845,0.016869783401489258
1179,2.2111380100250244,,30.352306604385376,0.02186751365661621
1180,2.1386988162994385,,30.373536109924316,0.017525672912597656
1181,2.129410743713379,,30.396498680114746,0.018954753875732422
1182,2.181644916534424,,30.424704551696777,0.021286487579345703
1183,2.1581554412841797,,30.4499568939209,0.02071070671081543
1184,2.19457745552063,,30.471367359161377,0.019902706146240234
1185,2.167051315307617,,30.495853662490845,0.01748037338256836
1186,2.177445411682129,,30.52229642868042,0.02381420135498047
1187,2.1978819370269775,,30.546242713928223,0.019923686981201172
1188,2.171574354171753,,30.57516384124756,0.02418971061706543
1189,2.2137365341186523,,30.599886655807495,0.024722814559936523
1190,2.1793181896209717,,30.624556303024292,0.01715993881225586
1191,2.174206256866455,,30.65115213394165,0.022094249725341797
1192,2.2278547286987305,,30.67452883720398,0.019866466522216797
1193,2.160501480102539,,30.702499866485596,0.024010419845581055
1194,2.140498161315918,,30.723272562026978,0.016770124435424805
1195,2.159881114959717,,30.748594045639038,0.020565271377563477
1196,2.1497297286987305,,30.76943302154541,0.01702880859375
1197,2.170395851135254,,30.794819355010986,0.02159738540649414
1198,2.1665492057800293,,30.817248106002808,0.019382953643798828
1199,2.1304397583007812,,30.841469049453735,0.016577959060668945
1200,2.176898956298828,0.975421667098999,30.865368366241455,0.019831418991088867
1201,2.1577820777893066,,30.894627332687378,0.02075648307800293
1202,2.1837425231933594,,30.923202991485596,0.02191448211669922
1203,2.1404929161071777,,30.948436737060547,0.01802802085876465
1204,2.154026985168457,,30.974047899246216,0.017210721969604492
1205,2.1472690105438232,,31.00102424621582,0.022978544235229492
1206,2.161196231842041,,31.027013540267944,0.020493507385253906
1207,2.164412498474121,,31.05439591407776,0.021361827850341797
1208,2.1165051460266113,,31.082853078842163,0.028457164764404297
1209,2.173823356628418,,31.103747367858887,0.016891956329345703
1210,2.1681106090545654,,31.13067626953125,0.02193284034729004
1211,2.144282341003418,,31.159295797348022,0.024988412857055664
1212,2.1357879638671875,,31.18380069732666,0.01733994483947754
1213,2.1582202911376953,,31.207245349884033,0.016153335571289062
1214,2.160289764404297,,31.232949018478394,0.019588708877563477
1215,2.1265907287597656,,31.257351875305176,0.016405582427978516
1216,2.1182591915130615,,31.283012628555298,0.020389318466186523
1217,2.130298614501953,,31.305114030838013,0.017104387283325195
1218,2.13273286819458,,31.329986572265625,0.02087116241455078
1219,2.1120104789733887,,31.35235619544983,0.018117904663085938
1220,2.119777202606201,,31.374233722686768,0.014877796173095703
1221,2.127660036087036,,31.39803171157837,0.016974687576293945
1222,2.1395263671875,,31.427180290222168,0.02063608169555664
1223,2.119579553604126,,31.450970888137817,0.0205533504486084
1224,2.108637809753418,,31.478474617004395,0.02249908447265625
1225,2.133051872253418,,31.50551128387451,0.0221402645111084
1226,2.1585071086883545,,31.526395082473755,0.01784062385559082
1227,2.101500988006592,,31.554237604141235,0.021776199340820312
1228,2.160696029663086,,31.57908535003662,0.024847745895385742
1229,2.129915237426758,,31.595717430114746,0.012755393981933594
1230,2.0979766845703125,,31.623594999313354,0.0187985897064209
1231,2.123145818710327,,31.645424127578735,0.016231298446655273
1232,2.1091578006744385,,31.672372817993164,0.021945953369140625
1233,2.08671236038208,,31.694056272506714,0.016588449478149414
1234,2.0853071212768555,,31.72153925895691,0.02248239517211914
1235,2.121147871017456,,31.74850630760193,0.020750045776367188
1236,2.119670867919922,,31.774221420288086,0.02119302749633789
1237,2.1493589878082275,,31.797060251235962,0.016057968139648438
1238,2.183250904083252,,31.821012258529663,0.019819259643554688
1239,2.131922483444214,,31.847795724868774,0.021747827529907227
1240,2.1027626991271973,,31.871160745620728,0.02136540412902832
1241,2.0788843631744385,,31.89548397064209,0.02132105827331543
1242,2.1134073734283447,,31.92316222190857,0.022121667861938477
1243,2.1244571208953857,,31.942694902420044,0.016532182693481445
1244,2.0747859477996826,,31.972087144851685,0.0223696231842041
1245,2.062530040740967,,31.99464750289917,0.0195925235748291
1246,2.1089963912963867,,32.01328754425049,0.013719797134399414
1247,2.1246542930603027,,32.04046320915222,0.018723011016845703
1248,2.13767147064209,,32.06182551383972,0.014757156372070312
1249,2.112298011779785,,32.09112572669983,0.02306985855102539
1250,2.139004707336426,,32.11520457267761,0.024078845977783203
1251,2.1190648078918457,,32.142483949661255,0.02357316017150879
1252,2.112926959991455,,32.1692214012146,0.023838520050048828
1253,2.0774471759796143,,32.186604738235474,0.013127565383911133
1254,2.087836503982544,,32.221248626708984,0.025255441665649414
1255,2.086435079574585,,32.249600410461426,0.025862693786621094
1256,2.0802557468414307,,32.27441477775574,0.0229952335357666
1257,2.1240434646606445,,32.30125617980957,0.01892375946044922
1258,2.1290621757507324,,32.33210349082947,0.02196359634399414
1259,2.108361005783081,,32.35430145263672,0.018143415451049805
1260,2.102029323577881,,32.380621910095215,0.019208669662475586
1261,2.1113321781158447,,32.40402889251709,0.01877450942993164
1262,2.0609445571899414,,32.43117952346802,0.022151708602905273
1263,2.117246150970459,,32.45416069030762,0.017975568771362305
1264,2.0636396408081055,,32.47954273223877,0.02272176742553711
1265,2.0493550300598145,,32.507487058639526,0.02034139633178711
1266,2.0713443756103516,,32.53641319274902,0.02386641502380371
1267,2.0430636405944824,,32.561084508895874,0.02067255973815918
1268,2.038393497467041,,32.59117150306702,0.022906064987182617
1269,2.123929023742676,,32.61632323265076,0.021596908569335938
1270,2.1038269996643066,,32.637701749801636,0.016394853591918945
1271,2.0626978874206543,,32.66517639160156,0.023826122283935547
1272,2.103114128112793,,32.6867949962616,0.017574071884155273
1273,2.1144046783447266,,32.71101093292236,0.01995682716369629
1274,2.0350682735443115,,32.7413113117218,0.019874095916748047
1275,2.0842204093933105,,32.76348042488098,0.01742267608642578
1276,2.1039867401123047,,32.788973569869995,0.017830610275268555
1277,2.104558229446411,,32.81430172920227,0.021226167678833008
1278,2.0681629180908203,,32.838818073272705,0.019223451614379883
1279,2.0789830684661865,,32.86414408683777,0.022594451904296875
1280,2.0741961002349854,,32.890246868133545,0.021336078643798828
1281,2.06440806388855,,32.915165424346924,0.017026185989379883
1282,2.0524039268493652,,32.947450160980225,0.02419877052307129
1283,2.0897645950317383,,32.97095227241516,0.021502017974853516
1284,2.098137855529785,,32.99881982803345,0.020741701126098633
1285,2.057124614715576,,33.02735471725464,0.026026487350463867
1286,2.013990879058838,,33.05196142196655,0.02050471305847168
1287,2.1085004806518555,,33.0779664516449,0.021764039993286133
1288,2.086977243423462,,33.10459041595459,0.02068042755126953
1289,2.1042981147766113,,33.129781007766724,0.0184023380279541
1290,2.0655035972595215,,33.15730619430542,0.02582526206970215
1291,2.0520682334899902,,33.17906045913696,0.01689934730529785
1292,2.07220721244812,,33.20440173149109,0.020884037017822266
1293,2.039445161819458,,33.225982904434204,0.018583059310913086
1294,2.0525476932525635,,33.2513427734375,0.017786502838134766
1295,2.082685947418213,,33.28293061256409,0.0242006778717041
1296,2.053889751434326,,33.30711531639099,0.020181894302368164
1297,2.07319712638855,,33.33515501022339,0.02163100242614746
1298,2.057936668395996,,33.36259365081787,0.02384185791015625
1299,2.061920166015625,,33.38427758216858,0.01668572425842285
1300,2.0421018600463867,0.9771731495857239,33.4097101688385,0.02143573760986328
1301,2.0022759437561035,,33.43225049972534,0.01703476905822754
1302,2.063417911529541,,33.45720839500427,0.017661333084106445
1303,1.9869402647018433,,33.479302644729614,0.0179290771484375
1304,2.013540506362915,,33.501346588134766,0.014447450637817383
1305,2.0570766925811768,,33.530818462371826,0.021286964416503906
1306,2.0073366165161133,,33.555567264556885,0.01765131950378418
1307,2.037292003631592,,33.57955026626587,0.01998591423034668
1308,2.0024843215942383,,33.60105228424072,0.0170900821685791
1309,2.0599191188812256,,33.627585887908936,0.02184152603149414
1310,2.05920147895813,,33.64935612678528,0.017029762268066406
1311,2.0058603286743164,,33.67541027069092,0.018872976303100586
1312,2.0385873317718506,,33.697497844696045,0.018443584442138672
1313,2.072819709777832,,33.72346568107605,0.017397403717041016
1314,2.0179965496063232,,33.748327016830444,0.020834684371948242
1315,2.038519859313965,,33.77242350578308,0.021091699600219727
1316,2.0409998893737793,,33.7919647693634,0.01353597640991211
1317,2.026184558868408,,33.82323145866394,0.02003169059753418
1318,2.0068764686584473,,33.84753894805908,0.02065896987915039
1319,2.0160024166107178,,33.87453627586365,0.01949310302734375
1320,1.998509168624878,,33.895495891571045,0.016962766647338867
1321,2.047696352005005,,33.923224449157715,0.02369976043701172
1322,2.052530288696289,,33.95124578475952,0.024021625518798828
1323,2.056058883666992,,33.97637462615967,0.020703792572021484
1324,2.0507638454437256,,34.00136637687683,0.01798248291015625
1325,2.020026683807373,,34.03201127052307,0.023421764373779297
1326,2.0295069217681885,,34.05689096450806,0.019873857498168945
1327,1.9899860620498657,,34.08193039894104,0.017633676528930664
1328,1.9992154836654663,,34.102701902389526,0.016735553741455078
1329,1.9913485050201416,,34.12854814529419,0.018835067749023438
1330,2.0443992614746094,,34.15041518211365,0.018103599548339844
1331,1.980590581893921,,34.178417444229126,0.020879745483398438
1332,1.971829891204834,,34.204309940338135,0.02105998992919922
1333,2.0146260261535645,,34.225470304489136,0.018159866333007812
1334,1.9686981439590454,,34.25352382659912,0.02013397216796875
1335,1.9810208082199097,,34.282461404800415,0.02695441246032715
1336,2.036835193634033,,34.30410647392273,0.017642498016357422
1337,1.9535772800445557,,34.32918405532837,0.0180206298828125
1338,1.9846075773239136,,34.35410785675049,0.020954370498657227
1339,1.9964128732681274,,34.379555225372314,0.018449783325195312
1340,1.978358507156372,,34.401166915893555,0.01681804656982422
1341,2.0311646461486816,,34.426342725753784,0.017163753509521484
1342,1.9897016286849976,,34.44785261154175,0.018512725830078125
1343,2.0069334506988525,,34.47713851928711,0.02078104019165039
1344,2.0274059772491455,,34.50552749633789,0.02143239974975586
1345,1.9682537317276,,34.53294229507446,0.0233767032623291
1346,1.9497556686401367,,34.55633330345154,0.019394397735595703
1347,1.990478754043579,,34.58115100860596,0.016684532165527344
1348,1.9659907817840576,,34.60272765159607,0.01678609848022461
1349,2.02932071685791,,34.62657189369202,0.019807815551757812
1350,1.9891108274459839,,34.64840340614319,0.01716756820678711
1351,2.033780813217163,,34.673465728759766,0.01755499839782715
1352,1.9910658597946167,,34.69892859458923,0.021457433700561523
1353,2.012139320373535,,34.720067739486694,0.016635417938232422
1354,1.9802801609039307,,34.744685888290405,0.017331838607788086
1355,2.001558303833008,,34.766520261764526,0.017836809158325195
1356,2.038982391357422,,34.79104661941528,0.017982959747314453
1357,1.9609405994415283,,34.812577962875366,0.017495155334472656
1358,2.0056469440460205,,34.83882021903992,0.020239830017089844
1359,1.9811040163040161,,34.864588022232056,0.022933483123779297
1360,1.95709228515625,,34.89059352874756,0.02022266387939453
1361,1.9751224517822266,,34.91516661643982,0.017660856246948242
1362,1.9907925128936768,,34.94436597824097,0.0214841365814209
1363,2.0048704147338867,,34.96784830093384,0.018485307693481445
1364,2.006830930709839,,34.992884397506714,0.021497011184692383
1365,1.9869006872177124,,35.012601137161255,0.016721487045288086
1366,1.9836947917938232,,35.03787684440613,0.017853975296020508
1367,1.991602897644043,,35.062485456466675,0.02045273780822754
1368,1.985937476158142,,35.085917472839355,0.016429424285888672
1369,1.980069637298584,,35.114256143569946,0.02314615249633789
1370,1.976282000541687,,35.13894486427307,0.019881010055541992
1371,1.9286534786224365,,35.163363456726074,0.019841909408569336
1372,1.9373345375061035,,35.18913459777832,0.020840883255004883
1373,1.9851491451263428,,35.21688508987427,0.021245956420898438
1374,1.963233470916748,,35.240222215652466,0.019423484802246094
1375,1.9729232788085938,,35.26094055175781,0.01621270179748535
1376,1.9458626508712769,,35.28592801094055,0.017424583435058594
1377,1.962015151977539,,35.30817151069641,0.017020463943481445
1378,1.951282262802124,,35.336116552352905,0.020442962646484375
1379,1.9994091987609863,,35.36581802368164,0.027048110961914062
1380,1.9833909273147583,,35.389395236968994,0.020487308502197266
1381,1.9703900814056396,,35.41547870635986,0.0190889835357666
1382,1.927541971206665,,35.444648027420044,0.02235269546508789
1383,1.9572428464889526,,35.46587634086609,0.017232894897460938
1384,1.9939366579055786,,35.488341093063354,0.018468141555786133
1385,1.979538083076477,,35.51264309883118,0.01672649383544922
1386,1.9548735618591309,,35.53756380081177,0.017518997192382812
1387,1.9392125606536865,,35.55672907829285,0.014605998992919922
1388,1.9523611068725586,,35.583914041519165,0.017750263214111328
1389,1.9419968128204346,,35.60574173927307,0.017830848693847656
1390,2.001823902130127,,35.62960505485535,0.01631903648376465
1391,2.0138015747070312,,35.657991886138916,0.022965192794799805
1392,1.9522483348846436,,35.679288387298584,0.017863750457763672
1393,1.9045183658599854,,35.70448637008667,0.020054340362548828
1394,2.0010790824890137,,35.72641706466675,0.018899202346801758
1395,1.9268214702606201,,35.751707315444946,0.016941070556640625
1396,1.9909907579421997,,35.772053480148315,0.016454219818115234
1397,1.9421249628067017,,35.80107522010803,0.02068042755126953
1398,1.9230984449386597,,35.828081369400024,0.022986412048339844
1399,1.9582897424697876,,35.84886455535889,0.016768217086791992
1400,1.9523926973342896,0.9808395703633627,35.87658643722534,0.020147085189819336
1401,1.8972971439361572,,35.89771914482117,0.016965389251708984
1402,1.9792978763580322,,35.92243146896362,0.017208576202392578
1403,1.9545156955718994,,35.9452600479126,0.017740726470947266
1404,1.9258489608764648,,35.96988248825073,0.016167163848876953
1405,1.9963665008544922,,35.995739221572876,0.01827716827392578
1406,1.9214446544647217,,36.02150630950928,0.02299952507019043
1407,1.9509621858596802,,36.04871606826782,0.02116560935974121
1408,1.9509234428405762,,36.07762169837952,0.024398326873779297
1409,1.934051275253296,,36.10358452796936,0.02169513702392578
1410,1.9463162422180176,,36.12761735916138,0.01900339126586914
1411,1.9526739120483398,,36.1537663936615,0.02244853973388672
1412,1.9439888000488281,,36.17539715766907,0.017605304718017578
1413,1.9133418798446655,,36.205037117004395,0.024745941162109375
1414,1.8836437463760376,,36.22937750816345,0.01780247688293457
1415,1.9444496631622314,,36.253392934799194,0.01711893081665039
1416,1.9053130149841309,,36.27829694747925,0.022479772567749023
1417,1.9247157573699951,,36.303930044174194,0.021065711975097656
1418,1.9843348264694214,,36.33317589759827,0.02197432518005371
1419,1.9214353561401367,,36.35496735572815,0.017788171768188477
1420,1.911897897720337,,36.382224321365356,0.0197451114654541
1421,1.891904592514038,,36.40532326698303,0.0180966854095459
1422,1.9028618335723877,,36.43325614929199,0.021370649337768555
1423,1.9337742328643799,,36.46132731437683,0.021672725677490234
1424,1.9374701976776123,,36.489222049713135,0.023324251174926758
1425,1.9477018117904663,,36.51101899147034,0.01729273796081543
1426,1.9937080144882202,,36.53351354598999,0.018643617630004883
1427,1.8827931880950928,,36.56333112716675,0.021272897720336914
1428,1.8957666158676147,,36.582443714141846,0.013143301010131836
1429,1.9662028551101685,,36.61608362197876,0.022470474243164062
1430,1.9224112033843994,,36.641157388687134,0.020122528076171875
1431,1.9282917976379395,,36.666220903396606,0.017055273056030273
1432,1.8906246423721313,,36.68707036972046,0.016852378845214844
1433,1.9018564224243164,,36.71408176422119,0.019208192825317383
1434,1.906882643699646,,36.73975729942322,0.02003788948059082
1435,1.8744211196899414,,36.76339244842529,0.01809215545654297
1436,1.892188549041748,,36.78976106643677,0.02004718780517578
1437,1.9338626861572266,,36.815120697021484,0.023853063583374023
1438,1.9258135557174683,,36.840099811553955,0.017465591430664062
1439,1.8967190980911255,,36.86519479751587,0.021567583084106445
1440,1.9183127880096436,,36.890350341796875,0.021381139755249023
1441,1.9184701442718506,,36.91516590118408,0.016820907592773438
1442,1.8744474649429321,,36.944326877593994,0.02108597755432129
1443,1.899763822555542,,36.96683859825134,0.017515182495117188
1444,1.8914368152618408,,36.99433469772339,0.022266149520874023
1445,1.8795956373214722,,37.01930904388428,0.019692420959472656
1446,1.871431589126587,,37.04769849777222,0.02018427848815918
1447,1.923970341682434,,37.076969385147095,0.02311873435974121
1448,1.9190030097961426,,37.09863257408142,0.016743183135986328
1449,1.887489914894104,,37.12338447570801,0.017152070999145508
1450,1.8978946208953857,,37.14439249038696,0.016766071319580078
1451,1.9158399105072021,,37.16924476623535,0.018280506134033203
1452,1.9078013896942139,,37.19108462333679,0.017602920532226562
1453,1.8707032203674316,,37.21415686607361,0.01518869400024414
1454,1.9039313793182373,,37.23968553543091,0.01966094970703125
1455,1.9281799793243408,,37.26506781578064,0.01987147331237793
1456,1.9034154415130615,,37.289302587509155,0.017926454544067383
1457,1.9163391590118408,,37.31113266944885,0.01791691780090332
1458,1.8660664558410645,,37.33574032783508,0.01733708381652832
1459,1.9049872159957886,,37.36618518829346,0.02507925033569336
1460,1.9093048572540283,,37.38932824134827,0.021144866943359375
1461,1.9038058519363403,,37.4154748916626,0.01915764808654785
1462,1.8774406909942627,,37.43772625923157,0.016731977462768555
1463,1.8818273544311523,,37.46605968475342,0.021830081939697266
1464,1.9566080570220947,,37.49007058143616,0.02101421356201172
1465,1.8848180770874023,,37.511101961135864,0.01746368408203125
1466,1.859226107597351,,37.54015755653381,0.02431201934814453
1467,1.9057756662368774,,37.559858083724976,0.0164794921875
1468,1.885036587715149,,37.58494448661804,0.01757645606994629
1469,1.8627135753631592,,37.60963559150696,0.020694255828857422
1470,1.8632972240447998,,37.63336133956909,0.0172119140625
1471,1.848264217376709,,37.655012130737305,0.017566919326782227
1472,1.8732962608337402,,37.68197584152222,0.020694732666015625
1473,1.8936922550201416,,37.71103596687317,0.021640300750732422
1474,1.9205458164215088,,37.73797392845154,0.023107290267944336
1475,1.8835501670837402,,37.76237106323242,0.01989603042602539
1476,1.8705816268920898,,37.79098916053772,0.021078109741210938
1477,1.909998893737793,,37.81540393829346,0.024414777755737305
1478,1.8418649435043335,,37.84281897544861,0.019904613494873047
1479,1.8799793720245361,,37.87102127075195,0.02315998077392578
1480,1.8481595516204834,,37.89622735977173,0.02060103416442871
1481,1.906518816947937,,37.91964077949524,0.017249584197998047
1482,1.911055564880371,,37.94168496131897,0.017433643341064453
1483,1.8904480934143066,,37.96784830093384,0.018155336380004883
1484,1.8829129934310913,,37.98869609832764,0.01662611961364746
1485,1.896414041519165,,38.015724658966064,0.019522428512573242
1486,1.8962724208831787,,38.044206380844116,0.023079872131347656
1487,1.884802222251892,,38.07073450088501,0.02353072166442871
1488,1.8982229232788086,,38.095956563949585,0.019636869430541992
1489,1.8276220560073853,,38.11763668060303,0.01760101318359375
1490,1.8654491901397705,,38.14458084106445,0.01844191551208496
1491,1.845325231552124,,38.17342233657837,0.02462601661682129
1492,1.8469678163528442,,38.19819903373718,0.020771503448486328
1493,1.8881795406341553,,38.226086378097534,0.020380496978759766
1494,1.89178466796875,,38.25452756881714,0.020875215530395508
1495,1.901495099067688,,38.28215551376343,0.026375293731689453
1496,1.859833002090454,,38.306358098983765,0.020200729370117188
1497,1.8503326177597046,,38.33131217956543,0.020957469940185547
1498,1.888232707977295,,38.35238456726074,0.017062664031982422
1499,1.9262796640396118,,38.37869143486023,0.018306732177734375
1500,1.8785536289215088,0.9842394789059957,38.40118050575256,0.019052505493164062
1501,1.836111068725586,,38.42624378204346,0.02085256576538086
1502,1.8767834901809692,,38.447009801864624,0.01657700538635254
1503,1.8448151350021362,,38.48378944396973,0.029270172119140625
1504,1.9337685108184814,,38.51263403892517,0.028844594955444336
1505,1.8661766052246094,,38.536953926086426,0.024319887161254883
1506,1.8403234481811523,,38.56423807144165,0.02628493309020996
1507,1.8574094772338867,,38.59659743309021,0.0313565731048584
1508,1.8608753681182861,,38.63123607635498,0.03463864326477051
1509,1.8455771207809448,,38.6742308139801,0.03515911102294922
1510,1.855764627456665,,38.706053018569946,0.024949073791503906
1511,1.855436086654663,,38.72795248031616,0.017643451690673828
1512,1.8346142768859863,,38.751341819763184,0.01669764518737793
1513,1.8625221252441406,,38.776230335235596,0.020366668701171875
1514,1.8686401844024658,,38.81019353866577,0.021955013275146484
1515,1.8620232343673706,,38.83541917800903,0.021050453186035156
1516,1.8172011375427246,,38.8611741065979,0.01985025405883789
1517,1.9022427797317505,,38.88974404335022,0.023476600646972656
1518,1.8290094137191772,,38.911154985427856,0.01790142059326172
1519,1.8370975255966187,,38.94303631782532,0.02787494659423828
1520,1.8531309366226196,,38.97513747215271,0.027024269104003906
1521,1.82576584815979,,39.001699686050415,0.024009227752685547
1522,1.8628190755844116,,39.02943444252014,0.017133474349975586
1523,1.809552788734436,,39.05447959899902,0.020653963088989258
1524,1.8426833152770996,,39.08354473114014,0.021389484405517578
1525,1.8218274116516113,,39.115477085113525,0.021426677703857422
1526,1.8643041849136353,,39.14550471305847,0.027709007263183594
1527,1.827567219734192,,39.17175364494324,0.02225017547607422
1528,1.8360168933868408,,39.2012722492218,0.02181220054626465
1529,1.8619248867034912,,39.23261022567749,0.021296262741088867
1530,1.8484208583831787,,39.260342597961426,0.023350954055786133
1531,1.8032329082489014,,39.28593468666077,0.021141767501831055
1532,1.8708300590515137,,39.31434726715088,0.020865440368652344
1533,1.8071541786193848,,39.3418288230896,0.023810148239135742
1534,1.821973443031311,,39.367759227752686,0.020904541015625
1535,1.8597935438156128,,39.3910276889801,0.01664113998413086
1536,1.8380268812179565,,39.42279362678528,0.026270627975463867
1537,1.831024408340454,,39.44608998298645,0.019293785095214844
1538,1.8626809120178223,,39.4779839515686,0.02788853645324707
1539,1.8029382228851318,,39.50502061843872,0.021862268447875977
1540,1.8269375562667847,,39.52739191055298,0.018374204635620117
1541,1.843588948249817,,39.55615830421448,0.02289104461669922
1542,1.8419805765151978,,39.57612657546997,0.015971660614013672
1543,1.8231000900268555,,39.60371279716492,0.02260732650756836
1544,1.849797010421753,,39.63536596298218,0.02434515953063965
1545,1.8568823337554932,,39.65858697891235,0.021039724349975586
1546,1.8898711204528809,,39.681403160095215,0.015377998352050781
1547,1.8345482349395752,,39.70864701271057,0.021829605102539062
1548,1.8241095542907715,,39.72806406021118,0.014843940734863281
1549,1.8629730939865112,,39.754361152648926,0.02320122718811035
1550,1.8717362880706787,,39.776339054107666,0.01820659637451172
1551,1.84658682346344,,39.80124473571777,0.020035982131958008
1552,1.8453330993652344,,39.82093405723572,0.014681100845336914
1553,1.8566969633102417,,39.8469078540802,0.018799304962158203
1554,1.8188484907150269,,39.8712100982666,0.019765377044677734
1555,1.8798174858093262,,39.90129232406616,0.021582603454589844
1556,1.8398716449737549,,39.93122577667236,0.02283191680908203
1557,1.8057670593261719,,39.954649686813354,0.01772475242614746
1558,1.8414318561553955,,39.97808384895325,0.016912221908569336
1559,1.846430778503418,,40.001305103302,0.017100095748901367
1560,1.8118155002593994,,40.02938985824585,0.020801305770874023
1561,1.8111345767974854,,40.049463748931885,0.016572237014770508
1562,1.8536778688430786,,40.0739848613739,0.019574642181396484
1563,1.8030109405517578,,40.09654498100281,0.021587610244750977
1564,1.8088953495025635,,40.12096977233887,0.017922639846801758
1565,1.8840945959091187,,40.14753007888794,0.020888805389404297
1566,1.8380498886108398,,40.169331312179565,0.01765155792236328
1567,1.8343461751937866,,40.195051193237305,0.018216609954833984
1568,1.8070465326309204,,40.21126127243042,0.012212991714477539
1569,1.8679964542388916,,40.24791598320007,0.02697277069091797
1570,1.8404138088226318,,40.2727210521698,0.020403623580932617
1571,1.8624236583709717,,40.29352331161499,0.016834735870361328
1572,1.820542335510254,,40.32142090797424,0.020059585571289062
1573,1.8030405044555664,,40.3442006111145,0.017126798629760742
1574,1.8104357719421387,,40.37351989746094,0.015975236892700195
1575,1.814199447631836,,40.40447974205017,0.018889665603637695
1576,1.8001362085342407,,40.42633390426636,0.01785731315612793
1577,1.8058624267578125,,40.45108771324158,0.018252134323120117
1578,1.847927212715149,,40.47800397872925,0.02334737777709961
1579,1.8174549341201782,,40.4996600151062,0.018310070037841797
1580,1.851874828338623,,40.52562236785889,0.021399974822998047
1581,1.8205461502075195,,40.56219148635864,0.034827470779418945
1582,1.8024523258209229,,40.58715081214905,0.023957014083862305
1583,1.837801218032837,,40.63160943984985,0.03553199768066406
1584,1.7881985902786255,,40.6776077747345,0.03355765342712402
1585,1.8094154596328735,,40.72209334373474,0.03238987922668457
1586,1.747131586074829,,40.75962519645691,0.032532691955566406
1587,1.7816025018692017,,40.80496382713318,0.03129887580871582
1588,1.8058222532272339,,40.83763241767883,0.02314591407775879
1589,1.8203368186950684,,40.887675762176514,0.03600335121154785
1590,1.799989938735962,,40.93121385574341,0.03602004051208496
1591,1.8150397539138794,,40.97855186462402,0.032562255859375
1592,1.840489149093628,,41.01982593536377,0.02944159507751465
1593,1.8001775741577148,,41.058199882507324,0.026740312576293945
1594,1.7865206003189087,,41.10369324684143,0.03292560577392578
1595,1.8150310516357422,,41.132041931152344,0.019545316696166992
1596,1.822040319442749,,41.167173624038696,0.02534317970275879
1597,1.8083707094192505,,41.19818615913391,0.020081043243408203
1598,1.7997075319290161,,41.21968340873718,0.01698589324951172
1599,1.828051209449768,,41.245670318603516,0.018476486206054688
1600,1.8172563314437866,0.9868744015693665,41.26854181289673,0.01873779296875
1601,1.786604881286621,,41.29359030723572,0.02127814292907715
1602,1.777971863746643,,41.31475782394409,0.017546415328979492
1603,1.784321665763855,,41.33910655975342,0.01664423942565918
1604,1.7903691530227661,,41.36849904060364,0.024268388748168945
1605,1.810666561126709,,41.39177322387695,0.020766019821166992
1606,1.7946491241455078,,41.415565729141235,0.016582489013671875
1607,1.8033218383789062,,41.447221994400024,0.0229339599609375
1608,1.8132176399230957,,41.47107148170471,0.019350051879882812
1609,1.788590908050537,,41.49715995788574,0.02299356460571289
1610,1.7835620641708374,,41.52215600013733,0.020699024200439453
1611,1.8384519815444946,,41.551130533218384,0.020146846771240234
1612,1.7910645008087158,,41.57792663574219,0.02679610252380371
1613,1.7845536470413208,,41.603453159332275,0.020466089248657227
1614,1.8243178129196167,,41.63240361213684,0.021414756774902344
1615,1.7776658535003662,,41.6580445766449,0.02163839340209961
1616,1.7646639347076416,,41.68749284744263,0.024053335189819336
1617,1.8030742406845093,,41.71118712425232,0.018194913864135742
1618,1.8159599304199219,,41.73973751068115,0.023042917251586914
1619,1.7719703912734985,,41.7614061832428,0.017157793045043945
1620,1.8119481801986694,,41.786935567855835,0.020380496978759766
1621,1.809759259223938,,41.81170201301575,0.020578384399414062
1622,1.7975538969039917,,41.83909606933594,0.020048141479492188
1623,1.7715375423431396,,41.8682062625885,0.02706003189086914
1624,1.796347737312317,,41.888368129730225,0.01476144790649414
1625,1.8145949840545654,,41.915592193603516,0.022623538970947266
1626,1.7629170417785645,,41.958680629730225,0.043088436126708984
1627,1.828782081604004,,41.99771189689636,0.03801703453063965
1628,1.775754690170288,,42.04238319396973,0.04110836982727051
1629,1.7736446857452393,,42.08577919006348,0.03541159629821777
1630,1.7709327936172485,,42.13833785057068,0.03795957565307617
1631,1.7593504190444946,,42.17223811149597,0.023601531982421875
1632,1.815796136856079,,42.2040855884552,0.02764749526977539
1633,1.7381846904754639,,42.232853412628174,0.024592161178588867
1634,1.7774631977081299,,42.26982307434082,0.020924091339111328
1635,1.7926526069641113,,42.304171085357666,0.024658679962158203
1636,1.744459629058838,,42.33324980735779,0.02504253387451172
1637,1.7751754522323608,,42.35798215866089,0.018908262252807617
1638,1.7966183423995972,,42.38237166404724,0.020804405212402344
1639,1.7505409717559814,,42.41309189796448,0.02471780776977539
1640,1.7740669250488281,,42.4439435005188,0.020700454711914062
1641,1.803024411201477,,42.47512722015381,0.02066969871520996
1642,1.753831386566162,,42.508602142333984,0.03051471710205078
1643,1.7666977643966675,,42.53648805618286,0.02538466453552246
1644,1.764933466911316,,42.56110191345215,0.016710519790649414
1645,1.7364126443862915,,42.5860538482666,0.019915103912353516
1646,1.757354497909546,,42.61156940460205,0.017682552337646484
1647,1.844409704208374,,42.64140725135803,0.02482771873474121
1648,1.775322437286377,,42.66932511329651,0.02079033851623535
1649,1.8102970123291016,,42.69509410858154,0.020584821701049805
1650,1.7779393196105957,,42.71414089202881,0.013048887252807617
1651,1.7562499046325684,,42.748300075531006,0.023846149444580078
1652,1.7716684341430664,,42.774094581604004,0.021564960479736328
1653,1.784214735031128,,42.80109453201294,0.019290685653686523
1654,1.7691223621368408,,42.83210349082947,0.02485799789428711
1655,1.749157428741455,,42.85738658905029,0.021078824996948242
1656,1.7670769691467285,,42.88814902305603,0.020083189010620117
1657,1.7722481489181519,,42.91795754432678,0.025068283081054688
1658,1.745840311050415,,42.94609451293945,0.025129079818725586
1659,1.7903265953063965,,42.96993041038513,0.018337011337280273
1660,1.7978096008300781,,42.992029666900635,0.017849206924438477
1661,1.764661431312561,,43.01681303977966,0.020725727081298828
1662,1.7484140396118164,,43.042081356048584,0.021015644073486328
1663,1.7431062459945679,,43.06719446182251,0.021123170852661133
1664,1.7832521200180054,,43.088489294052124,0.016521215438842773
1665,1.6914355754852295,,43.112457275390625,0.017457008361816406
1666,1.7484509944915771,,43.13541913032532,0.01851677894592285
1667,1.7200831174850464,,43.15863513946533,0.017178058624267578
1668,1.7602949142456055,,43.1850106716156,0.021398067474365234
1669,1.771561622619629,,43.20930624008179,0.02029871940612793
1670,1.7671796083450317,,43.23487329483032,0.014857053756713867
1671,1.7743024826049805,,43.2622172832489,0.020537853240966797
1672,1.7271513938903809,,43.2833514213562,0.017131328582763672
1673,1.7767333984375,,43.30832505226135,0.020895004272460938
1674,1.7684457302093506,,43.33109712600708,0.018202543258666992
1675,1.7486659288406372,,43.35600256919861,0.018330812454223633
1676,1.7059637308120728,,43.3778178691864,0.01812911033630371
1677,1.7253578901290894,,43.40175533294678,0.016364097595214844
1678,1.7204668521881104,,43.42756652832031,0.025811195373535156
1679,1.7269936800003052,,43.458008766174316,0.02187037467956543
1680,1.7904516458511353,,43.48574709892273,0.022139310836791992
1681,1.732712745666504,,43.505526065826416,0.016780376434326172
1682,1.7562167644500732,,43.52708959579468,0.013994693756103516
1683,1.7239205837249756,,43.55536389350891,0.019991636276245117
1684,1.6919947862625122,,43.57600212097168,0.016673803329467773
1685,1.7651338577270508,,43.60309863090515,0.02173161506652832
1686,1.7490261793136597,,43.625181913375854,0.018022537231445312
1687,1.7517786026000977,,43.64475893974304,0.013027667999267578
1688,1.7573859691619873,,43.6712007522583,0.019885778427124023
1689,1.7299659252166748,,43.693320512771606,0.014722824096679688
1690,1.7689108848571777,,43.71989035606384,0.018851280212402344
1691,1.7060099840164185,,43.74165344238281,0.01722121238708496
1692,1.7087790966033936,,43.7670373916626,0.021342992782592773
1693,1.7833616733551025,,43.790382623672485,0.019095897674560547
1694,1.7416858673095703,,43.818347215652466,0.022369384765625
1695,1.7516403198242188,,43.83949089050293,0.018511056900024414
1696,1.7074933052062988,,43.86748433113098,0.020096302032470703
1697,1.7272711992263794,,43.89448261260986,0.023540496826171875
1698,1.7871878147125244,,43.92280888557434,0.02832627296447754
1699,1.7535561323165894,,43.95258927345276,0.023775339126586914
1700,1.7336450815200806,0.9892127911249796,43.98119139671326,0.026601791381835938
1701,1.6908550262451172,,44.00943470001221,0.02364063262939453
1702,1.710679531097412,,44.038403034210205,0.022455215454101562
1703,1.7958755493164062,,44.06117391586304,0.01763439178466797
1704,1.7165907621383667,,44.08195376396179,0.016774654388427734
1705,1.7679897546768188,,44.104833126068115,0.017873764038085938
1706,1.7334926128387451,,44.12763857841492,0.017836809158325195
1707,1.7270240783691406,,44.15774655342102,0.025213003158569336
1708,1.739022970199585,,44.181061029434204,0.01980113983154297
1709,1.7205451726913452,,44.20702838897705,0.023260116577148438
1710,1.7578537464141846,,44.23487901687622,0.02558422088623047
1711,1.7252477407455444,,44.258299589157104,0.01910877227783203
1712,1.7295470237731934,,44.276323556900024,0.012363195419311523
1713,1.7703585624694824,,44.30678105354309,0.021399974822998047
1714,1.729844331741333,,44.327085733413696,0.017307281494140625
1715,1.7361021041870117,,44.35201287269592,0.02036142349243164
1716,1.755995512008667,,44.3738853931427,0.017789602279663086
1717,1.6930506229400635,,44.39739370346069,0.01750779151916504
1718,1.7287333011627197,,44.41899514198303,0.017596960067749023
1719,1.7037135362625122,,44.44410562515259,0.01710677146911621
1720,1.7086124420166016,,44.465991258621216,0.016880035400390625
1721,1.6864312887191772,,44.49127650260925,0.02131199836730957
1722,1.7213987112045288,,44.5197172164917,0.023651123046875
1723,1.725480318069458,,44.54245114326477,0.021225929260253906
1724,1.7192366123199463,,44.56639361381531,0.016590595245361328
1725,1.7418166399002075,,44.58753156661987,0.016554832458496094
1726,1.7191107273101807,,44.61452674865723,0.01738119125366211
1727,1.7263849973678589,,44.64118504524231,0.024296998977661133
1728,1.706060528755188,,44.667394399642944,0.02088189125061035
1729,1.6957731246948242,,44.69121837615967,0.017529726028442383
1730,1.7454547882080078,,44.716232776641846,0.019129037857055664
1731,1.705612063407898,,44.74214148521423,0.020143747329711914
1732,1.7349514961242676,,44.76964330673218,0.027501821517944336
1733,1.6798983812332153,,44.79285764694214,0.02164435386657715
1734,1.6836535930633545,,44.82103395462036,0.019992351531982422
1735,1.6591475009918213,,44.847399950027466,0.021389484405517578
1736,1.6911201477050781,,44.872379779815674,0.02097940444946289
1737,1.6749604940414429,,44.894731760025024,0.015132665634155273
1738,1.7066725492477417,,44.92779040336609,0.023342609405517578
1739,1.6765133142471313,,44.95469903945923,0.02240610122680664
1740,1.7212027311325073,,44.97812509536743,0.018143653869628906
1741,1.7341985702514648,,44.998563289642334,0.017224788665771484
1742,1.703341007232666,,45.026043176651,0.02213883399963379
1743,1.689469575881958,,45.04731321334839,0.01754903793334961
1744,1.7186506986618042,,45.071885108947754,0.016999483108520508
1745,1.7152431011199951,,45.09762382507324,0.022371530532836914
1746,1.778651237487793,,45.116920948028564,0.01412820816040039
1747,1.7212843894958496,,45.14445877075195,0.020830154418945312
1748,1.6769963502883911,,45.16631627082825,0.01678943634033203
1749,1.7118021249771118,,45.191702365875244,0.017813920974731445
1750,1.7080892324447632,,45.214781045913696,0.021077632904052734
1751,1.7284013032913208,,45.24574255943298,0.01987910270690918
1752,1.718921422958374,,45.27522015571594,0.021930694580078125
1753,1.7326003313064575,,45.29921293258667,0.022587299346923828
1754,1.6471339464187622,,45.32484149932861,0.021036386489868164
1755,1.7139071226119995,,45.352256536483765,0.020581483840942383
1756,1.701704740524292,,45.377137422561646,0.02093029022216797
1757,1.6724802255630493,,45.4046995639801,0.020052433013916016
1758,1.7631032466888428,,45.431336879730225,0.022663354873657227
1759,1.688428521156311,,45.4556622505188,0.01983785629272461
1760,1.6818981170654297,,45.485751152038574,0.021610260009765625
1761,1.6647018194198608,,45.51015543937683,0.02040696144104004
1762,1.6752934455871582,,45.53338932991028,0.018728256225585938
1763,1.7090904712677002,,45.55987334251404,0.018878459930419922
1764,1.7424192428588867,,45.58579730987549,0.02133011817932129
1765,1.683103322982788,,45.6114776134491,0.019018173217773438
1766,1.7248464822769165,,45.641185998916626,0.023228883743286133
1767,1.7371569871902466,,45.665472984313965,0.019951581954956055
1768,1.6902316808700562,,45.69507646560669,0.0231015682220459
1769,1.6903916597366333,,45.71865653991699,0.02158331871032715
1770,1.7042818069458008,,45.74274206161499,0.020581722259521484
1771,1.7152889966964722,,45.76970195770264,0.02096271514892578
1772,1.7282947301864624,,45.796923875808716,0.022591352462768555
1773,1.7012064456939697,,45.818384647369385,0.0165865421295166
1774,1.7197539806365967,,45.84252190589905,0.021462678909301758
1775,1.7143747806549072,,45.86978888511658,0.02122783660888672
1776,1.7189663648605347,,45.894545793533325,0.01718759536743164
1777,1.7138097286224365,,45.92126941680908,0.01982426643371582
1778,1.7317410707473755,,45.943077087402344,0.017298460006713867
1779,1.7003675699234009,,45.967756271362305,0.020579814910888672
1780,1.6846152544021606,,45.99235987663269,0.020101070404052734
1781,1.705104947090149,,46.02129864692688,0.022902727127075195
1782,1.690833330154419,,46.042211294174194,0.020912647247314453
1783,1.669008731842041,,46.070369482040405,0.02190995216369629
1784,1.691246509552002,,46.09326100349426,0.020322561264038086
1785,1.6611781120300293,,46.118850231170654,0.020772933959960938
1786,1.7119724750518799,,46.14346408843994,0.02004265785217285
1787,1.6789679527282715,,46.16532921791077,0.016813039779663086
1788,1.6668713092803955,,46.18916177749634,0.017259597778320312
1789,1.6764647960662842,,46.21016550064087,0.016500473022460938
1790,1.695112943649292,,46.23963904380798,0.02102065086364746
1791,1.6687105894088745,,46.26416540145874,0.02043604850769043
1792,1.723801851272583,,46.289355993270874,0.02115941047668457
1793,1.67390775680542,,46.317492723464966,0.022633790969848633
1794,1.7058368921279907,,46.34543418884277,0.024417638778686523
1795,1.6966803073883057,,46.36656212806702,0.01713109016418457
1796,1.7213363647460938,,46.392229080200195,0.0209197998046875
1797,1.6927443742752075,,46.41314148902893,0.018581628799438477
1798,1.6748466491699219,,46.43792700767517,0.019896984100341797
1799,1.6852240562438965,,46.46237397193909,0.019324541091918945
1800,1.7142510414123535,0.9921560684839884,46.48975324630737,0.020067214965820312
1801,1.6975866556167603,,46.51687836647034,0.022870540618896484
1802,1.6837021112442017,,46.542179346084595,0.020801782608032227
1803,1.6524367332458496,,46.57167077064514,0.022495269775390625
1804,1.6610887050628662,,46.60088109970093,0.025579214096069336
1805,1.7326430082321167,,46.62465500831604,0.021463871002197266
1806,1.6992921829223633,,46.65157604217529,0.01941657066345215
1807,1.710910677909851,,46.67790102958679,0.02217841148376465
1808,1.6994361877441406,,46.7000367641449,0.017621755599975586
1809,1.6866704225540161,,46.7253851890564,0.021229267120361328
1810,1.6886423826217651,,46.74774980545044,0.018367290496826172
1811,1.6681374311447144,,46.776482343673706,0.023931503295898438
1812,1.6706352233886719,,46.80129098892212,0.020308494567871094
1813,1.6809858083724976,,46.828150033950806,0.02084636688232422
1814,1.6706260442733765,,46.85256099700928,0.02094268798828125
1815,1.6920559406280518,,46.878074407577515,0.020696163177490234
1816,1.669285774230957,,46.90241312980652,0.017834901809692383
1817,1.6535824537277222,,46.924389600753784,0.016979694366455078
1818,1.6727622747421265,,46.94847321510315,0.01711416244506836
1819,1.6938016414642334,,46.969696283340454,0.016266822814941406
1820,1.6634938716888428,,46.99489188194275,0.017685413360595703
1821,1.6560298204421997,,47.016183376312256,0.017243146896362305
1822,1.687164306640625,,47.04348158836365,0.021425485610961914
1823,1.6735951900482178,,47.06728005409241,0.01740741729736328
1824,1.66373872756958,,47.088006258010864,0.016018390655517578
1825,1.6838459968566895,,47.11304831504822,0.017295360565185547
1826,1.6971244812011719,,47.137250900268555,0.020574092864990234
1827,1.6385951042175293,,47.16117238998413,0.0185701847076416
1828,1.693004846572876,,47.19203209877014,0.022285938262939453
1829,1.6553442478179932,,47.21686792373657,0.0230257511138916
1830,1.6571788787841797,,47.24472904205322,0.022358179092407227
1831,1.6144382953643799,,47.266700983047485,0.018975257873535156
1832,1.6329410076141357,,47.290931940078735,0.019726037979125977
1833,1.6735165119171143,,47.31837773323059,0.020439863204956055
1834,1.6917035579681396,,47.34572625160217,0.024710416793823242
1835,1.7021397352218628,,47.367228507995605,0.017504215240478516
1836,1.6819348335266113,,47.393006563186646,0.02201080322265625
1837,1.6630535125732422,,47.417776346206665,0.02067732810974121
1838,1.5994315147399902,,47.443110942840576,0.017771005630493164
1839,1.661705732345581,,47.466970682144165,0.01982426643371582
1840,1.6529054641723633,,47.49416375160217,0.019681930541992188
1841,1.6700942516326904,,47.52434253692627,0.02567911148071289
1842,1.6398916244506836,,47.54635429382324,0.01886916160583496
1843,1.674584150314331,,47.571085929870605,0.017229318618774414
1844,1.6567782163619995,,47.59226155281067,0.017239809036254883
1845,1.6293118000030518,,47.617008447647095,0.01952338218688965
1846,1.690008521080017,,47.64303493499756,0.021849393844604492
1847,1.656421422958374,,47.66500949859619,0.016936540603637695
1848,1.6471905708312988,,47.6904354095459,0.01755809783935547
1849,1.674680233001709,,47.71133875846863,0.016167879104614258
1850,1.699269413948059,,47.734986305236816,0.018397808074951172
1851,1.615459680557251,,47.76530718803406,0.02254509925842285
1852,1.6901841163635254,,47.787399768829346,0.019098520278930664
1853,1.6473438739776611,,47.8144588470459,0.023403406143188477
1854,1.7067363262176514,,47.83964014053345,0.021227598190307617
1855,1.6713035106658936,,47.867358684539795,0.020027875900268555
1856,1.6525158882141113,,47.8920681476593,0.02073216438293457
1857,1.651930809020996,,47.917359590530396,0.020688772201538086
1858,1.6592707633972168,,47.94115400314331,0.019296646118164062
1859,1.693346619606018,,47.96696662902832,0.019811391830444336
1860,1.6678369045257568,,47.994375467300415,0.019904136657714844
1861,1.651594638824463,,48.021440505981445,0.02306389808654785
1862,1.6785942316055298,,48.056525230407715,0.029349803924560547
1863,1.674605131149292,,48.09597086906433,0.03644990921020508
1864,1.700345754623413,,48.12314200401306,0.02648615837097168
1865,1.6062278747558594,,48.15412974357605,0.030251741409301758
1866,1.6552979946136475,,48.19168996810913,0.03554654121398926
1867,1.6956900358200073,,48.23884725570679,0.03561115264892578
1868,1.6620957851409912,,48.26856350898743,0.017560958862304688
1869,1.6379783153533936,,48.29118537902832,0.0181276798248291
1870,1.6040805578231812,,48.321903228759766,0.021567344665527344
1871,1.6654776334762573,,48.349860429763794,0.019778013229370117
1872,1.6933279037475586,,48.377657890319824,0.020287752151489258
1873,1.6397649049758911,,48.40965437889099,0.028255462646484375
1874,1.6752846240997314,,48.42937183380127,0.017209768295288086
1875,1.625494122505188,,48.457130670547485,0.015789508819580078
1876,1.6544711589813232,,48.485790967941284,0.024433374404907227
1877,1.6710362434387207,,48.509597301483154,0.017620563507080078
1878,1.6118063926696777,,48.53200101852417,0.018095970153808594
1879,1.6351492404937744,,48.56031513214111,0.026311874389648438
1880,1.6202178001403809,,48.5860481262207,0.017340421676635742
1881,1.6398674249649048,,48.61668586730957,0.02626180648803711
1882,1.6028618812561035,,48.64787268638611,0.02673792839050293
1883,1.6409183740615845,,48.6737220287323,0.017991065979003906
1884,1.685105562210083,,48.70745658874512,0.024891376495361328
1885,1.6337733268737793,,48.736088514328,0.0249941349029541
1886,1.6665552854537964,,48.75737285614014,0.01628708839416504
1887,1.6847505569458008,,48.78507161140442,0.01909661293029785
1888,1.6079936027526855,,48.81094217300415,0.02044820785522461
1889,1.628617286682129,,48.832268953323364,0.01602935791015625
1890,1.6249194145202637,,48.857884883880615,0.021497488021850586
1891,1.6829328536987305,,48.88237690925598,0.01969289779663086
1892,1.6750926971435547,,48.90447640419006,0.017069339752197266
1893,1.6150931119918823,,48.934043407440186,0.02203059196472168
1894,1.6315776109695435,,48.95598483085632,0.01894402503967285
1895,1.6188089847564697,,48.97813177108765,0.017187118530273438
1896,1.6517398357391357,,49.0076265335083,0.022614002227783203
1897,1.70621919631958,,49.02761626243591,0.017992734909057617
1898,1.6432666778564453,,49.054192543029785,0.021073102951049805
1899,1.6569342613220215,,49.08609914779663,0.0319066047668457
1900,1.647295355796814,0.9901540875434875,49.12737464904785,0.03830432891845703
1901,1.6241512298583984,,49.18344044685364,0.04705548286437988
1902,1.632944107055664,,49.223347663879395,0.03568768501281738
1903,1.613769292831421,,49.26809763908386,0.03524613380432129
1904,1.5753477811813354,,49.30735921859741,0.034075021743774414
1905,1.6299970149993896,,49.34439277648926,0.031847238540649414
1906,1.6338192224502563,,49.39502310752869,0.03893089294433594
1907,1.636000633239746,,49.43965482711792,0.034342288970947266
1908,1.645195722579956,,49.486215114593506,0.03947710990905762
1909,1.5921177864074707,,49.521268129348755,0.0197451114654541
1910,1.6648163795471191,,49.552101850509644,0.025795936584472656
1911,1.5756478309631348,,49.582009077072144,0.0275266170501709
1912,1.6216504573822021,,49.61166715621948,0.020592212677001953
1913,1.6643142700195312,,49.64295411109924,0.023192405700683594
1914,1.59442937374115,,49.67357850074768,0.025021076202392578
1915,1.64544677734375,,49.699361085891724,0.020141124725341797
1916,1.6458303928375244,,49.73122477531433,0.023337125778198242
1917,1.6548813581466675,,49.75911545753479,0.024059772491455078
1918,1.6388938426971436,,49.78805994987488,0.025443553924560547
1919,1.593003273010254,,49.81551480293274,0.01994776725769043
1920,1.5975065231323242,,49.84588384628296,0.02485346794128418
1921,1.6584715843200684,,49.871082067489624,0.02111363410949707
1922,1.6334075927734375,,49.89634847640991,0.018260478973388672
1923,1.6729881763458252,,49.92640829086304,0.024626731872558594
1924,1.5837390422821045,,49.95223522186279,0.02131819725036621
1925,1.6104819774627686,,49.97812485694885,0.018619060516357422
1926,1.6319851875305176,,50.008360862731934,0.02348041534423828
1927,1.6313724517822266,,50.0272262096405,0.01447439193725586
1928,1.6616578102111816,,50.054465532302856,0.01692342758178711
1929,1.6792514324188232,,50.07528018951416,0.02081465721130371
1930,1.620145559310913,,50.096189975738525,0.020909786224365234
1931,1.6264877319335938,,50.124443769454956,0.02057170867919922
1932,1.680692434310913,,50.14858078956604,0.017638206481933594
1933,1.617396354675293,,50.16935992240906,0.016632556915283203
1934,1.6123578548431396,,50.193687200546265,0.01582026481628418
1935,1.6399824619293213,,50.21662092208862,0.016564130783081055
1936,1.6600286960601807,,50.24632477760315,0.021822214126586914
1937,1.5869755744934082,,50.27644872665405,0.017649173736572266
1938,1.6148370504379272,,50.30306077003479,0.020032167434692383
1939,1.6307851076126099,,50.325013875961304,0.0167539119720459
1940,1.6845439672470093,,50.350910902023315,0.021828174591064453
1941,1.640312910079956,,50.37915086746216,0.025730371475219727
1942,1.6385301351547241,,50.40252208709717,0.01886725425720215
1943,1.6571067571640015,,50.430418252944946,0.023931026458740234
1944,1.628899335861206,,50.45233774185181,0.017409801483154297
1945,1.5964237451553345,,50.47811460494995,0.0217742919921875
1946,1.6523593664169312,,50.49900817871094,0.01796746253967285
1947,1.6395047903060913,,50.52122402191162,0.01647353172302246
1948,1.6031137704849243,,50.55430793762207,0.023366212844848633
1949,1.636405348777771,,50.578131675720215,0.02382373809814453
1950,1.5993905067443848,,50.60290193557739,0.02277231216430664
1951,1.6477112770080566,,50.62586712837219,0.01895928382873535
1952,1.645638108253479,,50.64855718612671,0.01715874671936035
1953,1.6096141338348389,,50.679521560668945,0.02673792839050293
1954,1.629103660583496,,50.699536085128784,0.018457889556884766
1955,1.6470075845718384,,50.7264358997345,0.01938772201538086
1956,1.6071712970733643,,50.74894833564758,0.017822742462158203
1957,1.6396446228027344,,50.77431011199951,0.021727323532104492
1958,1.5805813074111938,,50.80421829223633,0.027567386627197266
1959,1.6394106149673462,,50.82608103752136,0.01682448387145996
1960,1.6347131729125977,,50.84698700904846,0.016907691955566406
1961,1.6238555908203125,,50.88409471511841,0.028111934661865234
1962,1.6673414707183838,,50.9085168838501,0.024422168731689453
1963,1.6114799976348877,,50.933165073394775,0.02339768409729004
1964,1.6611592769622803,,50.954673051834106,0.018174171447753906
1965,1.6074116230010986,,50.98110008239746,0.01862955093383789
1966,1.6077970266342163,,51.014829874038696,0.029008150100708008
1967,1.5955044031143188,,51.037391901016235,0.02056121826171875
1968,1.5763357877731323,,51.063204526901245,0.01797938346862793
1969,1.6347039937973022,,51.091116189956665,0.02394247055053711
1970,1.6619467735290527,,51.12108325958252,0.02224278450012207
1971,1.6401498317718506,,51.145543813705444,0.018628358840942383
1972,1.6234943866729736,,51.17558765411377,0.026042938232421875
1973,1.6462013721466064,,51.2010817527771,0.021497011184692383
1974,1.6038227081298828,,51.22721314430237,0.02112269401550293
1975,1.5576012134552002,,51.251649618148804,0.020439624786376953
1976,1.6438162326812744,,51.281137466430664,0.02648448944091797
1977,1.5867011547088623,,51.30769419670105,0.021244049072265625
1978,1.6030833721160889,,51.33637309074402,0.021105051040649414
1979,1.613297462463379,,51.36553382873535,0.02462148666381836
1980,1.6214005947113037,,51.387314558029175,0.018133878707885742
1981,1.5626963376998901,,51.41322374343872,0.018404722213745117
1982,1.6038769483566284,,51.44091987609863,0.025393247604370117
1983,1.5625618696212769,,51.46858882904053,0.0218350887298584
1984,1.5972546339035034,,51.495978355407715,0.020841360092163086
1985,1.5713059902191162,,51.523810386657715,0.025144338607788086
1986,1.6029043197631836,,51.55095887184143,0.023678302764892578
1987,1.666370153427124,,51.57534575462341,0.01650691032409668
1988,1.6024785041809082,,51.607359409332275,0.024264097213745117
1989,1.5990530252456665,,51.63227438926697,0.02017688751220703
1990,1.667454719543457,,51.65840172767639,0.01886606216430664
1991,1.5765711069107056,,51.68615221977234,0.024945497512817383
1992,1.6556673049926758,,51.70668578147888,0.01666569709777832
1993,1.5491223335266113,,51.73024225234985,0.01893782615661621
1994,1.6136858463287354,,51.75458288192749,0.020834684371948242
1995,1.5918362140655518,,51.77919411659241,0.020534753799438477
1996,1.6217817068099976,,51.80423665046692,0.01678466796875
1997,1.6225571632385254,,51.83438467979431,0.026109933853149414
1998,1.6475965976715088,,51.86130142211914,0.023920059204101562
1999,1.5951359272003174,,51.88511848449707,0.02078080177307129
2000,1.596869945526123,0.9918647011121114,51.91563057899475,0.023972034454345703
