epochs,losses,accuracies,cumulative_time_seconds,epoch_time_seconds
1,31.763940811157227,,0.03283286094665527,0.03283286094665527
2,30.748994827270508,,0.0842587947845459,0.03776860237121582
3,29.939109802246094,,0.13524222373962402,0.04131650924682617
4,29.331199645996094,,0.18870115280151367,0.03176379203796387
5,28.867923736572266,,0.23824238777160645,0.028076171875
6,28.508508682250977,,0.28969597816467285,0.03740692138671875
7,28.25114631652832,,0.3430628776550293,0.043610334396362305
8,28.032447814941406,,0.39416050910949707,0.031586647033691406
9,27.922565460205078,,0.44307470321655273,0.033181190490722656
10,27.767181396484375,,0.4944617748260498,0.03748130798339844
11,27.656068801879883,,0.5448122024536133,0.040563106536865234
12,27.522062301635742,,0.5959749221801758,0.0287017822265625
13,27.42200469970703,,0.646620512008667,0.03169107437133789
14,27.307613372802734,,0.6980834007263184,0.03551506996154785
15,27.27703094482422,,0.7492742538452148,0.03918623924255371
16,27.147106170654297,,0.8003764152526855,0.042664527893066406
17,27.134965896606445,,0.8518171310424805,0.031144380569458008
18,27.055095672607422,,0.9030880928039551,0.03551506996154785
19,26.995746612548828,,0.9542982578277588,0.03949713706970215
20,26.953880310058594,,1.005134105682373,0.027126789093017578
21,26.895965576171875,,1.056246280670166,0.0310821533203125
22,26.8872013092041,,1.1072633266448975,0.03491020202636719
23,26.813209533691406,,1.1585819721221924,0.03917860984802246
24,26.80340576171875,,1.2096836566925049,0.026866912841796875
25,26.744609832763672,,1.2617533206939697,0.03140711784362793
26,26.67658042907715,,1.3114891052246094,0.03366398811340332
27,26.680566787719727,,1.3628957271575928,0.037566184997558594
28,26.626670837402344,,1.4141557216644287,0.04165792465209961
29,26.58511734008789,,1.4669723510742188,0.031607627868652344
30,26.56979751586914,,1.5161235332489014,0.03332400321960449
31,26.511032104492188,,1.567645788192749,0.03756570816040039
32,26.524463653564453,,1.6187899112701416,0.04163861274719238
33,26.50634002685547,,1.669464349746704,0.029126644134521484
34,26.44052505493164,,1.7212717533111572,0.03366565704345703
35,26.43593978881836,,1.7728474140167236,0.03747224807739258
36,26.43140411376953,,1.8227572441101074,0.03984951972961426
37,26.35092544555664,,1.8739938735961914,0.027957677841186523
38,26.35418128967285,,1.9248359203338623,0.031558990478515625
39,26.32073974609375,,1.9761414527893066,0.03543257713317871
40,26.29251480102539,,2.027571678161621,0.039501190185546875
41,26.273773193359375,,2.078660011291504,0.027051687240600586
42,26.2701416015625,,2.1337661743164062,0.03480172157287598
43,26.238563537597656,,2.183271646499634,0.029975175857543945
44,26.242897033691406,,2.2324700355529785,0.033417701721191406
45,26.21022605895996,,2.283614158630371,0.027068138122558594
46,26.149738311767578,,2.3345086574554443,0.03157782554626465
47,26.116281509399414,,2.3860151767730713,0.035475969314575195
48,26.121774673461914,,2.436324119567871,0.038599252700805664
49,26.10316276550293,,2.4869961738586426,0.0418241024017334
50,26.0892333984375,,2.5395798683166504,0.03159523010253906
51,26.07886505126953,,2.5901992321014404,0.034880876541137695
52,26.04766845703125,,2.641216516494751,0.0393376350402832
53,26.034324645996094,,2.6919660568237305,0.026920795440673828
54,26.018230438232422,,2.7444357872009277,0.03181028366088867
55,25.970611572265625,,2.7936878204345703,0.03350543975830078
56,25.989036560058594,,2.8451972007751465,0.03751349449157715
57,25.940227508544922,,2.896127462387085,0.04098224639892578
58,25.930519104003906,,2.947033643722534,0.028954744338989258
59,25.897689819335938,,2.9989471435546875,0.03348183631896973
60,25.88450050354004,,3.0507655143737793,0.03779315948486328
61,25.870344161987305,,3.1008927822113037,0.040476083755493164
62,25.831485748291016,,3.1521239280700684,0.02843952178955078
63,25.823453903198242,,3.2038934230804443,0.032697439193725586
64,25.790668487548828,,3.2543704509735107,0.035771846771240234
65,25.77347183227539,,3.3058204650878906,0.03933215141296387
66,25.774616241455078,,3.3566787242889404,0.04221057891845703
67,25.732330322265625,,3.408939838409424,0.0316319465637207
68,25.73489761352539,,3.4583616256713867,0.03367877006530762
69,25.690088272094727,,3.503662586212158,0.03145408630371094
70,25.684036254882812,,3.562985897064209,0.027406692504882812
71,25.661035537719727,,3.6146185398101807,0.03147459030151367
72,25.628334045410156,,3.66416335105896,0.033529043197631836
73,25.607730865478516,,3.715761661529541,0.03783679008483887
74,25.6199893951416,,3.7656874656677246,0.04005694389343262
75,25.586021423339844,,3.816364288330078,0.027557849884033203
76,25.55172348022461,,3.8672971725463867,0.03128981590270996
77,25.54680061340332,,3.918424129486084,0.03545427322387695
78,25.46368408203125,,3.9695582389831543,0.039137840270996094
79,25.467464447021484,,4.020522356033325,0.027030467987060547
80,25.46110725402832,,4.071924686431885,0.030974388122558594
81,25.398548126220703,,4.1194047927856445,0.03139352798461914
82,25.40109634399414,,4.175482749938965,0.040213584899902344
83,25.365280151367188,,4.2262282371521,0.02763652801513672
84,25.3377742767334,,4.276958227157593,0.031199216842651367
85,25.29965591430664,,4.328634262084961,0.035765647888183594
86,25.288860321044922,,4.378638505935669,0.03793597221374512
87,25.279020309448242,,4.429981231689453,0.04179835319519043
88,25.242149353027344,,4.482762336730957,0.03162980079650879
89,25.18027114868164,,4.53200101852417,0.03356790542602539
90,25.197568893432617,,4.583118677139282,0.03741621971130371
91,25.142581939697266,,4.634223222732544,0.04108834266662598
92,25.109996795654297,,4.68544340133667,0.028937578201293945
93,25.052433013916016,,4.737987041473389,0.033808231353759766
94,25.05185317993164,,4.787428140640259,0.0353696346282959
95,25.01978302001953,,4.839155435562134,0.03994131088256836
96,24.975353240966797,,4.890112638473511,0.027733564376831055
97,24.95960235595703,,4.940911531448364,0.03109908103942871
98,24.893417358398438,,4.991734981536865,0.034837961196899414
99,24.884220123291016,,5.0427632331848145,0.03904986381530762
100,24.83629035949707,0.0,5.098306655883789,0.03138995170593262
101,24.80401611328125,,5.148198366165161,0.033881425857543945
102,24.789913177490234,,5.199651002883911,0.03768444061279297
103,24.729618072509766,,5.25104546546936,0.04183769226074219
104,24.68071937561035,,5.303917646408081,0.03170490264892578
105,24.620128631591797,,5.353268146514893,0.03362154960632324
106,24.612213134765625,,5.404726982116699,0.037410736083984375
107,24.62683868408203,,5.455451250076294,0.04094958305358887
108,24.548160552978516,,5.50665807723999,0.028910398483276367
109,24.478618621826172,,5.557746648788452,0.032845258712768555
110,24.458316802978516,,5.609317779541016,0.037473440170288086
111,24.4202823638916,,5.659794807434082,0.04043149948120117
112,24.352428436279297,,5.710388660430908,0.02792048454284668
113,24.338579177856445,,5.761309623718262,0.031357765197753906
114,24.239656448364258,,5.81266188621521,0.03537559509277344
115,24.19607925415039,,5.8633503913879395,0.03856396675109863
116,24.150100708007812,,5.914742708206177,0.03002643585205078
117,24.12675666809082,,5.96739387512207,0.03134727478027344
118,24.088668823242188,,6.016280889511108,0.033200740814208984
119,24.064651489257812,,6.067781925201416,0.03748273849487305
120,23.961360931396484,,6.117511749267578,0.03963422775268555
121,23.899370193481445,,6.168546676635742,0.027730703353881836
122,23.883304595947266,,6.219423294067383,0.031042098999023438
123,23.785091400146484,,6.270944356918335,0.03547525405883789
124,23.739456176757812,,6.321373701095581,0.03872537612915039
125,23.694753646850586,,6.37260103225708,0.0269315242767334
126,23.640460968017578,,6.424740314483643,0.03178977966308594
127,23.571521759033203,,6.4742584228515625,0.03338265419006348
128,23.551464080810547,,6.5195817947387695,0.03143906593322754
129,23.442041397094727,,6.5789954662323,0.0432887077331543
130,23.398540496826172,,6.629971027374268,0.031047582626342773
131,23.3720760345459,,6.680080413818359,0.03410983085632324
132,23.30628776550293,,6.73152756690979,0.037538766860961914
133,23.148517608642578,,6.782651424407959,0.041123390197753906
134,23.13151741027832,,6.833538770675659,0.029204130172729492
135,23.06685447692871,,6.885452032089233,0.03341388702392578
136,23.061477661132812,,6.936965227127075,0.037354469299316406
137,22.959360122680664,,6.986652374267578,0.039894819259643555
138,22.95769500732422,,7.042051315307617,0.03179645538330078
139,22.854705810546875,,7.091883659362793,0.03388214111328125
140,22.772743225097656,,7.137017011642456,0.031386613845825195
141,22.769323348999023,,7.1953442096710205,0.042623281478881836
142,22.625865936279297,,7.247706174850464,0.03180718421936035
143,22.538965225219727,,7.296536207199097,0.033148765563964844
144,22.497026443481445,,7.348143815994263,0.03777027130126953
145,22.39729118347168,,7.3985185623168945,0.040422916412353516
146,22.369110107421875,,7.449530601501465,0.028309106826782227
147,22.297592163085938,,7.502229690551758,0.03368806838989258
148,22.207857131958008,,7.553421497344971,0.03742575645446777
149,22.09920310974121,,7.603306531906128,0.03994250297546387
150,22.032859802246094,,7.654216051101685,0.026783227920532227
151,22.010211944580078,,7.705328941345215,0.03130316734313965
152,21.96884536743164,,7.756731986999512,0.035460710525512695
153,21.87591552734375,,7.807699203491211,0.03885531425476074
154,21.768983840942383,,7.858970403671265,0.04279160499572754
155,21.73647117614746,,7.911076784133911,0.031919240951538086
156,21.620315551757812,,7.962555408477783,0.03581571578979492
157,21.595977783203125,,8.012495756149292,0.037827491760253906
158,21.439319610595703,,8.063583612442017,0.04111480712890625
159,21.40335464477539,,8.114566087722778,0.029181241989135742
160,21.301969528198242,,8.166388511657715,0.03355216979980469
161,21.239912033081055,,8.217530727386475,0.03743147850036621
162,21.17717170715332,,8.267752885818481,0.04055976867675781
163,21.047222137451172,,8.3185293674469,0.028070926666259766
164,21.012758255004883,,8.369457006454468,0.031569719314575195
165,20.89511489868164,,8.42060899734497,0.035420894622802734
166,20.8868350982666,,8.471545934677124,0.0390012264251709
167,20.802650451660156,,8.522793769836426,0.02752232551574707
168,20.700237274169922,,8.57366132736206,0.030983686447143555
169,20.68056869506836,,8.625088453292847,0.03542757034301758
170,20.55388641357422,,8.675665855407715,0.0385279655456543
171,20.4843692779541,,8.726852655410767,0.04220771789550781
172,20.39214324951172,,8.779282569885254,0.03161025047302246
173,20.33257293701172,,8.828540802001953,0.0334172248840332
174,20.259666442871094,,8.88008451461792,0.0376744270324707
175,20.191747665405273,,8.931004047393799,0.04097914695739746
176,20.04351806640625,,8.9817054271698,0.028421878814697266
177,19.963302612304688,,9.033032894134521,0.0319521427154541
178,19.89205551147461,,9.087357997894287,0.03831076622009277
179,19.826099395751953,,9.143848896026611,0.047139644622802734
180,19.719058990478516,,9.195048332214355,0.03532099723815918
181,19.682044982910156,,9.238773584365845,0.022523164749145508
182,19.63562774658203,,9.288542747497559,0.020776987075805664
183,19.559837341308594,,9.338810920715332,0.02099466323852539
184,19.49871063232422,,9.39608907699585,0.027553796768188477
185,19.34012222290039,,9.442377805709839,0.02178025245666504
186,19.310428619384766,,9.491637229919434,0.020518064498901367
187,19.176074981689453,,9.542572498321533,0.021252870559692383
188,19.134674072265625,,9.599539279937744,0.02718663215637207
189,19.142322540283203,,9.646865844726562,0.02364659309387207
190,18.952211380004883,,9.6946439743042,0.02101588249206543
191,18.975122451782227,,9.745515823364258,0.020531654357910156
192,18.887516021728516,,9.805325746536255,0.02982306480407715
193,18.79971694946289,,9.852547645568848,0.02576160430908203
194,18.693267822265625,,9.900351285934448,0.022530078887939453
195,18.669178009033203,,9.956601619720459,0.027380943298339844
196,18.656648635864258,,10.007671356201172,0.028254985809326172
197,18.482189178466797,,10.06047773361206,0.03385019302368164
198,18.481950759887695,,10.11162805557251,0.037476539611816406
199,18.388608932495117,,10.159797430038452,0.025517940521240234
200,18.33487319946289,0.2175113797187805,10.217004537582397,0.04136514663696289
201,18.267433166503906,,10.27001953125,0.03142237663269043
202,18.211584091186523,,10.318797826766968,0.032938241958618164
203,18.04505157470703,,10.370107412338257,0.03740382194519043
204,17.989980697631836,,10.420344114303589,0.040363311767578125
205,17.951499938964844,,10.470949172973633,0.027640581130981445
206,17.84459686279297,,10.521652221679688,0.031193017959594727
207,17.83990478515625,,10.57293152809143,0.03538775444030762
208,17.79926300048828,,10.623688220977783,0.03898024559020996
209,17.669097900390625,,10.674550771713257,0.04179048538208008
210,17.574260711669922,,10.727504253387451,0.031708717346191406
211,17.466156005859375,,10.777061462402344,0.03376960754394531
212,17.505451202392578,,10.828543424606323,0.037474870681762695
213,17.325809478759766,,10.87882661819458,0.04058337211608887
214,17.304718017578125,,10.929519653320312,0.02786087989807129
215,17.209716796875,,10.979891538619995,0.0309445858001709
216,17.205734252929688,,11.031473398208618,0.03559541702270508
217,17.097240447998047,,11.08196234703064,0.03836345672607422
218,17.05997085571289,,11.133222579956055,0.04206204414367676
219,16.9239501953125,,11.185519218444824,0.03165316581726074
220,17.00839614868164,,11.234626293182373,0.03322458267211914
221,16.888446807861328,,11.28640627861023,0.038116455078125
222,16.87021827697754,,11.337372541427612,0.04134869575500488
223,16.705467224121094,,11.38782548904419,0.028435707092285156
224,16.666732788085938,,11.438403606414795,0.03179597854614258
225,16.72315216064453,,11.489648580551147,0.03537249565124512
226,16.575546264648438,,11.541068315505981,0.03974413871765137
227,16.48845100402832,,11.591831922531128,0.027515411376953125
228,16.534683227539062,,11.642476797103882,0.031000375747680664
229,16.49079132080078,,11.694474935531616,0.03584742546081543
230,16.387996673583984,,11.744890689849854,0.03857684135437012
231,16.285009384155273,,11.795593500137329,0.04167532920837402
232,16.141738891601562,,11.848423957824707,0.031569719314575195
233,16.142131805419922,,11.897507905960083,0.033341407775878906
234,16.167247772216797,,11.942813158035278,0.03140854835510254
235,16.040733337402344,,11.999693632125854,0.04098224639892578
236,15.959163665771484,,12.050655603408813,0.028768539428710938
237,16.027307510375977,,12.102620363235474,0.033567190170288086
238,15.936502456665039,,12.15613079071045,0.03936195373535156
239,15.936598777770996,,12.206533193588257,0.04024648666381836
240,15.766314506530762,,12.257426738739014,0.0275723934173584
241,15.752862930297852,,12.30906081199646,0.0314486026763916
242,15.70443344116211,,12.36081576347351,0.03578352928161621
243,15.618050575256348,,12.411082744598389,0.03833436965942383
244,15.611981391906738,,12.462100267410278,0.0422208309173584
245,15.4833345413208,,12.51474928855896,0.03145909309387207
246,15.506417274475098,,12.56429147720337,0.033821821212768555
247,15.424360275268555,,12.615870952606201,0.03745627403259277
248,15.34456729888916,,12.666021585464478,0.04023456573486328
249,15.366973876953125,,12.716458082199097,0.027427196502685547
250,15.20351791381836,,12.76729416847229,0.031071901321411133
251,15.203237533569336,,12.819047212600708,0.035604000091552734
252,15.194280624389648,,12.868820428848267,0.0377655029296875
253,15.209994316101074,,12.919559478759766,0.04115653038024902
254,15.103679656982422,,12.9728422164917,0.03158116340637207
255,15.041683197021484,,13.021659135818481,0.03310418128967285
256,14.936840057373047,,13.073106288909912,0.03745126724243164
257,14.91149616241455,,13.123221635818481,0.040337562561035156
258,14.926025390625,,13.173940181732178,0.02718973159790039
259,14.813169479370117,,13.224803924560547,0.031188011169433594
260,14.728277206420898,,13.27677035331726,0.03583264350891113
261,14.784348487854004,,13.326874256134033,0.038172245025634766
262,14.654314041137695,,13.378087759017944,0.042054176330566406
263,14.673903465270996,,13.43064022064209,0.03139448165893555
264,14.618122100830078,,13.48019003868103,0.033875465393066406
265,14.605317115783691,,13.531657934188843,0.037438392639160156
266,14.504073143005371,,13.582242965698242,0.04055929183959961
267,14.530086517333984,,13.63288927078247,0.02820420265197754
268,14.483563423156738,,13.685482025146484,0.03368258476257324
269,14.41780948638916,,13.73490285873413,0.035344600677490234
270,14.305534362792969,,13.785989046096802,0.03916144371032715
271,14.278532981872559,,13.836950540542603,0.04242825508117676
272,14.270790100097656,,13.88954782485962,0.03180742263793945
273,14.263368606567383,,13.93877363204956,0.03351545333862305
274,14.214798927307129,,13.990626096725464,0.037722110748291016
275,14.189196586608887,,14.04072618484497,0.040203094482421875
276,14.118602752685547,,14.091673135757446,0.028104543685913086
277,14.072274208068848,,14.143043518066406,0.03149986267089844
278,14.000051498413086,,14.19488525390625,0.03579139709472656
279,13.969766616821289,,14.244933128356934,0.03800845146179199
280,13.927518844604492,,14.296064853668213,0.041590213775634766
281,13.95090389251709,,14.347286462783813,0.029131412506103516
282,13.888392448425293,,14.399288415908813,0.03344011306762695
283,13.870595932006836,,14.448850631713867,0.0354466438293457
284,13.80548095703125,,14.500058650970459,0.03937673568725586
285,13.766676902770996,,14.550880193710327,0.027060747146606445
286,13.74871826171875,,14.603148221969604,0.03175830841064453
287,13.753843307495117,,14.65186071395874,0.03302788734436035
288,13.678114891052246,,14.702253103256226,0.03651165962219238
289,13.692760467529297,,14.753054857254028,0.0401766300201416
290,13.581686973571777,,14.804349899291992,0.028447866439819336
291,13.530004501342773,,14.854903936386108,0.03159976005554199
292,13.548145294189453,,14.906214475631714,0.03546142578125
293,13.481171607971191,,14.95713210105896,0.038797855377197266
294,13.439189910888672,,15.008307456970215,0.0426638126373291
295,13.442315101623535,,15.06007432937622,0.03149080276489258
296,13.433309555053711,,15.11165452003479,0.0358734130859375
297,13.38970947265625,,15.161324262619019,0.03759431838989258
298,13.397331237792969,,15.212141513824463,0.04108285903930664
299,13.284745216369629,,15.262887477874756,0.02863287925720215
300,13.315921783447266,0.4718421697616577,15.31661057472229,0.03490638732910156
301,13.221267700195312,,15.368132591247559,0.03973507881164551
302,13.157724380493164,,15.420018672943115,0.02857828140258789
303,13.212102890014648,,15.470154523849487,0.03134441375732422
304,13.219993591308594,,15.521643877029419,0.03575754165649414
305,13.096912384033203,,15.57167911529541,0.038017988204956055
306,13.031963348388672,,15.622924327850342,0.04183149337768555
307,13.037391662597656,,15.67636251449585,0.03132891654968262
308,12.979925155639648,,15.72514033317566,0.033051490783691406
309,13.068758010864258,,15.776566743850708,0.03742551803588867
310,12.961467742919922,,15.826348066329956,0.0398249626159668
311,12.902301788330078,,15.877587080001831,0.027943134307861328
312,12.900349617004395,,15.928397178649902,0.031000614166259766
313,12.907479286193848,,15.979068040847778,0.03497147560119629
314,12.89352798461914,,16.030027151107788,0.039301156997680664
315,12.851194381713867,,16.080861568450928,0.02725982666015625
316,12.760601997375488,,16.132487058639526,0.03160500526428223
317,12.783069610595703,,16.181817054748535,0.033634185791015625
318,12.70986557006836,,16.233279943466187,0.03745627403259277
319,12.671159744262695,,16.283699989318848,0.040613412857055664
320,12.72014045715332,,16.333919286727905,0.027573347091674805
321,12.63370132446289,,16.384644746780396,0.031134366989135742
322,12.619865417480469,,16.436259508132935,0.03566241264343262
323,12.64695930480957,,16.48615288734436,0.03782796859741211
324,12.583264350891113,,16.536929607391357,0.04143857955932617
325,12.496217727661133,,16.58794355392456,0.029308795928955078
326,12.42975902557373,,16.63976788520813,0.033617258071899414
327,12.583937644958496,,16.689355850219727,0.03548598289489746
328,12.508625030517578,,16.740399599075317,0.03904271125793457
329,12.471817016601562,,16.791393280029297,0.026964426040649414
330,12.456825256347656,,16.84330415725708,0.03171372413635254
331,12.4293851852417,,16.892510175704956,0.03353404998779297
332,12.29440975189209,,16.943720817565918,0.03740668296813965
333,12.341140747070312,,16.994105577468872,0.04032731056213379
334,12.297626495361328,,17.044580698013306,0.02773904800415039
335,12.221773147583008,,17.095401287078857,0.031093835830688477
336,12.269973754882812,,17.147207021713257,0.0357513427734375
337,12.162092208862305,,17.197059392929077,0.03777003288269043
338,12.214612007141113,,17.24778175354004,0.04076409339904785
339,12.121858596801758,,17.299129486083984,0.02908778190612793
340,12.094026565551758,,17.34927725791931,0.031812191009521484
341,12.163335800170898,,17.400347471237183,0.03538084030151367
342,12.113475799560547,,17.450464487075806,0.03799247741699219
343,12.110779762268066,,17.501466035842896,0.041439056396484375
344,11.984429359436035,,17.5525541305542,0.028902769088745117
345,12.070199012756348,,17.604290008544922,0.03342318534851074
346,12.000693321228027,,17.654661893844604,0.03663778305053711
347,12.019386291503906,,17.704337120056152,0.03909635543823242
348,11.954236030578613,,17.75506329536438,0.026752471923828125
349,11.961687088012695,,17.807374477386475,0.03159141540527344
350,11.930983543395996,,17.85671067237854,0.03351140022277832
351,11.828499794006348,,17.908274173736572,0.037712812423706055
352,11.825416564941406,,17.95892071723938,0.04123353958129883
353,11.935274124145508,,18.009864807128906,0.02928614616394043
354,11.886826515197754,,18.061396837234497,0.033811330795288086
355,11.848530769348145,,18.112955331802368,0.03747129440307617
356,11.798700332641602,,18.16205883026123,0.03905534744262695
357,11.768481254577637,,18.213197946548462,0.026854515075683594
358,11.740530014038086,,18.26539635658264,0.0316774845123291
359,11.763811111450195,,18.314600467681885,0.03348493576049805
360,11.677787780761719,,18.3660671710968,0.03740501403808594
361,11.717541694641113,,18.416164875030518,0.04037070274353027
362,11.730831146240234,,18.467151880264282,0.028388500213623047
363,11.628362655639648,,18.51792335510254,0.03168821334838867
364,11.61377239227295,,18.569528818130493,0.035474300384521484
365,11.60317611694336,,18.61920428276062,0.036878347396850586
366,11.529489517211914,,18.669801950454712,0.04062652587890625
367,11.572360038757324,,18.720720529556274,0.02838301658630371
368,11.506534576416016,,18.77138590812683,0.03144049644470215
369,11.522468566894531,,18.822900533676147,0.034354209899902344
370,11.481673240661621,,18.873348712921143,0.0382997989654541
371,11.553396224975586,,18.92438268661499,0.04206562042236328
372,11.511844635009766,,18.976970672607422,0.03144025802612305
373,11.462270736694336,,19.02589988708496,0.033258914947509766
374,11.438529968261719,,19.07723116874695,0.03752756118774414
375,11.414994239807129,,19.127941131591797,0.041022300720214844
376,11.376160621643066,,19.17850160598755,0.028355121612548828
377,11.350329399108887,,19.229053497314453,0.03186535835266113
378,11.312625885009766,,19.280315399169922,0.03533935546875
379,11.320036888122559,,19.331133365631104,0.038919925689697266
380,11.324949264526367,,19.3815336227417,0.04200267791748047
381,11.276514053344727,,19.43448519706726,0.031783342361450195
382,11.273706436157227,,19.48348641395569,0.03330183029174805
383,11.234854698181152,,19.53495502471924,0.037403106689453125
384,11.26393985748291,,19.585370540618896,0.040619611740112305
385,11.20698356628418,,19.636598587036133,0.028549671173095703
386,11.22110652923584,,19.687142372131348,0.03146243095397949
387,11.225356101989746,,19.738766193389893,0.03558540344238281
388,11.114015579223633,,19.788562774658203,0.03809642791748047
389,11.125064849853516,,19.83905839920044,0.041473388671875
390,11.139102935791016,,19.88935399055481,0.028728961944580078
391,11.161019325256348,,19.941888332366943,0.03359866142272949
392,11.096345901489258,,19.99138903617859,0.03537750244140625
393,11.059210777282715,,20.04216980934143,0.03867626190185547
394,11.027697563171387,,20.092488288879395,0.04148149490356445
395,11.032109260559082,,20.143399953842163,0.029320716857910156
396,11.052631378173828,,20.195087671279907,0.033446311950683594
397,10.97622299194336,,20.246602058410645,0.03742718696594238
398,10.971015930175781,,20.296026468276978,0.039336442947387695
399,10.949150085449219,,20.347173929214478,0.02724480628967285
400,10.935765266418457,0.6104577898979187,20.400858879089355,0.03352546691894531
401,10.952037811279297,,20.452104806900024,0.03742027282714844
402,10.912084579467773,,20.50295639038086,0.04107928276062012
403,10.865975379943848,,20.556173086166382,0.03137826919555664
404,10.929579734802246,,20.604770183563232,0.032918691635131836
405,10.909896850585938,,20.65633487701416,0.03740811347961426
406,10.83852481842041,,20.707043647766113,0.0406956672668457
407,10.80735969543457,,20.757675647735596,0.02841043472290039
408,10.827108383178711,,20.808166980743408,0.03154492378234863
409,10.806699752807617,,20.859354257583618,0.0354151725769043
410,10.74397087097168,,20.910151720046997,0.03889322280883789
411,10.741291046142578,,20.96120810508728,0.04199051856994629
412,10.756026268005371,,21.013884782791138,0.03142571449279785
413,10.727094650268555,,21.06299376487732,0.03336143493652344
414,10.67992115020752,,21.114569902420044,0.03755927085876465
415,10.74693489074707,,21.164669036865234,0.04030942916870117
416,10.712003707885742,,21.21535849571228,0.02752542495727539
417,10.616536140441895,,21.26683211326599,0.03189969062805176
418,10.625286102294922,,21.318054676055908,0.035501956939697266
419,10.60544204711914,,21.368227243423462,0.038125038146972656
420,10.583410263061523,,21.418659448623657,0.041112422943115234
421,10.584228515625,,21.47184419631958,0.031415462493896484
422,10.59284496307373,,21.520911931991577,0.03339695930480957
423,10.585027694702148,,21.572155952453613,0.037390708923339844
424,10.481069564819336,,21.62229061126709,0.040361642837524414
425,10.534953117370605,,21.673152446746826,0.02827286720275879
426,10.509198188781738,,21.723708152770996,0.03143501281738281
427,10.49622917175293,,21.774962663650513,0.03541421890258789
428,10.481344223022461,,21.825344562530518,0.03824281692504883
429,10.456050872802734,,21.87644362449646,0.04208064079284668
430,10.389307022094727,,21.929322481155396,0.03149604797363281
431,10.417156219482422,,21.978081464767456,0.033081769943237305
432,10.410783767700195,,22.02992057800293,0.03769850730895996
433,10.400684356689453,,22.079930067062378,0.040064334869384766
434,10.371536254882812,,22.13113570213318,0.02801799774169922
435,10.390798568725586,,22.182183980941772,0.03174924850463867
436,10.360755920410156,,22.233582973480225,0.0354158878326416
437,10.346457481384277,,22.284581661224365,0.038980722427368164
438,10.361549377441406,,22.33516550064087,0.04213213920593262
439,10.32699203491211,,22.387993574142456,0.03170061111450195
440,10.338476181030273,,22.436975717544556,0.03330564498901367
441,10.296390533447266,,22.48866105079651,0.03776049613952637
442,10.271550178527832,,22.538111209869385,0.03979635238647461
443,10.279634475708008,,22.58913278579712,0.027678251266479492
444,10.21214771270752,,22.639939069747925,0.031147480010986328
445,10.220520973205566,,22.69172954559326,0.0343325138092041
446,10.206466674804688,,22.741416454315186,0.038030385971069336
447,10.187074661254883,,22.7919602394104,0.041234493255615234
448,10.19561767578125,,22.84251594543457,0.02853846549987793
449,10.230818748474121,,22.89316463470459,0.03148531913757324
450,10.23108959197998,,22.944008588790894,0.0350189208984375
451,10.098273277282715,,22.995037078857422,0.03909158706665039
452,10.15190315246582,,23.04577088356018,0.04231858253479004
453,10.077460289001465,,23.0989351272583,0.03232622146606445
454,10.104572296142578,,23.145466089248657,0.025525331497192383
455,10.108772277832031,,23.192989826202393,0.031781911849975586
456,10.044272422790527,,23.240469932556152,0.015822172164916992
457,10.066720962524414,,23.304136276245117,0.0317234992980957
458,10.041938781738281,,23.351417779922485,0.03155803680419922
459,10.039443016052246,,23.40515661239624,0.037972450256347656
460,10.012033462524414,,23.456250190734863,0.04201841354370117
461,9.939516067504883,,23.50897479057312,0.03190350532531738
462,9.996020317077637,,23.55786943435669,0.033173561096191406
463,9.988683700561523,,23.609375715255737,0.03741765022277832
464,9.932438850402832,,23.6594717502594,0.04009079933166504
465,9.951754570007324,,23.710237979888916,0.027520179748535156
466,9.891860961914062,,23.761178970336914,0.03109288215637207
467,9.906288146972656,,23.813101768493652,0.03580832481384277
468,9.953558921813965,,23.8627872467041,0.03765559196472168
469,9.911678314208984,,23.913416624069214,0.0411381721496582
470,9.894737243652344,,23.964644193649292,0.029354333877563477
471,9.8167142868042,,24.016663551330566,0.03365039825439453
472,9.857516288757324,,24.06795573234558,0.037448883056640625
473,9.806419372558594,,24.117783308029175,0.03982424736022949
474,9.852937698364258,,24.168107509613037,0.027270078659057617
475,9.822242736816406,,24.219840049743652,0.031585693359375
476,9.807994842529297,,24.26912808418274,0.033219337463378906
477,9.74736213684082,,24.32061243057251,0.03754067420959473
478,9.800416946411133,,24.370502710342407,0.04018449783325195
479,9.733224868774414,,24.42129421234131,0.028140783309936523
480,9.722051620483398,,24.474210739135742,0.03380179405212402
481,9.725656509399414,,24.523788690567017,0.03551292419433594
482,9.726663589477539,,24.5737886428833,0.03793740272521973
483,9.710047721862793,,24.62453532218933,0.04144287109375
484,9.679330825805664,,24.677629470825195,0.031679630279541016
485,9.698649406433105,,24.72637152671814,0.03302192687988281
486,9.644586563110352,,24.7775137424469,0.03739619255065918
487,9.629350662231445,,24.82882833480835,0.0414729118347168
488,9.629749298095703,,24.882052659988403,0.031447649002075195
489,9.6023588180542,,24.931066751480103,0.033295392990112305
490,9.664138793945312,,24.982526779174805,0.03756356239318848
491,9.555532455444336,,25.03215718269348,0.039826154708862305
492,9.598326683044434,,25.083032846450806,0.027565717697143555
493,9.56441593170166,,25.133772373199463,0.03088092803955078
494,9.556634902954102,,25.185550689697266,0.03567361831665039
495,9.494058609008789,,25.23581576347351,0.03828001022338867
496,9.552507400512695,,25.28640627861023,0.041606903076171875
497,9.542624473571777,,25.33701515197754,0.02927422523498535
498,9.489089965820312,,25.388911247253418,0.03369569778442383
499,9.511703491210938,,25.440029621124268,0.03743433952331543
500,9.45212173461914,0.7064979553222657,25.49337601661682,0.04346179962158203
501,9.468720436096191,,25.5443856716156,0.029525279998779297
502,9.464386940002441,,25.59622597694397,0.03578376770019531
503,9.471427917480469,,25.646262407302856,0.03793597221374512
504,9.415618896484375,,25.697372436523438,0.0415194034576416
505,9.382800102233887,,25.74817395210266,0.028371334075927734
506,9.358749389648438,,25.79898476600647,0.03309488296508789
507,9.409527778625488,,25.850316762924194,0.03741192817687988
508,9.368868827819824,,25.90146279335022,0.04134392738342285
509,9.330024719238281,,25.952394008636475,0.028499603271484375
510,9.353322982788086,,26.00253415107727,0.031365394592285156
511,9.348806381225586,,26.053631067276,0.03535604476928711
512,9.32083511352539,,26.103919982910156,0.03825879096984863
513,9.291158676147461,,26.15500283241272,0.041768550872802734
514,9.285741806030273,,26.208152055740356,0.031746864318847656
515,9.284767150878906,,26.257481813430786,0.03358292579650879
516,9.262567520141602,,26.308868408203125,0.03740549087524414
517,9.261682510375977,,26.359399557113647,0.04070782661437988
518,9.279106140136719,,26.410245180130005,0.028686046600341797
519,9.244171142578125,,26.462617874145508,0.03351902961730957
520,9.252721786499023,,26.512209177017212,0.035500526428222656
521,9.229438781738281,,26.563819885253906,0.039597272872924805
522,9.193022727966309,,26.614853858947754,0.027828454971313477
523,9.229482650756836,,26.66571021080017,0.031266212463378906
524,9.149351119995117,,26.717163801193237,0.03541421890258789
525,9.172739028930664,,26.76767659187317,0.038779497146606445
526,9.18905258178711,,26.81852626800537,0.02669668197631836
527,9.178792953491211,,26.871057271957397,0.031748294830322266
528,9.147748947143555,,26.920480489730835,0.03367733955383301
529,9.161455154418945,,26.971909046173096,0.03740692138671875
530,9.15275764465332,,27.022376775741577,0.0404505729675293
531,9.133073806762695,,27.07359290122986,0.02854633331298828
532,9.117897033691406,,27.126367807388306,0.03380441665649414
533,9.068120002746582,,27.175798654556274,0.03535342216491699
534,9.069262504577637,,27.22723126411438,0.03929734230041504
535,9.106060028076172,,27.278051376342773,0.02697014808654785
536,9.043610572814941,,27.329439878463745,0.03098607063293457
537,9.025693893432617,,27.381418228149414,0.03589797019958496
538,9.029681205749512,,27.43130660057068,0.03781723976135254
539,9.046627044677734,,27.482345819473267,0.041620492935180664
540,9.050267219543457,,27.533032178878784,0.029093027114868164
541,8.964881896972656,,27.584766149520874,0.03366851806640625
542,8.96690559387207,,27.634255170822144,0.03562140464782715
543,9.005852699279785,,27.68526554107666,0.03919529914855957
544,8.93980598449707,,27.736572742462158,0.04283332824707031
545,8.953631401062012,,27.789111137390137,0.031775712966918945
546,8.936600685119629,,27.83844304084778,0.03361153602600098
547,8.911680221557617,,27.88990879058838,0.03749203681945801
548,8.922510147094727,,27.94114923477173,0.04117465019226074
549,8.871464729309082,,27.994430541992188,0.031627655029296875
550,8.904712677001953,,28.043293237686157,0.03318166732788086
551,8.905843734741211,,28.094666957855225,0.03743457794189453
552,8.838747024536133,,28.144898891448975,0.04034304618835449
553,8.828309059143066,,28.196162939071655,0.02844405174255371
554,8.856350898742676,,28.24666738510132,0.031522512435913086
555,8.87111759185791,,28.297905683517456,0.035407304763793945
556,8.816535949707031,,28.34831929206848,0.0384364128112793
557,8.793842315673828,,28.398996591567993,0.0418391227722168
558,8.77081298828125,,28.451838970184326,0.03171181678771973
559,8.808956146240234,,28.5004940032959,0.03298211097717285
560,8.75829029083252,,28.552141904830933,0.03769326210021973
561,8.780783653259277,,28.60270643234253,0.04054737091064453
562,8.730389595031738,,28.653658390045166,0.028255939483642578
563,8.731565475463867,,28.704232454299927,0.03159284591674805
564,8.712138175964355,,28.755491971969604,0.035352230072021484
565,8.735637664794922,,28.80705165863037,0.039662837982177734
566,8.677092552185059,,28.85839080810547,0.027637720108032227
567,8.651519775390625,,28.90950608253479,0.03143930435180664
568,8.70942211151123,,28.960938930511475,0.035739898681640625
569,8.698019027709961,,29.012054443359375,0.03917574882507324
570,8.725898742675781,,29.06278920173645,0.026758432388305664
571,8.62714958190918,,29.115306615829468,0.031752586364746094
572,8.650333404541016,,29.16424250602722,0.03325319290161133
573,8.658517837524414,,29.215984106063843,0.03765416145324707
574,8.626091957092285,,29.2666916847229,0.04073452949523926
575,8.648367881774902,,29.317604780197144,0.028664350509643555
576,8.568120002746582,,29.368290901184082,0.03160691261291504
577,8.562786102294922,,29.419690132141113,0.03540849685668945
578,8.575483322143555,,29.471181631088257,0.039469003677368164
579,8.594839096069336,,29.522090435028076,0.026988983154296875
580,8.593786239624023,,29.574244737625122,0.03186392784118652
581,8.594049453735352,,29.62388586997986,0.033597469329833984
582,8.511907577514648,,29.675442218780518,0.037590742111206055
583,8.52700424194336,,29.726407766342163,0.04102611541748047
584,8.526762962341309,,29.777339696884155,0.028670310974121094
585,8.520292282104492,,29.827911853790283,0.03177237510681152
586,8.498187065124512,,29.880584716796875,0.03667616844177246
587,8.521003723144531,,29.930405139923096,0.03916025161743164
588,8.493433952331543,,29.981167793273926,0.042011260986328125
589,8.496318817138672,,30.03360652923584,0.031394004821777344
590,8.484821319580078,,30.08408522605896,0.034798622131347656
591,8.468923568725586,,30.130285024642944,0.03343677520751953
592,8.415024757385254,,30.18885326385498,0.028595447540283203
593,8.4050931930542,,30.239413022994995,0.03160548210144043
594,8.4561128616333,,30.291306734085083,0.0357515811920166
595,8.452479362487793,,30.340924739837646,0.03762483596801758
596,8.397100448608398,,30.391916036605835,0.041213274002075195
597,8.394598007202148,,30.442698001861572,0.028570890426635742
598,8.430177688598633,,30.493025302886963,0.03150343894958496
599,8.359457015991211,,30.544132709503174,0.03540349006652832
600,8.353371620178223,0.8075593948364258,30.597991943359375,0.0422053337097168
601,8.357292175292969,,30.65023636817932,0.03138113021850586
602,8.327245712280273,,30.699070930480957,0.03314971923828125
603,8.386173248291016,,30.750453233718872,0.03744149208068848
604,8.3482084274292,,30.80082130432129,0.040467262268066406
605,8.331809997558594,,30.851728200912476,0.028515100479125977
606,8.268844604492188,,30.902032136917114,0.0313723087310791
607,8.262151718139648,,30.95324945449829,0.03542065620422363
608,8.292905807495117,,31.004374027252197,0.039403438568115234
609,8.260505676269531,,31.055304288864136,0.02722644805908203
610,8.291370391845703,,31.107190132141113,0.03168797492980957
611,8.306180000305176,,31.156668186187744,0.03341937065124512
612,8.229717254638672,,31.208205461502075,0.03758573532104492
613,8.218307495117188,,31.259169101715088,0.0414125919342041
614,8.217446327209473,,31.312464475631714,0.03164982795715332
615,8.199350357055664,,31.361793279647827,0.03360748291015625
616,8.238757133483887,,31.413444995880127,0.03756546974182129
617,8.167404174804688,,31.46397066116333,0.04055166244506836
618,8.17751693725586,,31.51545214653015,0.02916240692138672
619,8.16069221496582,,31.566673040390015,0.03302407264709473
620,8.137052536010742,,31.6181857585907,0.03775286674499512
621,8.193196296691895,,31.6684672832489,0.04059338569641113
622,8.153812408447266,,31.719316482543945,0.028092622756958008
623,8.195975303649902,,31.769930362701416,0.03162217140197754
624,8.145668983459473,,31.821213483810425,0.03552699089050293
625,8.102571487426758,,31.872353076934814,0.039270877838134766
626,8.128418922424316,,31.923036336898804,0.027017593383789062
627,8.06682014465332,,31.974902629852295,0.031561851501464844
628,8.110050201416016,,32.02442455291748,0.03342247009277344
629,8.060064315795898,,32.0760383605957,0.03763318061828613
630,8.02782154083252,,32.12686848640442,0.04103231430053711
631,8.03780746459961,,32.177818298339844,0.028556108474731445
632,8.063926696777344,,32.22828984260559,0.03143620491027832
633,8.028478622436523,,32.27941918373108,0.0354154109954834
634,8.060664176940918,,32.32981610298157,0.038555145263671875
635,8.027965545654297,,32.3802764415741,0.04159045219421387
636,8.016593933105469,,32.43119168281555,0.02925586700439453
637,7.990392208099365,,32.48319673538208,0.03371071815490723
638,7.946753978729248,,32.53428554534912,0.03735804557800293
639,8.018926620483398,,32.584314823150635,0.04021930694580078
640,7.994820594787598,,32.63500499725342,0.026493072509765625
641,7.995362281799316,,32.6865291595459,0.03152036666870117
642,8.001907348632812,,32.7361044883728,0.03349757194519043
643,7.9589738845825195,,32.78787660598755,0.037809133529663086
644,7.955698490142822,,32.838311195373535,0.04042243957519531
645,7.916406631469727,,32.88925266265869,0.028264760971069336
646,7.97301721572876,,32.93985414505005,0.031536102294921875
647,7.909936904907227,,32.99101948738098,0.03534412384033203
648,7.901235580444336,,33.042287826538086,0.03959918022155762
649,7.913877964019775,,33.09325885772705,0.027572154998779297
650,7.8460893630981445,,33.14404916763306,0.031024694442749023
651,7.916221618652344,,33.19587826728821,0.03569626808166504
652,7.882087707519531,,33.2459077835083,0.03792738914489746
653,7.888885498046875,,33.2971830368042,0.04172492027282715
654,7.868092060089111,,33.34823036193848,0.029335737228393555
655,7.82719612121582,,33.39883065223694,0.032876014709472656
656,7.858880519866943,,33.45023226737976,0.037427663803100586
657,7.8093109130859375,,33.50074815750122,0.04047989845275879
658,7.790023326873779,,33.551631927490234,0.028165817260742188
659,7.788354873657227,,33.60232663154602,0.03153586387634277
660,7.8232293128967285,,33.653603315353394,0.035462141036987305
661,7.826116561889648,,33.70468306541443,0.039156436920166016
662,7.7435736656188965,,33.755669355392456,0.02730703353881836
663,7.761877536773682,,33.80659031867981,0.03113245964050293
664,7.738062381744385,,33.858426094055176,0.03577375411987305
665,7.80670166015625,,33.908632040023804,0.038529396057128906
666,7.79007625579834,,33.95936465263367,0.0420680046081543
667,7.728047847747803,,34.011905908584595,0.03177618980407715
668,7.747012138366699,,34.05914545059204,0.03154444694519043
669,7.731013298034668,,34.11248469352722,0.03762698173522949
670,7.739465713500977,,34.16281199455261,0.04085040092468262
671,7.722596645355225,,34.21337652206421,0.02796339988708496
672,7.6804022789001465,,34.26432967185974,0.03121018409729004
673,7.655551433563232,,34.31637668609619,0.03588581085205078
674,7.6760969161987305,,34.3661367893219,0.03803420066833496
675,7.616567611694336,,34.417359828948975,0.041649818420410156
676,7.631489276885986,,34.47051000595093,0.03142690658569336
677,7.649878025054932,,34.520333766937256,0.0341038703918457
678,7.689013481140137,,34.56972289085388,0.03552436828613281
679,7.636232376098633,,34.62133717536926,0.039588212966918945
680,7.649251937866211,,34.67237401008606,0.02733588218688965
681,7.593653202056885,,34.723759174346924,0.03145241737365723
682,7.6199188232421875,,34.775479793548584,0.035590171813964844
683,7.570209503173828,,34.819528341293335,0.03193354606628418
684,7.604942321777344,,34.8666045665741,0.031357765197753906
685,7.611233711242676,,34.91379141807556,0.015643596649169922
686,7.531700611114502,,34.97668528556824,0.03145885467529297
687,7.54947566986084,,35.02376127243042,0.03130459785461426
688,7.510643482208252,,35.079750537872314,0.040335655212402344
689,7.549172878265381,,35.13032031059265,0.027770042419433594
690,7.526901721954346,,35.18163800239563,0.03159332275390625
691,7.543368816375732,,35.23124933242798,0.033553361892700195
692,7.52362585067749,,35.28265023231506,0.03737163543701172
693,7.524165153503418,,35.33299899101257,0.04069066047668457
694,7.471926689147949,,35.383867263793945,0.0284726619720459
695,7.490881443023682,,35.434513330459595,0.03177762031555176
696,7.508749961853027,,35.485777616500854,0.03542947769165039
697,7.485405921936035,,35.53644847869873,0.03882288932800293
698,7.468822002410889,,35.587334632873535,0.04121732711791992
699,7.470217704772949,,35.63966178894043,0.03165388107299805
700,7.462015151977539,0.8714200258255005,35.69287395477295,0.03738570213317871
701,7.459556579589844,,35.7442946434021,0.04149341583251953
702,7.446174144744873,,35.795541286468506,0.029419422149658203
703,7.42375373840332,,35.84649968147278,0.033115386962890625
704,7.363752841949463,,35.89802074432373,0.037401676177978516
705,7.432832717895508,,35.948909759521484,0.0410006046295166
706,7.379124641418457,,36.000131607055664,0.029086828231811523
707,7.415322303771973,,36.051985025405884,0.03359341621398926
708,7.429172039031982,,36.10363173484802,0.03750872611999512
709,7.3609819412231445,,36.15296006202698,0.03926968574523926
710,7.355430603027344,,36.20418667793274,0.027437925338745117
711,7.354604244232178,,36.25546932220459,0.03105759620666504
712,7.414493560791016,,36.30701446533203,0.03544926643371582
713,7.310985565185547,,36.35771369934082,0.03889060020446777
714,7.342902183532715,,36.40835905075073,0.026563644409179688
715,7.34470272064209,,36.4613151550293,0.03193068504333496
716,7.318289279937744,,36.510215520858765,0.033173561096191406
717,7.297709941864014,,36.561726331710815,0.03740358352661133
718,7.30816125869751,,36.6125214099884,0.04071307182312012
719,7.265723705291748,,36.66366219520569,0.028867721557617188
720,7.306997776031494,,36.715747356414795,0.03342151641845703
721,7.324119567871094,,36.76561713218689,0.03577423095703125
722,7.270837783813477,,36.81729578971863,0.03982400894165039
723,7.235576629638672,,36.868338108062744,0.0277554988861084
724,7.256713390350342,,36.919297218322754,0.031157493591308594
725,7.277466773986816,,36.97039747238159,0.03539586067199707
726,7.193416595458984,,37.021968126297,0.039879560470581055
727,7.253364562988281,,37.072996377944946,0.027829647064208984
728,7.243689060211182,,37.123796463012695,0.03132319450378418
729,7.25474739074707,,37.177162885665894,0.0375978946685791
730,7.207643032073975,,37.22785520553589,0.04069042205810547
731,7.206775188446045,,37.278902530670166,0.028172731399536133
732,7.233126640319824,,37.329365491867065,0.03145003318786621
733,7.223092555999756,,37.38053226470947,0.03543519973754883
734,7.19532585144043,,37.43107461929321,0.03861355781555176
735,7.185541152954102,,37.48178029060364,0.0418241024017334
736,7.130903244018555,,37.534552335739136,0.03172659873962402
737,7.1802144050598145,,37.583632946014404,0.032202720642089844
738,7.181036472320557,,37.63488245010376,0.03741192817687988
739,7.131331443786621,,37.685678482055664,0.041027069091796875
740,7.205035209655762,,37.73658061027527,0.02870941162109375
741,7.135977268218994,,37.78919196128845,0.03346061706542969
742,7.148338317871094,,37.83865284919739,0.03536581993103027
743,7.116901397705078,,37.88994383811951,0.03919696807861328
744,7.105098247528076,,37.94111132621765,0.026865005493164062
745,7.1458001136779785,,37.993592500686646,0.03174710273742676
746,7.121123313903809,,38.042869091033936,0.033499956130981445
747,7.081968784332275,,38.09451174736023,0.03766584396362305
748,7.080796718597412,,38.145580530166626,0.041138410568237305
749,7.066577434539795,,38.19669246673584,0.02903437614440918
750,7.0649261474609375,,38.24856376647949,0.03372788429260254
751,7.09717321395874,,38.29798603057861,0.03544044494628906
752,7.039903163909912,,38.3494553565979,0.0394136905670166
753,7.099786281585693,,38.400407552719116,0.027206897735595703
754,7.033987522125244,,38.45145773887634,0.031187772750854492
755,7.046187877655029,,38.50285792350769,0.035428762435913086
756,7.040000915527344,,38.5525381565094,0.037729501724243164
757,7.025387763977051,,38.60378694534302,0.04177498817443848
758,7.0279412269592285,,38.65662884712219,0.03138279914855957
759,6.9928412437438965,,38.705246925354004,0.03293919563293457
760,7.0009565353393555,,38.75690960884094,0.03684735298156738
761,6.9966912269592285,,38.8069965839386,0.04028892517089844
762,6.991811752319336,,38.8615608215332,0.03184056282043457
763,7.009964466094971,,38.91097927093506,0.033676862716674805
764,7.003396987915039,,38.96257185935974,0.036699771881103516
765,6.967360019683838,,39.013306617736816,0.04104423522949219
766,6.941642761230469,,39.0645227432251,0.028992414474487305
767,6.939922332763672,,39.116087675094604,0.03305935859680176
768,6.955005645751953,,39.1675820350647,0.03747725486755371
769,6.916858673095703,,39.21750807762146,0.040231943130493164
770,6.938080310821533,,39.26856827735901,0.02830362319946289
771,6.927190780639648,,39.31903338432312,0.03151392936706543
772,6.937068939208984,,39.370572566986084,0.03563189506530762
773,6.922943592071533,,39.4139928817749,0.03154611587524414
774,6.899142742156982,,39.46156692504883,0.01569342613220215
775,6.907841682434082,,39.524770736694336,0.031497955322265625
776,6.913966655731201,,39.571749448776245,0.03132462501525879
777,6.842841625213623,,39.62512540817261,0.037680864334106445
778,6.874362945556641,,39.675700426101685,0.03989243507385254
779,6.859156608581543,,39.726287603378296,0.02849435806274414
780,6.882901668548584,,39.77716326713562,0.03185224533081055
781,6.846659183502197,,39.82922053337097,0.03593587875366211
782,6.876901626586914,,39.878963232040405,0.03801321983337402
783,6.864466667175293,,39.92932891845703,0.04056143760681152
784,6.826288223266602,,39.980385065078735,0.02886199951171875
785,6.868621349334717,,40.03305196762085,0.03366875648498535
786,6.837764263153076,,40.08241558074951,0.03523612022399902
787,6.787861347198486,,40.13335108757019,0.03879189491271973
788,6.787313461303711,,40.18407320976257,0.04174542427062988
789,6.811100482940674,,40.234524726867676,0.02881765365600586
790,6.821835041046143,,40.284998416900635,0.031780242919921875
791,6.735283851623535,,40.33692193031311,0.036077260971069336
792,6.76520299911499,,40.38734436035156,0.03828024864196777
793,6.761972904205322,,40.438421964645386,0.0414433479309082
794,6.736994743347168,,40.49170207977295,0.03156161308288574
795,6.741641044616699,,40.54068613052368,0.03330373764038086
796,6.711153030395508,,40.59226894378662,0.03786420822143555
797,6.76373815536499,,40.64285588264465,0.040709495544433594
798,6.7400970458984375,,40.69375467300415,0.0281369686126709
799,6.788634300231934,,40.744487285614014,0.031497955322265625
800,6.734111309051514,0.9006062269210815,40.79944205284119,0.03917646408081055
801,6.782737731933594,,40.849923610687256,0.04180145263671875
802,6.7069292068481445,,40.902994871139526,0.03171348571777344
803,6.72368049621582,,40.95321750640869,0.03419375419616699
804,6.7284345626831055,,41.003867626190186,0.036504268646240234
805,6.665893077850342,,41.05401301383972,0.03954291343688965
806,6.622856616973877,,41.110228538513184,0.04770255088806152
807,6.707030773162842,,41.15746855735779,0.031586408615112305
808,6.665821075439453,,41.20479774475098,0.03143167495727539
809,6.621537208557129,,41.25188708305359,0.03132176399230957
810,6.671597480773926,,41.29916191101074,0.015663862228393555
811,6.651620864868164,,41.36227798461914,0.03145790100097656
812,6.70359468460083,,41.409384965896606,0.0294036865234375
813,6.657323837280273,,41.45641469955444,0.03132224082946777
814,6.651494026184082,,41.50351047515869,0.015662193298339844
815,6.626455307006836,,41.56696152687073,0.028812408447265625
816,6.617622375488281,,41.61396837234497,0.03131270408630371
817,6.609452724456787,,41.66962289810181,0.039847612380981445
818,6.636270523071289,,41.72015428543091,0.027521848678588867
819,6.6280927658081055,,41.771801710128784,0.030501365661621094
820,6.623165607452393,,41.821170806884766,0.03333854675292969
821,6.575067520141602,,41.87265062332153,0.037645578384399414
822,6.5768632888793945,,41.92355418205261,0.04140043258666992
823,6.563262939453125,,41.976553440093994,0.03159642219543457
824,6.553345680236816,,42.02580690383911,0.033585548400878906
825,6.582144737243652,,42.07718372344971,0.03746628761291504
826,6.554649353027344,,42.128379821777344,0.04151558876037598
827,6.529384613037109,,42.18170094490051,0.03159070014953613
828,6.539666175842285,,42.230517864227295,0.03307366371154785
829,6.510436058044434,,42.27605891227722,0.03139019012451172
830,6.494170665740967,,42.332961320877075,0.04115152359008789
831,6.559467315673828,,42.384015798568726,0.029112577438354492
832,6.509058952331543,,42.43653202056885,0.034101009368896484
833,6.496589183807373,,42.48604893684387,0.035416603088378906
834,6.492824554443359,,42.536988496780396,0.03902459144592285
835,6.479238510131836,,42.588608741760254,0.027819395065307617
836,6.505918979644775,,42.63978838920593,0.03151273727416992
837,6.49959135055542,,42.692123889923096,0.03621482849121094
838,6.513234615325928,,42.74193811416626,0.038469791412353516
839,6.434767723083496,,42.792752265930176,0.0420382022857666
840,6.5216522216796875,,42.84541630744934,0.03159141540527344
841,6.489996910095215,,42.89580273628235,0.03470325469970703
842,6.444601058959961,,42.9464385509491,0.037619590759277344
843,6.4408979415893555,,42.99668884277344,0.04041576385498047
844,6.444489002227783,,43.04769802093506,0.028386354446411133
845,6.451313495635986,,43.100436210632324,0.03379178047180176
846,6.407233715057373,,43.151512145996094,0.03735470771789551
847,6.390681266784668,,43.20207762718201,0.040811777114868164
848,6.409180641174316,,43.252798557281494,0.028563499450683594
849,6.432536602020264,,43.30364370346069,0.03186535835266113
850,6.421309947967529,,43.354731798172,0.03535938262939453
851,6.379037857055664,,43.4062340259552,0.03943800926208496
852,6.390530586242676,,43.457117795944214,0.027076005935668945
853,6.364429473876953,,43.50848197937012,0.03109598159790039
854,6.41180419921875,,43.56023168563843,0.035689592361450195
855,6.3615193367004395,,43.61055850982666,0.038202524185180664
856,6.4256510734558105,,43.66195845603943,0.04241609573364258
857,6.347800254821777,,43.714415311813354,0.03168010711669922
858,6.404083251953125,,43.76568126678467,0.03543543815612793
859,6.340780258178711,,43.816346645355225,0.03897500038146973
860,6.31187629699707,,43.86713266372681,0.026711225509643555
861,6.360467910766602,,43.919553995132446,0.031516075134277344
862,6.350557804107666,,43.96869921684265,0.0334622859954834
863,6.329316139221191,,44.02022051811218,0.03748130798339844
864,6.324883937835693,,44.071338415145874,0.041348934173583984
865,6.373695373535156,,44.122554302215576,0.02930903434753418
866,6.3062896728515625,,44.17473340034485,0.03371858596801758
867,6.309985160827637,,44.22415828704834,0.03538203239440918
868,6.292780876159668,,44.27516269683838,0.03921175003051758
869,6.299938678741455,,44.32588505744934,0.026653766632080078
870,6.273215293884277,,44.378095865249634,0.031395912170410156
871,6.284984588623047,,44.4280960559845,0.03387761116027832
872,6.2589311599731445,,44.47949576377869,0.037522077560424805
873,6.285845756530762,,44.53054642677307,0.04109811782836914
874,6.295435905456543,,44.58183169364929,0.029106616973876953
875,6.249076843261719,,44.632965087890625,0.03291773796081543
876,6.244521141052246,,44.68433380126953,0.03743577003479004
877,6.236560821533203,,44.73488736152649,0.040900468826293945
878,6.237117767333984,,44.78610610961914,0.02894425392150879
879,6.258481025695801,,44.83732509613037,0.032981157302856445
880,6.229598045349121,,44.888033866882324,0.03666353225708008
881,6.256430625915527,,44.94001483917236,0.04115581512451172
882,6.233921051025391,,44.99121713638306,0.029063940048217773
883,6.205948829650879,,45.04316782951355,0.0336911678314209
884,6.206560134887695,,45.09365630149841,0.036598920822143555
885,6.168078422546387,,45.14388608932495,0.039646148681640625
886,6.212121963500977,,45.19459295272827,0.027436017990112305
887,6.187191486358643,,45.245688915252686,0.03099346160888672
888,6.189826965332031,,45.29704523086548,0.03536558151245117
889,6.222675323486328,,45.347814321517944,0.03903698921203613
890,6.172273635864258,,45.39882969856262,0.02685689926147461
891,6.1420087814331055,,45.45128846168518,0.03169536590576172
892,6.142646789550781,,45.500823736190796,0.033786773681640625
893,6.159283638000488,,45.54701614379883,0.0322873592376709
894,6.139462947845459,,45.60564565658569,0.028048276901245117
895,6.115883827209473,,45.65672850608826,0.02779865264892578
896,6.12098503112793,,45.70803380012512,0.03541231155395508
897,6.136754035949707,,45.7590434551239,0.0392453670501709
898,6.142267227172852,,45.809606313705444,0.02654719352722168
899,6.113348007202148,,45.86251783370972,0.03191399574279785
900,6.094076633453369,0.9211635231971741,45.915778398513794,0.0375363826751709
901,6.119802474975586,,45.96635556221008,0.04045367240905762
902,6.091687202453613,,46.01724195480347,0.02804398536682129
903,6.099733352661133,,46.06817269325256,0.031691551208496094
904,6.06394100189209,,46.1193106174469,0.03536581993103027
905,6.0421142578125,,46.17051911354065,0.03918933868408203
906,6.048281669616699,,46.22125267982483,0.026806354522705078
907,6.111573219299316,,46.27361845970154,0.030727386474609375
908,6.050271034240723,,46.32308602333069,0.03340864181518555
909,6.0546417236328125,,46.37482404708862,0.037630558013916016
910,6.046510696411133,,46.42441654205322,0.039519548416137695
911,6.045889854431152,,46.475653886795044,0.027474403381347656
912,6.028080940246582,,46.52651238441467,0.03100752830505371
913,6.035871505737305,,46.578176975250244,0.035532236099243164
914,6.034928798675537,,46.628732442855835,0.038782596588134766
915,6.0271525382995605,,46.68000602722168,0.026967287063598633
916,6.011457443237305,,46.73213219642639,0.03159594535827637
917,6.02263069152832,,46.7820565700531,0.03382229804992676
918,5.988115310668945,,46.83342123031616,0.037538766860961914
919,6.003843307495117,,46.88445472717285,0.04150128364562988
920,5.977682113647461,,46.93778991699219,0.03154277801513672
921,6.05314302444458,,46.986918210983276,0.033410072326660156
922,6.0140581130981445,,47.03878474235535,0.03782463073730469
923,5.989586353302002,,47.088401794433594,0.0398249626159668
924,5.97849702835083,,47.13901138305664,0.027496814727783203
925,5.944310665130615,,47.190414905548096,0.03122401237487793
926,5.944831848144531,,47.24205207824707,0.035479068756103516
927,5.9483537673950195,,47.29181218147278,0.037706613540649414
928,5.9672746658325195,,47.342509746551514,0.04129433631896973
929,5.917083740234375,,47.395787954330444,0.03151559829711914
930,5.92207145690918,,47.444708585739136,0.03315448760986328
931,5.952455043792725,,47.49607300758362,0.0373995304107666
932,5.949006080627441,,47.54637837409973,0.04044532775878906
933,5.903532028198242,,47.597663164138794,0.028595447540283203
934,5.931546211242676,,47.64853620529175,0.03191542625427246
935,5.935569763183594,,47.69969725608826,0.03536033630371094
936,5.9338483810424805,,47.750762939453125,0.03924369812011719
937,5.892054557800293,,47.80191469192505,0.0273134708404541
938,5.86509895324707,,47.85316801071167,0.031044721603393555
939,5.867740631103516,,47.90390920639038,0.03461909294128418
940,5.8940019607543945,,47.9553701877594,0.038515567779541016
941,5.881225109100342,,48.00635647773743,0.04217791557312012
942,5.856166839599609,,48.0592155456543,0.031769514083862305
943,5.8387627601623535,,48.10837697982788,0.03348255157470703
944,5.889854431152344,,48.159762382507324,0.03736758232116699
945,5.866790771484375,,48.210803508758545,0.04115486145019531
946,5.827376365661621,,48.263837575912476,0.03137922286987305
947,5.853749752044678,,48.312979221343994,0.03340482711791992
948,5.8130903244018555,,48.36451172828674,0.037420034408569336
949,5.811771392822266,,48.41522145271301,0.04060029983520508
950,5.853820323944092,,48.465901374816895,0.02807903289794922
951,5.828269958496094,,48.516724586486816,0.03164386749267578
952,5.8408966064453125,,48.56780791282654,0.03523564338684082
953,5.779926300048828,,48.619049310684204,0.03923225402832031
954,5.7879109382629395,,48.67010498046875,0.02729511260986328
955,5.82525634765625,,48.721070289611816,0.031031370162963867
956,5.814029216766357,,48.77219891548157,0.03545546531677246
957,5.783632278442383,,48.822997093200684,0.03896784782409668
958,5.796478748321533,,48.87392592430115,0.04246878623962402
959,5.7663984298706055,,48.925354957580566,0.031035423278808594
960,5.781166076660156,,48.97767925262451,0.03665566444396973
961,5.748058319091797,,49.0278058052063,0.03926706314086914
962,5.790491104125977,,49.07876682281494,0.027056217193603516
963,5.7680344581604,,49.130101442337036,0.031105518341064453
964,5.774531364440918,,49.18228077888489,0.03648233413696289
965,5.744335174560547,,49.232229471206665,0.03923177719116211
966,5.735166549682617,,49.283175468444824,0.02716207504272461
967,5.706168174743652,,49.33450746536255,0.03101968765258789
968,5.727004528045654,,49.38560366630554,0.035390615463256836
969,5.749882698059082,,49.436484575271606,0.039018869400024414
970,5.719083786010742,,49.488105058670044,0.027814388275146484
971,5.699583530426025,,49.53938364982605,0.03161311149597168
972,5.694569110870361,,49.59128522872925,0.03582453727722168
973,5.704516410827637,,49.64130139350891,0.038007259368896484
974,5.702545166015625,,49.691985845565796,0.04155325889587402
975,5.729854583740234,,49.743104219436646,0.02954387664794922
976,5.687712669372559,,49.794246435165405,0.0328676700592041
977,5.692807197570801,,49.84545683860779,0.03754472732543945
978,5.7068095207214355,,49.89644122123718,0.04098176956176758
979,5.664668560028076,,49.947680950164795,0.02890157699584961
980,5.691556930541992,,49.999961137771606,0.0336604118347168
981,5.667562961578369,,50.04963254928589,0.03556632995605469
982,5.667695045471191,,50.100632190704346,0.0389246940612793
983,5.661032199859619,,50.15183353424072,0.026833057403564453
984,5.650077819824219,,50.204551458358765,0.0319218635559082
985,5.670619964599609,,50.2541081905365,0.03342151641845703
986,5.643997669219971,,50.30523085594177,0.03740644454956055
987,5.631536960601807,,50.356154680252075,0.04080700874328613
988,5.665445327758789,,50.40679955482483,0.028104543685913086
989,5.6445231437683105,,50.45758867263794,0.03159141540527344
990,5.634771823883057,,50.50890350341797,0.03544116020202637
991,5.618973731994629,,50.560558557510376,0.03977775573730469
992,5.624824523925781,,50.611289262771606,0.027486562728881836
993,5.588463306427002,,50.66246247291565,0.03145265579223633
994,5.623427867889404,,50.71373271942139,0.03539395332336426
995,5.617417335510254,,50.76470971107483,0.03915071487426758
996,5.588407516479492,,50.81582236289978,0.027424335479736328
997,5.582546710968018,,50.86691951751709,0.03132128715515137
998,5.57675838470459,,50.91848611831665,0.03544330596923828
999,5.604598045349121,,50.969399213790894,0.0389556884765625
1000,5.6049723625183105,0.9281252741813659,51.02536725997925,0.04738497734069824
1001,5.57785701751709,,51.07482862472534,0.03377342224121094
1002,5.551878929138184,,51.126383543014526,0.0373992919921875
1003,5.595164775848389,,51.17719292640686,0.0408320426940918
1004,5.563187599182129,,51.227973222732544,0.028365373611450195
1005,5.545343399047852,,51.27833390235901,0.031599998474121094
1006,5.528585433959961,,51.32987570762634,0.03544020652770996
1007,5.512609481811523,,51.3806266784668,0.03861284255981445
1008,5.553049087524414,,51.43134927749634,0.02650141716003418
1009,5.567587852478027,,51.48358750343323,0.03156924247741699
1010,5.533333778381348,,51.5364453792572,0.035573720932006836
1011,5.518425464630127,,51.58572697639465,0.027315616607666016
1012,5.5294976234436035,,51.63652157783508,0.0419461727142334
1013,5.5375657081604,,51.68946123123169,0.03171277046203613
1014,5.533263683319092,,51.738176584243774,0.03292226791381836
1015,5.493253707885742,,51.789764165878296,0.0375065803527832
1016,5.505740165710449,,51.84047889709473,0.04063916206359863
1017,5.4922404289245605,,51.89171361923218,0.029035091400146484
1018,5.486916542053223,,51.94317960739136,0.033202409744262695
1019,5.505007743835449,,51.99475312232971,0.0374143123626709
1020,5.48038387298584,,52.04556059837341,0.04079794883728027
1021,5.513161659240723,,52.09639883041382,0.028664827346801758
1022,5.4792609214782715,,52.14926075935364,0.03372764587402344
1023,5.464276313781738,,52.198928356170654,0.03562760353088379
1024,5.424510478973389,,52.25041890144348,0.03980612754821777
1025,5.465827465057373,,52.30120038986206,0.027623414993286133
1026,5.4278645515441895,,52.352198362350464,0.03110027313232422
1027,5.438405513763428,,52.40311908721924,0.034786224365234375
1028,5.422770977020264,,52.4541552066803,0.039086341857910156
1029,5.428286552429199,,52.50498557090759,0.02699112892150879
1030,5.460369110107422,,52.55619764328003,0.030872821807861328
1031,5.4068098068237305,,52.60730457305908,0.03540444374084473
1032,5.41648530960083,,52.65854024887085,0.03947591781616211
1033,5.429893493652344,,52.70968461036682,0.027397632598876953
1034,5.422130584716797,,52.761820793151855,0.031919240951538086
1035,5.406851291656494,,52.8114755153656,0.03352189064025879
1036,5.41433048248291,,52.86292243003845,0.037580251693725586
1037,5.409923076629639,,52.914032220840454,0.04143333435058594
1038,5.402897834777832,,52.967103242874146,0.03132510185241699
1039,5.358956813812256,,53.016501903533936,0.03359079360961914
1040,5.39329195022583,,53.067981004714966,0.03739428520202637
1041,5.386887550354004,,53.11886405944824,0.04107832908630371
1042,5.402379035949707,,53.16998791694641,0.028850317001342773
1043,5.368940830230713,,53.22221803665161,0.033425092697143555
1044,5.358980178833008,,53.271475076675415,0.03539776802062988
1045,5.385711193084717,,53.322543144226074,0.039103031158447266
1046,5.37922477722168,,53.37389540672302,0.02715134620666504
1047,5.344790935516357,,53.425047636032104,0.0309598445892334
1048,5.395928382873535,,53.47655463218689,0.0354154109954834
1049,5.3455305099487305,,53.52746915817261,0.03902101516723633
1050,5.375679969787598,,53.578471422195435,0.026785850524902344
1051,5.336122512817383,,53.63069176673889,0.031859636306762695
1052,5.339252948760986,,53.68057036399841,0.03380560874938965
1053,5.321788787841797,,53.73196315765381,0.03757619857788086
1054,5.321900367736816,,53.783103466033936,0.04101824760437012
1055,5.338454246520996,,53.83413887023926,0.028683900833129883
1056,5.33355712890625,,53.886475563049316,0.03362083435058594
1057,5.328057765960693,,53.937989950180054,0.03741741180419922
1058,5.325079917907715,,53.98780274391174,0.04008913040161133
1059,5.307929039001465,,54.03903770446777,0.02800774574279785
1060,5.310934543609619,,54.09011769294739,0.03188681602478027
1061,5.3187150955200195,,54.141128063201904,0.03510689735412598
1062,5.307555198669434,,54.192150831222534,0.03917694091796875
1063,5.277917861938477,,54.24354553222656,0.027649641036987305
1064,5.281083106994629,,54.29451322555542,0.03136038780212402
1065,5.28629207611084,,54.34587073326111,0.03560233116149902
1066,5.271798133850098,,54.397279500961304,0.03976583480834961
1067,5.299768447875977,,54.44785976409912,0.02737736701965332
1068,5.289324760437012,,54.499566316604614,0.03156542778015137
1069,5.236814022064209,,54.549235343933105,0.033568620681762695
1070,5.290684223175049,,54.60069274902344,0.03747987747192383
1071,5.230562210083008,,54.651970863342285,0.04122328758239746
1072,5.222997665405273,,54.705101013183594,0.03133440017700195
1073,5.24215841293335,,54.75389051437378,0.03310561180114746
1074,5.2403764724731445,,54.805214643478394,0.03743886947631836
1075,5.243417739868164,,54.855268478393555,0.040287017822265625
1076,5.227051734924316,,54.906614542007446,0.02870917320251465
1077,5.217290878295898,,54.95716714859009,0.03147602081298828
1078,5.225645065307617,,55.00826811790466,0.03537940979003906
1079,5.212355613708496,,55.05890226364136,0.03881692886352539
1080,5.2420806884765625,,55.10960149765015,0.041959285736083984
1081,5.223270416259766,,55.162145376205444,0.03153419494628906
1082,5.235143184661865,,55.21125864982605,0.033423662185668945
1083,5.178263187408447,,55.262935161590576,0.037885189056396484
1084,5.17322301864624,,55.31419920921326,0.0416874885559082
1085,5.225200176239014,,55.36464762687683,0.028861522674560547
1086,5.18034029006958,,55.4148211479187,0.03162717819213867
1087,5.1924028396606445,,55.466097354888916,0.03532671928405762
1088,5.1640424728393555,,55.516899824142456,0.039008378982543945
1089,5.157845497131348,,55.56796646118164,0.02721714973449707
1090,5.148980617523193,,55.619330406188965,0.031096935272216797
1091,5.163318157196045,,55.67082715034485,0.0355374813079834
1092,5.152897834777832,,55.72049903869629,0.03779458999633789
1093,5.125369071960449,,55.77177953720093,0.04161381721496582
1094,5.169464111328125,,55.82465839385986,0.03161120414733887
1095,5.155171871185303,,55.87334322929382,0.03291487693786621
1096,5.103310585021973,,55.92663097381592,0.039452552795410156
1097,5.158174514770508,,55.97587299346924,0.04116630554199219
1098,5.143406867980957,,56.02677011489868,0.028822660446166992
1099,5.143631935119629,,56.077940225601196,0.0329744815826416
1100,5.098907470703125,0.9362386345863343,56.13250207901001,0.04080915451049805
1101,5.116115570068359,,56.18328332901001,0.02874922752380371
1102,5.088237285614014,,56.23412013053894,0.03201866149902344
1103,5.121951103210449,,56.28568625450134,0.03573417663574219
1104,5.119952201843262,,56.33531093597412,0.037491798400878906
1105,5.112778663635254,,56.386112451553345,0.04120445251464844
1106,5.081089019775391,,56.437150955200195,0.028881311416625977
1107,5.0748796463012695,,56.48761010169983,0.03180718421936035
1108,5.088410377502441,,56.53934597969055,0.03577685356140137
1109,5.095331192016602,,56.58965301513672,0.03855109214782715
1110,5.089518070220947,,56.64007806777954,0.04132962226867676
1111,5.068216323852539,,56.690528869628906,0.028921127319335938
1112,5.094511985778809,,56.74284625053406,0.03373908996582031
1113,5.04196834564209,,56.79231357574463,0.03570866584777832
1114,5.080416679382324,,56.84300899505615,0.03897833824157715
1115,5.0796003341674805,,56.89330291748047,0.02625417709350586
1116,5.062264442443848,,56.94583868980408,0.031430959701538086
1117,5.056446075439453,,56.99441719055176,0.032907724380493164
1118,5.028682708740234,,57.04586410522461,0.037435054779052734
1119,5.0928850173950195,,57.09534549713135,0.03963661193847656
1120,5.030799865722656,,57.1458854675293,0.026460647583007812
1121,5.015917778015137,,57.19856095314026,0.03188920021057129
1122,5.042016983032227,,57.24807524681091,0.03384518623352051
1123,5.029361724853516,,57.297372341156006,0.035372018814086914
1124,5.018350124359131,,57.34798216819763,0.0387418270111084
1125,5.050786972045898,,57.39856791496277,0.042072296142578125
1126,4.9960126876831055,,57.448835134506226,0.029174327850341797
1127,5.0375165939331055,,57.498757123947144,0.03171586990356445
1128,5.008902549743652,,57.55040383338928,0.03558826446533203
1129,5.02461576461792,,57.60000205039978,0.03751540184020996
1130,4.997635364532471,,57.650259256362915,0.040282487869262695
1131,4.996651649475098,,57.700690269470215,0.027612686157226562
1132,5.022696495056152,,57.752334117889404,0.03176450729370117
1133,5.000566482543945,,57.80193495750427,0.03380393981933594
1134,5.002382755279541,,57.85141134262085,0.0354921817779541
1135,4.996833801269531,,57.90200352668762,0.03858542442321777
1136,4.972534656524658,,57.9523606300354,0.04022097587585449
1137,5.003827095031738,,58.00290584564209,0.028756380081176758
1138,4.962174415588379,,58.05322480201721,0.031705379486083984
1139,4.951358318328857,,58.10445952415466,0.035386085510253906
1140,4.9937214851379395,,58.1480610370636,0.03150224685668945
1141,4.967678070068359,,58.211002349853516,0.031359195709228516
1142,4.93070650100708,,58.264554023742676,0.03760170936584473
1143,4.971399784088135,,58.31335186958313,0.03914070129394531
1144,4.9204206466674805,,58.36349391937256,0.04181718826293945
1145,4.899960041046143,,58.41384553909302,0.02871251106262207
1146,4.927935600280762,,58.46411681175232,0.03149890899658203
1147,4.901988983154297,,58.51561403274536,0.035607337951660156
1148,4.892062187194824,,58.56566858291626,0.038004398345947266
1149,4.933915138244629,,58.61604571342468,0.0409395694732666
1150,4.934636116027832,,58.666898250579834,0.02863025665283203
1151,4.878311634063721,,58.717562675476074,0.031754255294799805
1152,4.8598313331604,,58.769272804260254,0.03572583198547363
1153,4.899977684020996,,58.81900382041931,0.038040876388549805
1154,4.911913871765137,,58.86940884590149,0.040956735610961914
1155,4.8938775062561035,,58.920021295547485,0.02841806411743164
1156,4.925004959106445,,58.97032690048218,0.03143191337585449
1157,4.923051357269287,,59.02198314666748,0.0334928035736084
1158,4.880065441131592,,59.071603536605835,0.037528038024902344
1159,4.895317077636719,,59.12209606170654,0.04052996635437012
1160,4.860587120056152,,59.17206072807312,0.02742600440979004
1161,4.874455451965332,,59.22367072105408,0.03159284591674805
1162,4.865662574768066,,59.273046255111694,0.033379554748535156
1163,4.8813934326171875,,59.32463502883911,0.03787994384765625
1164,4.856714725494385,,59.37368154525757,0.03926491737365723
1165,4.861052513122559,,59.423940896987915,0.026232481002807617
1166,4.888468265533447,,59.47679424285889,0.03156900405883789
1167,4.899648666381836,,59.52555871009827,0.03307986259460449
1168,4.898516654968262,,59.57721996307373,0.03757643699645996
1169,4.861261367797852,,59.6265013217926,0.039525747299194336
1170,4.872745513916016,,59.676762104034424,0.026575088500976562
1171,4.820755481719971,,59.72926330566406,0.03175950050354004
1172,4.834643363952637,,59.778966188430786,0.033965349197387695
1173,4.848360538482666,,59.83026671409607,0.03757643699645996
1174,4.831718444824219,,59.87941861152649,0.039421796798706055
1175,4.7835845947265625,,59.93019247055054,0.027057886123657227
1176,4.780341625213623,,59.98214292526245,0.03179287910461426
1177,4.832636833190918,,60.03123188018799,0.0334162712097168
1178,4.8502936363220215,,60.083101749420166,0.037911415100097656
1179,4.815957069396973,,60.13292646408081,0.04040694236755371
1180,4.803607940673828,,60.183295249938965,0.027706623077392578
1181,4.838264465332031,,60.23392415046692,0.030862808227539062
1182,4.805920124053955,,60.28452658653259,0.03490304946899414
1183,4.801205158233643,,60.33522272109985,0.038030385971069336
1184,4.813384056091309,,60.3858745098114,0.04115796089172363
1185,4.750160217285156,,60.43652629852295,0.028862953186035156
1186,4.788815498352051,,60.48832654953003,0.03367424011230469
1187,4.787711143493652,,60.53747582435608,0.03545713424682617
1188,4.785394191741943,,60.58928823471069,0.03983163833618164
1189,4.784229278564453,,60.639867305755615,0.027196884155273438
1190,4.7595977783203125,,60.691662073135376,0.031606435775756836
1191,4.753270149230957,,60.74098777770996,0.0336456298828125
1192,4.773876190185547,,60.79035043716431,0.03543734550476074
1193,4.7496466636657715,,60.840348958969116,0.03795194625854492
1194,4.723925590515137,,60.89052200317383,0.040766000747680664
1195,4.783477306365967,,60.94088816642761,0.02784585952758789
1196,4.772038459777832,,60.992324352264404,0.03183102607727051
1197,4.723113536834717,,61.04197883605957,0.033516645431518555
1198,4.739530086517334,,61.093801498413086,0.037784576416015625
1199,4.742015838623047,,61.14311146736145,0.03963422775268555
1200,4.751946449279785,0.9418304800987244,61.19840097427368,0.0316159725189209
1201,4.721076488494873,,61.24942111968994,0.0353550910949707
1202,4.734856128692627,,61.30053997039795,0.03939533233642578
1203,4.736872673034668,,61.35299634933472,0.04405021667480469
1204,4.707548141479492,,61.40375471115112,0.0316007137298584
1205,4.717172145843506,,61.45544385910034,0.03578996658325195
1206,4.7110443115234375,,61.50587773323059,0.03844094276428223
1207,4.666064262390137,,61.55672836303711,0.041760921478271484
1208,4.669053077697754,,61.60926342010498,0.0314638614654541
1209,4.6966142654418945,,61.657963275909424,0.033008575439453125
1210,4.685948848724365,,61.70963525772095,0.03776884078979492
1211,4.664485931396484,,61.75934958457947,0.03976178169250488
1212,4.70313835144043,,61.809839963912964,0.0272066593170166
1213,4.686079025268555,,61.862066984176636,0.031644344329833984
1214,4.706335067749023,,61.91071581840515,0.032930612564086914
1215,4.711542129516602,,61.96226263046265,0.037622690200805664
1216,4.663761138916016,,62.01262879371643,0.04027962684631348
1217,4.651335716247559,,62.06353831291199,0.028235435485839844
1218,4.682257175445557,,62.114198207855225,0.03162813186645508
1219,4.646598815917969,,62.17041897773743,0.031659841537475586
1220,4.672119617462158,,62.22237205505371,0.0360414981842041
1221,4.648085594177246,,62.274333477020264,0.0402379035949707
1222,4.688356399536133,,62.3261513710022,0.03470921516418457
1223,4.653691291809082,,62.37653970718384,0.038426876068115234
1224,4.6666669845581055,,62.4272141456604,0.04171109199523926
1225,4.641781806945801,,62.47806429862976,0.029280662536621094
1226,4.6374192237854,,62.53005862236023,0.033594369888305664
1227,4.675569534301758,,62.579514026641846,0.03537750244140625
1228,4.644034385681152,,62.63032388687134,0.03699851036071777
1229,4.657820701599121,,62.681228160858154,0.04187321662902832
1230,4.629871368408203,,62.73428559303284,0.031916141510009766
1231,4.644516944885254,,62.78330659866333,0.03330111503601074
1232,4.664796829223633,,62.83442211151123,0.03744626045227051
1233,4.632561683654785,,62.885128021240234,0.040579795837402344
1234,4.605586051940918,,62.936257123947144,0.02837824821472168
1235,4.615163326263428,,62.98888683319092,0.03371119499206543
1236,4.622534275054932,,63.03859853744507,0.03578019142150879
1237,4.60028076171875,,63.08898043632507,0.038718461990356445
1238,4.6077494621276855,,63.13963198661804,0.04184532165527344
1239,4.607616424560547,,63.19255566596985,0.03166460990905762
1240,4.637063026428223,,63.24183917045593,0.033533334732055664
1241,4.621513366699219,,63.29361057281494,0.03790116310119629
1242,4.5835466384887695,,63.34415149688721,0.040851593017578125
1243,4.599544048309326,,63.39446568489075,0.028311491012573242
1244,4.573894500732422,,63.44512701034546,0.03163933753967285
1245,4.58809757232666,,63.49685001373291,0.03581380844116211
1246,4.559926986694336,,63.54760670661926,0.038614511489868164
1247,4.619565486907959,,63.598790407180786,0.04259371757507324
1248,4.58380126953125,,63.65097188949585,0.03134799003601074
1249,4.570914268493652,,63.70039129257202,0.03372597694396973
1250,4.5752668380737305,,63.75159192085266,0.03736114501953125
1251,4.533491611480713,,63.80260396003723,0.04117870330810547
1252,4.559314727783203,,63.85370445251465,0.029137372970581055
1253,4.541077613830566,,63.90539836883545,0.03354382514953613
1254,4.549563407897949,,63.9548921585083,0.03543519973754883
1255,4.529140472412109,,64.00642848014832,0.0386805534362793
1256,4.555176734924316,,64.05751633644104,0.027307510375976562
1257,4.525284767150879,,64.10864019393921,0.031307220458984375
1258,4.540055274963379,,64.15589261054993,0.023698091506958008
1259,4.546424865722656,,64.21057844161987,0.027238845825195312
1260,4.514198303222656,,64.2612156867981,0.026989221572875977
1261,4.539694786071777,,64.31381916999817,0.03169608116149902
1262,4.544946670532227,,64.36256337165833,0.033059120178222656
1263,4.507596015930176,,64.41474342346191,0.038010358810424805
1264,4.531205654144287,,64.46453642845154,0.039919137954711914
1265,4.533651828765869,,64.51522254943848,0.027324438095092773
1266,4.50975227355957,,64.56702470779419,0.03156685829162598
1267,4.528948783874512,,64.61846494674683,0.035749197006225586
1268,4.503406524658203,,64.66857361793518,0.03805279731750488
1269,4.495291709899902,,64.7190854549408,0.0404353141784668
1270,4.495547294616699,,64.76978421211243,0.027991056442260742
1271,4.4905924797058105,,64.82074117660522,0.031199932098388672
1272,4.503409385681152,,64.87266206741333,0.03579354286193848
1273,4.497180938720703,,64.92257165908813,0.03817915916442871
1274,4.498347282409668,,64.97340059280396,0.041254281997680664
1275,4.484804153442383,,65.0242087841034,0.029007673263549805
1276,4.511404037475586,,65.07450342178345,0.03154325485229492
1277,4.497827529907227,,65.12597584724426,0.0356447696685791
1278,4.462015151977539,,65.17696046829224,0.03896355628967285
1279,4.454824924468994,,65.22769713401794,0.04159736633300781
1280,4.4646220207214355,,65.27867865562439,0.02881622314453125
1281,4.480023384094238,,65.33023571968079,0.03269219398498535
1282,4.462960243225098,,65.38049650192261,0.03552675247192383
1283,4.505265712738037,,65.42416858673096,0.03184080123901367
1284,4.415896415710449,,65.47145414352417,0.03133845329284668
1285,4.442843437194824,,65.53443908691406,0.0314178466796875
1286,4.410712242126465,,65.58207845687866,0.03152346611022949
1287,4.4467878341674805,,65.62943720817566,0.03156590461730957
1288,4.4397406578063965,,65.68543553352356,0.038347721099853516
1289,4.474679946899414,,65.73648452758789,0.02785778045654297
1290,4.459506034851074,,65.78732991218567,0.031562089920043945
1291,4.4250688552856445,,65.83841753005981,0.035399436950683594
1292,4.430678367614746,,65.88911437988281,0.03877758979797363
1293,4.447109222412109,,65.94009017944336,0.04247784614562988
1294,4.441591739654541,,65.99245548248291,0.031763315200805664
1295,4.4502129554748535,,66.0417230129242,0.03353166580200195
1296,4.4188079833984375,,66.09299802780151,0.03740406036376953
1297,4.442328453063965,,66.14350247383118,0.04081010818481445
1298,4.424992561340332,,66.19424438476562,0.02830362319946289
1299,4.418132781982422,,66.2466332912445,0.03339815139770508
1300,4.422198295593262,0.9411314487457275,66.30027651786804,0.03922629356384277
1301,4.415173530578613,,66.3509874343872,0.02705860137939453
1302,4.378478527069092,,66.40313649177551,0.031717777252197266
1303,4.377643585205078,,66.45340275764465,0.03458547592163086
1304,4.395071029663086,,66.50360679626465,0.0373845100402832
1305,4.384454727172852,,66.55432605743408,0.04105257987976074
1306,4.3930511474609375,,66.60476613044739,0.02840137481689453
1307,4.395168304443359,,66.65733313560486,0.033744096755981445
1308,4.391191482543945,,66.70960927009583,0.038611412048339844
1309,4.400485038757324,,66.76064968109131,0.04219508171081543
1310,4.361024856567383,,66.81308221817017,0.029464244842529297
1311,4.362038612365723,,66.86172318458557,0.03284502029418945
1312,4.3720550537109375,,66.91173481941223,0.0361325740814209
1313,4.366626262664795,,66.96306657791138,0.039304256439208984
1314,4.370389461517334,,67.01373386383057,0.02686333656311035
1315,4.372966766357422,,67.06570720672607,0.03168034553527832
1316,4.347132682800293,,67.11537313461304,0.03357577323913574
1317,4.366854190826416,,67.1668348312378,0.03767204284667969
1318,4.3374433517456055,,67.21739888191223,0.04046058654785156
1319,4.369729042053223,,67.26835489273071,0.028298139572143555
1320,4.338186740875244,,67.31883955001831,0.031531572341918945
1321,4.340579032897949,,67.36991834640503,0.03540372848510742
1322,4.3327789306640625,,67.42074370384216,0.038904428482055664
1323,4.353916168212891,,67.4717698097229,0.04239010810852051
1324,4.347450256347656,,67.52424240112305,0.031882286071777344
1325,4.359591484069824,,67.57330393791199,0.0333709716796875
1326,4.315542221069336,,67.6245813369751,0.0373537540435791
1327,4.346515655517578,,67.67548561096191,0.03991842269897461
1328,4.315151214599609,,67.72875761985779,0.03150463104248047
1329,4.337345600128174,,67.7776243686676,0.03313851356506348
1330,4.317975044250488,,67.82951664924622,0.03778576850891113
1331,4.3398895263671875,,67.87995767593384,0.0402987003326416
1332,4.321889400482178,,67.93041443824768,0.027327299118041992
1333,4.2960357666015625,,67.98200106620789,0.0315701961517334
1334,4.285495758056641,,68.03146958351135,0.03340649604797363
1335,4.297406196594238,,68.08279323577881,0.037487030029296875
1336,4.275713920593262,,68.13405442237854,0.04155468940734863
1337,4.304284572601318,,68.18672585487366,0.03143048286437988
1338,4.2863006591796875,,68.23535752296448,0.03295421600341797
1339,4.290277481079102,,68.28673553466797,0.0374598503112793
1340,4.317106246948242,,68.33625316619873,0.039521217346191406
1341,4.284273147583008,,68.38677167892456,0.02689361572265625
1342,4.276042938232422,,68.43891096115112,0.03158712387084961
1343,4.275805950164795,,68.48780512809753,0.03317689895629883
1344,4.268988609313965,,68.53941440582275,0.03748679161071777
1345,4.3024396896362305,,68.58969330787659,0.040236473083496094
1346,4.2872819900512695,,68.6406102180481,0.028325557708740234
1347,4.272760391235352,,68.69342041015625,0.03366398811340332
1348,4.280110836029053,,68.74261784553528,0.03540468215942383
1349,4.265034198760986,,68.79326009750366,0.038736581802368164
1350,4.294889450073242,,68.8438732624054,0.04177069664001465
1351,4.250644683837891,,68.89696907997131,0.0317380428314209
1352,4.299844741821289,,68.94596529006958,0.03333163261413574
1353,4.283530235290527,,68.997145652771,0.03750014305114746
1354,4.259415626525879,,69.04768753051758,0.04061269760131836
1355,4.256388187408447,,69.10152554512024,0.03137350082397461
1356,4.243769645690918,,69.1525707244873,0.03537440299987793
1357,4.248577117919922,,69.20224571228027,0.03799581527709961
1358,4.249656677246094,,69.25267839431763,0.04112100601196289
1359,4.242056369781494,,69.30329728126526,0.028957843780517578
1360,4.248894214630127,,69.35510063171387,0.03363370895385742
1361,4.199575424194336,,69.4062852859497,0.03743600845336914
1362,4.217689037322998,,69.45664167404175,0.040444374084472656
1363,4.253058910369873,,69.50767421722412,0.028222322463989258
1364,4.258086204528809,,69.55818748474121,0.031442880630493164
1365,4.222019672393799,,69.60961174964905,0.03557777404785156
1366,4.22089958190918,,69.65939664840698,0.03788137435913086
1367,4.2501373291015625,,69.71112012863159,0.041638851165771484
1368,4.228092670440674,,69.76224255561829,0.029200077056884766
1369,4.233046054840088,,69.81579923629761,0.035079240798950195
1370,4.210679531097412,,69.86500406265259,0.037392616271972656
1371,4.229920387268066,,69.91461420059204,0.039545297622680664
1372,4.186596870422363,,69.96529197692871,0.026868581771850586
1373,4.224671363830566,,70.01571941375732,0.029382705688476562
1374,4.218116760253906,,70.06706094741821,0.033617258071899414
1375,4.2041497230529785,,70.11634659767151,0.035399675369262695
1376,4.178923606872559,,70.16826033592224,0.027758121490478516
1377,4.227414608001709,,70.21933627128601,0.03167724609375
1378,4.21098518371582,,70.2704267501831,0.03532695770263672
1379,4.220217227935791,,70.32055330276489,0.038027048110961914
1380,4.212915420532227,,70.37165975570679,0.041527748107910156
1381,4.180089950561523,,70.4249975681305,0.03151702880859375
1382,4.185216903686523,,70.47446942329407,0.03378701210021973
1383,4.207641124725342,,70.52575135231018,0.03746294975280762
1384,4.183433532714844,,70.57497358322144,0.03936457633972168
1385,4.202493667602539,,70.62538027763367,0.026784896850585938
1386,4.179356575012207,,70.67788791656494,0.031816959381103516
1387,4.180706977844238,,70.73172688484192,0.03804373741149902
1388,4.157301425933838,,70.77449369430542,0.02230525016784668
1389,4.173737525939941,,70.824227809906,0.020778894424438477
1390,4.174062252044678,,70.88309836387634,0.029272794723510742
1391,4.153888702392578,,70.93086194992065,0.02630472183227539
1392,4.179710388183594,,70.97998905181885,0.02402520179748535
1393,4.15262508392334,,71.03423476219177,0.028757810592651367
1394,4.175178050994873,,71.08497428894043,0.028074264526367188
1395,4.145262718200684,,71.13587594032288,0.03166556358337402
1396,4.159978866577148,,71.18705081939697,0.0353701114654541
1397,4.129400730133057,,71.23805546760559,0.039011240005493164
1398,4.121346473693848,,71.28942489624023,0.04283618927001953
1399,4.178662300109863,,71.34131145477295,0.03152275085449219
1400,4.151082515716553,0.9415988922119141,71.39928460121155,0.04229545593261719
1401,4.163878440856934,,71.45164513587952,0.03180050849914551
1402,4.130370140075684,,71.50136613845825,0.03399515151977539
1403,4.143164157867432,,71.55064511299133,0.03539633750915527
1404,4.130660057067871,,71.60208511352539,0.039504289627075195
1405,4.124168395996094,,71.65289258956909,0.02750229835510254
1406,4.124561309814453,,71.70376300811768,0.031175851821899414
1407,4.118404388427734,,71.75727200508118,0.037775516510009766
1408,4.139378070831299,,71.80803775787354,0.041242122650146484
1409,4.1102447509765625,,71.85873556137085,0.028927087783813477
1410,4.11655330657959,,71.909184217453,0.03152585029602051
1411,4.112945079803467,,71.96015548706055,0.03509831428527832
1412,4.133421421051025,,72.01110100746155,0.03883862495422363
1413,4.120314598083496,,72.06212544441223,0.04253959655761719
1414,4.09593391418457,,72.11427021026611,0.03153181076049805
1415,4.098994255065918,,72.16424083709717,0.03382062911987305
1416,4.1294755935668945,,72.21935415267944,0.041045427322387695
1417,4.099741458892822,,72.26831483840942,0.02855849266052246
1418,4.122030258178711,,72.31889414787292,0.03161191940307617
1419,4.125150680541992,,72.37204003334045,0.037427425384521484
1420,4.112088203430176,,72.42276406288147,0.04066014289855957
1421,4.088964462280273,,72.4741280078888,0.028137922286987305
1422,4.080229759216309,,72.52578663825989,0.032637834548950195
1423,4.042454242706299,,72.57611179351807,0.035741329193115234
1424,4.087008476257324,,72.6268961429596,0.039073944091796875
1425,4.080671310424805,,72.67741107940674,0.042037010192871094
1426,4.089050769805908,,72.73009967803955,0.03149247169494629
1427,4.062517166137695,,72.78211665153503,0.035974979400634766
1428,4.083802223205566,,72.8313946723938,0.037485599517822266
1429,4.094142436981201,,72.8817229270935,0.04048562049865723
1430,4.107645034790039,,72.93225240707397,0.028003454208374023
1431,4.0541253089904785,,72.9835741519928,0.031733036041259766
1432,4.052044868469238,,73.03294134140015,0.03339219093322754
1433,4.064695835113525,,73.084157705307,0.037328243255615234
1434,4.077998638153076,,73.13789868354797,0.043801307678222656
1435,4.032954692840576,,73.1861481666565,0.027426958084106445
1436,4.044590950012207,,73.24040007591248,0.04577922821044922
1437,4.04988956451416,,73.28888773918152,0.02870321273803711
1438,4.055496692657471,,73.33917617797852,0.031629323959350586
1439,4.060233116149902,,73.3861575126648,0.031138896942138672
1440,4.038229942321777,,73.44238662719727,0.04052615165710449
1441,4.047308444976807,,73.49278473854065,0.027887582778930664
1442,4.03830623626709,,73.54425549507141,0.03174400329589844
1443,4.043806076049805,,73.59365677833557,0.033365726470947266
1444,4.03098201751709,,73.64496517181396,0.037403106689453125
1445,4.013012886047363,,73.69546580314636,0.04044938087463379
1446,4.034238338470459,,73.74652576446533,0.02870488166809082
1447,4.042731285095215,,73.79710149765015,0.03167128562927246
1448,4.024343967437744,,73.84842109680176,0.03544187545776367
1449,4.040471076965332,,73.89907646179199,0.038724422454833984
1450,4.020177841186523,,73.95032048225403,0.04262351989746094
1451,4.001291751861572,,74.00293970108032,0.03195595741271973
1452,4.024024963378906,,74.05209875106812,0.03342938423156738
1453,3.9907150268554688,,74.10354137420654,0.03748273849487305
1454,4.0263671875,,74.15557861328125,0.04206705093383789
1455,4.014166831970215,,74.20698475837708,0.029076576232910156
1456,3.9960289001464844,,74.25713229179382,0.031852006912231445
1457,4.019112586975098,,74.30847024917603,0.035321950912475586
1458,3.9952754974365234,,74.3520975112915,0.03149914741516113
1459,3.9849400520324707,,74.41178297996521,0.028216838836669922
1460,3.979710578918457,,74.46221375465393,0.03138113021850586
1461,3.9983417987823486,,74.51393842697144,0.035575151443481445
1462,3.991508960723877,,74.564199924469,0.03853964805603027
1463,3.9848899841308594,,74.6149525642395,0.04172253608703613
1464,3.984267473220825,,74.66756868362427,0.03139042854309082
1465,3.972320079803467,,74.71670913696289,0.03346395492553711
1466,3.961150646209717,,74.76818490028381,0.03577828407287598
1467,4.002614974975586,,74.81900215148926,0.041162967681884766
1468,3.9744229316711426,,74.86976647377014,0.029089689254760742
1469,3.9697022438049316,,74.92185497283936,0.03346681594848633
1470,3.9839205741882324,,74.97335028648376,0.03743624687194824
1471,3.9678544998168945,,75.02302765846252,0.03976130485534668
1472,3.963123083114624,,75.07385611534119,0.027552366256713867
1473,3.9744064807891846,,75.12479066848755,0.03126692771911621
1474,3.980318069458008,,75.17635250091553,0.02814459800720215
1475,3.9653172492980957,,75.22827744483948,0.03354382514953613
1476,3.995953321456909,,75.27797651290894,0.03563833236694336
1477,3.9500555992126465,,75.32846856117249,0.03850054740905762
1478,3.9995741844177246,,75.37910318374634,0.04192018508911133
1479,3.9495887756347656,,75.43183135986328,0.0315394401550293
1480,3.9411022663116455,,75.48101949691772,0.03345298767089844
1481,3.957439422607422,,75.53246283531189,0.037477731704711914
1482,3.9435276985168457,,75.58304572105408,0.04043984413146973
1483,3.950965642929077,,75.63386487960815,0.027938365936279297
1484,3.94040584564209,,75.68491673469543,0.031503915786743164
1485,3.9218664169311523,,75.73636603355408,0.03535747528076172
1486,3.9267985820770264,,75.78721618652344,0.038799285888671875
1487,3.94401216506958,,75.83818578720093,0.042439937591552734
1488,3.9268248081207275,,75.89085960388184,0.03161787986755371
1489,3.938868522644043,,75.93990707397461,0.03331422805786133
1490,3.938371181488037,,75.99131464958191,0.037406206130981445
1491,3.9520277976989746,,76.04137706756592,0.03995800018310547
1492,3.93436336517334,,76.0921528339386,0.02768731117248535
1493,3.9095892906188965,,76.14342665672302,0.03140878677368164
1494,3.9060990810394287,,76.19985365867615,0.040567874908447266
1495,3.932140350341797,,76.25150346755981,0.028157949447631836
1496,3.9040794372558594,,76.30190062522888,0.03165459632873535
1497,3.941725730895996,,76.35302948951721,0.03540182113647461
1498,3.8914246559143066,,76.40322518348694,0.03824591636657715
1499,3.892348289489746,,76.45359468460083,0.040999412536621094
1500,3.9113149642944336,0.9425410628318787,76.50793194770813,0.031870365142822266
1501,3.9115498065948486,,76.55728816986084,0.03349566459655762
1502,3.89827823638916,,76.60859370231628,0.03740572929382324
1503,3.908066511154175,,76.65944314002991,0.04104185104370117
1504,3.9006564617156982,,76.71022891998291,0.02896857261657715
1505,3.9045090675354004,,76.76171731948853,0.028775453567504883
1506,3.8751652240753174,,76.81316351890564,0.037711381912231445
1507,3.9022908210754395,,76.86366271972656,0.041124820709228516
1508,3.911863327026367,,76.91407012939453,0.028516769409179688
1509,3.8964076042175293,,76.9645254611969,0.030395984649658203
1510,3.9070844650268555,,77.01599764823914,0.035567283630371094
1511,3.905133008956909,,77.06621432304382,0.03819704055786133
1512,3.874687910079956,,77.11724495887756,0.04201078414916992
1513,3.9244587421417236,,77.17031002044678,0.03164792060852051
1514,3.8642730712890625,,77.21921348571777,0.0332179069519043
1515,3.863478660583496,,77.27202916145325,0.038828372955322266
1516,3.8380308151245117,,77.32276463508606,0.041876792907714844
1517,3.9003653526306152,,77.37538146972656,0.03158926963806152
1518,3.887019157409668,,77.4250967502594,0.03403186798095703
1519,3.864298105239868,,77.47555732727051,0.03761696815490723
1520,3.9023308753967285,,77.52477765083313,0.039433956146240234
1521,3.858107566833496,,77.57518815994263,0.026839256286621094
1522,3.8637948036193848,,77.62748670578003,0.03160977363586426
1523,3.869804859161377,,77.67653465270996,0.033368825912475586
1524,3.8532729148864746,,77.72809076309204,0.037566423416137695
1525,3.882018566131592,,77.77834224700928,0.03944754600524902
1526,3.893463611602783,,77.82927179336548,0.02815079689025879
1527,3.8575291633605957,,77.87973594665527,0.03139042854309082
1528,3.855780839920044,,77.93136548995972,0.0357823371887207
1529,3.8367934226989746,,77.9815981388092,0.03732156753540039
1530,3.8347678184509277,,78.03237986564636,0.04172325134277344
1531,3.8535099029541016,,78.08281397819519,0.028754234313964844
1532,3.822172164916992,,78.1348340511322,0.03333687782287598
1533,3.8564653396606445,,78.18436741828918,0.03540515899658203
1534,3.841017246246338,,78.23555755615234,0.03937363624572754
1535,3.8329415321350098,,78.28626775741577,0.0270235538482666
1536,3.839787006378174,,78.33820843696594,0.03171968460083008
1537,3.837855815887451,,78.389652967453,0.03570985794067383
1538,3.8557934761047363,,78.43928098678589,0.037880897521972656
1539,3.8313512802124023,,78.4901373386383,0.04137873649597168
1540,3.8150811195373535,,78.54324412345886,0.03142046928405762
1541,3.838681936264038,,78.59240984916687,0.03342437744140625
1542,3.8097498416900635,,78.6442608833313,0.03770303726196289
1543,3.8141379356384277,,78.69365119934082,0.0395808219909668
1544,3.8084163665771484,,78.74452614784241,0.02729010581970215
1545,3.8374037742614746,,78.79568266868591,0.03122425079345703
1546,3.8405604362487793,,78.84674215316772,0.03536391258239746
1547,3.816375255584717,,78.89811635017395,0.03945112228393555
1548,3.843046188354492,,78.9487738609314,0.026845216751098633
1549,3.8363723754882812,,79.00111794471741,0.03168892860412598
1550,3.7894821166992188,,79.05007791519165,0.033200740814208984
1551,3.8218889236450195,,79.10119986534119,0.03741049766540527
1552,3.82307767868042,,79.15197420120239,0.040936946868896484
1553,3.793997287750244,,79.20575857162476,0.03155994415283203
1554,3.804556369781494,,79.25428986549377,0.032851219177246094
1555,3.8088889122009277,,79.30560111999512,0.03741097450256348
1556,3.791196823120117,,79.35534405708313,0.03967738151550293
1557,3.7894742488861084,,79.40659666061401,0.027980566024780273
1558,3.7977967262268066,,79.45744824409485,0.03162837028503418
1559,3.814578056335449,,79.50850462913513,0.03493762016296387
1560,3.787810802459717,,79.55958151817322,0.039414405822753906
1561,3.806774139404297,,79.61053395271301,0.0275881290435791
1562,3.795527458190918,,79.66153883934021,0.03129267692565918
1563,3.8023362159729004,,79.71251559257507,0.03488898277282715
1564,3.762674331665039,,79.76331353187561,0.03873729705810547
1565,3.7647864818573,,79.81472420692444,0.04284238815307617
1566,3.7920401096343994,,79.86737704277039,0.0318140983581543
1567,3.781521797180176,,79.91650056838989,0.03344464302062988
1568,3.7638659477233887,,79.96806573867798,0.0377960205078125
1569,3.7808477878570557,,80.01891708374023,0.04090619087219238
1570,3.761662006378174,,80.06957697868347,0.028623104095458984
1571,3.8024449348449707,,80.1198217868805,0.03152275085449219
1572,3.805039405822754,,80.17098712921143,0.03534865379333496
1573,3.7796642780303955,,80.22181129455566,0.0388178825378418
1574,3.763705253601074,,80.27262878417969,0.04219388961791992
1575,3.7554409503936768,,80.32531476020813,0.03175759315490723
1576,3.7747344970703125,,80.3746747970581,0.03352928161621094
1577,3.7679784297943115,,80.42604804039001,0.03738117218017578
1578,3.7547690868377686,,80.4766309261322,0.04081606864929199
1579,3.7394628524780273,,80.52746796607971,0.028403520584106445
1580,3.744687080383301,,80.57815146446228,0.031708478927612305
1581,3.771075487136841,,80.62935042381287,0.03535914421081543
1582,3.753725528717041,,80.67937588691711,0.03795480728149414
1583,3.7505197525024414,,80.73000144958496,0.041310787200927734
1584,3.750690460205078,,80.78317213058472,0.0302274227142334
1585,3.7449727058410645,,80.83237528800964,0.03344869613647461
1586,3.7636826038360596,,80.88391041755676,0.03758358955383301
1587,3.759922504425049,,80.93497228622437,0.04153847694396973
1588,3.7499756813049316,,80.9878978729248,0.031308889389038086
1589,3.7375874519348145,,81.03518342971802,0.025567054748535156
1590,3.7630059719085693,,81.08199453353882,0.021681785583496094
1591,3.7477569580078125,,81.13751101493835,0.0281679630279541
1592,3.738783359527588,,81.1880853176117,0.02727198600769043
1593,3.7438337802886963,,81.24015235900879,0.03193020820617676
1594,3.709425210952759,,81.28922009468079,0.033342599868774414
1595,3.7249884605407715,,81.34113359451294,0.037844181060791016
1596,3.7505297660827637,,81.39499878883362,0.04401278495788574
1597,3.7410106658935547,,81.44626188278198,0.0317845344543457
1598,3.735090494155884,,81.49788045883179,0.035967111587524414
1599,3.709287166595459,,81.54727792739868,0.0375056266784668
1600,3.738112688064575,0.9413357734680176,81.60515403747559,0.04763317108154297
1601,3.711836338043213,,81.6527373790741,0.031484365463256836
1602,3.6771299839019775,,81.70589351654053,0.03748297691345215
1603,3.7244200706481934,,81.7563738822937,0.04048347473144531
1604,3.6969308853149414,,81.80690836906433,0.02785658836364746
1605,3.6926026344299316,,81.85778307914734,0.031156539916992188
1606,3.7154436111450195,,81.91117024421692,0.037375688552856445
1607,3.710268020629883,,81.96075463294983,0.0399322509765625
1608,3.6976046562194824,,82.01135993003845,0.027542829513549805
1609,3.6793055534362793,,82.06273221969604,0.03184151649475098
1610,3.6954026222229004,,82.11218905448914,0.03335142135620117
1611,3.710832357406616,,82.16376090049744,0.036244869232177734
1612,3.676541328430176,,82.21500658988953,0.04154515266418457
1613,3.698993682861328,,82.26546049118042,0.02871394157409668
1614,3.7221274375915527,,82.31597709655762,0.03168964385986328
1615,3.6850783824920654,,82.3673026561737,0.03538370132446289
1616,3.6968865394592285,,82.41765356063843,0.03862404823303223
1617,3.695908546447754,,82.46880006790161,0.04099726676940918
1618,3.6797304153442383,,82.52130794525146,0.03166079521179199
1619,3.700976848602295,,82.57055830955505,0.03353095054626465
1620,3.7085015773773193,,82.62202596664429,0.037372589111328125
1621,3.7129011154174805,,82.67174077033997,0.039598703384399414
1622,3.6898193359375,,82.72240161895752,0.027106523513793945
1623,3.709118366241455,,82.77480864524841,0.031130075454711914
1624,3.661864757537842,,82.82408261299133,0.03351616859436035
1625,3.713535785675049,,82.87558460235596,0.037465572357177734
1626,3.676412343978882,,82.92523121833801,0.03969311714172363
1627,3.667839765548706,,82.97613787651062,0.02760934829711914
1628,3.6707699298858643,,83.02713656425476,0.031256675720214844
1629,3.683844804763794,,83.07837271690369,0.03551530838012695
1630,3.6851682662963867,,83.13212776184082,0.04180765151977539
1631,3.671292781829834,,83.18556261062622,0.03179311752319336
1632,3.6424341201782227,,83.23451042175293,0.03326225280761719
1633,3.677443742752075,,83.28612947463989,0.036554813385009766
1634,3.669013261795044,,83.33568692207336,0.03982400894165039
1635,3.6662230491638184,,83.38779091835022,0.028460264205932617
1636,3.667876958847046,,83.4383442401886,0.03149747848510742
1637,3.678384304046631,,83.48960900306702,0.03555798530578613
1638,3.6504931449890137,,83.5399706363678,0.0384211540222168
1639,3.6722288131713867,,83.59134578704834,0.037113189697265625
1640,3.6683366298675537,,83.64407300949097,0.03166508674621582
1641,3.6585583686828613,,83.69356775283813,0.03380942344665527
1642,3.681595802307129,,83.74511432647705,0.037546634674072266
1643,3.660468578338623,,83.79487633705139,0.038509368896484375
1644,3.663593292236328,,83.84604334831238,0.027564048767089844
1645,3.6831696033477783,,83.89702796936035,0.03117680549621582
1646,3.6767630577087402,,83.94774770736694,0.03489947319030762
1647,3.6552324295043945,,83.99818110466003,0.038462162017822266
1648,3.6422924995422363,,84.04948711395264,0.04251360893249512
1649,3.6481668949127197,,84.101975440979,0.031751394271850586
1650,3.645720958709717,,84.15211200714111,0.03445148468017578
1651,3.6551501750946045,,84.20255875587463,0.03769421577453613
1652,3.6662392616271973,,84.25189185142517,0.03921914100646973
1653,3.6253392696380615,,84.30313467979431,0.042667388916015625
1654,3.6424102783203125,,84.35620927810669,0.03274869918823242
1655,3.625938653945923,,84.4064269065857,0.0356748104095459
1656,3.6353259086608887,,84.45599007606506,0.03741049766540527
1657,3.669898509979248,,84.50604033470154,0.03996777534484863
1658,3.6123790740966797,,84.55675220489502,0.027074813842773438
1659,3.640984058380127,,84.60868835449219,0.03192448616027832
1660,3.631462574005127,,84.65793895721436,0.03354525566101074
1661,3.649651050567627,,84.70915722846985,0.03744792938232422
1662,3.616041660308838,,84.75982809066772,0.04061079025268555
1663,3.627258539199829,,84.81042432785034,0.027950286865234375
1664,3.6299939155578613,,84.8611831665039,0.0311276912689209
1665,3.6441493034362793,,84.91262865066528,0.035462141036987305
1666,3.627958297729492,,84.96213841438293,0.037569284439086914
1667,3.6261579990386963,,85.01253819465637,0.040572166442871094
1668,3.6352739334106445,,85.0631628036499,0.02795100212097168
1669,3.6066198348999023,,85.11410284042358,0.03172564506530762
1670,3.6515893936157227,,85.16554021835327,0.03545117378234863
1671,3.6086161136627197,,85.21753716468811,0.0402069091796875
1672,3.6335320472717285,,85.26807928085327,0.027344465255737305
1673,3.587228775024414,,85.32017707824707,0.032132863998413086
1674,3.5958638191223145,,85.37256097793579,0.036348819732666016
1675,3.5780153274536133,,85.42181348800659,0.02726578712463379
1676,3.599562644958496,,85.47289991378784,0.02712726593017578
1677,3.5856566429138184,,85.52465271949768,0.030384063720703125
1678,3.594954013824463,,85.5743556022644,0.03356599807739258
1679,3.5922021865844727,,85.62555694580078,0.0374293327331543
1680,3.5781145095825195,,85.67619800567627,0.040718793869018555
1681,3.5918731689453125,,85.72666835784912,0.02791905403137207
1682,3.6078333854675293,,85.77760648727417,0.031484365463256836
1683,3.5793087482452393,,85.82852983474731,0.03486943244934082
1684,3.5837697982788086,,85.88000750541687,0.03982734680175781
1685,3.5763163566589355,,85.93143343925476,0.02805948257446289
1686,3.5967087745666504,,85.98311805725098,0.0319371223449707
1687,3.5893445014953613,,86.03258514404297,0.03338980674743652
1688,3.5942983627319336,,86.08412861824036,0.03757500648498535
1689,3.598247766494751,,86.13373470306396,0.03962397575378418
1690,3.5841140747070312,,86.18450379371643,0.027518272399902344
1691,3.577608823776245,,86.23538827896118,0.031110763549804688
1692,3.5852277278900146,,86.28708362579346,0.03558158874511719
1693,3.599384307861328,,86.33707046508789,0.03786039352416992
1694,3.557157516479492,,86.38817644119263,0.04107546806335449
1695,3.567742109298706,,86.44214820861816,0.03185558319091797
1696,3.5572824478149414,,86.4895966053009,0.026246309280395508
1697,3.5640363693237305,,86.53694748878479,0.021780729293823242
1698,3.574286460876465,,86.58572793006897,0.02026057243347168
1699,3.552989959716797,,86.63664031028748,0.021513938903808594
1700,3.5670571327209473,0.9425580024719238,86.69330334663391,0.02728748321533203
1701,3.561624526977539,,86.74086093902588,0.020519256591796875
1702,3.5590765476226807,,86.79251742362976,0.02077794075012207
1703,3.5588440895080566,,86.85079956054688,0.0274960994720459
1704,3.5645575523376465,,86.89817762374878,0.031378746032714844
1705,3.547919273376465,,86.94738006591797,0.020517587661743164
1706,3.5625343322753906,,86.99868488311768,0.02125835418701172
1707,3.5412027835845947,,87.05552864074707,0.02726006507873535
1708,3.573573350906372,,87.10284852981567,0.023838520050048828
1709,3.5748212337493896,,87.1518669128418,0.022253990173339844
1710,3.5651962757110596,,87.20266366004944,0.021522045135498047
1711,3.559361696243286,,87.26029706001282,0.02786564826965332
1712,3.5587897300720215,,87.30665373802185,0.02327585220336914
1713,3.5441935062408447,,87.3613862991333,0.027565479278564453
1714,3.54490327835083,,87.41205215454102,0.04220294952392578
1715,3.5291266441345215,,87.46422696113586,0.03148961067199707
1716,3.5222983360290527,,87.51387476921082,0.03373289108276367
1717,3.555617332458496,,87.56511902809143,0.03740334510803223
1718,3.503713607788086,,87.61522507667542,0.04025077819824219
1719,3.5367679595947266,,87.6664297580719,0.028223276138305664
1720,3.545316696166992,,87.71694254875183,0.031569480895996094
1721,3.5387821197509766,,87.76827716827393,0.03541278839111328
1722,3.521637439727783,,87.81894516944885,0.03879952430725098
1723,3.5287840366363525,,87.870441198349,0.042913198471069336
1724,3.5249457359313965,,87.9212999343872,0.031007766723632812
1725,3.521535873413086,,87.97279691696167,0.03549957275390625
1726,3.5303988456726074,,88.02240705490112,0.037713050842285156
1727,3.5225093364715576,,88.07349944114685,0.04139566421508789
1728,3.544551372528076,,88.12656617164612,0.03138875961303711
1729,3.548768997192383,,88.176265001297,0.03308534622192383
1730,3.5099451541900635,,88.22612738609314,0.0357661247253418
1731,3.5435030460357666,,88.27667212486267,0.03860044479370117
1732,3.5211923122406006,,88.32733631134033,0.04165983200073242
1733,3.527463912963867,,88.38034963607788,0.031447649002075195
1734,3.5145859718322754,,88.43017911911011,0.03414273262023926
1735,3.54439640045166,,88.47990417480469,0.0357358455657959
1736,3.5316004753112793,,88.53017950057983,0.03849911689758301
1737,3.5228192806243896,,88.5806348323822,0.041683197021484375
1738,3.50122332572937,,88.63122868537903,0.0290524959564209
1739,3.522805690765381,,88.68145060539246,0.03169393539428711
1740,3.5172805786132812,,88.73260736465454,0.03425860404968262
1741,3.5055251121520996,,88.78352546691895,0.039015769958496094
1742,3.5170865058898926,,88.83427023887634,0.042263031005859375
1743,3.508012056350708,,88.8874671459198,0.03185844421386719
1744,3.503831386566162,,88.93634343147278,0.03313946723937988
1745,3.525078773498535,,88.98772430419922,0.037395477294921875
1746,3.525362730026245,,89.037424325943,0.03968095779418945
1747,3.513113021850586,,89.089031457901,0.028302669525146484
1748,3.506629228591919,,89.13969492912292,0.03152871131896973
1749,3.486849308013916,,89.19139409065247,0.03448367118835449
1750,3.5073275566101074,,89.24146103858948,0.03817272186279297
1751,3.4955058097839355,,89.292471408844,0.04136371612548828
1752,3.526547908782959,,89.34314274787903,0.028855323791503906
1753,3.4817934036254883,,89.3944137096405,0.03168916702270508
1754,3.5256733894348145,,89.44636726379395,0.037843942642211914
1755,3.470977544784546,,89.49675989151001,0.04068875312805176
1756,3.498467445373535,,89.54739999771118,0.028250694274902344
1757,3.4840011596679688,,89.59788513183594,0.031421661376953125
1758,3.495007038116455,,89.64879035949707,0.03487372398376465
1759,3.500778913497925,,89.69973349571228,0.039259910583496094
1760,3.4870731830596924,,89.7506537437439,0.02709031105041504
1761,3.5049726963043213,,89.80178046226501,0.030852079391479492
1762,3.4757132530212402,,89.85336875915527,0.035501956939697266
1763,3.4718456268310547,,89.90534830093384,0.03998565673828125
1764,3.442788600921631,,89.95642948150635,0.027126550674438477
1765,3.4757158756256104,,90.00868105888367,0.031691789627075195
1766,3.5142641067504883,,90.05730557441711,0.032935142517089844
1767,3.5028367042541504,,90.10862278938293,0.03741288185119629
1768,3.4701569080352783,,90.1603467464447,0.041692495346069336
1769,3.4793388843536377,,90.21352648735046,0.03143954277038574
1770,3.465721607208252,,90.26709055900574,0.03776407241821289
1771,3.4625203609466553,,90.31617379188538,0.03904151916503906
1772,3.502025604248047,,90.36662220954895,0.042105674743652344
1773,3.4794931411743164,,90.41703701019287,0.028838396072387695
1774,3.4724888801574707,,90.46716570854187,0.03169894218444824
1775,3.4463067054748535,,90.5184953212738,0.03533005714416504
1776,3.467984199523926,,90.56873750686646,0.03854489326477051
1777,3.4590916633605957,,90.61968922615051,0.041992902755737305
1778,3.4547841548919678,,90.672691822052,0.03160977363586426
1779,3.4702610969543457,,90.72208857536316,0.033722639083862305
1780,3.4623570442199707,,90.77348899841309,0.03739190101623535
1781,3.4860641956329346,,90.82346868515015,0.04004716873168945
1782,3.45402455329895,,90.87390375137329,0.027302980422973633
1783,3.466329574584961,,90.92549729347229,0.031495094299316406
1784,3.4471983909606934,,90.9748694896698,0.033293962478637695
1785,3.4727470874786377,,91.02728700637817,0.03829026222229004
1786,3.4524941444396973,,91.07779598236084,0.04109525680541992
1787,3.459571123123169,,91.12822985649109,0.028232574462890625
1788,3.4457883834838867,,91.17870998382568,0.031321048736572266
1789,3.444563627243042,,91.22969484329224,0.035005807876586914
1790,3.439262628555298,,91.28046226501465,0.038222312927246094
1791,3.45212459564209,,91.33107542991638,0.04166054725646973
1792,3.447021961212158,,91.38146305084229,0.028483152389526367
1793,3.436532497406006,,91.43294358253479,0.032735586166381836
1794,3.4232840538024902,,91.48344302177429,0.03556108474731445
1795,3.4749040603637695,,91.53428173065186,0.03870558738708496
1796,3.452176570892334,,91.58495545387268,0.04220461845397949
1797,3.4451088905334473,,91.63734102249146,0.031516075134277344
1798,3.4526233673095703,,91.68707203865051,0.03363823890686035
1799,3.4336702823638916,,91.73836588859558,0.03747820854187012
1800,3.4440536499023438,0.9419943451881408,91.79265594482422,0.04416394233703613
1801,3.4336225986480713,,91.84298038482666,0.03154897689819336
1802,3.4570441246032715,,91.89400362968445,0.035344839096069336
1803,3.424790382385254,,91.94450068473816,0.038790225982666016
1804,3.4327099323272705,,91.99590802192688,0.04284524917602539
1805,3.4153647422790527,,92.04779577255249,0.03158712387084961
1806,3.425408363342285,,92.097243309021,0.03334832191467285
1807,3.4254071712493896,,92.1483268737793,0.03713536262512207
1808,3.433194637298584,,92.19956064224243,0.040984392166137695
1809,3.421806812286377,,92.25022912025452,0.02834463119506836
1810,3.440253734588623,,92.30077409744263,0.03131699562072754
1811,3.4324936866760254,,92.35200238227844,0.035225629806518555
1812,3.414254903793335,,92.40252828598022,0.037981510162353516
1813,3.397695302963257,,92.45393586158752,0.04186439514160156
1814,3.4176502227783203,,92.50705695152283,0.030736446380615234
1815,3.432974338531494,,92.55598974227905,0.03324079513549805
1816,3.4144678115844727,,92.60606217384338,0.036132097244262695
1817,3.426267385482788,,92.65703749656677,0.03895282745361328
1818,3.406916379928589,,92.70750331878662,0.026467084884643555
1819,3.4134888648986816,,92.76016116142273,0.031542062759399414
1820,3.4249401092529297,,92.80909132957458,0.033197641372680664
1821,3.4261043071746826,,92.86065435409546,0.03744387626647949
1822,3.4047470092773438,,92.91122055053711,0.04042840003967285
1823,3.4083027839660645,,92.96239423751831,0.028644084930419922
1824,3.4143593311309814,,93.01311230659485,0.03171253204345703
1825,3.427797794342041,,93.06425857543945,0.035430908203125
1826,3.4293136596679688,,93.11420941352844,0.03810381889343262
1827,3.4103219509124756,,93.16545414924622,0.04210376739501953
1828,3.402678966522217,,93.21841883659363,0.03172445297241211
1829,3.435626745223999,,93.26712107658386,0.03301882743835449
1830,3.404799222946167,,93.31865644454956,0.03759598731994629
1831,3.4081473350524902,,93.36800074577332,0.03939962387084961
1832,3.434023141860962,,93.4186041355133,0.02707195281982422
1833,3.3893299102783203,,93.47083568572998,0.03165936470031738
1834,3.4262099266052246,,93.5225875377655,0.035611867904663086
1835,3.400348663330078,,93.57212686538696,0.03746390342712402
1836,3.4003524780273438,,93.62295150756836,0.04088950157165527
1837,3.3925552368164062,,93.67396998405457,0.028788328170776367
1838,3.3742599487304688,,93.72612309455872,0.033492326736450195
1839,3.3855278491973877,,93.77727627754211,0.037470340728759766
1840,3.37381911277771,,93.82696413993835,0.04000234603881836
1841,3.3988661766052246,,93.87768197059631,0.027530431747436523
1842,3.3766043186187744,,93.93079233169556,0.033471107482910156
1843,3.3851490020751953,,93.98003077507019,0.0343775749206543
1844,3.4075443744659424,,94.03083515167236,0.0387730598449707
1845,3.390367031097412,,94.08131670951843,0.04210209846496582
1846,3.3876285552978516,,94.13400197029114,0.03161501884460449
1847,3.3929362297058105,,94.18334078788757,0.032395362854003906
1848,3.3799476623535156,,94.23268461227417,0.03538370132446289
1849,3.3794655799865723,,94.28427839279175,0.03957104682922363
1850,3.4006423950195312,,94.33498430252075,0.026970386505126953
1851,3.3627796173095703,,94.38681483268738,0.031610727310180664
1852,3.3854589462280273,,94.43845200538635,0.03581833839416504
1853,3.364764928817749,,94.48785614967346,0.03731226921081543
1854,3.377443790435791,,94.53863382339478,0.04071044921875
1855,3.359992742538452,,94.58924746513367,0.028092622756958008
1856,3.356860876083374,,94.63994789123535,0.03154945373535156
1857,3.3732495307922363,,94.6913332939148,0.03548908233642578
1858,3.366039991378784,,94.74198484420776,0.0387270450592041
1859,3.391817331314087,,94.79278635978699,0.04229903221130371
1860,3.3497800827026367,,94.8453598022461,0.03185439109802246
1861,3.359206199645996,,94.89485168457031,0.03376030921936035
1862,3.3719656467437744,,94.94664525985718,0.03769993782043457
1863,3.3831772804260254,,94.99699783325195,0.04058504104614258
1864,3.3762407302856445,,95.04823040962219,0.028490543365478516
1865,3.362036943435669,,95.09921956062317,0.03200578689575195
1866,3.376573085784912,,95.15056467056274,0.03546619415283203
1867,3.3656928539276123,,95.20060205459595,0.0379793643951416
1868,3.35355806350708,,95.25163102149963,0.04167747497558594
1869,3.371943712234497,,95.30451393127441,0.03148508071899414
1870,3.3768367767333984,,95.35363674163818,0.03257346153259277
1871,3.360646963119507,,95.40518045425415,0.03739333152770996
1872,3.390986442565918,,95.4552788734436,0.04010128974914551
1873,3.3607659339904785,,95.50562739372253,0.027351856231689453
1874,3.345808744430542,,95.5573103427887,0.030463695526123047
1875,3.364577531814575,,95.60672330856323,0.033341169357299805
1876,3.3556714057922363,,95.65813684463501,0.03748679161071777
1877,3.309568405151367,,95.70884466171265,0.040781259536743164
1878,3.351499557495117,,95.75938630104065,0.02813887596130371
1879,3.3312180042266846,,95.80976366996765,0.03135538101196289
1880,3.351989984512329,,95.8615574836731,0.03588151931762695
1881,3.3436005115509033,,95.9113495349884,0.03769683837890625
1882,3.3626317977905273,,95.9563672542572,0.035242557525634766
1883,3.336820602416992,,96.00782299041748,0.021260738372802734
1884,3.334453821182251,,96.0633955001831,0.02564692497253418
1885,3.3469581604003906,,96.1107177734375,0.023816347122192383
1886,3.3493471145629883,,96.16577386856079,0.028032302856445312
1887,3.32536244392395,,96.21531653404236,0.041311025619506836
1888,3.346693515777588,,96.26626348495483,0.028453350067138672
1889,3.3440022468566895,,96.31698608398438,0.03153276443481445
1890,3.3673200607299805,,96.36802196502686,0.035230159759521484
1891,3.3160290718078613,,96.41877841949463,0.03867673873901367
1892,3.3407325744628906,,96.4699969291687,0.0420536994934082
1893,3.342346429824829,,96.52081608772278,0.029462814331054688
1894,3.3354873657226562,,96.57082772254944,0.0318760871887207
1895,3.3335213661193848,,96.62172389030457,0.034914255142211914
1896,3.3279166221618652,,96.6726541519165,0.03925156593322754
1897,3.3111326694488525,,96.72333145141602,0.04083895683288574
1898,3.3049204349517822,,96.77616095542908,0.03192329406738281
1899,3.328026294708252,,96.82552480697632,0.03353238105773926
1900,3.3304967880249023,0.9433322787284851,96.87949252128601,0.04002833366394043
1901,3.323869466781616,,96.93020987510681,0.027576923370361328
1902,3.3017945289611816,,96.98351645469666,0.03353524208068848
1903,3.32438325881958,,97.03297829627991,0.03576374053955078
1904,3.3235039710998535,,97.08310127258301,0.03837847709655762
1905,3.340298891067505,,97.12397193908691,0.03140759468078613
1906,3.317354440689087,,97.18711686134338,0.031679630279541016
1907,3.3255200386047363,,97.23867678642273,0.03586387634277344
1908,3.3322386741638184,,97.28935933113098,0.0324397087097168
1909,3.327615976333618,,97.33986520767212,0.04184293746948242
1910,3.3104090690612793,,97.39028882980347,0.0291597843170166
1911,3.316035270690918,,97.44291424751282,0.03390097618103027
1912,3.3129281997680664,,97.49252772331238,0.03557467460632324
1913,3.3261098861694336,,97.54313707351685,0.038465023040771484
1914,3.2819113731384277,,97.59407186508179,0.04182600975036621
1915,3.3128409385681152,,97.64670205116272,0.031401634216308594
1916,3.306931972503662,,97.69558048248291,0.03319811820983887
1917,3.2959890365600586,,97.74683213233948,0.037552595138549805
1918,3.3147013187408447,,97.7971043586731,0.04057025909423828
1919,3.302952289581299,,97.84818029403687,0.02882075309753418
1920,3.3022284507751465,,97.89887189865112,0.03173398971557617
1921,3.2955164909362793,,97.9504406452179,0.035532236099243164
1922,3.309241771697998,,98.00055599212646,0.03797149658203125
1923,3.3034439086914062,,98.05149435997009,0.04127860069274902
1924,3.303593635559082,,98.10208106040955,0.028372764587402344
1925,3.292691230773926,,98.15291500091553,0.02758955955505371
1926,3.301304817199707,,98.20036029815674,0.03142523765563965
1927,3.278388023376465,,98.25590991973877,0.03975343704223633
1928,3.305541515350342,,98.306325674057,0.026990413665771484
1929,3.2904934883117676,,98.36192035675049,0.03497767448425293
1930,3.308568000793457,,98.40517950057983,0.03150129318237305
1931,3.3117928504943848,,98.46422576904297,0.027477025985717773
1932,3.2936697006225586,,98.51574873924255,0.0315096378326416
1933,3.2857789993286133,,98.56523418426514,0.03338766098022461
1934,3.291060447692871,,98.615149974823,0.03581857681274414
1935,3.28928279876709,,98.66614699363708,0.039055824279785156
1936,3.3079490661621094,,98.71658110618591,0.04205036163330078
1937,3.30001163482666,,98.76941442489624,0.03167390823364258
1938,3.3104677200317383,,98.81880784034729,0.03367328643798828
1939,3.2814853191375732,,98.87046337127686,0.03783297538757324
1940,3.30764102935791,,98.9200348854065,0.03948402404785156
1941,3.2877044677734375,,98.97100710868835,0.027169227600097656
1942,3.266353130340576,,99.02466654777527,0.033443450927734375
1943,3.281327486038208,,99.07598209381104,0.03746986389160156
1944,3.2807421684265137,,99.1254243850708,0.039604902267456055
1945,3.287598133087158,,99.17605352401733,0.027010202407836914
1946,3.2878799438476562,,99.22766995429993,0.03142094612121582
1947,3.284224271774292,,99.2777328491211,0.033998966217041016
1948,3.280348300933838,,99.3227653503418,0.03137516975402832
1949,3.2791080474853516,,99.37999200820923,0.04147744178771973
1950,3.268731117248535,,99.43068528175354,0.02760004997253418
1951,3.2682719230651855,,99.48281717300415,0.03367805480957031
1952,3.2740015983581543,,99.53388667106628,0.03741025924682617
1953,3.282379150390625,,99.58368420600891,0.03985118865966797
1954,3.276925563812256,,99.6343264579773,0.027431249618530273
1955,3.2643232345581055,,99.68540573120117,0.03134608268737793
1956,3.2700934410095215,,99.73714971542358,0.03564047813415527
1957,3.259781837463379,,99.78729701042175,0.03846406936645508
1958,3.253268241882324,,99.83845973014832,0.04217219352722168
1959,3.266211748123169,,99.89148092269897,0.03178858757019043
1960,3.253190517425537,,99.94038105010986,0.0332179069519043
1961,3.2609801292419434,,99.99183464050293,0.03747916221618652
1962,3.2775492668151855,,100.04161071777344,0.03967428207397461
1963,3.266519069671631,,100.09211134910583,0.026885032653808594
1964,3.2442171573638916,,100.14416742324829,0.031427621841430664
1965,3.2676098346710205,,100.19568753242493,0.03581404685974121
1966,3.259640693664551,,100.24520778656006,0.0377805233001709
1967,3.237563133239746,,100.29632687568665,0.04163980484008789
1968,3.2836191654205322,,100.3493824005127,0.03138279914855957
1969,3.2451021671295166,,100.40289115905762,0.03779029846191406
1970,3.265444755554199,,100.44436264038086,0.02004408836364746
1971,3.259187698364258,,100.50934600830078,0.03361988067626953
1972,3.294544219970703,,100.55870842933655,0.03538393974304199
1973,3.265944004058838,,100.61021900177002,0.039830684661865234
1974,3.268242835998535,,100.66534376144409,0.03142976760864258
1975,3.246253728866577,,100.71439599990845,0.033225059509277344
1976,3.254108428955078,,100.76632237434387,0.03786611557006836
1977,3.2638983726501465,,100.81657004356384,0.040579795837402344
1978,3.2529749870300293,,100.86712646484375,0.027867555618286133
1979,3.2599141597747803,,100.91761422157288,0.030867576599121094
1980,3.211555004119873,,100.96903586387634,0.03536033630371094
1981,3.243025779724121,,101.01953411102295,0.03851771354675293
1982,3.2355785369873047,,101.07014918327332,0.0416407585144043
1983,3.261115074157715,,101.12088012695312,0.02908778190612793
1984,3.2390642166137695,,101.17262244224548,0.033518314361572266
1985,3.24308443069458,,101.22372841835022,0.037425994873046875
1986,3.2225751876831055,,101.27363538742065,0.040003061294555664
1987,3.26279878616333,,101.32449388504028,0.02750253677368164
1988,3.271491527557373,,101.37792301177979,0.033667802810668945
1989,3.2569689750671387,,101.4273431301117,0.035407066345214844
1990,3.2500486373901367,,101.47806406021118,0.03889918327331543
1991,3.2383885383605957,,101.52854919433594,0.04196429252624512
1992,3.220940113067627,,101.58093285560608,0.03140735626220703
1993,3.247310161590576,,101.62991881370544,0.030235767364501953
1994,3.2406463623046875,,101.68130111694336,0.03738069534301758
1995,3.227656602859497,,101.73104238510132,0.040041208267211914
1996,3.2438840866088867,,101.78154945373535,0.027447223663330078
1997,3.228084087371826,,101.83392763137817,0.03120112419128418
1998,3.214045524597168,,101.88291335105896,0.033299922943115234
1999,3.2367188930511475,,101.93474078178406,0.03772091865539551
2000,3.256300926208496,0.9414733529090882,101.98792481422424,0.0430753231048584
2001,3.257498264312744,,102.0391309261322,0.031067609786987305
2002,3.2220592498779297,,102.0901837348938,0.03534746170043945
2003,3.2426815032958984,,102.14120483398438,0.03912067413330078
2004,3.2245702743530273,,102.1924946308136,0.042873382568359375
2005,3.212371826171875,,102.2451183795929,0.03209328651428223
2006,3.2153923511505127,,102.29870414733887,0.03777742385864258
2007,3.210766315460205,,102.35326647758484,0.044554710388183594
2008,3.200922966003418,,102.40400695800781,0.03178596496582031
2009,3.2190768718719482,,102.45163917541504,0.0316164493560791
2010,3.238309383392334,,102.50699210166931,0.03952360153198242
2011,3.214865207672119,,102.55747509002686,0.026758193969726562
2012,3.1952829360961914,,102.60975766181946,0.031805992126464844
2013,3.20965838432312,,102.66134667396545,0.03590559959411621
2014,3.1984310150146484,,102.71250176429749,0.03909635543823242
2015,3.2076587677001953,,102.76306295394897,0.042109012603759766
2016,3.218874931335449,,102.81609010696411,0.03194403648376465
2017,3.195665121078491,,102.86474585533142,0.032918691635131836
2018,3.194201707839966,,102.91624855995178,0.037450551986694336
2019,3.213369131088257,,102.96642208099365,0.040247440338134766
2020,3.217545509338379,,103.01724171638489,0.028080463409423828
2021,3.2094473838806152,,103.06799006462097,0.031501054763793945
2022,3.237027406692505,,103.11957097053528,0.03550982475280762
2023,3.2027106285095215,,103.16927456855774,0.03765106201171875
2024,3.2255167961120605,,103.21994376182556,0.040692806243896484
2025,3.19854736328125,,103.27049851417542,0.027881145477294922
2026,3.2287120819091797,,103.32124924659729,0.03107428550720215
2027,3.2133851051330566,,103.37316226959229,0.03588104248046875
2028,3.1803150177001953,,103.42318487167358,0.038338661193847656
2029,3.219212532043457,,103.47446584701538,0.0422360897064209
2030,3.2019107341766357,,103.52506017684937,0.02942514419555664
2031,3.2293825149536133,,103.57521438598633,0.03144383430480957
2032,3.1913557052612305,,103.62706327438354,0.03573250770568848
2033,3.1872434616088867,,103.67723417282104,0.03805422782897949
2034,3.1866259574890137,,103.72800612449646,0.04074597358703613
2035,3.199702739715576,,103.77855587005615,0.02830791473388672
2036,3.205188751220703,,103.82887315750122,0.031505584716796875
2037,3.1965935230255127,,103.87948846817017,0.03490495681762695
2038,3.1900687217712402,,103.93012881278992,0.03869342803955078
2039,3.180889368057251,,103.98093700408936,0.04230308532714844
2040,3.1537551879882812,,104.0338032245636,0.03189516067504883
2041,3.2050790786743164,,104.08261585235596,0.03302359580993652
2042,3.1816697120666504,,104.13606309890747,0.03947854042053223
2043,3.185401439666748,,104.19186592102051,0.047882795333862305
2044,3.1917805671691895,,104.24101424217224,0.03341865539550781
2045,3.197874069213867,,104.2922568321228,0.037398338317871094
2046,3.192441940307617,,104.34231376647949,0.03998899459838867
2047,3.1875698566436768,,104.39266610145569,0.027193069458007812
2048,3.1846697330474854,,104.44446969032288,0.031621456146240234
2049,3.185619831085205,,104.49577522277832,0.03545522689819336
2050,3.19537353515625,,104.54546546936035,0.037570953369140625
2051,3.167635440826416,,104.59580492973328,0.040460824966430664
2052,3.1798055171966553,,104.64668869972229,0.02840733528137207
2053,3.1904189586639404,,104.69718194007874,0.03139829635620117
2054,3.1701319217681885,,104.74857425689697,0.035411834716796875
2055,3.186577796936035,,104.79955196380615,0.03913712501525879
2056,3.1854090690612793,,104.85296750068665,0.044820547103881836
2057,3.178496837615967,,104.90518188476562,0.0316164493560791
2058,3.1784229278564453,,104.95443177223206,0.03556346893310547
2059,3.197052001953125,,105.005455493927,0.03902745246887207
2060,3.1726369857788086,,105.0559413433075,0.04157543182373047
2061,3.1732988357543945,,105.10647177696228,0.02762913703918457
2062,3.167877197265625,,105.15885496139526,0.033728599548339844
2063,3.18002986907959,,105.20835494995117,0.0353851318359375
2064,3.187838554382324,,105.25904035568237,0.03870964050292969
2065,3.198767900466919,,105.30997896194458,0.04190659523010254
2066,3.1624512672424316,,105.36279773712158,0.031538963317871094
2067,3.1880877017974854,,105.41185545921326,0.03338146209716797
2068,3.1710028648376465,,105.4633584022522,0.03743171691894531
2069,3.2028698921203613,,105.51412034034729,0.04093623161315918
2070,3.168957233428955,,105.56464433670044,0.028319120407104492
2071,3.1751914024353027,,105.61505341529846,0.03162574768066406
2072,3.191521167755127,,105.66703009605408,0.0358731746673584
2073,3.1728086471557617,,105.71701669692993,0.03796839714050293
2074,3.16868257522583,,105.76812386512756,0.041837453842163086
2075,3.176849365234375,,105.82121396064758,0.0318903923034668
2076,3.157848358154297,,105.87021803855896,0.03331184387207031
2077,3.1642837524414062,,105.92215919494629,0.037851810455322266
2078,3.1509594917297363,,105.97202920913696,0.04012107849121094
2079,3.149838924407959,,106.02354669570923,0.028326988220214844
2080,3.162116050720215,,106.07409906387329,0.030970096588134766
2081,3.176417589187622,,106.127690076828,0.03770041465759277
2082,3.1672163009643555,,106.17701292037964,0.03961491584777832
2083,3.1548354625701904,,106.22798657417297,0.0274658203125
2084,3.174614906311035,,106.27977991104126,0.0318140983581543
2085,3.172545909881592,,106.32950139045715,0.03361034393310547
2086,3.159834861755371,,106.38093781471252,0.037479400634765625
2087,3.160613536834717,,106.43055653572083,0.03966689109802246
2088,3.180039882659912,,106.48182845115662,0.027628660202026367
2089,3.1515562534332275,,106.53344416618347,0.031871795654296875
2090,3.1381189823150635,,106.5828902721405,0.032248497009277344
2091,3.164987564086914,,106.63432741165161,0.03773760795593262
2092,3.1590335369110107,,106.685617685318,0.04123044013977051
2093,3.169375419616699,,106.73631143569946,0.027907609939575195
2094,3.161410331726074,,106.78686571121216,0.031089067459106445
2095,3.1608431339263916,,106.83819603919983,0.035400390625
2096,3.1423892974853516,,106.88888096809387,0.03893303871154785
2097,3.139324903488159,,106.93969225883484,0.04236721992492676
2098,3.1429338455200195,,106.99213695526123,0.03164315223693848
2099,3.166194438934326,,107.0412278175354,0.033334970474243164
2100,3.1470301151275635,0.9407818794250489,107.09581470489502,0.040773868560791016
2101,3.1593871116638184,,107.14660358428955,0.02840709686279297
2102,3.1281847953796387,,107.1969313621521,0.031488656997680664
2103,3.1573517322540283,,107.24875545501709,0.03571963310241699
2104,3.1668930053710938,,107.29869818687439,0.03786516189575195
2105,3.1647491455078125,,107.34972810745239,0.04114365577697754
2106,3.132537364959717,,107.4007728099823,0.029254674911499023
2107,3.145712375640869,,107.45274662971497,0.033807992935180664
2108,3.1463632583618164,,107.50400590896606,0.037413835525512695
2109,3.138549327850342,,107.55330467224121,0.03944706916809082
2110,3.143557071685791,,107.60368728637695,0.026447534561157227
2111,3.1400768756866455,,107.65588331222534,0.03151535987854004
2112,3.143737316131592,,107.7045350074768,0.03292965888977051
2113,3.1350531578063965,,107.75582671165466,0.03740954399108887
2114,3.1821980476379395,,107.80648040771484,0.04053092002868652
2115,3.143164873123169,,107.85718750953674,0.028414249420166016
2116,3.126678943634033,,107.90760087966919,0.03154253959655762
2117,3.147810459136963,,107.9595730304718,0.035823822021484375
2118,3.1407556533813477,,108.01027297973633,0.03861641883850098
2119,3.1276047229766846,,108.06033611297607,0.041501760482788086
2120,3.11910343170166,,108.11338710784912,0.03173971176147461
2121,3.131038188934326,,108.16249775886536,0.03338909149169922
2122,3.1153111457824707,,108.21405744552612,0.03779196739196777
2123,3.168560743331909,,108.2649130821228,0.041374921798706055
2124,3.135458469390869,,108.31552529335022,0.02894902229309082
2125,3.1047616004943848,,108.36680364608765,0.033113718032836914
2126,3.110136032104492,,108.41846990585327,0.03761029243469238
2127,3.1397619247436523,,108.46871280670166,0.04020261764526367
2128,3.123335361480713,,108.51974439620972,0.028286218643188477
2129,3.1232259273529053,,108.57215547561646,0.03337740898132324
2130,3.1385161876678467,,108.62161684036255,0.03571009635925293
2131,3.1302947998046875,,108.67136597633362,0.0376133918762207
2132,3.1265249252319336,,108.72203803062439,0.04073977470397949
2133,3.134126663208008,,108.77297687530518,0.028663158416748047
2134,3.1245415210723877,,108.82338953018188,0.031449079513549805
2135,3.1254446506500244,,108.87480902671814,0.03543210029602051
2136,3.1294870376586914,,108.92549705505371,0.03882002830505371
2137,3.1367011070251465,,108.98128151893616,0.04730582237243652
2138,3.1299123764038086,,109.02987170219421,0.032903432846069336
2139,3.11258602142334,,109.08138036727905,0.03741145133972168
2140,3.1110756397247314,,109.13092970848083,0.039644718170166016
2141,3.118502616882324,,109.18144583702087,0.026922941207885742
2142,3.111823081970215,,109.23358511924744,0.03166079521179199
2143,3.1200246810913086,,109.28276896476746,0.03350019454956055
2144,3.1343936920166016,,109.33395504951477,0.03742861747741699
2145,3.126317024230957,,109.38455867767334,0.040795087814331055
2146,3.113548994064331,,109.43529915809631,0.02858257293701172
2147,3.0958471298217773,,109.48759269714355,0.03337502479553223
2148,3.1083145141601562,,109.53871440887451,0.03741955757141113
2149,3.1064937114715576,,109.58819890022278,0.039783477783203125
2150,3.1121745109558105,,109.63877415657043,0.027487516403198242
2151,3.1185431480407715,,109.68969583511353,0.031017065048217773
2152,3.1252171993255615,,109.74078559875488,0.0354154109954834
2153,3.1129403114318848,,109.7920172214508,0.03910231590270996
2154,3.0973591804504395,,109.84314632415771,0.0425419807434082
2155,3.0899641513824463,,109.89612746238708,0.03196215629577637
2156,3.1022348403930664,,109.94503450393677,0.03323054313659668
2157,3.1095972061157227,,109.99595403671265,0.037255287170410156
2158,3.1333441734313965,,110.04647159576416,0.040624380111694336
2159,3.106154441833496,,110.09768915176392,0.028943300247192383
2160,3.108442783355713,,110.14849805831909,0.029923439025878906
2161,3.0932393074035645,,110.19983291625977,0.035400390625
2162,3.110330104827881,,110.25041913986206,0.03862142562866211
2163,3.086124897003174,,110.30161380767822,0.04266023635864258
2164,3.100919246673584,,110.35418677330017,0.030495882034301758
2165,3.12149715423584,,110.4033203125,0.033449649810791016
2166,3.1084976196289062,,110.45481085777283,0.037450551986694336
2167,3.0996451377868652,,110.50525140762329,0.04059624671936035
2168,3.0865862369537354,,110.55575776100159,0.027748584747314453
2169,3.119082450866699,,110.6071674823761,0.03177237510681152
2170,3.0733790397644043,,110.65650248527527,0.03358745574951172
2171,3.084120750427246,,110.70764565467834,0.03738212585449219
2172,3.1035518646240234,,110.75807499885559,0.040480852127075195
2173,3.080127716064453,,110.80863308906555,0.027948617935180664
2174,3.092496871948242,,110.85947704315186,0.03111433982849121
2175,3.1089930534362793,,110.91087460517883,0.03531289100646973
2176,3.1044557094573975,,110.96166753768921,0.039072275161743164
2177,3.1071393489837646,,111.01246356964111,0.027011394500732422
2178,3.092435836791992,,111.06427955627441,0.03167843818664551
2179,3.1001503467559814,,111.11406087875366,0.03406023979187012
2180,3.0917797088623047,,111.16607737541199,0.0380403995513916
2181,3.085843563079834,,111.21730852127075,0.04160284996032715
2182,3.0730390548706055,,111.26997661590576,0.031488656997680664
2183,3.1059999465942383,,111.31938767433167,0.03370857238769531
2184,3.0965075492858887,,111.3708655834198,0.037430524826049805
2185,3.097501039505005,,111.42044281959534,0.03952598571777344
2186,3.095550537109375,,111.47118496894836,0.02714371681213379
2187,3.0795137882232666,,111.52229833602905,0.031137943267822266
2188,3.0916547775268555,,111.57369995117188,0.03545832633972168
2189,3.0741710662841797,,111.62337899208069,0.03778338432312012
2190,3.082383632659912,,111.67428088188171,0.04140639305114746
2191,3.0902047157287598,,111.72543358802795,0.02926015853881836
2192,3.0722570419311523,,111.77700996398926,0.033577919006347656
2193,3.0765888690948486,,111.82650923728943,0.03562569618225098
2194,3.078559160232544,,111.87713718414307,0.03863048553466797
2195,3.0631532669067383,,111.92815685272217,0.04252433776855469
2196,3.0897772312164307,,111.98064064979553,0.03175926208496094
2197,3.08735990524292,,112.02985715866089,0.03347206115722656
2198,3.0794520378112793,,112.08116912841797,0.02828359603881836
2199,3.0705316066741943,,112.13188028335571,0.040558815002441406
2200,3.086514711380005,0.9410285115242004,112.18643832206726,0.031783103942871094
2201,3.075512409210205,,112.23608827590942,0.03351855278015137
2202,3.0772323608398438,,112.28742051124573,0.037389278411865234
2203,3.072941780090332,,112.33764410018921,0.040547847747802734
2204,3.071023941040039,,112.3883285522461,0.0276944637298584
2205,3.074068069458008,,112.44004273414612,0.03170633316040039
2206,3.072448253631592,,112.49149203300476,0.035448551177978516
2207,3.0800304412841797,,112.5410099029541,0.037451982498168945
2208,3.0729188919067383,,112.59092426300049,0.04006147384643555
2209,3.0705490112304688,,112.6415524482727,0.027597665786743164
2210,3.068380832672119,,112.692312002182,0.03090524673461914
2211,3.092587471008301,,112.74389576911926,0.035454750061035156
2212,3.083066463470459,,112.79351687431335,0.03769993782043457
2213,3.060913562774658,,112.84456968307495,0.040381669998168945
2214,3.064267158508301,,112.8953378200531,0.028567790985107422
2215,3.0584447383880615,,112.94606733322144,0.0316464900970459
2216,3.0766215324401855,,112.99723887443542,0.0353388786315918
2217,3.0697855949401855,,113.04750108718872,0.03737449645996094
2218,3.0817666053771973,,113.09839940071106,0.0419011116027832
2219,3.0671486854553223,,113.15139150619507,0.03168845176696777
2220,3.0699462890625,,113.20261478424072,0.035497188568115234
2221,3.0725929737091064,,113.25213479995728,0.03746819496154785
2222,3.060241460800171,,113.30249834060669,0.04028630256652832
2223,3.082172393798828,,113.35325217247009,0.02811408042907715
2224,3.0647964477539062,,113.40389943122864,0.031500816345214844
2225,3.040515184402466,,113.45522356033325,0.03548383712768555
2226,3.0537736415863037,,113.5060920715332,0.03919625282287598
2227,3.0677237510681152,,113.55704736709595,0.027028560638427734
2228,3.0523877143859863,,113.6094799041748,0.031763553619384766
2229,3.0625698566436768,,113.65853548049927,0.03327226638793945
2230,3.051908016204834,,113.70990538597107,0.0374455451965332
2231,3.064655303955078,,113.75989651679993,0.03995180130004883
2232,3.0572566986083984,,113.8106689453125,0.027606964111328125
2233,3.0388150215148926,,113.86195659637451,0.03136086463928223
2234,3.047835111618042,,113.91314172744751,0.035437583923339844
2235,3.065838098526001,,113.96392893791199,0.03887176513671875
2236,3.046254873275757,,114.01495957374573,0.04246807098388672
2237,3.0450377464294434,,114.06725811958313,0.03134608268737793
2238,3.0548853874206543,,114.1159245967865,0.03291893005371094
2239,3.047283411026001,,114.16732692718506,0.03745603561401367
2240,3.070131301879883,,114.21778631210327,0.04054832458496094
2241,3.0688421726226807,,114.26847314834595,0.027988672256469727
2242,3.053304672241211,,114.31935691833496,0.03172111511230469
2243,3.0686068534851074,,114.37060022354126,0.03537130355834961
2244,3.0467233657836914,,114.42141842842102,0.03875589370727539
2245,3.0519309043884277,,114.47281002998352,0.04275989532470703
2246,3.0361075401306152,,114.52408528327942,0.031122207641601562
2247,3.0487594604492188,,114.57574367523193,0.03558778762817383
2248,3.041895627975464,,114.62570524215698,0.03829479217529297
2249,3.042732000350952,,114.67659544944763,0.04186677932739258
2250,3.0502142906188965,,114.72955083847046,0.0316159725189209
2251,3.0345849990844727,,114.77862906455994,0.033359527587890625
2252,3.0548317432403564,,114.83025932312012,0.03747677803039551
2253,3.049102544784546,,114.88027906417847,0.03987455368041992
2254,3.046297073364258,,114.9311375617981,0.027656078338623047
2255,3.0626296997070312,,114.98238348960876,0.03145170211791992
2256,3.037301540374756,,115.03428721427917,0.0358281135559082
2257,3.0377752780914307,,115.08405685424805,0.037728071212768555
2258,3.0558066368103027,,115.1349937915802,0.04114389419555664
2259,3.021876335144043,,115.18832898139954,0.03159213066101074
2260,3.0538063049316406,,115.23707890510559,0.03302264213562012
2261,3.044279098510742,,115.28842329978943,0.037424564361572266
2262,3.02681827545166,,115.33851671218872,0.040117740631103516
2263,3.0286266803741455,,115.38944602012634,0.027690649032592773
2264,3.0423974990844727,,115.44035243988037,0.031197547912597656
2265,3.0224642753601074,,115.49180221557617,0.03539013862609863
2266,3.0447826385498047,,115.54224157333374,0.038570404052734375
2267,3.047239303588867,,115.59257650375366,0.04145240783691406
2268,3.029616117477417,,115.64545202255249,0.0314030647277832
2269,3.048276901245117,,115.69432044029236,0.033090829849243164
2270,3.0491526126861572,,115.74587821960449,0.03748512268066406
2271,3.0226728916168213,,115.79647159576416,0.0396733283996582
2272,3.0262868404388428,,115.84744381904602,0.028189659118652344
2273,3.0462117195129395,,115.89799571037292,0.03165125846862793
2274,3.0358524322509766,,115.94937133789062,0.0354311466217041
2275,3.041755199432373,,116.00007224082947,0.03760862350463867
2276,3.0323452949523926,,116.05080723762512,0.04233074188232422
2277,3.040348529815674,,116.10348129272461,0.031801700592041016
2278,3.0361618995666504,,116.15253639221191,0.03337717056274414
2279,3.036102294921875,,116.2041015625,0.03748655319213867
2280,3.028383493423462,,116.25476551055908,0.04093599319458008
2281,3.0399551391601562,,116.30551791191101,0.02861952781677246
2282,3.013812303543091,,116.35606598854065,0.031746864318847656
2283,3.033993721008301,,116.40729022026062,0.03534269332885742
2284,3.0195424556732178,,116.4579267501831,0.0387265682220459
2285,3.0338194370269775,,116.50922203063965,0.042769432067871094
2286,3.039606809616089,,116.56129550933838,0.03170371055603027
2287,3.0314931869506836,,116.61277604103088,0.03578042984008789
2288,3.0261330604553223,,116.66231155395508,0.037645816802978516
2289,3.033000946044922,,116.71271204948425,0.040609121322631836
2290,3.031249761581421,,116.76360154151917,0.02861762046813965
2291,2.9930496215820312,,116.81437945365906,0.031816959381103516
2292,3.0207114219665527,,116.8656358718872,0.035431623458862305
2293,3.0146684646606445,,116.91627550125122,0.03865933418273926
2294,3.0035316944122314,,116.96718263626099,0.04197835922241211
2295,3.0280613899230957,,117.01805090904236,0.02912425994873047
2296,3.02001953125,,117.06990551948547,0.03367924690246582
2297,3.019538402557373,,117.11944508552551,0.03547787666320801
2298,3.016551971435547,,117.17050170898438,0.039154052734375
2299,3.028010845184326,,117.22163701057434,0.04269289970397949
2300,3.0049381256103516,0.9402266502380371,117.27605772018433,0.03363800048828125
2301,3.042569160461426,,117.32735586166382,0.03758716583251953
2302,3.0144543647766113,,117.37745594978333,0.040056705474853516
2303,3.0101609230041504,,117.42823791503906,0.02771782875061035
2304,3.0354175567626953,,117.47900295257568,0.031069517135620117
2305,3.0084304809570312,,117.53010702133179,0.03540968894958496
2306,3.037804126739502,,117.58095717430115,0.03874778747558594
2307,3.011334180831909,,117.63158988952637,0.041658639907836914
2308,3.0067026615142822,,117.68442368507385,0.031501054763793945
2309,2.998322010040283,,117.73358678817749,0.03349423408508301
2310,3.0066311359405518,,117.78511762619019,0.03743934631347656
2311,3.002661943435669,,117.83514213562012,0.04028439521789551
2312,2.9979662895202637,,117.88584661483765,0.027956724166870117
2313,3.004108428955078,,117.9365463256836,0.03153395652770996
2314,3.0097646713256836,,117.98772597312927,0.03531765937805176
2315,2.9906392097473145,,118.03849673271179,0.03899717330932617
2316,2.995248317718506,,118.08963418006897,0.042569637298583984
2317,3.0000743865966797,,118.14179801940918,0.031432151794433594
2318,3.0047483444213867,,118.18915271759033,0.03139758110046387
2319,2.9825801849365234,,118.2524881362915,0.03187870979309082
2320,2.981720209121704,,118.30163264274597,0.033431053161621094
2321,2.993365526199341,,118.35304665565491,0.0374453067779541
2322,2.9976444244384766,,118.4024772644043,0.03952431678771973
2323,3.010920524597168,,118.4529914855957,0.026903867721557617
2324,2.993435859680176,,118.50525093078613,0.031612396240234375
2325,2.9914324283599854,,118.55399584770203,0.03300762176513672
2326,2.9801502227783203,,118.60527014732361,0.037412166595458984
2327,2.9910879135131836,,118.65564179420471,0.040632009506225586
2328,3.014193534851074,,118.70625162124634,0.028321266174316406
2329,2.9910025596618652,,118.75674557685852,0.0314183235168457
2330,2.9833664894104004,,118.80803084373474,0.03543210029602051
2331,3.0106911659240723,,118.85778474807739,0.03785872459411621
2332,2.9653398990631104,,118.90883684158325,0.041582345962524414
2333,2.9874534606933594,,118.96194839477539,0.031424522399902344
2334,2.974449396133423,,119.01060652732849,0.03298234939575195
2335,2.995312213897705,,119.06240797042847,0.037665605545043945
2336,3.023813247680664,,119.11224031448364,0.03975486755371094
2337,2.9981870651245117,,119.16270995140076,0.026955366134643555
2338,3.0008320808410645,,119.21497225761414,0.03162503242492676
2339,2.98637056350708,,119.26409554481506,0.0334315299987793
2340,2.993929862976074,,119.31543827056885,0.03760051727294922
2341,2.98158597946167,,119.3658356666565,0.04033255577087402
2342,2.979815721511841,,119.41678142547607,0.02830672264099121
2343,2.9932236671447754,,119.46735715866089,0.0317683219909668
2344,2.9952855110168457,,119.51874351501465,0.035401105880737305
2345,2.987328052520752,,119.56958770751953,0.038707733154296875
2346,2.9744157791137695,,119.62095475196838,0.04280734062194824
2347,2.9751625061035156,,119.67203283309937,0.03092336654663086
2348,2.9887218475341797,,119.72369146347046,0.035530805587768555
2349,2.993802547454834,,119.773118019104,0.03750753402709961
2350,2.980299949645996,,119.82350850105286,0.040457725524902344
2351,2.9851155281066895,,119.87395739555359,0.0274810791015625
2352,2.9861531257629395,,119.9255018234253,0.031438589096069336
2353,2.9846343994140625,,119.97509479522705,0.03345298767089844
2354,2.9821598529815674,,120.02653121948242,0.037393808364868164
2355,2.994594097137451,,120.07702994346619,0.04074287414550781
2356,2.9888968467712402,,120.12780737876892,0.028594970703125
2357,3.0020008087158203,,120.17836833000183,0.03156614303588867
2358,2.977886199951172,,120.22974562644958,0.03541231155395508
2359,2.98907470703125,,120.28271818161011,0.04087495803833008
2360,2.9741051197052,,120.33362531661987,0.02877950668334961
2361,2.990283489227295,,120.38394141197205,0.03150177001953125
2362,2.961203098297119,,120.43512868881226,0.03544306755065918
2363,2.9795050621032715,,120.48610019683838,0.03882575035095215
2364,2.98569393157959,,120.53682613372803,0.04228401184082031
2365,2.9839024543762207,,120.58973503112793,0.03200578689575195
2366,2.966066837310791,,120.63864231109619,0.033193349838256836
2367,2.987791061401367,,120.6838607788086,0.03153562545776367
2368,2.982029914855957,,120.74285531044006,0.02700328826904297
2369,2.968109130859375,,120.79464292526245,0.03160691261291504
2370,2.9690699577331543,,120.84426522254944,0.03350353240966797
2371,2.9786441326141357,,120.89610266685486,0.0379328727722168
2372,2.9773807525634766,,120.946692943573,0.040584564208984375
2373,2.971815347671509,,120.99722385406494,0.028031349182128906
2374,2.981165885925293,,121.04866695404053,0.03181862831115723
2375,2.97560977935791,,121.09810996055603,0.03331112861633301
2376,2.950385570526123,,121.14944815635681,0.03739762306213379
2377,2.966736316680908,,121.19923329353333,0.0400547981262207
2378,2.9880266189575195,,121.24970054626465,0.027486801147460938
2379,2.975475549697876,,121.30029892921448,0.030928850173950195
2380,2.985442638397217,,121.35207009315491,0.035814762115478516
2381,2.979128360748291,,121.40187668800354,0.03774309158325195
2382,2.9734435081481934,,121.45254302024841,0.040863990783691406
2383,2.974656105041504,,121.50329542160034,0.028627395629882812
2384,2.963695526123047,,121.55375003814697,0.03133845329284668
2385,2.9719743728637695,,121.60515260696411,0.03557181358337402
2386,2.9550528526306152,,121.65566086769104,0.03870820999145508
2387,2.972097158432007,,121.70691251754761,0.04268026351928711
2388,2.958765983581543,,121.7588438987732,0.031670331954956055
2389,2.9757728576660156,,121.81057167053223,0.03560209274291992
2390,2.9831323623657227,,121.86010265350342,0.0378270149230957
2391,2.970290184020996,,121.91084694862366,0.04124879837036133
2392,2.974879503250122,,121.96402978897095,0.03136324882507324
2393,2.9713878631591797,,122.0130033493042,0.033292531967163086
2394,2.977919578552246,,122.06436848640442,0.03740811347961426
2395,2.9519944190979004,,122.11546158790588,0.04135704040527344
2396,2.96221923828125,,122.1675169467926,0.028835058212280273
2397,2.961252450942993,,122.21860694885254,0.027157068252563477
2398,2.9418752193450928,,122.26962971687317,0.02711963653564453
2399,2.9560134410858154,,122.32018876075745,0.03155326843261719
2400,2.955033540725708,0.9392175316810608,122.37342882156372,0.037200212478637695
2401,2.9586563110351562,,122.42418813705444,0.04086446762084961
2402,2.955296039581299,,122.47778034210205,0.0313115119934082
2403,2.9515552520751953,,122.52545666694641,0.03173995018005371
2404,2.9534621238708496,,122.57833981513977,0.03695821762084961
2405,2.961723804473877,,122.62894535064697,0.03989005088806152
2406,2.9526121616363525,,122.67946743965149,0.02730107307434082
2407,2.9445180892944336,,122.73085308074951,0.03134346008300781
2408,2.959232807159424,,122.78045463562012,0.03356456756591797
2409,2.9644036293029785,,122.83214020729065,0.037757158279418945
2410,2.9644131660461426,,122.88248944282532,0.040486812591552734
2411,2.9607434272766113,,122.93316888809204,0.02804398536682129
2412,2.949186325073242,,122.98371052742004,0.030965328216552734
2413,2.945711135864258,,123.03616762161255,0.03651618957519531
2414,2.9593966007232666,,123.0856249332428,0.03887009620666504
2415,2.9533400535583496,,123.13697504997253,0.04270601272583008
2416,2.955308437347412,,123.18935561180115,0.031598567962646484
2417,2.973295211791992,,123.23839473724365,0.03316187858581543
2418,2.9475393295288086,,123.28972911834717,0.03741145133972168
2419,2.946713924407959,,123.33981966972351,0.040253400802612305
2420,2.972992420196533,,123.3908417224884,0.028229475021362305
2421,2.9414048194885254,,123.44146513938904,0.03165125846862793
2422,2.9664130210876465,,123.49271893501282,0.03538370132446289
2423,2.9418694972991943,,123.54348754882812,0.03883051872253418
2424,2.9205470085144043,,123.59477019309998,0.04272890090942383
2425,2.961312770843506,,123.64774370193481,0.03223776817321777
2426,2.9681997299194336,,123.69680261611938,0.03330659866333008
2427,2.9414291381835938,,123.74847602844238,0.0375213623046875
2428,2.954054832458496,,123.79881048202515,0.0402984619140625
2429,2.9580740928649902,,123.8494622707367,0.027929067611694336
2430,2.9478206634521484,,123.90004634857178,0.030921220779418945
2431,2.9433348178863525,,123.9511787891388,0.03497123718261719
2432,2.9371047019958496,,124.00211024284363,0.03846454620361328
2433,2.9497146606445312,,124.0533504486084,0.0420989990234375
2434,2.936326026916504,,124.10618090629578,0.031598806381225586
2435,2.949287176132202,,124.15600824356079,0.03415679931640625
2436,2.9343674182891846,,124.20623469352722,0.037361860275268555
2437,2.9495980739593506,,124.25581479072571,0.039495229721069336
2438,2.935483694076538,,124.30643248558044,0.026979923248291016
2439,2.9575533866882324,,124.35815405845642,0.031601905822753906
2440,2.940247058868408,,124.40773868560791,0.03343367576599121
2441,2.9392290115356445,,124.4529767036438,0.031475067138671875
2442,2.941789150238037,,124.51651430130005,0.031786441802978516
2443,2.9281721115112305,,124.5652003288269,0.03299260139465332
2444,2.93414306640625,,124.61655282974243,0.03738760948181152
2445,2.930102586746216,,124.66674399375916,0.04042387008666992
2446,2.942314624786377,,124.7175714969635,0.028134584426879883
2447,2.9357807636260986,,124.76830101013184,0.03174424171447754
2448,2.9460675716400146,,124.8195116519928,0.03539013862609863
2449,2.9331939220428467,,124.87036776542664,0.03893637657165527
2450,2.9332022666931152,,124.92110824584961,0.026557445526123047
2451,2.925239086151123,,124.97386980056763,0.03188490867614746
2452,2.930483102798462,,125.0232880115509,0.03374767303466797
2453,2.9569578170776367,,125.07504296302795,0.03760504722595215
2454,2.9422407150268555,,125.12591767311096,0.04116702079772949
2455,2.929124355316162,,125.17626881599426,0.02824091911315918
2456,2.9354307651519775,,125.22679328918457,0.031427860260009766
2457,2.930335283279419,,125.28024506568909,0.03744149208068848
2458,2.9411070346832275,,125.32957005500793,0.03918290138244629
2459,2.9325273036956787,,125.38010573387146,0.04218888282775879
2460,2.9268603324890137,,125.43279790878296,0.031740427017211914
2461,2.9388318061828613,,125.48196029663086,0.03348112106323242
2462,2.9133057594299316,,125.53319954872131,0.03751540184020996
2463,2.9367599487304688,,125.58403134346008,0.041100263595581055
2464,2.936171531677246,,125.63475441932678,0.02859210968017578
2465,2.9260411262512207,,125.6855058670044,0.031890153884887695
2466,2.92080020904541,,125.73687314987183,0.03538823127746582
2467,2.920379161834717,,125.78684163093567,0.0379490852355957
2468,2.9273271560668945,,125.83751392364502,0.04138469696044922
2469,2.901569366455078,,125.89078092575073,0.03152799606323242
2470,2.937847137451172,,125.93971347808838,0.03324747085571289
2471,2.927356719970703,,125.9911367893219,0.037413835525512695
2472,2.943878412246704,,126.0413818359375,0.04038047790527344
2473,2.939819812774658,,126.092205286026,0.02820587158203125
2474,2.91221022605896,,126.14278626441956,0.0314486026763916
2475,2.923696517944336,,126.19412183761597,0.035437583923339844
2476,2.943718194961548,,126.24534869194031,0.03934836387634277
2477,2.9321155548095703,,126.2962908744812,0.027280092239379883
2478,2.935429573059082,,126.34749627113342,0.031108617782592773
2479,2.9186692237854004,,126.39912605285645,0.03559279441833496
2480,2.917440891265869,,126.44908881187439,0.03797650337219238
2481,2.9291610717773438,,126.50027847290039,0.041606903076171875
2482,2.934267997741699,,126.55092597007751,0.02882075309753418
2483,2.9172911643981934,,126.60131239891052,0.03159379959106445
2484,2.940523624420166,,126.65280747413635,0.035590171813964844
2485,2.929203987121582,,126.70267105102539,0.038114070892333984
2486,2.9112534523010254,,126.75344920158386,0.041727542877197266
2487,2.9129514694213867,,126.80426001548767,0.02895355224609375
2488,2.9179282188415527,,126.856130361557,0.03346657752990723
2489,2.921238422393799,,126.9059944152832,0.035732269287109375
2490,2.903153657913208,,126.9567642211914,0.03878331184387207
2491,2.9233651161193848,,127.0078182220459,0.04253840446472168
2492,2.9158501625061035,,127.06000280380249,0.031481027603149414
2493,2.919969081878662,,127.10950040817261,0.0338284969329834
2494,2.920437812805176,,127.1612286567688,0.0377202033996582
2495,2.920647382736206,,127.21234059333801,0.04138803482055664
2496,2.9175615310668945,,127.26287460327148,0.029041767120361328
2497,2.902681827545166,,127.31326842308044,0.03167128562927246
2498,2.9191322326660156,,127.36444044113159,0.03542041778564453
2499,2.908661365509033,,127.4152615070343,0.03894615173339844
2500,2.906355381011963,0.9385462999343872,127.47091889381409,0.03156423568725586
2501,2.913220167160034,,127.52009439468384,0.03342008590698242
2502,2.910625457763672,,127.57129096984863,0.03751993179321289
2503,2.9076528549194336,,127.62215685844421,0.04117250442504883
2504,2.8991470336914062,,127.6730899810791,0.029053449630737305
2505,2.9099903106689453,,127.72363257408142,0.03190422058105469
2506,2.9042391777038574,,127.77496600151062,0.03541851043701172
2507,2.9013888835906982,,127.82585549354553,0.03879261016845703
2508,2.91109561920166,,127.8765196800232,0.04208064079284668
2509,2.9052321910858154,,127.92935252189636,0.03214693069458008
2510,2.920642375946045,,127.97842049598694,0.03333115577697754
2511,2.8914661407470703,,128.0319151878357,0.0398249626159668
2512,2.915949583053589,,128.08173394203186,0.04220008850097656
2513,2.9095845222473145,,128.1345512866974,0.031465768814086914
2514,2.8952009677886963,,128.1839644908905,0.03371906280517578
2515,2.9001450538635254,,128.2346739768982,0.036679983139038086
2516,2.9157047271728516,,128.28451251983643,0.039150238037109375
2517,2.9051058292388916,,128.33566164970398,0.04267549514770508
2518,2.9089765548706055,,128.38808679580688,0.031621456146240234
2519,2.9088754653930664,,128.43768453598022,0.03388476371765137
2520,2.890430450439453,,128.48929023742676,0.03763771057128906
2521,2.905153274536133,,128.5399227142334,0.04067635536193848
2522,2.892949104309082,,128.59031009674072,0.027662277221679688
2523,2.9024930000305176,,128.64107751846313,0.031237363815307617
2524,2.908513069152832,,128.69264888763428,0.03546786308288574
2525,2.9005279541015625,,128.74286246299744,0.038549184799194336
2526,2.8919055461883545,,128.79315853118896,0.04141688346862793
2527,2.895949363708496,,128.84632325172424,0.031491756439208984
2528,2.893789768218994,,128.89490485191345,0.032898902893066406
2529,2.912827730178833,,128.94636917114258,0.03744816780090332
2530,2.89139723777771,,128.99676060676575,0.04042792320251465
2531,2.9014744758605957,,129.0477693080902,0.02826070785522461
2532,2.9149465560913086,,129.09874439239502,0.031873464584350586
2533,2.90798282623291,,129.15056705474854,0.03583645820617676
2534,2.898869276046753,,129.20155334472656,0.03929281234741211
2535,2.9055991172790527,,129.2520353794098,0.04208683967590332
2536,2.8835177421569824,,129.30451488494873,0.03139662742614746
2537,2.8959403038024902,,129.35350918769836,0.03321218490600586
2538,2.891512155532837,,129.4046266078949,0.03734755516052246
2539,2.8903207778930664,,129.44608187675476,0.0313870906829834
2540,2.9024429321289062,,129.49395298957825,0.016077280044555664
2541,2.9055662155151367,,129.55721473693848,0.03175210952758789
2542,2.9027764797210693,,129.60421872138977,0.0313115119934082
2543,2.886910915374756,,129.65883779525757,0.038774728775024414
2544,2.8805737495422363,,129.71005725860596,0.041357994079589844
2545,2.8994638919830322,,129.76278948783875,0.031877756118774414
2546,2.901340961456299,,129.81171035766602,0.03324532508850098
2547,2.8818535804748535,,129.86337685585022,0.03797793388366699
2548,2.8780438899993896,,129.91357684135437,0.04026913642883301
2549,2.8814537525177,,129.96445727348328,0.028153657913208008
2550,2.889402389526367,,130.01516842842102,0.03095078468322754
2551,2.879176139831543,,130.06686758995056,0.035959482192993164
2552,2.883831024169922,,130.11669492721558,0.03816723823547363
2553,2.888578414916992,,130.16754841804504,0.0417485237121582
2554,2.8806867599487305,,130.21830463409424,0.029046297073364258
2555,2.897176742553711,,130.27110266685486,0.034034013748168945
2556,2.8807873725891113,,130.31634521484375,0.03137779235839844
2557,2.889556884765625,,130.36393880844116,0.02946615219116211
2558,2.88258957862854,,130.4115447998047,0.015646934509277344
2559,2.893232583999634,,130.47507333755493,0.031752586364746094
2560,2.883115291595459,,130.52226305007935,0.031482696533203125
2561,2.8758296966552734,,130.56927585601807,0.03130912780761719
2562,2.8839104175567627,,130.61642360687256,0.03134942054748535
2563,2.889742612838745,,130.67921686172485,0.03133082389831543
2564,2.878567695617676,,130.72652435302734,0.0315861701965332
2565,2.8883914947509766,,130.78009963035583,0.037795066833496094
2566,2.8829145431518555,,130.83085083961487,0.04071855545043945
2567,2.877938747406006,,130.88125348091125,0.027904272079467773
2568,2.864452362060547,,130.9329297542572,0.031893253326416016
2569,2.894826889038086,,130.98238945007324,0.03349876403808594
2570,2.8941283226013184,,131.03375458717346,0.03739571571350098
2571,2.8816909790039062,,131.08391427993774,0.040162086486816406
2572,2.8834736347198486,,131.13468527793884,0.028052330017089844
2573,2.8705697059631348,,131.18576049804688,0.031601905822753906
2574,2.8809385299682617,,131.23704147338867,0.03541755676269531
2575,2.8753466606140137,,131.2880504131317,0.03909611701965332
2576,2.8757667541503906,,131.3388593196869,0.026859521865844727
2577,2.896209716796875,,131.3911488056183,0.03175044059753418
2578,2.882922649383545,,131.4400897026062,0.033258914947509766
2579,2.870884418487549,,131.4911825656891,0.03739809989929199
2580,2.8888721466064453,,131.54213690757751,0.0412898063659668
2581,2.885143756866455,,131.59533977508545,0.031424522399902344
2582,2.8795652389526367,,131.64485573768616,0.03383469581604004
2583,2.860095977783203,,131.69423866271973,0.035440921783447266
2584,2.879786729812622,,131.7452003955841,0.039051055908203125
2585,2.8838748931884766,,131.79569101333618,0.0421147346496582
2586,2.8836960792541504,,131.84839463233948,0.03162503242492676
2587,2.8824238777160645,,131.89755296707153,0.033426761627197266
2588,2.8747079372406006,,131.9490566253662,0.0374298095703125
2589,2.8956174850463867,,131.9994523525238,0.04071354866027832
2590,2.8774776458740234,,132.05014967918396,0.028128623962402344
2591,2.8807425498962402,,132.10125589370728,0.03198838233947754
2592,2.875312089920044,,132.1528558731079,0.035470008850097656
2593,2.8632805347442627,,132.20285749435425,0.03825640678405762
2594,2.875088691711426,,132.25367331504822,0.04186654090881348
2595,2.8533525466918945,,132.30655574798584,0.03162384033203125
2596,2.8750228881835938,,132.3580093383789,0.030141353607177734
2597,2.8865342140197754,,132.40813541412354,0.038323163986206055
2598,2.8714113235473633,,132.4587664604187,0.041533470153808594
2599,2.8694119453430176,,132.50925946235657,0.028294086456298828
2600,2.8747124671936035,0.9388749122619628,132.563223361969,0.03506040573120117
2601,2.8722434043884277,,132.61402201652527,0.0388028621673584
2602,2.876408576965332,,132.66471076011658,0.042082786560058594
2603,2.8745861053466797,,132.71727013587952,0.03141498565673828
2604,2.8465354442596436,,132.7663094997406,0.033273935317993164
2605,2.885826587677002,,132.8179280757904,0.03746366500854492
2606,2.879976749420166,,132.86815690994263,0.0402989387512207
2607,2.873659133911133,,132.91903424263,0.02805495262145996
2608,2.8688807487487793,,132.9698405265808,0.03134441375732422
2609,2.876077175140381,,133.02148175239563,0.03549981117248535
2610,2.8570168018341064,,133.07136273384094,0.038164377212524414
2611,2.8702292442321777,,133.12197470664978,0.04109048843383789
2612,2.8648242950439453,,133.17277550697327,0.028583765029907227
2613,2.865833282470703,,133.2232904434204,0.03169846534729004
2614,2.863797903060913,,133.2744927406311,0.035378217697143555
2615,2.862569570541382,,133.32532048225403,0.03882646560668945
2616,2.8486874103546143,,133.3773980140686,0.03452587127685547
2617,2.86398983001709,,133.42836999893188,0.030943870544433594
2618,2.8580164909362793,,133.47984099388123,0.03560972213745117
2619,2.8647284507751465,,133.52334475517273,0.03145742416381836
2620,2.870392322540283,,133.58221578598022,0.02675342559814453
2621,2.867586374282837,,133.63485956192017,0.03203892707824707
2622,2.8645224571228027,,133.68519401550293,0.034653663635253906
2623,2.868180274963379,,133.73572826385498,0.03787636756896973
2624,2.8683547973632812,,133.78525400161743,0.03955078125
2625,2.8609519004821777,,133.83595156669617,0.02730560302734375
2626,2.853088855743408,,133.88804364204407,0.03176236152648926
2627,2.853515863418579,,133.93787598609924,0.033746957778930664
2628,2.8436336517333984,,133.98935723304749,0.03766751289367676
2629,2.8605637550354004,,134.04023694992065,0.04111838340759277
2630,2.863865375518799,,134.09071016311646,0.028867006301879883
2631,2.8550631999969482,,134.1408247947693,0.03164196014404297
2632,2.852494716644287,,134.19201469421387,0.03542447090148926
2633,2.8670597076416016,,134.24253582954407,0.03848457336425781
2634,2.8505911827087402,,134.29362654685974,0.04207634925842285
2635,2.8666770458221436,,134.34605145454407,0.03166699409484863
2636,2.8605289459228516,,134.39542174339294,0.033647775650024414
2637,2.842860221862793,,134.44719767570496,0.037756919860839844
2638,2.867746353149414,,134.4979453086853,0.0411984920501709
2639,2.8663668632507324,,134.5488486289978,0.028900146484375
2640,2.8772897720336914,,134.60081934928894,0.033750057220458984
2641,2.855064868927002,,134.65227699279785,0.03738522529602051
2642,2.84163761138916,,134.70276737213135,0.04082059860229492
2643,2.8681135177612305,,134.7534475326538,0.02842116355895996
2644,2.8471782207489014,,134.8036081790924,0.03141498565673828
2645,2.855743408203125,,134.8547625541687,0.03500080108642578
2646,2.8601431846618652,,134.90533900260925,0.038138389587402344
2647,2.8639981746673584,,134.95604300498962,0.04129838943481445
2648,2.856692314147949,,135.00924372673035,0.03148770332336426
2649,2.8623061180114746,,135.05810642242432,0.03312873840332031
2650,2.861171245574951,,135.10854196548462,0.03542184829711914
2651,2.854480743408203,,135.15976572036743,0.039318084716796875
2652,2.832282781600952,,135.2108235359192,0.0268399715423584
2653,2.8487496376037598,,135.2631447315216,0.03158974647521973
2654,2.859879493713379,,135.31259489059448,0.03371381759643555
2655,2.8542208671569824,,135.36392188072205,0.0375208854675293
2656,2.8507940769195557,,135.41466283798218,0.04090595245361328
2657,2.8491201400756836,,135.4654324054718,0.028866052627563477
2658,2.8314437866210938,,135.5174310207367,0.03375101089477539
2659,2.838484525680542,,135.56865787506104,0.03750896453857422
2660,2.8474879264831543,,135.61787176132202,0.03956174850463867
2661,2.834092855453491,,135.66869378089905,0.027551651000976562
2662,2.8421878814697266,,135.71972680091858,0.031180143356323242
2663,2.8342490196228027,,135.7715072631836,0.03566288948059082
2664,2.8476929664611816,,135.82133030891418,0.03780794143676758
2665,2.839359998703003,,135.87227702140808,0.041368722915649414
2666,2.839951753616333,,135.92314648628235,0.028829097747802734
2667,2.8525314331054688,,135.97547936439514,0.03367424011230469
2668,2.8366169929504395,,136.02507328987122,0.03546738624572754
2669,2.845386028289795,,136.0763223171234,0.039221763610839844
2670,2.844771146774292,,136.12710618972778,0.02701854705810547
2671,2.8447961807250977,,136.17898535728455,0.028548717498779297
2672,2.842663288116455,,136.231543302536,0.0336911678314209
2673,2.8432974815368652,,136.27652740478516,0.023523569107055664
2674,2.847649574279785,,136.324063539505,0.02051830291748047
2675,2.838618755340576,,136.37517189979553,0.020517587661743164
2676,2.860546588897705,,136.43395948410034,0.029766321182250977
2677,2.8566012382507324,,136.4808783531189,0.025461912155151367
2678,2.8351333141326904,,136.52741265296936,0.021514177322387695
2679,2.845994472503662,,136.5842001438141,0.027492523193359375
2680,2.839989423751831,,136.6368260383606,0.03142046928405762
2681,2.833655834197998,,136.68597841262817,0.03346872329711914
2682,2.838958978652954,,136.73752903938293,0.03742265701293945
2683,2.8294482231140137,,136.7880380153656,0.04065203666687012
2684,2.8294854164123535,,136.83891129493713,0.028069734573364258
2685,2.849745273590088,,136.88995385169983,0.03178882598876953
2686,2.8358311653137207,,136.94180941581726,0.03577876091003418
2687,2.8485379219055176,,136.9914734363556,0.03765678405761719
2688,2.8333892822265625,,137.0425570011139,0.04159355163574219
2689,2.8344287872314453,,137.09359312057495,0.02897167205810547
2690,2.8476219177246094,,137.14386534690857,0.03170585632324219
2691,2.8443922996520996,,137.1955120563507,0.03585481643676758
2692,2.8309378623962402,,137.2454297542572,0.03800177574157715
2693,2.8316473960876465,,137.29663586616516,0.041649580001831055
2694,2.8335251808166504,,137.3476526737213,0.029259443283081055
2695,2.823676109313965,,137.39973616600037,0.0338129997253418
2696,2.8458213806152344,,137.44924640655518,0.03543233871459961
2697,2.8392040729522705,,137.5009002685547,0.03963351249694824
2698,2.829097270965576,,137.55182266235352,0.0276486873626709
2699,2.852996349334717,,137.60289812088013,0.03035449981689453
2700,2.844822883605957,0.940358579158783,137.6563630104065,0.03735470771789551
2701,2.8355987071990967,,137.7069444656372,0.04057002067565918
2702,2.8302295207977295,,137.75736808776855,0.027873992919921875
2703,2.8322465419769287,,137.80882263183594,0.0318756103515625
2704,2.8254809379577637,,137.85826921463013,0.03340888023376465
2705,2.8262925148010254,,137.90967869758606,0.03741025924682617
2706,2.8233518600463867,,137.96038603782654,0.04058551788330078
2707,2.817305088043213,,138.0110058784485,0.028071165084838867
2708,2.8380894660949707,,138.06296944618225,0.03266453742980957
2709,2.8242743015289307,,138.11305499076843,0.035532474517822266
2710,2.8134031295776367,,138.16625690460205,0.02981877326965332
2711,2.823641061782837,,138.21721196174622,0.026893138885498047
2712,2.8252124786376953,,138.2694399356842,0.03158307075500488
2713,2.8428778648376465,,138.31814670562744,0.032950639724731445
2714,2.8271865844726562,,138.36985421180725,0.03773093223571777
2715,2.8045973777770996,,138.4198443889618,0.04017305374145508
2716,2.826167583465576,,138.47076797485352,0.027983427047729492
2717,2.837446451187134,,138.5218014717102,0.03082728385925293
2718,2.829380512237549,,138.57283973693848,0.035370588302612305
2719,2.834476947784424,,138.62378811836243,0.03883814811706543
2720,2.820568561553955,,138.6744830608368,0.042154550552368164
2721,2.821566581726074,,138.7268943786621,0.030511856079101562
2722,2.8392906188964844,,138.77645063400269,0.03387570381164551
2723,2.824983596801758,,138.82796502113342,0.037436723709106445
2724,2.8243637084960938,,138.87844586372375,0.040656089782714844
2725,2.82558012008667,,138.92937421798706,0.028687238693237305
2726,2.830113172531128,,138.979798078537,0.03155660629272461
2727,2.8044981956481934,,139.03296208381653,0.03735756874084473
2728,2.8332953453063965,,139.08251285552979,0.03949093818664551
2729,2.8175177574157715,,139.13334941864014,0.027139663696289062
2730,2.8125486373901367,,139.18537545204163,0.031758785247802734
2731,2.8313148021698,,139.23517107963562,0.033655643463134766
2732,2.8201193809509277,,139.28657841682434,0.03758811950683594
2733,2.819154739379883,,139.33726906776428,0.041098833084106445
2734,2.8174893856048584,,139.38783717155457,0.028530597686767578
2735,2.8041253089904785,,139.44039177894592,0.03372979164123535
2736,2.8251240253448486,,139.4895884990692,0.0354006290435791
2737,2.8034298419952393,,139.54112768173218,0.03970623016357422
2738,2.804943561553955,,139.59198546409607,0.02765512466430664
2739,2.821498394012451,,139.64264678955078,0.031015396118164062
2740,2.8181352615356445,,139.69431495666504,0.035620927810668945
2741,2.8189148902893066,,139.74467253684998,0.03821539878845215
2742,2.8180527687072754,,139.79552459716797,0.0413053035736084
2743,2.8060383796691895,,139.8487467765808,0.03135037422180176
2744,2.8113231658935547,,139.89846396446228,0.034043073654174805
2745,2.8055338859558105,,139.94959783554077,0.03744912147521973
2746,2.831186294555664,,139.9992163181305,0.039582014083862305
2747,2.803661823272705,,140.0498332977295,0.0274355411529541
2748,2.8143138885498047,,140.10117292404175,0.03140902519226074
2749,2.822880268096924,,140.15074181556702,0.03345966339111328
2750,2.7988805770874023,,140.20226526260376,0.03745889663696289
2751,2.822922706604004,,140.25307178497314,0.04076862335205078
2752,2.824425220489502,,140.30399370193481,0.028638362884521484
2753,2.809525489807129,,140.35459089279175,0.03164267539978027
2754,2.8245620727539062,,140.40579795837402,0.03536629676818848
2755,2.7931571006774902,,140.45701575279236,0.03924250602722168
2756,2.8222250938415527,,140.50815296173096,0.027118682861328125
2757,2.8231921195983887,,140.55981850624084,0.03141427040100098
2758,2.8023879528045654,,140.60921502113342,0.03330588340759277
2759,2.8096046447753906,,140.6607539653778,0.037566423416137695
2760,2.8303542137145996,,140.71084809303284,0.04029726982116699
2761,2.836668014526367,,140.76183032989502,0.027781963348388672
2762,2.803779125213623,,140.81257009506226,0.0310056209564209
2763,2.8079638481140137,,140.86445307731628,0.03580307960510254
2764,2.8133397102355957,,140.9144148826599,0.03830885887145996
2765,2.8133835792541504,,140.9654369354248,0.04202866554260254
2766,2.805006980895996,,141.01784229278564,0.03154110908508301
2767,2.797487258911133,,141.06740999221802,0.033885955810546875
2768,2.810816764831543,,141.11865329742432,0.037497758865356445
2769,2.815250873565674,,141.16869115829468,0.03995800018310547
2770,2.8234848976135254,,141.21904826164246,0.0271909236907959
2771,2.818175792694092,,141.27117204666138,0.03185915946960449
2772,2.8013923168182373,,141.32253694534302,0.03569960594177246
2773,2.793440818786621,,141.37214183807373,0.03786659240722656
2774,2.7963991165161133,,141.42317819595337,0.04141688346862793
2775,2.813336133956909,,141.47622346878052,0.0313258171081543
2776,2.8083555698394775,,141.5255002975464,0.03355050086975098
2777,2.808415651321411,,141.5767776966095,0.037394046783447266
2778,2.8003664016723633,,141.62669372558594,0.03981781005859375
2779,2.8067493438720703,,141.67726135253906,0.026879549026489258
2780,2.793914318084717,,141.7292823791504,0.0317835807800293
2781,2.813322067260742,,141.77812910079956,0.03316164016723633
2782,2.793300151824951,,141.8294837474823,0.03738522529602051
2783,2.7972307205200195,,141.87952995300293,0.040184974670410156
2784,2.792316198348999,,141.93034601211548,0.027702808380126953
2785,2.8137130737304688,,141.9810483455658,0.031026363372802734
2786,2.809267282485962,,142.03259825706482,0.035625457763671875
2787,2.8047800064086914,,142.08252573013306,0.037862300872802734
2788,2.8107683658599854,,142.13347029685974,0.041316986083984375
2789,2.7782185077667236,,142.18446922302246,0.029027700424194336
2790,2.806151866912842,,142.23697972297668,0.033664703369140625
2791,2.8060688972473145,,142.2881724834442,0.03743720054626465
2792,2.8111636638641357,,142.3374161720276,0.039295196533203125
2793,2.821171283721924,,142.38791799545288,0.026978015899658203
2794,2.8041958808898926,,142.4403555393219,0.03184986114501953
2795,2.809562921524048,,142.48948407173157,0.03345203399658203
2796,2.8045692443847656,,142.54080295562744,0.0374295711517334
2797,2.7948317527770996,,142.59075951576233,0.04002666473388672
2798,2.8099594116210938,,142.6415400505066,0.02761077880859375
2799,2.8126697540283203,,142.69263577461243,0.031039953231811523
2800,2.7846579551696777,0.9378004550933838,142.7460653781891,0.037747859954833984
2801,2.7868661880493164,,142.79669713974,0.04083132743835449
2802,2.795593500137329,,142.84751081466675,0.028768301010131836
2803,2.790839433670044,,142.89819383621216,0.03108358383178711
2804,2.802001476287842,,142.94973969459534,0.03543210029602051
2805,2.7868199348449707,,143.00037479400635,0.038976192474365234
2806,2.7902965545654297,,143.05123591423035,0.027009010314941406
2807,2.788687229156494,,143.10305285453796,0.031571149826049805
2808,2.7965826988220215,,143.15486192703247,0.030031204223632812
2809,2.797982931137085,,143.1981337070465,0.03147006034851074
2810,2.7957100868225098,,143.25853419303894,0.027334213256835938
2811,2.7831473350524902,,143.30886936187744,0.03158402442932129
2812,2.7980475425720215,,143.36028814315796,0.03548717498779297
2813,2.793431043624878,,143.40968251228333,0.03753781318664551
2814,2.8017406463623047,,143.4603099822998,0.04076790809631348
2815,2.8033809661865234,,143.51145887374878,0.02878117561340332
2816,2.7893686294555664,,143.56195783615112,0.03166937828063965
2817,2.796786308288574,,143.61330318450928,0.03542613983154297
2818,2.78536319732666,,143.66317439079285,0.03781414031982422
2819,2.798572540283203,,143.7142105102539,0.041367530822753906
2820,2.789726734161377,,143.76736569404602,0.031469106674194336
2821,2.7811503410339355,,143.81614995002747,0.032817840576171875
2822,2.8050150871276855,,143.86784172058105,0.03786611557006836
2823,2.7944719791412354,,143.91709089279175,0.03949689865112305
2824,2.8007290363311768,,143.96812915802002,0.027649879455566406
2825,2.781059741973877,,144.01912188529968,0.031183958053588867
2826,2.7887299060821533,,144.07063961029053,0.03546953201293945
2827,2.78304386138916,,144.12005186080933,0.03745579719543457
2828,2.7840585708618164,,144.171058177948,0.041013479232788086
2829,2.796628475189209,,144.2216408252716,0.028293609619140625
2830,2.783576011657715,,144.27235865592957,0.031697750091552734
2831,2.7899656295776367,,144.3238127231598,0.035675764083862305
2832,2.793440580368042,,144.3746190071106,0.03901863098144531
2833,2.8188695907592773,,144.42546129226685,0.026947021484375
2834,2.7965078353881836,,144.47772455215454,0.031998395919799805
2835,2.7842049598693848,,144.5272560119629,0.033643245697021484
2836,2.790494441986084,,144.5726637840271,0.031389713287353516
2837,2.7876105308532715,,144.63253021240234,0.028293848037719727
2838,2.784086227416992,,144.68327832221985,0.03156161308288574
2839,2.7795982360839844,,144.73467659950256,0.0353851318359375
2840,2.778827667236328,,144.78547263145447,0.03876185417175293
2841,2.7841665744781494,,144.83619499206543,0.042261600494384766
2842,2.7675983905792236,,144.8887324333191,0.031770944595336914
2843,2.7966904640197754,,144.93818759918213,0.03377127647399902
2844,2.80250883102417,,144.98986864089966,0.03760385513305664
2845,2.7849016189575195,,145.03991031646729,0.040199995040893555
2846,2.7844600677490234,,145.0909185409546,0.028301477432250977
2847,2.790799617767334,,145.1419005393982,0.031983137130737305
2848,2.7815792560577393,,145.19583225250244,0.03779435157775879
2849,2.7910423278808594,,145.24672532081604,0.0410771369934082
2850,2.7863879203796387,,145.2972695827484,0.028445720672607422
2851,2.772627353668213,,145.34875655174255,0.03263545036315918
2852,2.7772250175476074,,145.39899349212646,0.035423994064331055
2853,2.7867650985717773,,145.44906401634216,0.038047075271606445
2854,2.774275779724121,,145.49994373321533,0.04146385192871094
2855,2.7851290702819824,,145.55086994171143,0.028872013092041016
2856,2.7832651138305664,,145.60085821151733,0.03179359436035156
2857,2.7681121826171875,,145.65457272529602,0.03780817985534668
2858,2.77706241607666,,145.71133399009705,0.047296762466430664
2859,2.7631583213806152,,145.75885343551636,0.031790971755981445
2860,2.7874438762664795,,145.81342339515686,0.038910865783691406
2861,2.7769510746002197,,145.86392831802368,0.042075157165527344
2862,2.775674819946289,,145.91650342941284,0.031441450119018555
2863,2.7812726497650146,,145.96589469909668,0.03370404243469238
2864,2.77736759185791,,146.0151722431183,0.035413265228271484
2865,2.7849557399749756,,146.06656885147095,0.0395965576171875
2866,2.7577250003814697,,146.1178674697876,0.02731776237487793
2867,2.7684733867645264,,146.16974711418152,0.03162550926208496
2868,2.770200252532959,,146.21936798095703,0.033505916595458984
2869,2.780691146850586,,146.2706367969513,0.03739619255065918
2870,2.7789576053619385,,146.3223066329956,0.041762351989746094
2871,2.775143623352051,,146.3728005886078,0.028743982315063477
2872,2.7731375694274902,,146.4233226776123,0.031716346740722656
2873,2.785252809524536,,146.47457003593445,0.03548002243041992
2874,2.783156156539917,,146.5258185863495,0.03937220573425293
2875,2.7614994049072266,,146.57647132873535,0.02692437171936035
2876,2.7701833248138428,,146.62854409217834,0.031699180603027344
2877,2.786458969116211,,146.6782259941101,0.033524274826049805
2878,2.780069351196289,,146.72975134849548,0.03776669502258301
2879,2.7572684288024902,,146.77999639511108,0.04013252258300781
2880,2.776848316192627,,146.83056378364563,0.027509450912475586
2881,2.7801663875579834,,146.88235759735107,0.03170204162597656
2882,2.7688450813293457,,146.93375825881958,0.03573489189147949
2883,2.7699546813964844,,146.98355340957642,0.03775501251220703
2884,2.749321937561035,,147.03427076339722,0.04060649871826172
2885,2.7666873931884766,,147.08496356010437,0.028341054916381836
2886,2.748422145843506,,147.1355640888214,0.031623125076293945
2887,2.7701215744018555,,147.18734979629517,0.03575468063354492
2888,2.7687506675720215,,147.23828530311584,0.03912925720214844
2889,2.77602481842041,,147.28862643241882,0.04198718070983887
2890,2.7762832641601562,,147.3413348197937,0.03158736228942871
2891,2.770444393157959,,147.3908486366272,0.033797264099121094
2892,2.778341054916382,,147.44235920906067,0.03744912147521973
2893,2.7853574752807617,,147.49275660514832,0.04034876823425293
2894,2.780852794647217,,147.54342484474182,0.027921199798583984
2895,2.75996470451355,,147.59486365318298,0.03177237510681152
2896,2.778156280517578,,147.64427018165588,0.03338432312011719
2897,2.765040874481201,,147.6958668231964,0.037659406661987305
2898,2.746212959289551,,147.74550604820251,0.03995800018310547
2899,2.7528510093688965,,147.7964379787445,0.027684688568115234
2900,2.768223285675049,0.9380792856216431,147.8518030643463,0.03557610511779785
2901,2.7690210342407227,,147.90175533294678,0.038082122802734375
2902,2.7849347591400146,,147.95278525352478,0.04149580001831055
2903,2.7662742137908936,,148.00372695922852,0.0292665958404541
2904,2.756732702255249,,148.05546641349792,0.033455610275268555
2905,2.7597155570983887,,148.10703802108765,0.03784537315368652
2906,2.7710423469543457,,148.1566002368927,0.039418935775756836
2907,2.77852201461792,,148.2074375152588,0.02691817283630371
2908,2.7653775215148926,,148.25914454460144,0.03135871887207031
2909,2.769578695297241,,148.30859351158142,0.03340578079223633
2910,2.759068489074707,,148.35991764068604,0.03621029853820801
2911,2.7612760066986084,,148.40946698188782,0.039552927017211914
2912,2.771463632583618,,148.4600865840912,0.027155160903930664
2913,2.782195568084717,,148.51209545135498,0.030787944793701172
2914,2.7588181495666504,,148.56150889396667,0.033414363861083984
2915,2.7557952404022217,,148.6129186153412,0.037397146224975586
2916,2.7605881690979004,,148.66283440589905,0.04013538360595703
2917,2.7534894943237305,,148.71354508399963,0.02753281593322754
2918,2.7687981128692627,,148.76518630981445,0.03185677528381348
2919,2.76135516166687,,148.8167326450348,0.03580594062805176
2920,2.7564926147460938,,148.8660008907318,0.037528276443481445
2921,2.768312931060791,,148.9168860912323,0.040810585021972656
2922,2.770146369934082,,148.96765899658203,0.028438091278076172
2923,2.7619400024414062,,149.0183563232422,0.03163290023803711
2924,2.7592968940734863,,149.06966257095337,0.03535890579223633
2925,2.7634811401367188,,149.1201400756836,0.03834271430969238
2926,2.766791582107544,,149.17166423797607,0.03625154495239258
2927,2.7747530937194824,,149.2225170135498,0.029578685760498047
2928,2.7696378231048584,,149.27388620376587,0.03364419937133789
2929,2.769256591796875,,149.32323098182678,0.03541278839111328
2930,2.761014461517334,,149.37422490119934,0.03916573524475098
2931,2.763345718383789,,149.42507410049438,0.027139902114868164
2932,2.7445597648620605,,149.47636723518372,0.030920743942260742
2933,2.754354476928711,,149.52746319770813,0.035364389419555664
2934,2.7520699501037598,,149.57793259620667,0.03858208656311035
2935,2.754558563232422,,149.62842392921448,0.04155611991882324
2936,2.7553417682647705,,149.67912769317627,0.02894449234008789
2937,2.7584991455078125,,149.72980332374573,0.031789302825927734
2938,2.748013496398926,,149.78120613098145,0.03547024726867676
2939,2.761580228805542,,149.83177304267883,0.03857231140136719
2940,2.7561464309692383,,149.88218569755554,0.0402071475982666
2941,2.781886577606201,,149.93512773513794,0.03140830993652344
2942,2.761122226715088,,149.9845495223999,0.03358340263366699
2943,2.7651240825653076,,150.03607392311096,0.037369489669799805
2944,2.7509913444519043,,150.0855643749237,0.03837299346923828
2945,2.757009506225586,,150.14303541183472,0.033814430236816406
2946,2.7550840377807617,,150.19227623939514,0.0334625244140625
2947,2.7597382068634033,,150.24365162849426,0.039316415786743164
2948,2.756077527999878,,150.29416465759277,0.042063236236572266
2949,2.758056640625,,150.34461450576782,0.029285430908203125
2950,2.769270420074463,,150.3946189880371,0.03059101104736328
2951,2.7556285858154297,,150.44591331481934,0.03539896011352539
2952,2.75053071975708,,150.49648642539978,0.03865194320678711
2953,2.7653188705444336,,150.54753041267395,0.042428016662597656
2954,2.7606186866760254,,150.6001307964325,0.03185009956359863
2955,2.752210855484009,,150.6498007774353,0.03373360633850098
2956,2.747653007507324,,150.7015323638916,0.03792166709899902
2957,2.7424890995025635,,150.75246572494507,0.04125571250915527
2958,2.7627735137939453,,150.80312418937683,0.028465747833251953
2959,2.7514190673828125,,150.85385990142822,0.03152942657470703
2960,2.752701997756958,,150.90522837638855,0.035463571548461914
2961,2.7506816387176514,,150.9550280570984,0.03789520263671875
2962,2.750265121459961,,151.00579118728638,0.041252851486206055
2963,2.7643954753875732,,151.05910181999207,0.03136801719665527
2964,2.744960308074951,,151.11314010620117,0.03786802291870117
2965,2.758610248565674,,151.1632010936737,0.04018378257751465
2966,2.7552242279052734,,151.21373343467712,0.02760457992553711
2967,2.7423858642578125,,151.26439595222473,0.031085491180419922
2968,2.745805263519287,,151.3142795562744,0.03401064872741699
2969,2.753903388977051,,151.36590313911438,0.03765678405761719
2970,2.7331857681274414,,151.4158535003662,0.04019784927368164
2971,2.745398759841919,,151.46647810935974,0.027970075607299805
2972,2.742769241333008,,151.5173316001892,0.03142595291137695
2973,2.739506959915161,,151.56901216506958,0.03557252883911133
2974,2.76515531539917,,151.6196632385254,0.03850507736206055
2975,2.750831365585327,,151.67064023017883,0.04193472862243652
2976,2.7459287643432617,,151.72340178489685,0.03136157989501953
2977,2.7326502799987793,,151.77227210998535,0.033167123794555664
2978,2.7439513206481934,,151.82361841201782,0.03735923767089844
2979,2.7416741847991943,,151.87359976768494,0.0403292179107666
2980,2.742394208908081,,151.92426466941833,0.027837038040161133
2981,2.7386269569396973,,151.97503972053528,0.031147241592407227
2982,2.7480850219726562,,152.02682089805603,0.03566098213195801
2983,2.7590694427490234,,152.0773708820343,0.03880000114440918
2984,2.7537431716918945,,152.12837409973145,0.04241204261779785
2985,2.7555501461029053,,152.18081212043762,0.031583547592163086
2986,2.7383060455322266,,152.23033118247986,0.033719539642333984
2987,2.7421696186065674,,152.28158593177795,0.037496328353881836
2988,2.7329602241516113,,152.33153915405273,0.04010748863220215
2989,2.7370498180389404,,152.3823902606964,0.027171611785888672
2990,2.7424347400665283,,152.4339735507965,0.03145289421081543
2991,2.727544069290161,,152.48463940620422,0.03456521034240723
2992,2.7341952323913574,,152.53469395637512,0.03745770454406738
2993,2.7446608543395996,,152.58573818206787,0.04120135307312012
2994,2.7332422733306885,,152.63668489456177,0.028611421585083008
2995,2.744122266769409,,152.68712902069092,0.031235694885253906
2996,2.746964454650879,,152.73787832260132,0.034888267517089844
2997,2.741220474243164,,152.78903460502625,0.03910422325134277
2998,2.743551254272461,,152.83944964408875,0.041730403900146484
2999,2.741425037384033,,152.88991022109985,0.02889084815979004
3000,2.7346229553222656,0.9369726300239563,152.9437153339386,0.035459280014038086
