epochs,losses,accuracies,cumulative_time_seconds,epoch_time_seconds
1,32.66779708862305,,0.05446195602416992,0.05446195602416992
2,31.319929122924805,,0.0880582332611084,0.027017593383789062
3,30.27048110961914,,0.11054158210754395,0.017478466033935547
4,29.539875030517578,,0.14022374153137207,0.022328853607177734
5,28.910297393798828,,0.16447210311889648,0.01973700523376465
6,28.410404205322266,,0.19192957878112793,0.01995253562927246
7,27.90648078918457,,0.2200908660888672,0.028161287307739258
8,27.570362091064453,,0.24694204330444336,0.021785974502563477
9,27.26466178894043,,0.27736544609069824,0.023415088653564453
10,26.92099952697754,,0.3064308166503906,0.021560192108154297
11,26.670711517333984,,0.3376133441925049,0.02761220932006836
12,26.48474884033203,,0.3648242950439453,0.02170419692993164
13,26.45330047607422,,0.39566874504089355,0.023183107376098633
14,26.354297637939453,,0.42316246032714844,0.022533416748046875
15,26.286685943603516,,0.4473137855529785,0.01915764808654785
16,26.153047561645508,,0.4748523235321045,0.01917099952697754
17,26.060047149658203,,0.502385139465332,0.02189040184020996
18,25.847850799560547,,0.5284914970397949,0.021109819412231445
19,25.81475067138672,,0.5563371181488037,0.019271373748779297
20,25.705650329589844,,0.5803549289703369,0.01899552345275879
21,25.611988067626953,,0.6123089790344238,0.023950576782226562
22,25.604736328125,,0.6423299312591553,0.022484540939331055
23,25.435882568359375,,0.6668994426727295,0.019097089767456055
24,25.452423095703125,,0.6919033527374268,0.018315792083740234
25,25.34543800354004,,0.7196927070617676,0.021805763244628906
26,25.38413429260254,,0.7503385543823242,0.025162696838378906
27,25.3089656829834,,0.7764501571655273,0.021604537963867188
28,25.285724639892578,,0.8065409660339355,0.022587299346923828
29,25.16177749633789,,0.840113639831543,0.030079364776611328
30,25.16062355041504,,0.8688256740570068,0.024011850357055664
31,25.12359619140625,,0.8951218128204346,0.01878976821899414
32,25.082260131835938,,0.919661283493042,0.01929306983947754
33,25.024864196777344,,0.950890064239502,0.02300405502319336
34,25.005077362060547,,0.9782633781433105,0.019779205322265625
35,24.954530715942383,,1.0072665214538574,0.023441076278686523
36,24.93698501586914,,1.0354065895080566,0.01970529556274414
37,24.928682327270508,,1.067051887512207,0.02403712272644043
38,24.874927520751953,,1.0968973636627197,0.026758432388305664
39,24.862930297851562,,1.1212587356567383,0.019861698150634766
40,24.781721115112305,,1.153102159500122,0.024843692779541016
41,24.75989532470703,,1.1800730228424072,0.022974491119384766
42,24.73496437072754,,1.2077484130859375,0.022667407989501953
43,24.744234085083008,,1.2389428615570068,0.023365497589111328
44,24.711206436157227,,1.2684063911437988,0.024526596069335938
45,24.645984649658203,,1.2990145683288574,0.02910137176513672
46,24.665447235107422,,1.326801061630249,0.02324700355529785
47,24.628952026367188,,1.352250337600708,0.017538070678710938
48,24.609060287475586,,1.3920116424560547,0.02897930145263672
49,24.6273193359375,,1.4177381992340088,0.023011445999145508
50,24.600873947143555,,1.447486400604248,0.022245407104492188
51,24.535629272460938,,1.479048728942871,0.026126384735107422
52,24.522663116455078,,1.504404067993164,0.020344972610473633
53,24.48779296875,,1.5320377349853516,0.021132707595825195
54,24.496360778808594,,1.558457612991333,0.021884918212890625
55,24.493227005004883,,1.5835423469543457,0.02358222007751465
56,24.432655334472656,,1.6129677295684814,0.022049665451049805
57,24.41142463684082,,1.643646001815796,0.02254652976989746
58,24.36829948425293,,1.6684412956237793,0.019719362258911133
59,24.41300392150879,,1.698270559310913,0.02201080322265625
60,24.37311553955078,,1.725069284439087,0.019034147262573242
61,24.359893798828125,,1.751826286315918,0.022027254104614258
62,24.330142974853516,,1.778562068939209,0.02023148536682129
63,24.29991912841797,,1.807523488998413,0.02438974380493164
64,24.300851821899414,,1.8364882469177246,0.026459693908691406
65,24.268741607666016,,1.8669102191925049,0.0219113826751709
66,24.245718002319336,,1.8966455459594727,0.024132490158081055
67,24.23863410949707,,1.9202368259429932,0.018564939498901367
68,24.200063705444336,,1.9521629810333252,0.023920536041259766
69,24.218048095703125,,1.9825174808502197,0.022247791290283203
70,24.164987564086914,,2.0135297775268555,0.02548813819885254
71,24.142000198364258,,2.041422128677368,0.022902488708496094
72,24.154109954833984,,2.0700299739837646,0.02136087417602539
73,24.125606536865234,,2.104097843170166,0.026967287063598633
74,24.073705673217773,,2.126919984817505,0.01982593536376953
75,24.132665634155273,,2.1579387187957764,0.024228334426879883
76,24.065324783325195,,2.184739589691162,0.020297765731811523
77,24.056007385253906,,2.2152953147888184,0.026932716369628906
78,24.03679084777832,,2.2399446964263916,0.020102739334106445
79,24.021984100341797,,2.2699174880981445,0.024944543838500977
80,23.97039794921875,,2.297966241836548,0.021401166915893555
81,23.97551155090332,,2.3277103900909424,0.02515554428100586
82,23.90468978881836,,2.3543100357055664,0.023386478424072266
83,23.885059356689453,,2.386139392852783,0.026249408721923828
84,23.862035751342773,,2.4147517681121826,0.023136377334594727
85,23.822227478027344,,2.4452388286590576,0.022981643676757812
86,23.867908477783203,,2.472642660140991,0.021650314331054688
87,23.854637145996094,,2.4976141452789307,0.019578218460083008
88,23.768024444580078,,2.5251922607421875,0.01983022689819336
89,23.712459564208984,,2.550767421722412,0.02067852020263672
90,23.742218017578125,,2.5800576210021973,0.023780345916748047
91,23.70085334777832,,2.6105093955993652,0.023888349533081055
92,23.70433807373047,,2.638685941696167,0.02234935760498047
93,23.635536193847656,,2.662411689758301,0.01921844482421875
94,23.593509674072266,,2.689971446990967,0.018975496292114258
95,23.55328941345215,,2.7173469066619873,0.025368690490722656
96,23.588157653808594,,2.74208927154541,0.019228458404541016
97,23.48617935180664,,2.769981861114502,0.02289581298828125
98,23.512441635131836,,2.797417402267456,0.022011756896972656
99,23.432153701782227,,2.8220131397247314,0.020090579986572266
100,23.437166213989258,0.0,2.8517842292785645,0.02277374267578125
101,23.40847396850586,,2.877208948135376,0.021875858306884766
102,23.377429962158203,,2.908540964126587,0.023708105087280273
103,23.36728858947754,,2.935161590576172,0.022078275680541992
104,23.334415435791016,,2.9599475860595703,0.019968748092651367
105,23.30322265625,,2.9900643825531006,0.02260756492614746
106,23.250598907470703,,3.0196497440338135,0.02399921417236328
107,23.162025451660156,,3.04585862159729,0.019132375717163086
108,23.202648162841797,,3.0739474296569824,0.020231962203979492
109,23.089216232299805,,3.1011457443237305,0.020371437072753906
110,23.112483978271484,,3.1254491806030273,0.019353389739990234
111,23.071884155273438,,3.150200605392456,0.016976118087768555
112,23.043655395507812,,3.1864449977874756,0.028202533721923828
113,22.996753692626953,,3.2116520404815674,0.02321147918701172
114,22.901948928833008,,3.23891019821167,0.021260976791381836
115,22.877880096435547,,3.268782615661621,0.02281475067138672
116,22.813365936279297,,3.2969539165496826,0.022006750106811523
117,22.846593856811523,,3.3217506408691406,0.020294666290283203
118,22.71857452392578,,3.3517050743103027,0.021952152252197266
119,22.741003036499023,,3.376884937286377,0.021596431732177734
120,22.68712615966797,,3.405597686767578,0.020236968994140625
121,22.57590675354004,,3.4332728385925293,0.023403406143188477
122,22.523929595947266,,3.4571518898010254,0.018766164779663086
123,22.52759552001953,,3.4870243072509766,0.02136087417602539
124,22.504043579101562,,3.518024206161499,0.025188684463500977
125,22.459787368774414,,3.548023223876953,0.024718523025512695
126,22.359607696533203,,3.5769922733306885,0.023137331008911133
127,22.331806182861328,,3.601740837097168,0.017246007919311523
128,22.283035278320312,,3.6322593688964844,0.022617340087890625
129,22.21290397644043,,3.6573331356048584,0.020049095153808594
130,22.168651580810547,,3.6853535175323486,0.023163318634033203
131,22.11803436279297,,3.709704875946045,0.01973700523376465
132,22.075851440429688,,3.7369444370269775,0.0202329158782959
133,22.030277252197266,,3.764843702316284,0.023359298706054688
134,21.999103546142578,,3.78983211517334,0.019928932189941406
135,21.894081115722656,,3.8237409591674805,0.02373504638671875
136,21.819360733032227,,3.859900712966919,0.03162217140197754
137,21.835277557373047,,3.8888068199157715,0.02389836311340332
138,21.731775283813477,,3.9098408222198486,0.016386747360229492
139,21.700027465820312,,3.941913366317749,0.021007299423217773
140,21.600210189819336,,3.9719738960266113,0.022849559783935547
141,21.556610107421875,,3.99473237991333,0.017937898635864258
142,21.42225456237793,,4.029803276062012,0.024801015853881836
143,21.441064834594727,,4.0564165115356445,0.02288079261779785
144,21.319347381591797,,4.08004093170166,0.01870584487915039
145,21.279129028320312,,4.102570056915283,0.014167547225952148
146,21.24928092956543,,4.135098934173584,0.02210378646850586
147,21.151241302490234,,4.161939859390259,0.02184438705444336
148,21.11078643798828,,4.191877365112305,0.021937847137451172
149,20.991226196289062,,4.224282741546631,0.02555990219116211
150,21.018875122070312,,4.251891374588013,0.0220947265625
151,20.945222854614258,,4.278567790985107,0.020187854766845703
152,20.829761505126953,,4.30891227722168,0.025771141052246094
153,20.84491539001465,,4.33432149887085,0.02440953254699707
154,20.721466064453125,,4.362936496734619,0.020104646682739258
155,20.621612548828125,,4.390419244766235,0.022793292999267578
156,20.53304672241211,,4.416511058807373,0.019781112670898438
157,20.55107307434082,,4.446277379989624,0.02219867706298828
158,20.44226837158203,,4.475081920623779,0.023153066635131836
159,20.38157844543457,,4.5034098625183105,0.022783279418945312
160,20.355674743652344,,4.5359156131744385,0.024989843368530273
161,20.253162384033203,,4.565868377685547,0.022756099700927734
162,20.1752986907959,,4.596223592758179,0.02533888816833496
163,20.082408905029297,,4.6243369579315186,0.023612260818481445
164,20.106443405151367,,4.654963254928589,0.022769689559936523
165,20.053020477294922,,4.686328649520874,0.02245807647705078
166,19.96738624572754,,4.711857318878174,0.02002549171447754
167,19.851734161376953,,4.742467164993286,0.0211031436920166
168,19.710670471191406,,4.769941806793213,0.019617795944213867
169,19.678863525390625,,4.804805278778076,0.026146888732910156
170,19.613754272460938,,4.829854965209961,0.02000594139099121
171,19.56878662109375,,4.859886407852173,0.022326946258544922
172,19.49860382080078,,4.8934760093688965,0.026727914810180664
173,19.347259521484375,,4.91728138923645,0.019501447677612305
174,19.325912475585938,,4.94634485244751,0.021558046340942383
175,19.324859619140625,,4.9767746925354,0.025519609451293945
176,19.20056915283203,,5.003529787063599,0.021936655044555664
177,19.17168617248535,,5.034440517425537,0.023409366607666016
178,19.136646270751953,,5.064472913742065,0.022441625595092773
179,19.070709228515625,,5.092239856719971,0.02246570587158203
180,18.980525970458984,,5.11997389793396,0.021736621856689453
181,18.894495010375977,,5.148908853530884,0.021898269653320312
182,18.88849639892578,,5.176862001419067,0.026484012603759766
183,18.746414184570312,,5.201761722564697,0.020400524139404297
184,18.644411087036133,,5.226741313934326,0.017050743103027344
185,18.594409942626953,,5.253790616989136,0.0200498104095459
186,18.538009643554688,,5.283398389816284,0.021598100662231445
187,18.41736602783203,,5.309823513031006,0.018512964248657227
188,18.357908248901367,,5.345131874084473,0.02541971206665039
189,18.32518768310547,,5.372488975524902,0.021856069564819336
190,18.34732437133789,,5.403661489486694,0.022632122039794922
191,18.164325714111328,,5.433284521102905,0.02469658851623535
192,18.155418395996094,,5.4617600440979,0.02328205108642578
193,18.124780654907227,,5.488983631134033,0.020226716995239258
194,17.975196838378906,,5.522264003753662,0.031778573989868164
195,17.914688110351562,,5.550535678863525,0.025279760360717773
196,17.851621627807617,,5.578866243362427,0.022820711135864258
197,17.770153045654297,,5.6087024211883545,0.02229619026184082
198,17.73130989074707,,5.6399900913238525,0.030282020568847656
199,17.592357635498047,,5.6646692752838135,0.020602703094482422
200,17.537282943725586,0.2529029846191406,5.695183277130127,0.022392988204956055
201,17.474767684936523,,5.722648859024048,0.023690462112426758
202,17.39979362487793,,5.750736474990845,0.02409052848815918
203,17.332351684570312,,5.780064105987549,0.022801876068115234
204,17.37131118774414,,5.809891700744629,0.021785736083984375
205,17.277694702148438,,5.835928440093994,0.02079463005065918
206,17.218917846679688,,5.8713884353637695,0.023976802825927734
207,17.060359954833984,,5.902953147888184,0.023027658462524414
208,17.003124237060547,,5.931516647338867,0.023563146591186523
209,16.930431365966797,,5.962117910385132,0.02368330955505371
210,16.962177276611328,,5.989019155502319,0.020793437957763672
211,16.871559143066406,,6.0162200927734375,0.025658369064331055
212,16.794713973999023,,6.044750690460205,0.025075197219848633
213,16.714447021484375,,6.068840503692627,0.01902914047241211
214,16.685138702392578,,6.099644660949707,0.025536060333251953
215,16.61383819580078,,6.124986886978149,0.020819664001464844
216,16.592666625976562,,6.155569076538086,0.023235797882080078
217,16.41948890686035,,6.186173915863037,0.02320122718811035
218,16.35586166381836,,6.215579509735107,0.02589273452758789
219,16.357196807861328,,6.243455410003662,0.020772933959960938
220,16.310882568359375,,6.269942283630371,0.018653392791748047
221,16.259944915771484,,6.294792890548706,0.01934337615966797
222,16.14798927307129,,6.328202724456787,0.02390146255493164
223,16.140625,,6.351748466491699,0.016669511795043945
224,16.03441047668457,,6.383252382278442,0.023466825485229492
225,16.021896362304688,,6.411226511001587,0.022418498992919922
226,15.992830276489258,,6.442261219024658,0.02250051498413086
227,15.851001739501953,,6.467126846313477,0.019829273223876953
228,15.741924285888672,,6.490516901016235,0.01595449447631836
229,15.806310653686523,,6.519735097885132,0.021038055419921875
230,15.74178409576416,,6.544895887374878,0.019397258758544922
231,15.738996505737305,,6.575982093811035,0.022249221801757812
232,15.590140342712402,,6.605188369750977,0.020638704299926758
233,15.556830406188965,,6.631985902786255,0.022289037704467773
234,15.46280288696289,,6.660773277282715,0.023787975311279297
235,15.444121360778809,,6.6870436668396,0.018003225326538086
236,15.360271453857422,,6.7125771045684814,0.02245044708251953
237,15.329986572265625,,6.740490913391113,0.0204010009765625
238,15.222150802612305,,6.769960880279541,0.02846670150756836
239,15.201598167419434,,6.794434070587158,0.019335269927978516
240,15.20107364654541,,6.821836471557617,0.01983165740966797
241,15.097803115844727,,6.851755857467651,0.02209949493408203
242,15.09083366394043,,6.880988359451294,0.02306342124938965
243,14.99747085571289,,6.905698537826538,0.020711183547973633
244,14.940706253051758,,6.93259859085083,0.02130126953125
245,14.906582832336426,,6.957834005355835,0.019431114196777344
246,14.903914451599121,,6.986078977584839,0.02066636085510254
247,14.896879196166992,,7.017542600631714,0.02692723274230957
248,14.768106460571289,,7.042041778564453,0.019914627075195312
249,14.7594575881958,,7.074004411697388,0.02414989471435547
250,14.753918647766113,,7.10072135925293,0.0201418399810791
251,14.609909057617188,,7.1249330043792725,0.02319788932800293
252,14.622941970825195,,7.154953956604004,0.022750139236450195
253,14.620718002319336,,7.182559251785278,0.022861003875732422
254,14.43794059753418,,7.209902048110962,0.022431135177612305
255,14.4967679977417,,7.23790168762207,0.02198648452758789
256,14.392693519592285,,7.265789747238159,0.02333545684814453
257,14.375748634338379,,7.29108190536499,0.02106952667236328
258,14.390893936157227,,7.318300724029541,0.02020883560180664
259,14.305784225463867,,7.345200300216675,0.021375179290771484
260,14.317632675170898,,7.374647378921509,0.023916006088256836
261,14.254181861877441,,7.405593156814575,0.02442455291748047
262,14.16124153137207,,7.432707786560059,0.0226747989654541
263,14.103263854980469,,7.457193374633789,0.019734859466552734
264,14.049949645996094,,7.488006591796875,0.02322101593017578
265,14.060518264770508,,7.522324085235596,0.02902960777282715
266,13.975682258605957,,7.548415660858154,0.0220792293548584
267,13.98134994506836,,7.569796800613403,0.015794992446899414
268,13.948101997375488,,7.601605415344238,0.021025896072387695
269,13.909229278564453,,7.625699996948242,0.022981643676757812
270,13.869255065917969,,7.650269508361816,0.018268108367919922
271,13.836441040039062,,7.67742657661438,0.020068645477294922
272,13.754881858825684,,7.703102111816406,0.020008325576782227
273,13.815084457397461,,7.729834318161011,0.019145727157592773
274,13.638957023620605,,7.758401393890381,0.0233309268951416
275,13.707778930664062,,7.78616738319397,0.024126768112182617
276,13.60009479522705,,7.817123651504517,0.023126840591430664
277,13.520803451538086,,7.850695371627808,0.02882218360900879
278,13.559934616088867,,7.874345064163208,0.02265024185180664
279,13.543081283569336,,7.900238275527954,0.019387006759643555
280,13.565053939819336,,7.927648067474365,0.026406288146972656
281,13.492825508117676,,7.956102609634399,0.023629188537597656
282,13.441701889038086,,7.983965158462524,0.0198366641998291
283,13.379610061645508,,8.00820803642273,0.019176721572875977
284,13.31770133972168,,8.0383939743042,0.02284073829650879
285,13.295382499694824,,8.067083358764648,0.019473552703857422
286,13.263618469238281,,8.095696926116943,0.02601909637451172
287,13.185504913330078,,8.123615503311157,0.02341914176940918
288,13.130104064941406,,8.154956340789795,0.022969961166381836
289,13.18720817565918,,8.18428373336792,0.021375417709350586
290,13.129570007324219,,8.208251476287842,0.01973128318786621
291,13.08641242980957,,8.238972187042236,0.023206233978271484
292,13.076189041137695,,8.269978523254395,0.023141860961914062
293,13.092607498168945,,8.300095081329346,0.02464127540588379
294,12.9592924118042,,8.326099395751953,0.021494150161743164
295,13.010457992553711,,8.351794242858887,0.01789116859436035
296,12.91260051727295,,8.383959293365479,0.02515888214111328
297,12.940324783325195,,8.404770135879517,0.016812801361083984
298,12.89273738861084,,8.436420679092407,0.02660536766052246
299,12.895767211914062,,8.460229873657227,0.01927042007446289
300,12.773673057556152,0.5343116402626038,8.490537881851196,0.022305011749267578
301,12.754493713378906,,8.52018404006958,0.02964615821838379
302,12.791536331176758,,8.549311637878418,0.0260922908782959
303,12.763365745544434,,8.573911190032959,0.020059585571289062
304,12.68234634399414,,8.601734399795532,0.020013809204101562
305,12.680957794189453,,8.632288694381714,0.026158571243286133
306,12.631791114807129,,8.66060495376587,0.023288249969482422
307,12.60670280456543,,8.68744683265686,0.019804716110229492
308,12.595065116882324,,8.716641187667847,0.024686574935913086
309,12.627005577087402,,8.74452018737793,0.022257328033447266
310,12.481973648071289,,8.775472640991211,0.02311229705810547
311,12.557228088378906,,8.806628942489624,0.026902198791503906
312,12.486967086791992,,8.833780527114868,0.023679494857788086
313,12.478958129882812,,8.861394166946411,0.02010941505432129
314,12.381648063659668,,8.886404514312744,0.02000737190246582
315,12.414535522460938,,8.920085668563843,0.026563405990600586
316,12.314383506774902,,8.950034618377686,0.025409698486328125
317,12.356823921203613,,8.979015588760376,0.023054838180541992
318,12.320112228393555,,9.004191637039185,0.02058577537536621
319,12.302450180053711,,9.03265905380249,0.020588397979736328
320,12.300095558166504,,9.062701225280762,0.024977684020996094
321,12.280084609985352,,9.086346864700317,0.019217252731323242
322,12.2461519241333,,9.110223531723022,0.015285730361938477
323,12.198451042175293,,9.14199686050415,0.022120237350463867
324,12.23945426940918,,9.170013666152954,0.0240476131439209
325,12.114234924316406,,9.199673175811768,0.022376060485839844
326,12.124736785888672,,9.228994369506836,0.022948741912841797
327,12.100614547729492,,9.256316184997559,0.02252936363220215
328,12.112127304077148,,9.284748315811157,0.019858360290527344
329,12.061328887939453,,9.316817045211792,0.02703237533569336
330,12.01142406463623,,9.34352970123291,0.02359938621520996
331,12.026228904724121,,9.369819402694702,0.018745899200439453
332,12.065393447875977,,9.399835109710693,0.02390456199645996
333,11.92764663696289,,9.429850816726685,0.02613544464111328
334,11.987716674804688,,9.459606885910034,0.024720430374145508
335,11.897809982299805,,9.48699951171875,0.021048545837402344
336,11.907869338989258,,9.513012409210205,0.022475719451904297
337,11.903363227844238,,9.542908191680908,0.024893760681152344
338,11.909149169921875,,9.569635152816772,0.01884293556213379
339,11.801131248474121,,9.60163688659668,0.023362398147583008
340,11.859491348266602,,9.629952669143677,0.02331686019897461
341,11.843541145324707,,9.662024974822998,0.02479267120361328
342,11.802282333374023,,9.688155889511108,0.022790193557739258
343,11.68569564819336,,9.715551376342773,0.023443937301635742
344,11.744094848632812,,9.743012189865112,0.019919633865356445
345,11.706602096557617,,9.770049333572388,0.02244734764099121
346,11.686429977416992,,9.794389963150024,0.018872499465942383
347,11.627632141113281,,9.826368570327759,0.023305892944335938
348,11.648283004760742,,9.856842756271362,0.025908231735229492
349,11.656532287597656,,9.886516332626343,0.026320695877075195
350,11.642942428588867,,9.919837474822998,0.022593975067138672
351,11.626899719238281,,9.950047492980957,0.022176504135131836
352,11.565537452697754,,9.980693817138672,0.02434849739074707
353,11.624639511108398,,10.008713722229004,0.02423572540283203
354,11.547859191894531,,10.036595106124878,0.0210568904876709
355,11.579587936401367,,10.064647197723389,0.020723342895507812
356,11.499931335449219,,10.091969966888428,0.022193431854248047
357,11.492581367492676,,10.121403932571411,0.023444652557373047
358,11.451444625854492,,10.15041184425354,0.024682044982910156
359,11.446828842163086,,10.175445795059204,0.020485639572143555
360,11.438886642456055,,10.20689845085144,0.02393031120300293
361,11.434356689453125,,10.234969139099121,0.02303624153137207
362,11.348438262939453,,10.259773969650269,0.019268035888671875
363,11.392396926879883,,10.287644624710083,0.02026653289794922
364,11.33369255065918,,10.314183473587036,0.024376392364501953
365,11.381437301635742,,10.340200662612915,0.019289493560791016
366,11.366621017456055,,10.366485834121704,0.019281387329101562
367,11.320067405700684,,10.395703792572021,0.022657155990600586
368,11.274465560913086,,10.423358917236328,0.022835493087768555
369,11.365385055541992,,10.4537513256073,0.023125171661376953
370,11.28801441192627,,10.48252534866333,0.021265029907226562
371,11.184516906738281,,10.508339881896973,0.018249034881591797
372,11.208377838134766,,10.535622358322144,0.019728660583496094
373,11.189313888549805,,10.565393686294556,0.025263071060180664
374,11.177726745605469,,10.594067811965942,0.024358034133911133
375,11.172057151794434,,10.621352672576904,0.022279977798461914
376,11.188192367553711,,10.649793863296509,0.019875288009643555
377,11.12479019165039,,10.674214124679565,0.019246578216552734
378,11.095762252807617,,10.700201988220215,0.019437789916992188
379,11.07168960571289,,10.729121208190918,0.02391219139099121
380,11.048070907592773,,10.75417160987854,0.020358800888061523
381,11.054731369018555,,10.782678842544556,0.020965099334716797
382,11.059425354003906,,10.80986499786377,0.022115707397460938
383,11.026260375976562,,10.834503650665283,0.019644975662231445
384,11.012163162231445,,10.86642575263977,0.023339509963989258
385,10.975552558898926,,10.897972583770752,0.02527594566345215
386,10.96055793762207,,10.925500392913818,0.022668123245239258
387,10.935243606567383,,10.955358505249023,0.024120092391967773
388,11.015035629272461,,10.98263931274414,0.019912004470825195
389,10.89827823638916,,11.012654066085815,0.02453470230102539
390,10.875211715698242,,11.041189908981323,0.022274255752563477
391,10.911619186401367,,11.070123195648193,0.02164316177368164
392,10.905017852783203,,11.100883722305298,0.023586750030517578
393,10.852943420410156,,11.128831148147583,0.02297687530517578
394,10.840322494506836,,11.160148620605469,0.02299809455871582
395,10.846309661865234,,11.187975406646729,0.023653268814086914
396,10.807536125183105,,11.211630821228027,0.019539833068847656
397,10.792173385620117,,11.239047527313232,0.019426822662353516
398,10.785902976989746,,11.264846086502075,0.020722150802612305
399,10.763431549072266,,11.289849042892456,0.019530534744262695
400,10.793703079223633,0.6120260119438171,11.321937561035156,0.025272369384765625
401,10.734009742736816,,11.34673285484314,0.020382165908813477
402,10.72947883605957,,11.37394642829895,0.019551992416381836
403,10.732843399047852,,11.401782751083374,0.022804737091064453
404,10.69732666015625,,11.427999496459961,0.022186756134033203
405,10.705329895019531,,11.45000696182251,0.0175631046295166
406,10.721830368041992,,11.482570171356201,0.02435779571533203
407,10.641132354736328,,11.50764274597168,0.020436525344848633
408,10.625641822814941,,11.5346839427948,0.020157337188720703
409,10.715519905090332,,11.562453269958496,0.02277088165283203
410,10.618785858154297,,11.586771965026855,0.01965951919555664
411,10.57313346862793,,11.614784240722656,0.019736289978027344
412,10.601057052612305,,11.642529249191284,0.022111177444458008
413,10.595507621765137,,11.670135736465454,0.022634267807006836
414,10.571346282958984,,11.703305959701538,0.02482151985168457
415,10.569108963012695,,11.72884488105774,0.022540569305419922
416,10.494068145751953,,11.754157304763794,0.020328998565673828
417,10.482446670532227,,11.781275510787964,0.02025628089904785
418,10.46239948272705,,11.805241107940674,0.01857924461364746
419,10.495943069458008,,11.830910205841064,0.01903367042541504
420,10.485769271850586,,11.860074996948242,0.029164791107177734
421,10.464295387268066,,11.891768217086792,0.027109384536743164
422,10.405065536499023,,11.918550729751587,0.023784875869750977
423,10.429478645324707,,11.949017524719238,0.02389359474182129
424,10.369354248046875,,11.980515003204346,0.030490398406982422
425,10.461092948913574,,12.007619857788086,0.023787260055541992
426,10.403541564941406,,12.035530805587769,0.023371458053588867
427,10.366827964782715,,12.065686225891113,0.025618553161621094
428,10.401815414428711,,12.091937780380249,0.02230358123779297
429,10.401130676269531,,12.11990237236023,0.02196025848388672
430,10.353090286254883,,12.150309562683105,0.02486729621887207
431,10.346634864807129,,12.181941270828247,0.0269777774810791
432,10.310708999633789,,12.21005392074585,0.02411365509033203
433,10.263469696044922,,12.236043691635132,0.019733667373657227
434,10.34001350402832,,12.26398777961731,0.023057937622070312
435,10.326742172241211,,12.288671970367432,0.019686222076416016
436,10.260416984558105,,12.317097663879395,0.027286291122436523
437,10.238208770751953,,12.34132194519043,0.019393444061279297
438,10.208356857299805,,12.370547771453857,0.02069878578186035
439,10.196173667907715,,12.397810220718384,0.02279973030090332
440,10.230359077453613,,12.42221975326538,0.018941640853881836
441,10.21401596069336,,12.449059247970581,0.01910567283630371
442,10.194581985473633,,12.477208137512207,0.02294754981994629
443,10.221681594848633,,12.501276016235352,0.01954817771911621
444,10.173108100891113,,12.53363585472107,0.023818492889404297
445,10.146336555480957,,12.561295509338379,0.023664236068725586
446,10.130576133728027,,12.587284326553345,0.023504257202148438
447,10.091222763061523,,12.618826389312744,0.023714780807495117
448,10.094178199768066,,12.645555019378662,0.022879600524902344
449,10.105354309082031,,12.670219898223877,0.01978302001953125
450,10.067852020263672,,12.702361583709717,0.02380084991455078
451,10.07209587097168,,12.731796741485596,0.024193525314331055
452,10.023159980773926,,12.760099649429321,0.022038936614990234
453,9.990278244018555,,12.78761887550354,0.01900768280029297
454,9.994214057922363,,12.820824146270752,0.03098607063293457
455,10.035112380981445,,12.846228122711182,0.021908998489379883
456,10.02157974243164,,12.873885869979858,0.021112918853759766
457,9.983264923095703,,12.90282917022705,0.023946046829223633
458,10.006912231445312,,12.926537275314331,0.019179344177246094
459,9.985998153686523,,12.957775354385376,0.022392749786376953
460,9.989635467529297,,12.984472036361694,0.019611597061157227
461,9.966510772705078,,13.019686698913574,0.026701688766479492
462,9.91804313659668,,13.045193433761597,0.020389318466186523
463,9.913715362548828,,13.06989312171936,0.020088911056518555
464,9.948492050170898,,13.106226205825806,0.024907588958740234
465,9.873051643371582,,13.137897968292236,0.026127099990844727
466,9.874517440795898,,13.164201736450195,0.021800994873046875
467,9.905000686645508,,13.192113876342773,0.020594120025634766
468,9.879354476928711,,13.22443699836731,0.024651050567626953
469,9.813756942749023,,13.247620105743408,0.018495559692382812
470,9.820356369018555,,13.277771711349487,0.024097681045532227
471,9.826027870178223,,13.301581621170044,0.020270586013793945
472,9.821310997009277,,13.328407526016235,0.019823551177978516
473,9.7955904006958,,13.356498718261719,0.02189469337463379
474,9.768692016601562,,13.381511926651001,0.02143406867980957
475,9.803488731384277,,13.409908771514893,0.02008056640625
476,9.773628234863281,,13.442422866821289,0.022504568099975586
477,9.770651817321777,,13.467217683792114,0.01975870132446289
478,9.733216285705566,,13.494872331619263,0.019822120666503906
479,9.736611366271973,,13.521227836608887,0.021389484405517578
480,9.724505424499512,,13.544699907302856,0.01795816421508789
481,9.71586799621582,,13.577285528182983,0.022746801376342773
482,9.701568603515625,,13.606108665466309,0.023816585540771484
483,9.722929954528809,,13.637245655059814,0.027458667755126953
484,9.679203033447266,,13.664605855941772,0.022848129272460938
485,9.699190139770508,,13.692113637924194,0.019535064697265625
486,9.677228927612305,,13.724169969558716,0.02437281608581543
487,9.650997161865234,,13.752054214477539,0.023886442184448242
488,9.66793155670166,,13.78268814086914,0.022090911865234375
489,9.643360137939453,,13.807961463928223,0.020200729370117188
490,9.60234260559082,,13.830873250961304,0.016490697860717773
491,9.591294288635254,,13.864503145217896,0.025972843170166016
492,9.604623794555664,,13.889976501464844,0.020209312438964844
493,9.566574096679688,,13.915546417236328,0.018998146057128906
494,9.626601219177246,,13.943204879760742,0.019059419631958008
495,9.584918022155762,,13.973738431930542,0.021893978118896484
496,9.599599838256836,,13.99772834777832,0.018990755081176758
497,9.531360626220703,,14.02625322341919,0.02374744415283203
498,9.540350914001465,,14.057908773422241,0.027955293655395508
499,9.512923240661621,,14.083459854125977,0.022049665451049805
500,9.490655899047852,0.6740674853324891,14.121508121490479,0.029674768447875977
501,9.462718963623047,,14.150380373001099,0.021872520446777344
502,9.503782272338867,,14.18108081817627,0.026093244552612305
503,9.47370433807373,,14.204846620559692,0.019768714904785156
504,9.452301025390625,,14.234045267105103,0.02408576011657715
505,9.415242195129395,,14.257766246795654,0.01872086524963379
506,9.479791641235352,,14.287666320800781,0.021895170211791992
507,9.410926818847656,,14.314664602279663,0.021919727325439453
508,9.395913124084473,,14.340213537216187,0.019228696823120117
509,9.417716979980469,,14.366432428359985,0.019201993942260742
510,9.431109428405762,,14.400338172912598,0.02536487579345703
511,9.388208389282227,,14.430821657180786,0.026019811630249023
512,9.348790168762207,,14.457358598709106,0.021534442901611328
513,9.388776779174805,,14.489608526229858,0.024142742156982422
514,9.352741241455078,,14.527782201766968,0.03706026077270508
515,9.347548484802246,,14.555989027023315,0.02470564842224121
516,9.30476188659668,,14.580840349197388,0.020317554473876953
517,9.335865020751953,,14.607263088226318,0.018445491790771484
518,9.331769943237305,,14.632423877716064,0.022657394409179688
519,9.320938110351562,,14.661070108413696,0.020135164260864258
520,9.295980453491211,,14.692145824432373,0.0264890193939209
521,9.257023811340332,,14.719615936279297,0.027470111846923828
522,9.306992530822754,,14.746009588241577,0.01966118812561035
523,9.26014232635498,,14.776737689971924,0.024977922439575195
524,9.2406587600708,,14.801662683486938,0.01942133903503418
525,9.232877731323242,,14.831684112548828,0.02202439308166504
526,9.245347023010254,,14.860061168670654,0.022308349609375
527,9.262992858886719,,14.88426423072815,0.018367767333984375
528,9.278345108032227,,14.913939952850342,0.02280592918395996
529,9.212080001831055,,14.943485021591187,0.02193427085876465
530,9.15999984741211,,14.967829465866089,0.01860356330871582
531,9.176619529724121,,14.999674797058105,0.023433685302734375
532,9.183402061462402,,15.02987027168274,0.022656679153442383
533,9.149189949035645,,15.064319372177124,0.028612375259399414
534,9.17086124420166,,15.093437671661377,0.023505687713623047
535,9.117952346801758,,15.117996454238892,0.0195620059967041
536,9.177268981933594,,15.150467872619629,0.02739095687866211
537,9.118457794189453,,15.180959463119507,0.025942325592041016
538,9.105552673339844,,15.208539724349976,0.023577213287353516
539,9.088458061218262,,15.236947536468506,0.02089691162109375
540,9.088849067687988,,15.261048316955566,0.01905536651611328
541,9.088810920715332,,15.291461706161499,0.022906780242919922
542,9.101194381713867,,15.318357229232788,0.019819259643554688
543,9.056878089904785,,15.343626499176025,0.01936507225036621
544,9.015884399414062,,15.369630098342896,0.017499685287475586
545,9.053789138793945,,15.39825177192688,0.021326303482055664
546,9.009622573852539,,15.423933982849121,0.020165443420410156
547,9.007013320922852,,15.44965934753418,0.019225358963012695
548,9.027139663696289,,15.479841947555542,0.02446269989013672
549,9.01995849609375,,15.507301330566406,0.022151947021484375
550,8.999917030334473,,15.537704944610596,0.022571802139282227
551,8.958066940307617,,15.569694519042969,0.02432870864868164
552,8.953130722045898,,15.599768877029419,0.02444601058959961
553,9.000184059143066,,15.626728534698486,0.021954059600830078
554,8.956357955932617,,15.65503716468811,0.02089524269104004
555,8.958831787109375,,15.686421394348145,0.02510356903076172
556,8.946794509887695,,15.713611364364624,0.022688627243041992
557,8.905821800231934,,15.742019891738892,0.020961523056030273
558,8.94084358215332,,15.765912055969238,0.01889514923095703
559,8.888530731201172,,15.789813756942749,0.0170440673828125
560,8.955615997314453,,15.820990324020386,0.023935794830322266
561,8.849664688110352,,15.846104145050049,0.019758224487304688
562,8.894405364990234,,15.875892639160156,0.02330803871154785
563,8.873969078063965,,15.9074125289917,0.024016618728637695
564,8.876625061035156,,15.934010028839111,0.024064064025878906
565,8.860435485839844,,15.96074628829956,0.021773576736450195
566,8.866618156433105,,15.991945743560791,0.023601531982421875
567,8.861871719360352,,16.021235704421997,0.0242922306060791
568,8.843644142150879,,16.050012350082397,0.02374553680419922
569,8.799687385559082,,16.076346397399902,0.02032613754272461
570,8.814188003540039,,16.106528282165527,0.025613069534301758
571,8.825510025024414,,16.13439178466797,0.024075031280517578
572,8.856289863586426,,16.159666776657104,0.01975417137145996
573,8.759231567382812,,16.189766883850098,0.025589942932128906
574,8.791074752807617,,16.219690561294556,0.02291727066040039
575,8.771559715270996,,16.250739812850952,0.025013446807861328
576,8.759445190429688,,16.277754545211792,0.019013643264770508
577,8.793157577514648,,16.301910638809204,0.01926732063293457
578,8.75601863861084,,16.329999208450317,0.01961517333984375
579,8.712145805358887,,16.35755443572998,0.022552490234375
580,8.724754333496094,,16.388631105422974,0.029024124145507812
581,8.707293510437012,,16.418482065200806,0.02533578872680664
582,8.717973709106445,,16.44548010826111,0.021472692489624023
583,8.703898429870605,,16.470168113708496,0.02057957649230957
584,8.705135345458984,,16.501451015472412,0.024248123168945312
585,8.711310386657715,,16.527695894241333,0.019249677658081055
586,8.685325622558594,,16.55201005935669,0.019338607788085938
587,8.664155960083008,,16.585031747817993,0.024454355239868164
588,8.658724784851074,,16.609791040420532,0.01791858673095703
589,8.638580322265625,,16.63834857940674,0.021392822265625
590,8.680601119995117,,16.667707204818726,0.023810863494873047
591,8.65416431427002,,16.69438099861145,0.019810914993286133
592,8.65658187866211,,16.718135595321655,0.018736600875854492
593,8.651312828063965,,16.746030807495117,0.019330739974975586
594,8.621963500976562,,16.775500774383545,0.025754928588867188
595,8.633807182312012,,16.7998628616333,0.02007269859313965
596,8.609578132629395,,16.826465606689453,0.019566059112548828
597,8.592730522155762,,16.85432744026184,0.023311853408813477
598,8.563432693481445,,16.878064393997192,0.019216299057006836
599,8.56935977935791,,16.906822681427002,0.0208437442779541
600,8.588577270507812,0.772428834438324,16.936936140060425,0.027046680450439453
601,8.540552139282227,,16.964766025543213,0.02331829071044922
602,8.569305419921875,,16.997552156448364,0.020371198654174805
603,8.547651290893555,,17.02882432937622,0.022951841354370117
604,8.512977600097656,,17.05419659614563,0.020456552505493164
605,8.555618286132812,,17.083101749420166,0.02035379409790039
606,8.478918075561523,,17.109819650650024,0.018833160400390625
607,8.518856048583984,,17.13724708557129,0.021415233612060547
608,8.479551315307617,,17.162105798721313,0.02030801773071289
609,8.467708587646484,,17.189818382263184,0.020113229751586914
610,8.506945610046387,,17.21421766281128,0.01874399185180664
611,8.470839500427246,,17.24206018447876,0.020294189453125
612,8.421316146850586,,17.265658378601074,0.019597530364990234
613,8.512070655822754,,17.292267322540283,0.02088189125061035
614,8.463201522827148,,17.323976278305054,0.02401113510131836
615,8.41824722290039,,17.349743366241455,0.022302627563476562
616,8.405184745788574,,17.378719806671143,0.024673938751220703
617,8.410764694213867,,17.40742063522339,0.021538257598876953
618,8.438648223876953,,17.436755895614624,0.022351980209350586
619,8.444780349731445,,17.4616436958313,0.020348548889160156
620,8.406097412109375,,17.48814868927002,0.019968032836914062
621,8.369678497314453,,17.517060041427612,0.02632904052734375
622,8.352266311645508,,17.539730548858643,0.018306255340576172
623,8.366582870483398,,17.574150323867798,0.027338266372680664
624,8.35997200012207,,17.60340452194214,0.025027751922607422
625,8.357657432556152,,17.63134479522705,0.022902488708496094
626,8.32429027557373,,17.661112546920776,0.022797584533691406
627,8.33491325378418,,17.692413806915283,0.026263952255249023
628,8.290623664855957,,17.718401432037354,0.020927906036376953
629,8.313636779785156,,17.746034860610962,0.019123315811157227
630,8.291362762451172,,17.77352738380432,0.023749113082885742
631,8.31146240234375,,17.798585891723633,0.01978898048400879
632,8.261659622192383,,17.826396703720093,0.020270109176635742
633,8.275022506713867,,17.854402542114258,0.023504257202148438
634,8.250898361206055,,17.882209062576294,0.022510528564453125
635,8.251139640808105,,17.909918308258057,0.019885778427124023
636,8.277366638183594,,17.94218373298645,0.022193431854248047
637,8.235702514648438,,17.9717378616333,0.025189638137817383
638,8.221996307373047,,17.997723817825317,0.01993274688720703
639,8.233224868774414,,18.03125309944153,0.02577495574951172
640,8.251171112060547,,18.05829691886902,0.022588014602661133
641,8.238070487976074,,18.08478546142578,0.021977901458740234
642,8.238090515136719,,18.11583685874939,0.022643327713012695
643,8.202207565307617,,18.14494562149048,0.024277687072753906
644,8.241024017333984,,18.168962478637695,0.018986940383911133
645,8.166364669799805,,18.1999032497406,0.023050546646118164
646,8.243102073669434,,18.229621410369873,0.024710416793823242
647,8.165786743164062,,18.24975562095642,0.01564192771911621
648,8.197015762329102,,18.28126811981201,0.019726276397705078
649,8.151435852050781,,18.311350107192993,0.025585651397705078
650,8.201752662658691,,18.339069604873657,0.02383732795715332
651,8.20173168182373,,18.366706132888794,0.020125389099121094
652,8.145866394042969,,18.392751455307007,0.019931554794311523
653,8.138172149658203,,18.422319889068604,0.023571491241455078
654,8.141042709350586,,18.44960641860962,0.019818782806396484
655,8.137319564819336,,18.485137462615967,0.02321314811706543
656,8.173471450805664,,18.508474349975586,0.017834901809692383
657,8.102912902832031,,18.53683614730835,0.020568132400512695
658,8.13094711303711,,18.564898014068604,0.023065567016601562
659,8.09061336517334,,18.58972406387329,0.019768714904785156
660,8.09771728515625,,18.615793466567993,0.01906442642211914
661,8.031142234802246,,18.64373755455017,0.022165536880493164
662,8.094614028930664,,18.67066788673401,0.021933794021606445
663,8.065903663635254,,18.699859619140625,0.02179741859436035
664,8.057486534118652,,18.733688354492188,0.026290178298950195
665,8.037949562072754,,18.75705599784851,0.018863916397094727
666,8.062370300292969,,18.78668451309204,0.022710561752319336
667,8.038614273071289,,18.818475246429443,0.0285947322845459
668,7.998709201812744,,18.841815948486328,0.018766164779663086
669,8.01629638671875,,18.870128631591797,0.01974034309387207
670,8.055160522460938,,18.8980872631073,0.021902084350585938
671,7.991891860961914,,18.922009229660034,0.01921701431274414
672,8.00619125366211,,18.949779510498047,0.019048213958740234
673,7.977733135223389,,18.98323631286621,0.02840423583984375
674,8.00200080871582,,19.0084331035614,0.020245790481567383
675,7.97506856918335,,19.03993034362793,0.023583412170410156
676,8.00515365600586,,19.069608449935913,0.024538516998291016
677,7.986666202545166,,19.093992471694946,0.019861221313476562
678,7.977968215942383,,19.1215500831604,0.019986391067504883
679,8.00014877319336,,19.146141529083252,0.023591995239257812
680,7.906064987182617,,19.17131996154785,0.019515514373779297
681,7.93776273727417,,19.19968891143799,0.02836894989013672
682,7.94116735458374,,19.224074840545654,0.024385929107666016
683,7.950328826904297,,19.24967050552368,0.017701387405395508
684,7.930293560028076,,19.278101205825806,0.021337270736694336
685,7.952316761016846,,19.302993774414062,0.01985335350036621
686,7.89683198928833,,19.330973148345947,0.020061731338500977
687,7.882251739501953,,19.359868049621582,0.028894901275634766
688,7.914000034332275,,19.38740873336792,0.023852109909057617
689,7.923000335693359,,19.418543815612793,0.02328777313232422
690,7.872910022735596,,19.449875354766846,0.027192354202270508
691,7.8669328689575195,,19.480685472488403,0.023416996002197266
692,7.8273701667785645,,19.508982181549072,0.024297475814819336
693,7.838126182556152,,19.53967022895813,0.023856401443481445
694,7.844232559204102,,19.568708419799805,0.023983001708984375
695,7.896292686462402,,19.595967769622803,0.021653413772583008
696,7.823759078979492,,19.619609832763672,0.01603531837463379
697,7.83856201171875,,19.653064727783203,0.02842879295349121
698,7.859339237213135,,19.67134189605713,0.014268159866333008
699,7.851834297180176,,19.70471477508545,0.022770166397094727
700,7.840964317321777,0.8298992872238159,19.737802743911743,0.024642467498779297
701,7.756450653076172,,19.762390851974487,0.02068471908569336
702,7.762493133544922,,19.790124893188477,0.020156145095825195
703,7.801074504852295,,19.820411682128906,0.025280237197875977
704,7.762045860290527,,19.844738483428955,0.019353628158569336
705,7.80653715133667,,19.872730255126953,0.020120620727539062
706,7.78061580657959,,19.904205322265625,0.026269912719726562
707,7.755953311920166,,19.933395385742188,0.023465394973754883
708,7.772655487060547,,19.96184802055359,0.023452043533325195
709,7.7449822425842285,,19.99077272415161,0.021357059478759766
710,7.721621036529541,,20.016772985458374,0.01901412010192871
711,7.773594379425049,,20.039764404296875,0.016465187072753906
712,7.7119975090026855,,20.075443029403687,0.027423620223999023
713,7.723231315612793,,20.098276615142822,0.01983332633972168
714,7.7409892082214355,,20.127933979034424,0.021145105361938477
715,7.699199676513672,,20.155021905899048,0.018310070037841797
716,7.728322505950928,,20.180847883224487,0.019519805908203125
717,7.711910247802734,,20.205090761184692,0.015211820602416992
718,7.7122111320495605,,20.24120807647705,0.02698063850402832
719,7.663010597229004,,20.269784688949585,0.02857661247253418
720,7.666809558868408,,20.29512929916382,0.019095897674560547
721,7.69849967956543,,20.322983741760254,0.020308732986450195
722,7.6411027908325195,,20.346213817596436,0.021232128143310547
723,7.664567947387695,,20.37680983543396,0.02208685874938965
724,7.696035385131836,,20.404486417770386,0.022510290145874023
725,7.689716339111328,,20.431215047836304,0.023730993270874023
726,7.627080917358398,,20.45830488204956,0.02009272575378418
727,7.621123790740967,,20.48813772201538,0.02528977394104004
728,7.648679733276367,,20.515527963638306,0.024884462356567383
729,7.628191947937012,,20.53973960876465,0.01661229133605957
730,7.596861839294434,,20.5701904296875,0.023748397827148438
731,7.603001117706299,,20.590012073516846,0.015839099884033203
732,7.61656379699707,,20.621565103530884,0.01972794532775879
733,7.597507476806641,,20.64622163772583,0.01920628547668457
734,7.592437744140625,,20.67617964744568,0.023260116577148438
735,7.628119468688965,,20.704943418502808,0.020760774612426758
736,7.55238676071167,,20.73239254951477,0.019579648971557617
737,7.567591190338135,,20.76414918899536,0.024578094482421875
738,7.579105854034424,,20.789883136749268,0.019541025161743164
739,7.57647705078125,,20.824132919311523,0.025558948516845703
740,7.557731628417969,,20.847657680511475,0.019195079803466797
741,7.519617080688477,,20.879000902175903,0.02452850341796875
742,7.549750804901123,,20.907322883605957,0.020502805709838867
743,7.541975498199463,,20.938228368759155,0.023799657821655273
744,7.535180568695068,,20.964099407196045,0.020360946655273438
745,7.5320210456848145,,20.990800142288208,0.017733335494995117
746,7.4973249435424805,,21.028008222579956,0.027459144592285156
747,7.515695571899414,,21.050442695617676,0.01993584632873535
748,7.530847549438477,,21.07838249206543,0.019931793212890625
749,7.49242639541626,,21.103576183319092,0.020154237747192383
750,7.506590366363525,,21.134922742843628,0.023705005645751953
751,7.476376533508301,,21.161925077438354,0.020433902740478516
752,7.498172760009766,,21.186123609542847,0.019505023956298828
753,7.510759353637695,,21.218096017837524,0.022399187088012695
754,7.4632887840271,,21.250051736831665,0.023047924041748047
755,7.47763204574585,,21.282408237457275,0.02683734893798828
756,7.455162525177002,,21.305452346801758,0.023044109344482422
757,7.44661283493042,,21.330972909927368,0.018686532974243164
758,7.472557544708252,,21.36650538444519,0.02348017692565918
759,7.437498569488525,,21.397369861602783,0.026781558990478516
760,7.452583312988281,,21.423664808273315,0.023738622665405273
761,7.463840484619141,,21.449607133865356,0.018370866775512695
762,7.425500869750977,,21.478160619735718,0.02204442024230957
763,7.419034004211426,,21.510245323181152,0.027507305145263672
764,7.439583778381348,,21.541197538375854,0.02462029457092285
765,7.420167446136475,,21.568660497665405,0.02347254753112793
766,7.389325141906738,,21.589588403701782,0.016542673110961914
767,7.4201741218566895,,21.620631456375122,0.019629240036010742
768,7.339255332946777,,21.650035858154297,0.023970603942871094
769,7.367122173309326,,21.677505493164062,0.022593975067138672
770,7.365259170532227,,21.709863901138306,0.02385115623474121
771,7.369732856750488,,21.73604464530945,0.022266149520874023
772,7.377994060516357,,21.75998091697693,0.019342660903930664
773,7.311300754547119,,21.786952257156372,0.018523454666137695
774,7.34768009185791,,21.81535053253174,0.025393247604370117
775,7.326030731201172,,21.84408926963806,0.024217844009399414
776,7.352017879486084,,21.876030921936035,0.025440692901611328
777,7.352295398712158,,21.90386724472046,0.023839712142944336
778,7.334345817565918,,21.93103313446045,0.023535728454589844
779,7.3035736083984375,,21.961656093597412,0.02462029457092285
780,7.293448448181152,,21.99083948135376,0.025178909301757812
781,7.283563137054443,,22.022083520889282,0.03124403953552246
782,7.317885875701904,,22.045928955078125,0.019877910614013672
783,7.283266544342041,,22.074153423309326,0.02440166473388672
784,7.27646017074585,,22.09824562072754,0.01983928680419922
785,7.301783561706543,,22.125049829483032,0.01926422119140625
786,7.262675762176514,,22.153344869613647,0.023324012756347656
787,7.26857852935791,,22.171862602233887,0.014171123504638672
788,7.2899932861328125,,22.20401930809021,0.018971681594848633
789,7.245843410491943,,22.23280954360962,0.023207902908325195
790,7.286931037902832,,22.257052659988403,0.02024078369140625
791,7.25078821182251,,22.28388547897339,0.02008223533630371
792,7.268479824066162,,22.309683799743652,0.0207977294921875
793,7.249852180480957,,22.3310604095459,0.014602422714233398
794,7.237842082977295,,22.368144035339355,0.023302793502807617
795,7.229134559631348,,22.391943216323853,0.018852710723876953
796,7.207762718200684,,22.420104503631592,0.019643783569335938
797,7.204768180847168,,22.447842836380005,0.020002126693725586
798,7.225833892822266,,22.47213625907898,0.02242302894592285
799,7.184319019317627,,22.498862743377686,0.01914525032043457
800,7.183192729949951,0.8711670756340026,22.532487630844116,0.02911686897277832
801,7.191843509674072,,22.556068420410156,0.01931619644165039
802,7.179361343383789,,22.58352255821228,0.01990509033203125
803,7.164947986602783,,22.610823154449463,0.02280139923095703
804,7.158341884613037,,22.635396718978882,0.019267797470092773
805,7.163614273071289,,22.664227962493896,0.020287752151489258
806,7.1615095138549805,,22.69001793861389,0.021694421768188477
807,7.166016578674316,,22.720827341079712,0.022298574447631836
808,7.126863479614258,,22.752583503723145,0.02511882781982422
809,7.115659713745117,,22.783014059066772,0.026422739028930664
810,7.138169765472412,,22.808663845062256,0.0256497859954834
811,7.126642227172852,,22.83839511871338,0.02172064781188965
812,7.098437309265137,,22.867562770843506,0.023628711700439453
813,7.153268814086914,,22.89482593536377,0.021787405014038086
814,7.117651462554932,,22.923659086227417,0.02032923698425293
815,7.083220958709717,,22.954734325408936,0.02575969696044922
816,7.112189769744873,,22.982335090637207,0.022383451461791992
817,7.121651649475098,,23.016536474227905,0.020728111267089844
818,7.1455841064453125,,23.04485583305359,0.019639015197753906
819,7.097014427185059,,23.075809240341187,0.023149967193603516
820,7.10454797744751,,23.100294589996338,0.01903223991394043
821,7.091070175170898,,23.13172721862793,0.024028778076171875
822,7.097390174865723,,23.159574270248413,0.022850751876831055
823,7.053825378417969,,23.189797163009644,0.022882461547851562
824,7.083893775939941,,23.217212200164795,0.019338130950927734
825,7.094651699066162,,23.24978494644165,0.027499675750732422
826,7.026573657989502,,23.279866218566895,0.026027441024780273
827,7.015514373779297,,23.305217266082764,0.02134418487548828
828,7.059352874755859,,23.331084728240967,0.017918825149536133
829,7.05843448638916,,23.36690378189087,0.026067733764648438
830,7.02154541015625,,23.393324613571167,0.0234830379486084
831,7.055510520935059,,23.422720670700073,0.020893096923828125
832,7.037128448486328,,23.454564809799194,0.026847362518310547
833,7.014926910400391,,23.480402946472168,0.021947383880615234
834,7.019346714019775,,23.509037971496582,0.020631074905395508
835,6.994844913482666,,23.536733150482178,0.02245330810546875
836,6.986537456512451,,23.56132984161377,0.021090269088745117
837,7.0108723640441895,,23.590020656585693,0.020379066467285156
838,6.9799981117248535,,23.62263774871826,0.023013591766357422
839,7.023266792297363,,23.647384881973267,0.020325899124145508
840,6.973728179931641,,23.68301010131836,0.03249359130859375
841,6.969087600708008,,23.714373350143433,0.025970935821533203
842,6.948005676269531,,23.74350905418396,0.023599863052368164
843,6.968090534210205,,23.767409324645996,0.019870519638061523
844,6.988142490386963,,23.80018401145935,0.024292945861816406
845,6.950272560119629,,23.83107328414917,0.026846647262573242
846,6.942774772644043,,23.8545663356781,0.023493051528930664
847,6.927555561065674,,23.880643606185913,0.018747806549072266
848,6.9429240226745605,,23.912200450897217,0.021912574768066406
849,6.93579626083374,,23.93958806991577,0.02182316780090332
850,6.910058498382568,,23.967410802841187,0.020806550979614258
851,6.9271464347839355,,24.003537893295288,0.030496835708618164
852,6.91294002532959,,24.026289701461792,0.019231081008911133
853,6.92453670501709,,24.050665378570557,0.01782512664794922
854,6.912707805633545,,24.080310344696045,0.022739887237548828
855,6.916693687438965,,24.10473084449768,0.019327402114868164
856,6.898468494415283,,24.129706144332886,0.017597198486328125
857,6.898056983947754,,24.157785654067993,0.018911361694335938
858,6.882540702819824,,24.18470859527588,0.019969463348388672
859,6.919421672821045,,24.209961652755737,0.017690181732177734
860,6.8943047523498535,,24.236913442611694,0.01954483985900879
861,6.834228992462158,,24.268677473068237,0.02317953109741211
862,6.859212875366211,,24.300116300582886,0.023398160934448242
863,6.874429702758789,,24.327183961868286,0.02350449562072754
864,6.886456489562988,,24.350948810577393,0.01983928680419922
865,6.856930255889893,,24.379026651382446,0.020763397216796875
866,6.859689712524414,,24.405582666397095,0.022332429885864258
867,6.840197563171387,,24.43117928504944,0.01958489418029785
868,6.833104133605957,,24.460755109786987,0.022574186325073242
869,6.846390247344971,,24.490293979644775,0.02485036849975586
870,6.840063571929932,,24.518009662628174,0.0229032039642334
871,6.798923969268799,,24.546199798583984,0.02068638801574707
872,6.825525760650635,,24.578837156295776,0.02442336082458496
873,6.7773284912109375,,24.60809087753296,0.024544477462768555
874,6.81302547454834,,24.636072397232056,0.021219491958618164
875,6.823273658752441,,24.66327929496765,0.01943039894104004
876,6.832864761352539,,24.687540531158447,0.019770145416259766
877,6.8134284019470215,,24.71831750869751,0.023271560668945312
878,6.7613677978515625,,24.74983263015747,0.023749113082885742
879,6.814901351928711,,24.779722452163696,0.025002241134643555
880,6.800014972686768,,24.807403564453125,0.02314472198486328
881,6.80675745010376,,24.831090211868286,0.0157468318939209
882,6.778796672821045,,24.86756181716919,0.024779796600341797
883,6.716878414154053,,24.88973379135132,0.016945838928222656
884,6.782516002655029,,24.921228408813477,0.02066969871520996
885,6.744558811187744,,24.953408002853394,0.02546834945678711
886,6.717384338378906,,24.981456756591797,0.02303600311279297
887,6.762777328491211,,25.010838508605957,0.022379398345947266
888,6.7281646728515625,,25.038466215133667,0.02236628532409668
889,6.749195098876953,,25.068650007247925,0.028679370880126953
890,6.7306647300720215,,25.096128463745117,0.022928476333618164
891,6.741629123687744,,25.124041080474854,0.020408153533935547
892,6.698657989501953,,25.14866590499878,0.02062845230102539
893,6.753805637359619,,25.17491579055786,0.018424510955810547
894,6.713777542114258,,25.207539319992065,0.025751829147338867
895,6.718645095825195,,25.235198259353638,0.022112607955932617
896,6.733217239379883,,25.260480880737305,0.020781755447387695
897,6.6968607902526855,,25.28996443748474,0.022210359573364258
898,6.704744338989258,,25.31557297706604,0.019164085388183594
899,6.678404331207275,,25.341735124588013,0.019658803939819336
900,6.684619903564453,0.8830550909042358,25.372807264328003,0.02649974822998047
901,6.743261337280273,,25.396657943725586,0.018975019454956055
902,6.728078842163086,,25.424742698669434,0.021579265594482422
903,6.665993690490723,,25.451740741729736,0.02193450927734375
904,6.678854942321777,,25.47980785369873,0.022405385971069336
905,6.681807518005371,,25.510616540908813,0.022418498992919922
906,6.656214237213135,,25.54000759124756,0.023730754852294922
907,6.678393363952637,,25.568394660949707,0.02111649513244629
908,6.641926288604736,,25.59003734588623,0.016132354736328125
909,6.648423194885254,,25.621591567993164,0.01978135108947754
910,6.619203567504883,,25.64608597755432,0.0190277099609375
911,6.624558925628662,,25.67122721672058,0.01729869842529297
912,6.633099555969238,,25.701914310455322,0.023689746856689453
913,6.643988609313965,,25.725024700164795,0.019112586975097656
914,6.64902400970459,,25.756956100463867,0.023082494735717773
915,6.631237983703613,,25.785929441452026,0.024471759796142578
916,6.592544078826904,,25.814276933670044,0.024314403533935547
917,6.625361442565918,,25.842780828475952,0.02199077606201172
918,6.619317054748535,,25.867785453796387,0.021007537841796875
919,6.603255271911621,,25.889707326889038,0.016936779022216797
920,6.584801197052002,,25.92121171951294,0.021190643310546875
921,6.559836387634277,,25.95560908317566,0.027251243591308594
922,6.558992385864258,,25.983607053756714,0.022582292556762695
923,6.599086761474609,,26.010577917099,0.019469499588012695
924,6.589714527130127,,26.03969669342041,0.02318572998046875
925,6.583454608917236,,26.072750568389893,0.025107860565185547
926,6.557049751281738,,26.0989933013916,0.021741628646850586
927,6.577353477478027,,26.129726886749268,0.023163795471191406
928,6.567320346832275,,26.156357526779175,0.021417856216430664
929,6.558710098266602,,26.183913230895996,0.022052764892578125
930,6.508277893066406,,26.214354991912842,0.022867202758789062
931,6.561872959136963,,26.241570234298706,0.023218631744384766
932,6.53699254989624,,26.268056869506836,0.021489620208740234
933,6.527108669281006,,26.300118446350098,0.02304816246032715
934,6.540302276611328,,26.32895803451538,0.02435612678527832
935,6.530365467071533,,26.36040449142456,0.029258251190185547
936,6.522528648376465,,26.38715672492981,0.022744417190551758
937,6.520927429199219,,26.416681051254272,0.024907588958740234
938,6.498702049255371,,26.441046714782715,0.019323348999023438
939,6.522049903869629,,26.468326330184937,0.018780231475830078
940,6.471440315246582,,26.50154972076416,0.03171873092651367
941,6.532055854797363,,26.531965255737305,0.027009248733520508
942,6.45028018951416,,26.555750370025635,0.01975846290588379
943,6.517848014831543,,26.583468914031982,0.02077031135559082
944,6.463103294372559,,26.60701060295105,0.018894433975219727
945,6.459274768829346,,26.634759187698364,0.02088761329650879
946,6.4563140869140625,,26.66523313522339,0.02191305160522461
947,6.496258735656738,,26.69059467315674,0.01912236213684082
948,6.497098922729492,,26.71979832649231,0.019698143005371094
949,6.476603984832764,,26.74762988090515,0.02332162857055664
950,6.452696800231934,,26.77199387550354,0.01900196075439453
951,6.473379135131836,,26.803173303604126,0.024702072143554688
952,6.488945007324219,,26.8288357257843,0.020389080047607422
953,6.450536727905273,,26.857309103012085,0.02620077133178711
954,6.4341511726379395,,26.880032777786255,0.017946958541870117
955,6.458587169647217,,26.91003441810608,0.025372028350830078
956,6.420992851257324,,26.933810472488403,0.019273757934570312
957,6.406359672546387,,26.964545488357544,0.022158384323120117
958,6.417555809020996,,26.995238304138184,0.025228500366210938
959,6.409659385681152,,27.024303674697876,0.022658824920654297
960,6.396446228027344,,27.056440591812134,0.02430415153503418
961,6.388424873352051,,27.084413290023804,0.021401405334472656
962,6.406843185424805,,27.11306643486023,0.02495741844177246
963,6.403507709503174,,27.14086151123047,0.022822141647338867
964,6.42368745803833,,27.171277284622192,0.023418426513671875
965,6.398262977600098,,27.201339960098267,0.025409221649169922
966,6.405012130737305,,27.225242614746094,0.019895076751708984
967,6.430826187133789,,27.26039218902588,0.027213335037231445
968,6.390836715698242,,27.2899112701416,0.026486873626708984
969,6.394908905029297,,27.31375026702881,0.018776416778564453
970,6.369301795959473,,27.34082794189453,0.02057480812072754
971,6.358595371246338,,27.372816801071167,0.02653360366821289
972,6.35640811920166,,27.397785186767578,0.020756244659423828
973,6.354169845581055,,27.425679206848145,0.020328998565673828
974,6.402466773986816,,27.45390748977661,0.024056673049926758
975,6.3436455726623535,,27.482130527496338,0.02366352081298828
976,6.33823299407959,,27.507225275039673,0.020841121673583984
977,6.386889934539795,,27.53518319129944,0.023490428924560547
978,6.324092864990234,,27.563833951950073,0.024047374725341797
979,6.334952354431152,,27.5895574092865,0.018863201141357422
980,6.340806007385254,,27.62077808380127,0.024890661239624023
981,6.311888694763184,,27.64498519897461,0.018742084503173828
982,6.322559356689453,,27.67369556427002,0.019515275955200195
983,6.334342002868652,,27.70123314857483,0.02302384376525879
984,6.308096885681152,,27.726287364959717,0.020177125930786133
985,6.27199125289917,,27.74978518486023,0.015638351440429688
986,6.293294429779053,,27.78395700454712,0.025035381317138672
987,6.284149169921875,,27.809632539749146,0.023675203323364258
988,6.291043758392334,,27.84079384803772,0.023801565170288086
989,6.294825553894043,,27.867666244506836,0.022872447967529297
990,6.285041809082031,,27.89568591117859,0.022855281829833984
991,6.268324851989746,,27.923714876174927,0.019460201263427734
992,6.238132476806641,,27.94799041748047,0.01961684226989746
993,6.299151420593262,,27.96980881690979,0.01483917236328125
994,6.295318603515625,,28.001625776290894,0.021826982498168945
995,6.275294303894043,,28.031482458114624,0.024436235427856445
996,6.220362186431885,,28.058454990386963,0.018468141555786133
997,6.226062774658203,,28.08647131919861,0.01944255828857422
998,6.245477676391602,,28.115135669708252,0.025528669357299805
999,6.241865158081055,,28.142459392547607,0.022844314575195312
1000,6.277405738830566,0.9054668188095093,28.177005290985107,0.02701258659362793
1001,6.225775718688965,,28.202478885650635,0.022447824478149414
1002,6.25887393951416,,28.229848623275757,0.0237429141998291
1003,6.257685661315918,,28.259845495224,0.02398371696472168
1004,6.239789009094238,,28.288344860076904,0.024591922760009766
1005,6.2089619636535645,,28.31449842453003,0.02446603775024414
1006,6.256904602050781,,28.342796087265015,0.0216827392578125
1007,6.212706565856934,,28.369895219802856,0.018589258193969727
1008,6.224423885345459,,28.39796733856201,0.019353151321411133
1009,6.203864097595215,,28.426706075668335,0.02022695541381836
1010,6.2160539627075195,,28.456149101257324,0.02625298500061035
1011,6.188741207122803,,28.479740381240845,0.019769668579101562
1012,6.205167770385742,,28.507033109664917,0.020285367965698242
1013,6.222166061401367,,28.534234285354614,0.02267313003540039
1014,6.189264297485352,,28.561847448349,0.0223386287689209
1015,6.203831672668457,,28.589564561843872,0.019866228103637695
1016,6.161860466003418,,28.621764421463013,0.02487325668334961
1017,6.163677215576172,,28.65176510810852,0.024546384811401367
1018,6.20937442779541,,28.677119731903076,0.019041776657104492
1019,6.171614646911621,,28.70540475845337,0.01916646957397461
1020,6.147773742675781,,28.73098087310791,0.021157264709472656
1021,6.157087326049805,,28.758939027786255,0.0219881534576416
1022,6.159761428833008,,28.789921760559082,0.022443056106567383
1023,6.142078876495361,,28.819988489151,0.030066728591918945
1024,6.155277252197266,,28.848364114761353,0.02333974838256836
1025,6.2019195556640625,,28.876107692718506,0.019751787185668945
1026,6.131786346435547,,28.901028633117676,0.019865989685058594
1027,6.1638641357421875,,28.92998766899109,0.02292919158935547
1028,6.1444220542907715,,28.957510948181152,0.019483566284179688
1029,6.114020347595215,,28.981568098068237,0.01948690414428711
1030,6.125024795532227,,29.011646032333374,0.021574020385742188
1031,6.109610557556152,,29.039637088775635,0.02319645881652832
1032,6.127171516418457,,29.065812587738037,0.020887374877929688
1033,6.1235785484313965,,29.089599609375,0.0169832706451416
1034,6.116354942321777,,29.11986541748047,0.022911787033081055
1035,6.151140213012695,,29.14659357070923,0.023057222366333008
1036,6.0968732833862305,,29.17803931236267,0.022874832153320312
1037,6.080233573913574,,29.206968784332275,0.024148225784301758
1038,6.104854583740234,,29.23798155784607,0.023705244064331055
1039,6.098066329956055,,29.265745162963867,0.023251056671142578
1040,6.075106620788574,,29.296488761901855,0.022820711135864258
1041,6.068827152252197,,29.328030586242676,0.02674698829650879
1042,6.07405424118042,,29.354008674621582,0.022815465927124023
1043,6.0694580078125,,29.38313388824463,0.021641969680786133
1044,6.0744709968566895,,29.411756992340088,0.022839784622192383
1045,6.098227500915527,,29.435347318649292,0.01858210563659668
1046,6.100672721862793,,29.465763807296753,0.02225184440612793
1047,6.070043563842773,,29.497859239578247,0.02809882164001465
1048,6.046455383300781,,29.526436805725098,0.022819042205810547
1049,6.040407180786133,,29.559633255004883,0.025810718536376953
1050,6.017232894897461,,29.589632272720337,0.0217134952545166
1051,6.069269180297852,,29.62034583091736,0.025241613388061523
1052,6.040571212768555,,29.64598846435547,0.021634340286254883
1053,6.028847694396973,,29.676976203918457,0.02303004264831543
1054,6.011062145233154,,29.707950830459595,0.025760650634765625
1055,5.997800827026367,,29.73564338684082,0.0225069522857666
1056,6.028769493103027,,29.76152467727661,0.01713848114013672
1057,6.054146766662598,,29.791866540908813,0.023082494735717773
1058,6.009642601013184,,29.810245275497437,0.01378011703491211
1059,6.040233612060547,,29.843854188919067,0.020725727081298828
1060,6.03127384185791,,29.86899185180664,0.020611286163330078
1061,6.039560317993164,,29.89671015739441,0.019640684127807617
1062,5.9932098388671875,,29.92841863632202,0.023871898651123047
1063,6.01396369934082,,29.954576015472412,0.024651050567626953
1064,6.014864921569824,,29.981876850128174,0.021802186965942383
1065,5.998146057128906,,30.01156759262085,0.021694660186767578
1066,5.974003791809082,,30.054672479629517,0.03602886199951172
1067,5.984287261962891,,30.082975149154663,0.025303363800048828
1068,5.981343746185303,,30.109919786453247,0.022919178009033203
1069,5.929098129272461,,30.141414165496826,0.023199081420898438
1070,5.944646835327148,,30.16973304748535,0.02380681037902832
1071,5.942251682281494,,30.200872898101807,0.029468059539794922
1072,5.956208229064941,,30.2318274974823,0.025951862335205078
1073,5.939169883728027,,30.258025884628296,0.01920151710510254
1074,5.933780193328857,,30.282294988632202,0.01931452751159668
1075,5.937816619873047,,30.313817977905273,0.024023056030273438
1076,5.931327819824219,,30.341886520385742,0.020567655563354492
1077,5.9541473388671875,,30.365714073181152,0.019362688064575195
1078,5.924831867218018,,30.39867854118347,0.024172306060791016
1079,5.9234442710876465,,30.430155992507935,0.024971961975097656
1080,5.963075160980225,,30.45783567428589,0.02564382553100586
1081,5.939393043518066,,30.48501706123352,0.02267909049987793
1082,5.931394577026367,,30.511653423309326,0.01775193214416504
1083,5.969043731689453,,30.543333053588867,0.01793813705444336
1084,5.929018974304199,,30.568870306015015,0.0190274715423584
1085,5.932294845581055,,30.595048904418945,0.01860785484313965
1086,5.931033134460449,,30.626758337020874,0.025879383087158203
1087,5.914978504180908,,30.65366244316101,0.023929595947265625
1088,5.925642967224121,,30.682106256484985,0.02092599868774414
1089,5.878219127655029,,30.713144063949585,0.025758981704711914
1090,5.924783706665039,,30.738352060317993,0.020929574966430664
1091,5.891848087310791,,30.766986846923828,0.020123958587646484
1092,5.889106750488281,,30.794113636016846,0.024123191833496094
1093,5.91146183013916,,30.818493843078613,0.01875591278076172
1094,5.867067813873291,,30.852867364883423,0.025452852249145508
1095,5.90373420715332,,30.884564876556396,0.027481555938720703
1096,5.876540660858154,,30.909706354141235,0.025141477584838867
1097,5.838498115539551,,30.935391187667847,0.020408153533935547
1098,5.860596656799316,,30.966360807418823,0.02409672737121582
1099,5.866874694824219,,30.993648290634155,0.023781299591064453
1100,5.8599042892456055,0.9153249263763428,31.0211980342865,0.02252507209777832
1101,5.858376502990723,,31.046477794647217,0.021250486373901367
1102,5.839322566986084,,31.07713007926941,0.022342443466186523
1103,5.867264747619629,,31.104953289031982,0.023248910903930664
1104,5.880206108093262,,31.134748697280884,0.022448301315307617
1105,5.866291046142578,,31.165517807006836,0.024933576583862305
1106,5.850943565368652,,31.19465470314026,0.023537874221801758
1107,5.8098297119140625,,31.222347497940063,0.020596027374267578
1108,5.809274673461914,,31.249659299850464,0.022597789764404297
1109,5.871125221252441,,31.277207851409912,0.02224111557006836
1110,5.837048053741455,,31.304726123809814,0.019428253173828125
1111,5.8142805099487305,,31.333670616149902,0.02340841293334961
1112,5.836064338684082,,31.35666561126709,0.018503904342651367
1113,5.820667743682861,,31.389689922332764,0.023702144622802734
1114,5.846595764160156,,31.41623330116272,0.02256011962890625
1115,5.814206123352051,,31.441009044647217,0.019556045532226562
1116,5.790275573730469,,31.46845531463623,0.019443035125732422
1117,5.785662651062012,,31.495319366455078,0.02532362937927246
1118,5.821713447570801,,31.52401876449585,0.02286505699157715
1119,5.817191123962402,,31.55004382133484,0.018518447875976562
1120,5.797318458557129,,31.575905323028564,0.019176959991455078
1121,5.812122344970703,,31.606053829193115,0.022145509719848633
1122,5.781037330627441,,31.636751413345337,0.022759437561035156
1123,5.775332927703857,,31.664111375808716,0.022611141204833984
1124,5.794350624084473,,31.69116973876953,0.021577119827270508
1125,5.779068946838379,,31.720882177352905,0.022712230682373047
1126,5.788096904754639,,31.750564575195312,0.02295827865600586
1127,5.777796745300293,,31.775097846984863,0.019502639770507812
1128,5.772303581237793,,31.805680990219116,0.021009445190429688
1129,5.770717620849609,,31.834051370620728,0.023834228515625
1130,5.738448619842529,,31.86228370666504,0.022374391555786133
1131,5.730233192443848,,31.89002561569214,0.019236326217651367
1132,5.768803596496582,,31.918309926986694,0.02239847183227539
1133,5.750604152679443,,31.945146560668945,0.021327972412109375
1134,5.797836780548096,,31.969919204711914,0.017956018447875977
1135,5.71756649017334,,32.00343036651611,0.025125503540039062
1136,5.748812198638916,,32.02804946899414,0.019771099090576172
1137,5.77787971496582,,32.06103801727295,0.02546858787536621
1138,5.745993614196777,,32.089595556259155,0.021162986755371094
1139,5.716403961181641,,32.12096905708313,0.02376413345336914
1140,5.7594804763793945,,32.146947383880615,0.021975278854370117
1141,5.725210189819336,,32.17844104766846,0.02346968650817871
1142,5.723228454589844,,32.20851683616638,0.02871847152709961
1143,5.691931247711182,,32.23311114311218,0.019939899444580078
1144,5.718541622161865,,32.26046061515808,0.01936197280883789
1145,5.705172061920166,,32.285239458084106,0.020071029663085938
1146,5.7081708908081055,,32.31363582611084,0.02282094955444336
1147,5.686880111694336,,32.341902017593384,0.019665956497192383
1148,5.67641019821167,,32.365941762924194,0.01864457130432129
1149,5.69606351852417,,32.397032499313354,0.02158522605895996
1150,5.676592826843262,,32.425766706466675,0.021163225173950195
1151,5.687582015991211,,32.45770835876465,0.02589273452758789
1152,5.675136089324951,,32.48629403114319,0.023980140686035156
1153,5.668462753295898,,32.511629581451416,0.018525123596191406
1154,5.634277820587158,,32.5417320728302,0.023429155349731445
1155,5.688905715942383,,32.56806755065918,0.022092580795288086
1156,5.657175064086914,,32.59508538246155,0.019177913665771484
1157,5.68370246887207,,32.62248730659485,0.02266693115234375
1158,5.640778064727783,,32.64960265159607,0.022118568420410156
1159,5.664024353027344,,32.671430349349976,0.01346135139465332
1160,5.614161491394043,,32.70545983314514,0.022750377655029297
1161,5.636568069458008,,32.72696924209595,0.017118453979492188
1162,5.646755695343018,,32.756999254226685,0.023021936416625977
1163,5.661086082458496,,32.780590534210205,0.018616199493408203
1164,5.662232398986816,,32.81169247627258,0.022930622100830078
1165,5.6281256675720215,,32.839831590652466,0.02214217185974121
1166,5.6546125411987305,,32.86664533615112,0.021805763244628906
1167,5.630743980407715,,32.89785146713257,0.02433180809020996
1168,5.631882667541504,,32.92473363876343,0.0193789005279541
1169,5.62965202331543,,32.952067136764526,0.022179126739501953
1170,5.6229634284973145,,32.977052211761475,0.01995253562927246
1171,5.5920562744140625,,33.00508785247803,0.023674726486206055
1172,5.606612205505371,,33.03298091888428,0.02328634262084961
1173,5.65106201171875,,33.06358814239502,0.024071931838989258
1174,5.607728958129883,,33.09820008277893,0.026898860931396484
1175,5.611385822296143,,33.129738330841064,0.027377605438232422
1176,5.608958721160889,,33.15386462211609,0.024126291275024414
1177,5.631099700927734,,33.184462547302246,0.023084640502929688
1178,5.625785827636719,,33.21180844306946,0.02340221405029297
1179,5.584542274475098,,33.23834180831909,0.021046876907348633
1180,5.597917079925537,,33.26883029937744,0.021976947784423828
1181,5.624444007873535,,33.2964723110199,0.022572040557861328
1182,5.583081245422363,,33.3205931186676,0.019354581832885742
1183,5.633782386779785,,33.350916385650635,0.022320985794067383
1184,5.583525657653809,,33.382158517837524,0.026298046112060547
1185,5.56289005279541,,33.41290307044983,0.02620387077331543
1186,5.6023969650268555,,33.439934730529785,0.022034406661987305
1187,5.572329521179199,,33.47005081176758,0.022080659866333008
1188,5.602475166320801,,33.501551389694214,0.03150057792663574
1189,5.573103904724121,,33.52563452720642,0.019488811492919922
1190,5.550899982452393,,33.549814224243164,0.01634955406188965
1191,5.572698593139648,,33.58094930648804,0.023355484008789062
1192,5.548970699310303,,33.60806345939636,0.022606849670410156
1193,5.537902355194092,,33.63801074028015,0.02303290367126465
1194,5.556136131286621,,33.66964888572693,0.026067733764648438
1195,5.569221496582031,,33.69692134857178,0.025452852249145508
1196,5.578042984008789,,33.725576639175415,0.02231144905090332
1197,5.538756370544434,,33.757023334503174,0.025850296020507812
1198,5.5304388999938965,,33.781394243240356,0.019411563873291016
1199,5.530771255493164,,33.812981843948364,0.024584293365478516
1200,5.530709266662598,0.9253481864929199,33.84392309188843,0.02344226837158203
1201,5.521292209625244,,33.87478995323181,0.02634596824645996
1202,5.558262825012207,,33.90145444869995,0.021631956100463867
1203,5.536850452423096,,33.929917097091675,0.019962787628173828
1204,5.4983134269714355,,33.96079659461975,0.01999068260192871
1205,5.519616603851318,,33.991100788116455,0.025658130645751953
1206,5.496210098266602,,34.01586103439331,0.02042984962463379
1207,5.49641227722168,,34.042442083358765,0.021465778350830078
1208,5.489076614379883,,34.067168951034546,0.020723342895507812
1209,5.498966217041016,,34.09509992599487,0.01941823959350586
1210,5.5087809562683105,,34.12275004386902,0.022918701171875
1211,5.480925559997559,,34.1499969959259,0.02225041389465332
1212,5.502127647399902,,34.18009328842163,0.022663116455078125
1213,5.487759590148926,,34.21082592010498,0.026128053665161133
1214,5.502791404724121,,34.238048791885376,0.02164483070373535
1215,5.484260559082031,,34.268672943115234,0.02211451530456543
1216,5.490533828735352,,34.297688007354736,0.02375340461730957
1217,5.478079319000244,,34.32175350189209,0.019562721252441406
1218,5.502749443054199,,34.34840750694275,0.01815509796142578
1219,5.485262870788574,,34.375492334365845,0.0235750675201416
1220,5.4574995040893555,,34.40144324302673,0.018784284591674805
1221,5.4700608253479,,34.42842769622803,0.01998734474182129
1222,5.481018543243408,,34.45602631568909,0.021881103515625
1223,5.447110652923584,,34.482635498046875,0.021106958389282227
1224,5.473178863525391,,34.51168131828308,0.02037215232849121
1225,5.45751953125,,34.54178023338318,0.023317575454711914
1226,5.428915977478027,,34.56563138961792,0.019161462783813477
1227,5.469791889190674,,34.594717502593994,0.02340221405029297
1228,5.428049564361572,,34.62231230735779,0.02243971824645996
1229,5.448294162750244,,34.64676547050476,0.019456148147583008
1230,5.43685245513916,,34.67146825790405,0.016778230667114258
1231,5.440616607666016,,34.70507740974426,0.02666616439819336
1232,5.447472095489502,,34.73327302932739,0.023714542388916016
1233,5.425013542175293,,34.76507759094238,0.023244142532348633
1234,5.42112922668457,,34.79440522193909,0.02443838119506836
1235,5.438258171081543,,34.823591232299805,0.02221989631652832
1236,5.44378662109375,,34.849878787994385,0.01978898048400879
1237,5.436328887939453,,34.8821861743927,0.027055740356445312
1238,5.393787384033203,,34.911113023757935,0.02542257308959961
1239,5.426424980163574,,34.935139417648315,0.019029617309570312
1240,5.429747581481934,,34.9623761177063,0.02208685874938965
1241,5.420478820800781,,34.98625707626343,0.018819808959960938
1242,5.431133270263672,,35.01169300079346,0.01861286163330078
1243,5.418707370758057,,35.04758667945862,0.025297880172729492
1244,5.368271827697754,,35.078641176223755,0.02519702911376953
1245,5.394034385681152,,35.10734176635742,0.02367377281188965
1246,5.370762825012207,,35.1388943195343,0.022650957107543945
1247,5.395613670349121,,35.16772675514221,0.02432703971862793
1248,5.365464210510254,,35.19597625732422,0.02474832534790039
1249,5.387881755828857,,35.22638535499573,0.02324056625366211
1250,5.36311149597168,,35.258097648620605,0.0267179012298584
1251,5.385993957519531,,35.281352281570435,0.018276214599609375
1252,5.377470016479492,,35.30869960784912,0.0188751220703125
1253,5.382381439208984,,35.33991241455078,0.025045394897460938
1254,5.373936176300049,,35.36455154418945,0.019220352172851562
1255,5.382939338684082,,35.39308166503906,0.02013421058654785
1256,5.3504228591918945,,35.42181181907654,0.020885467529296875
1257,5.3575944900512695,,35.452210426330566,0.025362253189086914
1258,5.378066062927246,,35.476250410079956,0.01894998550415039
1259,5.371433258056641,,35.50307488441467,0.01941514015197754
1260,5.369751453399658,,35.52712392807007,0.019010305404663086
1261,5.32388973236084,,35.554672956466675,0.020031213760375977
1262,5.354546546936035,,35.57965087890625,0.01998114585876465
1263,5.377302169799805,,35.607094287872314,0.018928050994873047
1264,5.37009334564209,,35.63491177558899,0.019941091537475586
1265,5.359769821166992,,35.661322832107544,0.020702600479125977
1266,5.3210906982421875,,35.688599586486816,0.022279739379882812
1267,5.333009243011475,,35.718371629714966,0.0222012996673584
1268,5.334697723388672,,35.743470191955566,0.019963979721069336
1269,5.31362247467041,,35.769686460494995,0.019643068313598633
1270,5.3155364990234375,,35.79775023460388,0.02401280403137207
1271,5.3103437423706055,,35.82193303108215,0.01967930793762207
1272,5.368448257446289,,35.85298228263855,0.023052692413330078
1273,5.309178352355957,,35.879863023757935,0.022444725036621094
1274,5.319052696228027,,35.9080228805542,0.02049994468688965
1275,5.327792644500732,,35.93760848045349,0.02281785011291504
1276,5.314445495605469,,35.96743965148926,0.02169203758239746
1277,5.298536777496338,,35.9968364238739,0.026891231536865234
1278,5.304067134857178,,36.02526807785034,0.022858381271362305
1279,5.301844596862793,,36.05663537979126,0.024759292602539062
1280,5.292321681976318,,36.08390760421753,0.02312469482421875
1281,5.320402145385742,,36.10725951194763,0.01934528350830078
1282,5.2945356369018555,,36.13105225563049,0.015074014663696289
1283,5.30638313293457,,36.16290497779846,0.021420001983642578
1284,5.282271385192871,,36.19097399711609,0.022065401077270508
1285,5.292355537414551,,36.22034525871277,0.022373437881469727
1286,5.252654075622559,,36.25002312660217,0.02460455894470215
1287,5.322024345397949,,36.27791094779968,0.022774219512939453
1288,5.280098915100098,,36.305782318115234,0.020862579345703125
1289,5.288877487182617,,36.33227062225342,0.021989822387695312
1290,5.266718864440918,,36.35191512107849,0.014146566390991211
1291,5.270763397216797,,36.38425374031067,0.021683454513549805
1292,5.267467975616455,,36.41358542442322,0.023760557174682617
1293,5.281488418579102,,36.436649799346924,0.019072532653808594
1294,5.2644429206848145,,36.46534752845764,0.023194074630737305
1295,5.259767532348633,,36.49312782287598,0.023275136947631836
1296,5.255558013916016,,36.51863169670105,0.020503759384155273
1297,5.23947811126709,,36.54997992515564,0.023305177688598633
1298,5.273589611053467,,36.57342529296875,0.018742084503173828
1299,5.269748687744141,,36.60177826881409,0.019849777221679688
1300,5.2613725662231445,0.9318765163421631,36.6297869682312,0.023459434509277344
1301,5.229048252105713,,36.65737533569336,0.020585060119628906
1302,5.234006404876709,,36.68465495109558,0.019772768020629883
1303,5.261322975158691,,36.71315908432007,0.022934675216674805
1304,5.22736930847168,,36.74030637741089,0.022873640060424805
1305,5.241076946258545,,36.76695656776428,0.019642114639282227
1306,5.233120918273926,,36.79868149757385,0.025724411010742188
1307,5.232775688171387,,36.823137283325195,0.019404888153076172
1308,5.226041793823242,,36.85457181930542,0.02393317222595215
1309,5.2279558181762695,,36.879780769348145,0.020205974578857422
1310,5.238488674163818,,36.914605140686035,0.0301973819732666
1311,5.230457782745361,,36.94113636016846,0.021533966064453125
1312,5.1800217628479,,36.96793580055237,0.018295764923095703
1313,5.1803178787231445,,36.99626612663269,0.022571802139282227
1314,5.190678596496582,,37.02138042449951,0.019609928131103516
1315,5.190049171447754,,37.051860332489014,0.023477554321289062
1316,5.23075008392334,,37.08285188674927,0.02514028549194336
1317,5.230710029602051,,37.109750509262085,0.022315263748168945
1318,5.219759941101074,,37.14342665672302,0.025668621063232422
1319,5.203219890594482,,37.168830156326294,0.018904685974121094
1320,5.196720123291016,,37.194655418395996,0.023320674896240234
1321,5.142822265625,,37.22143268585205,0.01956486701965332
1322,5.194737911224365,,37.24587392807007,0.01944446563720703
1323,5.19773006439209,,37.27492427825928,0.022172927856445312
1324,5.184831619262695,,37.305811405181885,0.023308753967285156
1325,5.188392162322998,,37.33580565452576,0.024853944778442383
1326,5.18435525894165,,37.363991260528564,0.02198505401611328
1327,5.202173233032227,,37.39550709724426,0.02313685417175293
1328,5.179202079772949,,37.42280888557434,0.02048015594482422
1329,5.205419540405273,,37.44694685935974,0.019138097763061523
1330,5.172460079193115,,37.46952962875366,0.01603412628173828
1331,5.152862548828125,,37.499805212020874,0.022142648696899414
1332,5.134483814239502,,37.52435779571533,0.020496368408203125
1333,5.125079154968262,,37.55859637260437,0.025692462921142578
1334,5.147035598754883,,37.58967041969299,0.02756476402282715
1335,5.173344612121582,,37.618135929107666,0.02846550941467285
1336,5.181877613067627,,37.646780490875244,0.02410435676574707
1337,5.1668901443481445,,37.671470642089844,0.017818689346313477
1338,5.12608528137207,,37.699941873550415,0.02847123146057129
1339,5.1181793212890625,,37.724345207214355,0.019400596618652344
1340,5.13846492767334,,37.758275747299194,0.028600692749023438
1341,5.137542724609375,,37.78011918067932,0.019272327423095703
1342,5.124082088470459,,37.810343742370605,0.022711515426635742
1343,5.173087120056152,,37.839900732040405,0.02426290512084961
1344,5.133291244506836,,37.86838889122009,0.023023128509521484
1345,5.15904426574707,,37.89374852180481,0.019788742065429688
1346,5.111540794372559,,37.92186236381531,0.02031230926513672
1347,5.110565185546875,,37.949817419052124,0.022917509078979492
1348,5.153337478637695,,37.97981286048889,0.029995441436767578
1349,5.108915328979492,,38.00820827484131,0.021166563034057617
1350,5.152210235595703,,38.0318124294281,0.02004098892211914
1351,5.103370666503906,,38.062203884124756,0.023394346237182617
1352,5.1462249755859375,,38.0897581577301,0.018807649612426758
1353,5.108875274658203,,38.128570318222046,0.030231475830078125
1354,5.103085517883301,,38.15987205505371,0.030302047729492188
1355,5.131555080413818,,38.17963171005249,0.015185832977294922
1356,5.120249271392822,,38.209805488586426,0.018605470657348633
1357,5.064423084259033,,38.23615002632141,0.019730329513549805
1358,5.09135103225708,,38.263208627700806,0.019555091857910156
1359,5.102146148681641,,38.29178309440613,0.02357196807861328
1360,5.061777114868164,,38.314948081970215,0.018423795700073242
1361,5.07391881942749,,38.34992480278015,0.02523207664489746
1362,5.127642631530762,,38.37757086753845,0.024245262145996094
1363,5.080280303955078,,38.40522813796997,0.02198505401611328
1364,5.106381416320801,,38.431973934173584,0.020925045013427734
1365,5.079333305358887,,38.46446633338928,0.02239513397216797
1366,5.06674861907959,,38.488746643066406,0.020283222198486328
1367,5.067255973815918,,38.51867914199829,0.02204155921936035
1368,5.078295707702637,,38.54735541343689,0.0236361026763916
1369,5.110050201416016,,38.577892541885376,0.024421215057373047
1370,5.061952590942383,,38.6023325920105,0.01896953582763672
1371,5.028583526611328,,38.629690408706665,0.019853830337524414
1372,5.087967872619629,,38.66047692298889,0.030786514282226562
1373,5.082697868347168,,38.686612367630005,0.02112746238708496
1374,5.045154571533203,,38.71634817123413,0.022164583206176758
1375,5.065216064453125,,38.74062442779541,0.019219636917114258
1376,5.0689239501953125,,38.768070697784424,0.019443511962890625
1377,5.050450325012207,,38.795860290527344,0.026123762130737305
1378,5.034631252288818,,38.82071614265442,0.0193634033203125
1379,5.038273334503174,,38.84586453437805,0.017147541046142578
1380,5.019842624664307,,38.87559914588928,0.02229142189025879
1381,5.031646728515625,,38.900083780288696,0.019823312759399414
1382,5.052847862243652,,38.92992186546326,0.02183055877685547
1383,5.064116477966309,,38.95881962776184,0.022263765335083008
1384,5.039310455322266,,38.98612642288208,0.02232217788696289
1385,5.025954723358154,,39.01173257827759,0.01880669593811035
1386,5.046736717224121,,39.043495893478394,0.018713951110839844
1387,5.0649895668029785,,39.06895089149475,0.019446134567260742
1388,5.0393476486206055,,39.09630751609802,0.01917576789855957
1389,5.026517391204834,,39.12986421585083,0.029013633728027344
1390,5.024765968322754,,39.157803535461426,0.027939319610595703
1391,5.027253150939941,,39.187405586242676,0.024086475372314453
1392,5.0318684577941895,,39.21317386627197,0.019228696823120117
1393,5.0205302238464355,,39.238086462020874,0.01967620849609375
1394,5.053211212158203,,39.26502776145935,0.01936817169189453
1395,5.026169300079346,,39.29197287559509,0.022258281707763672
1396,5.028654098510742,,39.317363262176514,0.018614530563354492
1397,5.009599685668945,,39.34536600112915,0.020416259765625
1398,4.980474472045898,,39.37079572677612,0.020824432373046875
1399,5.0014142990112305,,39.40101194381714,0.022185087203979492
1400,5.0424628257751465,0.9380338430404663,39.439624309539795,0.029821157455444336
1401,4.982621192932129,,39.470139503479004,0.022958755493164062
1402,5.006416320800781,,39.49984002113342,0.02272796630859375
1403,4.960869789123535,,39.52869892120361,0.024851322174072266
1404,4.998855113983154,,39.558732748031616,0.023528337478637695
1405,5.021202087402344,,39.58820152282715,0.025406837463378906
1406,4.963325500488281,,39.61434292793274,0.024611234664916992
1407,4.987304210662842,,39.63800263404846,0.019655227661132812
1408,4.980165481567383,,39.66765379905701,0.024141550064086914
1409,4.975628852844238,,39.69387364387512,0.021657943725585938
1410,4.945389747619629,,39.72036099433899,0.01897263526916504
1411,4.9603729248046875,,39.75015139579773,0.024718046188354492
1412,4.9758219718933105,,39.76974320411682,0.014831781387329102
1413,4.965216636657715,,39.801339626312256,0.02181553840637207
1414,4.955905437469482,,39.82838487625122,0.021600723266601562
1415,4.966553688049316,,39.85521674156189,0.022173166275024414
1416,4.963534355163574,,39.885236740112305,0.022156953811645508
1417,4.946376800537109,,39.91601800918579,0.026166677474975586
1418,4.9406585693359375,,39.94380974769592,0.023183584213256836
1419,4.971885681152344,,39.97334575653076,0.022297382354736328
1420,4.948557376861572,,40.004181146621704,0.02580547332763672
1421,4.94047737121582,,40.03495526313782,0.02935504913330078
1422,4.958853244781494,,40.05865025520325,0.019661664962768555
1423,4.958839416503906,,40.085856199264526,0.021845102310180664
1424,4.947024345397949,,40.11420750617981,0.024013757705688477
1425,4.931452751159668,,40.147052526474,0.022335529327392578
1426,4.9437479972839355,,40.17152261734009,0.016475915908813477
1427,4.959638595581055,,40.205440044403076,0.025208473205566406
1428,4.949591636657715,,40.23072123527527,0.021139144897460938
1429,4.937605381011963,,40.26063632965088,0.02188730239868164
1430,4.921828269958496,,40.29173398017883,0.025665283203125
1431,4.943418502807617,,40.314937114715576,0.018321514129638672
1432,4.930559158325195,,40.34841465950012,0.024429798126220703
1433,4.945154190063477,,40.37543797492981,0.023128747940063477
1434,4.9324259757995605,,40.398380756378174,0.01840829849243164
1435,4.890976905822754,,40.42575812339783,0.018867015838623047
1436,4.896202087402344,,40.45407438278198,0.024311542510986328
1437,4.931420803070068,,40.482882261276245,0.02326822280883789
1438,4.952388763427734,,40.508159160614014,0.018177032470703125
1439,4.924604892730713,,40.53959608078003,0.027850866317749023
1440,4.929538726806641,,40.56131076812744,0.016971349716186523
1441,4.922360420227051,,40.58965253829956,0.0208437442779541
1442,4.9211883544921875,,40.61771011352539,0.02138495445251465
1443,4.901163101196289,,40.64254593849182,0.02023768424987793
1444,4.920073509216309,,40.66871213912964,0.01894378662109375
1445,4.889235496520996,,40.69482183456421,0.023537635803222656
1446,4.905610084533691,,40.72242593765259,0.021352529525756836
1447,4.8963775634765625,,40.745689868927,0.018584489822387695
1448,4.900325775146484,,40.76973032951355,0.017333269119262695
1449,4.890636444091797,,40.7987744808197,0.02204298973083496
1450,4.903338432312012,,40.822916984558105,0.01920461654663086
1451,4.894119739532471,,40.85210108757019,0.021616458892822266
1452,4.91126823425293,,40.88316559791565,0.022357463836669922
1453,4.895103454589844,,40.91406226158142,0.0273592472076416
1454,4.874790191650391,,40.94216823577881,0.02411174774169922
1455,4.8960957527160645,,40.96998167037964,0.020465373992919922
1456,4.871798515319824,,41.000691175460815,0.02265191078186035
1457,4.856825828552246,,41.0273814201355,0.02226114273071289
1458,4.893059253692627,,41.055704832077026,0.01972222328186035
1459,4.894474029541016,,41.08077383041382,0.02053380012512207
1460,4.836886882781982,,41.112040758132935,0.023843050003051758
1461,4.853670597076416,,41.14548635482788,0.023876190185546875
1462,4.8544158935546875,,41.17149209976196,0.019118070602416992
1463,4.850062847137451,,41.19963765144348,0.028145551681518555
1464,4.84567928314209,,41.22739291191101,0.02445054054260254
1465,4.887819290161133,,41.254167318344116,0.02237391471862793
1466,4.840878486633301,,41.27769994735718,0.019594192504882812
1467,4.849819660186768,,41.30974292755127,0.023464679718017578
1468,4.813986301422119,,41.33530807495117,0.020908594131469727
1469,4.846041679382324,,41.36106514930725,0.019050121307373047
1470,4.8336405754089355,,41.387282609939575,0.01921844482421875
1471,4.86665678024292,,41.41638112068176,0.022629737854003906
1472,4.8582587242126465,,41.44057583808899,0.01902937889099121
1473,4.846460819244385,,41.46996068954468,0.02126455307006836
1474,4.856686592102051,,41.498427629470825,0.02846693992614746
1475,4.858426094055176,,41.52664613723755,0.02265477180480957
1476,4.817102909088135,,41.55764412879944,0.023397207260131836
1477,4.8458662033081055,,41.587300300598145,0.025506019592285156
1478,4.863302230834961,,41.618213415145874,0.028486251831054688
1479,4.832646369934082,,41.64680814743042,0.024018049240112305
1480,4.837184906005859,,41.67143106460571,0.017759084701538086
1481,4.816380500793457,,41.70426106452942,0.02458786964416504
1482,4.843277454376221,,41.73426079750061,0.02435588836669922
1483,4.839788436889648,,41.759597063064575,0.018798112869262695
1484,4.826143741607666,,41.784729957580566,0.01960468292236328
1485,4.849416732788086,,41.81371235847473,0.022729158401489258
1486,4.826605796813965,,41.840890645980835,0.019602298736572266
1487,4.803683757781982,,41.86822032928467,0.022882461547851562
1488,4.8259711265563965,,41.896894454956055,0.022131681442260742
1489,4.80068302154541,,41.92383599281311,0.019392013549804688
1490,4.816607475280762,,41.951085805892944,0.02228069305419922
1491,4.805056571960449,,41.980788230895996,0.024699926376342773
1492,4.777041435241699,,42.007176876068115,0.01982283592224121
1493,4.815861701965332,,42.03195595741272,0.02020716667175293
1494,4.8166704177856445,,42.05968737602234,0.01976156234741211
1495,4.78804349899292,,42.0875940322876,0.0263674259185791
1496,4.790382385253906,,42.11293816566467,0.023221969604492188
1497,4.77614164352417,,42.14387321472168,0.020198822021484375
1498,4.797049045562744,,42.17153716087341,0.020128488540649414
1499,4.782528877258301,,42.198606967926025,0.027069807052612305
1500,4.77162504196167,0.9372002005577087,42.227046966552734,0.02136683464050293
1501,4.80345344543457,,42.256081342697144,0.026442527770996094
1502,4.803106784820557,,42.27984642982483,0.019224882125854492
1503,4.776121139526367,,42.307724952697754,0.019767045974731445
1504,4.771404266357422,,42.34094858169556,0.030660629272460938
1505,4.747127532958984,,42.3649320602417,0.019560813903808594
1506,4.778299331665039,,42.396066665649414,0.023461103439331055
1507,4.77244758605957,,42.42286562919617,0.01996445655822754
1508,4.790645599365234,,42.446582078933716,0.019716262817382812
1509,4.761669158935547,,42.47011876106262,0.01476740837097168
1510,4.774785041809082,,42.50414419174194,0.020534992218017578
1511,4.78483772277832,,42.52780365943909,0.01956629753112793
1512,4.747439861297607,,42.55581021308899,0.020466327667236328
1513,4.770414352416992,,42.58364677429199,0.023302793502807617
1514,4.750483512878418,,42.61120080947876,0.02304840087890625
1515,4.741494178771973,,42.63798403739929,0.01978135108947754
1516,4.7489118576049805,,42.66544222831726,0.02294611930847168
1517,4.787806510925293,,42.69017457962036,0.020226001739501953
1518,4.763484954833984,,42.71844506263733,0.020243406295776367
1519,4.736193656921387,,42.74363851547241,0.020139217376708984
1520,4.741799354553223,,42.76974058151245,0.019298076629638672
1521,4.780022621154785,,42.79654121398926,0.02680063247680664
1522,4.755988121032715,,42.82202172279358,0.019717931747436523
1523,4.730030059814453,,42.84996223449707,0.021968841552734375
1524,4.748767375946045,,42.876956939697266,0.024959087371826172
1525,4.750943183898926,,42.90188980102539,0.021932601928710938
1526,4.795221328735352,,42.92955732345581,0.020663738250732422
1527,4.7125396728515625,,42.960569858551025,0.0228421688079834
1528,4.718627452850342,,42.98701524734497,0.021421432495117188
1529,4.7349019050598145,,43.0117290019989,0.016823768615722656
1530,4.735362529754639,,43.04685997962952,0.024069547653198242
1531,4.750606536865234,,43.069952964782715,0.02008533477783203
1532,4.754876613616943,,43.09971237182617,0.02175617218017578
1533,4.710079193115234,,43.12786602973938,0.02014923095703125
1534,4.727933883666992,,43.15239977836609,0.022537946701049805
1535,4.726995468139648,,43.179742097854614,0.018826961517333984
1536,4.716663360595703,,43.20806074142456,0.023282527923583984
1537,4.691404342651367,,43.229636430740356,0.016349077224731445
1538,4.742897987365723,,43.26066517829895,0.02029132843017578
1539,4.70781135559082,,43.28444719314575,0.019368648529052734
1540,4.685995101928711,,43.310219287872314,0.016835689544677734
1541,4.699733734130859,,43.34297251701355,0.025664806365966797
1542,4.687060356140137,,43.36799931526184,0.021519899368286133
1543,4.736763000488281,,43.39707136154175,0.024558067321777344
1544,4.724956512451172,,43.421772956848145,0.021128177642822266
1545,4.710195064544678,,43.45179104804993,0.024010658264160156
1546,4.73586893081665,,43.48078489303589,0.02496623992919922
1547,4.712871551513672,,43.506226778030396,0.019444704055786133
1548,4.688854694366455,,43.53029441833496,0.018495798110961914
1549,4.677849292755127,,43.562718629837036,0.022916078567504883
1550,4.699680328369141,,43.58967566490173,0.019037723541259766
1551,4.6816205978393555,,43.62553882598877,0.025652170181274414
1552,4.716713905334473,,43.6481511592865,0.01861095428466797
1553,4.6775407791137695,,43.67735958099365,0.020241260528564453
1554,4.6853718757629395,,43.705737590789795,0.024042844772338867
1555,4.684889793395996,,43.73189163208008,0.022078752517700195
1556,4.691463470458984,,43.76507019996643,0.024635791778564453
1557,4.682252883911133,,43.792301177978516,0.023498058319091797
1558,4.694399356842041,,43.816611766815186,0.019815921783447266
1559,4.681127548217773,,43.84403204917908,0.019757986068725586
1560,4.6929097175598145,,43.87155199050903,0.02302074432373047
1561,4.656486988067627,,43.89988899230957,0.0243377685546875
1562,4.662126064300537,,43.9295494556427,0.02309417724609375
1563,4.702414512634277,,43.95754337310791,0.022614240646362305
1564,4.697285175323486,,43.98222613334656,0.019204378128051758
1565,4.675525665283203,,44.01005220413208,0.019725322723388672
1566,4.669224739074707,,44.03436064720154,0.022572755813598633
1567,4.662028789520264,,44.060340881347656,0.0192716121673584
1568,4.696451187133789,,44.08822321891785,0.02687835693359375
1569,4.624405384063721,,44.11211538314819,0.02228069305419922
1570,4.642232894897461,,44.13804626464844,0.019925594329833984
1571,4.652968883514404,,44.16692280769348,0.023365020751953125
1572,4.660500526428223,,44.19055676460266,0.01912379264831543
1573,4.652534484863281,,44.217676401138306,0.020083904266357422
1574,4.671108245849609,,44.24251985549927,0.019892454147338867
1575,4.654722213745117,,44.27183389663696,0.02333855628967285
1576,4.650632858276367,,44.30225920677185,0.022425413131713867
1577,4.685718059539795,,44.326495885849,0.019746780395507812
1578,4.648470401763916,,44.35328555107117,0.019062042236328125
1579,4.648507118225098,,44.380157470703125,0.021846532821655273
1580,4.663849830627441,,44.40443778038025,0.019207000732421875
1581,4.626402854919434,,44.43551564216614,0.02321910858154297
1582,4.657595157623291,,44.462374210357666,0.02025318145751953
1583,4.661478042602539,,44.49301314353943,0.02544569969177246
1584,4.619897365570068,,44.51180362701416,0.013792276382446289
1585,4.617438316345215,,44.544779777526855,0.021741867065429688
1586,4.668481349945068,,44.569581270217896,0.019961833953857422
1587,4.592522621154785,,44.59637498855591,0.019782543182373047
1588,4.62929630279541,,44.62272906303406,0.02184271812438965
1589,4.62992525100708,,44.648014307022095,0.02031397819519043
1590,4.618687152862549,,44.671528816223145,0.015606164932250977
1591,4.642012596130371,,44.70421051979065,0.02350616455078125
1592,4.6175994873046875,,44.72802186012268,0.020630836486816406
1593,4.611348628997803,,44.7571165561676,0.024472475051879883
1594,4.627946376800537,,44.78095269203186,0.01885509490966797
1595,4.622743606567383,,44.81195092201233,0.0224301815032959
1596,4.616252899169922,,44.8419885635376,0.025065898895263672
1597,4.630033493041992,,44.86763572692871,0.02108621597290039
1598,4.630457401275635,,44.897008419036865,0.022832393646240234
1599,4.637310028076172,,44.92850089073181,0.024380922317504883
1600,4.5904412269592285,0.9468743681907654,44.967379093170166,0.03275442123413086
1601,4.623061180114746,,45.00046467781067,0.030579805374145508
1602,4.57172966003418,,45.024794578552246,0.022326946258544922
1603,4.616546630859375,,45.05465388298035,0.02232646942138672
1604,4.593157768249512,,45.085368633270264,0.025714635848999023
1605,4.597324371337891,,45.11317276954651,0.023277997970581055
1606,4.617463111877441,,45.142579555511475,0.02290201187133789
1607,4.602583408355713,,45.171473264694214,0.024678707122802734
1608,4.57713508605957,,45.1995735168457,0.0188901424407959
1609,4.584817886352539,,45.22710824012756,0.02143716812133789
1610,4.5754265785217285,,45.25725531578064,0.02520298957824707
1611,4.581070423126221,,45.28157877922058,0.019438505172729492
1612,4.608880519866943,,45.30882120132446,0.01923966407775879
1613,4.624848365783691,,45.34092879295349,0.02618575096130371
1614,4.61052131652832,,45.36483860015869,0.01987910270690918
1615,4.6041460037231445,,45.389867544174194,0.017195701599121094
1616,4.593118667602539,,45.42398166656494,0.02353048324584961
1617,4.6048784255981445,,45.44989037513733,0.02190852165222168
1618,4.565307140350342,,45.4783136844635,0.02237224578857422
1619,4.574498176574707,,45.50556492805481,0.019677400588989258
1620,4.584991455078125,,45.53951334953308,0.02533125877380371
1621,4.5920820236206055,,45.56718158721924,0.023522377014160156
1622,4.587974548339844,,45.59842085838318,0.024431943893432617
1623,4.575285911560059,,45.62531638145447,0.0229184627532959
1624,4.552337646484375,,45.64848065376282,0.0186617374420166
1625,4.594515800476074,,45.67143964767456,0.013995885848999023
1626,4.540356636047363,,45.7047803401947,0.025025129318237305
1627,4.5617523193359375,,45.72713017463684,0.016980886459350586
1628,4.525514125823975,,45.75620913505554,0.022011995315551758
1629,4.564541816711426,,45.78137135505676,0.019592761993408203
1630,4.538778305053711,,45.808812856674194,0.020107507705688477
1631,4.5624589920043945,,45.835811376571655,0.025462865829467773
1632,4.577852249145508,,45.86604881286621,0.023945093154907227
1633,4.550946235656738,,45.89467716217041,0.021950960159301758
1634,4.573004722595215,,45.926918506622314,0.0246732234954834
1635,4.534159183502197,,45.95495295524597,0.024489641189575195
1636,4.556492805480957,,45.982017517089844,0.02406787872314453
1637,4.538974761962891,,46.008147954940796,0.01981496810913086
1638,4.521552085876465,,46.03629469871521,0.024634838104248047
1639,4.572689056396484,,46.06071662902832,0.019885540008544922
1640,4.564713478088379,,46.08714270591736,0.019339323043823242
1641,4.532167434692383,,46.109594106674194,0.01927495002746582
1642,4.525940895080566,,46.14706897735596,0.02878856658935547
1643,4.578929901123047,,46.17158222198486,0.017679691314697266
1644,4.538750648498535,,46.20318818092346,0.02459120750427246
1645,4.493242263793945,,46.22711372375488,0.019368648529052734
1646,4.55559778213501,,46.25635313987732,0.024105310440063477
1647,4.525318145751953,,46.27961540222168,0.019728899002075195
1648,4.554521560668945,,46.30880093574524,0.021180152893066406
1649,4.5423431396484375,,46.33546328544617,0.02089715003967285
1650,4.541202545166016,,46.36105132102966,0.0191037654876709
1651,4.524115562438965,,46.38970899581909,0.020149707794189453
1652,4.557654857635498,,46.41730046272278,0.0224153995513916
1653,4.499669075012207,,46.44108724594116,0.0194854736328125
1654,4.494514465332031,,46.46848440170288,0.020366907119750977
1655,4.5331549644470215,,46.496100187301636,0.02521657943725586
1656,4.479866981506348,,46.52340626716614,0.0218050479888916
1657,4.508869171142578,,46.55174517631531,0.019779443740844727
1658,4.4933576583862305,,46.58381152153015,0.025991439819335938
1659,4.5059967041015625,,46.607187032699585,0.021370887756347656
1660,4.509565353393555,,46.63494253158569,0.0198972225189209
1661,4.50525426864624,,46.66441369056702,0.023688077926635742
1662,4.50227689743042,,46.692700147628784,0.021089553833007812
1663,4.512872695922852,,46.72103571891785,0.019879817962646484
1664,4.4764323234558105,,46.75063681602478,0.023425579071044922
1665,4.529360294342041,,46.7697856426239,0.01465749740600586
1666,4.506889343261719,,46.80236101150513,0.01974010467529297
1667,4.4790239334106445,,46.83075499534607,0.023873090744018555
1668,4.513665199279785,,46.858373403549194,0.02288985252380371
1669,4.496962547302246,,46.88952374458313,0.022202730178833008
1670,4.485986709594727,,46.919522285461426,0.024387359619140625
1671,4.5034990310668945,,46.94659972190857,0.021698951721191406
1672,4.469169616699219,,46.97472405433655,0.02076125144958496
1673,4.452837944030762,,47.00713896751404,0.023273468017578125
1674,4.494417190551758,,47.03631258010864,0.024289846420288086
1675,4.488688945770264,,47.064356327056885,0.02150416374206543
1676,4.51080846786499,,47.091514348983765,0.019390583038330078
1677,4.483530044555664,,47.122559785842896,0.026157617568969727
1678,4.490865230560303,,47.14811134338379,0.02155327796936035
1679,4.484159469604492,,47.17786002159119,0.024005651473999023
1680,4.469573974609375,,47.202932596206665,0.019568681716918945
1681,4.469023704528809,,47.22958207130432,0.01871490478515625
1682,4.5038909912109375,,47.262303829193115,0.02703571319580078
1683,4.449197769165039,,47.28849911689758,0.023198366165161133
1684,4.504158973693848,,47.31961441040039,0.02361321449279785
1685,4.5038628578186035,,47.34945201873779,0.024859189987182617
1686,4.4569091796875,,47.377272844314575,0.025142431259155273
1687,4.477482318878174,,47.40511894226074,0.020337820053100586
1688,4.483864784240723,,47.43767714500427,0.027698040008544922
1689,4.437599182128906,,47.46353721618652,0.02235889434814453
1690,4.459804058074951,,47.48840594291687,0.01836991310119629
1691,4.452122688293457,,47.515679597854614,0.023760318756103516
1692,4.481444835662842,,47.54134964942932,0.02174067497253418
1693,4.4670023918151855,,47.56986427307129,0.02117013931274414
1694,4.472073554992676,,47.602477073669434,0.0260467529296875
1695,4.447797775268555,,47.63248682022095,0.024971961975097656
1696,4.46895170211792,,47.65768337249756,0.02019953727722168
1697,4.458638668060303,,47.68869972229004,0.02214789390563965
1698,4.453481674194336,,47.71838569641113,0.024686098098754883
1699,4.478573799133301,,47.74484372138977,0.021947860717773438
1700,4.442103862762451,0.941432249546051,47.78347659111023,0.030749082565307617
1701,4.431734561920166,,47.81047034263611,0.02014327049255371
1702,4.449065208435059,,47.84282946586609,0.02416515350341797
1703,4.4345784187316895,,47.869534969329834,0.021707773208618164
1704,4.469887733459473,,47.898107290267944,0.01956653594970703
1705,4.442329406738281,,47.92388987541199,0.01982569694519043
1706,4.439386367797852,,47.94986939430237,0.01944279670715332
1707,4.40232515335083,,47.98539471626282,0.027842044830322266
1708,4.459113121032715,,48.01400446891785,0.024111032485961914
1709,4.422137260437012,,48.03885316848755,0.020064830780029297
1710,4.472176551818848,,48.06587791442871,0.019912004470825195
1711,4.411263942718506,,48.093085289001465,0.023595094680786133
1712,4.4432220458984375,,48.12033653259277,0.0217440128326416
1713,4.407378196716309,,48.1507363319397,0.023367881774902344
1714,4.430031776428223,,48.178062915802,0.022324085235595703
1715,4.454464912414551,,48.20600652694702,0.022568225860595703
1716,4.435090065002441,,48.23725986480713,0.02428746223449707
1717,4.407102584838867,,48.26628279685974,0.023916959762573242
1718,4.4213666915893555,,48.29745316505432,0.027600526809692383
1719,4.382951736450195,,48.32316017150879,0.02119898796081543
1720,4.409543991088867,,48.353357791900635,0.0226290225982666
1721,4.411553382873535,,48.3770911693573,0.01873636245727539
1722,4.405878067016602,,48.41005802154541,0.025458097457885742
1723,4.424588203430176,,48.43549084663391,0.021404266357421875
1724,4.39704704284668,,48.45948576927185,0.01915907859802246
1725,4.391195297241211,,48.48849153518677,0.021496295928955078
1726,4.422037124633789,,48.52104353904724,0.026982784271240234
1727,4.400141716003418,,48.54479718208313,0.019006013870239258
1728,4.420770645141602,,48.57441282272339,0.022682666778564453
1729,4.3891425132751465,,48.604419469833374,0.022219419479370117
1730,4.409158706665039,,48.63385057449341,0.024271011352539062
1731,4.3966474533081055,,48.65746855735779,0.019645214080810547
1732,4.433877468109131,,48.68510699272156,0.0197904109954834
1733,4.429647445678711,,48.708345890045166,0.018733739852905273
1734,4.420208930969238,,48.73528456687927,0.019425153732299805
1735,4.3931474685668945,,48.762672901153564,0.021814823150634766
1736,4.415955543518066,,48.7909517288208,0.023281097412109375
1737,4.4082841873168945,,48.82112407684326,0.02257704734802246
1738,4.382389545440674,,48.849459409713745,0.023305654525756836
1739,4.396355628967285,,48.87300372123718,0.019546985626220703
1740,4.3853840827941895,,48.90100598335266,0.020213842391967773
1741,4.426390171051025,,48.93059706687927,0.024549484252929688
1742,4.41353702545166,,48.95789313316345,0.022166967391967773
1743,4.36857795715332,,48.98740029335022,0.022002696990966797
1744,4.386297225952148,,49.01836919784546,0.02478790283203125
1745,4.386822700500488,,49.048216104507446,0.02504444122314453
1746,4.384641647338867,,49.06990909576416,0.016179323196411133
1747,4.388813018798828,,49.100022315979004,0.018808603286743164
1748,4.389608860015869,,49.12474608421326,0.019101381301879883
1749,4.401523590087891,,49.15689778327942,0.02423095703125
1750,4.394185543060303,,49.18662905693054,0.023282289505004883
1751,4.3942413330078125,,49.21676588058472,0.025635957717895508
1752,4.376738548278809,,49.240811586380005,0.01996779441833496
1753,4.374939441680908,,49.26751518249512,0.019132375717163086
1754,4.382636547088623,,49.291815996170044,0.021791458129882812
1755,4.372557640075684,,49.32321858406067,0.02490067481994629
1756,4.363221168518066,,49.35439443588257,0.024676084518432617
1757,4.358464241027832,,49.38035702705383,0.021965980529785156
1758,4.348884582519531,,49.40727114677429,0.01989459991455078
1759,4.370233058929443,,49.43669867515564,0.023961305618286133
1760,4.397974491119385,,49.461536169052124,0.019030094146728516
1761,4.352217674255371,,49.48837733268738,0.018341779708862305
1762,4.394916534423828,,49.51957297325134,0.025168180465698242
1763,4.36115026473999,,49.54385304450989,0.019074201583862305
1764,4.373740196228027,,49.56991696357727,0.019074678421020508
1765,4.371964454650879,,49.60461664199829,0.023319721221923828
1766,4.387696266174316,,49.634050607681274,0.02447676658630371
1767,4.370238304138184,,49.66085386276245,0.02269721031188965
1768,4.367441177368164,,49.688690423965454,0.019809484481811523
1769,4.32844352722168,,49.71286416053772,0.01917243003845215
1770,4.324309349060059,,49.739601373672485,0.01889944076538086
1771,4.3656229972839355,,49.767948389053345,0.019687414169311523
1772,4.345273971557617,,49.791117906570435,0.018465280532836914
1773,4.369743824005127,,49.81863355636597,0.019819021224975586
1774,4.344610214233398,,49.84479784965515,0.021632671356201172
1775,4.326384544372559,,49.86976170539856,0.020261287689208984
1776,4.357301712036133,,49.89752268791199,0.019752979278564453
1777,4.341911792755127,,49.92159843444824,0.01954030990600586
1778,4.317234992980957,,49.949373722076416,0.020772695541381836
1779,4.358393669128418,,49.98191499710083,0.032033681869506836
1780,4.322062969207764,,50.01111030578613,0.02474212646484375
1781,4.293375015258789,,50.03694701194763,0.01989126205444336
1782,4.3556108474731445,,50.06376934051514,0.019796371459960938
1783,4.369948387145996,,50.091479778289795,0.02406930923461914
1784,4.319538116455078,,50.118119955062866,0.02113199234008789
1785,4.334535121917725,,50.14815807342529,0.02305293083190918
1786,4.327696323394775,,50.178160190582275,0.027448177337646484
1787,4.347860336303711,,50.19982028007507,0.016284704208374023
1788,4.345181465148926,,50.23415756225586,0.02617168426513672
1789,4.329943656921387,,50.263450145721436,0.02503204345703125
1790,4.325357913970947,,50.29003858566284,0.021558284759521484
1791,4.337946891784668,,50.32218909263611,0.023244619369506836
1792,4.31102180480957,,50.35284495353699,0.02297520637512207
1793,4.33925199508667,,50.379714012145996,0.022370338439941406
1794,4.345852851867676,,50.40609335899353,0.018869638442993164
1795,4.294525623321533,,50.43332552909851,0.018918514251708984
1796,4.319400310516357,,50.45802187919617,0.018312931060791016
1797,4.347022533416748,,50.486428022384644,0.01978302001953125
1798,4.32003927230835,,50.51807522773743,0.02717304229736328
1799,4.3081746101379395,,50.54172396659851,0.022095441818237305
1800,4.2981109619140625,0.9415701627731323,50.58000636100769,0.02933645248413086
1801,4.341931343078613,,50.60963702201843,0.02159905433654785
1802,4.302817344665527,,50.64382290840149,0.027662277221679688
1803,4.31665563583374,,50.667245864868164,0.019139528274536133
1804,4.2921881675720215,,50.694764375686646,0.02075505256652832
1805,4.277155876159668,,50.72201991081238,0.02215266227722168
1806,4.33189058303833,,50.7480845451355,0.02106475830078125
1807,4.310559272766113,,50.77946639060974,0.022583961486816406
1808,4.298711776733398,,50.81052374839783,0.02601933479309082
1809,4.340155601501465,,50.84091639518738,0.03039264678955078
1810,4.285120964050293,,50.864524364471436,0.01957988739013672
1811,4.268535137176514,,50.891655921936035,0.0189058780670166
1812,4.304779052734375,,50.9158935546875,0.01921248435974121
1813,4.298768997192383,,50.94370460510254,0.01998734474182129
1814,4.339428424835205,,50.971832036972046,0.022417545318603516
1815,4.2908735275268555,,50.994844913482666,0.018223285675048828
1816,4.293947696685791,,51.01955533027649,0.015349864959716797
1817,4.325943470001221,,51.047954082489014,0.01981973648071289
1818,4.307277679443359,,51.074382305145264,0.019857168197631836
1819,4.333715438842773,,51.10377621650696,0.022126197814941406
1820,4.3266921043396,,51.13461709022522,0.025026798248291016
1821,4.273294448852539,,51.162222385406494,0.02363872528076172
1822,4.294775009155273,,51.19473457336426,0.026511430740356445
1823,4.263533115386963,,51.22513699531555,0.026827573776245117
1824,4.280971527099609,,51.24954319000244,0.01980304718017578
1825,4.29062557220459,,51.281383991241455,0.026596546173095703
1826,4.319709777832031,,51.31049609184265,0.02208256721496582
1827,4.296327590942383,,51.34233593940735,0.024850845336914062
1828,4.315672397613525,,51.36586093902588,0.019521236419677734
1829,4.250004768371582,,51.39384579658508,0.02390885353088379
1830,4.267881393432617,,51.418835163116455,0.019105911254882812
1831,4.276200294494629,,51.44673824310303,0.020398616790771484
1832,4.270380020141602,,51.47941541671753,0.027569293975830078
1833,4.26313591003418,,51.503604888916016,0.020681142807006836
1834,4.267080307006836,,51.53356623649597,0.022459983825683594
1835,4.262420654296875,,51.56053376197815,0.02013850212097168
1836,4.233134746551514,,51.5878632068634,0.020263671875
1837,4.27340841293335,,51.618218660354614,0.021337509155273438
1838,4.252762317657471,,51.644256830215454,0.017464160919189453
1839,4.247207164764404,,51.66951584815979,0.019750356674194336
1840,4.27703857421875,,51.69815516471863,0.021854162216186523
1841,4.24897575378418,,51.72972655296326,0.022472620010375977
1842,4.315720558166504,,51.75865864753723,0.02328205108642578
1843,4.290316581726074,,51.78448700904846,0.020322084426879883
1844,4.256909370422363,,51.81454372406006,0.021675825119018555
1845,4.243833541870117,,51.84588003158569,0.024523258209228516
1846,4.279303550720215,,51.87286114692688,0.023237943649291992
1847,4.254967212677002,,51.90318512916565,0.02182292938232422
1848,4.246758460998535,,51.932934284210205,0.025225162506103516
1849,4.233542442321777,,51.96102023124695,0.022178173065185547
1850,4.2456955909729,,51.9897186756134,0.021692991256713867
1851,4.243642807006836,,52.01535367965698,0.020599365234375
1852,4.2484025955200195,,52.043423652648926,0.023770809173583984
1853,4.2416090965271,,52.06968331336975,0.01978302001953125
1854,4.232649803161621,,52.10310173034668,0.02526235580444336
1855,4.245019912719727,,52.13889718055725,0.02525925636291504
1856,4.27515983581543,,52.16551184654236,0.0225374698638916
1857,4.257808208465576,,52.19626188278198,0.022904157638549805
1858,4.262189865112305,,52.225658893585205,0.024409770965576172
1859,4.236169815063477,,52.24972486495972,0.019971370697021484
1860,4.239678382873535,,52.27696442604065,0.020233631134033203
1861,4.230564117431641,,52.303590059280396,0.022052288055419922
1862,4.2515034675598145,,52.33168029785156,0.023093461990356445
1863,4.2456183433532715,,52.36297678947449,0.023270130157470703
1864,4.235805511474609,,52.39358901977539,0.02483844757080078
1865,4.254118919372559,,52.42047929763794,0.021730661392211914
1866,4.2207136154174805,,52.45101475715637,0.023533344268798828
1867,4.220006465911865,,52.47835040092468,0.022331953048706055
1868,4.211386680603027,,52.502644062042236,0.019783973693847656
1869,4.209320068359375,,52.53355693817139,0.022411346435546875
1870,4.223686218261719,,52.56469011306763,0.02347707748413086
1871,4.216506481170654,,52.595147371292114,0.025671720504760742
1872,4.233519077301025,,52.622854471206665,0.02169489860534668
1873,4.2225213050842285,,52.650726079940796,0.01979517936706543
1874,4.238306999206543,,52.68242597579956,0.024100303649902344
1875,4.239528179168701,,52.70975661277771,0.0219266414642334
1876,4.23515510559082,,52.73981738090515,0.023052453994750977
1877,4.21294641494751,,52.76884198188782,0.021451234817504883
1878,4.216963768005371,,52.798007011413574,0.028157949447631836
1879,4.2155656814575195,,52.822280168533325,0.018702268600463867
1880,4.211801052093506,,52.85542416572571,0.02522420883178711
1881,4.221282005310059,,52.884153604507446,0.023860931396484375
1882,4.195540904998779,,52.90494203567505,0.016791105270385742
1883,4.242074012756348,,52.93519926071167,0.022701501846313477
1884,4.2140793800354,,52.95852756500244,0.018780946731567383
1885,4.2071990966796875,,52.98842239379883,0.022383451461791992
1886,4.227382183074951,,53.01846671104431,0.02430129051208496
1887,4.199812889099121,,53.04955697059631,0.029928207397460938
1888,4.218432903289795,,53.07771921157837,0.02415609359741211
1889,4.218952178955078,,53.10546827316284,0.021245956420898438
1890,4.185378551483154,,53.13059711456299,0.021002531051635742
1891,4.182974815368652,,53.157740354537964,0.020122766494750977
1892,4.200993537902832,,53.185954332351685,0.02013111114501953
1893,4.222995758056641,,53.20994830131531,0.019425153732299805
1894,4.217239856719971,,53.23627591133118,0.019321203231811523
1895,4.18890380859375,,53.26286745071411,0.022089481353759766
1896,4.200628757476807,,53.29054665565491,0.02404165267944336
1897,4.202596187591553,,53.31745743751526,0.01887345314025879
1898,4.201277256011963,,53.34792733192444,0.024692296981811523
1899,4.187397003173828,,53.371970415115356,0.018457651138305664
1900,4.20526123046875,0.943830919265747,53.408984661102295,0.027503252029418945
1901,4.229397296905518,,53.43780064582825,0.02527761459350586
1902,4.201047897338867,,53.46045660972595,0.01911783218383789
1903,4.188780307769775,,53.49132204055786,0.022708892822265625
1904,4.182569980621338,,53.519920349121094,0.023303747177124023
1905,4.203040599822998,,53.54970693588257,0.022615671157836914
1906,4.158998012542725,,53.578351974487305,0.0225675106048584
1907,4.177087306976318,,53.602991342544556,0.016756296157836914
1908,4.200404167175293,,53.63841104507446,0.028799772262573242
1909,4.2118120193481445,,53.66700983047485,0.02402019500732422
1910,4.181586742401123,,53.69830346107483,0.026781320571899414
1911,4.175261497497559,,53.72634840011597,0.02368617057800293
1912,4.171291828155518,,53.75651144981384,0.026752471923828125
1913,4.193000316619873,,53.78050756454468,0.018424510955810547
1914,4.162623882293701,,53.810462474823,0.022243022918701172
1915,4.19830322265625,,53.843214988708496,0.02870321273803711
1916,4.1842241287231445,,53.86787223815918,0.020659208297729492
1917,4.195219993591309,,53.89860939979553,0.023204565048217773
1918,4.172874450683594,,53.923441648483276,0.020299434661865234
1919,4.160473823547363,,53.94941449165344,0.01946544647216797
1920,4.164890766143799,,53.976811170578,0.021999359130859375
1921,4.173487663269043,,54.002617835998535,0.021305322647094727
1922,4.163791179656982,,54.03409171104431,0.023650407791137695
1923,4.1636643409729,,54.063109397888184,0.025020837783813477
1924,4.1834716796875,,54.08671975135803,0.019609451293945312
1925,4.149940013885498,,54.114702224731445,0.0196688175201416
1926,4.1577301025390625,,54.14269781112671,0.0228116512298584
1927,4.211050987243652,,54.16674208641052,0.020047426223754883
1928,4.176254749298096,,54.19976758956909,0.024112462997436523
1929,4.1718668937683105,,54.22960138320923,0.024797439575195312
1930,4.166193962097168,,54.25607633590698,0.02185654640197754
1931,4.190666675567627,,54.28407263755798,0.020493507385253906
1932,4.157054901123047,,54.311970710754395,0.022399187088012695
1933,4.140293121337891,,54.33596348762512,0.0188751220703125
1934,4.166201591491699,,54.359527587890625,0.014555215835571289
1935,4.160210132598877,,54.39410901069641,0.029483556747436523
1936,4.160555362701416,,54.422441482543945,0.02275991439819336
1937,4.158278465270996,,54.449893951416016,0.02012181282043457
1938,4.157434463500977,,54.484198808670044,0.02265453338623047
1939,4.160793304443359,,54.51446604728699,0.024971723556518555
1940,4.130943775177002,,54.54356575012207,0.02409529685974121
1941,4.150938987731934,,54.57443690299988,0.02286982536315918
1942,4.135565757751465,,54.603227376937866,0.02360081672668457
1943,4.16368293762207,,54.627819299697876,0.019562244415283203
1944,4.153044700622559,,54.651885747909546,0.015718936920166016
1945,4.141315937042236,,54.68315887451172,0.022644758224487305
1946,4.155911445617676,,54.71105694770813,0.02324819564819336
1947,4.157281398773193,,54.738378047943115,0.01878523826599121
1948,4.1728010177612305,,54.76364350318909,0.02021503448486328
1949,4.172394275665283,,54.789562463760376,0.01991868019104004
1950,4.194416522979736,,54.81696009635925,0.027397632598876953
1951,4.127584457397461,,54.8419713973999,0.0206449031829834
1952,4.150404930114746,,54.86964154243469,0.01891613006591797
1953,4.137173175811768,,54.899449825286865,0.019884347915649414
1954,4.160207748413086,,54.924357414245605,0.01920294761657715
1955,4.15101432800293,,54.954458475112915,0.02329850196838379
1956,4.131899833679199,,54.98533916473389,0.022527694702148438
1957,4.146100044250488,,55.0095112323761,0.019673585891723633
1958,4.1302618980407715,,55.03700613975525,0.019190549850463867
1959,4.138738632202148,,55.06507158279419,0.024560928344726562
1960,4.125240325927734,,55.0895049571991,0.019265413284301758
1961,4.132777214050293,,55.11992692947388,0.023386001586914062
1962,4.135019302368164,,55.14833664894104,0.023401737213134766
1963,4.1216044425964355,,55.180819272994995,0.02998495101928711
1964,4.140578269958496,,55.20775485038757,0.018938541412353516
1965,4.142047882080078,,55.23541569709778,0.022074460983276367
1966,4.127241134643555,,55.25975060462952,0.0198361873626709
1967,4.163640975952148,,55.290531635284424,0.022772550582885742
1968,4.134182929992676,,55.317532777786255,0.019100666046142578
1969,4.11849308013916,,55.348217248916626,0.023501873016357422
1970,4.116409778594971,,55.37509894371033,0.02137136459350586
1971,4.132020473480225,,55.40217566490173,0.01916980743408203
1972,4.101858615875244,,55.43265986442566,0.024934053421020508
1973,4.154419422149658,,55.458834648132324,0.022199392318725586
1974,4.130005836486816,,55.486445903778076,0.020041704177856445
1975,4.1146392822265625,,55.51286315917969,0.021906375885009766
1976,4.094499111175537,,55.53802466392517,0.019947528839111328
1977,4.12830924987793,,55.56997895240784,0.029382944107055664
1978,4.125644207000732,,55.59722590446472,0.022715330123901367
1979,4.089635848999023,,55.6228768825531,0.021622419357299805
1980,4.0810322761535645,,55.65079092979431,0.023482322692871094
1981,4.093173980712891,,55.68172335624695,0.03093242645263672
1982,4.1194376945495605,,55.70571327209473,0.019995450973510742
1983,4.092209339141846,,55.73217725753784,0.022509098052978516
1984,4.110958099365234,,55.75723314285278,0.018778324127197266
1985,4.110897064208984,,55.785088539123535,0.020308732986450195
1986,4.122561454772949,,55.81277799606323,0.023150205612182617
1987,4.1051130294799805,,55.83653783798218,0.019045114517211914
1988,4.105508327484131,,55.86589598655701,0.020981311798095703
1989,4.108365535736084,,55.89743781089783,0.0232851505279541
1990,4.114805221557617,,55.926265239715576,0.023168087005615234
1991,4.084599018096924,,55.95449495315552,0.022351503372192383
1992,4.086270809173584,,55.98741555213928,0.024556875228881836
1993,4.098834991455078,,56.013670206069946,0.022742271423339844
1994,4.109419345855713,,56.038049936294556,0.019355058670043945
1995,4.129117965698242,,56.06352519989014,0.02290487289428711
1996,4.079263687133789,,56.0883903503418,0.018926382064819336
1997,4.09744119644165,,56.1161150932312,0.01889801025390625
1998,4.088130950927734,,56.14273953437805,0.02093672752380371
1999,4.107854843139648,,56.17129611968994,0.023556232452392578
2000,4.083740234375,0.9438378095626831,56.202738523483276,0.023099184036254883
2001,4.134711265563965,,56.23418569564819,0.026610851287841797
2002,4.109070777893066,,56.260481119155884,0.022027969360351562
2003,4.089951992034912,,56.28706097602844,0.018570423126220703
2004,4.131101608276367,,56.31528425216675,0.02575087547302246
2005,4.094371318817139,,56.33835768699646,0.018037080764770508
2006,4.102768421173096,,56.36834216117859,0.021053791046142578
2007,4.094094276428223,,56.39516568183899,0.021849632263183594
2008,4.104217529296875,,56.42396306991577,0.024298667907714844
2009,4.09876823425293,,56.449421882629395,0.0199587345123291
2010,4.077110290527344,,56.483543157577515,0.027167320251464844
2011,4.0827741622924805,,56.50963568687439,0.02464890480041504
2012,4.087223052978516,,56.53505301475525,0.01911616325378418
2013,4.09542989730835,,56.559884786605835,0.019330501556396484
2014,4.095874309539795,,56.59119439125061,0.023736238479614258
2015,4.1284027099609375,,56.61730074882507,0.019109010696411133
2016,4.079970359802246,,56.648534297943115,0.025650978088378906
2017,4.090831279754639,,56.6757698059082,0.02494955062866211
2018,4.066518306732178,,56.70273184776306,0.020454883575439453
2019,4.093181610107422,,56.729549407958984,0.023177623748779297
2020,4.105965614318848,,56.75298523902893,0.01879739761352539
2021,4.07392692565918,,56.78265833854675,0.021192312240600586
2022,4.094862461090088,,56.81530237197876,0.025172710418701172
2023,4.074668884277344,,56.84073281288147,0.019438982009887695
2024,4.057178974151611,,56.86607027053833,0.017334699630737305
2025,4.075022220611572,,56.89965629577637,0.02656412124633789
2026,4.074959754943848,,56.92557168006897,0.02136707305908203
2027,4.083906173706055,,56.94943165779114,0.01657867431640625
2028,4.060701370239258,,56.97727298736572,0.018613338470458984
2029,4.093842029571533,,57.006410360336304,0.02196979522705078
2030,4.056985855102539,,57.03506922721863,0.021813631057739258
2031,4.079477310180664,,57.06016683578491,0.020598649978637695
2032,4.096096515655518,,57.08994221687317,0.022768020629882812
2033,4.0666351318359375,,57.12194347381592,0.02399277687072754
2034,4.097554683685303,,57.15074682235718,0.024634838104248047
2035,4.095576286315918,,57.18181800842285,0.031071186065673828
2036,4.0472211837768555,,57.206387519836426,0.020602703094482422
2037,4.0879011154174805,,57.23742151260376,0.027779817581176758
2038,4.067293643951416,,57.26080656051636,0.018366336822509766
2039,4.069969654083252,,57.2880802154541,0.019236087799072266
2040,4.080398082733154,,57.31709051132202,0.027474164962768555
2041,4.05916166305542,,57.340882778167725,0.019550800323486328
2042,4.058050155639648,,57.36451816558838,0.015069961547851562
2043,4.044583320617676,,57.396079301834106,0.023073434829711914
2044,4.095004081726074,,57.41986894607544,0.01926398277282715
2045,4.096791744232178,,57.447993755340576,0.02055668830871582
2046,4.066087245941162,,57.474953413009644,0.02553582191467285
2047,4.036081790924072,,57.50328993797302,0.02379775047302246
2048,4.016861915588379,,57.53108310699463,0.02379441261291504
2049,4.046620845794678,,57.55828499794006,0.02317333221435547
2050,4.048486232757568,,57.58574104309082,0.01988959312438965
2051,4.054040908813477,,57.613365650177,0.023508548736572266
2052,4.050349712371826,,57.63801598548889,0.01961207389831543
2053,4.05941104888916,,57.66704773902893,0.021483421325683594
2054,4.043554306030273,,57.694313049316406,0.022695064544677734
2055,4.075640678405762,,57.721041679382324,0.019662141799926758
2056,4.0674824714660645,,57.74805450439453,0.02004241943359375
2057,4.046474456787109,,57.774940490722656,0.0221860408782959
2058,4.042220115661621,,57.79952907562256,0.0190737247467041
2059,4.020608901977539,,57.83121871948242,0.0245819091796875
2060,4.051957607269287,,57.857608795166016,0.02639007568359375
2061,4.06944465637207,,57.88134574890137,0.02008509635925293
2062,4.0361504554748535,,57.90779161453247,0.018071889877319336
2063,4.045027732849121,,57.93965244293213,0.0247499942779541
2064,4.0488739013671875,,57.96890592575073,0.02424478530883789
2065,4.020878314971924,,57.99805164337158,0.021679162979125977
2066,4.048550128936768,,58.02955746650696,0.026074886322021484
2067,4.037384986877441,,58.05760669708252,0.02257513999938965
2068,4.058178424835205,,58.08480405807495,0.020660877227783203
2069,4.020061016082764,,58.116568088531494,0.021871328353881836
2070,4.0729193687438965,,58.14433264732361,0.024624109268188477
2071,4.048793792724609,,58.169615507125854,0.018712759017944336
2072,4.056041240692139,,58.19719219207764,0.025540828704833984
2073,4.033542633056641,,58.2230064868927,0.0207061767578125
2074,4.065334320068359,,58.256402254104614,0.01965045928955078
2075,4.037467002868652,,58.284085512161255,0.01981496810913086
2076,4.054744720458984,,58.31095004081726,0.022866010665893555
2077,4.021856307983398,,58.34007930755615,0.023836612701416016
2078,4.032869815826416,,58.366089820861816,0.018657445907592773
2079,4.03773307800293,,58.39689755439758,0.02733612060546875
2080,4.028606414794922,,58.42144274711609,0.01994180679321289
2081,4.0034565925598145,,58.448126554489136,0.020153522491455078
2082,4.002369403839111,,58.47222924232483,0.02275228500366211
2083,4.007966995239258,,58.49807047843933,0.018329381942749023
2084,4.047452449798584,,58.52693152427673,0.023648738861083984
2085,4.048945426940918,,58.54967474937439,0.01815962791442871
2086,4.025702476501465,,58.577704668045044,0.022130727767944336
2087,4.015101432800293,,58.60113167762756,0.018390655517578125
2088,4.034442901611328,,58.63349223136902,0.021836280822753906
2089,4.043370246887207,,58.66353178024292,0.021529197692871094
2090,4.0127644538879395,,58.68967294692993,0.021616458892822266
2091,4.01883602142334,,58.718565940856934,0.021382808685302734
2092,4.02087926864624,,58.74190044403076,0.015508651733398438
2093,3.9953455924987793,,58.77795195579529,0.02607250213623047
2094,4.006494045257568,,58.801997900009155,0.019474029541015625
2095,4.002598762512207,,58.829474449157715,0.019757986068725586
2096,4.009997367858887,,58.857346534729004,0.025894880294799805
2097,4.031082630157471,,58.88301086425781,0.021157026290893555
2098,4.005556106567383,,58.90975832939148,0.017806529998779297
2099,4.049922943115234,,58.94036650657654,0.024344205856323242
2100,3.9975485801696777,0.9431097745895386,58.9733464717865,0.02797245979309082
2101,4.010919570922852,,58.999849796295166,0.018834352493286133
2102,4.005032062530518,,59.02759599685669,0.022537708282470703
2103,3.992547035217285,,59.055877447128296,0.022889375686645508
2104,4.0139384269714355,,59.08561873435974,0.022237539291381836
2105,4.002763748168945,,59.11618161201477,0.025608062744140625
2106,4.011014938354492,,59.14362978935242,0.02257561683654785
2107,4.0072126388549805,,59.17298746109009,0.022858381271362305
2108,4.006489276885986,,59.203386306762695,0.025369644165039062
2109,4.017005920410156,,59.235917806625366,0.027294158935546875
2110,4.009672164916992,,59.26171398162842,0.01924586296081543
2111,4.009722709655762,,59.28958749771118,0.019418716430664062
2112,3.990710735321045,,59.317511796951294,0.027924299240112305
2113,3.986361265182495,,59.34394884109497,0.02193427085876465
2114,4.024115562438965,,59.375319480895996,0.022829532623291016
2115,4.011587619781494,,59.40184688568115,0.021686792373657227
2116,3.974694013595581,,59.42696261405945,0.019572973251342773
2117,3.9787540435791016,,59.449450969696045,0.014684200286865234
2118,3.988481044769287,,59.48210144042969,0.022376060485839844
2119,4.012273788452148,,59.50829219818115,0.021193742752075195
2120,3.9723339080810547,,59.53604483604431,0.01974034309387207
2121,3.994962215423584,,59.56509804725647,0.024552106857299805
2122,3.9873833656311035,,59.59241819381714,0.021704435348510742
2123,3.993062734603882,,59.619924545288086,0.0187685489654541
2124,3.9927961826324463,,59.64512228965759,0.01969742774963379
2125,3.97599720954895,,59.67554593086243,0.02392125129699707
2126,3.9916799068450928,,59.70617961883545,0.0234222412109375
2127,3.9941017627716064,,59.737791538238525,0.0283203125
2128,4.0191874504089355,,59.76570129394531,0.0237886905670166
2129,3.974656105041504,,59.78946661949158,0.01818990707397461
2130,3.9858617782592773,,59.8221960067749,0.022730112075805664
2131,3.9973158836364746,,59.853479862213135,0.02527594566345215
2132,4.020038604736328,,59.87820816040039,0.019731521606445312
2133,3.990055799484253,,59.90776777267456,0.021436691284179688
2134,3.9885969161987305,,59.93286204338074,0.023086071014404297
2135,3.9833855628967285,,59.960105419158936,0.02024555206298828
2136,3.9978044033050537,,59.991124629974365,0.026459455490112305
2137,3.983990430831909,,60.01609182357788,0.024967193603515625
2138,3.969835042953491,,60.044097900390625,0.02149653434753418
2139,3.989835023880005,,60.07446527481079,0.024533987045288086
2140,3.996077060699463,,60.09942007064819,0.01912069320678711
2141,3.9702110290527344,,60.1272087097168,0.019777297973632812
2142,3.97105073928833,,60.15532994270325,0.025619029998779297
2143,3.990952730178833,,60.17953419685364,0.018869638442993164
2144,3.9375994205474854,,60.20338559150696,0.01563239097595215
2145,3.9976601600646973,,60.24253058433533,0.032582759857177734
2146,3.940135955810547,,60.27277612686157,0.02524542808532715
2147,3.9610986709594727,,60.296714305877686,0.018785715103149414
2148,3.9759511947631836,,60.32868719100952,0.023714303970336914
2149,3.9511470794677734,,60.35228753089905,0.02108907699584961
2150,3.9751648902893066,,60.38195610046387,0.023670196533203125
2151,4.0056633949279785,,60.41121459007263,0.02047133445739746
2152,3.9271981716156006,,60.43595314025879,0.01974201202392578
2153,3.980496644973755,,60.46477198600769,0.020306825637817383
2154,3.985429525375366,,60.491010904312134,0.018237829208374023
2155,3.9420413970947266,,60.5234489440918,0.0226132869720459
2156,3.972017288208008,,60.55181932449341,0.018970727920532227
2157,3.978382110595703,,60.57963538169861,0.019250869750976562
2158,3.9425017833709717,,60.60516357421875,0.020386457443237305
2159,3.9905173778533936,,60.6298553943634,0.019098997116088867
2160,3.969870090484619,,60.65760517120361,0.02774977684020996
2161,4.002964973449707,,60.68187165260315,0.01919841766357422
2162,3.9937567710876465,,60.71012282371521,0.01975250244140625
2163,3.989741802215576,,60.74154806137085,0.026804208755493164
2164,3.957736015319824,,60.76957178115845,0.02402663230895996
2165,3.929004669189453,,60.79697227478027,0.022547245025634766
2166,3.973428726196289,,60.824777364730835,0.020357847213745117
2167,3.957932710647583,,60.84795355796814,0.01914525032043457
2168,3.9484879970550537,,60.876373052597046,0.01890730857849121
2169,3.978665351867676,,60.904754400253296,0.023915767669677734
2170,3.94919753074646,,60.928444147109985,0.018665552139282227
2171,3.949000835418701,,60.9564163684845,0.019865036010742188
2172,3.928917407989502,,60.983731269836426,0.022498607635498047
2173,3.949538230895996,,61.011590003967285,0.02286219596862793
2174,3.9624080657958984,,61.04009437561035,0.022392988204956055
2175,3.953843593597412,,61.06958508491516,0.02443528175354004
2176,3.9485526084899902,,61.089884519577026,0.015353679656982422
2177,3.9332239627838135,,61.12734413146973,0.025555849075317383
2178,3.9435248374938965,,61.15700912475586,0.026849985122680664
2179,3.9659457206726074,,61.184410572052,0.022688865661621094
2180,3.9366061687469482,,61.21528148651123,0.022953271865844727
2181,3.9466443061828613,,61.24170184135437,0.018882274627685547
2182,3.965062141418457,,61.273070096969604,0.022250652313232422
2183,3.960599899291992,,61.3010516166687,0.0229799747467041
2184,3.954064130783081,,61.331406593322754,0.022708415985107422
2185,3.948164701461792,,61.35979986190796,0.022310733795166016
2186,3.9611330032348633,,61.38968825340271,0.024941682815551758
2187,3.955599308013916,,61.420477628707886,0.02327895164489746
2188,3.9573311805725098,,61.446356534957886,0.022362470626831055
2189,3.944568395614624,,61.47106456756592,0.0216214656829834
2190,3.9149389266967773,,61.5028190612793,0.0247039794921875
2191,3.9309887886047363,,61.52830672264099,0.02088332176208496
2192,3.9496572017669678,,61.55649209022522,0.022382020950317383
2193,3.9365007877349854,,61.58807301521301,0.024077177047729492
2194,3.954535484313965,,61.61360144615173,0.02058720588684082
2195,3.944362163543701,,61.64290738105774,0.02288222312927246
2196,3.9530415534973145,,61.66967535018921,0.019257068634033203
2197,3.9395055770874023,,61.703906774520874,0.028445959091186523
2198,3.9451098442077637,,61.7281014919281,0.02168893814086914
2199,3.9304757118225098,,61.75709104537964,0.02306222915649414
2200,3.9382734298706055,0.946155846118927,61.789588928222656,0.02492046356201172
2201,3.962501049041748,,61.8247926235199,0.022938966751098633
2202,3.917562484741211,,61.85239911079407,0.022530078887939453
2203,3.9454948902130127,,61.88086819648743,0.022473812103271484
2204,3.947751522064209,,61.909868478775024,0.027492761611938477
2205,3.9295852184295654,,61.94236183166504,0.021927595138549805
2206,3.92699933052063,,61.971139669418335,0.023781776428222656
2207,3.9053893089294434,,62.002718448638916,0.024280071258544922
2208,3.934652328491211,,62.029430866241455,0.022207260131835938
2209,3.915501594543457,,62.05705642700195,0.021950960159301758
2210,3.9664201736450195,,62.07969951629639,0.016135215759277344
2211,3.9384570121765137,,62.116708755493164,0.02335357666015625
2212,3.9342682361602783,,62.1405873298645,0.02080059051513672
2213,3.926679849624634,,62.17227363586426,0.02469015121459961
2214,3.9275355339050293,,62.199864625930786,0.023398399353027344
2215,3.904749870300293,,62.224517822265625,0.019952058792114258
2216,3.943211078643799,,62.256213665008545,0.022184371948242188
2217,3.9120700359344482,,62.28350567817688,0.018785476684570312
2218,3.9343676567077637,,62.31453514099121,0.024846553802490234
2219,3.9288229942321777,,62.34301209449768,0.023597240447998047
2220,3.929563045501709,,62.369662046432495,0.01982855796813965
2221,3.9372267723083496,,62.39398670196533,0.01958322525024414
2222,3.9271438121795654,,62.42496633529663,0.022429704666137695
2223,3.912686824798584,,62.45451879501343,0.02167654037475586
2224,3.8908987045288086,,62.483073711395264,0.02292490005493164
2225,3.918897867202759,,62.507588386535645,0.019515514373779297
2226,3.931070327758789,,62.53490471839905,0.019406557083129883
2227,3.917297601699829,,62.559433937072754,0.019017934799194336
2228,3.9157423973083496,,62.58681297302246,0.01937127113342285
2229,3.902547597885132,,62.61771631240845,0.022802352905273438
2230,3.922736406326294,,62.64820051193237,0.022919654846191406
2231,3.927969217300415,,62.67866778373718,0.024553775787353516
2232,3.935396909713745,,62.70377039909363,0.019792556762695312
2233,3.9141173362731934,,62.7297306060791,0.0180208683013916
2234,3.9259376525878906,,62.76125693321228,0.024782657623291016
2235,3.8868491649627686,,62.79104948043823,0.02564716339111328
2236,3.9303536415100098,,62.82031774520874,0.023845911026000977
2237,3.9118845462799072,,62.849828004837036,0.022472143173217773
2238,3.898444175720215,,62.87873601913452,0.024291038513183594
2239,3.898385524749756,,62.9057776927948,0.022029638290405273
2240,3.8763251304626465,,62.93682026863098,0.02257084846496582
2241,3.8902947902679443,,62.96710181236267,0.024713993072509766
2242,3.8919758796691895,,62.994370460510254,0.02403998374938965
2243,3.9067206382751465,,63.02063608169556,0.01886606216430664
2244,3.905503034591675,,63.04450821876526,0.018548965454101562
2245,3.902766704559326,,63.07132840156555,0.01983046531677246
2246,3.8670997619628906,,63.10118794441223,0.02285933494567871
2247,3.90594482421875,,63.128535747528076,0.022346973419189453
2248,3.9004721641540527,,63.15622401237488,0.022513628005981445
2249,3.8990321159362793,,63.186800956726074,0.023036479949951172
2250,3.9175074100494385,,63.21090340614319,0.019601821899414062
2251,3.923819065093994,,63.238465309143066,0.0190579891204834
2252,3.906998872756958,,63.267295837402344,0.02388763427734375
2253,3.901978015899658,,63.289653301239014,0.01659417152404785
2254,3.895881175994873,,63.31982231140137,0.021864891052246094
2255,3.894625425338745,,63.344597578048706,0.019731760025024414
2256,3.886045455932617,,63.36970520019531,0.01728081703186035
2257,3.900526762008667,,63.399681091308594,0.022349834442138672
2258,3.9021878242492676,,63.423463582992554,0.019768714904785156
2259,3.9124178886413574,,63.44946885108948,0.017399311065673828
2260,3.886322259902954,,63.47480535507202,0.018254756927490234
2261,3.9190566539764404,,63.50171113014221,0.020399093627929688
2262,3.886715888977051,,63.531423568725586,0.025090456008911133
2263,3.878465414047241,,63.55831217765808,0.021159887313842773
2264,3.865200996398926,,63.58687996864319,0.02005767822265625
2265,3.8941268920898438,,63.61416673660278,0.022279977798461914
2266,3.9040181636810303,,63.641515016555786,0.022023916244506836
2267,3.921351671218872,,63.66949534416199,0.019475698471069336
2268,3.916663646697998,,63.69646167755127,0.0249631404876709
2269,3.8813138008117676,,63.72439002990723,0.02442646026611328
2270,3.8918514251708984,,63.74957871437073,0.01814413070678711
2271,3.877997875213623,,63.77826690673828,0.0231626033782959
2272,3.8806819915771484,,63.806374311447144,0.023592710494995117
2273,3.8752293586730957,,63.83135771751404,0.018203258514404297
2274,3.8946032524108887,,63.86840581893921,0.02663874626159668
2275,3.8673882484436035,,63.89235281944275,0.019008159637451172
2276,3.8946688175201416,,63.92195224761963,0.021097898483276367
2277,3.8526244163513184,,63.94943690299988,0.019860029220581055
2278,3.864212989807129,,63.98224496841431,0.024628639221191406
2279,3.893463373184204,,64.00729823112488,0.02005481719970703
2280,3.88722562789917,,64.03253936767578,0.02073359489440918
2281,3.89786958694458,,64.06230545043945,0.02226734161376953
2282,3.870656967163086,,64.09156537055969,0.024262189865112305
2283,3.8684144020080566,,64.12311458587646,0.022266864776611328
2284,3.8672895431518555,,64.15302348136902,0.02556896209716797
2285,3.8775439262390137,,64.17164444923401,0.013651371002197266
2286,3.8498005867004395,,64.20483088493347,0.021679162979125977
2287,3.8602988719940186,,64.23088455200195,0.021028995513916016
2288,3.8700876235961914,,64.26182126998901,0.02393198013305664
2289,3.8801379203796387,,64.28871870040894,0.018929004669189453
2290,3.876129627227783,,64.31338834762573,0.018578529357910156
2291,3.8779661655426025,,64.34352970123291,0.022639989852905273
2292,3.8592658042907715,,64.36981844902039,0.01833200454711914
2293,3.8766798973083496,,64.3960862159729,0.019654273986816406
2294,3.866082191467285,,64.42307233810425,0.01947927474975586
2295,3.843080520629883,,64.45240712165833,0.023694992065429688
2296,3.8600471019744873,,64.47524523735046,0.01850605010986328
2297,3.870025634765625,,64.5038492679596,0.01988077163696289
2298,3.8587613105773926,,64.53407502174377,0.025179386138916016
2299,3.849754810333252,,64.55792307853699,0.019850969314575195
2300,3.8511805534362793,0.9453445792198181,64.58954334259033,0.023110389709472656
2301,3.8714523315429688,,64.61680340766907,0.02388596534729004
2302,3.866945505142212,,64.64481997489929,0.020829200744628906
2303,3.8718080520629883,,64.6716296672821,0.018401384353637695
2304,3.8696129322052,,64.70377159118652,0.021579742431640625
2305,3.876054286956787,,64.72864723205566,0.019366979598999023
2306,3.895472526550293,,64.75625014305115,0.019632577896118164
2307,3.8730478286743164,,64.78425550460815,0.023463964462280273
2308,3.860921621322632,,64.81100153923035,0.02271580696105957
2309,3.897454023361206,,64.84161901473999,0.023192644119262695
2310,3.8758552074432373,,64.87162828445435,0.02464461326599121
2311,3.8874335289001465,,64.90020060539246,0.022773027420043945
2312,3.893617630004883,,64.92709827423096,0.01977229118347168
2313,3.8883955478668213,,64.95474433898926,0.025055646896362305
2314,3.847543954849243,,64.97857642173767,0.018765687942504883
2315,3.849761962890625,,65.0083556175232,0.0212705135345459
2316,3.854267120361328,,65.03549242019653,0.022282123565673828
2317,3.8495335578918457,,65.05990147590637,0.019776582717895508
2318,3.86554217338562,,65.08776140213013,0.020774126052856445
2319,3.8486328125,,65.11601853370667,0.026111841201782227
2320,3.8684513568878174,,65.13954544067383,0.019016504287719727
2321,3.8356637954711914,,65.16707038879395,0.02048969268798828
2322,3.874574661254883,,65.19188451766968,0.020276546478271484
2323,3.832305669784546,,65.21857452392578,0.020664215087890625
2324,3.8315329551696777,,65.24660873413086,0.02095174789428711
2325,3.845414876937866,,65.27101135253906,0.021347761154174805
2326,3.84536075592041,,65.30147171020508,0.023459196090698242
2327,3.82427716255188,,65.32788276672363,0.0221097469329834
2328,3.854431629180908,,65.3516149520874,0.02018141746520996
2329,3.848268985748291,,65.37834167480469,0.018756389617919922
2330,3.846386671066284,,65.40369462966919,0.01943373680114746
2331,3.8261029720306396,,65.42866969108582,0.018860578536987305
2332,3.8504316806793213,,65.45770025253296,0.023285388946533203
2333,3.840177059173584,,65.48203825950623,0.019768476486206055
2334,3.854212999343872,,65.50983333587646,0.020295381546020508
2335,3.820925235748291,,65.53485226631165,0.022983551025390625
2336,3.8454532623291016,,65.56390571594238,0.022711753845214844
2337,3.855058193206787,,65.59346055984497,0.023879289627075195
2338,3.860058307647705,,65.62065196037292,0.0196533203125
2339,3.8842625617980957,,65.64793539047241,0.023962020874023438
2340,3.840463638305664,,65.67817854881287,0.02335810661315918
2341,3.82621693611145,,65.70587587356567,0.022495031356811523
2342,3.8308019638061523,,65.72945952415466,0.018596172332763672
2343,3.824829339981079,,65.76171374320984,0.024048566818237305
2344,3.855011463165283,,65.78955936431885,0.020846843719482422
2345,3.8803677558898926,,65.8195469379425,0.022783517837524414
2346,3.832366943359375,,65.84654331207275,0.021964311599731445
2347,3.8446602821350098,,65.87429213523865,0.022244930267333984
2348,3.8425652980804443,,65.89863991737366,0.02034902572631836
2349,3.8340742588043213,,65.92598557472229,0.020200252532958984
2350,3.827542304992676,,65.95425987243652,0.024624109268188477
2351,3.8436479568481445,,65.97844982147217,0.019713401794433594
2352,3.8384594917297363,,66.00837254524231,0.02267169952392578
2353,3.825676441192627,,66.04009318351746,0.026545286178588867
2354,3.801527500152588,,66.0643789768219,0.019150733947753906
2355,3.8437750339508057,,66.0952787399292,0.02335214614868164
2356,3.837538242340088,,66.1223669052124,0.020327329635620117
2357,3.8292107582092285,,66.14694857597351,0.022806644439697266
2358,3.8442606925964355,,66.1696150302887,0.016123294830322266
2359,3.849653482437134,,66.19986724853516,0.03025221824645996
2360,3.7966864109039307,,66.2212986946106,0.015738487243652344
2361,3.831145763397217,,66.25586152076721,0.02296137809753418
2362,3.83219575881958,,66.28274822235107,0.023051023483276367
2363,3.8316121101379395,,66.31210899353027,0.02413797378540039
2364,3.872208595275879,,66.34258770942688,0.023197650909423828
2365,3.8207929134368896,,66.3743462562561,0.027470111846923828
2366,3.8271899223327637,,66.39767169952393,0.019337177276611328
2367,3.8600072860717773,,66.42510032653809,0.01990509033203125
2368,3.827716588973999,,66.45258569717407,0.022768497467041016
2369,3.786874294281006,,66.4773588180542,0.019564151763916016
2370,3.834092140197754,,66.5048246383667,0.02077031135559082
2371,3.828734874725342,,66.53149819374084,0.022033214569091797
2372,3.8147435188293457,,66.55566167831421,0.019153833389282227
2373,3.844280242919922,,66.58393025398254,0.02005624771118164
2374,3.810885429382324,,66.61334300041199,0.024939775466918945
2375,3.8353829383850098,,66.6417498588562,0.0234377384185791
2376,3.8324594497680664,,66.67170095443726,0.022983312606811523
2377,3.8259167671203613,,66.69987225532532,0.023967981338500977
2378,3.8241002559661865,,66.7246482372284,0.020557880401611328
2379,3.8285114765167236,,66.75633192062378,0.023808002471923828
2380,3.7744078636169434,,66.78420519828796,0.02333354949951172
2381,3.806516647338867,,66.81099104881287,0.02278733253479004
2382,3.796658992767334,,66.84460425376892,0.0263063907623291
2383,3.8270978927612305,,66.87114715576172,0.018759965896606445
2384,3.798408031463623,,66.8967559337616,0.019980192184448242
2385,3.803360939025879,,66.92062878608704,0.017366647720336914
2386,3.8026115894317627,,66.9541540145874,0.024160385131835938
2387,3.812817096710205,,66.98160862922668,0.02282404899597168
2388,3.8175861835479736,,67.00963020324707,0.024013757705688477
2389,3.816164493560791,,67.03657793998718,0.02234649658203125
2390,3.799989700317383,,67.06438994407654,0.023263216018676758
2391,3.8349006175994873,,67.08976745605469,0.019121885299682617
2392,3.8325886726379395,,67.11755156517029,0.022984981536865234
2393,3.798152446746826,,67.14566826820374,0.02310466766357422
2394,3.83064866065979,,67.17161917686462,0.01812267303466797
2395,3.8237740993499756,,67.20318388938904,0.0244138240814209
2396,3.805527925491333,,67.22798299789429,0.020792722702026367
2397,3.7945849895477295,,67.25508165359497,0.018564224243164062
2398,3.8357620239257812,,67.28284072875977,0.022152185440063477
2399,3.8206217288970947,,67.31052041053772,0.022670507431030273
2400,3.804687023162842,0.9454039216041565,67.33942437171936,0.019949674606323242
2401,3.7947120666503906,,67.36581826210022,0.0191652774810791
2402,3.824005365371704,,67.39192771911621,0.018718719482421875
2403,3.7893967628479004,,67.41950225830078,0.019042253494262695
2404,3.8045692443847656,,67.44524502754211,0.020146846771240234
2405,3.830442428588867,,67.47026181221008,0.019370079040527344
2406,3.8013813495635986,,67.49814200401306,0.027880191802978516
2407,3.7864739894866943,,67.52166604995728,0.018750429153442383
2408,3.7905426025390625,,67.5547468662262,0.02419304847717285
2409,3.8127517700195312,,67.58025670051575,0.019278764724731445
2410,3.782792091369629,,67.60461330413818,0.01887989044189453
2411,3.8025035858154297,,67.63003516197205,0.019196271896362305
2412,3.8244247436523438,,67.6582100391388,0.028174877166748047
2413,3.806138515472412,,67.68572402000427,0.0239717960357666
2414,3.7844295501708984,,67.71154046058655,0.019428730010986328
2415,3.8140006065368652,,67.73620247840881,0.019512414932250977
2416,3.8053131103515625,,67.76707005500793,0.024361133575439453
2417,3.7901735305786133,,67.79887580871582,0.02503037452697754
2418,3.787257194519043,,67.82389187812805,0.021479368209838867
2419,3.78115177154541,,67.85271286964417,0.02482318878173828
2420,3.7916383743286133,,67.87833738327026,0.018293380737304688
2421,3.7743735313415527,,67.90379571914673,0.019387245178222656
2422,3.770781993865967,,67.93481826782227,0.02358078956604004
2423,3.770059108734131,,67.96212482452393,0.019736766815185547
2424,3.816074848175049,,67.98998808860779,0.022198915481567383
2425,3.7894253730773926,,68.01745581626892,0.023667573928833008
2426,3.7948219776153564,,68.040700674057,0.015033245086669922
2427,3.8053319454193115,,68.07404232025146,0.024288415908813477
2428,3.8046233654022217,,68.09764671325684,0.019629478454589844
2429,3.812166452407837,,68.12745666503906,0.02426457405090332
2430,3.7703847885131836,,68.15504503250122,0.025089025497436523
2431,3.7806684970855713,,68.18315553665161,0.023633718490600586
2432,3.7882018089294434,,68.20881342887878,0.019118309020996094
2433,3.812828540802002,,68.23967862129211,0.02509617805480957
2434,3.7761449813842773,,68.26811957359314,0.023900985717773438
2435,3.801562547683716,,68.29798913002014,0.022960662841796875
2436,3.80147647857666,,68.32866382598877,0.026087045669555664
2437,3.7947349548339844,,68.35617661476135,0.024701595306396484
2438,3.7870798110961914,,68.38544917106628,0.0224456787109375
2439,3.776026725769043,,68.41610336303711,0.02523517608642578
2440,3.805027484893799,,68.44054460525513,0.01895904541015625
2441,3.7759499549865723,,68.47172999382019,0.022871732711791992
2442,3.808274507522583,,68.49814963340759,0.020388126373291016
2443,3.800194263458252,,68.52357006072998,0.019692420959472656
2444,3.781984329223633,,68.5497772693634,0.01836109161376953
2445,3.7632455825805664,,68.57859683036804,0.01900172233581543
2446,3.7960360050201416,,68.60349678993225,0.019623756408691406
2447,3.7882962226867676,,68.63461208343506,0.022789955139160156
2448,3.780855655670166,,68.66508293151855,0.022434234619140625
2449,3.80173921585083,,68.69091629981995,0.020216941833496094
2450,3.8071377277374268,,68.71609354019165,0.019174814224243164
2451,3.7956390380859375,,68.74608302116394,0.02544999122619629
2452,3.77046537399292,,68.77309560775757,0.02346348762512207
2453,3.774940252304077,,68.79949641227722,0.01989889144897461
2454,3.7571113109588623,,68.82975482940674,0.024991989135742188
2455,3.7543389797210693,,68.85794115066528,0.026676177978515625
2456,3.767230987548828,,68.88840436935425,0.022449254989624023
2457,3.7870852947235107,,68.91806054115295,0.024040937423706055
2458,3.7840373516082764,,68.94331860542297,0.01924896240234375
2459,3.769958972930908,,68.97379112243652,0.021986722946166992
2460,3.769744396209717,,69.00494837760925,0.022557497024536133
2461,3.784790277481079,,69.03390049934387,0.02436661720275879
2462,3.7653985023498535,,69.06142663955688,0.02202749252319336
2463,3.77419114112854,,69.09032821655273,0.02039027214050293
2464,3.7631144523620605,,69.124507188797,0.023856401443481445
2465,3.7576675415039062,,69.14782977104187,0.01932501792907715
2466,3.818361759185791,,69.17163324356079,0.016968965530395508
2467,3.772888422012329,,69.20176100730896,0.021936893463134766
2468,3.7737767696380615,,69.22874665260315,0.02224111557006836
2469,3.776698589324951,,69.25938677787781,0.0231325626373291
2470,3.7797436714172363,,69.2897846698761,0.025408506393432617
2471,3.8039255142211914,,69.32093286514282,0.025161266326904297
2472,3.803352117538452,,69.34805011749268,0.023116588592529297
2473,3.762971878051758,,69.3783905506134,0.021705150604248047
2474,3.73953914642334,,69.4033510684967,0.01993727684020996
2475,3.778481960296631,,69.42969703674316,0.019684314727783203
2476,3.7515182495117188,,69.4564847946167,0.021893024444580078
2477,3.77950382232666,,69.4809103012085,0.01969122886657715
2478,3.7984912395477295,,69.51104664802551,0.02313375473022461
2479,3.7818567752838135,,69.54211974143982,0.026293277740478516
2480,3.7732162475585938,,69.5714819431305,0.024710893630981445
2481,3.7826201915740967,,69.5966465473175,0.020049095153808594
2482,3.7648329734802246,,69.62582564353943,0.024637222290039062
2483,3.768402576446533,,69.65134358406067,0.02155280113220215
2484,3.7803404331207275,,69.67997407913208,0.02436375617980957
2485,3.7571239471435547,,69.70547413825989,0.019170284271240234
2486,3.7905120849609375,,69.73022198677063,0.020623207092285156
2487,3.786609649658203,,69.75640034675598,0.019168376922607422
2488,3.771243095397949,,69.78474760055542,0.022844552993774414
2489,3.7683420181274414,,69.80878686904907,0.01900792121887207
2490,3.77066707611084,,69.83147096633911,0.014076948165893555
2491,3.765408754348755,,69.86464071273804,0.022927522659301758
2492,3.7421655654907227,,69.89276671409607,0.022505760192871094
2493,3.758432388305664,,69.92061972618103,0.019351720809936523
2494,3.75398325920105,,69.95203685760498,0.02589559555053711
2495,3.7744877338409424,,69.97034192085266,0.013831377029418945
2496,3.7706315517425537,,70.00533103942871,0.021379947662353516
2497,3.771148920059204,,70.03500604629517,0.024021148681640625
2498,3.77162504196167,,70.06145143508911,0.021878957748413086
2499,3.750723361968994,,70.089435338974,0.019191741943359375
2500,3.741075277328491,0.9454530715942383,70.12941813468933,0.03379631042480469
2501,3.7541098594665527,,70.15948867797852,0.02953362464904785
2502,3.743718147277832,,70.1869101524353,0.023008108139038086
2503,3.763000011444092,,70.22173857688904,0.02675485610961914
2504,3.740569591522217,,70.2496817111969,0.023942947387695312
2505,3.7463645935058594,,70.28056120872498,0.024245738983154297
2506,3.745039939880371,,70.31152749061584,0.0229644775390625
2507,3.7652335166931152,,70.34171962738037,0.023307323455810547
2508,3.7374699115753174,,70.37321901321411,0.026529550552368164
2509,3.7567858695983887,,70.39940977096558,0.021905183792114258
2510,3.7378900051116943,,70.43283486366272,0.02541947364807129
2511,3.7711148262023926,,70.46117043495178,0.021338939666748047
2512,3.7582263946533203,,70.48682904243469,0.020000696182250977
2513,3.746464967727661,,70.51193499565125,0.018395423889160156
2514,3.73755145072937,,70.54063177108765,0.022326946258544922
2515,3.7257399559020996,,70.56693315505981,0.01990509033203125
2516,3.779759407043457,,70.59856104850769,0.023880958557128906
2517,3.7380571365356445,,70.63129186630249,0.02516031265258789
2518,3.7245194911956787,,70.66058230400085,0.025295495986938477
2519,3.741971492767334,,70.679443359375,0.014552593231201172
2520,3.7427124977111816,,70.71185564994812,0.01931476593017578
2521,3.7110788822174072,,70.74228000640869,0.0249631404876709
2522,3.7582409381866455,,70.76937866210938,0.02210211753845215
2523,3.761730909347534,,70.80059242248535,0.02240276336669922
2524,3.7621846199035645,,70.83147716522217,0.025855302810668945
2525,3.7155520915985107,,70.85611867904663,0.02464151382446289
2526,3.7170958518981934,,70.88541030883789,0.02174830436706543
2527,3.7319560050964355,,70.91710305213928,0.02598738670349121
2528,3.764899969100952,,70.94148707389832,0.01946544647216797
2529,3.716732978820801,,70.97067523002625,0.020690441131591797
2530,3.7468831539154053,,71.00090193748474,0.02516007423400879
2531,3.7269792556762695,,71.02548432350159,0.020132064819335938
2532,3.760188579559326,,71.05582332611084,0.022217988967895508
2533,3.750408411026001,,71.08786273002625,0.024466514587402344
2534,3.7423977851867676,,71.11615037918091,0.026719093322753906
2535,3.7286124229431152,,71.14099884033203,0.02020120620727539
2536,3.710644245147705,,71.1682288646698,0.0202333927154541
2537,3.7301549911499023,,71.19545769691467,0.023687124252319336
2538,3.7164697647094727,,71.220388174057,0.019732236862182617
2539,3.722245454788208,,71.24722099304199,0.02252960205078125
2540,3.745107650756836,,71.27125668525696,0.021610260009765625
2541,3.741701602935791,,71.30524134635925,0.026965618133544922
2542,3.7413413524627686,,71.33149528503418,0.018323421478271484
2543,3.7208492755889893,,71.362961769104,0.03146648406982422
2544,3.7676830291748047,,71.38704133033752,0.020055770874023438
2545,3.722423553466797,,71.41483879089355,0.02522134780883789
2546,3.7476892471313477,,71.43944215774536,0.01929187774658203
2547,3.7247824668884277,,71.466721534729,0.019242525100708008
2548,3.7349772453308105,,71.4939558506012,0.023698806762695312
2549,3.7113633155822754,,71.52243685722351,0.022974014282226562
2550,3.701889991760254,,71.55373072624207,0.02396869659423828
2551,3.754824638366699,,71.58049774169922,0.019985675811767578
2552,3.7217440605163574,,71.60512113571167,0.019307374954223633
2553,3.7282917499542236,,71.63130712509155,0.019513607025146484
2554,3.6988673210144043,,71.66284513473511,0.026540040969848633
2555,3.6858367919921875,,71.68755626678467,0.022742748260498047
2556,3.726840019226074,,71.71469044685364,0.019593238830566406
2557,3.7210326194763184,,71.73866724967957,0.01986408233642578
2558,3.7098560333251953,,71.76691508293152,0.01968097686767578
2559,3.718785285949707,,71.78970527648926,0.015007734298706055
2560,3.732699394226074,,71.82215905189514,0.022513389587402344
2561,3.7433547973632812,,71.84708452224731,0.01992321014404297
2562,3.7265028953552246,,71.88003206253052,0.024243831634521484
2563,3.725013256072998,,71.90367126464844,0.020219087600708008
2564,3.7284164428710938,,71.92872309684753,0.019057750701904297
2565,3.7536258697509766,,71.96318626403809,0.033458709716796875
2566,3.715912342071533,,71.99124503135681,0.023055076599121094
2567,3.714986801147461,,72.0209755897522,0.02340555191040039
2568,3.717146873474121,,72.0515627861023,0.02658867835998535
2569,3.6973509788513184,,72.077880859375,0.021978378295898438
2570,3.7160747051239014,,72.106609582901,0.024152755737304688
2571,3.726203203201294,,72.13008737564087,0.015891313552856445
2572,3.7277917861938477,,72.16247153282166,0.02422022819519043
2573,3.726815938949585,,72.19139862060547,0.023954153060913086
2574,3.7112717628479004,,72.2183198928833,0.01992058753967285
2575,3.7304248809814453,,72.2430956363678,0.020327091217041016
2576,3.7258493900299072,,72.26896929740906,0.01934194564819336
2577,3.714695453643799,,72.29679822921753,0.023340702056884766
2578,3.7202577590942383,,72.32115268707275,0.01954030990600586
2579,3.735731601715088,,72.34760332107544,0.019420862197875977
2580,3.7124388217926025,,72.37498950958252,0.02239537239074707
2581,3.726775646209717,,72.40277671813965,0.02253246307373047
2582,3.7190794944763184,,72.42971563339233,0.019428491592407227
2583,3.7122602462768555,,72.46369767189026,0.022637367248535156
2584,3.7137298583984375,,72.48771476745605,0.018935441970825195
2585,3.6855430603027344,,72.51871037483215,0.02316880226135254
2586,3.671901226043701,,72.54679203033447,0.023758411407470703
2587,3.6980843544006348,,72.57046937942505,0.018833637237548828
2588,3.7098021507263184,,72.60266852378845,0.023885011672973633
2589,3.693953037261963,,72.62810373306274,0.018274784088134766
2590,3.675668716430664,,72.65602350234985,0.018945932388305664
2591,3.7317638397216797,,72.69051885604858,0.024959325790405273
2592,3.7105202674865723,,72.71670484542847,0.02021503448486328
2593,3.717219829559326,,72.74710631370544,0.025325536727905273
2594,3.7214980125427246,,72.76953625679016,0.01709294319152832
2595,3.6915502548217773,,72.79949736595154,0.022345542907714844
2596,3.718045234680176,,72.82427549362183,0.02028203010559082
2597,3.711327314376831,,72.84947466850281,0.017613649368286133
2598,3.7114405632019043,,72.87952542304993,0.022928953170776367
2599,3.7093968391418457,,72.90356636047363,0.019170522689819336
2600,3.675713062286377,0.9466639280319213,72.9368588924408,0.02626204490661621
2601,3.7034530639648438,,72.96343326568604,0.01903700828552246
2602,3.7019548416137695,,72.99359583854675,0.030162572860717773
2603,3.686868667602539,,73.02374243736267,0.02417731285095215
2604,3.727193593978882,,73.05376172065735,0.02305912971496582
2605,3.673658847808838,,73.08023262023926,0.02225041389465332
2606,3.7037363052368164,,73.10867762565613,0.023438215255737305
2607,3.6897428035736084,,73.14083480834961,0.024672985076904297
2608,3.702878475189209,,73.16718339920044,0.0223543643951416
2609,3.696831226348877,,73.19553732872009,0.023785829544067383
2610,3.6926441192626953,,73.22168207168579,0.019021034240722656
2611,3.7096214294433594,,73.24595165252686,0.01851367950439453
2612,3.6954030990600586,,73.27197217941284,0.018711090087890625
2613,3.712799072265625,,73.299649477005,0.022475004196166992
2614,3.688068389892578,,73.33084845542908,0.025818824768066406
2615,3.6677260398864746,,73.35961055755615,0.01992201805114746
2616,3.7107982635498047,,73.3896324634552,0.02073502540588379
2617,3.6927239894866943,,73.41815280914307,0.02086925506591797
2618,3.6813864707946777,,73.44336271286011,0.019260883331298828
2619,3.692884683609009,,73.47029232978821,0.01853656768798828
2620,3.710923433303833,,73.49812293052673,0.02783060073852539
2621,3.7153360843658447,,73.52744507789612,0.024633169174194336
2622,3.6852505207061768,,73.55796813964844,0.023980379104614258
2623,3.6776180267333984,,73.58442950248718,0.02292323112487793
2624,3.687509536743164,,73.6087396144867,0.019310712814331055
2625,3.650697708129883,,73.63466310501099,0.01854228973388672
2626,3.6727774143218994,,73.66366839408875,0.02288508415222168
2627,3.6973392963409424,,73.69243478775024,0.023764848709106445
2628,3.705745220184326,,73.72078537940979,0.021350622177124023
2629,3.6878767013549805,,73.75539588928223,0.02673482894897461
2630,3.6949081420898438,,73.77808785438538,0.018636465072631836
2631,3.701892375946045,,73.80604243278503,0.020381450653076172
2632,3.7082481384277344,,73.82978129386902,0.01916980743408203
2633,3.672496795654297,,73.85653114318848,0.02095508575439453
2634,3.6909375190734863,,73.88448452949524,0.023839712142944336
2635,3.6925649642944336,,73.91100978851318,0.023919343948364258
2636,3.6821274757385254,,73.93954968452454,0.024543285369873047
2637,3.7090811729431152,,73.96577906608582,0.019739627838134766
2638,3.7098751068115234,,73.9927830696106,0.022496700286865234
2639,3.6848905086517334,,74.02051377296448,0.0227048397064209
2640,3.691455841064453,,74.05164051055908,0.02616119384765625
2641,3.6724114418029785,,74.07536387443542,0.019353628158569336
2642,3.6841506958007812,,74.10743474960327,0.024281740188598633
2643,3.715273380279541,,74.13010907173157,0.016364574432373047
2644,3.6869988441467285,,74.16065454483032,0.022392749786376953
2645,3.693784236907959,,74.18778324127197,0.02312946319580078
2646,3.6816842555999756,,74.21469330787659,0.019343137741088867
2647,3.700733184814453,,74.23952865600586,0.019006013870239258
2648,3.6882123947143555,,74.26898908615112,0.021554946899414062
2649,3.684493064880371,,74.29458975791931,0.021815061569213867
2650,3.701280355453491,,74.32033634185791,0.019648313522338867
2651,3.697103977203369,,74.35237288475037,0.0240328311920166
2652,3.6930620670318604,,74.3854489326477,0.02788519859313965
2653,3.7110421657562256,,74.41268491744995,0.023035287857055664
2654,3.687706470489502,,74.44041967391968,0.022254228591918945
2655,3.6620802879333496,,74.47027254104614,0.021852970123291016
2656,3.6900715827941895,,74.50203847885132,0.02758193016052246
2657,3.6926565170288086,,74.52598261833191,0.019507646560668945
2658,3.689517021179199,,74.55375266075134,0.019254207611083984
2659,3.6964292526245117,,74.5833113193512,0.019858360290527344
2660,3.657684803009033,,74.61091876029968,0.02095937728881836
2661,3.657292366027832,,74.64174365997314,0.023256301879882812
2662,3.682969331741333,,74.67182755470276,0.022078275680541992
2663,3.6681928634643555,,74.70226812362671,0.0201261043548584
2664,3.6973066329956055,,74.72733974456787,0.019049406051635742
2665,3.665208339691162,,74.75514650344849,0.02530217170715332
2666,3.6676368713378906,,74.77964186668396,0.01873326301574707
2667,3.6786322593688965,,74.80801725387573,0.02033066749572754
2668,3.6848506927490234,,74.8379647731781,0.024376630783081055
2669,3.691368579864502,,74.86163473129272,0.019814014434814453
2670,3.6701629161834717,,74.88961124420166,0.020138978958129883
2671,3.666700839996338,,74.91882538795471,0.0215756893157959
2672,3.6800036430358887,,74.94647526741028,0.024645090103149414
2673,3.6723437309265137,,74.97448515892029,0.0214540958404541
2674,3.6736245155334473,,75.00966572761536,0.0256345272064209
2675,3.6484861373901367,,75.03379130363464,0.02412557601928711
2676,3.66758131980896,,75.06609582901001,0.02629995346069336
2677,3.6737537384033203,,75.09668564796448,0.02408576011657715
2678,3.6877779960632324,,75.12267017364502,0.02247905731201172
2679,3.6956939697265625,,75.15097665786743,0.02330613136291504
2680,3.6850481033325195,,75.17949676513672,0.021226882934570312
2681,3.679603099822998,,75.20650386810303,0.020649194717407227
2682,3.655198574066162,,75.23431277275085,0.024214506149291992
2683,3.6760430335998535,,75.26630640029907,0.024446725845336914
2684,3.6683645248413086,,75.29236173629761,0.022413969039916992
2685,3.688856601715088,,75.3105206489563,0.013671398162841797
2686,3.688570737838745,,75.34967303276062,0.02524709701538086
2687,3.6657180786132812,,75.37855958938599,0.022836685180664062
2688,3.6591227054595947,,75.40309143066406,0.022207975387573242
2689,3.6698269844055176,,75.42973613739014,0.019820451736450195
2690,3.6511240005493164,,75.46176481246948,0.026993751525878906
2691,3.6761603355407715,,75.48781394958496,0.022983551025390625
2692,3.667037010192871,,75.51811671257019,0.024495601654052734
2693,3.671757459640503,,75.5481584072113,0.02563762664794922
2694,3.666698932647705,,75.5737693309784,0.022075653076171875
2695,3.6457929611206055,,75.60213732719421,0.02183675765991211
2696,3.654911518096924,,75.63016176223755,0.019479990005493164
2697,3.6283724308013916,,75.65817737579346,0.028015613555908203
2698,3.65730357170105,,75.68306994438171,0.021373510360717773
2699,3.6586623191833496,,75.71027636528015,0.022823572158813477
2700,3.6651930809020996,0.9460268616676331,75.73744487762451,0.021750688552856445
2701,3.6786952018737793,,75.76451659202576,0.01951146125793457
2702,3.637833833694458,,75.79401278495789,0.024458885192871094
2703,3.654688835144043,,75.82255482673645,0.0218355655670166
2704,3.667116641998291,,75.8546667098999,0.02360367774963379
2705,3.6487538814544678,,75.88547611236572,0.02368783950805664
2706,3.6635398864746094,,75.91559481620789,0.025946617126464844
2707,3.6526379585266113,,75.94229984283447,0.021655559539794922
2708,3.6850037574768066,,75.97363138198853,0.022480487823486328
2709,3.6377816200256348,,76.00294876098633,0.024499893188476562
2710,3.669893264770508,,76.03272533416748,0.02413201332092285
2711,3.684401035308838,,76.06255054473877,0.024824857711791992
2712,3.6340880393981934,,76.08847141265869,0.019923925399780273
2713,3.6692094802856445,,76.11244034767151,0.022962093353271484
2714,3.6643550395965576,,76.14294481277466,0.02242112159729004
2715,3.682633399963379,,76.16943550109863,0.02194380760192871
2716,3.654231548309326,,76.19651198387146,0.02470707893371582
2717,3.6417782306671143,,76.2257559299469,0.023427963256835938
2718,3.6459317207336426,,76.25672125816345,0.026105165481567383
2719,3.6524760723114014,,76.28462505340576,0.023392677307128906
2720,3.68757963180542,,76.31379461288452,0.024138450622558594
2721,3.6775689125061035,,76.34616684913635,0.0251309871673584
2722,3.6720526218414307,,76.37080979347229,0.021013259887695312
2723,3.6288180351257324,,76.39824485778809,0.020432710647583008
2724,3.64340877532959,,76.4287519454956,0.02193593978881836
2725,3.6681244373321533,,76.4606454372406,0.025943279266357422
2726,3.6892831325531006,,76.48739457130432,0.02306818962097168
2727,3.653810501098633,,76.51196074485779,0.017762422561645508
2728,3.6490111351013184,,76.54682660102844,0.02192544937133789
2729,3.654207229614258,,76.5768461227417,0.023685693740844727
2730,3.6351089477539062,,76.60263466835022,0.02128767967224121
2731,3.6452431678771973,,76.63012504577637,0.020104646682739258
2732,3.669072151184082,,76.66226267814636,0.02390909194946289
2733,3.659118175506592,,76.68679690361023,0.020569801330566406
2734,3.685622215270996,,76.71373963356018,0.019362211227416992
2735,3.645598888397217,,76.74418425559998,0.025880098342895508
2736,3.6564040184020996,,76.77214908599854,0.02396106719970703
2737,3.6458544731140137,,76.79958248138428,0.019815444946289062
2738,3.6562838554382324,,76.82398891448975,0.019852161407470703
2739,3.660703659057617,,76.85241389274597,0.02048516273498535
2740,3.6551151275634766,,76.88012671470642,0.023474931716918945
2741,3.6305904388427734,,76.9047691822052,0.02027750015258789
2742,3.6466031074523926,,76.93452405929565,0.023244142532348633
2743,3.6576476097106934,,76.96137309074402,0.01981830596923828
2744,3.627237319946289,,76.98577380180359,0.019937753677368164
2745,3.6265430450439453,,77.01209545135498,0.018493175506591797
2746,3.657540798187256,,77.04456639289856,0.024968385696411133
2747,3.6310486793518066,,77.07690143585205,0.026221036911010742
2748,3.6470322608947754,,77.10016012191772,0.019654512405395508
2749,3.6223831176757812,,77.12785124778748,0.022106170654296875
2750,3.653637647628784,,77.15322613716125,0.0230712890625
2751,3.6556332111358643,,77.17996978759766,0.020269393920898438
2752,3.6411895751953125,,77.21004700660706,0.024300575256347656
2753,3.6440277099609375,,77.23856329917908,0.022738933563232422
2754,3.6290884017944336,,77.26840209960938,0.022831201553344727
2755,3.65339994430542,,77.29964637756348,0.025995254516601562
2756,3.642265796661377,,77.32455468177795,0.020522594451904297
2757,3.6473388671875,,77.35556054115295,0.02116847038269043
2758,3.639909029006958,,77.3865339756012,0.022872447967529297
2759,3.6241660118103027,,77.41659498214722,0.026953458786010742
2760,3.654082775115967,,77.44145202636719,0.019650697708129883
2761,3.630384922027588,,77.4702672958374,0.021814823150634766
2762,3.6292829513549805,,77.50299024581909,0.025946617126464844
2763,3.6309945583343506,,77.52951526641846,0.02206730842590332
2764,3.6333866119384766,,77.55493950843811,0.01841878890991211
2765,3.657927989959717,,77.58544993400574,0.024910449981689453
2766,3.6204442977905273,,77.60984635353088,0.020394325256347656
2767,3.631805419921875,,77.6473138332367,0.027301788330078125
2768,3.632007598876953,,77.67183828353882,0.020018339157104492
2769,3.6162872314453125,,77.69946050643921,0.020687580108642578
2770,3.621306896209717,,77.7296416759491,0.023084402084350586
2771,3.6179471015930176,,77.75648307800293,0.020006179809570312
2772,3.6039204597473145,,77.78365397453308,0.021661758422851562
2773,3.630598545074463,,77.80809688568115,0.019438505172729492
2774,3.63162899017334,,77.83546900749207,0.021810054779052734
2775,3.6209890842437744,,77.86420917510986,0.022496700286865234
2776,3.6370339393615723,,77.89411401748657,0.022890567779541016
2777,3.6107234954833984,,77.92183542251587,0.02087879180908203
2778,3.6239047050476074,,77.95110154151917,0.021548986434936523
2779,3.6370863914489746,,77.97668957710266,0.020562410354614258
2780,3.624048948287964,,78.00376605987549,0.019701480865478516
2781,3.6185169219970703,,78.0282518863678,0.019727706909179688
2782,3.637909412384033,,78.05712890625,0.021367788314819336
2783,3.62412166595459,,78.08696818351746,0.0252685546875
2784,3.6361870765686035,,78.11874794960022,0.029234647750854492
2785,3.6314826011657715,,78.14539384841919,0.02304387092590332
2786,3.6584999561309814,,78.17180609703064,0.018460512161254883
2787,3.6156105995178223,,78.20272922515869,0.030923128128051758
2788,3.635711193084717,,78.23054504394531,0.022817134857177734
2789,3.630223035812378,,78.25967264175415,0.021769285202026367
2790,3.6310558319091797,,78.29495143890381,0.03018498420715332
2791,3.628085136413574,,78.32039141654968,0.02324676513671875
2792,3.630999803543091,,78.3546233177185,0.02261662483215332
2793,3.6228127479553223,,78.38350892066956,0.021384716033935547
2794,3.6353108882904053,,78.4118344783783,0.02475142478942871
2795,3.626662015914917,,78.43572616577148,0.01877450942993164
2796,3.61903977394104,,78.46427631378174,0.019808053970336914
2797,3.6300344467163086,,78.48826193809509,0.01882147789001465
2798,3.6253957748413086,,78.51911091804504,0.021970748901367188
2799,3.6132802963256836,,78.54683256149292,0.02220630645751953
2800,3.621290683746338,0.946300208568573,78.57473278045654,0.022055864334106445
2801,3.629987955093384,,78.60373425483704,0.019285917282104492
2802,3.62753963470459,,78.63017272949219,0.018036365509033203
2803,3.6213159561157227,,78.6615035533905,0.024325132369995117
2804,3.621481418609619,,78.68572282791138,0.01922154426574707
2805,3.61490535736084,,78.71207237243652,0.02237987518310547
2806,3.6026601791381836,,78.74063444137573,0.022841930389404297
2807,3.605546474456787,,78.76978158950806,0.02214503288269043
2808,3.6020188331604004,,78.79805111885071,0.022234439849853516
2809,3.6265766620635986,,78.82299160957336,0.0204315185546875
2810,3.629971981048584,,78.84973001480103,0.01923680305480957
2811,3.6225008964538574,,78.87763500213623,0.0219113826751709
2812,3.6133646965026855,,78.90281128883362,0.020354270935058594
2813,3.6121225357055664,,78.92981767654419,0.019759654998779297
2814,3.6171822547912598,,78.95866179466248,0.023529529571533203
2815,3.612262725830078,,78.98556756973267,0.0223996639251709
2816,3.617263078689575,,79.01335263252258,0.019999265670776367
2817,3.6089658737182617,,79.04069185256958,0.0223391056060791
2818,3.612588882446289,,79.06798243522644,0.022294282913208008
2819,3.643982410430908,,79.10014319419861,0.023312807083129883
2820,3.571946859359741,,79.12776017189026,0.022930145263671875
2821,3.6251039505004883,,79.15191149711609,0.021692752838134766
2822,3.5923638343811035,,79.17981290817261,0.01907801628112793
2823,3.588339328765869,,79.20832228660583,0.02396678924560547
2824,3.6371612548828125,,79.23225831985474,0.019408226013183594
2825,3.6331787109375,,79.26004195213318,0.020240068435668945
2826,3.6284255981445312,,79.28460764884949,0.020232200622558594
2827,3.6193599700927734,,79.31060099601746,0.01847052574157715
2828,3.6177637577056885,,79.34313035011292,0.032529354095458984
2829,3.6108763217926025,,79.37046432495117,0.024300336837768555
2830,3.612062931060791,,79.3983166217804,0.023851633071899414
2831,3.6117377281188965,,79.42517638206482,0.0202786922454834
2832,3.6304731369018555,,79.45220923423767,0.02339649200439453
2833,3.6232781410217285,,79.47447443008423,0.018238544464111328
2834,3.598024368286133,,79.50334548950195,0.01928114891052246
2835,3.5841565132141113,,79.52867674827576,0.022495508193969727
2836,3.603013038635254,,79.55378985404968,0.0185396671295166
2837,3.6220200061798096,,79.58094644546509,0.021464109420776367
2838,3.5834412574768066,,79.60991716384888,0.023971080780029297
2839,3.5916616916656494,,79.63832402229309,0.02135753631591797
2840,3.615551471710205,,79.66829133033752,0.025389671325683594
2841,3.5976271629333496,,79.69620537757874,0.024341106414794922
2842,3.5969362258911133,,79.72233653068542,0.0193483829498291
2843,3.631399631500244,,79.75072240829468,0.0236666202545166
2844,3.6264829635620117,,79.7781593799591,0.022849321365356445
2845,3.5847530364990234,,79.8050971031189,0.019392967224121094
2846,3.616166353225708,,79.82939410209656,0.01872110366821289
2847,3.6197943687438965,,79.85562419891357,0.019342422485351562
2848,3.6256046295166016,,79.88346219062805,0.022818565368652344
2849,3.587520122528076,,79.90878796577454,0.02163386344909668
2850,3.5744338035583496,,79.93939590454102,0.024393558502197266
2851,3.63246488571167,,79.96584725379944,0.01970529556274414
2852,3.5917489528656006,,79.9940254688263,0.0236661434173584
2853,3.6036343574523926,,80.02238488197327,0.024336814880371094
2854,3.6076643466949463,,80.04961657524109,0.020847082138061523
2855,3.612581729888916,,80.07975602149963,0.022686004638671875
2856,3.622386932373047,,80.1042263507843,0.01946234703063965
2857,3.5939462184906006,,80.13475561141968,0.022624731063842773
2858,3.5949394702911377,,80.16329526901245,0.023393630981445312
2859,3.5963127613067627,,80.18944501876831,0.022153139114379883
2860,3.5787484645843506,,80.22025680541992,0.02277541160583496
2861,3.5966386795043945,,80.24403500556946,0.01958632469177246
2862,3.6215879917144775,,80.27055835723877,0.019867420196533203
2863,3.591487407684326,,80.29803586006165,0.022279977798461914
2864,3.6010446548461914,,80.32287335395813,0.020328283309936523
2865,3.595015525817871,,80.34952569007874,0.019147634506225586
2866,3.5880961418151855,,80.3780243396759,0.021364927291870117
2867,3.5936570167541504,,80.40285515785217,0.02038264274597168
2868,3.5989115238189697,,80.42880964279175,0.01913309097290039
2869,3.5596470832824707,,80.4580545425415,0.024014949798583984
2870,3.5908918380737305,,80.48198461532593,0.019358158111572266
2871,3.591292381286621,,80.50971627235413,0.020168304443359375
2872,3.604733943939209,,80.53716087341309,0.02171778678894043
2873,3.5936365127563477,,80.56332516670227,0.02165818214416504
2874,3.5738608837127686,,80.59460711479187,0.02288675308227539
2875,3.597275495529175,,80.62486863136292,0.025064468383789062
2876,3.620551109313965,,80.6514196395874,0.02198505401611328
2877,3.5999863147735596,,80.67935299873352,0.019633054733276367
2878,3.5558090209960938,,80.71049809455872,0.025799036026000977
2879,3.602477550506592,,80.73785614967346,0.02205204963684082
2880,3.603872537612915,,80.76905274391174,0.02262425422668457
2881,3.597196102142334,,80.80056285858154,0.026315927505493164
2882,3.606348991394043,,80.83095169067383,0.025841951370239258
2883,3.60148024559021,,80.85561513900757,0.019752025604248047
2884,3.5657336711883545,,80.882488489151,0.02237391471862793
2885,3.5759170055389404,,80.90942192077637,0.022241592407226562
2886,3.6087114810943604,,80.93484497070312,0.02011728286743164
2887,3.582690715789795,,80.96243262290955,0.01986384391784668
2888,3.604555606842041,,80.99398970603943,0.026020050048828125
2889,3.5663580894470215,,81.01734352111816,0.019329547882080078
2890,3.580872058868408,,81.04580450057983,0.02285456657409668
2891,3.569218158721924,,81.06958389282227,0.02016758918762207
2892,3.5926074981689453,,81.10082817077637,0.02323746681213379
2893,3.6134490966796875,,81.12868189811707,0.023856639862060547
2894,3.578744649887085,,81.15981531143188,0.0250241756439209
2895,3.6011221408843994,,81.18401861190796,0.020166397094726562
2896,3.5592055320739746,,81.20945405960083,0.020055770874023438
2897,3.595813274383545,,81.23440480232239,0.018635034561157227
2898,3.5745794773101807,,81.26207709312439,0.01889824867248535
2899,3.5848140716552734,,81.29066300392151,0.023285388946533203
2900,3.619731903076172,0.9456627368927002,81.31059002876282,0.015933990478515625
2901,3.595738410949707,,81.34483098983765,0.023348093032836914
2902,3.5721707344055176,,81.36795616149902,0.018626689910888672
2903,3.599076509475708,,81.3981363773346,0.021669387817382812
2904,3.5708632469177246,,81.42877054214478,0.02266550064086914
2905,3.590311288833618,,81.46072363853455,0.03098464012145996
2906,3.598172664642334,,81.48857688903809,0.024255037307739258
2907,3.6028406620025635,,81.5153636932373,0.02021479606628418
2908,3.571439743041992,,81.54534840583801,0.02489328384399414
2909,3.567293167114258,,81.57687473297119,0.027431488037109375
2910,3.56255841255188,,81.60115957260132,0.020781993865966797
2911,3.591060161590576,,81.6302421092987,0.021800518035888672
2912,3.5922648906707764,,81.65667295455933,0.019501686096191406
2913,3.575061798095703,,81.6893720626831,0.02318263053894043
2914,3.5860042572021484,,81.71575736999512,0.019379854202270508
2915,3.562352180480957,,81.74069285392761,0.019975900650024414
2916,3.5784339904785156,,81.76988363265991,0.022188186645507812
2917,3.6025171279907227,,81.79711318016052,0.02219367027282715
2918,3.586564064025879,,81.82139611244202,0.01964402198791504
2919,3.5875768661499023,,81.84868025779724,0.02069377899169922
2920,3.592798948287964,,81.8761625289917,0.022374391555786133
2921,3.5645341873168945,,81.90084505081177,0.020642757415771484
2922,3.5739645957946777,,81.92418551445007,0.01635456085205078
2923,3.586982011795044,,81.95583939552307,0.022737741470336914
2924,3.578632354736328,,81.98294496536255,0.022603511810302734
2925,3.561985492706299,,82.01214480400085,0.02266979217529297
2926,3.5463297367095947,,82.0409483909607,0.023479938507080078
2927,3.5587382316589355,,82.06830787658691,0.023360729217529297
2928,3.5759432315826416,,82.09772562980652,0.01955246925354004
2929,3.57913875579834,,82.13025617599487,0.027477741241455078
2930,3.5469987392425537,,82.1572949886322,0.0270388126373291
2931,3.60188364982605,,82.1793863773346,0.015577077865600586
2932,3.5556387901306152,,82.21491384506226,0.02331399917602539
2933,3.570862293243408,,82.23958706855774,0.020174741744995117
2934,3.5787596702575684,,82.26735591888428,0.02025914192199707
2935,3.5594675540924072,,82.29449129104614,0.024866342544555664
2936,3.5452513694763184,,82.32050156593323,0.0197908878326416
2937,3.5563788414001465,,82.34969758987427,0.021695852279663086
2938,3.577051877975464,,82.38251805305481,0.027818679809570312
2939,3.5631346702575684,,82.40734434127808,0.0202028751373291
2940,3.6127569675445557,,82.43781113624573,0.02310037612915039
2941,3.578587055206299,,82.46951508522034,0.024199962615966797
2942,3.560462474822998,,82.50068521499634,0.030207157135009766
2943,3.5436794757843018,,82.52451276779175,0.01926112174987793
2944,3.57509183883667,,82.55807614326477,0.02494025230407715
2945,3.55641508102417,,82.58947896957397,0.027893543243408203
2946,3.5801427364349365,,82.61697363853455,0.021381139755249023
2947,3.5529377460479736,,82.64384126663208,0.02035832405090332
2948,3.5886952877044678,,82.67077159881592,0.019025802612304688
2949,3.581383228302002,,82.69543766975403,0.023665428161621094
2950,3.573030948638916,,82.72268509864807,0.019743680953979492
2951,3.5756072998046875,,82.74960517883301,0.022419214248657227
2952,3.5708770751953125,,82.77468252182007,0.019395828247070312
2953,3.570044994354248,,82.80608916282654,0.026189804077148438
2954,3.5684595108032227,,82.83371758460999,0.024129629135131836
2955,3.569786548614502,,82.85865235328674,0.020172119140625
2956,3.5647196769714355,,82.8810703754425,0.018052339553833008
2957,3.607728958129883,,82.91302347183228,0.0233612060546875
2958,3.5847370624542236,,82.93714356422424,0.019123315811157227
2959,3.5373001098632812,,82.9637713432312,0.02105259895324707
2960,3.5852270126342773,,82.99175214767456,0.021973371505737305
2961,3.552243709564209,,83.02044010162354,0.023357629776000977
2962,3.5766959190368652,,83.0469081401825,0.018540382385253906
2963,3.570260763168335,,83.07683038711548,0.022974491119384766
2964,3.569479465484619,,83.09974431991577,0.019311904907226562
2965,3.5806610584259033,,83.13025617599487,0.022073030471801758
2966,3.5754780769348145,,83.15799593925476,0.02075791358947754
2967,3.555840015411377,,83.17934250831604,0.01580023765563965
2968,3.5519680976867676,,83.20934057235718,0.017943859100341797
2969,3.5672621726989746,,83.23462581634521,0.018857240676879883
2970,3.5659923553466797,,83.26241755485535,0.019286155700683594
2971,3.548800230026245,,83.2894389629364,0.021930932998657227
2972,3.558995246887207,,83.31837749481201,0.022471904754638672
2973,3.5242180824279785,,83.34632730484009,0.019938230514526367
2974,3.56858491897583,,83.37456011772156,0.020962953567504883
2975,3.544611930847168,,83.40185928344727,0.021800518035888672
2976,3.559335231781006,,83.42970180511475,0.018982648849487305
2977,3.550689220428467,,83.4633367061615,0.02869868278503418
2978,3.5555901527404785,,83.49099278450012,0.021642208099365234
2979,3.57073974609375,,83.52135586738586,0.023006200790405273
2980,3.5493533611297607,,83.54944229125977,0.019681692123413086
2981,3.5736565589904785,,83.58243894577026,0.025354862213134766
2982,3.567234992980957,,83.61009860038757,0.023662567138671875
2983,3.5871126651763916,,83.64090275764465,0.023752450942993164
2984,3.580174446105957,,83.67072463035583,0.02482461929321289
2985,3.5399651527404785,,83.70118999481201,0.0294649600982666
2986,3.557560920715332,,83.72972011566162,0.023476123809814453
2987,3.567962646484375,,83.7563648223877,0.02213573455810547
2988,3.56514310836792,,83.7807207107544,0.019855022430419922
2989,3.5561866760253906,,83.80962133407593,0.02089405059814453
2990,3.5543930530548096,,83.83631443977356,0.025687694549560547
2991,3.555143117904663,,83.86264729499817,0.019782543182373047
2992,3.5406153202056885,,83.8896415233612,0.01808619499206543
2993,3.559462308883667,,83.92308497428894,0.02675032615661621
2994,3.5442886352539062,,83.95201539993286,0.025430917739868164
2995,3.548997402191162,,83.97453498840332,0.017522811889648438
2996,3.5712897777557373,,84.00447964668274,0.019468069076538086
2997,3.5508718490600586,,84.02934741973877,0.019650697708129883
2998,3.541321277618408,,84.05598759651184,0.01912856101989746
2999,3.565342664718628,,84.08471345901489,0.024135828018188477
3000,3.5733389854431152,0.9456462621688843,84.12308049201965,0.0333561897277832
