epochs,losses,accuracies,cumulative_time_seconds,epoch_time_seconds
1,32.548828125,,0.03154587745666504,0.03154587745666504
2,31.439712524414062,,0.06345081329345703,0.016118288040161133
3,30.618467330932617,,0.09534025192260742,0.03188943862915039
4,29.98509979248047,,0.1110832691192627,0.015743017196655273
5,29.417354583740234,,0.1267690658569336,0.0156857967376709
6,29.019012451171875,,0.15996789932250977,0.01705455780029297
7,28.548181533813477,,0.17502117156982422,0.015053272247314453
8,28.203630447387695,,0.1909945011138916,0.015973329544067383
9,28.06594467163086,,0.22312450408935547,0.01604461669921875
10,27.77009391784668,,0.23905682563781738,0.015932321548461914
11,27.71807098388672,,0.2712557315826416,0.03219890594482422
12,27.58544921875,,0.28699445724487305,0.015738725662231445
13,27.44609260559082,,0.3027653694152832,0.015770912170410156
14,27.36684226989746,,0.33451390266418457,0.016008377075195312
15,27.237289428710938,,0.3502216339111328,0.015707731246948242
16,27.14340591430664,,0.38213419914245605,0.03191256523132324
17,27.11332130432129,,0.39785170555114746,0.015717506408691406
18,26.968517303466797,,0.4135749340057373,0.015723228454589844
19,26.864551544189453,,0.44586825370788574,0.016158342361450195
20,26.878395080566406,,0.46161651611328125,0.015748262405395508
21,26.791366577148438,,0.4777238368988037,0.01610732078552246
22,26.727191925048828,,0.5095162391662598,0.015712738037109375
23,26.73697853088379,,0.525244951248169,0.01572871208190918
24,26.69550323486328,,0.5582787990570068,0.016889572143554688
25,26.66864585876465,,0.5728135108947754,0.014534711837768555
26,26.577709197998047,,0.588590145111084,0.015776634216308594
27,26.55581283569336,,0.6207120418548584,0.016008615493774414
28,26.49423599243164,,0.6366899013519287,0.015977859497070312
29,26.498502731323242,,0.6682844161987305,0.03159451484680176
30,26.43649673461914,,0.6844003200531006,0.016115903854370117
31,26.395275115966797,,0.7000818252563477,0.01568150520324707
32,26.341236114501953,,0.7318763732910156,0.01601266860961914
33,26.336402893066406,,0.7477045059204102,0.01582813262939453
34,26.279743194580078,,0.7796504497528076,0.03194594383239746
35,26.282089233398438,,0.7953951358795166,0.015744686126708984
36,26.23641586303711,,0.8111488819122314,0.015753746032714844
37,26.218868255615234,,0.8429858684539795,0.01595306396484375
38,26.174699783325195,,0.8587040901184082,0.01571822166442871
39,26.132492065429688,,0.8744807243347168,0.015776634216308594
40,26.124004364013672,,0.9062120914459229,0.015686511993408203
41,26.109209060668945,,0.9219686985015869,0.015756607055664062
42,26.083786010742188,,0.9538455009460449,0.01605391502380371
43,26.06226921081543,,0.9695699214935303,0.01572442054748535
44,26.021808624267578,,0.9854190349578857,0.01584911346435547
45,26.02135467529297,,1.0173776149749756,0.016127347946166992
46,26.03879165649414,,1.033238172531128,0.015860557556152344
47,25.97527313232422,,1.0654244422912598,0.032186269760131836
48,25.93153190612793,,1.081094741821289,0.015670299530029297
49,25.924280166625977,,1.0968115329742432,0.0157167911529541
50,25.915739059448242,,1.1285614967346191,0.016027450561523438
51,25.905071258544922,,1.1442840099334717,0.01572251319885254
52,25.870227813720703,,1.1761741638183594,0.031890153884887695
53,25.819618225097656,,1.1919171810150146,0.015743017196655273
54,25.85027503967285,,1.2076478004455566,0.015730619430541992
55,25.809856414794922,,1.2395570278167725,0.016057968139648438
56,25.8391056060791,,1.255302906036377,0.015745878219604492
57,25.77850914001465,,1.2714452743530273,0.01614236831665039
58,25.75775909423828,,1.3034934997558594,0.016016006469726562
59,25.721847534179688,,1.3193986415863037,0.015905141830444336
60,25.71379280090332,,1.3510942459106445,0.03169560432434082
61,25.677326202392578,,1.366816759109497,0.01572251319885254
62,25.678815841674805,,1.3827900886535645,0.015973329544067383
63,25.64957046508789,,1.4145972728729248,0.016125202178955078
64,25.638473510742188,,1.430682897567749,0.01608562469482422
65,25.59311866760254,,1.462676763534546,0.031993865966796875
66,25.601924896240234,,1.4784200191497803,0.015743255615234375
67,25.555286407470703,,1.4941589832305908,0.015738964080810547
68,25.561311721801758,,1.5260019302368164,0.016018390655517578
69,25.545286178588867,,1.5416865348815918,0.01568460464477539
70,25.4764461517334,,1.5736439228057861,0.031957387924194336
71,25.4772891998291,,1.5893630981445312,0.015719175338745117
72,25.471424102783203,,1.605158805847168,0.01579570770263672
73,25.443572998046875,,1.637129306793213,0.01602911949157715
74,25.386375427246094,,1.6530098915100098,0.015880584716796875
75,25.41520881652832,,1.6687548160552979,0.015744924545288086
76,25.40484046936035,,1.7004585266113281,0.015811443328857422
77,25.325651168823242,,1.7161481380462646,0.015689611434936523
78,25.380712509155273,,1.7479231357574463,0.03177499771118164
79,25.30658721923828,,1.763972282409668,0.01604914665222168
80,25.321311950683594,,1.7798221111297607,0.015849828720092773
81,25.278535842895508,,1.8115594387054443,0.016068458557128906
82,25.25872802734375,,1.8272838592529297,0.01572442054748535
83,25.254575729370117,,1.8588519096374512,0.031568050384521484
84,25.212087631225586,,1.8745720386505127,0.015720129013061523
85,25.15821075439453,,1.8902904987335205,0.015718460083007812
86,25.165699005126953,,1.9222393035888672,0.015830516815185547
87,25.151662826538086,,1.9379746913909912,0.015735387802124023
88,25.104896545410156,,1.9699115753173828,0.0319368839263916
89,25.073894500732422,,1.9855942726135254,0.015682697296142578
90,25.052051544189453,,2.0013320446014404,0.01573777198791504
91,25.01681137084961,,2.033151865005493,0.0160369873046875
92,25.001182556152344,,2.0488717555999756,0.015719890594482422
93,24.967945098876953,,2.0803310871124268,0.03145933151245117
94,24.92076873779297,,2.096050500869751,0.01571941375732422
95,24.88798713684082,,2.1117520332336426,0.0157015323638916
96,24.862577438354492,,2.1436023712158203,0.016061067581176758
97,24.82909393310547,,2.1593286991119385,0.015726327896118164
98,24.82105255126953,,2.1750729084014893,0.01574420928955078
99,24.804155349731445,,2.2069010734558105,0.01572394371032715
100,24.743946075439453,0.0,2.2226345539093018,0.01573348045349121
101,24.76386833190918,,2.2543365955352783,0.013954877853393555
102,24.655895233154297,,2.2701361179351807,0.015799522399902344
103,24.654525756835938,,2.302408456802368,0.016145706176757812
104,24.64871597290039,,2.3180956840515137,0.015687227249145508
105,24.593420028686523,,2.334219455718994,0.01612377166748047
106,24.532325744628906,,2.3662400245666504,0.016109228134155273
107,24.445636749267578,,2.3819539546966553,0.015713930130004883
108,24.40859031677246,,2.41353178024292,0.03157782554626465
109,24.404775619506836,,2.429215908050537,0.015684127807617188
110,24.387691497802734,,2.445101499557495,0.015885591506958008
111,24.3505859375,,2.477182149887085,0.016076087951660156
112,24.359973907470703,,2.4929118156433105,0.015729665756225586
113,24.288127899169922,,2.5249290466308594,0.03201723098754883
114,24.237812042236328,,2.5407238006591797,0.015794754028320312
115,24.209678649902344,,2.572633981704712,0.015753984451293945
116,24.124107360839844,,2.5986099243164062,0.025975942611694336
117,24.12875747680664,,2.620313882827759,0.01493978500366211
118,24.041284561157227,,2.636009931564331,0.015696048736572266
119,24.008764266967773,,2.6680972576141357,0.03208732604980469
120,23.897701263427734,,2.683784008026123,0.015686750411987305
121,23.885700225830078,,2.6994853019714355,0.0157012939453125
122,23.818012237548828,,2.731151580810547,0.015721797943115234
123,23.798587799072266,,2.7468621730804443,0.01571059226989746
124,23.77098274230957,,2.778594732284546,0.03173255920410156
125,23.66810417175293,,2.7943115234375,0.0157167911529541
126,23.604557037353516,,2.810356378555298,0.01604485511779785
127,23.680267333984375,,2.841912269592285,0.015889406204223633
128,23.550039291381836,,2.8576273918151855,0.01571512222290039
129,23.449085235595703,,2.8894364833831787,0.031809091567993164
130,23.463226318359375,,2.905167579650879,0.015731096267700195
131,23.4091739654541,,2.920886516571045,0.015718936920166016
132,23.255592346191406,,2.9526705741882324,0.015693187713623047
133,23.24850845336914,,2.9683940410614014,0.015723466873168945
134,23.195009231567383,,2.984304189682007,0.01591014862060547
135,23.120820999145508,,3.0160515308380127,0.015683650970458984
136,23.10647964477539,,3.031890630722046,0.015839099884033203
137,23.03452491760254,,3.0636792182922363,0.01610422134399414
138,22.8621826171875,,3.07940411567688,0.015724897384643555
139,22.87518310546875,,3.0953917503356934,0.015987634658813477
140,22.850914001464844,,3.127380132675171,0.016112804412841797
141,22.832490921020508,,3.143101930618286,0.015721797943115234
142,22.66401481628418,,3.1751606464385986,0.0320587158203125
143,22.642744064331055,,3.190882921218872,0.015722274780273438
144,22.570783615112305,,3.206601619720459,0.015718698501586914
145,22.503995895385742,,3.2383673191070557,0.01606011390686035
146,22.462364196777344,,3.2543652057647705,0.015997886657714844
147,22.364765167236328,,3.2859792709350586,0.031614065170288086
148,22.330732345581055,,3.301675796508789,0.01569652557373047
149,22.22795295715332,,3.3173987865448,0.015722990036010742
150,22.110591888427734,,3.34941029548645,0.016108036041259766
151,22.106739044189453,,3.365131378173828,0.01572108268737793
152,22.023849487304688,,3.396711826324463,0.031580448150634766
153,21.91299057006836,,3.412397623062134,0.0156857967376709
154,21.953025817871094,,3.428344488143921,0.01594686508178711
155,21.746929168701172,,3.46018385887146,0.01605367660522461
156,21.762664794921875,,3.4759132862091064,0.015729427337646484
157,21.650678634643555,,3.5076823234558105,0.0317690372467041
158,21.686315536499023,,3.5234038829803467,0.015721559524536133
159,21.459426879882812,,3.5391955375671387,0.015791654586791992
160,21.468219757080078,,3.57116961479187,0.014733314514160156
161,21.40991973876953,,3.586881160736084,0.015711545944213867
162,21.26968765258789,,3.6027743816375732,0.015893220901489258
163,21.246417999267578,,3.634632110595703,0.015724897384643555
164,21.139345169067383,,3.6504149436950684,0.015782833099365234
165,21.035972595214844,,3.6821725368499756,0.01603865623474121
166,20.98652458190918,,3.6979146003723145,0.015742063522338867
167,20.845531463623047,,3.713798999786377,0.0158843994140625
168,20.92011070251465,,3.7458174228668213,0.015935659408569336
169,20.722042083740234,,3.7629024982452393,0.01708507537841797
170,20.699596405029297,,3.7935633659362793,0.03066086769104004
171,20.531635284423828,,3.8092448711395264,0.01568150520324707
172,20.581443786621094,,3.8249783515930176,0.01573348045349121
173,20.50014877319336,,3.8571274280548096,0.016040563583374023
174,20.35022735595703,,3.872854709625244,0.01572728157043457
175,20.444284439086914,,3.9046576023101807,0.03180289268493652
176,20.228473663330078,,3.9203877449035645,0.01573014259338379
177,20.109783172607422,,3.936116933822632,0.015729188919067383
178,20.033550262451172,,3.969151496887207,0.017135143280029297
179,20.04196548461914,,3.9840431213378906,0.014891624450683594
180,19.88541030883789,,3.9999494552612305,0.015906333923339844
181,19.856189727783203,,4.032159090042114,0.016126155853271484
182,19.792407989501953,,4.047912359237671,0.01575326919555664
183,19.687143325805664,,4.079965353012085,0.016122102737426758
184,19.543231964111328,,4.09577751159668,0.015812158584594727
185,19.59397315979004,,4.111753225326538,0.0159757137298584
186,19.505451202392578,,4.1436052322387695,0.016098737716674805
187,19.39628028869629,,4.159329414367676,0.01572418212890625
188,19.396747589111328,,4.191248893737793,0.03191947937011719
189,19.36894989013672,,4.206963539123535,0.015714645385742188
190,19.07906723022461,,4.222699165344238,0.015735626220703125
191,19.113651275634766,,4.254281044006348,0.01587057113647461
192,19.066604614257812,,4.26996636390686,0.015685319900512695
193,18.91874122619629,,4.301822662353516,0.03185629844665527
194,18.855758666992188,,4.317557334899902,0.01573467254638672
195,18.79936981201172,,4.333241939544678,0.01568460464477539
196,18.689048767089844,,4.365013837814331,0.016076087951660156
197,18.636505126953125,,4.380748987197876,0.015735149383544922
198,18.514997482299805,,4.41228461265564,0.03153562545776367
199,18.405033111572266,,4.4280312061309814,0.015746593475341797
200,18.240528106689453,0.19640777111053467,4.459420919418335,0.031389713287353516
201,18.22336196899414,,4.475142240524292,0.01572132110595703
202,18.234291076660156,,4.490870952606201,0.01572871208190918
203,18.183305740356445,,4.522654056549072,0.014783382415771484
204,18.170040130615234,,4.538362741470337,0.01570868492126465
205,18.051115036010742,,4.570059061050415,0.031696319580078125
206,17.941165924072266,,4.585753679275513,0.015694618225097656
207,17.969743728637695,,4.601446866989136,0.015693187713623047
208,17.75814437866211,,4.6328253746032715,0.01566457748413086
209,17.55741310119629,,4.64853310585022,0.015707731246948242
210,17.635608673095703,,4.6799561977386475,0.0157473087310791
211,17.57988166809082,,4.695738077163696,0.015781879425048828
212,17.482669830322266,,4.712834358215332,0.017096281051635742
213,17.51211166381836,,4.743550062179565,0.01595020294189453
214,17.385866165161133,,4.759227275848389,0.015677213668823242
215,17.33945083618164,,4.791388750076294,0.03216147422790527
216,17.239883422851562,,4.807112455368042,0.015723705291748047
217,17.09994888305664,,4.822941541671753,0.015829086303710938
218,17.22203826904297,,4.854917049407959,0.015888452529907227
219,17.053844451904297,,4.870663166046143,0.015746116638183594
220,17.008502960205078,,4.902566194534302,0.03190302848815918
221,16.984405517578125,,4.918290138244629,0.01572394371032715
222,16.897159576416016,,4.9340245723724365,0.015734434127807617
223,16.754392623901367,,4.965895652770996,0.016095876693725586
224,16.75494384765625,,4.98162841796875,0.015732765197753906
225,16.654586791992188,,4.997290134429932,0.01566171646118164
226,16.55109405517578,,5.029213905334473,0.01581597328186035
227,16.54431915283203,,5.044934034347534,0.015720129013061523
228,16.488636016845703,,5.076409101486206,0.015777587890625
229,16.36237144470215,,5.092098236083984,0.01568913459777832
230,16.276527404785156,,5.107869625091553,0.01577138900756836
231,16.28244400024414,,5.139941215515137,0.014702320098876953
232,16.276609420776367,,5.156058311462402,0.016117095947265625
233,16.18785858154297,,5.187582731246948,0.015779495239257812
234,16.07057762145996,,5.203487396240234,0.015904664993286133
235,15.966299057006836,,5.219399929046631,0.015912532806396484
236,15.950648307800293,,5.251226186752319,0.015726566314697266
237,15.84900188446045,,5.266976356506348,0.01575016975402832
238,15.925004005432129,,5.298950910568237,0.03197455406188965
239,15.757381439208984,,5.314657926559448,0.015707015991210938
240,15.807607650756836,,5.3315815925598145,0.01692366600036621
241,15.69991683959961,,5.362180233001709,0.016040325164794922
242,15.609811782836914,,5.377975702285767,0.015795469284057617
243,15.648585319519043,,5.40976881980896,0.03179311752319336
244,15.452391624450684,,5.425459623336792,0.01569080352783203
245,15.567831993103027,,5.441185235977173,0.01572561264038086
246,15.396648406982422,,5.473322868347168,0.016095638275146484
247,15.373639106750488,,5.489487886428833,0.01616501808166504
248,15.27869987487793,,5.505469560623169,0.015981674194335938
249,15.22718334197998,,5.537286758422852,0.015727758407592773
250,15.081274032592773,,5.552964210510254,0.015677452087402344
251,15.061379432678223,,5.584964990615845,0.0160675048828125
252,15.064481735229492,,5.6007585525512695,0.015793561935424805
253,15.050910949707031,,5.616912841796875,0.01615428924560547
254,14.957355499267578,,5.649129152297974,0.016075849533081055
255,14.96870231628418,,5.664883852005005,0.01575469970703125
256,14.991623878479004,,5.696627140045166,0.03174328804016113
257,14.891603469848633,,5.7123863697052,0.01575922966003418
258,14.846010208129883,,5.728070497512817,0.015684127807617188
259,14.701711654663086,,5.760128021240234,0.01605510711669922
260,14.68806266784668,,5.775853633880615,0.01572561264038086
261,14.63394546508789,,5.807918548583984,0.03206491470336914
262,14.570825576782227,,5.823643922805786,0.015725374221801758
263,14.578422546386719,,5.839547395706177,0.015903472900390625
264,14.618561744689941,,5.871272087097168,0.01587224006652832
265,14.565733909606934,,5.887012243270874,0.015740156173706055
266,14.313488006591797,,5.902884483337402,0.01587224006652832
267,14.28868293762207,,5.93473482131958,0.015750646591186523
268,14.327064514160156,,5.950451612472534,0.0157167911529541
269,14.127070426940918,,5.982731580734253,0.016141176223754883
270,14.242189407348633,,5.998682498931885,0.015950918197631836
271,14.199625015258789,,6.01436972618103,0.015687227249145508
272,14.163475036621094,,6.046120882034302,0.01587677001953125
273,14.14102840423584,,6.061858654022217,0.01573777198791504
274,14.036399841308594,,6.09381890296936,0.031960248947143555
275,13.949287414550781,,6.109544515609741,0.01572561264038086
276,13.928386688232422,,6.125352621078491,0.01580810546875
277,13.893266677856445,,6.157176494598389,0.01609659194946289
278,13.879966735839844,,6.17289400100708,0.015717506408691406
279,13.84775161743164,,6.204606533050537,0.03171253204345703
280,13.787322998046875,,6.220293045043945,0.015686511993408203
281,13.880151748657227,,6.236026287078857,0.01573324203491211
282,13.727506637573242,,6.268205881118774,0.01606917381286621
283,13.737305641174316,,6.283876657485962,0.0156707763671875
284,13.643144607543945,,6.315520286560059,0.03164362907409668
285,13.597066879272461,,6.331255912780762,0.015735626220703125
286,13.58607292175293,,6.3469398021698,0.015683889389038086
287,13.587711334228516,,6.378832817077637,0.01614236831665039
288,13.529765129089355,,6.394502639770508,0.015669822692871094
289,13.515033721923828,,6.426140546798706,0.03163790702819824
290,13.428354263305664,,6.441938161849976,0.01579761505126953
291,13.47184944152832,,6.457941770553589,0.01600360870361328
292,13.389911651611328,,6.489803075790405,0.016106128692626953
293,13.289519309997559,,6.505554914474487,0.01575183868408203
294,13.351216316223145,,6.521497964859009,0.015943050384521484
295,13.254429817199707,,6.552940607070923,0.01571512222290039
296,13.262962341308594,,6.568617820739746,0.015677213668823242
297,13.174448013305664,,6.600322008132935,0.015737295150756836
298,13.14083480834961,,6.616358995437622,0.0160369873046875
299,13.095606803894043,,6.632471799850464,0.016112804412841797
300,13.09022331237793,0.45794178247451783,6.664278745651245,0.01568150520324707
301,13.132011413574219,,6.696105718612671,0.03182697296142578
302,13.042974472045898,,6.711903095245361,0.01579737663269043
303,13.069432258605957,,6.727996587753296,0.01609349250793457
304,12.985708236694336,,6.7594568729400635,0.015666961669921875
305,12.967273712158203,,6.775573015213013,0.01611614227294922
306,12.92076301574707,,6.807348251342773,0.03177523612976074
307,12.929890632629395,,6.823239326477051,0.015891075134277344
308,12.896217346191406,,6.8389246463775635,0.015685319900512695
309,12.817805290222168,,6.870939493179321,0.01607370376586914
310,12.786209106445312,,6.88661003112793,0.0156705379486084
311,12.843003273010254,,6.918529272079468,0.031919240951538086
312,12.728611946105957,,6.934366703033447,0.015837430953979492
313,12.692400932312012,,6.95009183883667,0.015725135803222656
314,12.63975715637207,,6.98223876953125,0.01609015464782715
315,12.613570213317871,,6.997923135757446,0.01568436622619629
316,12.619529724121094,,7.013855218887329,0.015932083129882812
317,12.557950973510742,,7.045980930328369,0.01613903045654297
318,12.585100173950195,,7.0617382526397705,0.015757322311401367
319,12.469051361083984,,7.093273162841797,0.03153491020202637
320,12.486323356628418,,7.114886522293091,0.021613359451293945
321,12.445703506469727,,7.136994361877441,0.022107839584350586
322,12.455102920532227,,7.160441160202026,0.02001476287841797
323,12.501504898071289,,7.181034088134766,0.020592927932739258
324,12.429323196411133,,7.204187870025635,0.02315378189086914
325,12.407458305358887,,7.226003646850586,0.021815776824951172
326,12.34926700592041,,7.247390270233154,0.02138662338256836
327,12.281328201293945,,7.269355773925781,0.01733088493347168
328,12.30886173248291,,7.291363716125488,0.02200794219970703
329,12.169514656066895,,7.3151445388793945,0.02378082275390625
330,12.216764450073242,,7.337112903594971,0.021968364715576172
331,12.237161636352539,,7.357671737670898,0.020558834075927734
332,12.121471405029297,,7.380748748779297,0.01786494255065918
333,12.147785186767578,,7.401629686355591,0.020880937576293945
334,12.132661819458008,,7.423456430435181,0.021826744079589844
335,12.188249588012695,,7.445857286453247,0.01966404914855957
336,12.019099235534668,,7.467621564865112,0.021764278411865234
337,12.052624702453613,,7.489285707473755,0.015924453735351562
338,12.014546394348145,,7.511608839035034,0.022323131561279297
339,12.000911712646484,,7.533763408660889,0.022154569625854492
340,12.025144577026367,,7.557161331176758,0.01994800567626953
341,12.055317878723145,,7.577706813812256,0.020545482635498047
342,11.91174602508545,,7.60075306892395,0.023046255111694336
343,11.912419319152832,,7.622488021850586,0.021734952926635742
344,11.88863468170166,,7.643674373626709,0.021186351776123047
345,11.950010299682617,,7.665588140487671,0.017206430435180664
346,11.889139175415039,,7.687595844268799,0.02200770378112793
347,11.851459503173828,,7.7113037109375,0.023707866668701172
348,11.821145057678223,,7.733157634735107,0.021853923797607422
349,11.808960914611816,,7.754065275192261,0.02090764045715332
350,11.716581344604492,,7.77716588973999,0.017914772033691406
351,11.737695693969727,,7.7980427742004395,0.02087688446044922
352,11.697187423706055,,7.82009744644165,0.022054672241210938
353,11.697799682617188,,7.8420021533966064,0.0191650390625
354,11.684541702270508,,7.864206552505493,0.02220439910888672
355,11.660362243652344,,7.887983798980713,0.018128633499145508
356,11.642778396606445,,7.9083411693573,0.020357370376586914
357,11.570825576782227,,7.93042778968811,0.022086620330810547
358,11.700581550598145,,7.9538493156433105,0.01998734474182129
359,11.547845840454102,,7.974522590637207,0.020673274993896484
360,11.5814847946167,,7.997524976730347,0.02300238609313965
361,11.559171676635742,,8.01933479309082,0.021809816360473633
362,11.467644691467285,,8.040607213973999,0.02127242088317871
363,11.558490753173828,,8.063685178756714,0.018360376358032227
364,11.417387008666992,,8.084685325622559,0.021000146865844727
365,11.51232624053955,,8.108404397964478,0.023719072341918945
366,11.491987228393555,,8.130069971084595,0.021665573120117188
367,11.485565185546875,,8.150488376617432,0.020418405532836914
368,11.3670072555542,,8.173580169677734,0.017874479293823242
369,11.383481979370117,,8.194545984268188,0.0209658145904541
370,11.366727828979492,,8.219062328338623,0.02451634407043457
371,11.329842567443848,,8.238760709762573,0.019698381423950195
372,11.302409172058105,,8.261102437973022,0.02234172821044922
373,11.296470642089844,,8.284188985824585,0.017827510833740234
374,11.242347717285156,,8.305263757705688,0.021074771881103516
375,11.31252670288086,,8.329840183258057,0.024576425552368164
376,11.226336479187012,,8.34996247291565,0.018117189407348633
377,11.221968650817871,,8.371936082839966,0.021973609924316406
378,11.213988304138184,,8.395593166351318,0.0178983211517334
379,11.19627571105957,,8.416137933731079,0.020544767379760742
380,11.135234832763672,,8.438182830810547,0.022044897079467773
381,11.121295928955078,,8.46131181716919,0.019873619079589844
382,11.200740814208984,,8.482390880584717,0.021079063415527344
383,11.131715774536133,,8.5043203830719,0.021929502487182617
384,11.11641788482666,,8.52653193473816,0.022211551666259766
385,11.077291488647461,,8.548832893371582,0.02230095863342285
386,11.06059455871582,,8.572457075119019,0.02007317543029785
387,11.080867767333984,,8.592965602874756,0.020508527755737305
388,11.036121368408203,,8.61605715751648,0.023091554641723633
389,10.989458084106445,,8.637852430343628,0.021795272827148438
390,10.946821212768555,,8.659217119216919,0.021364688873291016
391,10.93863582611084,,8.681280851364136,0.017331838607788086
392,10.972975730895996,,8.703239440917969,0.021958589553833008
393,10.915843963623047,,8.726901531219482,0.023662090301513672
394,10.889545440673828,,8.748790264129639,0.02188873291015625
395,10.885385513305664,,8.76967477798462,0.02088451385498047
396,10.91766357421875,,8.792620420455933,0.0177004337310791
397,10.920272827148438,,8.813563585281372,0.020943164825439453
398,10.830596923828125,,8.835550785064697,0.021987199783325195
399,10.896821975708008,,8.857458114624023,0.01916813850402832
400,10.856624603271484,0.6062987327575684,8.882321834564209,0.024863719940185547
401,10.832868576049805,,8.904695272445679,0.019662857055664062
402,10.838136672973633,,8.926332473754883,0.0216372013092041
403,10.752138137817383,,8.948175430297852,0.015631914138793945
404,10.699426651000977,,8.97062611579895,0.022450685501098633
405,10.776847839355469,,8.992603778839111,0.021977663040161133
406,10.769729614257812,,9.015521049499512,0.0197293758392334
407,10.705373764038086,,9.036632537841797,0.021111488342285156
408,10.7013578414917,,9.058576822280884,0.015317201614379883
409,10.646607398986816,,9.080754518508911,0.022177696228027344
410,10.723869323730469,,9.10270094871521,0.021946430206298828
411,10.655916213989258,,9.126161813735962,0.020009279251098633
412,10.645610809326172,,9.146910429000854,0.020748615264892578
413,10.61505126953125,,9.169080972671509,0.022170543670654297
414,10.60029411315918,,9.191259384155273,0.02217841148376465
415,10.649345397949219,,9.21324348449707,0.021984100341796875
416,10.607962608337402,,9.236745357513428,0.019189119338989258
417,10.55508804321289,,9.257489919662476,0.02074456214904785
418,10.524946212768555,,9.279746770858765,0.022256851196289062
419,10.50346565246582,,9.301881074905396,0.02213430404663086
420,10.506766319274902,,9.323885202407837,0.022004127502441406
421,10.512819290161133,,9.346933126449585,0.019861698150634766
422,10.436258316040039,,9.368353128433228,0.021420001983642578
423,10.458381652832031,,9.390282392501831,0.015736103057861328
424,10.495312690734863,,9.4121732711792,0.021890878677368164
425,10.417295455932617,,9.434462785720825,0.022289514541625977
426,10.4486083984375,,9.457964420318604,0.02005314826965332
427,10.375507354736328,,9.47879695892334,0.020832538604736328
428,10.476880073547363,,9.500793933868408,0.02199697494506836
429,10.397489547729492,,9.525712251663208,0.024918317794799805
430,10.298957824707031,,9.549540042877197,0.023827791213989258
431,10.348623275756836,,9.573509216308594,0.023969173431396484
432,10.401580810546875,,9.597163438796997,0.02365422248840332
433,10.363489151000977,,9.617738485336304,0.02057504653930664
434,10.254243850708008,,9.640324592590332,0.02258610725402832
435,10.338719367980957,,9.662984848022461,0.019689559936523438
436,10.303332328796387,,9.687129259109497,0.024144411087036133
437,10.26769733428955,,9.705958843231201,0.015657901763916016
438,10.272648811340332,,9.721912384033203,0.015953540802001953
439,10.281174659729004,,9.753485202789307,0.031572818756103516
440,10.185169219970703,,9.769151449203491,0.01566624641418457
441,10.232135772705078,,9.784958124160767,0.01580667495727539
442,10.234270095825195,,9.816777467727661,0.015959739685058594
443,10.198293685913086,,9.839489221572876,0.022711753845214844
444,10.219341278076172,,9.861417531967163,0.02192831039428711
445,10.192622184753418,,9.883378505706787,0.019139528274536133
446,10.175491333007812,,9.905665159225464,0.022286653518676758
447,10.203544616699219,,9.929116249084473,0.018121719360351562
448,10.183843612670898,,9.9495370388031,0.02042078971862793
449,10.125044822692871,,9.971653699874878,0.022116661071777344
450,10.059713363647461,,9.994814157485962,0.019871950149536133
451,10.085685729980469,,10.015861511230469,0.021047353744506836
452,10.134493827819824,,10.037962198257446,0.02210068702697754
453,10.081649780273438,,10.05402421951294,0.016062021255493164
454,9.991848945617676,,10.070120334625244,0.016096115112304688
455,10.065210342407227,,10.101982116699219,0.016091585159301758
456,10.054719924926758,,10.12607717514038,0.02409505844116211
457,10.05826187133789,,10.149792432785034,0.02371525764465332
458,10.03945255279541,,10.171593189239502,0.021800756454467773
459,9.9567289352417,,10.192105293273926,0.020512104034423828
460,9.97150993347168,,10.213842630386353,0.01603984832763672
461,10.005101203918457,,10.236085653305054,0.022243022918701172
462,9.909722328186035,,10.258310079574585,0.02222442626953125
463,9.943819046020508,,10.281738519668579,0.019986867904663086
464,9.91037654876709,,10.302307844161987,0.020569324493408203
465,9.886898040771484,,10.324630498886108,0.022322654724121094
466,9.929327964782715,,10.346603870391846,0.021973371505737305
467,9.908037185668945,,10.368798971176147,0.022195100784301758
468,9.85159969329834,,10.391941785812378,0.018817424774169922
469,9.82606315612793,,10.413160562515259,0.02121877670288086
470,9.800359725952148,,10.435104846954346,0.015668869018554688
471,9.864356994628906,,10.457279443740845,0.022174596786499023
472,9.826566696166992,,10.479270458221436,0.02199101448059082
473,9.80595588684082,,10.50269889831543,0.020016908645629883
474,9.74587631225586,,10.530378341674805,0.027679443359375
475,9.819637298583984,,10.550066709518433,0.01968836784362793
476,9.797743797302246,,10.571297883987427,0.02123117446899414
477,9.781482696533203,,10.59334135055542,0.01582956314086914
478,9.703428268432617,,10.615556478500366,0.02221512794494629
479,9.732134819030762,,10.637634515762329,0.02207803726196289
480,9.75446891784668,,10.661091566085815,0.020027875900268555
481,9.764077186584473,,10.681631803512573,0.020540237426757812
482,9.723420143127441,,10.704710483551025,0.02307868003845215
483,9.680331230163574,,10.726409673690796,0.021699190139770508
484,9.690279960632324,,10.747854948043823,0.021445274353027344
485,9.658990859985352,,10.772176504135132,0.019985437393188477
486,9.673065185546875,,10.792636394500732,0.020459890365600586
487,9.64645767211914,,10.815888404846191,0.023252010345458984
488,9.597633361816406,,10.837652444839478,0.021764039993286133
489,9.636055946350098,,10.858910083770752,0.021257638931274414
490,9.610527038574219,,10.880831003189087,0.01724863052368164
491,9.598190307617188,,10.902852535247803,0.02202153205871582
492,9.584375381469727,,10.926549434661865,0.0236968994140625
493,9.631939888000488,,10.948406457901001,0.021857023239135742
494,9.521230697631836,,10.969175815582275,0.020769357681274414
495,9.571573257446289,,10.992138147354126,0.01688241958618164
496,9.562426567077637,,11.013101816177368,0.020963668823242188
497,9.523927688598633,,11.03501296043396,0.021911144256591797
498,9.517932891845703,,11.057350873947144,0.019665956497192383
499,9.51197624206543,,11.079348802566528,0.021997928619384766
500,9.498880386352539,0.6832167863845825,11.10474944114685,0.019708871841430664
501,9.545257568359375,,11.126265287399292,0.021515846252441406
502,9.473016738891602,,11.150140523910522,0.017704248428344727
503,9.46094799041748,,11.170558214187622,0.02041769027709961
504,9.463896751403809,,11.195935249328613,0.02537703514099121
505,9.471453666687012,,11.215661525726318,0.019726276397705078
506,9.400506973266602,,11.237893342971802,0.0222318172454834
507,9.413562774658203,,11.261534452438354,0.017996549606323242
508,9.444961547851562,,11.28171420097351,0.02017974853515625
509,9.450730323791504,,11.303680419921875,0.021966218948364258
510,9.400394439697266,,11.327314138412476,0.02006077766418457
511,9.393949508666992,,11.347918510437012,0.020604372024536133
512,9.385568618774414,,11.371176719665527,0.023258209228515625
513,9.359904289245605,,11.393097162246704,0.021920442581176758
514,9.308189392089844,,11.41559362411499,0.022496461868286133
515,9.35863208770752,,11.438642024993896,0.01973104476928711
516,9.324484825134277,,11.45971393585205,0.021071910858154297
517,9.332602500915527,,11.481599807739258,0.02188587188720703
518,9.274462699890137,,11.503622055053711,0.022022247314453125
519,9.31673812866211,,11.525610208511353,0.0219881534576416
520,9.317209243774414,,11.548986196517944,0.019954204559326172
521,9.290650367736816,,11.56959319114685,0.02060699462890625
522,9.280435562133789,,11.59247899055481,0.022885799407958984
523,9.248228073120117,,11.614226818084717,0.021747827529907227
524,9.227198600769043,,11.635579347610474,0.021352529525756836
525,9.206478118896484,,11.657591819763184,0.01739025115966797
526,9.226030349731445,,11.67952299118042,0.021931171417236328
527,9.236428260803223,,11.703280448913574,0.023757457733154297
528,9.217538833618164,,11.725050210952759,0.02176976203918457
529,9.196011543273926,,11.74556016921997,0.020509958267211914
530,9.225341796875,,11.769238471984863,0.01798725128173828
531,9.205339431762695,,11.789443016052246,0.020204544067382812
532,9.160100936889648,,11.811564445495605,0.022121429443359375
533,9.130758285522461,,11.834635972976685,0.01990222930908203
534,9.086499214172363,,11.855784177780151,0.021148204803466797
535,9.123002052307129,,11.877802848815918,0.0220186710357666
536,9.127435684204102,,11.899698495864868,0.021895647048950195
537,9.108141899108887,,11.921610355377197,0.0219118595123291
538,9.158794403076172,,11.944369554519653,0.019278287887573242
539,9.056660652160645,,11.965791702270508,0.021422147750854492
540,9.099543571472168,,11.98870062828064,0.022908926010131836
541,9.095479965209961,,12.010773420333862,0.022072792053222656
542,9.089359283447266,,12.03150987625122,0.0207364559173584
543,9.077539443969727,,12.054434776306152,0.0177004337310791
544,9.01150894165039,,12.075499773025513,0.02106499671936035
545,9.034128189086914,,12.097443342208862,0.02194356918334961
546,9.012248992919922,,12.119294881820679,0.019171476364135742
547,8.981973648071289,,12.141398668289185,0.02210378646850586
548,8.98040771484375,,12.164894819259644,0.017933130264282227
549,8.999753952026367,,12.185314893722534,0.020420074462890625
550,8.94445514678955,,12.207358837127686,0.022043943405151367
551,8.945246696472168,,12.230255842208862,0.019716501235961914
552,8.976436614990234,,12.251296758651733,0.021040916442871094
553,8.964603424072266,,12.273252725601196,0.02195596694946289
554,8.95458698272705,,12.29517412185669,0.021921396255493164
555,8.955084800720215,,12.317163467407227,0.02198934555053711
556,8.95152759552002,,12.340604066848755,0.019985675811767578
557,8.911798477172852,,12.361258506774902,0.02065443992614746
558,8.876335144042969,,12.384180307388306,0.02292180061340332
559,8.940181732177734,,12.399866580963135,0.0156862735748291
560,8.905436515808105,,12.415675640106201,0.015809059143066406
561,8.883621215820312,,12.447370290756226,0.015834808349609375
562,8.896063804626465,,12.470965385437012,0.023595094680786133
563,8.854930877685547,,12.495103120803833,0.02413773536682129
564,8.807881355285645,,12.516965389251709,0.021862268447875977
565,8.824300765991211,,12.537035942077637,0.016322851181030273
566,8.821494102478027,,12.560469627380371,0.01806020736694336
567,8.82807731628418,,12.580875635147095,0.020406007766723633
568,8.806129455566406,,12.603008508682251,0.02213287353515625
569,8.79547119140625,,12.625059843063354,0.01922440528869629
570,8.810136795043945,,12.647008419036865,0.021948575973510742
571,8.758442878723145,,12.670856952667236,0.01801276206970215
572,8.773099899291992,,12.690999269485474,0.020142316818237305
573,8.749815940856934,,12.71314787864685,0.022148609161376953
574,8.796873092651367,,12.736046552658081,0.020116806030273438
575,8.752901077270508,,12.757177591323853,0.021131038665771484
576,8.783252716064453,,12.779172420501709,0.01567983627319336
577,8.693951606750488,,12.795135259628296,0.015962839126586914
578,8.73211669921875,,12.82677412033081,0.0158388614654541
579,8.692652702331543,,12.842445135116577,0.0156710147857666
580,8.731311798095703,,12.858407497406006,0.01596236228942871
581,8.668217658996582,,12.890252828598022,0.015928983688354492
582,8.725212097167969,,12.906092882156372,0.01584005355834961
583,8.695807456970215,,12.937834739685059,0.03174185752868652
584,8.665031433105469,,12.953523635864258,0.01568889617919922
585,8.674086570739746,,12.980802059173584,0.027278423309326172
586,8.644043922424316,,13.002875804901123,0.017392873764038086
587,8.610506057739258,,13.0250883102417,0.022212505340576172
588,8.590648651123047,,13.048685073852539,0.023596763610839844
589,8.605864524841309,,13.07049822807312,0.021813154220581055
590,8.582022666931152,,13.091092824935913,0.02059459686279297
591,8.602594375610352,,13.114052534103394,0.017755746841430664
592,8.599170684814453,,13.134950876235962,0.02089834213256836
593,8.63155746459961,,13.156853437423706,0.02190256118774414
594,8.550897598266602,,13.17942190170288,0.019867897033691406
595,8.548286437988281,,13.201339721679688,0.02191781997680664
596,8.585468292236328,,13.222961902618408,0.01593160629272461
597,8.573627471923828,,13.245139837265015,0.022177934646606445
598,8.557318687438965,,13.267113447189331,0.021973609924316406
599,8.536417961120605,,13.290242195129395,0.01968836784362793
600,8.516709327697754,0.7372827172279358,13.314203262329102,0.02396106719970703
601,8.46622085571289,,13.33731722831726,0.019668102264404297
602,8.476482391357422,,13.35839319229126,0.021075963973999023
603,8.510221481323242,,13.380286931991577,0.021893739700317383
604,8.519645690917969,,13.402287721633911,0.022000789642333984
605,8.47343635559082,,13.424200296401978,0.021912574768066406
606,8.47134780883789,,13.44779372215271,0.019914865493774414
607,8.481315612792969,,13.468072652816772,0.0202789306640625
608,8.44191837310791,,13.491691827774048,0.02361917495727539
609,8.503594398498535,,13.512718915939331,0.021027088165283203
610,8.413333892822266,,13.5343177318573,0.02159881591796875
611,8.449377059936523,,13.556292295455933,0.0171661376953125
612,8.472095489501953,,13.57820749282837,0.021915197372436523
613,8.465568542480469,,13.601917266845703,0.023709774017333984
614,8.421358108520508,,13.62358021736145,0.02166295051574707
615,8.429229736328125,,13.644009828567505,0.020429611206054688
616,8.419445037841797,,13.666913270950317,0.01770615577697754
617,8.414019584655762,,13.68783450126648,0.02092123031616211
618,8.420574188232422,,13.709684133529663,0.021849632263183594
619,8.371427536010742,,13.732025861740112,0.019699811935424805
620,8.396382331848145,,13.753713846206665,0.021687984466552734
621,8.338136672973633,,13.775834798812866,0.01588296890258789
622,8.356731414794922,,13.797732591629028,0.02189779281616211
623,8.365948677062988,,13.819700717926025,0.02196812629699707
624,8.344303131103516,,13.843159198760986,0.020020723342895508
625,8.352561950683594,,13.863678693771362,0.020519495010375977
626,8.324429512023926,,13.8868248462677,0.02314615249633789
627,8.340524673461914,,13.908498287200928,0.02167344093322754
628,8.328374862670898,,13.92993950843811,0.021441221237182617
629,8.302870750427246,,13.951958179473877,0.01784682273864746
630,8.24126148223877,,13.974079132080078,0.022120952606201172
631,8.29213809967041,,13.99757432937622,0.023495197296142578
632,8.249558448791504,,14.019418001174927,0.021843671798706055
633,8.29454517364502,,14.04050087928772,0.02108287811279297
634,8.281343460083008,,14.06238341331482,0.01715087890625
635,8.200254440307617,,14.08454155921936,0.022158145904541016
636,8.254849433898926,,14.108080387115479,0.023538827896118164
637,8.239830017089844,,14.132794857025146,0.02471446990966797
638,8.21861743927002,,14.15481972694397,0.022024869918823242
639,8.205277442932129,,14.176735877990723,0.02191615104675293
640,8.281709671020508,,14.198696613311768,0.021960735321044922
641,8.17098617553711,,14.221830606460571,0.019677400588989258
642,8.2266845703125,,14.242820739746094,0.02099013328552246
643,8.195049285888672,,14.264709234237671,0.02188849449157715
644,8.186201095581055,,14.286606073379517,0.021896839141845703
645,8.1658353805542,,14.297393798828125,0.010787725448608398
646,8.159602165222168,,14.328298330307007,0.016055583953857422
647,8.103608131408691,,14.34397578239441,0.015677452087402344
648,8.10951042175293,,14.375930547714233,0.03195476531982422
649,8.159063339233398,,14.39193081855774,0.01600027084350586
650,8.136679649353027,,14.4076087474823,0.015677928924560547
651,8.098150253295898,,14.43921971321106,0.015971660614013672
652,8.158782958984375,,14.464052677154541,0.024832963943481445
653,8.123113632202148,,14.48770785331726,0.023655176162719727
654,8.066871643066406,,14.501217126846313,0.009761333465576172
655,8.074272155761719,,14.523337125778198,0.009762048721313477
656,8.110973358154297,,14.549152135848999,0.013931035995483398
657,8.035831451416016,,14.567065954208374,0.009520530700683594
658,8.073054313659668,,14.596847295761108,0.017199277877807617
659,8.108741760253906,,14.61273980140686,0.011024236679077148
660,8.067869186401367,,14.632505655288696,0.009020090103149414
661,8.039237976074219,,14.66132402420044,0.014940977096557617
662,8.0687255859375,,14.676127433776855,0.008761167526245117
663,8.061574935913086,,14.707775831222534,0.017944812774658203
664,8.03127384185791,,14.723528385162354,0.015752553939819336
665,7.989667892456055,,14.755001544952393,0.03147315979003906
666,7.971480846405029,,14.770926475524902,0.015924930572509766
667,7.950186252593994,,14.786772727966309,0.01584625244140625
668,8.042081832885742,,14.818442821502686,0.01584911346435547
669,8.020895004272461,,14.834213018417358,0.01577019691467285
670,7.972341537475586,,14.866166114807129,0.03195309638977051
671,7.981905937194824,,14.882171630859375,0.014823198318481445
672,7.936708450317383,,14.897863626480103,0.01569199562072754
673,7.95196533203125,,14.929548740386963,0.015853166580200195
674,8.022655487060547,,14.945455074310303,0.015906333923339844
675,7.972885608673096,,14.961137533187866,0.015682458877563477
676,7.918209075927734,,14.992711067199707,0.015799522399902344
677,7.904850959777832,,15.00836968421936,0.01565861701965332
678,7.938377857208252,,15.040563344955444,0.032193660736083984
679,7.927975654602051,,15.056249618530273,0.0156862735748291
680,7.937600135803223,,15.072337865829468,0.016088247299194336
681,7.93623161315918,,15.103769779205322,0.015646696090698242
682,7.897873878479004,,15.119437456130981,0.01566767692565918
683,7.888831615447998,,15.135316848754883,0.015879392623901367
684,7.929908752441406,,15.16708779335022,0.015649795532226562
685,7.894896507263184,,15.182749271392822,0.01566147804260254
686,7.88215970993042,,15.21455430984497,0.016039133071899414
687,7.87369966506958,,15.230492115020752,0.01593780517578125
688,7.8537702560424805,,15.246150732040405,0.01565861701965332
689,7.880220413208008,,15.277894973754883,0.01576375961303711
690,7.848446846008301,,15.29400086402893,0.01610589027404785
691,7.877435684204102,,15.325977563858032,0.03197669982910156
692,7.800067901611328,,15.341909408569336,0.01593184471130371
693,7.877494812011719,,15.357690811157227,0.015781402587890625
694,7.801687240600586,,15.389185667037964,0.01440286636352539
695,7.801914691925049,,15.405247926712036,0.016062259674072266
696,7.808029651641846,,15.421064138412476,0.015816211700439453
697,7.7891950607299805,,15.453090906143188,0.015981435775756836
698,7.820287227630615,,15.46872353553772,0.01563262939453125
699,7.810554504394531,,15.500473976135254,0.01596522331237793
700,7.804782390594482,0.785338294506073,15.516542673110962,0.016068696975708008
701,7.785254955291748,,15.548047304153442,0.03150463104248047
702,7.765311241149902,,15.564010858535767,0.01596355438232422
703,7.812116622924805,,15.58115553855896,0.01714468002319336
704,7.724080562591553,,15.611719608306885,0.01594400405883789
705,7.750884532928467,,15.62736201286316,0.015642404556274414
706,7.758622646331787,,15.659263372421265,0.03190135955810547
707,7.77237606048584,,15.674985885620117,0.01572251319885254
708,7.728524208068848,,15.690729141235352,0.015743255615234375
709,7.7190165519714355,,15.722428560256958,0.016034364700317383
710,7.722309112548828,,15.738324880599976,0.015896320343017578
711,7.746097564697266,,15.754128217697144,0.01580333709716797
712,7.697976112365723,,15.786242008209229,0.016118288040161133
713,7.729269027709961,,15.801934957504272,0.015692949295043945
714,7.698263168334961,,15.833675146102905,0.03174018859863281
715,7.693460941314697,,15.849599361419678,0.01592421531677246
716,7.740235328674316,,15.865389108657837,0.01578974723815918
717,7.682613849639893,,15.897120714187622,0.016014575958251953
718,7.675950050354004,,15.91277551651001,0.015654802322387695
719,7.694326877593994,,15.9442138671875,0.031438350677490234
720,7.640800476074219,,15.959944248199463,0.01573038101196289
721,7.655525207519531,,15.975807189941406,0.01586294174194336
722,7.65821647644043,,16.007782220840454,0.01583409309387207
723,7.677862167358398,,16.02505087852478,0.017268657684326172
724,7.627773761749268,,16.039555311203003,0.014504432678222656
725,7.629157066345215,,16.07117223739624,0.015928268432617188
726,7.633564472198486,,16.08686900138855,0.01569676399230957
727,7.614699363708496,,16.11865234375,0.015903234481811523
728,7.632354736328125,,16.134564638137817,0.015912294387817383
729,7.620862007141113,,16.15028214454651,0.015717506408691406
730,7.596226692199707,,16.181973218917847,0.0159454345703125
731,7.650021553039551,,16.19765543937683,0.015682220458984375
732,7.609554290771484,,16.230550527572632,0.03289508819580078
733,7.622926712036133,,16.24540901184082,0.014858484268188477
734,7.565402984619141,,16.261054277420044,0.015645265579223633
735,7.606505870819092,,16.292771577835083,0.015967845916748047
736,7.575282573699951,,16.308418035507202,0.01564645767211914
737,7.60291051864624,,16.340378522872925,0.031960487365722656
738,7.550813674926758,,16.356403589248657,0.016025066375732422
739,7.603217124938965,,16.37209439277649,0.01569080352783203
740,7.568364143371582,,16.40411949157715,0.01600337028503418
741,7.56769323348999,,16.42019248008728,0.016072988510131836
742,7.572010040283203,,16.435867071151733,0.015674591064453125
743,7.526601314544678,,16.467743396759033,0.0160062313079834
744,7.477776050567627,,16.4838285446167,0.016085147857666016
745,7.522928237915039,,16.52157711982727,0.03774857521057129
746,7.508449077606201,,16.549129962921143,0.025547266006469727
747,7.522938251495361,,16.574928998947144,0.02379441261291504
748,7.517230987548828,,16.59480094909668,0.017867326736450195
749,7.551889896392822,,16.610507249832153,0.015706300735473633
750,7.497053623199463,,16.626436471939087,0.015929222106933594
751,7.470949649810791,,16.65798807144165,0.015639066696166992
752,7.42917537689209,,16.673622846603394,0.015634775161743164
753,7.465487480163574,,16.705595016479492,0.015924453735351562
754,7.44285774230957,,16.7216157913208,0.016020774841308594
755,7.445911884307861,,16.7373104095459,0.015694618225097656
756,7.432077884674072,,16.76891589164734,0.015819072723388672
757,7.460543155670166,,16.784607410430908,0.015691518783569336
758,7.465576648712158,,16.816482305526733,0.031874895095825195
759,7.439370155334473,,16.832517623901367,0.01603531837463379
760,7.479644775390625,,16.848162412643433,0.01564478874206543
761,7.438249111175537,,16.87970733642578,0.015825510025024414
762,7.4408488273620605,,16.895392179489136,0.015684843063354492
763,7.427832126617432,,16.927115201950073,0.0317230224609375
764,7.396761894226074,,16.943148136138916,0.016032934188842773
765,7.382499694824219,,16.958984851837158,0.015836715698242188
766,7.445339202880859,,16.99068832397461,0.015655517578125
767,7.387020111083984,,17.006613731384277,0.01592540740966797
768,7.380277633666992,,17.022273302078247,0.015659570693969727
769,7.387363910675049,,17.053934812545776,0.015802383422851562
770,7.354950904846191,,17.06956911087036,0.01563429832458496
771,7.389255523681641,,17.101496934890747,0.015940427780151367
772,7.368030071258545,,17.117459058761597,0.01596212387084961
773,7.354881286621094,,17.133094549179077,0.01563549041748047
774,7.359910011291504,,17.164869785308838,0.015959978103637695
775,7.356764793395996,,17.180928707122803,0.016058921813964844
776,7.351635456085205,,17.212453365325928,0.031524658203125
777,7.355057239532471,,17.228467226028442,0.01601386070251465
778,7.320112705230713,,17.244568586349487,0.016101360321044922
779,7.302926063537598,,17.276554584503174,0.016082286834716797
780,7.345743179321289,,17.292534589767456,0.015980005264282227
781,7.312187194824219,,17.30859112739563,0.016056537628173828
782,7.316904544830322,,17.34048581123352,0.015894651412963867
783,7.312573432922363,,17.356127500534058,0.01564168930053711
784,7.3250226974487305,,17.387946605682373,0.015726089477539062
785,7.2983808517456055,,17.40973711013794,0.021790504455566406
786,7.2934699058532715,,17.419622659683228,0.009885549545288086
787,7.290214538574219,,17.45133399963379,0.015737056732177734
788,7.231672763824463,,17.46701431274414,0.015680313110351562
789,7.291932106018066,,17.498973608016968,0.016108989715576172
790,7.275966167449951,,17.514938354492188,0.015964746475219727
791,7.264159202575684,,17.530709981918335,0.01577162742614746
792,7.238425254821777,,17.562243461608887,0.015656232833862305
793,7.281818389892578,,17.577951669692993,0.015708208084106445
794,7.2009758949279785,,17.609553813934326,0.03160214424133301
795,7.228544235229492,,17.625502586364746,0.015948772430419922
796,7.270327568054199,,17.641191959381104,0.015689373016357422
797,7.2004594802856445,,17.672910690307617,0.015822172164916992
798,7.2440080642700195,,17.688788175582886,0.015877485275268555
799,7.221121311187744,,17.704540252685547,0.015752077102661133
800,7.21480131149292,0.801118791103363,17.73632526397705,0.015659809112548828
801,7.224547386169434,,17.751955032348633,0.01562976837158203
802,7.185636043548584,,17.783802032470703,0.0159761905670166
803,7.19014310836792,,17.799938678741455,0.016136646270751953
804,7.2003068923950195,,17.8316912651062,0.031752586364746094
805,7.202197074890137,,17.847490787506104,0.015799522399902344
806,7.183541774749756,,17.863155603408813,0.01566481590270996
807,7.15629768371582,,17.894978523254395,0.01588296890258789
808,7.168447017669678,,17.910608291625977,0.01562976837158203
809,7.15180778503418,,17.94221544265747,0.03160715103149414
810,7.120189189910889,,17.958161115646362,0.0159456729888916
811,7.150121688842773,,17.973905563354492,0.015744447708129883
812,7.137442588806152,,18.00714349746704,0.01723647117614746
813,7.130551815032959,,18.021947383880615,0.014803886413574219
814,7.170406341552734,,18.037623643875122,0.015676259994506836
815,7.18839693069458,,18.069175958633423,0.015814542770385742
816,7.149991989135742,,18.084951639175415,0.015775680541992188
817,7.1131439208984375,,18.116708040237427,0.015984773635864258
818,7.141313552856445,,18.132466077804565,0.015758037567138672
819,7.110936164855957,,18.14812397956848,0.015657901763916016
820,7.139745712280273,,18.18000102043152,0.016010522842407227
821,7.073032379150391,,18.19583249092102,0.015831470489501953
822,7.101710319519043,,18.22757387161255,0.01584625244140625
823,7.102418899536133,,18.243515968322754,0.015942096710205078
824,7.106555461883545,,18.259565830230713,0.016049861907958984
825,7.0809173583984375,,18.291540384292603,0.016123056411743164
826,7.132614612579346,,18.307262420654297,0.015722036361694336
827,7.060351848602295,,18.32448410987854,0.017221689224243164
828,7.030239582061768,,18.35493803024292,0.015883207321166992
829,7.0839104652404785,,18.370626211166382,0.015688180923461914
830,7.052701950073242,,18.40230631828308,0.0157315731048584
831,7.0676116943359375,,18.418264627456665,0.015958309173583984
832,7.050891876220703,,18.433997631072998,0.015733003616333008
833,7.072786808013916,,18.466083765029907,0.01595783233642578
834,7.020212650299072,,18.482199907302856,0.01611614227294922
835,7.0434417724609375,,18.513669729232788,0.03146982192993164
836,7.035586833953857,,18.529638290405273,0.01596856117248535
837,7.075604438781738,,18.54531979560852,0.01568150520324707
838,6.995157718658447,,18.576959371566772,0.015851259231567383
839,7.045812129974365,,18.59306311607361,0.016103744506835938
840,7.002072334289551,,18.60882592201233,0.015762805938720703
841,6.999407768249512,,18.640618562698364,0.015800952911376953
842,6.978262901306152,,18.656261682510376,0.01564311981201172
843,6.976951599121094,,18.68785333633423,0.015748262405395508
844,7.002561569213867,,18.70392394065857,0.01607060432434082
845,6.978006362915039,,18.719619035720825,0.01569509506225586
846,7.0096917152404785,,18.75243639945984,0.017002582550048828
847,6.978415012359619,,18.767049312591553,0.014612913131713867
848,6.986950874328613,,18.798866033554077,0.031816720962524414
849,6.963062286376953,,18.814677953720093,0.015811920166015625
850,6.9846038818359375,,18.830483198165894,0.01580524444580078
851,6.984611511230469,,18.8624849319458,0.016125202178955078
852,6.940207481384277,,18.878221035003662,0.015736103057861328
853,6.969479084014893,,18.894027709960938,0.01580667495727539
854,6.931930065155029,,18.92578959465027,0.015743494033813477
855,6.967480182647705,,18.941450357437134,0.015660762786865234
856,6.899423122406006,,18.973427057266235,0.015850067138671875
857,6.966584205627441,,18.989421129226685,0.01599407196044922
858,6.954403877258301,,19.005130767822266,0.015709638595581055
859,6.881991386413574,,19.03674626350403,0.015844106674194336
860,6.939029693603516,,19.052855730056763,0.016109466552734375
861,6.939903259277344,,19.08456587791443,0.031710147857666016
862,6.87870979309082,,19.101701736450195,0.0171358585357666
863,6.875710487365723,,19.116409063339233,0.014707326889038086
864,6.9009857177734375,,19.148059606552124,0.015753984451293945
865,6.903408050537109,,19.164202213287354,0.016142606735229492
866,6.873219966888428,,19.180105924606323,0.015903711318969727
867,6.873708724975586,,19.211796283721924,0.015812397003173828
868,6.882140159606934,,19.227430820465088,0.015634536743164062
869,6.826367378234863,,19.259358644485474,0.015828609466552734
870,6.856270790100098,,19.27529215812683,0.015933513641357422
871,6.8669657707214355,,19.291043043136597,0.015750885009765625
872,6.873089790344238,,19.322948932647705,0.014614105224609375
873,6.856919288635254,,19.33866047859192,0.015711545944213867
874,6.851478576660156,,19.37038540840149,0.03172492980957031
875,6.861866474151611,,19.386098861694336,0.01571345329284668
876,6.884289741516113,,19.40173649787903,0.015637636184692383
877,6.809372901916504,,19.43342351913452,0.015749692916870117
878,6.844598770141602,,19.449369430541992,0.015945911407470703
879,6.80479097366333,,19.46520185470581,0.01583242416381836
880,6.834674835205078,,19.497377634048462,0.01604747772216797
881,6.820406913757324,,19.5130136013031,0.015635967254638672
882,6.823510646820068,,19.544962167739868,0.03194856643676758
883,6.843059539794922,,19.5608172416687,0.015855073928833008
884,6.844861030578613,,19.576915979385376,0.016098737716674805
885,6.775410175323486,,19.608622550964355,0.015746593475341797
886,6.805819511413574,,19.624433040618896,0.015810489654541016
887,6.774832248687744,,19.65603232383728,0.03159928321838379
888,6.822024345397949,,19.671968460083008,0.01593613624572754
889,6.818305969238281,,19.68761944770813,0.01565098762512207
890,6.786093711853027,,19.71933650970459,0.015910625457763672
891,6.7823333740234375,,19.73534607887268,0.01600956916809082
892,6.771670341491699,,19.751017808914185,0.015671730041503906
893,6.764354705810547,,19.78275465965271,0.015981197357177734
894,6.804821014404297,,19.79887628555298,0.016121625900268555
895,6.779256820678711,,19.830687284469604,0.03181099891662598
896,6.742919921875,,19.846630096435547,0.015942811965942383
897,6.75494384765625,,19.862498998641968,0.0158689022064209
898,6.750178337097168,,19.894001483917236,0.01574230194091797
899,6.757549285888672,,19.910074710845947,0.016073226928710938
900,6.734902381896973,0.8303551197052002,19.941643238067627,0.03156852722167969
901,6.718918800354004,,19.957756280899048,0.0161130428314209
902,6.732334136962891,,19.97347092628479,0.015714645385742188
903,6.724649429321289,,20.005080223083496,0.015907764434814453
904,6.720146179199219,,20.020713567733765,0.015633344650268555
905,6.754075050354004,,20.05223774909973,0.0315241813659668
906,6.731967926025391,,20.067925691604614,0.015687942504882812
907,6.743383407592773,,20.083571434020996,0.015645742416381836
908,6.713412761688232,,20.116576433181763,0.017024993896484375
909,6.701022148132324,,20.1313955783844,0.014819145202636719
910,6.690018653869629,,20.163026571273804,0.0316309928894043
911,6.68481969833374,,20.178970098495483,0.015943527221679688
912,6.693423271179199,,20.210541248321533,0.031571149826049805
913,6.637594223022461,,20.22633647918701,0.015795230865478516
914,6.703917503356934,,20.25848126411438,0.032144784927368164
915,6.7118144035339355,,20.274029970169067,0.011800527572631836
916,6.684062480926514,,20.293865442276,0.009762287139892578
917,6.665013313293457,,20.322940349578857,0.017221450805664062
918,6.615448951721191,,20.337724447250366,0.009762048721313477
919,6.660724639892578,,20.36664628982544,0.016591310501098633
920,6.672553062438965,,20.38959050178528,0.019800901412963867
921,6.641454696655273,,20.41068387031555,0.021093368530273438
922,6.670617580413818,,20.432563543319702,0.015290260314941406
923,6.68012809753418,,20.45455265045166,0.021989107131958008
924,6.656200408935547,,20.476467609405518,0.021914958953857422
925,6.5706987380981445,,20.49982190132141,0.019924163818359375
926,6.635807037353516,,20.521022081375122,0.021200180053710938
927,6.603708267211914,,20.54305911064148,0.015299320220947266
928,6.661693572998047,,20.56495189666748,0.021892786026000977
929,6.6162495613098145,,20.587017059326172,0.022065162658691406
930,6.610177993774414,,20.610357761383057,0.01884317398071289
931,6.613456726074219,,20.63100290298462,0.0206451416015625
932,6.600759983062744,,20.65314483642578,0.02214193344116211
933,6.629875659942627,,20.67515730857849,0.02201247215270996
934,6.599065780639648,,20.69710111618042,0.02194380760192871
935,6.604571342468262,,20.72062039375305,0.02000737190246582
936,6.611849784851074,,20.741073608398438,0.020453214645385742
937,6.568748474121094,,20.764267683029175,0.023194074630737305
938,6.587475299835205,,20.78600788116455,0.021740198135375977
939,6.543489456176758,,20.80738401412964,0.02137613296508789
940,6.572361946105957,,20.829245805740356,0.017220258712768555
941,6.5656867027282715,,20.85119915008545,0.021953344345092773
942,6.603741645812988,,20.874891757965088,0.023692607879638672
943,6.559493064880371,,20.89664053916931,0.021748781204223633
944,6.609643459320068,,20.917049407958984,0.02040886878967285
945,6.5596489906311035,,20.938764095306396,0.01604914665222168
946,6.511059761047363,,20.961060523986816,0.022296428680419922
947,6.54917049407959,,20.982982397079468,0.021921873092651367
948,6.557623863220215,,21.006393432617188,0.020035505294799805
949,6.500249862670898,,21.02730107307434,0.02090764045715332
950,6.53584098815918,,21.0492000579834,0.015297412872314453
951,6.543135643005371,,21.07121706008911,0.02201700210571289
952,6.535737037658691,,21.093138933181763,0.021921873092651367
953,6.52498722076416,,21.11575698852539,0.019173145294189453
954,6.507034778594971,,21.137062549591064,0.021305561065673828
955,6.526956081390381,,21.16007661819458,0.023014068603515625
956,6.484552383422852,,21.181753396987915,0.02167677879333496
957,6.510444641113281,,21.203158140182495,0.021404743194580078
958,6.530074119567871,,21.2250075340271,0.017221450805664062
959,6.503515243530273,,21.246958255767822,0.021950721740722656
960,6.515815258026123,,21.270659923553467,0.02370166778564453
961,6.50773286819458,,21.292313814163208,0.02165389060974121
962,6.498839855194092,,21.312838554382324,0.02052474021911621
963,6.499969482421875,,21.33580994606018,0.017778396606445312
964,6.494167804718018,,21.356669425964355,0.020859479904174805
965,6.467751979827881,,21.381017923355103,0.02434849739074707
966,6.452742576599121,,21.40080428123474,0.019786357879638672
967,6.453801155090332,,21.42314076423645,0.022336483001708984
968,6.469293117523193,,21.44473099708557,0.01592731475830078
969,6.455080032348633,,21.466960668563843,0.022229671478271484
970,6.483707427978516,,21.488895416259766,0.02193474769592285
971,6.414549827575684,,21.512614727020264,0.020136594772338867
972,6.40847110748291,,21.53347086906433,0.020856142044067383
973,6.419965744018555,,21.556434631347656,0.022963762283325195
974,6.433728218078613,,21.578176259994507,0.021741628646850586
975,6.44230318069458,,21.599373817443848,0.02119755744934082
976,6.460831642150879,,21.62121319770813,0.017211437225341797
977,6.448720932006836,,21.643413066864014,0.02219986915588379
978,6.465974807739258,,21.666385173797607,0.02297210693359375
979,6.466891288757324,,21.68812370300293,0.021738529205322266
980,6.4428324699401855,,21.709256887435913,0.0211331844329834
981,6.429595947265625,,21.731115341186523,0.017255067825317383
982,6.371552467346191,,21.75326180458069,0.02214646339416504
983,6.386979103088379,,21.777051210403442,0.023789405822753906
984,6.356223106384277,,21.79871654510498,0.021665334701538086
985,6.406766414642334,,21.81942629814148,0.020709753036499023
986,6.413149833679199,,21.842328548431396,0.01775360107421875
987,6.352856159210205,,21.863533973693848,0.021205425262451172
988,6.386575698852539,,21.885392665863037,0.021858692169189453
989,6.3665242195129395,,21.907331705093384,0.019280433654785156
990,6.418582439422607,,21.929233074188232,0.021901369094848633
991,6.36361026763916,,21.95089817047119,0.016019821166992188
992,6.373449325561523,,21.9730966091156,0.02219843864440918
993,6.363955497741699,,21.99507188796997,0.021975278854370117
994,6.340625762939453,,22.01817488670349,0.019700288772583008
995,6.388903617858887,,22.039289474487305,0.021114587783813477
996,6.303905487060547,,22.06137251853943,0.022083044052124023
997,6.2940287590026855,,22.08356547355652,0.022192955017089844
998,6.331119537353516,,22.1054949760437,0.021929502487182617
999,6.385756492614746,,22.128959894180298,0.020056724548339844
1000,6.364053726196289,0.8433289527893066,22.152173280715942,0.02321338653564453
1001,6.327418327331543,,22.174107789993286,0.01774120330810547
1002,6.33087158203125,,22.1961088180542,0.022001028060913086
1003,6.3458452224731445,,22.219810485839844,0.02370166778564453
1004,6.317719459533691,,22.24147891998291,0.021668434143066406
1005,6.309484958648682,,22.26189637184143,0.020417451858520508
1006,6.3593926429748535,,22.28479027748108,0.01773858070373535
1007,6.326669692993164,,22.305727005004883,0.02093672752380371
1008,6.312128067016602,,22.32765245437622,0.02192544937133789
1009,6.3147358894348145,,22.350032806396484,0.019719362258911133
1010,6.313941955566406,,22.371527910232544,0.02149510383605957
1011,6.320342063903809,,22.393468379974365,0.015758991241455078
1012,6.301734924316406,,22.415392637252808,0.021924257278442383
1013,6.26425313949585,,22.43750786781311,0.022115230560302734
1014,6.277191162109375,,22.460933208465576,0.019978761672973633
1015,6.293362617492676,,22.481484174728394,0.020550966262817383
1016,6.267305374145508,,22.504486083984375,0.023001909255981445
1017,6.295458793640137,,22.5288507938385,0.024364709854125977
1018,6.3005876541137695,,22.551899909973145,0.023049116134643555
1019,6.245146751403809,,22.573585510253906,0.02168560028076172
1020,6.236910820007324,,22.595146894454956,0.021561384201049805
1021,6.215693473815918,,22.616944313049316,0.01767110824584961
1022,6.258508682250977,,22.639305353164673,0.022361040115356445
1023,6.218352317810059,,22.663020849227905,0.023715496063232422
1024,6.257600784301758,,22.684695720672607,0.02167487144470215
1025,6.228740692138672,,22.705097913742065,0.020402193069458008
1026,6.227174758911133,,22.72672462463379,0.015990495681762695
1027,6.219870567321777,,22.74896764755249,0.022243022918701172
1028,6.236859321594238,,22.770980834960938,0.022013187408447266
1029,6.22311544418335,,22.79441237449646,0.020041227340698242
1030,6.219623565673828,,22.814866542816162,0.02045416831970215
1031,6.209906101226807,,22.83803629875183,0.023169755935668945
1032,6.223974227905273,,22.85970902442932,0.021672725677490234
1033,6.197127819061279,,22.881024599075317,0.021315574645996094
1034,6.2379069328308105,,22.902888536453247,0.017216205596923828
1035,6.241644382476807,,22.924853324890137,0.02196478843688965
1036,6.2061262130737305,,22.948578119277954,0.023724794387817383
1037,6.164219856262207,,22.9704430103302,0.021864891052246094
1038,6.197659969329834,,22.991029739379883,0.020586729049682617
1039,6.162253379821777,,23.014127016067505,0.017931461334228516
1040,6.185667991638184,,23.035043716430664,0.02091670036315918
1041,6.128486633300781,,23.057159662246704,0.02211594581604004
1042,6.153749465942383,,23.0794997215271,0.01971721649169922
1043,6.189339637756348,,23.10105872154236,0.02155900001525879
1044,6.1370930671691895,,23.124096155166626,0.01685023307800293
1045,6.136998176574707,,23.14499855041504,0.020902395248413086
1046,6.18608283996582,,23.166959285736084,0.021960735321044922
1047,6.142541885375977,,23.19039297103882,0.020026445388793945
1048,6.139062881469727,,23.202115058898926,0.011722087860107422
1049,6.16726016998291,,23.235894441604614,0.018045902252197266
1050,6.136435508728027,,23.258130073547363,0.022235631942749023
1051,6.159720420837402,,23.281814098358154,0.023684024810791016
1052,6.122259140014648,,23.303510665893555,0.02169656753540039
1053,6.134462833404541,,23.324095487594604,0.020584821701049805
1054,6.157115459442139,,23.34696316719055,0.017741918563842773
1055,6.128311634063721,,23.367833614349365,0.020870447158813477
1056,6.155470371246338,,23.389703512191772,0.021869897842407227
1057,6.132142066955566,,23.41311025619507,0.01999974250793457
1058,6.120878219604492,,23.433797121047974,0.020686864852905273
1059,6.110772132873535,,23.457003355026245,0.023206233978271484
1060,6.10359001159668,,23.47871994972229,0.021716594696044922
1061,6.127652168273926,,23.50000500679016,0.021285057067871094
1062,6.140275001525879,,23.524805068969727,0.0200042724609375
1063,6.1102399826049805,,23.54540252685547,0.020597457885742188
1064,6.071797847747803,,23.568601608276367,0.023199081420898438
1065,6.105411529541016,,23.59044861793518,0.021847009658813477
1066,6.118582248687744,,23.611520767211914,0.0210721492767334
1067,6.111327171325684,,23.63352084159851,0.017240285873413086
1068,6.119734287261963,,23.655582666397095,0.022061824798583984
1069,6.100890636444092,,23.679275035858154,0.02369236946105957
1070,6.081202507019043,,23.700940132141113,0.021665096282958984
1071,6.083342552185059,,23.72147488594055,0.020534753799438477
1072,6.068901062011719,,23.744585275650024,0.017939090728759766
1073,6.0474748611450195,,23.765697240829468,0.02111196517944336
1074,6.075222969055176,,23.787589073181152,0.02189183235168457
1075,6.046472549438477,,23.80996608734131,0.01970195770263672
1076,6.068333625793457,,23.831696033477783,0.02172994613647461
1077,6.013806343078613,,23.853515625,0.015664339065551758
1078,6.060309410095215,,23.875749826431274,0.022234201431274414
1079,6.010341644287109,,23.89793348312378,0.022183656692504883
1080,6.084246635437012,,23.92137336730957,0.020016193389892578
1081,6.020010948181152,,23.94184184074402,0.020468473434448242
1082,6.036366939544678,,23.964773893356323,0.022932052612304688
1083,6.034214496612549,,23.98646593093872,0.02169203758239746
1084,6.025686264038086,,24.007614850997925,0.0211489200592041
1085,6.022539138793945,,24.029537439346313,0.017238378524780273
1086,6.043763637542725,,24.051530122756958,0.02199268341064453
1087,6.027474880218506,,24.07521677017212,0.023686647415161133
1088,6.009628772735596,,24.096929788589478,0.0217130184173584
1089,6.024175643920898,,24.117429733276367,0.02049994468688965
1090,5.978790760040283,,24.140515089035034,0.017879486083984375
1091,6.009411811828613,,24.16140055656433,0.020885467529296875
1092,5.991232395172119,,24.183278560638428,0.02187800407409668
1093,6.003115653991699,,24.205596446990967,0.019661903381347656
1094,5.993605613708496,,24.227290630340576,0.021694183349609375
1095,5.952764511108398,,24.249070405960083,0.01568126678466797
1096,6.025904655456543,,24.27129340171814,0.02222299575805664
1097,6.031412124633789,,24.293211221694946,0.02191781997680664
1098,5.96126651763916,,24.316667318344116,0.020018339157104492
1099,5.977689743041992,,24.337204694747925,0.020537376403808594
1100,5.9743876457214355,0.8517157316207886,24.361944675445557,0.024739980697631836
1101,6.017096519470215,,24.383922576904297,0.021977901458740234
1102,5.923886299133301,,24.407586812973022,0.023664236068725586
1103,5.969443321228027,,24.429423093795776,0.021836280822753906
1104,5.974848747253418,,24.449994564056396,0.020571470260620117
1105,5.925514221191406,,24.472944498062134,0.017772674560546875
1106,5.951920509338379,,24.493829011917114,0.02088451385498047
1107,5.985837459564209,,24.520633697509766,0.026804685592651367
1108,5.920309543609619,,24.53714156150818,0.01450490951538086
1109,5.929443836212158,,24.568948984146118,0.03180742263793945
1110,5.942425727844238,,24.590736389160156,0.021787405014038086
1111,5.92103385925293,,24.61198902130127,0.02125263214111328
1112,5.954793930053711,,24.633976459503174,0.017231225967407227
1113,5.976244926452637,,24.656108140945435,0.022131681442260742
1114,5.934455871582031,,24.679842710494995,0.023734569549560547
1115,5.9069600105285645,,24.701555967330933,0.0217132568359375
1116,5.959996223449707,,24.72754144668579,0.0259854793548584
1117,5.911147594451904,,24.74921202659607,0.02167057991027832
1118,5.885101318359375,,24.769758462905884,0.020546436309814453
1119,5.9469099044799805,,24.79272961616516,0.017751216888427734
1120,5.9015350341796875,,24.81355905532837,0.020829439163208008
1121,5.894004821777344,,24.835445165634155,0.021886110305786133
1122,5.887310981750488,,24.857779026031494,0.01966118812561035
1123,5.907536506652832,,24.879260301589966,0.02148127555847168
1124,5.9074249267578125,,24.901115894317627,0.015725374221801758
1125,5.914462089538574,,24.923036813735962,0.02192091941833496
1126,5.932055473327637,,24.94498920440674,0.021952390670776367
1127,5.904752254486084,,24.966630220413208,0.018004655838012695
1128,5.8478684425354,,24.988938808441162,0.0223085880279541
1129,5.823503494262695,,25.012588024139404,0.023649215698242188
1130,5.900242328643799,,25.034427881240845,0.02183985710144043
1131,5.884799003601074,,25.054914712905884,0.020486831665039062
1132,5.840958118438721,,25.07778310775757,0.01770925521850586
1133,5.885860443115234,,25.09872817993164,0.020945072174072266
1134,5.826745986938477,,25.120570421218872,0.021842241287231445
1135,5.811037540435791,,25.142885446548462,0.01965022087097168
1136,5.8463311195373535,,25.16454529762268,0.02165985107421875
1137,5.848845481872559,,25.18637990951538,0.015766143798828125
1138,5.85477352142334,,25.20826005935669,0.021880149841308594
1139,5.856681823730469,,25.23014545440674,0.021885395050048828
1140,5.848326206207275,,25.25260853767395,0.01912212371826172
1141,5.8068623542785645,,25.274249792099,0.021641254425048828
1142,5.823240280151367,,25.297102212905884,0.022852420806884766
1143,5.811999320983887,,25.318761825561523,0.02165961265563965
1144,5.842824935913086,,25.339770078659058,0.02100825309753418
1145,5.814072608947754,,25.361700534820557,0.017246246337890625
1146,5.870433807373047,,25.38359260559082,0.021892070770263672
1147,5.841717720031738,,25.407298803329468,0.02370619773864746
1148,5.81392240524292,,25.428963661193848,0.021664857864379883
1149,5.775638103485107,,25.449567079544067,0.020603418350219727
1150,5.806365013122559,,25.472442388534546,0.017703771591186523
1151,5.826600074768066,,25.493433475494385,0.020991086959838867
1152,5.803215503692627,,25.51533842086792,0.021904945373535156
1153,5.823063850402832,,25.537670135498047,0.019702434539794922
1154,5.798579216003418,,25.55955719947815,0.02188706398010254
1155,5.808772087097168,,25.58143973350525,0.01579141616821289
1156,5.787039279937744,,25.60325574874878,0.021816015243530273
1157,5.780064582824707,,25.625200986862183,0.02194523811340332
1158,5.812386512756348,,25.648608684539795,0.0199429988861084
1159,5.786970138549805,,25.669206142425537,0.020597457885742188
1160,5.804307460784912,,25.69213843345642,0.02293229103088379
1161,5.790562629699707,,25.71386957168579,0.021731138229370117
1162,5.7667012214660645,,25.7352454662323,0.02137589454650879
1163,5.763409614562988,,25.75738215446472,0.017475128173828125
1164,5.7753801345825195,,25.779332637786865,0.021950483322143555
1165,5.76979923248291,,25.803075790405273,0.023743152618408203
1166,5.719693660736084,,25.8247389793396,0.021663188934326172
1167,5.810223579406738,,25.845361948013306,0.020622968673706055
1168,5.76251220703125,,25.8682222366333,0.017714500427246094
1169,5.733841896057129,,25.88915491104126,0.020932674407958984
1170,5.75776481628418,,25.911036491394043,0.021881580352783203
1171,5.775651931762695,,25.933406829833984,0.019695758819580078
1172,5.761317729949951,,25.95496106147766,0.021554231643676758
1173,5.763331413269043,,25.976877212524414,0.01577901840209961
1174,5.750832557678223,,25.998744010925293,0.021866798400878906
1175,5.765643119812012,,26.020676612854004,0.021932601928710938
1176,5.671901702880859,,26.044225931167603,0.01991415023803711
1177,5.702029705047607,,26.06480073928833,0.02057480812072754
1178,5.736584663391113,,26.08773398399353,0.022933244705200195
1179,5.744954586029053,,26.109460592269897,0.021726608276367188
1180,5.679508209228516,,26.130549430847168,0.021088838577270508
1181,5.698606491088867,,26.15243434906006,0.017245769500732422
1182,5.694789886474609,,26.174365520477295,0.021931171417236328
1183,5.701303482055664,,26.19805407524109,0.023688554763793945
1184,5.717405796051025,,26.21971893310547,0.021664857864379883
1185,5.675296783447266,,26.240108251571655,0.020389318466186523
1186,5.674984931945801,,26.262953281402588,0.01764059066772461
1187,5.715725421905518,,26.283894300460815,0.02094101905822754
1188,5.673366546630859,,26.305765390396118,0.021871089935302734
1189,5.672338962554932,,26.32767653465271,0.019242525100708008
1190,5.700773239135742,,26.349608659744263,0.021932125091552734
1191,5.671465873718262,,26.373201847076416,0.017955303192138672
1192,5.649176597595215,,26.393696784973145,0.020494937896728516
1193,5.685977935791016,,26.415670156478882,0.021973371505737305
1194,5.697256088256836,,26.43916654586792,0.02004861831665039
1195,5.6510467529296875,,26.45975399017334,0.020587444305419922
1196,5.634890556335449,,26.48281764984131,0.02306365966796875
1197,5.647181034088135,,26.50453233718872,0.02171468734741211
1198,5.6671977043151855,,26.529494762420654,0.019831418991088867
1199,5.68557071685791,,26.552913427352905,0.023418664932250977
1200,5.629534721374512,0.8568209648132324,26.578933477401733,0.026020050048828125
1201,5.69099760055542,,26.59984040260315,0.020906925201416016
1202,5.636168479919434,,26.62183380126953,0.021993398666381836
1203,5.6189799308776855,,26.644460439682007,0.01990509033203125
1204,5.620319366455078,,26.66616940498352,0.021708965301513672
1205,5.646024703979492,,26.68819570541382,0.015731096267700195
1206,5.64971923828125,,26.71019458770752,0.021998882293701172
1207,5.6274213790893555,,26.732187509536743,0.021992921829223633
1208,5.629333019256592,,26.755678176879883,0.02007460594177246
1209,5.612650394439697,,26.776552438735962,0.0208742618560791
1210,5.617488384246826,,26.79864764213562,0.015357255935668945
1211,5.631340503692627,,26.82062578201294,0.021978139877319336
1212,5.603392601013184,,26.84273648262024,0.022110700607299805
1213,5.605722427368164,,26.86620259284973,0.02006387710571289
1214,5.614092826843262,,26.88672685623169,0.020524263381958008
1215,5.6172332763671875,,26.909738779067993,0.02301192283630371
1216,5.597870826721191,,26.93146777153015,0.021728992462158203
1217,5.567104816436768,,26.95303702354431,0.021569252014160156
1218,5.618172645568848,,26.97502565383911,0.017323970794677734
1219,5.585930824279785,,26.996997117996216,0.021971464157104492
1220,5.548970699310303,,27.02088475227356,0.02388763427734375
1221,5.592275619506836,,27.04261565208435,0.021730899810791016
1222,5.583713531494141,,27.063057899475098,0.02044224739074707
1223,5.58858585357666,,27.084750652313232,0.01601696014404297
1224,5.588602542877197,,27.107016801834106,0.022266149520874023
1225,5.590341091156006,,27.12902069091797,0.022003889083862305
1226,5.598108768463135,,27.15161633491516,0.019178152084350586
1227,5.596551895141602,,27.1730740070343,0.021457672119140625
1228,5.57023811340332,,27.196110248565674,0.02303624153137207
1229,5.576601982116699,,27.21780300140381,0.021692752838134766
1230,5.5279459953308105,,27.23935055732727,0.021547555923461914
1231,5.567460060119629,,27.261192321777344,0.01725459098815918
1232,5.566291809082031,,27.283190727233887,0.02199840545654297
1233,5.555460453033447,,27.306694507598877,0.023503780364990234
1234,5.556644439697266,,27.328596830368042,0.02190232276916504
1235,5.523838996887207,,27.349292755126953,0.020695924758911133
1236,5.5958943367004395,,27.37219548225403,0.017725706100463867
1237,5.527122974395752,,27.393128871917725,0.02093338966369629
1238,5.5412492752075195,,27.415048122406006,0.02191925048828125
1239,5.556962490081787,,27.437365531921387,0.019649744033813477
1240,5.516651630401611,,27.459240913391113,0.021875381469726562
1241,5.486758232116699,,27.48278832435608,0.017902135848999023
1242,5.514704704284668,,27.503276824951172,0.020488500595092773
1243,5.508002281188965,,27.52528953552246,0.022012710571289062
1244,5.517115116119385,,27.548394441604614,0.01986408233642578
1245,5.537978172302246,,27.56947660446167,0.021082162857055664
1246,5.51505184173584,,27.591561794281006,0.015402078628540039
1247,5.522301197052002,,27.613559007644653,0.02199721336364746
1248,5.5216755867004395,,27.635618686676025,0.02205967903137207
1249,5.534674644470215,,27.65904688835144,0.02002429962158203
1250,5.4906392097473145,,27.679585933685303,0.020539045333862305
1251,5.488001823425293,,27.7024884223938,0.022902488708496094
1252,5.518355369567871,,27.724184036254883,0.021695613861083984
1253,5.523362636566162,,27.749736547470093,0.02555251121520996
1254,5.484522819519043,,27.77178454399109,0.022047996520996094
1255,5.496452331542969,,27.792837619781494,0.021053075790405273
1256,5.5047197341918945,,27.814781188964844,0.017299175262451172
1257,5.507133483886719,,27.836684465408325,0.021903276443481445
1258,5.519272804260254,,27.860450267791748,0.02376580238342285
1259,5.476938247680664,,27.882107496261597,0.021657228469848633
1260,5.476621627807617,,27.90289545059204,0.020787954330444336
1261,5.46146297454834,,27.925992250442505,0.017917871475219727
1262,5.490139961242676,,27.946985244750977,0.02099299430847168
1263,5.493841171264648,,27.96890354156494,0.021918296813964844
1264,5.490992546081543,,27.990832090377808,0.019278287887573242
1265,5.440829277038574,,28.013259410858154,0.02242732048034668
1266,5.44788932800293,,28.0350022315979,0.01608109474182129
1267,5.449623107910156,,28.057234287261963,0.0222320556640625
1268,5.483864784240723,,28.079230070114136,0.02199578285217285
1269,5.4468278884887695,,28.102680206298828,0.020066261291503906
1270,5.441504001617432,,28.12328314781189,0.020602941513061523
1271,5.444849014282227,,28.146241188049316,0.022958040237426758
1272,5.481832504272461,,28.167975187301636,0.021733999252319336
1273,5.451415061950684,,28.18922472000122,0.02124953269958496
1274,5.430453300476074,,28.211368322372437,0.017472505569458008
1275,5.440055847167969,,28.23338294029236,0.022014617919921875
1276,5.432572364807129,,28.25708842277527,0.023705482482910156
1277,5.420853137969971,,28.278742790222168,0.021654367446899414
1278,5.4038286209106445,,28.299689531326294,0.020946741104125977
1279,5.4195404052734375,,28.321612119674683,0.015923738479614258
1280,5.4281511306762695,,28.343657970428467,0.02204585075378418
1281,5.438629150390625,,28.367391109466553,0.023733139038085938
1282,5.393765449523926,,28.389371156692505,0.02198004722595215
1283,5.397819519042969,,28.409711122512817,0.0203399658203125
1284,5.4316606521606445,,28.431407690048218,0.016021728515625
1285,5.381222724914551,,28.453783988952637,0.022376298904418945
1286,5.412334442138672,,28.475796937942505,0.022012948989868164
1287,5.44080924987793,,28.49926495552063,0.020034074783325195
1288,5.376625061035156,,28.520079612731934,0.02081465721130371
1289,5.4096269607543945,,28.542081356048584,0.015320062637329102
1290,5.348501205444336,,28.564353227615356,0.02227187156677246
1291,5.360530853271484,,28.586300373077393,0.021947145462036133
1292,5.39618444442749,,28.6097891330719,0.020092487335205078
1293,5.360237121582031,,28.63033151626587,0.020542383193969727
1294,5.40185546875,,28.653475284576416,0.023143768310546875
1295,5.3724775314331055,,28.67522096633911,0.021745681762695312
1296,5.367406368255615,,28.696444988250732,0.021224021911621094
1297,5.3599348068237305,,28.718353748321533,0.01726078987121582
1298,5.41727876663208,,28.740416526794434,0.02206277847290039
1299,5.3662214279174805,,28.76414203643799,0.023725509643554688
1300,5.402680397033691,0.8743934988975525,28.78725242614746,0.023110389709472656
1301,5.367559909820557,,28.80923819541931,0.021985769271850586
1302,5.383847236633301,,28.83156132698059,0.01965188980102539
1303,5.349048614501953,,28.85314440727234,0.021583080291748047
1304,5.34375,,28.87501311302185,0.015680551528930664
1305,5.347307205200195,,28.89721918106079,0.02220606803894043
1306,5.344482898712158,,28.91917133331299,0.021952152252197266
1307,5.3312883377075195,,28.94231915473938,0.019705533981323242
1308,5.362865447998047,,28.96336603164673,0.021046876907348633
1309,5.3286590576171875,,28.98550510406494,0.02213907241821289
1310,5.335021495819092,,29.00743007659912,0.021924972534179688
1311,5.324564456939697,,29.029671907424927,0.022241830825805664
1312,5.306464195251465,,29.052765607833862,0.019711732864379883
1313,5.332306861877441,,29.07382082939148,0.021055221557617188
1314,5.323655128479004,,29.095749139785767,0.02192831039428711
1315,5.304057598114014,,29.117775201797485,0.02202606201171875
1316,5.317934513092041,,29.13973593711853,0.021960735321044922
1317,5.3166117668151855,,29.16310143470764,0.02001190185546875
1318,5.290270805358887,,29.18380856513977,0.020707130432128906
1319,5.30601692199707,,29.205751180648804,0.015287160873413086
1320,5.292583465576172,,29.22760248184204,0.021851301193237305
1321,5.329017639160156,,29.24954843521118,0.021945953369140625
1322,5.295536041259766,,29.271113395690918,0.01795482635498047
1323,5.316364288330078,,29.29328417778015,0.0221707820892334
1324,5.340846061706543,,29.31693458557129,0.023650407791137695
1325,5.28681755065918,,29.33859944343567,0.021664857864379883
1326,5.327329635620117,,29.359189987182617,0.020590543746948242
1327,5.271631240844727,,29.382272720336914,0.017915725708007812
1328,5.261552810668945,,29.403347969055176,0.02107524871826172
1329,5.290111064910889,,29.425249099731445,0.02190113067626953
1330,5.265846252441406,,29.447094917297363,0.01923847198486328
1331,5.299825668334961,,29.469042539596558,0.021947622299194336
1332,5.249940872192383,,29.490822315216064,0.016129016876220703
1333,5.26538610458374,,29.513028383255005,0.02220606803894043
1334,5.288656711578369,,29.534960508346558,0.021932125091552734
1335,5.276696681976318,,29.55842089653015,0.019987821578979492
1336,5.2923970222473145,,29.579077005386353,0.020656108856201172
1337,5.287519454956055,,29.602155685424805,0.02307868003845215
1338,5.2936553955078125,,29.623827934265137,0.02167224884033203
1339,5.256030082702637,,29.644960403442383,0.021132469177246094
1340,5.265244960784912,,29.666849374771118,0.017175912857055664
1341,5.2793097496032715,,29.688732385635376,0.021883010864257812
1342,5.292793273925781,,29.712393522262573,0.023661136627197266
1343,5.266483306884766,,29.734065532684326,0.02167201042175293
1344,5.2768049240112305,,29.75449538230896,0.02042984962463379
1345,5.242556095123291,,29.7775719165802,0.01794886589050293
1346,5.234216690063477,,29.798632621765137,0.021060705184936523
1347,5.253259658813477,,29.820555925369263,0.021923303604125977
1348,5.243484973907471,,29.842418909072876,0.019266366958618164
1349,5.237154483795166,,29.864476919174194,0.02205801010131836
1350,5.248946666717529,,29.886091709136963,0.01598072052001953
1351,5.25151252746582,,29.90828013420105,0.022188425064086914
1352,5.2129716873168945,,29.930319786071777,0.02203965187072754
1353,5.233645915985107,,29.953721046447754,0.020041942596435547
1354,5.2149481773376465,,29.97412133216858,0.020400285720825195
1355,5.200164318084717,,29.997275829315186,0.023154497146606445
1356,5.185575008392334,,30.019010305404663,0.02173447608947754
1357,5.205904960632324,,30.040310859680176,0.021300554275512695
1358,5.158095359802246,,30.06238293647766,0.017369508743286133
1359,5.205896377563477,,30.084325313568115,0.0219423770904541
1360,5.250443458557129,,30.108031749725342,0.023706436157226562
1361,5.228882789611816,,30.129745483398438,0.021713733673095703
1362,5.217589855194092,,30.15014338493347,0.02039790153503418
1363,5.191047668457031,,30.171775579452515,0.01596355438232422
1364,5.183100700378418,,30.193923950195312,0.02214837074279785
1365,5.225500106811523,,30.215904712677002,0.021980762481689453
1366,5.210986137390137,,30.239283084869385,0.020012855529785156
1367,5.190371513366699,,30.25981569290161,0.020532608032226562
1368,5.212092399597168,,30.282701015472412,0.02288532257080078
1369,5.204622268676758,,30.30438542366028,0.02168440818786621
1370,5.186334609985352,,30.32548189163208,0.021096467971801758
1371,5.1406354904174805,,30.34754252433777,0.017420053482055664
1372,5.20789909362793,,30.369430780410767,0.021888256072998047
1373,5.167987823486328,,30.392927885055542,0.02349710464477539
1374,5.129197597503662,,30.414788484573364,0.020534276962280273
1375,5.194355010986328,,30.435391426086426,0.020602941513061523
1376,5.192465782165527,,30.458265781402588,0.017727136611938477
1377,5.178048133850098,,30.47925043106079,0.020984649658203125
1378,5.183499336242676,,30.501033306121826,0.021782875061035156
1379,5.165002822875977,,30.525662660598755,0.021984577178955078
1380,5.2184834480285645,,30.546541213989258,0.02087855339050293
1381,5.12404727935791,,30.569016218185425,0.017555952072143555
1382,5.159968376159668,,30.59136390686035,0.022347688674926758
1383,5.164775848388672,,30.613993883132935,0.022629976272583008
1384,5.129500389099121,,30.636186361312866,0.02219247817993164
1385,5.131750106811523,,30.658246517181396,0.022060155868530273
1386,5.19392204284668,,30.681955337524414,0.01997971534729004
1387,5.162509918212891,,30.702311277389526,0.020355939865112305
1388,5.110363960266113,,30.725945472717285,0.02363419532775879
1389,5.1341071128845215,,30.747769355773926,0.021823883056640625
1390,5.137512683868408,,30.768178701400757,0.020409345626831055
1391,5.135809898376465,,30.79109811782837,0.017769813537597656
1392,5.114493370056152,,30.811949729919434,0.020851612091064453
1393,5.117478847503662,,30.833847045898438,0.021897315979003906
1394,5.144297122955322,,30.856165170669556,0.019693613052368164
1395,5.151857376098633,,30.877748250961304,0.021583080291748047
1396,5.156208038330078,,30.89965558052063,0.015727519989013672
1397,5.123348712921143,,30.92179250717163,0.022136926651000977
1398,5.13059139251709,,30.94338083267212,0.02158832550048828
1399,5.118917465209961,,30.965314865112305,0.017735004425048828
1400,5.100134372711182,0.8804795503616333,30.99027371406555,0.02495884895324707
1401,5.098608016967773,,31.012399196624756,0.017451047897338867
1402,5.086783409118652,,31.03454875946045,0.02214956283569336
1403,5.101014137268066,,31.05823016166687,0.0236814022064209
1404,5.109930992126465,,31.078108072280884,0.019877910614013672
1405,5.115857124328613,,31.100340366363525,0.0222322940826416
1406,5.108978271484375,,31.1219379901886,0.015961647033691406
1407,5.114084243774414,,31.144097089767456,0.022159099578857422
1408,5.114548683166504,,31.16602611541748,0.021929025650024414
1409,5.085616111755371,,31.18915820121765,0.019746780395507812
1410,5.069714546203613,,31.21031951904297,0.021161317825317383
1411,5.057249546051025,,31.232431411743164,0.022111892700195312
1412,5.091277122497559,,31.254255533218384,0.021824121475219727
1413,5.082942008972168,,31.276196479797363,0.021940946578979492
1414,5.04881477355957,,31.299278497695923,0.019646883010864258
1415,5.071691036224365,,31.32025122642517,0.020972728729248047
1416,5.0434441566467285,,31.3424129486084,0.015507936477661133
1417,5.100885391235352,,31.364323377609253,0.021910429000854492
1418,5.053645610809326,,31.386188507080078,0.021865129470825195
1419,5.062447547912598,,31.409706354141235,0.02007007598876953
1420,5.076160430908203,,31.43028426170349,0.02057790756225586
1421,5.0324320793151855,,31.453375101089478,0.023090839385986328
1422,5.0393757820129395,,31.47515606880188,0.021780967712402344
1423,5.055429458618164,,31.49623441696167,0.02107834815979004
1424,5.070940971374512,,31.518138885498047,0.01717686653137207
1425,5.015947341918945,,31.54032588005066,0.022186994552612305
1426,5.036332130432129,,31.56403160095215,0.023705720901489258
1427,5.039514064788818,,31.585732221603394,0.021700620651245117
1428,5.02075719833374,,31.606441736221313,0.020709514617919922
1429,5.037130832672119,,31.629359483718872,0.01773667335510254
1430,5.06768274307251,,31.650370359420776,0.021010875701904297
1431,5.0332841873168945,,31.672241687774658,0.021871328353881836
1432,5.043842315673828,,31.6940598487854,0.01923966407775879
1433,5.044028282165527,,31.716006994247437,0.021947145462036133
1434,5.065083980560303,,31.737664937973022,0.016008377075195312
1435,5.010777473449707,,31.760058641433716,0.02239370346069336
1436,5.02712869644165,,31.782017946243286,0.021959304809570312
1437,5.008284568786621,,31.805246114730835,0.019799470901489258
1438,5.003446578979492,,31.826412677764893,0.021166563034057617
1439,5.082036018371582,,31.84839677810669,0.015743732452392578
1440,5.017068862915039,,31.870368003845215,0.02197122573852539
1441,5.045777320861816,,31.892417669296265,0.022049665451049805
1442,5.03032922744751,,31.91581106185913,0.020012855529785156
1443,5.052906513214111,,31.93626880645752,0.020457744598388672
1444,4.980398178100586,,31.959386825561523,0.023118019104003906
1445,5.021285057067871,,31.981051445007324,0.02166461944580078
1446,4.9910783767700195,,32.00215554237366,0.021104097366333008
1447,5.018457412719727,,32.02405285835266,0.017213821411132812
1448,4.980673789978027,,32.04604744911194,0.021994590759277344
1449,4.9752631187438965,,32.06977200508118,0.02372455596923828
1450,5.011503219604492,,32.09157156944275,0.021799564361572266
1451,4.998227119445801,,32.112152338027954,0.020580768585205078
1452,5.0366902351379395,,32.13503098487854,0.01769399642944336
1453,4.985610485076904,,32.15590047836304,0.02086949348449707
1454,4.981095314025879,,32.17772459983826,0.021824121475219727
1455,4.988981246948242,,32.20011496543884,0.019698143005371094
1456,4.967679023742676,,32.22194862365723,0.02183365821838379
1457,4.954118728637695,,32.24552774429321,0.01791667938232422
1458,4.998052597045898,,32.26587271690369,0.020344972610473633
1459,5.007118225097656,,32.29062366485596,0.024750947952270508
1460,4.959511756896973,,32.31303882598877,0.0224151611328125
1461,4.994790077209473,,32.335020780563354,0.02198195457458496
1462,4.979876518249512,,32.35791325569153,0.019737958908081055
1463,4.954473495483398,,32.37885284423828,0.02093958854675293
1464,4.953266143798828,,32.40111422538757,0.022261381149291992
1465,4.957231521606445,,32.4230010509491,0.021886825561523438
1466,4.960655212402344,,32.444894552230835,0.02189350128173828
1467,4.934499263763428,,32.4680061340332,0.019679784774780273
1468,4.997188091278076,,32.48895597457886,0.020949840545654297
1469,4.935642242431641,,32.51104021072388,0.02208423614501953
1470,4.947978973388672,,32.53291320800781,0.021872997283935547
1471,4.93203067779541,,32.555017948150635,0.022104740142822266
1472,4.955045700073242,,32.57841515541077,0.020026683807373047
1473,4.975366592407227,,32.59964990615845,0.021234750747680664
1474,4.9160871505737305,,32.62163162231445,0.015711545944213867
1475,4.968522548675537,,32.63763189315796,0.01600027084350586
1476,4.932575225830078,,32.66913557052612,0.015767335891723633
1477,4.9655656814575195,,32.69107151031494,0.02193593978881836
1478,4.932116985321045,,32.71298861503601,0.021917104721069336
1479,4.912283897399902,,32.736512660980225,0.019916296005249023
1480,4.912139415740967,,32.757208585739136,0.020695924758911133
1481,4.933427810668945,,32.78018283843994,0.022974252700805664
1482,4.890263557434082,,32.801833391189575,0.02165055274963379
1483,4.905097007751465,,32.82311034202576,0.02127695083618164
1484,4.9228105545043945,,32.84493851661682,0.017227888107299805
1485,4.908897399902344,,32.8669638633728,0.022025346755981445
1486,4.898265838623047,,32.89060139656067,0.02363753318786621
1487,4.902339458465576,,32.912267208099365,0.02166581153869629
1488,4.9122419357299805,,32.93269062042236,0.020423412322998047
1489,4.89830207824707,,32.955623149871826,0.017754793167114258
1490,4.909077167510986,,32.976550579071045,0.02092742919921875
1491,4.932008743286133,,32.99850368499756,0.021953105926513672
1492,4.917135238647461,,33.02037525177002,0.019237279891967773
1493,4.884963035583496,,33.042524337768555,0.022149085998535156
1494,4.910982608795166,,33.064207792282104,0.016002893447875977
1495,4.874598979949951,,33.08663034439087,0.02242255210876465
1496,4.890069007873535,,33.10856604576111,0.021935701370239258
1497,4.905987739562988,,33.13215780258179,0.019997119903564453
1498,4.887375831604004,,33.15227699279785,0.020119190216064453
1499,4.868803024291992,,33.17591857910156,0.023641586303710938
1500,4.875958442687988,0.8780944108963012,33.19925332069397,0.023334741592407227
1501,4.901878356933594,,33.22113037109375,0.021877050399780273
1502,4.868088245391846,,33.24360799789429,0.019860506057739258
1503,4.873432159423828,,33.26526093482971,0.021652936935424805
1504,4.892937660217285,,33.287161350250244,0.015725135803222656
1505,4.845399856567383,,33.30918073654175,0.022019386291503906
1506,4.901782989501953,,33.33108973503113,0.021908998489379883
1507,4.862215995788574,,33.35452222824097,0.020043134689331055
1508,4.896955966949463,,33.375041007995605,0.020518779754638672
1509,4.866484642028809,,33.397989988327026,0.0229489803314209
1510,4.858060836791992,,33.41969680786133,0.021706819534301758
1511,4.839933395385742,,33.44096851348877,0.021271705627441406
1512,4.88202428817749,,33.4628586769104,0.01724529266357422
1513,4.859238624572754,,33.484877586364746,0.022018909454345703
1514,4.843539237976074,,33.508594036102295,0.023716449737548828
1515,4.867659568786621,,33.53026032447815,0.021666288375854492
1516,4.837604522705078,,33.55094528198242,0.02068495750427246
1517,4.888452529907227,,33.57391357421875,0.017818689346313477
1518,4.846181392669678,,33.59479904174805,0.020885467529296875
1519,4.875378608703613,,33.61926746368408,0.024468421936035156
1520,4.884616851806641,,33.640923738479614,0.021656274795532227
1521,4.847753524780273,,33.66129422187805,0.0203704833984375
1522,4.821495056152344,,33.68488550186157,0.017909765243530273
1523,4.857378959655762,,33.70529317855835,0.020407676696777344
1524,4.847107887268066,,33.72720980644226,0.021916627883911133
1525,4.881303787231445,,33.75007963180542,0.0197141170501709
1526,4.865896701812744,,33.771087884902954,0.02100825309753418
1527,4.824401378631592,,33.792980432510376,0.021892547607421875
1528,4.816929817199707,,33.815046310424805,0.02206587791442871
1529,4.822354316711426,,33.83697867393494,0.021932363510131836
1530,4.815861701965332,,33.86006450653076,0.01971435546875
1531,4.818681716918945,,33.8810830116272,0.021018505096435547
1532,4.869556427001953,,33.90294933319092,0.015271425247192383
1533,4.766473770141602,,33.92522597312927,0.022276639938354492
1534,4.839476585388184,,33.94715976715088,0.021933794021606445
1535,4.832193374633789,,33.97064018249512,0.020028352737426758
1536,4.857729434967041,,33.99118685722351,0.020546674728393555
1537,4.824342727661133,,34.01425528526306,0.02306842803955078
1538,4.816400527954102,,34.035969495773315,0.021714210510253906
1539,4.8477959632873535,,34.057119846343994,0.02115035057067871
1540,4.757323265075684,,34.079195976257324,0.0174100399017334
1541,4.800054550170898,,34.10116910934448,0.021973133087158203
1542,4.798676013946533,,34.12481737136841,0.02364826202392578
1543,4.8007988929748535,,34.14656209945679,0.021744728088378906
1544,4.830677032470703,,34.16694116592407,0.020379066467285156
1545,4.822565078735352,,34.189839124679565,0.01774311065673828
1546,4.8050217628479,,34.21065640449524,0.020817279815673828
1547,4.76588773727417,,34.23261380195618,0.0219573974609375
1548,4.782919883728027,,34.25496745109558,0.01972365379333496
1549,4.789515018463135,,34.27651071548462,0.021543264389038086
1550,4.760993480682373,,34.29836559295654,0.015749692916870117
1551,4.768772602081299,,34.32033157348633,0.021965980529785156
1552,4.785468101501465,,34.342228412628174,0.021896839141845703
1553,4.752748012542725,,34.365360260009766,0.019701719284057617
1554,4.803966522216797,,34.38639211654663,0.021031856536865234
1555,4.731688499450684,,34.40850567817688,0.022113561630249023
1556,4.792721748352051,,34.43048906326294,0.02198338508605957
1557,4.801020622253418,,34.45239329338074,0.02190423011779785
1558,4.753847599029541,,34.47586178779602,0.02004718780517578
1559,4.789069652557373,,34.49631977081299,0.020457983016967773
1560,4.794447898864746,,34.528597593307495,0.032277822494506836
1561,4.768592834472656,,34.543285608291626,0.01112818717956543
1562,4.747712135314941,,34.57611107826233,0.032825469970703125
1563,4.787870407104492,,34.590917348861694,0.011057615280151367
1564,4.817021369934082,,34.61200523376465,0.010110139846801758
1565,4.743721008300781,,34.64068245887756,0.015574932098388672
1566,4.744594097137451,,34.66310524940491,0.02242279052734375
1567,4.714076042175293,,34.68769121170044,0.024585962295532227
1568,4.749293804168701,,34.70918107032776,0.021489858627319336
1569,4.736114501953125,,34.72295165061951,0.010022401809692383
1570,4.748655796051025,,34.75073528289795,0.01610565185546875
1571,4.759327411651611,,34.76647329330444,0.009502649307250977
1572,4.750514030456543,,34.7883825302124,0.009520769119262695
1573,4.739653587341309,,34.815046548843384,0.01498556137084961
1574,4.744358539581299,,34.83184552192688,0.009261131286621094
1575,4.69871187210083,,34.861515522003174,0.015798330307006836
1576,4.735279560089111,,34.87875175476074,0.010021686553955078
1577,4.742108345031738,,34.90856432914734,0.017777204513549805
1578,4.758571147918701,,34.924315214157104,0.011508464813232422
1579,4.765162467956543,,34.944265365600586,0.009520769119262695
1580,4.715498924255371,,34.97202110290527,0.015775680541992188
1581,4.70437479019165,,34.988091707229614,0.009261608123779297
1582,4.73513126373291,,35.010089635849,0.009497880935668945
1583,4.720771312713623,,35.03578472137451,0.013895988464355469
1584,4.701277732849121,,35.0534873008728,0.009020328521728516
1585,4.709953308105469,,35.08326053619385,0.015866518020629883
1586,4.751107215881348,,35.09916377067566,0.010765314102172852
1587,4.707510471343994,,35.11957240104675,0.009267568588256836
1588,4.699409484863281,,35.146074295043945,0.013934135437011719
1589,4.717888832092285,,35.170899868011475,0.016656160354614258
1590,4.7517194747924805,,35.193902015686035,0.023002147674560547
1591,4.717690467834473,,35.21569585800171,0.021793842315673828
1592,4.707098960876465,,35.23675847053528,0.021062612533569336
1593,4.697462558746338,,35.258780002593994,0.017418622970581055
1594,4.692514419555664,,35.280885457992554,0.02210545539855957
1595,4.698310375213623,,35.30454444885254,0.02365899085998535
1596,4.709283828735352,,35.3253607749939,0.020816326141357422
1597,4.700448989868164,,35.34659290313721,0.021232128143310547
1598,4.685820579528809,,35.37016010284424,0.017913341522216797
1599,4.674600601196289,,35.390732765197754,0.020572662353515625
1600,4.702159881591797,0.8807050347328186,35.41554379463196,0.0248110294342041
1601,4.71158504486084,,35.43740773200989,0.021863937377929688
1602,4.728305339813232,,35.4593620300293,0.02195429801940918
1603,4.699698448181152,,35.482786655426025,0.020045042037963867
1604,4.661394119262695,,35.50881505012512,0.02602839469909668
1605,4.704347610473633,,35.53067398071289,0.01926112174987793
1606,4.675220012664795,,35.554556369781494,0.023882389068603516
1607,4.690869331359863,,35.57433819770813,0.019781827926635742
1608,4.699646949768066,,35.59658932685852,0.022251129150390625
1609,4.672379493713379,,35.62024664878845,0.017920494079589844
1610,4.6449294090271,,35.640851974487305,0.02060532569885254
1611,4.660327434539795,,35.66279172897339,0.021939754486083984
1612,4.693783760070801,,35.68628144264221,0.0200042724609375
1613,4.671970367431641,,35.70675611495972,0.020474672317504883
1614,4.681135177612305,,35.72978901863098,0.02303290367126465
1615,4.674328327178955,,35.75151252746582,0.021723508834838867
1616,4.683874607086182,,35.772560596466064,0.02104806900024414
1617,4.660571098327637,,35.79437780380249,0.017210721969604492
1618,4.638506889343262,,35.816502809524536,0.0221250057220459
1619,4.676895618438721,,35.84017205238342,0.02366924285888672
1620,4.643775463104248,,35.8618426322937,0.02167057991027832
1621,4.655633926391602,,35.88222360610962,0.02038097381591797
1622,4.654247760772705,,35.90514945983887,0.01779770851135254
1623,4.612171173095703,,35.92617750167847,0.02102804183959961
1624,4.643585205078125,,35.94803023338318,0.021852731704711914
1625,4.666447162628174,,35.970394134521484,0.019665956497192383
1626,4.653169631958008,,35.99191093444824,0.021516799926757812
1627,4.625833511352539,,36.01384162902832,0.01574420928955078
1628,4.643945693969727,,36.03574800491333,0.021906375885009766
1629,4.655456066131592,,36.05768132209778,0.021933317184448242
1630,4.652796745300293,,36.079318046569824,0.01806330680847168
1631,4.620934963226318,,36.101476430892944,0.022158384323120117
1632,4.615428447723389,,36.12517023086548,0.02369379997253418
1633,4.624846458435059,,36.14682102203369,0.02165079116821289
1634,4.617430210113525,,36.167218923568726,0.02039790153503418
1635,4.627506256103516,,36.18881177902222,0.015956640243530273
1636,4.6332197189331055,,36.21100616455078,0.022194385528564453
1637,4.608438491821289,,36.23312044143677,0.022114276885986328
1638,4.631668567657471,,36.25648522377014,0.02001953125
1639,4.630754470825195,,36.27710008621216,0.0206148624420166
1640,4.648629188537598,,36.300164461135864,0.023064374923706055
1641,4.618876934051514,,36.32182478904724,0.021660327911376953
1642,4.6050543785095215,,36.34321141242981,0.02138662338256836
1643,4.639009475708008,,36.365055322647095,0.01723003387451172
1644,4.641239166259766,,36.38697385787964,0.021918535232543945
1645,4.613948345184326,,36.41056227684021,0.02358841896057129
1646,4.590729713439941,,36.432422161102295,0.02185988426208496
1647,4.617815017700195,,36.45309114456177,0.020668983459472656
1648,4.6076273918151855,,36.475180864334106,0.01696300506591797
1649,4.585641860961914,,36.497026681900024,0.02184581756591797
1650,4.589841842651367,,36.52169108390808,0.02466440200805664
1651,4.594722270965576,,36.543440103530884,0.021749019622802734
1652,4.550166130065918,,36.56481146812439,0.02137136459350586
1653,4.57309627532959,,36.58674883842468,0.01776123046875
1654,4.599208831787109,,36.60871958732605,0.021970748901367188
1655,4.547196388244629,,36.63243317604065,0.02371358871459961
1656,4.595053672790527,,36.6564679145813,0.024034738540649414
1657,4.544643878936768,,36.680158615112305,0.02369070053100586
1658,4.627066612243652,,36.70182490348816,0.0205228328704834
1659,4.5980448722839355,,36.722553968429565,0.02072906494140625
1660,4.547013759613037,,36.745397329330444,0.017777204513549805
1661,4.5883636474609375,,36.76628804206848,0.02089071273803711
1662,4.571878433227539,,36.79072141647339,0.024433374404907227
1663,4.569369792938232,,36.8123939037323,0.021672487258911133
1664,4.586712837219238,,36.83269548416138,0.02030158042907715
1665,4.5518598556518555,,36.854339599609375,0.015982627868652344
1666,4.56507682800293,,36.876524448394775,0.02218484878540039
1667,4.570193290710449,,36.89845538139343,0.021930932998657227
1668,4.545688629150391,,36.92009902000427,0.01800227165222168
1669,4.556179046630859,,36.9423987865448,0.022299766540527344
1670,4.583405494689941,,36.966063499450684,0.02366471290588379
1671,4.601797103881836,,36.986804485321045,0.020740985870361328
1672,4.539929389953613,,37.008320569992065,0.021516084671020508
1673,4.567942142486572,,37.02990961074829,0.016012191772460938
1674,4.542779922485352,,37.052130937576294,0.02222132682800293
1675,4.511580467224121,,37.07423114776611,0.022100210189819336
1676,4.580291748046875,,37.09763264656067,0.020093679428100586
1677,4.521650314331055,,37.11815404891968,0.02052140235900879
1678,4.516972541809082,,37.14108896255493,0.022934913635253906
1679,4.539902687072754,,37.162739276885986,0.021650314331054688
1680,4.521363258361816,,37.18385696411133,0.021117687225341797
1681,4.551591873168945,,37.20567536354065,0.017217397689819336
1682,4.484918594360352,,37.22779297828674,0.02211761474609375
1683,4.515567302703857,,37.251237869262695,0.02344489097595215
1684,4.522319793701172,,37.27303671836853,0.02179884910583496
1685,4.553297519683838,,37.29349637031555,0.020459651947021484
1686,4.497070789337158,,37.31638288497925,0.017735004425048828
1687,4.559779167175293,,37.33725452423096,0.020871639251708984
1688,4.513956546783447,,37.359116315841675,0.021861791610717773
1689,4.567346572875977,,37.38139891624451,0.019649267196655273
1690,4.554722785949707,,37.40296530723572,0.021566390991210938
1691,4.547360420227051,,37.424827575683594,0.015715837478637695
1692,4.535168170928955,,37.44668459892273,0.021857023239135742
1693,4.526512622833252,,37.46857285499573,0.021888256072998047
1694,4.519096374511719,,37.490219593048096,0.018054962158203125
1695,4.528959274291992,,37.512425661087036,0.02220606803894043
1696,4.513173580169678,,37.53611898422241,0.023693323135375977
1697,4.508116722106934,,37.557783365249634,0.02166438102722168
1698,4.51186466217041,,37.57818341255188,0.020400047302246094
1699,4.508519172668457,,37.59982895851135,0.015920400619506836
1700,4.510716438293457,0.8782957673072815,37.62478542327881,0.024956464767456055
1701,4.492098331451416,,37.64674639701843,0.021960973739624023
1702,4.480306625366211,,37.6721715927124,0.025425195693969727
1703,4.5080766677856445,,37.694138050079346,0.015784025192260742
1704,4.518038749694824,,37.71807885169983,0.0239408016204834
1705,4.5492753982543945,,37.738407611846924,0.020328760147094727
1706,4.544025421142578,,37.76131558418274,0.019680261611938477
1707,4.489248275756836,,37.782328844070435,0.021013259887695312
1708,4.555398941040039,,37.80431246757507,0.021983623504638672
1709,4.515036582946777,,37.82622313499451,0.021910667419433594
1710,4.504827499389648,,37.84814190864563,0.021918773651123047
1711,4.526211261749268,,37.871601819992065,0.02007293701171875
1712,4.485475540161133,,37.8922061920166,0.020604372024536133
1713,4.4826250076293945,,37.91516828536987,0.022962093353271484
1714,4.478998184204102,,37.93691110610962,0.021742820739746094
1715,4.469853401184082,,37.95842146873474,0.02151036262512207
1716,4.497928142547607,,37.98037147521973,0.0178377628326416
1717,4.497507095336914,,38.0024733543396,0.022101879119873047
1718,4.503409385681152,,38.02623009681702,0.023756742477416992
1719,4.478678226470947,,38.047062158584595,0.020832061767578125
1720,4.472188949584961,,38.06837821006775,0.021316051483154297
1721,4.466721534729004,,38.091421127319336,0.017892122268676758
1722,4.490969657897949,,38.112316608428955,0.02089548110961914
1723,4.490409851074219,,38.13421154022217,0.02189493179321289
1724,4.489595890045166,,38.156583070755005,0.019696474075317383
1725,4.457759857177734,,38.17827916145325,0.021696090698242188
1726,4.485383033752441,,38.19992756843567,0.015946149826049805
1727,4.471413612365723,,38.22421860694885,0.024291038513183594
1728,4.4588470458984375,,38.244544506073,0.020325899124145508
1729,4.479444980621338,,38.26795935630798,0.020029067993164062
1730,4.488214492797852,,38.288455963134766,0.020496606826782227
1731,4.4569525718688965,,38.31161022186279,0.023154258728027344
1732,4.465365886688232,,38.333327770233154,0.021717548370361328
1733,4.4799628257751465,,38.35444355010986,0.021115779876708984
1734,4.479790687561035,,38.37624430656433,0.017191171646118164
1735,4.491574764251709,,38.398157596588135,0.02191329002380371
1736,4.429194450378418,,38.421818256378174,0.023660659790039062
1737,4.462856292724609,,38.4436457157135,0.02182745933532715
1738,4.452545166015625,,38.46425151824951,0.020605802536010742
1739,4.488269805908203,,38.48755073547363,0.018090486526489258
1740,4.469133377075195,,38.508546113967896,0.020995378494262695
1741,4.480147361755371,,38.530534505844116,0.021988391876220703
1742,4.4631147384643555,,38.55299425125122,0.019669055938720703
1743,4.465012550354004,,38.574540853500366,0.021546602249145508
1744,4.464827537536621,,38.5964617729187,0.015690326690673828
1745,4.443835735321045,,38.61844873428345,0.021986961364746094
1746,4.4404191970825195,,38.640435457229614,0.021986722946166992
1747,4.409870147705078,,38.66350317001343,0.019713640213012695
1748,4.430487632751465,,38.68457317352295,0.021070003509521484
1749,4.458415508270264,,38.70659327507019,0.015366554260253906
1750,4.463537216186523,,38.728490352630615,0.021897077560424805
1751,4.4197282791137695,,38.7505145072937,0.022024154663085938
1752,4.475120544433594,,38.77388954162598,0.020043373107910156
1753,4.40489387512207,,38.794618368148804,0.02072882652282715
1754,4.4381422996521,,38.8175528049469,0.022934436798095703
1755,4.453078269958496,,38.83929991722107,0.021747112274169922
1756,4.4128923416137695,,38.86045742034912,0.021157503128051758
1757,4.404542922973633,,38.88259553909302,0.01744246482849121
1758,4.403208255767822,,38.90475535392761,0.022159814834594727
1759,4.437068939208984,,38.92842364311218,0.023668289184570312
1760,4.425648212432861,,38.950135707855225,0.021712064743041992
1761,4.407504081726074,,38.970520973205566,0.020385265350341797
1762,4.432948589324951,,38.99212694168091,0.015979528427124023
1763,4.418975830078125,,39.014331579208374,0.02220463752746582
1764,4.4429931640625,,39.03630566596985,0.02197408676147461
1765,4.394571304321289,,39.05941081047058,0.01970076560974121
1766,4.387871742248535,,39.08057355880737,0.021162748336791992
1767,4.444602012634277,,39.102497816085815,0.01528024673461914
1768,4.390614986419678,,39.12436580657959,0.021867990493774414
1769,4.399034023284912,,39.146257162094116,0.021891355514526367
1770,4.400516510009766,,39.16964292526245,0.020007610321044922
1771,4.38563346862793,,39.19033241271973,0.02068948745727539
1772,4.378830432891846,,39.213475942611694,0.023143529891967773
1773,4.400783061981201,,39.23515844345093,0.0216825008392334
1774,4.407487869262695,,39.256266355514526,0.021107912063598633
1775,4.433361053466797,,39.27806234359741,0.017204999923706055
1776,4.392290115356445,,39.29997420310974,0.0219118595123291
1777,4.407292366027832,,39.323511838912964,0.023537635803222656
1778,4.384798049926758,,39.34538292884827,0.021871089935302734
1779,4.378520488739014,,39.3660728931427,0.020689964294433594
1780,4.4019293785095215,,39.388927698135376,0.0176999568939209
1781,4.33988094329834,,39.40998816490173,0.021060466766357422
1782,4.395805358886719,,39.431867361068726,0.021879196166992188
1783,4.419251918792725,,39.45377016067505,0.019265174865722656
1784,4.376577377319336,,39.475688457489014,0.021918296813964844
1785,4.404052257537842,,39.49760866165161,0.0158388614654541
1786,4.404842376708984,,39.5195255279541,0.021916866302490234
1787,4.376137733459473,,39.541489362716675,0.021963834762573242
1788,4.4060893058776855,,39.56490159034729,0.020038366317749023
1789,4.386070251464844,,39.585416078567505,0.020514488220214844
1790,4.3712615966796875,,39.60830783843994,0.022891759872436523
1791,4.401360511779785,,39.630030155181885,0.02172231674194336
1792,4.382903099060059,,39.651084661483765,0.021054506301879883
1793,4.369986534118652,,39.67288279533386,0.017240047454833984
1794,4.3739094734191895,,39.69493627548218,0.02205348014831543
1795,4.382891654968262,,39.71866202354431,0.02372574806213379
1796,4.381110191345215,,39.7404510974884,0.021789073944091797
1797,4.3993377685546875,,39.76081919670105,0.020368099212646484
1798,4.377567291259766,,39.782426595687866,0.01598215103149414
1799,4.363614082336426,,39.80457520484924,0.022148609161376953
1800,4.358128547668457,0.8781956672668457,39.830235719680786,0.02566051483154297
1801,4.385345458984375,,39.85194492340088,0.021709203720092773
1802,4.398743152618408,,39.87309551239014,0.021150588989257812
1803,4.380512237548828,,39.89496684074402,0.017180919647216797
1804,4.358752250671387,,39.916871547698975,0.021904706954956055
1805,4.35078239440918,,39.94050145149231,0.02362990379333496
1806,4.316776275634766,,39.96217226982117,0.021670818328857422
1807,4.342128753662109,,39.98274850845337,0.02057623863220215
1808,4.358430862426758,,40.00554585456848,0.017713308334350586
1809,4.339061737060547,,40.026488304138184,0.02094244956970215
1810,4.330765724182129,,40.048311948776245,0.021823644638061523
1811,4.366761207580566,,40.07012438774109,0.01801443099975586
1812,4.377213954925537,,40.09215497970581,0.02203059196472168
1813,4.341777801513672,,40.113770484924316,0.01594829559326172
1814,4.349278450012207,,40.135966539382935,0.022196054458618164
1815,4.349883079528809,,40.15786838531494,0.021901845932006836
1816,4.361421585083008,,40.18124198913574,0.020003795623779297
1817,4.350091934204102,,40.20162391662598,0.020381927490234375
1818,4.366275310516357,,40.22461771965027,0.022993803024291992
1819,4.324009418487549,,40.246368646621704,0.021750926971435547
1820,4.295997142791748,,40.26753640174866,0.021167755126953125
1821,4.335386276245117,,40.289403200149536,0.0172274112701416
1822,4.339714527130127,,40.31129193305969,0.02188873291015625
1823,4.328526973724365,,40.33484387397766,0.02355194091796875
1824,4.3569536209106445,,40.35666584968567,0.021821975708007812
1825,4.349641799926758,,40.377156496047974,0.020490646362304688
1826,4.335386276245117,,40.400099992752075,0.017760038375854492
1827,4.311542510986328,,40.42159819602966,0.02149820327758789
1828,4.40463924407959,,40.44284725189209,0.021249055862426758
1829,4.293067932128906,,40.46485924720764,0.019362688064575195
1830,4.35715389251709,,40.486802101135254,0.021942853927612305
1831,4.338840961456299,,40.51040458679199,0.017972469329833984
1832,4.374383926391602,,40.53066086769104,0.02025628089904785
1833,4.338385581970215,,40.55256366729736,0.021902799606323242
1834,4.323765754699707,,40.5760178565979,0.020086050033569336
1835,4.303593635559082,,40.596466302871704,0.02044844627380371
1836,4.3370819091796875,,40.619542360305786,0.02307605743408203
1837,4.293834686279297,,40.64127063751221,0.0217282772064209
1838,4.322118759155273,,40.66232085227966,0.021050214767456055
1839,4.283618927001953,,40.68433117866516,0.01736903190612793
1840,4.290454864501953,,40.70637631416321,0.022045135498046875
1841,4.305980205535889,,40.73010468482971,0.023728370666503906
1842,4.3160786628723145,,40.75175714492798,0.0216524600982666
1843,4.327737808227539,,40.77219533920288,0.020438194274902344
1844,4.299846649169922,,40.793864250183105,0.015994548797607422
1845,4.293330192565918,,40.81600999832153,0.022145748138427734
1846,4.291151523590088,,40.837947368621826,0.02193737030029297
1847,4.292771339416504,,40.86129641532898,0.019962787628173828
1848,4.30250358581543,,40.88175439834595,0.020457983016967773
1849,4.298969745635986,,40.90478301048279,0.02302861213684082
1850,4.322115421295166,,40.92650055885315,0.021717548370361328
1851,4.303919792175293,,40.94760727882385,0.021106719970703125
1852,4.299648761749268,,40.96950030326843,0.01727771759033203
1853,4.3102898597717285,,40.99136686325073,0.021866559982299805
1854,4.323063850402832,,41.01506304740906,0.023696184158325195
1855,4.312104225158691,,41.034889698028564,0.019826650619506836
1856,4.3203043937683105,,41.057061195373535,0.022171497344970703
1857,4.285110950469971,,41.080634117126465,0.017926454544067383
1858,4.2925920486450195,,41.10081720352173,0.020183086395263672
1859,4.332735061645508,,41.12268090248108,0.021863698959350586
1860,4.303531646728516,,41.144307136535645,0.018003225326538086
1861,4.296460151672363,,41.166510581970215,0.022203445434570312
1862,4.252745628356934,,41.190126180648804,0.023615598678588867
1863,4.292113304138184,,41.21374297142029,0.023616790771484375
1864,4.304732322692871,,41.23766589164734,0.02392292022705078
1865,4.291161060333252,,41.257418394088745,0.01975250244140625
1866,4.28269624710083,,41.27948021888733,0.022061824798583984
1867,4.298264503479004,,41.301090240478516,0.015971899032592773
1868,4.253993511199951,,41.323264837265015,0.022174596786499023
1869,4.268099308013916,,41.345115661621094,0.0218508243560791
1870,4.293929576873779,,41.368568658828735,0.019992589950561523
1871,4.271474838256836,,41.38895010948181,0.020381450653076172
1872,4.278541564941406,,41.41199088096619,0.023040771484375
1873,4.262111663818359,,41.433727502822876,0.021736621856689453
1874,4.2576003074646,,41.45481991767883,0.02109241485595703
1875,4.257393836975098,,41.47665548324585,0.017179489135742188
1876,4.267330169677734,,41.498615741729736,0.02196025848388672
1877,4.286232948303223,,41.52234745025635,0.023731708526611328
1878,4.268044471740723,,41.54400300979614,0.021655559539794922
1879,4.248836517333984,,41.56585192680359,0.02184891700744629
1880,4.2832722663879395,,41.58770227432251,0.017687559127807617
1881,4.228826999664307,,41.609747886657715,0.022045612335205078
1882,4.242901802062988,,41.63360261917114,0.023854732513427734
1883,4.234492301940918,,41.653313875198364,0.01971125602722168
1884,4.2581467628479,,41.675525188446045,0.022211313247680664
1885,4.292362213134766,,41.697168588638306,0.015970706939697266
1886,4.316314697265625,,41.72278690338135,0.025618314743041992
1887,4.239924907684326,,41.744662046432495,0.01569962501525879
1888,4.273581027984619,,41.76660752296448,0.021945476531982422
1889,4.276897430419922,,41.78851079940796,0.021903276443481445
1890,4.229019641876221,,41.81013298034668,0.017958879470825195
1891,4.269501686096191,,41.832340240478516,0.022207260131835938
1892,4.237425327301025,,41.85602140426636,0.023681163787841797
1893,4.260208606719971,,41.87571740150452,0.01969599723815918
1894,4.230681419372559,,41.89806509017944,0.022347688674926758
1895,4.237873554229736,,41.91958951950073,0.01595139503479004
1896,4.250059127807617,,41.94176912307739,0.022179603576660156
1897,4.239260673522949,,41.96359324455261,0.021824121475219727
1898,4.217537879943848,,41.985323667526245,0.018128395080566406
1899,4.232983589172363,,42.007447957992554,0.022124290466308594
1900,4.253162384033203,0.8872462391853333,42.03227686882019,0.02482891082763672
1901,4.220490455627441,,42.05422377586365,0.02194690704345703
1902,4.230439186096191,,42.077900648117065,0.02367687225341797
1903,4.237205505371094,,42.099562883377075,0.021662235260009766
1904,4.21774435043335,,42.120007038116455,0.020444154739379883
1905,4.188344478607178,,42.14305758476257,0.017885446548461914
1906,4.222362995147705,,42.16397476196289,0.020917177200317383
1907,4.234583377838135,,42.18588209152222,0.021907329559326172
1908,4.239376068115234,,42.20778036117554,0.01927042007446289
1909,4.266582489013672,,42.22971773147583,0.02193737030029297
1910,4.214303970336914,,42.25134229660034,0.015950918197631836
1911,4.183890342712402,,42.273707151412964,0.02236485481262207
1912,4.218804836273193,,42.295658349990845,0.02195119857788086
1913,4.256411075592041,,42.31725883483887,0.017994403839111328
1914,4.222712516784668,,42.33943295478821,0.02217411994934082
1915,4.189098834991455,,42.36308836936951,0.023655414581298828
1916,4.205043315887451,,42.378775119781494,0.015686750411987305
1917,4.206147193908691,,42.40523171424866,0.026456594467163086
1918,4.190164089202881,,42.42812514305115,0.017728567123413086
1919,4.217741966247559,,42.44896149635315,0.020836353302001953
1920,4.20809268951416,,42.47085499763489,0.02189350128173828
1921,4.216209888458252,,42.49266195297241,0.019186973571777344
1922,4.175723075866699,,42.51484251022339,0.022180557250976562
1923,4.225770473480225,,42.536481618881226,0.015951871871948242
1924,4.214259147644043,,42.55866980552673,0.022188186645507812
1925,4.211750507354736,,42.580596685409546,0.0219268798828125
1926,4.215285301208496,,42.60402035713196,0.02003645896911621
1927,4.224134922027588,,42.62453603744507,0.02051568031311035
1928,4.222160339355469,,42.647454023361206,0.022917985916137695
1929,4.205744743347168,,42.66944980621338,0.02199578285217285
1930,4.180517673492432,,42.69060182571411,0.021152019500732422
1931,4.183449745178223,,42.712464809417725,0.017262935638427734
1932,4.2006683349609375,,42.73476576805115,0.02230095863342285
1933,4.188608169555664,,42.75775361061096,0.022987842559814453
1934,4.194930076599121,,42.77962040901184,0.021866798400878906
1935,4.2377777099609375,,42.801963090896606,0.022342681884765625
1936,4.179179668426514,,42.825390100479126,0.020081043243408203
1937,4.168436050415039,,42.8460807800293,0.0206906795501709
1938,4.207727909088135,,42.86908268928528,0.023001909255981445
1939,4.192900657653809,,42.89075469970703,0.02167201042175293
1940,4.196589469909668,,42.91217064857483,0.02141594886779785
1941,4.222893714904785,,42.93425512313843,0.017679691314697266
1942,4.169564247131348,,42.95630669593811,0.022051572799682617
1943,4.163976669311523,,42.9799485206604,0.02364182472229004
1944,4.234076976776123,,43.0017728805542,0.021824359893798828
1945,4.182189464569092,,43.02251124382019,0.02073836326599121
1946,4.23266077041626,,43.04544806480408,0.017754316329956055
1947,4.17647647857666,,43.066253662109375,0.02080559730529785
1948,4.146781921386719,,43.088340044021606,0.022086381912231445
1949,4.208441734313965,,43.11066699028015,0.019665002822875977
1950,4.175998687744141,,43.132174491882324,0.02150750160217285
1951,4.1661505699157715,,43.154046297073364,0.015727758407592773
1952,4.2176008224487305,,43.17603778839111,0.021991491317749023
1953,4.1831207275390625,,43.197973012924194,0.021935224533081055
1954,4.166688919067383,,43.219587564468384,0.017984867095947266
1955,4.168352127075195,,43.24175786972046,0.022170305252075195
1956,4.16693639755249,,43.26543211936951,0.02367424964904785
1957,4.16942024230957,,43.28710055351257,0.021668434143066406
1958,4.171814441680908,,43.30751705169678,0.0204164981842041
1959,4.163555145263672,,43.32913827896118,0.015982866287231445
1960,4.1394243240356445,,43.351521253585815,0.02238297462463379
1961,4.156865119934082,,43.37339377403259,0.021872520446777344
1962,4.167871475219727,,43.39695334434509,0.01993107795715332
1963,4.152645587921143,,43.41806626319885,0.021112918853759766
1964,4.165966510772705,,43.44004249572754,0.021976232528686523
1965,4.165971755981445,,43.46409487724304,0.02405238151550293
1966,4.137444019317627,,43.484668493270874,0.02057361602783203
1967,4.162449836730957,,43.507163286209106,0.01966404914855957
1968,4.121796131134033,,43.52891731262207,0.021754026412963867
1969,4.147646427154541,,43.55067276954651,0.015933752059936523
1970,4.152837753295898,,43.57287096977234,0.022198200225830078
1971,4.13865852355957,,43.59485578536987,0.02198481559753418
1972,4.153134346008301,,43.61646509170532,0.017984867095947266
1973,4.176674842834473,,43.638686180114746,0.022221088409423828
1974,4.136641502380371,,43.662450075149536,0.02376389503479004
1975,4.176745414733887,,43.6842246055603,0.0217745304107666
1976,4.179399013519287,,43.7046012878418,0.02037668228149414
1977,4.146039962768555,,43.728190898895264,0.0180056095123291
1978,4.14531946182251,,43.748544216156006,0.020353317260742188
1979,4.158563137054443,,43.77053141593933,0.021987199783325195
1980,4.147481918334961,,43.792102098464966,0.01801276206970215
1981,4.126811981201172,,43.81425213813782,0.022150039672851562
1982,4.15604829788208,,43.83791470527649,0.023662567138671875
1983,4.142780780792236,,43.85985493659973,0.021940231323242188
1984,4.136104583740234,,43.88034272193909,0.02048778533935547
1985,4.129790306091309,,43.90324139595032,0.017760038375854492
1986,4.130722999572754,,43.92414045333862,0.020899057388305664
1987,4.136320114135742,,43.946009397506714,0.02186894416809082
1988,4.190155982971191,,43.967827558517456,0.019243478775024414
1989,4.145079612731934,,43.98975682258606,0.021929264068603516
1990,4.161045074462891,,44.01145267486572,0.015997648239135742
1991,4.1116790771484375,,44.0338249206543,0.02237224578857422
1992,4.130144119262695,,44.05584979057312,0.022024869918823242
1993,4.1350202560424805,,44.07925629615784,0.02003765106201172
1994,4.110694408416748,,44.09998178482056,0.020725488662719727
1995,4.117764472961426,,44.12191653251648,0.02193474769592285
1996,4.11147928237915,,44.14385366439819,0.021937131881713867
1997,4.112433433532715,,44.16575622558594,0.02190256118774414
1998,4.130702972412109,,44.18928027153015,0.020109891891479492
1999,4.143794059753418,,44.20978331565857,0.02050304412841797
2000,4.114597797393799,0.8827146530151367,44.23453330993652,0.0247499942779541
2001,4.109519958496094,,44.256712198257446,0.02217888832092285
2002,4.095646858215332,,44.28035497665405,0.023642778396606445
2003,4.106110095977783,,44.30209136009216,0.02173638343811035
2004,4.108910083770752,,44.32253551483154,0.020444154739379883
2005,4.099672317504883,,44.34548473358154,0.01646280288696289
2006,4.122560501098633,,44.36639046669006,0.020905733108520508
2007,4.107792377471924,,44.390727519989014,0.024337053298950195
2008,4.126818656921387,,44.41356587409973,0.022838354110717773
2009,4.114762306213379,,44.43548130989075,0.021915435791015625
2010,4.106391906738281,,44.457817792892456,0.019661426544189453
2011,4.115091323852539,,44.47938919067383,0.02157139778137207
2012,4.114937782287598,,44.50130224227905,0.015767574310302734
2013,4.103787422180176,,44.523377418518066,0.022075176239013672
2014,4.151952743530273,,44.5453143119812,0.021936893463134766
2015,4.12672758102417,,44.567306995391846,0.017804861068725586
2016,4.133282661437988,,44.58932900428772,0.022022008895874023
2017,4.100409030914307,,44.613107681274414,0.023778676986694336
2018,4.133014678955078,,44.63475966453552,0.0216519832611084
2019,4.10025691986084,,44.655359745025635,0.020600080490112305
2020,4.143213748931885,,44.67842245101929,0.017853975296020508
2021,4.088659286499023,,44.69956874847412,0.021146297454833984
2022,4.132539749145508,,44.72152233123779,0.021953582763671875
2023,4.1190385818481445,,44.74386739730835,0.019661426544189453
2024,4.1100382804870605,,44.765748500823975,0.021881103515625
2025,4.086854457855225,,44.78939366340637,0.017910003662109375
2026,4.093409538269043,,44.80980062484741,0.02040696144104004
2027,4.099765300750732,,44.831735134124756,0.02193450927734375
2028,4.105966567993164,,44.85463356971741,0.0197298526763916
2029,4.106801986694336,,44.8756639957428,0.021030426025390625
2030,4.104428291320801,,44.89758777618408,0.02192378044128418
2031,4.083436965942383,,44.91995453834534,0.022366762161254883
2032,4.085859775543213,,44.941991090774536,0.02203655242919922
2033,4.0740838050842285,,44.96516275405884,0.019725561141967773
2034,4.08998441696167,,44.9862380027771,0.02107524871826172
2035,4.0987043380737305,,45.01051878929138,0.017834901809692383
2036,4.11683464050293,,45.03330755233765,0.02278876304626465
2037,4.117260456085205,,45.05579137802124,0.02248382568359375
2038,4.090814590454102,,45.07784843444824,0.022057056427001953
2039,4.08575963973999,,45.09883189201355,0.020983457565307617
2040,4.059077739715576,,45.121180057525635,0.01744866371154785
2041,4.081514358520508,,45.14327645301819,0.02209639549255371
2042,4.070315361022949,,45.166951179504395,0.023674726486206055
2043,4.065555572509766,,45.188963174819946,0.022011995315551758
2044,4.082756042480469,,45.20959138870239,0.02062821388244629
2045,4.018949508666992,,45.232781410217285,0.01795506477355957
2046,4.078394889831543,,45.25378441810608,0.021003007888793945
2047,4.053774356842041,,45.27577781677246,0.021993398666381836
2048,4.054389953613281,,45.299694538116455,0.019891023635864258
2049,4.0802106857299805,,45.32052445411682,0.02082991600036621
2050,4.0509538650512695,,45.34240460395813,0.01724553108215332
2051,4.088014125823975,,45.364439487457275,0.022034883499145508
2052,4.101120471954346,,45.38817024230957,0.023730754852294922
2053,4.0719895362854,,45.40983772277832,0.02166748046875
2054,4.05636739730835,,45.430378913879395,0.02054119110107422
2055,4.0201640129089355,,45.453381061553955,0.017766237258911133
2056,4.0492401123046875,,45.47431445121765,0.02093338966369629
2057,4.075167655944824,,45.496288776397705,0.02197432518005371
2058,4.075084686279297,,45.51826357841492,0.01931476593017578
2059,4.051387786865234,,45.54030466079712,0.02204108238220215
2060,4.054368495941162,,45.56194019317627,0.015978097915649414
2061,4.093413352966309,,45.58411169052124,0.022171497344970703
2062,4.064198017120361,,45.606032848358154,0.021921157836914062
2063,4.037153244018555,,45.62858319282532,0.019106388092041016
2064,4.064501762390137,,45.650246143341064,0.02166295051574707
2065,4.054717063903809,,45.67312216758728,0.02287602424621582
2066,4.064499378204346,,45.69483256340027,0.02171039581298828
2067,4.065580368041992,,45.71601867675781,0.021186113357543945
2068,4.059908866882324,,45.73790955543518,0.01723480224609375
2069,4.080381870269775,,45.76071619987488,0.022806644439697266
2070,4.03162956237793,,45.78286623954773,0.022150039672851562
2071,4.061358451843262,,45.8048837184906,0.022017478942871094
2072,4.065361022949219,,45.82687950134277,0.02199578285217285
2073,4.0282721519470215,,45.850337266922,0.02007126808166504
2074,4.060118198394775,,45.870805501937866,0.02046823501586914
2075,4.053524971008301,,45.89375638961792,0.02295088768005371
2076,4.050831317901611,,45.915783405303955,0.022027015686035156
2077,4.05647611618042,,45.93669867515564,0.02091526985168457
2078,4.053950786590576,,45.95857238769531,0.017209768295288086
2079,4.092284679412842,,45.980533838272095,0.021961450576782227
2080,4.0268754959106445,,46.00419020652771,0.023656368255615234
2081,4.024385452270508,,46.024746894836426,0.02055668830871582
2082,4.0604753494262695,,46.046385526657104,0.02163863182067871
2083,4.023536682128906,,46.069287061691284,0.017733097076416016
2084,4.068643569946289,,46.09023857116699,0.020951509475708008
2085,4.069913864135742,,46.11226153373718,0.02202296257019043
2086,4.0503458976745605,,46.13411903381348,0.019193649291992188
2087,4.035202980041504,,46.15613555908203,0.022016525268554688
2088,4.0593581199646,,46.17778015136719,0.01598358154296875
2089,4.046000957489014,,46.19997215270996,0.022192001342773438
2090,4.054202556610107,,46.22191309928894,0.021940946578979492
2091,4.023957252502441,,46.245362281799316,0.018882274627685547
2092,4.035519599914551,,46.26583242416382,0.020470142364501953
2093,4.0240068435668945,,46.28884744644165,0.02301502227783203
2094,4.026248931884766,,46.310553550720215,0.021706104278564453
2095,4.031104564666748,,46.33169460296631,0.02114105224609375
2096,4.032736778259277,,46.35362195968628,0.017293453216552734
2097,4.013079643249512,,46.37578582763672,0.022163867950439453
2098,3.986720323562622,,46.39938449859619,0.023598670959472656
2099,4.047603130340576,,46.42324137687683,0.02385687828063965
2100,4.005300045013428,0.8825061440467834,46.448060274124146,0.024818897247314453
2101,4.024042129516602,,46.47004771232605,0.021987438201904297
2102,3.987246513366699,,46.49353837966919,0.02349066734313965
2103,4.01735782623291,,46.51536297798157,0.02182459831237793
2104,4.0229034423828125,,46.53591513633728,0.02055215835571289
2105,4.019057273864746,,46.55884552001953,0.01776885986328125
2106,4.002978324890137,,46.579785108566284,0.02093958854675293
2107,4.006626129150391,,46.60170340538025,0.021918296813964844
2108,3.997047185897827,,46.623950719833374,0.01966238021850586
2109,3.972714424133301,,46.64565181732178,0.02170109748840332
2110,4.033577919006348,,46.66753149032593,0.0157010555267334
2111,4.026042938232422,,46.68957185745239,0.022040367126464844
2112,4.016755104064941,,46.711507081985474,0.021935224533081055
2113,4.0057268142700195,,46.73309302330017,0.017977476119995117
2114,3.997910737991333,,46.7552227973938,0.02212977409362793
2115,4.010403633117676,,46.77897024154663,0.02374744415283203
2116,3.995380401611328,,46.80098271369934,0.02201247215270996
2117,3.9849934577941895,,46.82140278816223,0.020420074462890625
2118,4.0309062004089355,,46.84427571296692,0.0177309513092041
2119,4.012795925140381,,46.86523675918579,0.02096104621887207
2120,3.9854485988616943,,46.88709259033203,0.021855831146240234
2121,4.007426738739014,,46.908936500549316,0.019192934036254883
2122,3.996199607849121,,46.93087840080261,0.0219419002532959
2123,3.9888405799865723,,46.95278072357178,0.015778303146362305
2124,4.003130912780762,,46.97462773323059,0.021847009658813477
2125,3.9949398040771484,,46.99651002883911,0.021882295608520508
2126,4.025549411773682,,47.01987099647522,0.019979000091552734
2127,4.02091646194458,,47.040499687194824,0.020628690719604492
2128,4.020123481750488,,47.06343626976013,0.022936582565307617
2129,4.0118560791015625,,47.08510661125183,0.02167034149169922
2130,4.002584457397461,,47.10622000694275,0.02111339569091797
2131,4.017172813415527,,47.128154277801514,0.017174243927001953
2132,3.988600254058838,,47.15010046958923,0.021946191787719727
2133,3.9992218017578125,,47.17379069328308,0.023690223693847656
2134,3.9943089485168457,,47.19359588623047,0.019805192947387695
2135,3.9926891326904297,,47.21584701538086,0.022251129150390625
2136,3.9720239639282227,,47.23940563201904,0.017904996871948242
2137,3.9832141399383545,,47.25978994369507,0.02038431167602539
2138,3.9607133865356445,,47.28193140029907,0.022141456604003906
2139,3.971482992172241,,47.30484986305237,0.01979207992553711
2140,3.9683291912078857,,47.32581567764282,0.0209658145904541
2141,3.9603991508483887,,47.34795618057251,0.0221405029296875
2142,3.9774489402770996,,47.36987090110779,0.02191472053527832
2143,3.9571375846862793,,47.39197087287903,0.022099971771240234
2144,4.020249366760254,,47.41536545753479,0.020040512084960938
2145,3.9764792919158936,,47.43580102920532,0.020435571670532227
2146,3.9871721267700195,,47.45871448516846,0.022913455963134766
2147,3.990713119506836,,47.4803569316864,0.021642446517944336
2148,3.9909873008728027,,47.50144696235657,0.021090030670166016
2149,3.9742465019226074,,47.52339267730713,0.017235517501831055
2150,3.9898183345794678,,47.54521703720093,0.021824359893798828
2151,4.01286506652832,,47.56892275810242,0.023705720901489258
2152,3.970001459121704,,47.59058380126953,0.021661043167114258
2153,3.958578586578369,,47.61105132102966,0.020467519760131836
2154,3.96071457862854,,47.63389992713928,0.017734050750732422
2155,3.9907634258270264,,47.654874324798584,0.020974397659301758
2156,3.949382781982422,,47.67690825462341,0.0220339298248291
2157,3.977593183517456,,47.6988263130188,0.019201278686523438
2158,3.9574432373046875,,47.7208046913147,0.021978378295898438
2159,4.014691352844238,,47.74245309829712,0.016008377075195312
2160,3.9479804039001465,,47.76475739479065,0.022304296493530273
2161,3.9596681594848633,,47.78674101829529,0.021983623504638672
2162,4.010884761810303,,47.810144901275635,0.019983530044555664
2163,3.965400218963623,,47.83079290390015,0.02064800262451172
2164,3.9822890758514404,,47.853715658187866,0.022922754287719727
2165,3.945594072341919,,47.87543797492981,0.02172231674194336
2166,3.9754698276519775,,47.8967125415802,0.021274566650390625
2167,3.952096462249756,,47.918615102767944,0.01721334457397461
2168,3.932835340499878,,47.94069027900696,0.022075176239013672
2169,3.984145164489746,,47.96436548233032,0.023675203323364258
2170,3.9594664573669434,,47.98603653907776,0.021671056747436523
2171,3.965416193008423,,48.006534814834595,0.020498275756835938
2172,3.99129056930542,,48.02820634841919,0.015967130661010742
2173,3.9511499404907227,,48.05043077468872,0.02222442626953125
2174,3.963043451309204,,48.07231593132019,0.021885156631469727
2175,3.9787652492523193,,48.095707416534424,0.020021677017211914
2176,3.935288906097412,,48.1162006855011,0.020493268966674805
2177,3.9758481979370117,,48.13924312591553,0.02304244041442871
2178,3.9679043292999268,,48.160953998565674,0.021710872650146484
2179,3.9606056213378906,,48.18208360671997,0.021129608154296875
2180,3.9459311962127686,,48.203922748565674,0.01719212532043457
2181,3.9648990631103516,,48.225892543792725,0.02196979522705078
2182,3.955423355102539,,48.249568939208984,0.023676395416259766
2183,3.987819194793701,,48.271239280700684,0.02167034149169922
2184,3.965452194213867,,48.29160928726196,0.020370006561279297
2185,3.956022262573242,,48.31324601173401,0.016012191772460938
2186,3.983764410018921,,48.33544325828552,0.022197246551513672
2187,3.9408512115478516,,48.35734701156616,0.02190375328063965
2188,3.9531819820404053,,48.37895441055298,0.017968416213989258
2189,3.9532992839813232,,48.40123462677002,0.022280216217041016
2190,3.9652066230773926,,48.42486548423767,0.023630857467651367
2191,3.9538822174072266,,48.44657921791077,0.021713733673095703
2192,3.962991237640381,,48.4669828414917,0.020403623580932617
2193,3.9583897590637207,,48.4886212348938,0.015935420989990234
2194,3.940993547439575,,48.50457954406738,0.015958309173583984
2195,3.9544496536254883,,48.53832936286926,0.0179903507232666
2196,3.962050676345825,,48.55900979042053,0.02068042755126953
2197,3.959073066711426,,48.581297159194946,0.022287368774414062
2198,3.930238723754883,,48.604127645492554,0.019993305206298828
2199,3.9772799015045166,,48.62625765800476,0.02213001251220703
2200,3.9381606578826904,0.8826570510864258,48.65193819999695,0.020082712173461914
2201,3.9194302558898926,,48.67345905303955,0.02152085304260254
2202,3.8950881958007812,,48.6955509185791,0.02209186553955078
2203,3.915278673171997,,48.717467069625854,0.02191615104675293
2204,3.9584364891052246,,48.73944616317749,0.021979093551635742
2205,3.9254772663116455,,48.76298236846924,0.018683910369873047
2206,3.926455020904541,,48.783565282821655,0.020582914352416992
2207,3.9356353282928467,,48.80665111541748,0.023085832595825195
2208,3.9183053970336914,,48.828369140625,0.02171802520751953
2209,3.953914165496826,,48.84951114654541,0.021142005920410156
2210,3.9211668968200684,,48.871408224105835,0.01717972755432129
2211,3.9300320148468018,,48.89329791069031,0.021889686584472656
2212,3.9463696479797363,,48.91702699661255,0.02372908592224121
2213,3.9509472846984863,,48.93267822265625,0.015651226043701172
2214,3.8961341381073,,48.961599349975586,0.028921127319335938
2215,3.920186996459961,,48.98444151878357,0.01971578598022461
2216,3.9432616233825684,,49.0055136680603,0.0210721492767334
2217,3.938462257385254,,49.02740526199341,0.02189159393310547
2218,3.9222545623779297,,49.04942059516907,0.02201533317565918
2219,3.9200339317321777,,49.07132697105408,0.021906375885009766
2220,3.9024109840393066,,49.09473776817322,0.020012378692626953
2221,3.9190316200256348,,49.11516857147217,0.020430803298950195
2222,3.8908491134643555,,49.138328552246094,0.02315998077392578
2223,3.9445669651031494,,49.160003423690796,0.02167487144470215
2224,3.931622266769409,,49.18114447593689,0.02114105224609375
2225,3.8950977325439453,,49.20303797721863,0.0171968936920166
2226,3.9029359817504883,,49.22497892379761,0.021940946578979492
2227,3.917337417602539,,49.248740434646606,0.023761510848999023
2228,3.9247777462005615,,49.2704381942749,0.0216977596282959
2229,3.9102578163146973,,49.29078197479248,0.020343780517578125
2230,3.909788131713867,,49.3136522769928,0.017652273178100586
2231,3.877194881439209,,49.33465647697449,0.021004199981689453
2232,3.9047670364379883,,49.35657238960266,0.021915912628173828
2233,3.9148874282836914,,49.37838530540466,0.019184589385986328
2234,3.941385507583618,,49.400365114212036,0.021979808807373047
2235,3.9155898094177246,,49.4219491481781,0.015962839126586914
2236,3.906193256378174,,49.44408106803894,0.022131919860839844
2237,3.924276828765869,,49.46600151062012,0.021920442581176758
2238,3.9240779876708984,,49.487664461135864,0.017995834350585938
2239,3.926793098449707,,49.50994610786438,0.022281646728515625
2240,3.8819127082824707,,49.533493995666504,0.023547887802124023
2241,3.911133050918579,,49.553558111190796,0.020064115524291992
2242,3.920879364013672,,49.57577419281006,0.022216081619262695
2243,3.8863701820373535,,49.597411155700684,0.01594066619873047
2244,3.902406930923462,,49.619521141052246,0.0221099853515625
2245,3.887430191040039,,49.64147424697876,0.021953105926513672
2246,3.89113187789917,,49.66508412361145,0.01992321014404297
2247,3.9040627479553223,,49.68542194366455,0.020337820053100586
2248,3.8858516216278076,,49.709094285964966,0.02367234230041504
2249,3.9250783920288086,,49.73083186149597,0.02173757553100586
2250,3.908370018005371,,49.751256704330444,0.020424842834472656
2251,3.8849198818206787,,49.77411890029907,0.01770472526550293
2252,3.896635055541992,,49.794999837875366,0.020880937576293945
2253,3.9159750938415527,,49.81709671020508,0.022096872329711914
2254,3.8848795890808105,,49.839497089385986,0.019661426544189453
2255,3.8787198066711426,,49.861109256744385,0.021612167358398438
2256,3.903172016143799,,49.88300919532776,0.015799760818481445
2257,3.887404441833496,,49.90483593940735,0.021826744079589844
2258,3.8804824352264404,,49.92673683166504,0.02190089225769043
2259,3.9295105934143066,,49.950186252593994,0.0200042724609375
2260,3.905820369720459,,49.97072744369507,0.02054119110107422
2261,3.864434242248535,,49.993791341781616,0.02306389808654785
2262,3.879603624343872,,50.015498638153076,0.02170729637145996
2263,3.8559365272521973,,50.03678011894226,0.02128148078918457
2264,3.8916149139404297,,50.06141710281372,0.01999068260192871
2265,3.8798165321350098,,50.0818133354187,0.02039623260498047
2266,3.889504909515381,,50.10561966896057,0.023806333541870117
2267,3.8765010833740234,,50.12738823890686,0.021768569946289062
2268,3.8666024208068848,,50.14780402183533,0.020415782928466797
2269,3.865194797515869,,50.17074370384216,0.017650604248046875
2270,3.90826153755188,,50.191678285598755,0.020934581756591797
2271,3.8674814701080322,,50.21356534957886,0.02188706398010254
2272,3.8745229244232178,,50.23585081100464,0.019672155380249023
2273,3.854295253753662,,50.25770163536072,0.0218508243560791
2274,3.8651957511901855,,50.27937626838684,0.015981435775756836
2275,3.8994579315185547,,50.30150508880615,0.022128820419311523
2276,3.864044666290283,,50.323429107666016,0.02192401885986328
2277,3.9113574028015137,,50.346900939941406,0.019994735717773438
2278,3.8480825424194336,,50.36760473251343,0.020703792572021484
2279,3.88142991065979,,50.39058232307434,0.022977590560913086
2280,3.8599116802215576,,50.41463232040405,0.024049997329711914
2281,3.9017820358276367,,50.437997579574585,0.023365259170532227
2282,3.8620479106903076,,50.461984634399414,0.0239870548248291
2283,3.898524761199951,,50.485702991485596,0.02371835708618164
2284,3.865658760070801,,50.5074098110199,0.021706819534301758
2285,3.8740668296813965,,50.527820110321045,0.02041029930114746
2286,3.853933572769165,,50.550865173339844,0.01784038543701172
2287,3.9013357162475586,,50.57174038887024,0.020875215530395508
2288,3.8793599605560303,,50.59364652633667,0.021906137466430664
2289,3.868032217025757,,50.61703872680664,0.020001649856567383
2290,3.8808131217956543,,50.63754439353943,0.020505666732788086
2291,3.8837087154388428,,50.66048574447632,0.02294135093688965
2292,3.8775112628936768,,50.682302474975586,0.021816730499267578
2293,3.851472854614258,,50.703408002853394,0.021105527877807617
2294,3.844679355621338,,50.725465059280396,0.017455101013183594
2295,3.8811562061309814,,50.74745416641235,0.021989107131958008
2296,3.872063398361206,,50.77096152305603,0.023507356643676758
2297,3.895846366882324,,50.7927885055542,0.021826982498168945
2298,3.851145029067993,,50.813331842422485,0.020543336868286133
2299,3.872587203979492,,50.836310625076294,0.01777482032775879
2300,3.8429689407348633,0.8793895006179809,50.860230922698975,0.023920297622680664
2301,3.859752655029297,,50.88189911842346,0.015990257263183594
2302,3.856912612915039,,50.904057025909424,0.022157907485961914
2303,3.894303798675537,,50.926000118255615,0.021943092346191406
2304,3.8661985397338867,,50.94946312904358,0.02002429962158203
2305,3.864344596862793,,50.97020196914673,0.020738840103149414
2306,3.84245228767395,,50.993398666381836,0.023196697235107422
2307,3.853468894958496,,51.01510047912598,0.021701812744140625
2308,3.86950421333313,,51.03623628616333,0.021135807037353516
2309,3.8430609703063965,,51.05808472633362,0.017168521881103516
2310,3.8338418006896973,,51.080172300338745,0.022087574005126953
2311,3.861854076385498,,51.10385751724243,0.023685216903686523
2312,3.871842384338379,,51.12552762031555,0.021670103073120117
2313,3.8290843963623047,,51.146137952804565,0.020610332489013672
2314,3.8728792667388916,,51.16905879974365,0.017703533172607422
2315,3.8559341430664062,,51.18998980522156,0.020931005477905273
2316,3.8837008476257324,,51.21191620826721,0.021926403045654297
2317,3.877070665359497,,51.23420000076294,0.019704818725585938
2318,3.8241233825683594,,51.255956172943115,0.02175617218017578
2319,3.8477301597595215,,51.279725313186646,0.018083572387695312
2320,3.8292503356933594,,51.29985451698303,0.02012920379638672
2321,3.8375442028045654,,51.321842670440674,0.0219881534576416
2322,3.868386745452881,,51.34526538848877,0.02001810073852539
2323,3.8288469314575195,,51.36582159996033,0.020556211471557617
2324,3.8373336791992188,,51.38880753517151,0.02298593521118164
2325,3.860332489013672,,51.41055631637573,0.021748781204223633
2326,3.866769552230835,,51.43179249763489,0.021236181259155273
2327,3.8794567584991455,,51.45379567146301,0.017282485961914062
2328,3.8325672149658203,,51.47572445869446,0.021928787231445312
2329,3.8690781593322754,,51.49926400184631,0.02353954315185547
2330,3.8148295879364014,,51.52108883857727,0.02182483673095703
2331,3.819023609161377,,51.54177784919739,0.020689010620117188
2332,3.8407883644104004,,51.564671993255615,0.01773548126220703
2333,3.8409736156463623,,51.585606813430786,0.0209348201751709
2334,3.8335001468658447,,51.607497215270996,0.02189040184020996
2335,3.8260326385498047,,51.629865646362305,0.019715070724487305
2336,3.820544719696045,,51.651347160339355,0.02148151397705078
2337,3.8181090354919434,,51.6732611656189,0.015837907791137695
2338,3.8480896949768066,,51.69513726234436,0.021876096725463867
2339,3.833286762237549,,51.717036485672,0.02189922332763672
2340,3.820159673690796,,51.74036478996277,0.019936561584472656
2341,3.8295328617095947,,51.76090621948242,0.02054142951965332
2342,3.8532912731170654,,51.783811807632446,0.022905588150024414
2343,3.8002450466156006,,51.80556869506836,0.021756887435913086
2344,3.847700595855713,,51.82690405845642,0.021335363388061523
2345,3.8773818016052246,,51.848896741867065,0.01728343963623047
2346,3.8049561977386475,,51.87094068527222,0.022043943405151367
2347,3.853799819946289,,51.894660234451294,0.02371954917907715
2348,3.847154140472412,,51.91456198692322,0.019901752471923828
2349,3.808009624481201,,51.936856508255005,0.02229452133178711
2350,3.8297247886657715,,51.95814323425293,0.015657424926757812
2351,3.833108901977539,,51.984073638916016,0.025930404663085938
2352,3.7970128059387207,,52.00586199760437,0.015660524368286133
2353,3.8529324531555176,,52.02808165550232,0.02221965789794922
2354,3.794261932373047,,52.050097942352295,0.022016286849975586
2355,3.8490586280822754,,52.07356238365173,0.020114898681640625
2356,3.8462796211242676,,52.094075202941895,0.020512819290161133
2357,3.807417154312134,,52.11707520484924,0.023000001907348633
2358,3.8451476097106934,,52.13877630233765,0.02170109748840332
2359,3.806579113006592,,52.159921407699585,0.021145105361938477
2360,3.8154282569885254,,52.18172335624695,0.017264604568481445
2361,3.794241428375244,,52.20390462875366,0.022181272506713867
2362,3.83221697807312,,52.2275550365448,0.023650407791137695
2363,3.788766384124756,,52.249226331710815,0.021671295166015625
2364,3.810250997543335,,52.26981568336487,0.020589351654052734
2365,3.8118503093719482,,52.29271078109741,0.017748594284057617
2366,3.8086395263671875,,52.31356978416443,0.0208590030670166
2367,3.8302183151245117,,52.33553957939148,0.02196979522705078
2368,3.83294677734375,,52.35740327835083,0.019173860549926758
2369,3.8078789710998535,,52.37944936752319,0.02204608917236328
2370,3.8195717334747314,,52.40108609199524,0.015944480895996094
2371,3.849943161010742,,52.42333102226257,0.022244930267333984
2372,3.831836700439453,,52.445261001586914,0.02192997932434082
2373,3.7942700386047363,,52.468711137771606,0.020064830780029297
2374,3.776623249053955,,52.4894323348999,0.0207211971282959
2375,3.824540138244629,,52.51240038871765,0.022968053817749023
2376,3.835078477859497,,52.534088373184204,0.021687984466552734
2377,3.783447265625,,52.55521631240845,0.021127939224243164
2378,3.7657246589660645,,52.57721543312073,0.01734328269958496
2379,3.7944440841674805,,52.599220752716064,0.022005319595336914
2380,3.8020284175872803,,52.62286901473999,0.02364826202392578
2381,3.763354778289795,,52.643640756607056,0.02077174186706543
2382,3.8163998126983643,,52.665220975875854,0.021580219268798828
2383,3.808028221130371,,52.68818140029907,0.017792463302612305
2384,3.827393054962158,,52.70905542373657,0.0208740234375
2385,3.8056232929229736,,52.731038093566895,0.021982669830322266
2386,3.793762683868408,,52.75295066833496,0.019261598587036133
2387,3.813732624053955,,52.77504062652588,0.02208995819091797
2388,3.819603443145752,,52.7966046333313,0.015924453735351562
2389,3.7746405601501465,,52.818828105926514,0.022223472595214844
2390,3.7919440269470215,,52.84101986885071,0.022191762924194336
2391,3.816633701324463,,52.864527463912964,0.02001047134399414
2392,3.775118827819824,,52.88508439064026,0.020556926727294922
2393,3.7962868213653564,,52.908053398132324,0.02296900749206543
2394,3.822936534881592,,52.929733753204346,0.021680355072021484
2395,3.8210270404815674,,52.9509711265564,0.02123737335205078
2396,3.8126397132873535,,52.972745418548584,0.017230510711669922
2397,3.818416118621826,,52.99615550041199,0.02341008186340332
2398,3.76442289352417,,53.018157958984375,0.022002458572387695
2399,3.8079681396484375,,53.040127992630005,0.021970033645629883
2400,3.820181131362915,0.8873594045639038,53.06600618362427,0.025878190994262695
2401,3.788996696472168,,53.08772873878479,0.02172255516052246
2402,3.778268814086914,,53.10825705528259,0.020528316497802734
2403,3.7971556186676025,,53.131110429763794,0.01767277717590332
2404,3.771942615509033,,53.15192699432373,0.020816564559936523
2405,3.7853314876556396,,53.17385816574097,0.021931171417236328
2406,3.791411876678467,,53.19620203971863,0.019666433334350586
2407,3.792198419570923,,53.21778917312622,0.021587133407592773
2408,3.8024260997772217,,53.241719484329224,0.017752885818481445
2409,3.7978971004486084,,53.26195240020752,0.0202329158782959
2410,3.77911376953125,,53.28390550613403,0.021953105926513672
2411,3.789295196533203,,53.307332038879395,0.02003026008605957
2412,3.7818994522094727,,53.327847957611084,0.020515918731689453
2413,3.7902987003326416,,53.3508243560791,0.022976398468017578
2414,3.768657684326172,,53.372511863708496,0.02168750762939453
2415,3.7974181175231934,,53.3937668800354,0.021255016326904297
2416,3.7421669960021973,,53.41592478752136,0.017449617385864258
2417,3.782764434814453,,53.437896966934204,0.021972179412841797
2418,3.7712252140045166,,53.46131134033203,0.02341437339782715
2419,3.7723264694213867,,53.48314356803894,0.02183222770690918
2420,3.7758631706237793,,53.50370955467224,0.02056598663330078
2421,3.788095235824585,,53.52672338485718,0.017742156982421875
2422,3.752983570098877,,53.54768705368042,0.020963668823242188
2423,3.7745656967163086,,53.569475412368774,0.021788358688354492
2424,3.7870593070983887,,53.591811418533325,0.0196688175201416
2425,3.773899555206299,,53.61337685585022,0.02156543731689453
2426,3.7725484371185303,,53.63530611991882,0.015737295150756836
2427,3.7823846340179443,,53.65723919868469,0.02193307876586914
2428,3.751635789871216,,53.67915225028992,0.02191305160522461
2429,3.783123731613159,,53.70078754425049,0.01799774169921875
2430,3.807952404022217,,53.7230544090271,0.022266864776611328
2431,3.7572803497314453,,53.74669885635376,0.023644447326660156
2432,3.7384073734283447,,53.76853680610657,0.021837949752807617
2433,3.7935500144958496,,53.78895831108093,0.020421504974365234
2434,3.757416248321533,,53.811912536621094,0.0177767276763916
2435,3.765127182006836,,53.83276081085205,0.02084827423095703
2436,3.751709461212158,,53.85472631454468,0.021965503692626953
2437,3.7630858421325684,,53.876638650894165,0.019238948822021484
2438,3.740662097930908,,53.89865827560425,0.022019624710083008
2439,3.8135900497436523,,53.9202880859375,0.01603531837463379
2440,3.7772774696350098,,53.94250512123108,0.0222170352935791
2441,3.752375602722168,,53.96449398994446,0.021988868713378906
2442,3.7732157707214355,,53.98784565925598,0.019997596740722656
2443,3.774939775466919,,54.00864863395691,0.020802974700927734
2444,3.7412304878234863,,54.03062391281128,0.021975278854370117
2445,3.752959728240967,,54.052571058273315,0.021947145462036133
2446,3.77016019821167,,54.074504137039185,0.02193307876586914
2447,3.7726168632507324,,54.097999572753906,0.020070552825927734
2448,3.7736001014709473,,54.118568658828735,0.0205690860748291
2449,3.7502803802490234,,54.14157724380493,0.02300858497619629
2450,3.7675983905792236,,54.16324806213379,0.021670818328857422
2451,3.7467079162597656,,54.1844584941864,0.021210432052612305
2452,3.7778921127319336,,54.20632290840149,0.017276287078857422
2453,3.761376142501831,,54.228198528289795,0.021875619888305664
2454,3.755460262298584,,54.251835107803345,0.023636579513549805
2455,3.744419574737549,,54.273497104644775,0.021661996841430664
2456,3.8110833168029785,,54.29392051696777,0.020423412322998047
2457,3.7964463233947754,,54.31595778465271,0.016865253448486328
2458,3.73000431060791,,54.3379340171814,0.021976232528686523
2459,3.7600388526916504,,54.35978055000305,0.021846532821655273
2460,3.7675678730010986,,54.382091760635376,0.01970052719116211
2461,3.7601699829101562,,54.4036705493927,0.02157878875732422
2462,3.754056453704834,,54.425591468811035,0.015737056732177734
2463,3.768636703491211,,54.44748640060425,0.02189493179321289
2464,3.754507064819336,,54.469552993774414,0.022066593170166016
2465,3.768731117248535,,54.492913246154785,0.020063400268554688
2466,3.7651612758636475,,54.51372456550598,0.02081131935119629
2467,3.7519168853759766,,54.535762548446655,0.022037982940673828
2468,3.7348532676696777,,54.55769443511963,0.021931886672973633
2469,3.786151170730591,,54.579652547836304,0.021958112716674805
2470,3.7327423095703125,,54.60311412811279,0.020000219345092773
2471,3.75361704826355,,54.62362265586853,0.020508527755737305
2472,3.752563953399658,,54.64664077758789,0.02301812171936035
2473,3.7424488067626953,,54.66831684112549,0.021676063537597656
2474,3.757150173187256,,54.68979215621948,0.02147531509399414
2475,3.7613754272460938,,54.71169972419739,0.017228126525878906
2476,3.7511184215545654,,54.733659744262695,0.021960020065307617
2477,3.768589735031128,,54.75731062889099,0.0236508846282959
2478,3.742511510848999,,54.778976917266846,0.021666288375854492
2479,3.7503960132598877,,54.799415826797485,0.02043890953063965
2480,3.7551417350769043,,54.82162022590637,0.017057180404663086
2481,3.7743821144104004,,54.843342781066895,0.02172255516052246
2482,3.72957181930542,,54.86553621292114,0.022193431854248047
2483,3.7277777194976807,,54.8876736164093,0.019407987594604492
2484,3.7419495582580566,,54.90968728065491,0.02201366424560547
2485,3.7337594032287598,,54.931344747543335,0.016005516052246094
2486,3.7429208755493164,,54.95350909233093,0.022164344787597656
2487,3.7233691215515137,,54.975789308547974,0.022280216217041016
2488,3.7488412857055664,,54.999255657196045,0.02002859115600586
2489,3.7483577728271484,,55.01976203918457,0.02050638198852539
2490,3.722524881362915,,55.042906045913696,0.023144006729125977
2491,3.7272467613220215,,55.06464767456055,0.021741628646850586
2492,3.726743221282959,,55.08585810661316,0.021210432052612305
2493,3.7410507202148438,,55.10771465301514,0.017214536666870117
2494,3.740231513977051,,55.129664182662964,0.02194952964782715
2495,3.734569787979126,,55.15335988998413,0.023695707321166992
2496,3.7138803005218506,,55.17527151107788,0.02191162109375
2497,3.697906017303467,,55.19584274291992,0.020571231842041016
2498,3.747767448425293,,55.217693567276,0.016720056533813477
2499,3.7316384315490723,,55.239651679992676,0.021958112716674805
2500,3.7052206993103027,0.887317955493927,55.26610732078552,0.02645564079284668
2501,3.7499356269836426,,55.286296129226685,0.02018880844116211
2502,3.707918882369995,,55.30823302268982,0.021936893463134766
2503,3.732560157775879,,55.32988667488098,0.018048763275146484
2504,3.6861095428466797,,55.3522732257843,0.022386550903320312
2505,3.7190542221069336,,55.37598705291748,0.02371382713317871
2506,3.7177212238311768,,55.397684812545776,0.0216977596282959
2507,3.720585823059082,,55.41811990737915,0.020435094833374023
2508,3.735480785369873,,55.43973445892334,0.01591968536376953
2509,3.716592311859131,,55.461909770965576,0.022175312042236328
2510,3.7208292484283447,,55.48379302024841,0.021883249282836914
2511,3.752041816711426,,55.50724196434021,0.02008986473083496
2512,3.719431161880493,,55.53125810623169,0.024016141891479492
2513,3.7350552082061768,,55.55482292175293,0.020075082778930664
2514,3.744584083557129,,55.575433015823364,0.02061009407043457
2515,3.731923818588257,,55.59909391403198,0.023660898208618164
2516,3.6944398880004883,,55.614367723464966,0.011525630950927734
2517,3.7358946800231934,,55.63440227508545,0.009763240814208984
2518,3.7248497009277344,,55.66207528114319,0.015726804733276367
2519,3.714156150817871,,55.678142070770264,0.009502649307250977
2520,3.748854637145996,,55.70004987716675,0.009520769119262695
2521,3.7134904861450195,,55.72576308250427,0.013939380645751953
2522,3.6945176124572754,,55.74341011047363,0.009020090103149414
2523,3.6971919536590576,,55.774312019348145,0.0170443058013916
2524,3.7035584449768066,,55.78913164138794,0.010767221450805664
2525,3.748023509979248,,55.816763401031494,0.016679048538208008
2526,3.7204785346984863,,55.83861804008484,0.01772308349609375
2527,3.740327835083008,,55.860565423965454,0.021947383880615234
2528,3.7260751724243164,,55.88390254974365,0.023337125778198242
2529,3.7348551750183105,,55.90571403503418,0.021811485290527344
2530,3.6963675022125244,,55.926960706710815,0.021246671676635742
2531,3.7405543327331543,,55.94917154312134,0.01759505271911621
2532,3.7011091709136963,,55.97124767303467,0.022076129913330078
2533,3.7345564365386963,,55.99491834640503,0.023670673370361328
2534,3.700413227081299,,56.01658058166504,0.021662235260009766
2535,3.6984713077545166,,56.03702092170715,0.020440340042114258
2536,3.698202133178711,,56.05989480018616,0.017723560333251953
2537,3.7137200832366943,,56.08089900016785,0.021004199981689453
2538,3.6812331676483154,,56.10295391082764,0.02205491065979004
2539,3.733043670654297,,56.1251962184906,0.01970195770263672
2540,3.689225673675537,,56.1468026638031,0.0216064453125
2541,3.7116920948028564,,56.16867542266846,0.015767335891723633
2542,3.703242063522339,,56.19062376022339,0.02194833755493164
2543,3.709622383117676,,56.21256494522095,0.021941184997558594
2544,3.696338415145874,,56.234182596206665,0.018047332763671875
2545,3.719888687133789,,56.256332874298096,0.022150278091430664
2546,3.7002344131469727,,56.28005647659302,0.023723602294921875
2547,3.7068629264831543,,56.30172920227051,0.021672725677490234
2548,3.668351650238037,,56.32236433029175,0.020635128021240234
2549,3.6854031085968018,,56.34526491165161,0.017764806747436523
2550,3.698500871658325,,56.366126537323,0.02086162567138672
2551,3.702709674835205,,56.38808035850525,0.021953821182250977
2552,3.703582763671875,,56.41101336479187,0.019648313522338867
2553,3.7007534503936768,,56.4321608543396,0.021147489547729492
2554,3.7158844470977783,,56.45405697822571,0.01532602310180664
2555,3.682997226715088,,56.47619986534119,0.022142887115478516
2556,3.689393997192383,,56.49786972999573,0.021669864654541016
2557,3.6863479614257812,,56.51981258392334,0.017744779586791992
2558,3.7055060863494873,,56.541759967803955,0.021947383880615234
2559,3.6697206497192383,,56.565486669540405,0.023726701736450195
2560,3.69694185256958,,56.587228298187256,0.021741628646850586
2561,3.6706204414367676,,56.607704401016235,0.020476102828979492
2562,3.6652560234069824,,56.63076210021973,0.017871856689453125
2563,3.689100742340088,,56.651646852493286,0.02088475227355957
2564,3.711528778076172,,56.673516511917114,0.021869659423828125
2565,3.7216367721557617,,56.69589352607727,0.019706249237060547
2566,3.665193796157837,,56.717570781707764,0.021677255630493164
2567,3.7048208713531494,,56.73923969268799,0.015979766845703125
2568,3.700953483581543,,56.761406898498535,0.022167205810546875
2569,3.6757850646972656,,56.783390522003174,0.021983623504638672
2570,3.706721305847168,,56.806840896606445,0.02005743980407715
2571,3.7337827682495117,,56.82747030258179,0.020629405975341797
2572,3.676375150680542,,56.85053825378418,0.023067951202392578
2573,3.707127332687378,,56.87219858169556,0.021660327911376953
2574,3.7080607414245605,,56.895355224609375,0.02315664291381836
2575,3.6587276458740234,,56.91777014732361,0.01967763900756836
2576,3.6862056255340576,,56.939876079559326,0.022105932235717773
2577,3.6774916648864746,,56.96149826049805,0.016013622283935547
2578,3.6916942596435547,,56.9836540222168,0.02215576171875
2579,3.6805648803710938,,57.00933527946472,0.025681257247924805
2580,3.6532070636749268,,57.031168699264526,0.021833419799804688
2581,3.6803853511810303,,57.05316472053528,0.021996021270751953
2582,3.699324607849121,,57.07656407356262,0.02001476287841797
2583,3.6712327003479004,,57.09706211090088,0.020498037338256836
2584,3.666454792022705,,57.120747327804565,0.023685216903686523
2585,3.6757826805114746,,57.142420530319214,0.021673202514648438
2586,3.6635632514953613,,57.16281771659851,0.020397186279296875
2587,3.6753158569335938,,57.1857430934906,0.017757415771484375
2588,3.6874475479125977,,57.20656371116638,0.02082061767578125
2589,3.6606998443603516,,57.22848892211914,0.02192521095275879
2590,3.6879470348358154,,57.25082516670227,0.018518924713134766
2591,3.6596343517303467,,57.27248406410217,0.021658897399902344
2592,3.699402093887329,,57.29438376426697,0.015706539154052734
2593,3.6995933055877686,,57.3105103969574,0.016126632690429688
2594,3.6891655921936035,,57.34239149093628,0.031881093978881836
2595,3.682509422302246,,57.364137411117554,0.021745920181274414
2596,3.660651683807373,,57.385727882385254,0.021590471267700195
2597,3.6817994117736816,,57.40765190124512,0.017757654190063477
2598,3.7058987617492676,,57.42958950996399,0.02193760871887207
2599,3.680452823638916,,57.453224420547485,0.023634910583496094
2600,3.6661272048950195,0.8814519286155701,57.476255655288696,0.023031234741210938
2601,3.6786797046661377,,57.498170137405396,0.02191448211669922
2602,3.723329544067383,,57.52005219459534,0.019288301467895508
2603,3.6686348915100098,,57.5420024394989,0.021950244903564453
2604,3.712602138519287,,57.563687562942505,0.015985727310180664
2605,3.6817939281463623,,57.585984230041504,0.022296667098999023
2606,3.668581485748291,,57.608142614364624,0.022158384323120117
2607,3.669119358062744,,57.63149333000183,0.02001500129699707
2608,3.6686248779296875,,57.65201544761658,0.020522117614746094
2609,3.706937789916992,,57.6749484539032,0.022933006286621094
2610,3.6267752647399902,,57.69686818122864,0.021919727325439453
2611,3.6945085525512695,,57.71807646751404,0.02120828628540039
2612,3.6355056762695312,,57.74004673957825,0.017296314239501953
2613,3.6562111377716064,,57.7619833946228,0.021936655044555664
2614,3.6491963863372803,,57.78572154045105,0.02373814582824707
2615,3.6725690364837646,,57.80738687515259,0.021665334701538086
2616,3.663548469543457,,57.8280816078186,0.020694732666015625
2617,3.683042526245117,,57.85097312927246,0.017714500427246094
2618,3.6667351722717285,,57.87204623222351,0.021073102951049805
2619,3.665616989135742,,57.89411783218384,0.02207159996032715
2620,3.665520191192627,,57.9165415763855,0.019724369049072266
2621,3.6635732650756836,,57.93850111961365,0.021959543228149414
2622,3.63740873336792,,57.96215343475342,0.017971038818359375
2623,3.642935037612915,,57.982356786727905,0.020203351974487305
2624,3.6374711990356445,,58.00453567504883,0.02217888832092285
2625,3.644963026046753,,58.02758765220642,0.019638538360595703
2626,3.650712490081787,,58.04872131347656,0.0211336612701416
2627,3.6635994911193848,,58.070844650268555,0.015775203704833984
2628,3.666996479034424,,58.09620404243469,0.025359392166137695
2629,3.6991448402404785,,58.118221282958984,0.022017240524291992
2630,3.675442934036255,,58.14014983177185,0.02192854881286621
2631,3.697829246520996,,58.16210889816284,0.02195906639099121
2632,3.637826681137085,,58.185636043548584,0.020115375518798828
2633,3.6460118293762207,,58.20611596107483,0.020479917526245117
2634,3.6233608722686768,,58.229312896728516,0.023196935653686523
2635,3.6563358306884766,,58.25016641616821,0.020853519439697266
2636,3.65447998046875,,58.27229952812195,0.02213311195373535
2637,3.640308380126953,,58.29424333572388,0.017246246337890625
2638,3.6763415336608887,,58.31616544723511,0.02192211151123047
2639,3.656583309173584,,58.33985090255737,0.023685455322265625
2640,3.638122320175171,,58.361793756484985,0.021942853927612305
2641,3.651136875152588,,58.38227701187134,0.02048325538635254
2642,3.6620373725891113,,58.405213356018066,0.017795085906982422
2643,3.6326565742492676,,58.4261372089386,0.020923852920532227
2644,3.6667532920837402,,58.44810676574707,0.02196955680847168
2645,3.6144955158233643,,58.47068381309509,0.019894123077392578
2646,3.6431965827941895,,58.49235200881958,0.021668195724487305
2647,3.6559524536132812,,58.51423454284668,0.015734434127807617
2648,3.63450288772583,,58.53613805770874,0.021903514862060547
2649,3.630159854888916,,58.55802035331726,0.021882295608520508
2650,3.631903886795044,,58.580758810043335,0.019352436065673828
2651,3.627751350402832,,58.6020827293396,0.02132391929626465
2652,3.66630220413208,,58.62506651878357,0.022983789443969727
2653,3.612201690673828,,58.64720034599304,0.022133827209472656
2654,3.6576361656188965,,58.668020248413086,0.020819902420043945
2655,3.6394248008728027,,58.690857887268066,0.017696857452392578
2656,3.68105149269104,,58.71209526062012,0.02123737335205078
2657,3.6690542697906494,,58.7339985370636,0.021903276443481445
2658,3.6312015056610107,,58.7559175491333,0.019228219985961914
2659,3.650040864944458,,58.77790975570679,0.021992206573486328
2660,3.6376211643218994,,58.799580574035645,0.016058921813964844
2661,3.635006904602051,,58.82179069519043,0.022210121154785156
2662,3.661885976791382,,58.84379577636719,0.022005081176757812
2663,3.6426501274108887,,58.86722207069397,0.019969701766967773
2664,3.6349563598632812,,58.88774538040161,0.0205233097076416
2665,3.641861915588379,,58.910768270492554,0.023022890090942383
2666,3.6214284896850586,,58.93251347541809,0.02174520492553711
2667,3.6714043617248535,,58.953777551651,0.021264076232910156
2668,3.638693332672119,,58.97567582130432,0.017232179641723633
2669,3.6429591178894043,,58.997591733932495,0.021915912628173828
2670,3.6325604915618896,,59.02127289772034,0.023681163787841797
2671,3.622772216796875,,59.04313611984253,0.021863222122192383
2672,3.6259570121765137,,59.06362438201904,0.020488262176513672
2673,3.645742893218994,,59.08653736114502,0.01773214340209961
2674,3.665286064147949,,59.1073944568634,0.02085709571838379
2675,3.62204647064209,,59.12923622131348,0.021841764450073242
2676,3.6414663791656494,,59.15115737915039,0.01925182342529297
2677,3.672192096710205,,59.17311692237854,0.021959543228149414
2678,3.6420788764953613,,59.19477128982544,0.01597762107849121
2679,3.623811960220337,,59.21696472167969,0.022193431854248047
2680,3.6144232749938965,,59.23894262313843,0.021977901458740234
2681,3.6496193408966064,,59.26235556602478,0.020000219345092773
2682,3.607475757598877,,59.2831506729126,0.020795106887817383
2683,3.6603264808654785,,59.30507278442383,0.02192211151123047
2684,3.635432243347168,,59.32707142829895,0.02199864387512207
2685,3.6494827270507812,,59.349092960357666,0.02202153205871582
2686,3.654191017150879,,59.37256598472595,0.020070791244506836
2687,3.625697612762451,,59.39313769340515,0.02057170867919922
2688,3.635709762573242,,59.416096687316895,0.022958993911743164
2689,3.6405200958251953,,59.43777894973755,0.021682262420654297
2690,3.633371353149414,,59.45884156227112,0.021062612533569336
2691,3.625352382659912,,59.48071002960205,0.017223358154296875
2692,3.6166038513183594,,59.50270414352417,0.02199411392211914
2693,3.6646361351013184,,59.52657413482666,0.023869991302490234
2694,3.6222453117370605,,59.548227071762085,0.021652936935424805
2695,3.6483664512634277,,59.56866097450256,0.020433902740478516
2696,3.6202735900878906,,59.59154653549194,0.01771688461303711
2697,3.6195406913757324,,59.612452268600464,0.020905733108520508
2698,3.617666721343994,,59.634406328201294,0.021954059600830078
2699,3.6235949993133545,,59.65751624107361,0.020436763763427734
2700,3.619964361190796,0.8877777099609375,59.68114686012268,0.023630619049072266
2701,3.656404972076416,,59.703439474105835,0.01969742774963379
2702,3.628655433654785,,59.72514510154724,0.02170562744140625
2703,3.6391875743865967,,59.74710702896118,0.015767812728881836
2704,3.6294610500335693,,59.769014835357666,0.021907806396484375
2705,3.6229591369628906,,59.79101824760437,0.0220034122467041
2706,3.6235790252685547,,59.81450533866882,0.020027875900268555
2707,3.612595796585083,,59.83495116233826,0.020445823669433594
2708,3.663879871368408,,59.85909819602966,0.02414703369140625
2709,3.6292338371276855,,59.87962007522583,0.020521879196166992
2710,3.6075825691223145,,59.900811433792114,0.02119135856628418
2711,3.5999526977539062,,59.922873735427856,0.017472505569458008
2712,3.621413230895996,,59.94504380226135,0.022170066833496094
2713,3.653918981552124,,59.968791007995605,0.02374720573425293
2714,3.6054418087005615,,59.98857378959656,0.01978278160095215
2715,3.62778639793396,,60.01085662841797,0.022282838821411133
2716,3.6257832050323486,,60.03418445587158,0.017659664154052734
2717,3.6324262619018555,,60.0550799369812,0.02089548110961914
2718,3.604154109954834,,60.07703733444214,0.0219573974609375
2719,3.641371488571167,,60.09889554977417,0.019201040267944336
2720,3.637012243270874,,60.120875120162964,0.021979570388793945
2721,3.5954442024230957,,60.14442682266235,0.017945528030395508
2722,3.6383657455444336,,60.16478610038757,0.020359277725219727
2723,3.631460666656494,,60.18676424026489,0.021978139877319336
2724,3.6016769409179688,,60.209675788879395,0.019763708114624023
2725,3.6055731773376465,,60.230687379837036,0.0210115909576416
2726,3.656630277633667,,60.25265288352966,0.015306711196899414
2727,3.6337647438049316,,60.27458071708679,0.021927833557128906
2728,3.617947578430176,,60.29660153388977,0.022020816802978516
2729,3.6158175468444824,,60.3200044631958,0.020048141479492188
2730,3.6216163635253906,,60.340484619140625,0.02048015594482422
2731,3.588670253753662,,60.36358642578125,0.023101806640625
2732,3.596315860748291,,60.38535737991333,0.021770954132080078
2733,3.5796267986297607,,60.40669131278992,0.021333932876586914
2734,3.610898017883301,,60.42863941192627,0.01775956153869629
2735,3.5935206413269043,,60.45054602622986,0.021906614303588867
2736,3.6096982955932617,,60.474181175231934,0.023635149002075195
2737,3.616145610809326,,60.49583292007446,0.021651744842529297
2738,3.597367763519287,,60.51621675491333,0.020383834838867188
2739,3.630143642425537,,60.53917169570923,0.01776742935180664
2740,3.5916099548339844,,60.5601122379303,0.020940542221069336
2741,3.5848922729492188,,60.58201003074646,0.02189779281616211
2742,3.6163058280944824,,60.60430097579956,0.019662141799926758
2743,3.6374154090881348,,60.62593197822571,0.02163100242614746
2744,3.5877301692962646,,60.647878885269165,0.015806198120117188
2745,3.595648765563965,,60.66982364654541,0.021944761276245117
2746,3.6009247303009033,,60.69180178642273,0.021978139877319336
2747,3.6265299320220947,,60.715425968170166,0.020049333572387695
2748,3.601621627807617,,60.73598551750183,0.02055954933166504
2749,3.6408839225769043,,60.758968114852905,0.02298259735107422
2750,3.606172800064087,,60.7806715965271,0.021703481674194336
2751,3.5971970558166504,,60.80173397064209,0.021062374114990234
2752,3.62821102142334,,60.823615074157715,0.017215490341186523
2753,3.596831798553467,,60.84555745124817,0.0219423770904541
2754,3.605576515197754,,60.86923956871033,0.023682117462158203
2755,3.5838143825531006,,60.890902280807495,0.02166271209716797
2756,3.5929627418518066,,60.911327838897705,0.02042555809020996
2757,3.57712721824646,,60.9344220161438,0.017906665802001953
2758,3.5693726539611816,,60.95560002326965,0.021178007125854492
2759,3.602027177810669,,60.97761559486389,0.02201557159423828
2760,3.584747791290283,,60.99999523162842,0.019710540771484375
2761,3.603259801864624,,61.02169609069824,0.02170085906982422
2762,3.5965523719787598,,61.04345202445984,0.015648603439331055
2763,3.5864176750183105,,61.06897592544556,0.025523900985717773
2764,3.6199405193328857,,61.090859174728394,0.01530909538269043
2765,3.598937749862671,,61.1127815246582,0.02192234992980957
2766,3.5973572731018066,,61.1347279548645,0.021946430206298828
2767,3.6022844314575195,,61.15817666053772,0.0200197696685791
2768,3.6233787536621094,,61.178656578063965,0.020479917526245117
2769,3.6020755767822266,,61.20159459114075,0.022938013076782227
2770,3.582256317138672,,61.22252440452576,0.020929813385009766
2771,3.608797550201416,,61.244619846343994,0.022095441818237305
2772,3.6039795875549316,,61.26645874977112,0.01723933219909668
2773,3.568927526473999,,61.28855633735657,0.02209758758544922
2774,3.6112754344940186,,61.312260150909424,0.023703813552856445
2775,3.5759007930755615,,61.33391308784485,0.021652936935424805
2776,3.591475486755371,,61.354326009750366,0.020412921905517578
2777,3.608206272125244,,61.37599229812622,0.016028642654418945
2778,3.622162103652954,,61.398189306259155,0.02219700813293457
2779,3.569394588470459,,61.420295000076294,0.022105693817138672
2780,3.573113441467285,,61.443702936172485,0.02003002166748047
2781,3.559669017791748,,61.46457123756409,0.020868301391601562
2782,3.575242519378662,,61.48659348487854,0.015352249145507812
2783,3.5734195709228516,,61.50855040550232,0.021956920623779297
2784,3.5746262073516846,,61.530601024627686,0.02205061912536621
2785,3.608283519744873,,61.55405950546265,0.0200197696685791
2786,3.5890626907348633,,61.57471299171448,0.020653486251831055
2787,3.5985183715820312,,61.597609996795654,0.022897005081176758
2788,3.5906946659088135,,61.61936855316162,0.021758556365966797
2789,3.557196855545044,,61.64065504074097,0.021286487579345703
2790,3.624650478363037,,61.66343021392822,0.01809859275817871
2791,3.6055662631988525,,61.684552907943726,0.02112269401550293
2792,3.589390754699707,,61.70814657211304,0.023593664169311523
2793,3.5947837829589844,,61.72996544837952,0.021818876266479492
2794,3.6060874462127686,,61.75044012069702,0.020474672317504883
2795,3.578280210494995,,61.77336025238037,0.017772436141967773
2796,3.578195095062256,,61.794347524642944,0.020987272262573242
2797,3.592883586883545,,61.81626009941101,0.021912574768066406
2798,3.5992913246154785,,61.838584423065186,0.01967144012451172
2799,3.5591044425964355,,61.86015176773071,0.021567344665527344
2800,3.599715232849121,0.8860220909118652,61.8864221572876,0.02009415626525879
2801,3.5848331451416016,,61.90688705444336,0.02046489715576172
2802,3.5815751552581787,,61.929906129837036,0.023019075393676758
2803,3.5830447673797607,,61.9516487121582,0.021742582321166992
2804,3.5576231479644775,,61.972981214523315,0.021332502365112305
2805,3.5791499614715576,,61.99489116668701,0.017217636108398438
2806,3.587092876434326,,62.01687574386597,0.021984577178955078
2807,3.592741012573242,,62.04060220718384,0.023726463317871094
2808,3.588583469390869,,62.06240129470825,0.021799087524414062
2809,3.579085350036621,,62.08282279968262,0.020421504974365234
2810,3.578329563140869,,62.1057562828064,0.017760276794433594
2811,3.5748629570007324,,62.12665796279907,0.02090167999267578
2812,3.5392744541168213,,62.150960206985474,0.024302244186401367
2813,3.5739057064056396,,62.17076015472412,0.01979994773864746
2814,3.568387508392334,,62.19272446632385,0.021964311599731445
2815,3.630049467086792,,62.21439456939697,0.0160062313079834
2816,3.5550007820129395,,62.236605644226074,0.022211074829101562
2817,3.5950522422790527,,62.25857901573181,0.021973371505737305
2818,3.597869396209717,,62.28200650215149,0.020013809204101562
2819,3.5530714988708496,,62.30258536338806,0.020578861236572266
2820,3.58278226852417,,62.32569169998169,0.02310633659362793
2821,3.560610055923462,,62.3473756313324,0.021683931350708008
2822,3.5702013969421387,,62.36857581138611,0.021200180053710938
2823,3.5803847312927246,,62.39047384262085,0.017242431640625
2824,3.563380718231201,,62.41241502761841,0.021941184997558594
2825,3.5703372955322266,,62.435903549194336,0.023488521575927734
2826,3.5557172298431396,,62.45591616630554,0.020012617111206055
2827,3.5714309215545654,,62.47819185256958,0.022275686264038086
2828,3.5891013145446777,,62.50189161300659,0.018071651458740234
2829,3.567352771759033,,62.525919675827026,0.02402806282043457
2830,3.5511341094970703,,62.54775667190552,0.01606917381286621
2831,3.5622196197509766,,62.569992542266846,0.022235870361328125
2832,3.592106580734253,,62.59198617935181,0.021993637084960938
2833,3.559454917907715,,62.615421772003174,0.020020484924316406
2834,3.561976671218872,,62.63598418235779,0.020562410354614258
2835,3.5686750411987305,,62.65895986557007,0.022975683212280273
2836,3.529592990875244,,62.680639028549194,0.021679162979125977
2837,3.556379556655884,,62.701998472213745,0.02135944366455078
2838,3.538818836212158,,62.72394371032715,0.017286300659179688
2839,3.582134485244751,,62.74597954750061,0.022035837173461914
2840,3.5649046897888184,,62.76977062225342,0.023791074752807617
2841,3.5606751441955566,,62.791441202163696,0.02167057991027832
2842,3.5552542209625244,,62.811962366104126,0.020521163940429688
2843,3.586555242538452,,62.83487391471863,0.01775050163269043
2844,3.5549473762512207,,62.855793476104736,0.0209195613861084
2845,3.5542330741882324,,62.87775373458862,0.02196025848388672
2846,3.536698579788208,,62.90018153190613,0.019794464111328125
2847,3.5452003479003906,,62.92163610458374,0.021454572677612305
2848,3.5791807174682617,,62.94349670410156,0.015752792358398438
2849,3.5642201900482178,,62.96552491188049,0.022028207778930664
2850,3.5525286197662354,,62.98769521713257,0.022170305252075195
2851,3.5582563877105713,,63.01113772392273,0.020081520080566406
2852,3.5604660511016846,,63.03195786476135,0.020820140838623047
2853,3.5826635360717773,,63.054877042770386,0.022919178009033203
2854,3.558091640472412,,63.076580286026,0.021703243255615234
2855,3.569411277770996,,63.0978798866272,0.02129960060119629
2856,3.5565319061279297,,63.11977243423462,0.01727581024169922
2857,3.5851426124572754,,63.14175987243652,0.021987438201904297
2858,3.564317226409912,,63.165483713150024,0.023723840713500977
2859,3.567819595336914,,63.18726062774658,0.021776914596557617
2860,3.546942949295044,,63.207590103149414,0.02032947540283203
2861,3.5719120502471924,,63.231314182281494,0.0180361270904541
2862,3.5420353412628174,,63.25151801109314,0.020203828811645508
2863,3.56166934967041,,63.2734911441803,0.021973133087158203
2864,3.5573863983154297,,63.296420097351074,0.019766569137573242
2865,3.5572166442871094,,63.31741786003113,0.02099776268005371
2866,3.5306355953216553,,63.33941698074341,0.021999120712280273
2867,3.566148042678833,,63.36141633987427,0.021999359130859375
2868,3.556572437286377,,63.38339138031006,0.021975040435791016
2869,3.5539751052856445,,63.40683174133301,0.020017385482788086
2870,3.5550081729888916,,63.42735719680786,0.020525455474853516
2871,3.568145990371704,,63.450331926345825,0.022974729537963867
2872,3.5858347415924072,,63.47205209732056,0.021720170974731445
2873,3.5292887687683105,,63.49345135688782,0.021399259567260742
2874,3.557529926300049,,63.51537537574768,0.017250776290893555
2875,3.537135601043701,,63.5374321937561,0.02205681800842285
2876,3.542750835418701,,63.56118655204773,0.023754358291625977
2877,3.5576817989349365,,63.58203053474426,0.020843982696533203
2878,3.5343995094299316,,63.603265047073364,0.021234512329101562
2879,3.5451292991638184,,63.62494683265686,0.016034603118896484
2880,3.5515310764312744,,63.64715576171875,0.02220892906188965
2881,3.557600498199463,,63.66923928260803,0.022083520889282227
2882,3.5482306480407715,,63.69268798828125,0.02007889747619629
2883,3.555637836456299,,63.71337008476257,0.020682096481323242
2884,3.5368494987487793,,63.73636770248413,0.022997617721557617
2885,3.5489134788513184,,63.758179903030396,0.02181220054626465
2886,3.538428783416748,,63.77928614616394,0.021106243133544922
2887,3.557133674621582,,63.801143646240234,0.017238378524780273
2888,3.5360076427459717,,63.82305932044983,0.021915674209594727
2889,3.5692546367645264,,63.84677219390869,0.023712873458862305
2890,3.5338730812072754,,63.86844229698181,0.021670103073120117
2891,3.5420753955841064,,63.88891339302063,0.02047109603881836
2892,3.5368142127990723,,63.911826610565186,0.01778578758239746
2893,3.5480823516845703,,63.932719469070435,0.020892858505249023
2894,3.5579190254211426,,63.95454430580139,0.02182483673095703
2895,3.536273956298828,,63.976826190948486,0.019663095474243164
2896,3.5621285438537598,,63.998533964157104,0.021707773208618164
2897,3.5722906589508057,,64.02050137519836,0.015781641006469727
2898,3.491487979888916,,64.04270148277283,0.02220010757446289
2899,3.5555830001831055,,64.06466031074524,0.02195882797241211
2900,3.5318024158477783,0.8865588307380676,64.08978223800659,0.02167677879333496
2901,3.5655806064605713,,64.11143732070923,0.02165508270263672
2902,3.5248608589172363,,64.13334846496582,0.01773548126220703
2903,3.5525245666503906,,64.15522980690002,0.0218813419342041
2904,3.565408229827881,,64.17885947227478,0.02362966537475586
2905,3.5381712913513184,,64.19879722595215,0.019937753677368164
2906,3.511683940887451,,64.22098517417908,0.02218794822692871
2907,3.553774118423462,,64.2426164150238,0.01593947410583496
2908,3.5247106552124023,,64.26484632492065,0.022229909896850586
2909,3.5562002658843994,,64.28682398796082,0.021977663040161133
2910,3.5336475372314453,,64.31026577949524,0.020020008087158203
2911,3.5503311157226562,,64.33091902732849,0.020653247833251953
2912,3.531970977783203,,64.35392665863037,0.023007631301879883
2913,3.560157299041748,,64.37564516067505,0.021718502044677734
2914,3.5164871215820312,,64.39682412147522,0.0211789608001709
2915,3.5274600982666016,,64.41862988471985,0.01721787452697754
2916,3.551417827606201,,64.440603017807,0.021973133087158203
2917,3.516122341156006,,64.46432161331177,0.023718595504760742
2918,3.537583827972412,,64.48602366447449,0.021702051162719727
2919,3.5433621406555176,,64.50650596618652,0.020482301712036133
2920,3.518125534057617,,64.53027367591858,0.018124103546142578
2921,3.5302934646606445,,64.55396246910095,0.023688793182373047
2922,3.5522241592407227,,64.57597708702087,0.015801191329956055
2923,3.5545105934143066,,64.59805512428284,0.02207803726196289
2924,3.5588536262512207,,64.62001943588257,0.021964311599731445
2925,3.5202279090881348,,64.6437132358551,0.019988536834716797
2926,3.5407586097717285,,64.66401886940002,0.020305633544921875
2927,3.5066394805908203,,64.68775033950806,0.023731470108032227
2928,3.5331480503082275,,64.70763802528381,0.019887685775756836
2929,3.535645008087158,,64.72996401786804,0.022325992584228516
2930,3.530587911605835,,64.75164008140564,0.01597738265991211
2931,3.5564889907836914,,64.77384495735168,0.022204875946044922
2932,3.529359817504883,,64.79579162597656,0.02194666862487793
2933,3.534257411956787,,64.81926083564758,0.020049333572387695
2934,3.5411765575408936,,64.83975219726562,0.020491361618041992
2935,3.5148706436157227,,64.86364412307739,0.023891925811767578
2936,3.5541815757751465,,64.88438820838928,0.02074408531188965
2937,3.518965482711792,,64.90557336807251,0.02118515968322754
2938,3.537031650543213,,64.92750453948975,0.01723504066467285
2939,3.56754207611084,,64.9494559764862,0.02195143699645996
2940,3.529667615890503,,64.97301077842712,0.02355480194091797
2941,3.5178301334381104,,64.9948627948761,0.02185201644897461
2942,3.5337772369384766,,65.01545405387878,0.020591259002685547
2943,3.5340356826782227,,65.03836679458618,0.017764568328857422
2944,3.5188868045806885,,65.05933022499084,0.020963430404663086
2945,3.533018112182617,,65.08118963241577,0.021859407424926758
2946,3.534044027328491,,65.10353350639343,0.019662857055664062
2947,3.5394320487976074,,65.12556338310242,0.022029876708984375
2948,3.5260465145111084,,65.14746284484863,0.015736103057861328
2949,3.545616388320923,,65.16955757141113,0.0220947265625
2950,3.5281758308410645,,65.19126391410828,0.021706342697143555
2951,3.527499198913574,,65.21334338188171,0.017839431762695312
2952,3.498119592666626,,65.23542618751526,0.022082805633544922
2953,3.523050546646118,,65.25923490524292,0.023808717727661133
2954,3.5275707244873047,,65.28093481063843,0.021699905395507812
2955,3.513943910598755,,65.30127096176147,0.020336151123046875
2956,3.5420379638671875,,65.32290959358215,0.01596546173095703
2957,3.5225062370300293,,65.3451087474823,0.022199153900146484
2958,3.507114887237549,,65.36707377433777,0.02196502685546875
2959,3.5077271461486816,,65.39041090011597,0.0199434757232666
2960,3.5186893939971924,,65.41095161437988,0.020540714263916016
2961,3.530912399291992,,65.43391871452332,0.022967100143432617
2962,3.524275541305542,,65.45566177368164,0.021743059158325195
2963,3.5381739139556885,,65.47673630714417,0.021074533462524414
2964,3.5207526683807373,,65.49867010116577,0.017259597778320312
2965,3.512742280960083,,65.52064514160156,0.021975040435791016
2966,3.5264675617218018,,65.54437184333801,0.023726701736450195
2967,3.489708423614502,,65.56618595123291,0.02181410789489746
2968,3.5308966636657715,,65.59163427352905,0.025448322296142578
2969,3.528914451599121,,65.61333394050598,0.02169966697692871
2970,3.523055076599121,,65.6339693069458,0.020635366439819336
2971,3.509688377380371,,65.65690684318542,0.01770162582397461
2972,3.539354085922241,,65.67792010307312,0.021013259887695312
2973,3.493497371673584,,65.69983649253845,0.02191638946533203
2974,3.49599289894104,,65.72216749191284,0.019661903381347656
2975,3.503694772720337,,65.74377465248108,0.021607160568237305
2976,3.508957862854004,,65.7655770778656,0.015720605850219727
2977,3.5222554206848145,,65.78751111030579,0.021934032440185547
2978,3.4962053298950195,,65.80950021743774,0.021989107131958008
2979,3.527322292327881,,65.832923412323,0.019978761672973633
2980,3.4990110397338867,,65.85346031188965,0.02053689956665039
2981,3.4748196601867676,,65.87666869163513,0.0232083797454834
2982,3.527946949005127,,65.89839053153992,0.021721839904785156
2983,3.52421498298645,,65.91949224472046,0.021101713180541992
2984,3.5025370121002197,,65.94142270088196,0.01724696159362793
2985,3.511366367340088,,65.96338081359863,0.021958112716674805
2986,3.508558750152588,,65.98709988594055,0.023719072341918945
2987,3.5165998935699463,,66.0090115070343,0.02191162109375
2988,3.4895012378692627,,66.02947759628296,0.020466089248657227
2989,3.4915409088134766,,66.05245661735535,0.01772594451904297
2990,3.4953346252441406,,66.0733528137207,0.020896196365356445
2991,3.486898422241211,,66.0951144695282,0.021761655807495117
2992,3.503683567047119,,66.11700344085693,0.019264936447143555
2993,3.493159770965576,,66.1390733718872,0.022069931030273438
2994,3.5271987915039062,,66.16271233558655,0.017987966537475586
2995,3.5128984451293945,,66.18296599388123,0.020253658294677734
2996,3.5074334144592285,,66.2049732208252,0.022007226943969727
2997,3.538053512573242,,66.22848320007324,0.02006077766418457
2998,3.503981113433838,,66.24901366233826,0.02053046226501465
2999,3.4975855350494385,,66.27207016944885,0.023056507110595703
3000,3.5274574756622314,0.8852360010147095,66.29599380493164,0.023923635482788086
