epochs,losses,size_losses,religion_losses,ethnicity_losses,household_composition_losses,religion_accuracies,ethnicity_accuracies,household_composition_accuracies,size_distribution_accuracies,overall_accuracies,cumulative_time_seconds,epoch_time_seconds,tau_values,learning_rate,hidden_channels,combination_id
1,12.43832778930664,4.024534702301025,1.6347352266311646,1.7866665124893188,4.992391109466553,35.03811380960823,48.27158305265024,13.401879099450454,91.65240526199341,47.09099530592558,4.6526594161987305,4.6526594161987305,0.995,0.005,64,lr_0.005_hc_64
2,11.795465469360352,3.384674310684204,1.6283613443374634,1.7873835563659668,4.995046138763428,35.206523666016665,48.64385747207942,13.490515865981209,92.27802753448486,47.40473113464054,13.617984533309937,8.75951886177063,0.990025,0.005,64,lr_0.005_hc_64
3,11.230405807495117,2.836947202682495,1.6318734884262085,1.7812700271606445,4.980315685272217,35.2685694025882,47.30544229746499,14.297110441411098,93.00049543380737,47.46790439381792,29.486686944961548,15.462740898132324,0.985074875,0.005,64,lr_0.005_hc_64
4,10.44589614868164,2.144575357437134,1.629941463470459,1.752882480621338,4.918497562408447,34.71015777344442,46.64953022513739,14.297110441411098,93.47695112228394,47.28343739056921,42.831664085388184,12.9149751663208,0.9801495006250001,0.005,64,lr_0.005_hc_64
5,9.631664276123047,1.394783616065979,1.6259164810180664,1.7352356910705566,4.875729084014893,34.90515865981209,45.73657152987059,16.007800035454707,95.11102437973022,47.9401386512169,53.967467308044434,10.721693515777588,0.9752487531218751,0.005,64,lr_0.005_hc_64
6,9.146444320678711,0.9541993737220764,1.6154614686965942,1.7203904390335083,4.856392860412598,35.091295869526675,44.619748271583056,17.34621521006914,92.16845035552979,47.30642742667717,65.18142008781433,10.727469444274902,0.9703725093562657,0.005,64,lr_0.005_hc_64
7,8.943059921264648,0.7950753569602966,1.6042637825012207,1.7054402828216553,4.83828067779541,35.4103882290374,44.362701648643856,19.118950540684278,83.93360376358032,45.70641104548646,77.28446793556213,11.696930885314941,0.9655206468094844,0.005,64,lr_0.005_hc_64
8,8.794454574584961,0.7202796339988708,1.592177391052246,1.6922073364257812,4.789790630340576,36.36766530756958,43.29906045027477,20.386456302074098,83.10160636901855,45.78869710723425,88.69875907897949,10.985545635223389,0.960693043575437,0.005,64,lr_0.005_hc_64
9,8.60230541229248,0.6723950505256653,1.5754956007003784,1.6518970727920532,4.702517509460449,37.11221414642794,44.371565325296935,22.744194291792237,83.95187258720398,47.04496158768027,98.53653359413147,9.400015115737915,0.9558895783575597,0.005,64,lr_0.005_hc_64
10,8.398202896118164,0.598341166973114,1.5532015562057495,1.6329761743545532,4.61368465423584,38.20244637475625,44.77043077468534,23.462152100691366,86.47170066833496,48.226682479616976,108.45689225196838,9.527851343154907,0.9511101304657719,0.005,64,lr_0.005_hc_64
11,8.251737594604492,0.584250807762146,1.5364984273910522,1.6051281690597534,4.525860786437988,39.06222301010459,45.896117709625955,24.844885658571176,90.50829410552979,50.07788012095787,117.5216383934021,8.657415866851807,0.946354579813443,0.005,64,lr_0.005_hc_64
12,8.195844650268555,0.619091808795929,1.5302462577819824,1.6038278341293335,4.442678928375244,39.461088459493,46.144300655912076,24.862613011877325,91.54437780380249,50.50309498277122,127.56947684288025,9.66306447982788,0.9416228069143757,0.005,64,lr_0.005_hc_64
13,8.086824417114258,0.5991674065589905,1.5366696119308472,1.5885794162750244,4.36240816116333,39.930863322106006,46.69384860840277,26.227619216450982,93.33915710449219,51.547872062862986,136.779052734375,8.784762859344482,0.9369146928798039,0.005,64,lr_0.005_hc_64
14,8.059365272521973,0.6658273935317993,1.524125576019287,1.5892479419708252,4.2801642417907715,40.9945045204751,46.40134727885127,27.078532175146254,91.64023399353027,51.528654492000726,145.99501371383667,8.813761472702026,0.9322301194154049,0.005,64,lr_0.005_hc_64
15,7.992332458496094,0.6102795600891113,1.5327186584472656,1.5838873386383057,4.265446662902832,41.1363233469243,46.915440524729654,27.982627193759974,91.38413667678833,51.854631935550564,155.49479699134827,9.12143611907959,0.9275689688183278,0.005,64,lr_0.005_hc_64
16,7.95911979675293,0.6427362561225891,1.5025837421417236,1.5625028610229492,4.2512969970703125,41.84541747917036,47.846126573302605,28.177628080127636,93.07389259338379,52.7357661814961,165.56671476364136,9.659066200256348,0.9229311239742362,0.005,64,lr_0.005_hc_64
17,7.865126132965088,0.6520823240280151,1.4678230285644531,1.5163673162460327,4.228853225708008,43.43201560007091,49.84931749689771,29.108314128700584,91.2212610244751,53.40272706253608,176.60643601417542,10.636600732803345,0.918316468354365,0.005,64,lr_0.005_hc_64
18,7.807341575622559,0.6580684781074524,1.4369598627090454,1.5021388530731201,4.210174083709717,44.522247828399216,50.2925013295515,29.51604325474207,90.99487066268921,53.83141576884549,187.19942021369934,10.174147844314575,0.9137248860125932,0.005,64,lr_0.005_hc_64
19,7.738169193267822,0.661963701248169,1.415936827659607,1.4837994575500488,4.176469326019287,44.84134018790994,50.585002659103,29.89718135082432,88.81939649581909,53.53573017341409,198.21382117271423,10.522346258163452,0.9091562615825302,0.005,64,lr_0.005_hc_64
20,7.65213680267334,0.6444472670555115,1.3943371772766113,1.4650108814239502,4.148341655731201,45.913845062932104,50.85977663534834,30.20741003368197,89.53617215156555,54.129300970881985,208.48699188232422,9.773620843887329,0.9046104802746175,0.005,64,lr_0.005_hc_64
21,7.570883750915527,0.6457415223121643,1.3581894636154175,1.4428402185440063,4.124112606048584,47.54476156709803,51.83478106718666,31.217869172132602,88.98652791976929,54.89598493154665,217.39423322677612,8.512597560882568,0.9000874278732445,0.005,64,lr_0.005_hc_64
22,7.557915687561035,0.6937812566757202,1.3451114892959595,1.427344799041748,4.091678142547607,48.510902322283286,51.80819003722744,32.308101400460906,88.0591332912445,55.17158176280403,226.82973051071167,9.01730990409851,0.8955869907338783,0.005,64,lr_0.005_hc_64
23,7.410036563873291,0.6520779728889465,1.319279670715332,1.4116994142532349,4.026979446411133,50.20386456302074,52.12728239673816,33.8060627548307,88.63409757614136,56.19282682268274,235.62685775756836,8.369242191314697,0.8911090557802088,0.005,64,lr_0.005_hc_64
24,7.370368480682373,0.7284445762634277,1.3014328479766846,1.3671016693115234,3.9733893871307373,50.354547066123025,53.25296933167878,34.89629498315902,86.92451119422913,56.35708064379749,244.57117176055908,8.525123834609985,0.8866535105013078,0.005,64,lr_0.005_hc_64
25,7.325520992279053,0.7568132281303406,1.28660249710083,1.3653051853179932,3.916800022125244,51.13455061159369,53.944336110618686,36.09289133132423,86.43567562103271,56.90186341864233,254.15112352371216,9.175588369369507,0.8822202429488013,0.005,64,lr_0.005_hc_64
26,7.248606204986572,0.7726765275001526,1.2688747644424438,1.3538919687271118,3.8531627655029297,52.552738876085805,54.95479524906931,37.83017195532707,86.86662912368774,58.05108380104248,266.7006278038025,11.989730834960938,0.8778091417340573,0.005,64,lr_0.005_hc_64
27,7.192379951477051,0.7648010849952698,1.27198326587677,1.3618751764297485,3.793720006942749,52.66796667257579,54.21911008686403,38.37085623116469,85.98401546478271,57.81048711384681,277.46396350860596,10.345930337905884,0.8734200960253871,0.005,64,lr_0.005_hc_64
28,7.162666320800781,0.7959900498390198,1.2741754055023193,1.3601515293121338,3.732349395751953,52.64137564261656,54.485020386456306,40.10813685516752,86.0884964466095,58.330757332712466,288.28786516189575,10.407890558242798,0.8690529955452602,0.005,64,lr_0.005_hc_64
29,7.107335090637207,0.7832209467887878,1.264728307723999,1.3545396327972412,3.7048463821411133,53.403651834781066,55.31820599184542,40.728594220882826,86.44338846206665,58.973460127393984,299.6412670612335,10.904048681259155,0.8647077305675338,0.005,64,lr_0.005_hc_64
30,7.1107072830200195,0.8357601165771484,1.2669514417648315,1.3475186824798584,3.6604771614074707,53.68728948767949,56.470483956745255,42.22655557525262,85.37861108779907,59.440735026869106,312.1827630996704,12.098732233047485,0.8603841919146962,0.005,64,lr_0.005_hc_64
31,6.998711109161377,0.8005973696708679,1.2659318447113037,1.3374791145324707,3.59470272064209,52.694557702535015,56.6034391065414,43.06860485729481,86.40786409378052,59.693616440037935,323.5754735469818,10.86836862564087,0.8560822709551227,0.005,64,lr_0.005_hc_64
32,6.955108642578125,0.8459911942481995,1.2519294023513794,1.3211767673492432,3.536011219024658,53.66069845772026,57.826626484665844,44.42474738521538,84.75178480148315,60.165964282271155,334.4107623100281,10.42519211769104,0.851801859600347,0.005,64,lr_0.005_hc_64
33,6.855971336364746,0.8424138426780701,1.229023814201355,1.2963557243347168,3.488178014755249,54.20138273355788,58.11026413756426,45.1870235773799,84.10823345184326,60.40172597508633,345.3407709598541,10.49839973449707,0.8475428503023453,0.005,64,lr_0.005_hc_64
34,6.871417045593262,0.8501251339912415,1.2259360551834106,1.2884806394577026,3.5068747997283936,54.449565679844,59.37776989895409,44.929976954440704,84.43323969841003,60.79763805791221,356.58370447158813,10.834369421005249,0.8433051360508336,0.005,64,lr_0.005_hc_64
35,6.791556358337402,0.8333368301391602,1.2185275554656982,1.2830564975738525,3.4566357135772705,54.449565679844,59.01435915617799,45.67452579329906,85.24878025054932,61.09680771996759,367.608460187912,10.602440595626831,0.8390886103705794,0.005,64,lr_0.005_hc_64
36,6.778845310211182,0.8151511549949646,1.2142220735549927,1.2800832986831665,3.469388961791992,55.01684098564085,59.03208650948414,45.39975181705371,86.81060075759888,61.56482001744439,378.11665081977844,10.090049982070923,0.8348931673187264,0.005,64,lr_0.005_hc_64
37,6.748917102813721,0.855698823928833,1.1994867324829102,1.2547450065612793,3.4389865398406982,55.30047863853926,59.909590498138634,45.99361815280979,84.7890555858612,61.49818571883722,389.6617822647095,11.115049123764038,0.8307187014821328,0.005,64,lr_0.005_hc_64
38,6.78074836730957,0.8936699628829956,1.2047398090362549,1.2449522018432617,3.4373862743377686,55.619570998049994,60.06913667789399,47.03953199787272,84.3207836151123,61.76225582223225,400.43688440322876,10.358644247055054,0.8265651079747222,0.005,64,lr_0.005_hc_64
39,6.678901195526123,0.8496936559677124,1.1883463859558105,1.2372044324874878,3.403656482696533,56.13366424392838,60.12231873781244,46.81794008154583,84.72554087638855,61.94986598491881,411.0338456630707,10.172947883605957,0.8224322824348486,0.005,64,lr_0.005_hc_64
40,6.601234436035156,0.886389434337616,1.1683669090270996,1.2204118967056274,3.326066255569458,56.00957277078532,60.95550434320156,47.93476333983337,85.8707845211029,62.69265624373078,421.8326814174652,10.369915246963501,0.8183201210226743,0.005,64,lr_0.005_hc_64
41,6.546074867248535,0.9130802750587463,1.1456902027130127,1.2050645351409912,3.282240152359009,57.2238964722567,60.40595639071087,49.45931572416239,83.93080830574036,62.75499422321757,432.7312927246094,10.466041564941406,0.8142285204175609,0.005,64,lr_0.005_hc_64
42,6.517937660217285,0.9025591015815735,1.1308597326278687,1.1938107013702393,3.290708065032959,57.605034568338944,60.93777698989541,49.211132777876266,84.16387438774109,62.97945468096293,443.2624144554138,10.105984210968018,0.810157377815473,0.005,64,lr_0.005_hc_64
43,6.53664493560791,0.8824301362037659,1.13010573387146,1.2218647003173828,3.3022444248199463,57.977308987768126,59.617089168587135,49.370678957631625,84.88086462020874,62.961485433548916,454.0431354045868,10.33558988571167,0.8061065909263957,0.005,64,lr_0.005_hc_64
44,6.491497993469238,0.9047720432281494,1.1142829656600952,1.2204207181930542,3.2520222663879395,59.200496365892576,59.90072682148555,50.12409147314306,85.24796962738037,63.618321071975394,465.0591814517975,10.580551624298096,0.8020760579717637,0.005,64,lr_0.005_hc_64
45,6.477492809295654,0.9388470649719238,1.1063863039016724,1.205369234085083,3.2268903255462646,59.04981386279029,60.8314128700585,50.01772735330615,84.45407152175903,63.58825640197849,476.2097797393799,10.736811399459839,0.798065677681905,0.005,64,lr_0.005_hc_64
46,6.472546577453613,0.956428587436676,1.0938328504562378,1.1966054439544678,3.225679397583008,59.68799858181174,61.38096082254919,49.937954263428466,86.0563576221466,64.265817822484,487.60247349739075,10.877652645111084,0.7940753492934954,0.005,64,lr_0.005_hc_64
47,6.47532844543457,1.000178575515747,1.106050729751587,1.1820741891860962,3.1870248317718506,59.60822549193405,61.425279205814576,51.55114341428825,84.12996530532837,64.17865335434131,498.80344820022583,10.772008895874023,0.7901049725470279,0.005,64,lr_0.005_hc_64
48,6.471806526184082,1.0182088613510132,1.098373293876648,1.1808665990829468,3.1743576526641846,60.21981918099628,61.55823435561071,51.68409856408438,84.4099760055542,64.46803202656139,510.7813642024994,11.517855167388916,0.7861544476842928,0.005,64,lr_0.005_hc_64
49,6.327278137207031,0.9731440544128418,1.0625869035720825,1.1755801439285278,3.1159675121307373,61.00868640312002,61.54050700230456,51.320687821308276,85.492342710495,64.84055598430696,521.4285023212433,10.234528541564941,0.7822236754458713,0.005,64,lr_0.005_hc_64
50,6.354334354400635,1.0222561359405518,1.062210202217102,1.1697129011154175,3.1001548767089844,60.80482184009928,61.69118950540684,52.34001063641198,86.13648414611816,65.24312653200907,532.6137766838074,10.757612466812134,0.778312557068642,0.005,64,lr_0.005_hc_64
51,6.331663131713867,1.0437761545181274,1.0419929027557373,1.1427983045578003,3.103095293045044,61.93937245169296,62.285055841162915,52.36660166637122,84.59014892578125,65.29529472125208,543.5111260414124,10.432931661605835,0.7744209942832988,0.005,64,lr_0.005_hc_64
52,6.232611656188965,1.0109615325927734,1.0325872898101807,1.1311789751052856,3.0578837394714355,62.71937599716363,63.24233291969509,52.694557702535015,85.18761992454529,65.96097163598475,554.1257374286652,10.191038846969604,0.7705488893118823,0.005,64,lr_0.005_hc_64
53,6.317696571350098,1.0688316822052002,1.0409094095230103,1.1541247367858887,3.053830862045288,63.68551675234887,62.568693494061336,53.59865272114873,84.17718410491943,66.00751176811958,565.12269115448,10.578949928283691,0.7666961448653229,0.005,64,lr_0.005_hc_64
54,6.278935432434082,1.0634140968322754,1.0278429985046387,1.1366822719573975,3.0509958267211914,63.72983513561425,62.40914731430598,53.35046977486261,86.14793419837952,66.40934660579059,576.1617345809937,10.620693445205688,0.7628626641409962,0.005,64,lr_0.005_hc_64
55,6.183206558227539,1.056291103363037,1.0063276290893555,1.1373869180679321,2.983201265335083,64.43006559120722,62.67505761389825,53.970927140577906,85.49774289131165,66.64344830924875,587.126571893692,10.436347007751465,0.7590483508202912,0.005,64,lr_0.005_hc_64
56,6.187924861907959,1.0613369941711426,1.017158031463623,1.1214423179626465,2.987987518310547,64.403474561248,63.36642439283815,54.22797376351711,86.5973949432373,67.14881691521015,597.707950592041,10.161998510360718,0.7552531090661897,0.005,64,lr_0.005_hc_64
57,6.130959510803223,1.0565731525421143,1.015150785446167,1.1328439712524414,2.926391839981079,63.27778762630739,62.92324056018437,54.73320333274242,86.26664876937866,66.80022007215321,608.4864225387573,10.345267057418823,0.7514768435208588,0.005,64,lr_0.005_hc_64
58,6.1988677978515625,1.1186968088150024,1.0181818008422852,1.1310309171676636,2.9309585094451904,64.38574720794186,63.76528984222656,55.08775039886545,85.42590141296387,67.16617221549943,619.2296934127808,10.322709321975708,0.7477194593032545,0.005,64,lr_0.005_hc_64
59,6.164971351623535,1.1288379430770874,1.0147792100906372,1.1520131826400757,2.8693408966064453,64.19074632157418,63.89824499202269,55.6904804112746,86.30942106246948,67.52222319683524,630.4735071659088,10.759027481079102,0.7439808620067382,0.005,64,lr_0.005_hc_64
60,6.146056175231934,1.1599056720733643,0.9960634112358093,1.1454882621765137,2.8445985317230225,65.09484134018791,64.0400638184719,56.10707321396915,86.43364906311035,67.91890685893482,641.0856339931488,10.189181089401245,0.7402609576967045,0.005,64,lr_0.005_hc_64
61,6.101801872253418,1.1690057516098022,0.9824862480163574,1.1447774171829224,2.805532455444336,65.91029959227087,63.35756071618507,56.585711753235245,84.8207950592041,67.66859178022382,651.770733833313,10.259945154190063,0.736559652908221,0.005,64,lr_0.005_hc_64
62,6.099545478820801,1.2189911603927612,0.9777570962905884,1.1553500890731812,2.7474467754364014,66.02552738876086,63.28665130296047,56.62116645984755,84.89575386047363,67.70727475301062,662.6609246730804,10.45676851272583,0.7328768546436799,0.005,64,lr_0.005_hc_64
63,6.024203300476074,1.2137411832809448,0.9642125368118286,1.1302196979522705,2.716029644012451,67.05371388051763,63.73869881226732,57.020031909235946,85.42433977127075,68.30919609332291,673.2132105827332,10.133301496505737,0.7292124703704616,0.005,64,lr_0.005_hc_64
64,5.990512847900391,1.2030152082443237,0.9569655060768127,1.1812324523925781,2.6492996215820312,66.82325828753767,63.348697039532,57.454352065236655,84.79177355766296,68.10452023749232,683.8611178398132,10.149763822555542,0.7255664080186093,0.005,64,lr_0.005_hc_64
65,5.94783353805542,1.2105556726455688,0.9716801047325134,1.1726030111312866,2.5929946899414062,67.16007800035455,63.27778762630739,58.668675766708034,85.3083610534668,68.6037256117092,694.6534667015076,10.378867626190186,0.7219385759785162,0.005,64,lr_0.005_hc_64
66,5.994014739990234,1.2541638612747192,0.9586698412895203,1.1734992265701294,2.6076815128326416,67.33735153341605,62.976422620102824,58.30526502393193,85.51344871520996,68.5331219731652,705.3455736637115,10.268685579299927,0.7183288830986236,0.005,64,lr_0.005_hc_64
67,5.908370018005371,1.2576539516448975,0.936143159866333,1.148491621017456,2.5660812854766846,68.09962772558058,64.12870058500266,58.49140223364652,84.89413857460022,68.90346727970748,716.1345920562744,10.355866432189941,0.7147372386831305,0.005,64,lr_0.005_hc_64
68,5.898789405822754,1.2546120882034302,0.9437609910964966,1.149914026260376,2.550502300262451,67.59439815635525,64.1109732316965,58.42935649707499,86.30967140197754,69.11109982177608,726.6852743625641,10.122134685516357,0.7111635524897149,0.005,64,lr_0.005_hc_64
69,5.950997352600098,1.3269069194793701,0.9452809691429138,1.1515271663665771,2.527282238006592,68.28576493529516,64.42120191455416,59.33345151568871,85.09569764137268,69.28402900172767,737.4404721260071,10.332325220108032,0.7076077347272662,0.005,64,lr_0.005_hc_64
70,5.858996391296387,1.328130841255188,0.933027982711792,1.1522036790847778,2.445633888244629,68.28576493529516,64.49211132777877,60.12231873781244,84.36760902404785,69.31695100623357,749.0430657863617,11.173718452453613,0.7040696960536299,0.005,64,lr_0.005_hc_64
71,5.867077827453613,1.3115769624710083,0.9423046112060547,1.178219199180603,2.434976816177368,68.07303669562134,63.58801630916504,59.617089168587135,85.99628210067749,69.31860606851275,760.7580981254578,11.30050253868103,0.7005493475733617,0.005,64,lr_0.005_hc_64
72,5.818469524383545,1.3221447467803955,0.9269105792045593,1.164375901222229,2.405038356781006,69.31395142705195,64.34142882467647,60.74277610352774,87.41132616996765,70.45237063130595,771.3915133476257,10.199652433395386,0.697046600835495,0.005,64,lr_0.005_hc_64
73,5.824427604675293,1.3698939085006714,0.9231014847755432,1.1551302671432495,2.3763017654418945,69.45577025350114,64.46552029781954,61.06186846303847,84.9552869796753,69.98461149850861,782.0238952636719,10.213291883468628,0.6935613678313175,0.005,64,lr_0.005_hc_64
74,5.896048545837402,1.4642349481582642,0.9199283123016357,1.1594760417938232,2.3524088859558105,70.33327424215564,64.89097677716717,61.54050700230456,84.45490002632141,70.30491451198719,793.0564162731171,10.61591386795044,0.6900935609921609,0.005,64,lr_0.005_hc_64
75,5.833344459533691,1.402334213256836,0.9067556262016296,1.1730552911758423,2.351199150085449,70.70554866158483,64.518702357738,61.50505229569225,85.97543239593506,70.67618392773754,803.9251503944397,10.440501928329468,0.6866430931872001,0.005,64,lr_0.005_hc_64
76,5.728064060211182,1.328650712966919,0.9180662035942078,1.1715669631958008,2.3097801208496094,70.12940967913491,64.50983868108491,61.77096259528453,86.86051368713379,70.81768116065953,814.5608050823212,10.20119023323059,0.6832098777212641,0.005,64,lr_0.005_hc_64
77,5.763820171356201,1.4163364171981812,0.9118338823318481,1.1564338207244873,2.2792160511016846,70.33327424215564,64.85552207055485,61.87732671512143,86.1946165561676,70.81518489599988,825.3672502040863,10.380220651626587,0.6797938283326578,0.005,64,lr_0.005_hc_64
78,5.704277992248535,1.3871833086013794,0.9045836925506592,1.1840238571166992,2.2284867763519287,71.05123205105478,64.96188619039177,63.091650416592806,85.57615876197815,71.17023185500437,836.1687738895416,10.368167877197266,0.6763948591909945,0.005,64,lr_0.005_hc_64
79,5.76341438293457,1.3939111232757568,0.8965982794761658,1.186140775680542,2.286764144897461,71.46782485374933,64.83779471724873,61.92164509838681,85.48383116722107,70.92777395915148,846.8211371898651,10.209534168243408,0.6730128848950395,0.005,64,lr_0.005_hc_64
80,5.738015174865723,1.4419910907745361,0.8901042938232422,1.172821283340454,2.2330985069274902,71.61850735685162,65.09484134018791,62.4711930508775,84.89108085632324,71.01890565106007,857.6545855998993,10.405575275421143,0.6696478204705644,0.005,64,lr_0.005_hc_64
81,5.740960121154785,1.4733392000198364,0.8789287209510803,1.1826847791671753,2.206007242202759,72.38964722566921,66.03439106541393,62.462329374224424,85.68287491798401,71.64231064582289,869.1245405673981,11.027697563171387,0.6662995813682115,0.005,64,lr_0.005_hc_64
82,5.7909955978393555,1.4883778095245361,0.8821843862533569,1.183798909187317,2.2366344928741455,72.2832831058323,66.02552738876086,62.53323878744903,87.42527961730957,72.06683222483794,881.5094656944275,11.953398942947388,0.6629680834613705,0.005,64,lr_0.005_hc_64
83,5.679621696472168,1.487047553062439,0.8746175765991211,1.1525644063949585,2.1653919219970703,72.2832831058323,66.3003013650062,63.552561602552736,85.5648934841156,71.92525988937672,892.3175253868103,10.38985276222229,0.6596532430440636,0.005,64,lr_0.005_hc_64
84,5.673313617706299,1.5102134943008423,0.8522490859031677,1.1674473285675049,2.1434037685394287,73.07215032795604,66.27371033504697,64.58961177096259,85.0937008857727,72.25729332993458,901.3298318386078,8.577085018157959,0.6563549768288433,0.005,64,lr_0.005_hc_64
85,5.74102783203125,1.5138486623764038,0.8693528175354004,1.1713696718215942,2.1864564418792725,73.36465165750752,66.80553093423151,64.12870058500266,86.13671064376831,72.6088984551275,912.6045680046082,10.862521648406982,0.653073201944699,0.005,64,lr_0.005_hc_64
86,5.647993087768555,1.5184780359268188,0.8510050177574158,1.1528788805007935,2.12563157081604,73.8521538734267,67.36394256337529,64.96188619039177,84.66010093688965,72.70952089102084,923.6505832672119,10.617182970046997,0.6498078359349755,0.005,64,lr_0.005_hc_64
87,5.653229713439941,1.4567807912826538,0.8728894591331482,1.1681376695632935,2.1554219722747803,73.08987768126218,66.8498493174969,64.17301896826804,85.40388345718384,72.37915735605273,934.3688580989838,10.288057804107666,0.6465587967553006,0.005,64,lr_0.005_hc_64
88,5.634708881378174,1.4513523578643799,0.8526646494865417,1.1785850524902344,2.152106761932373,73.46215210069137,66.9207587307215,65.21893281333097,85.18911600112915,72.69773991146825,945.0450918674469,10.245885848999023,0.6433260027715241,0.005,64,lr_0.005_hc_64
89,5.63018274307251,1.5196201801300049,0.8764023184776306,1.1550626754760742,2.0790975093841553,73.39124268746676,67.63871653962063,65.9014359156178,85.51369905471802,73.1112735493558,955.807012796402,10.303983211517334,0.6401093727576664,0.005,64,lr_0.005_hc_64
90,5.670622825622559,1.545723795890808,0.8460796475410461,1.135308861732483,2.143510580062866,74.00283637652898,67.86030845594753,64.9175678071264,85.20869016647339,72.99735070151907,966.6509156227112,10.391937494277954,0.6369088258938781,0.005,64,lr_0.005_hc_64
91,5.702718734741211,1.586783528327942,0.8519764542579651,1.1361814737319946,2.127777338027954,74.16238255628434,68.0109909590498,65.06825031022868,84.51559543609619,72.93930481541476,977.4556550979614,10.376798868179321,0.6337242817644086,0.005,64,lr_0.005_hc_64
92,5.6168532371521,1.5391669273376465,0.831113338470459,1.1109572649002075,2.135615825653076,74.79170359865273,69.11008686403119,64.88211310051409,86.5522027015686,73.83402656619165,988.3620085716248,10.48466944694519,0.6305556603555866,0.005,64,lr_0.005_hc_64
93,5.6696343421936035,1.591652512550354,0.8759029507637024,1.1256194114685059,2.0764594078063965,73.78124446020209,68.62258464811204,65.65325296933167,85.42895317077637,73.37150881210555,999.1090838909149,10.31261134147644,0.6274028820538087,0.005,64,lr_0.005_hc_64
94,5.59044075012207,1.5764714479446411,0.866661787033081,1.1238316297531128,2.0234758853912354,73.08987768126218,68.55167523488743,65.80393547243396,85.95552444458008,73.35025320829092,1010.5145351886749,10.986527681350708,0.6242658676435396,0.005,64,lr_0.005_hc_64
95,5.670167922973633,1.608526349067688,0.869518518447876,1.149349570274353,2.042773485183716,74.24215564616203,68.0907640489275,66.35348342492466,84.94146466255188,73.40696694564153,1021.2888524532318,10.334839105606079,0.6211445383053219,0.005,64,lr_0.005_hc_64
96,5.670468330383301,1.6027473211288452,0.8404179811477661,1.1627299785614014,2.064573049545288,75.17284169473497,67.77167168941676,66.14075518525084,85.11378765106201,73.54976405511616,1031.7655766010284,10.043654918670654,0.6180388156137953,0.005,64,lr_0.005_hc_64
97,5.615944862365723,1.6576730012893677,0.8364855647087097,1.1412372589111328,1.9805493354797363,74.67647580216273,67.94008154582521,67.31076050345683,85.74763536453247,73.91873830399432,1042.6917288303375,10.488390684127808,0.6149486215357263,0.005,64,lr_0.005_hc_64
98,5.644241809844971,1.6526812314987183,0.855087161064148,1.1699838638305664,1.9664896726608276,74.67647580216273,67.63871653962063,67.51462506647758,83.93256068229675,73.44059452263943,1053.24174118042,10.11791729927063,0.6118738784280476,0.005,64,lr_0.005_hc_64
99,5.629445552825928,1.638846755027771,0.8248434066772461,1.1666659116744995,1.9990893602371216,75.55397979081722,68.51622052827513,67.52348874313066,83.58274698257446,73.79410901119937,1064.0418899059296,10.319678544998169,0.6088145090359074,0.005,64,lr_0.005_hc_64
100,5.66526460647583,1.6370513439178467,0.8468311429023743,1.1626040935516357,2.018778085708618,75.72238964722567,69.13667789399042,67.1423506470484,82.94658660888672,73.73700119928782,1074.665206670761,10.203315019607544,0.6057704364907278,0.005,64,lr_0.005_hc_64
101,5.712956428527832,1.7087092399597168,0.8641268014907837,1.1421160697937012,1.9980045557022095,74.92465874844886,69.5089523134196,68.20599184541749,83.98569226264954,74.15632379248387,1085.336746454239,10.237269878387451,0.6027415843082742,0.005,64,lr_0.005_hc_64
102,5.754792213439941,1.7171095609664917,0.8606297373771667,1.146628975868225,2.030423879623413,74.73852153873428,69.8014536429711,67.55007977308988,86.00422143936157,74.5235690985392,1095.9767513275146,10.19671082496643,0.5997278763867329,0.005,64,lr_0.005_hc_64
103,5.635581016540527,1.6252573728561401,0.8548861742019653,1.1635571718215942,1.9918806552886963,75.46534302428647,69.7305442297465,67.30189682680376,86.45216226577759,74.73748658665357,1107.0903680324554,10.682653427124023,0.5967292370047992,0.005,64,lr_0.005_hc_64
104,5.678786277770996,1.6959530115127563,0.8362849354743958,1.1767539978027344,1.9697940349578857,75.92625421024641,68.73781244460201,67.30189682680376,86.0828161239624,74.51219490140365,1118.1289026737213,10.62920355796814,0.5937455908197752,0.005,64,lr_0.005_hc_64
105,5.611617565155029,1.6896332502365112,0.8631322383880615,1.1610537767410278,1.8977986574172974,75.0930686048573,69.438042900195,68.2325828753767,84.54049825668335,74.32604815927807,1130.0057590007782,11.394059658050537,0.5907768628656763,0.005,64,lr_0.005_hc_64
106,5.69197940826416,1.7061818838119507,0.8632538914680481,1.1675398349761963,1.9550036191940308,75.84648112036872,69.06576848076583,68.35667434851976,85.19154191017151,74.61511646495646,1141.3210344314575,10.887260913848877,0.5878229785513479,0.005,64,lr_0.005_hc_64
107,5.589778423309326,1.6955862045288086,0.8275273442268372,1.142032265663147,1.9246326684951782,76.33398333628789,69.44690657684808,68.55167523488743,84.71190929412842,74.76111861053796,1152.0602843761444,10.29941439628601,0.5848838636585911,0.005,64,lr_0.005_hc_64
108,5.717886924743652,1.753970742225647,0.8261095285415649,1.1539064645767212,1.9839001893997192,76.697394079064,69.19872363056196,68.3478106718667,84.81631875038147,74.76506178296852,1162.6955392360687,10.195226192474365,0.5819594443402982,0.005,64,lr_0.005_hc_64
109,5.681954383850098,1.6795650720596313,0.8466157913208008,1.185618281364441,1.9701550006866455,76.16557347987946,69.06576848076583,68.28576493529516,84.45495367050171,74.49301514161054,1173.2222464084625,10.096934080123901,0.5790496471185967,0.005,64,lr_0.005_hc_64
110,5.665768146514893,1.6992031335830688,0.8544332385063171,1.172694444656372,1.9394375085830688,75.97057259351179,69.64190746321574,69.67736216982804,84.03647541999817,74.83157941163844,1184.1795995235443,10.464186191558838,0.5761543988830038,0.005,64,lr_0.005_hc_64
111,5.722795486450195,1.7702652215957642,0.8367401957511902,1.177391529083252,1.9383983612060547,76.60875731253324,70.03190923595108,69.34940613366425,85.40307283401489,75.34828637904086,1194.9212481975555,10.227339267730713,0.5732736268885887,0.005,64,lr_0.005_hc_64
112,5.707986354827881,1.7467445135116577,0.8525384068489075,1.172886610031128,1.9358168840408325,76.56443892926787,70.10281864917567,68.73781244460201,85.93656420707703,75.33540855753064,1205.5192303657532,10.164802551269531,0.5704072587541458,0.005,64,lr_0.005_hc_64
113,5.6731414794921875,1.7368195056915283,0.8363720178604126,1.1765680313110352,1.9233818054199219,77.167168941677,69.51781599007269,69.04804112745967,84.04685258865356,74.94496966196573,1216.4324107170105,10.472898006439209,0.567555222460375,0.005,64,lr_0.005_hc_64
114,5.674466609954834,1.7364206314086914,0.8359429836273193,1.1955909729003906,1.906511902809143,77.25580570820777,70.21804644566566,69.94327246942032,84.5696747303009,75.49669983839865,1227.200432062149,10.340367555618286,0.5647174463480732,0.005,64,lr_0.005_hc_64
115,5.65142822265625,1.753032922744751,0.8729977011680603,1.1694656610488892,1.8559319972991943,75.7844353837972,70.77645807480944,69.8014536429711,85.3655457496643,75.4319732128105,1237.7852504253387,10.074635982513428,0.5618938591163328,0.005,64,lr_0.005_hc_64
116,5.689608097076416,1.7752408981323242,0.8387044072151184,1.1646912097930908,1.9109715223312378,77.3178514447793,70.22691012231874,69.75713525970573,85.37548780441284,75.66934615780416,1248.311725616455,10.078818321228027,0.5590843898207511,0.005,64,lr_0.005_hc_64
117,5.766561031341553,1.7671492099761963,0.8290606737136841,1.173532485961914,1.9968186616897583,77.33557879808545,70.2003190923595,68.6757667080305,85.16104221343994,75.34317670297884,1259.1637992858887,10.402783870697021,0.5562889678716474,0.005,64,lr_0.005_hc_64
118,5.732889175415039,1.8222492933273315,0.8381770849227905,1.1542248725891113,1.9182380437850952,77.44194291792236,70.87395851799326,69.61531643325651,84.98222827911377,75.72836153707148,1271.1277089118958,11.47727370262146,0.5535075230322891,0.005,64,lr_0.005_hc_64
119,5.712953567504883,1.796517252922058,0.8511291742324829,1.1726154088974,1.8926918506622314,76.88353128877858,70.35986527211487,70.47509306860485,86.48205995559692,76.05013739627381,1281.8180809020996,10.24265456199646,0.5507399854171277,0.005,64,lr_0.005_hc_64
120,5.762060642242432,1.9043844938278198,0.8572182655334473,1.1789401769638062,1.8215173482894897,77.60148909767771,70.29781953554335,70.56372983513562,84.16934013366699,75.65809465050593,1292.5103573799133,10.278355360031128,0.547986285490042,0.005,64,lr_0.005_hc_64
121,5.783782958984375,1.8292739391326904,0.8547734022140503,1.1780999898910522,1.9216355085372925,76.89239496543166,70.71441233823789,70.59032086509485,85.04623174667358,75.81083997885949,1303.1285002231598,10.193119287490845,0.5452463540625918,0.005,64,lr_0.005_hc_64
122,5.694345474243164,1.847571611404419,0.8494507670402527,1.1805970668792725,1.8167260885238647,77.3887608580039,71.05123205105478,71.45896117709626,84.57682132720947,76.11894385334111,1313.878042936325,10.304494142532349,0.5425201222922789,0.005,64,lr_0.005_hc_64
123,5.780182838439941,1.827823281288147,0.8493898510932922,1.22316575050354,1.8798036575317383,77.95603616380075,70.04963658925722,70.98032263783017,83.99521112442017,75.74530162882708,1324.7935168743134,10.486456394195557,0.5398075216808175,0.005,64,lr_0.005_hc_64
124,5.703360080718994,1.8427010774612427,0.8300073146820068,1.1931489706039429,1.8375025987625122,78.35490161318916,70.95373160787094,70.88282219464634,84.2423141002655,76.10844237899299,1335.4259295463562,10.208439111709595,0.5371084840724134,0.005,64,lr_0.005_hc_64
125,5.852667331695557,1.9491537809371948,0.8559747338294983,1.2044286727905273,1.8431100845336914,77.76989895408616,70.92714057791171,71.74259882999469,84.16492938995361,76.15114193798654,1346.1406672000885,10.280506372451782,0.5344229416520513,0.005,64,lr_0.005_hc_64
126,5.76373291015625,1.835843801498413,0.8544794917106628,1.2114403247833252,1.861969232559204,77.63694380429001,70.04077291260414,71.35259705725935,83.7800145149231,75.70258207226915,1357.1182861328125,10.546358585357666,0.531750826943791,0.005,64,lr_0.005_hc_64
127,5.739103317260742,1.869959831237793,0.8540290594100952,1.1842626333236694,1.830851674079895,77.7167168941677,70.48395674525794,71.71600780003546,84.37341451644897,76.07252398897751,1368.9554040431976,11.265161752700806,0.5290920728090721,0.005,64,lr_0.005_hc_64
128,5.768060684204102,1.8278950452804565,0.8459181785583496,1.188550591468811,1.9056966304779053,78.0092182237192,70.55486615848254,70.35986527211487,86.26115322113037,76.29627571886175,1381.1044597625732,11.70918607711792,0.5264466124450268,0.005,64,lr_0.005_hc_64
129,5.69423770904541,1.8905094861984253,0.8356161713600159,1.168660044670105,1.7994519472122192,78.35490161318916,71.21964190746321,71.25509661407551,85.36642789840698,76.54901700828371,1393.1781046390533,11.611231327056885,0.5238143793828016,0.005,64,lr_0.005_hc_64
130,5.749241828918457,1.8805949687957764,0.8612600564956665,1.2043038606643677,1.8030829429626465,77.86739939726999,70.75873072150328,71.71600780003546,85.68012714385986,76.50556626566714,1403.620745897293,9.939800500869751,0.5211953074858876,0.005,64,lr_0.005_hc_64
131,5.863399982452393,1.9365324974060059,0.8775795102119446,1.2027989625930786,1.8464888334274292,77.36216982804467,71.25509661407551,72.12373692607693,85.22399663925171,76.49125000186221,1413.7100551128387,9.669193744659424,0.5185893309484582,0.005,64,lr_0.005_hc_64
132,5.794278144836426,1.9058221578598022,0.8684290051460266,1.1770744323730469,1.8429522514343262,77.82308101400461,71.35259705725935,71.75146250664775,86.09791398048401,76.75626363959893,1424.2711007595062,10.136125087738037,0.5159963842937159,0.005,64,lr_0.005_hc_64
133,5.712136745452881,1.856723666191101,0.8674209117889404,1.1838500499725342,1.8041421175003052,78.10671866690303,71.89328133309697,72.11487324942387,84.27351713180542,76.59709759530732,1434.8101119995117,10.081408500671387,0.5134164023722473,0.005,64,lr_0.005_hc_64
134,5.735501766204834,1.81297767162323,0.8477550745010376,1.173848271369934,1.9009208679199219,78.82467647580216,71.41464279383088,71.49441588370856,86.1351728439331,76.96722699931868,1446.003734111786,10.765238046646118,0.510849320360386,0.005,64,lr_0.005_hc_64
135,5.7078986167907715,1.8031686544418335,0.8258867859840393,1.1770426034927368,1.9018007516860962,79.3210423683744,71.65396206346392,71.76918985995391,84.6660315990448,76.85255647270925,1456.3600940704346,9.942106246948242,0.5082950737585841,0.005,64,lr_0.005_hc_64
136,5.679076194763184,1.751638650894165,0.8579469323158264,1.1962122917175293,1.8732781410217285,79.11717780535366,71.6982804467293,71.54759794362701,84.7859263420105,76.7872456344301,1466.4224598407745,9.630995988845825,0.5057535983897912,0.005,64,lr_0.005_hc_64
137,5.70524787902832,1.8003935813903809,0.852888822555542,1.2295926809310913,1.8223730325698853,78.73603970927141,71.10441411097324,72.69101223187378,85.45113205909729,76.99564952780393,1477.0746054649353,10.214452981948853,0.5032248303978422,0.005,64,lr_0.005_hc_64
138,5.815742015838623,1.9174808263778687,0.872737467288971,1.2483179569244385,1.7772059440612793,78.8424038291083,71.13100514093246,73.80783549016132,84.87074375152588,77.16299705293198,1487.157723903656,9.654401779174805,0.500708706245853,0.005,64,lr_0.005_hc_64
139,5.695547103881836,1.8163028955459595,0.8561735153198242,1.2603557109832764,1.7627148628234863,79.06399574543521,71.08668675766708,73.5951072504875,84.00777578353882,76.93839138428216,1498.0747904777527,10.501489400863647,0.5,0.005,64,lr_0.005_hc_64
140,5.683344841003418,1.8268373012542725,0.8429792523384094,1.2433030605316162,1.7702254056930542,80.16309165041659,71.91100868640312,74.23329196950895,85.52162051200867,77.95725320458433,1508.1867258548737,9.686030387878418,0.5,0.005,64,lr_0.005_hc_64
141,5.626395225524902,1.8799238204956055,0.8269349336624146,1.2166917324066162,1.7028448581695557,80.2694557702535,72.41623825562844,74.10033681971282,82.83517956733704,77.40530260323295,1520.1816990375519,11.509100437164307,0.5,0.005,64,lr_0.005_hc_64
142,5.593544006347656,1.8992705345153809,0.8172478079795837,1.226650595664978,1.6503747701644897,80.6683212196419,72.40737457897536,75.11079595816345,83.43068957328796,77.90429533251717,1530.6664383411407,9.970234632492065,0.5,0.005,64,lr_0.005_hc_64
143,5.5962347984313965,1.8736321926116943,0.8225614428520203,1.2185274362564087,1.6815136671066284,80.73923063286651,72.95692253146605,74.99556816167346,82.95186758041382,77.91089722660496,1540.7876794338226,9.713050127029419,0.5,0.005,64,lr_0.005_hc_64
144,5.607049465179443,1.8791571855545044,0.8372971415519714,1.2140564918518066,1.6765387058258057,80.57968445311116,72.18578266264846,75.22602375465343,84.07268524169922,78.01604402802806,1551.1070518493652,9.883647441864014,0.5,0.005,64,lr_0.005_hc_64
145,5.6021223068237305,1.910798192024231,0.8154171705245972,1.2086044549942017,1.6673024892807007,80.74809430951959,72.85055841162914,75.42102464102109,82.56911039352417,77.8971969389235,1561.2550160884857,9.719981670379639,0.5,0.005,64,lr_0.005_hc_64
146,5.546006202697754,1.8420851230621338,0.8224846124649048,1.2058179378509521,1.6756186485290527,80.69491224960113,72.64669384860841,75.12852331146959,82.60234594345093,77.76811883828252,1571.4752955436707,9.759191036224365,0.5,0.005,64,lr_0.005_hc_64
147,5.597618579864502,1.8995908498764038,0.8243204951286316,1.218306303024292,1.6554009914398193,80.53536606984576,71.99964545293388,75.00443183832654,83.54535102844238,77.77119859738715,1581.787736415863,9.868510723114014,0.5,0.005,64,lr_0.005_hc_64
148,5.532815933227539,1.8805588483810425,0.8503580689430237,1.2053289413452148,1.5965698957443237,79.6844531111505,72.41623825562844,75.82875376706258,82.51608610153198,77.61138280884337,1593.0584602355957,10.83919358253479,0.5,0.005,64,lr_0.005_hc_64
149,5.604372024536133,1.8977124691009521,0.8437620997428894,1.2132290601730347,1.6496684551239014,79.7553625243751,73.0101045913845,75.70466229391953,83.34989547729492,77.95500622174352,1603.3644852638245,9.881445169448853,0.5,0.005,64,lr_0.005_hc_64
150,5.5289692878723145,1.8621970415115356,0.8246129155158997,1.2280082702636719,1.614150881767273,80.41127459670271,72.17691898599539,76.37830171955326,83.54378938674927,78.12757117225016,1613.7559340000153,9.95819640159607,0.5,0.005,64,lr_0.005_hc_64
151,5.479271411895752,1.8970328569412231,0.8044506311416626,1.2030625343322754,1.5747253894805908,80.33150150682503,72.10600957277079,75.87307215032796,84.63451266288757,78.23627397320284,1624.1999943256378,10.00111699104309,0.5,0.005,64,lr_0.005_hc_64
152,5.66483736038208,1.9246782064437866,0.841740608215332,1.2204389572143555,1.6779794692993164,80.03900017727354,71.89328133309697,74.91579507179577,82.92945623397827,77.44438320403614,1634.3528814315796,9.642310857772827,0.5,0.005,64,lr_0.005_hc_64
153,5.496281147003174,1.8498643636703491,0.7886563539505005,1.186246633529663,1.6715136766433716,81.29764226201029,72.98351356142528,74.55238432901967,84.14238691329956,78.2439817664387,1645.7231590747833,10.9437837600708,0.5,0.005,64,lr_0.005_hc_64
154,5.4318108558654785,1.889148235321045,0.8146968483924866,1.1756788492202759,1.552286982536316,80.42013827335579,72.40737457897536,75.47420670093955,83.34810137748718,77.91245523268947,1656.9784293174744,10.800864696502686,0.5,0.005,64,lr_0.005_hc_64
155,5.479184627532959,1.891179084777832,0.8118199706077576,1.1828688383102417,1.5933164358139038,80.74809430951959,73.02783194469066,76.23648289310407,83.35471153259277,78.34178016997677,1667.1059515476227,9.720146656036377,0.5,0.005,64,lr_0.005_hc_64
156,5.540666580200195,1.949507474899292,0.8100866675376892,1.2192704677581787,1.561801791191101,80.65059386633575,72.48714766885304,76.03261833008332,83.79886150360107,78.2423053422183,1678.4711225032806,10.933019638061523,0.5,0.005,64,lr_0.005_hc_64
157,5.471309661865234,1.9128098487854004,0.8143082857131958,1.220739483833313,1.5234520435333252,80.9253678425811,72.34532884240383,76.63534834249248,83.89147520065308,78.44938005703261,1688.693960905075,9.787623405456543,0.5,0.005,64,lr_0.005_hc_64
158,5.492392539978027,1.9524827003479004,0.7864762544631958,1.219015121459961,1.5344183444976807,81.4040063818472,72.18578266264846,76.02375465343025,83.4115982055664,78.25628547587307,1698.991735458374,9.877807140350342,0.5,0.005,64,lr_0.005_hc_64
159,5.428690433502197,1.8956303596496582,0.8171365857124329,1.195565938949585,1.520357608795166,81.4394610884595,72.9746498847722,76.76830349228861,84.3864917755127,78.89222656025825,1710.0894901752472,10.6774742603302,0.5,0.005,64,lr_0.005_hc_64
160,5.390350341796875,1.9370163679122925,0.7880249619483948,1.1623268127441406,1.5029821395874023,81.48377947172487,73.28487856762985,76.6619393724517,82.78387784957886,78.55361881534631,1721.102668762207,10.566818237304688,0.5,0.005,64,lr_0.005_hc_64
161,5.379358291625977,1.849697470664978,0.7838090062141418,1.2050522565841675,1.540799856185913,82.21060095727708,73.1253323878745,76.82148555220706,83.98494720458984,79.03559152548712,1732.6322419643402,11.096386194229126,0.5,0.005,64,lr_0.005_hc_64
162,5.349658012390137,1.830674648284912,0.789955735206604,1.2134616374969482,1.5155662298202515,81.42173373515334,72.76192164509838,76.80375819890091,84.96724367141724,78.98866431264247,1744.139984369278,11.082118511199951,0.5,0.005,64,lr_0.005_hc_64
163,5.333324909210205,1.863088607788086,0.7703691124916077,1.2114876508712769,1.4883793592453003,82.21060095727708,72.77964899840454,77.39762453465697,83.83615016937256,79.05600616492778,1755.244351387024,10.66945743560791,0.5,0.005,64,lr_0.005_hc_64
164,5.368101119995117,1.8359239101409912,0.7884818315505981,1.1926701068878174,1.5510249137878418,82.21946463393014,72.99237723807835,76.18330083318561,84.16993618011475,78.8912697213272,1766.9144785404205,11.191568613052368,0.5,0.005,64,lr_0.005_hc_64
165,5.27940559387207,1.8356064558029175,0.786914050579071,1.1644542217254639,1.4924308061599731,82.11310051409325,73.15192341783371,76.78603084559475,84.58317518234253,79.15855748996606,1778.2858412265778,10.902660369873047,0.5,0.005,64,lr_0.005_hc_64
166,5.253294944763184,1.841439127922058,0.7928587794303894,1.1709260940551758,1.4480708837509155,81.4040063818472,72.94805885481298,77.43307924126927,83.7334156036377,78.87964002039179,1789.4900522232056,10.765347480773926,0.5,0.005,64,lr_0.005_hc_64
167,5.282504081726074,1.8438585996627808,0.758702278137207,1.163724660873413,1.5162184238433838,82.44992022691012,73.01896826803758,76.82148555220706,83.68157148361206,78.99298638269171,1799.4854338169098,9.559001684188843,0.5,0.005,64,lr_0.005_hc_64
168,5.292703151702881,1.9232428073883057,0.7783545851707458,1.1376934051513672,1.4534122943878174,82.15741889735862,73.69260769367133,77.29126041482006,82.58562088012695,78.93172697149424,1809.8134636878967,9.901519060134888,0.5,0.005,64,lr_0.005_hc_64
169,5.314984321594238,1.891280174255371,0.7830689549446106,1.1623115539550781,1.4783235788345337,81.53696153164333,73.23169650771139,76.82148555220706,82.71597027778625,78.576528467337,1821.8445498943329,11.520704507827759,0.5,0.005,64,lr_0.005_hc_64
170,5.357720851898193,1.9142184257507324,0.7931622862815857,1.1570309400558472,1.4933091402053833,81.77628080127637,73.47101577734443,77.14057791171778,84.27268862724304,79.1651407793954,1834.0972125530243,11.737382888793945,0.5,0.005,64,lr_0.005_hc_64
171,5.299056529998779,1.8775159120559692,0.780788242816925,1.168924331665039,1.4718279838562012,81.88264492111328,73.32919695089524,77.32671512143237,83.94869565963745,79.12181316326958,1844.111752986908,9.595375776290894,0.5,0.005,64,lr_0.005_hc_64
172,5.299127578735352,1.9546968936920166,0.7591313719749451,1.1724656820297241,1.4128336906433105,82.5651480234001,73.15192341783371,77.40648821131005,83.37768316268921,79.12531070380827,1854.6237332820892,10.086544036865234,0.5,0.005,64,lr_0.005_hc_64
173,5.2317914962768555,1.8903690576553345,0.7787022590637207,1.1579601764678955,1.4047598838806152,81.97128168764404,73.2671512143237,77.75217160078,83.75725746154785,79.18696549107389,1865.6198980808258,10.573471546173096,0.5,0.005,64,lr_0.005_hc_64
174,5.207077980041504,1.8965129852294922,0.7646255493164062,1.1739238500595093,1.3720152378082275,82.33469243042015,73.00124091473144,78.29285587661762,84.07191038131714,79.42517490077158,1875.5838639736176,9.545457601547241,0.5,0.005,64,lr_0.005_hc_64
175,5.2189836502075195,1.8925244808197021,0.7751705646514893,1.1628170013427734,1.3884714841842651,82.65378478993087,73.83442652012054,78.28399219996454,83.66783857345581,79.61001052086795,1887.040819644928,10.947110891342163,0.5,0.005,64,lr_0.005_hc_64
176,5.202132701873779,1.8948124647140503,0.7613850235939026,1.1630688905715942,1.3828665018081665,82.40560184364475,73.67488034036518,78.13330969686227,84.00072455406189,79.55362910873352,1897.1451964378357,9.594879150390625,0.5,0.005,64,lr_0.005_hc_64
177,5.2298150062561035,1.89116632938385,0.7625523805618286,1.1601028442382812,1.4159934520721436,82.21946463393014,73.07215032795604,78.17762808012763,83.78455638885498,79.3134498577172,1907.0701458454132,9.506491899490356,0.5,0.005,64,lr_0.005_hc_64
178,5.262937068939209,1.8861024379730225,0.7834824919700623,1.1670563220977783,1.4262957572937012,81.93582698103174,73.14305974118064,77.74330792412692,82.92990922927856,78.93802596890447,1917.3074769973755,9.722107172012329,0.5,0.005,64,lr_0.005_hc_64
179,5.144158840179443,1.8221704959869385,0.7776781916618347,1.1546404361724854,1.3896695375442505,82.201737280624,73.82556284346748,78.23081014004609,82.68613815307617,79.23606210430343,1927.8228013515472,10.09233570098877,0.5,0.005,64,lr_0.005_hc_64
180,5.179558277130127,1.8579074144363403,0.7538840770721436,1.1496671438217163,1.4180995225906372,82.13969154405247,73.57737989718134,77.46853394788158,83.07549953460693,79.06527623093058,1938.1704058647156,9.938520669937134,0.5,0.005,64,lr_0.005_hc_64
181,5.148609161376953,1.8355939388275146,0.7880167365074158,1.1578353643417358,1.3671634197235107,82.14855522070555,73.78124446020209,78.70944867931217,83.48220586776733,79.53036355699679,1948.5241024494171,9.851208686828613,0.5,0.005,64,lr_0.005_hc_64
182,5.185105800628662,1.8867844343185425,0.7892045974731445,1.1772406101226807,1.3318761587142944,82.32582875376706,73.25828753767063,79.03740471547597,84.24730896949768,79.71720749410284,1958.5551998615265,9.610150814056396,0.5,0.005,64,lr_0.005_hc_64
183,5.141777038574219,1.8220213651657104,0.7467238903045654,1.1740490198135376,1.3989832401275635,82.5296933167878,73.32033327424216,78.44353837971991,83.03903341293335,79.3331495959208,1969.8657903671265,10.781994819641113,0.5,0.005,64,lr_0.005_hc_64
184,5.026734352111816,1.786004662513733,0.7410123348236084,1.1454027891159058,1.3543144464492798,82.55628434674703,73.35578798085446,78.16876440347457,84.71511602401733,79.69898818877334,1980.736915588379,10.348631381988525,0.5,0.005,64,lr_0.005_hc_64
185,5.195418357849121,1.89090895652771,0.7725279927253723,1.162765622138977,1.3692158460617065,81.6965077113987,73.3380606275483,78.23081014004609,84.6608579158783,79.48155909871785,1993.501102924347,12.222249507904053,0.5,0.005,64,lr_0.005_hc_64
186,5.102149963378906,1.8291387557983398,0.768060564994812,1.1573127508163452,1.34763765335083,81.93582698103174,72.88601311824145,78.337174259883,84.20339822769165,79.34060314671197,2006.0393147468567,12.087144136428833,0.5,0.005,64,lr_0.005_hc_64
187,5.157888412475586,1.842360258102417,0.7560111880302429,1.1663931608200073,1.393123745918274,82.72469420315547,73.19624180109909,77.91171778053535,84.40256118774414,79.55880374313351,2018.9620242118835,12.474705934524536,0.5,0.005,64,lr_0.005_hc_64
188,5.161511421203613,1.9058904647827148,0.7398516535758972,1.1327805519104004,1.3829888105392456,82.91969508952313,73.76351710689593,77.82308101400461,83.55237245559692,79.51466641650515,2028.730503320694,9.227596759796143,0.5,0.005,64,lr_0.005_hc_64
189,5.11963415145874,1.926063060760498,0.7270108461380005,1.148843765258789,1.3177164793014526,83.27424215564616,73.23169650771139,78.70944867931217,84.3149721622467,79.88258987622912,2040.5274639129639,11.397601842880249,0.5,0.005,64,lr_0.005_hc_64
190,5.16148567199707,1.9115231037139893,0.7387617826461792,1.1524038314819336,1.3587969541549683,83.26537847899309,73.81669916681439,78.39921999645453,83.26470255851746,79.68650005019487,2050.4379556179047,9.495376110076904,0.5,0.005,64,lr_0.005_hc_64
191,5.142336845397949,1.9524493217468262,0.7278231382369995,1.157650113105774,1.30441415309906,83.12355965254388,73.24942386101755,79.25899663180287,83.38137865066528,79.7533396990074,2059.9240651130676,9.071735143661499,0.5,0.005,64,lr_0.005_hc_64
192,5.111921787261963,1.9362599849700928,0.7507070899009705,1.1326665878295898,1.2922879457473755,82.45878390356319,74.55238432901967,79.2146782485375,83.83772373199463,80.01589255327875,2069.914680957794,9.579892635345459,0.5,0.005,64,lr_0.005_hc_64
193,5.104099750518799,1.881280541419983,0.7445046901702881,1.1695977449417114,1.3087166547775269,82.60060273001241,73.57737989718134,79.2501329551498,82.57173299789429,79.49996214505946,2080.691437482834,10.346627235412598,0.5,0.005,64,lr_0.005_hc_64
194,5.04985237121582,1.821431040763855,0.7419741153717041,1.1547818183898926,1.331665277481079,82.58287537670626,73.94965431661052,78.8867222123737,84.62331295013428,80.01064121395619,2092.699226140976,11.586879253387451,0.5,0.005,64,lr_0.005_hc_64
195,5.0352935791015625,1.8395740985870361,0.7331119775772095,1.1538360118865967,1.3087713718414307,83.02605920936004,73.31146959758908,78.73603970927141,84.32897329330444,79.85063545238124,2102.9963071346283,9.868822813034058,0.5,0.005,64,lr_0.005_hc_64
196,5.093568801879883,1.8507599830627441,0.7302682399749756,1.1757233142852783,1.3368172645568848,82.96401347278851,73.07215032795604,78.67399397269988,84.41272974014282,79.7807218783968,2113.162517309189,9.743013858795166,0.5,0.005,64,lr_0.005_hc_64
197,4.966875076293945,1.769054889678955,0.72035813331604,1.1690261363983154,1.3084356784820557,83.43378833540153,73.14305974118064,79.15263251196596,84.74689722061157,80.11909445228993,2124.0027928352356,10.37042498588562,0.5,0.005,64,lr_0.005_hc_64
198,5.074586868286133,1.8683463335037231,0.7624809741973877,1.1551880836486816,1.2885713577270508,82.50310228682858,73.75465343024287,79.1703598652721,82.67576694488525,79.52597063180721,2134.8035576343536,10.374006271362305,0.5,0.005,64,lr_0.005_hc_64
199,5.019533157348633,1.8386212587356567,0.7264743447303772,1.1218655109405518,1.332572102546692,82.97287714944159,74.20670093954973,79.08172309874136,83.08241367340088,79.83592871528339,2146.073621749878,10.854333877563477,0.5,0.005,64,lr_0.005_hc_64
200,5.051738739013672,1.8534303903579712,0.7354311943054199,1.1295897960662842,1.3332874774932861,82.77787626307392,73.67488034036518,79.05513206878213,84.20556783676147,79.92836412724567,2156.295320034027,9.799574851989746,0.5,0.005,64,lr_0.005_hc_64
201,5.059818267822266,1.8818970918655396,0.7288599610328674,1.1306461095809937,1.3184151649475098,83.34515156887076,74.13579152632512,78.90444956567984,83.53985548019409,79.98131203526746,2166.461493253708,9.727126359939575,0.5,0.005,64,lr_0.005_hc_64
202,5.057494163513184,1.8892552852630615,0.7549833655357361,1.1166102886199951,1.296644926071167,82.4942386101755,74.15351887963128,79.20581457188442,85.01909971237183,80.21816794351575,2176.785567522049,9.883837461471558,0.5,0.005,64,lr_0.005_hc_64
203,5.061530113220215,1.884023666381836,0.7471116781234741,1.1239845752716064,1.3064101934432983,82.70696684984932,74.26874667612125,79.1349051586598,83.67489576339722,79.9463786120069,2187.708723783493,10.495096206665039,0.5,0.005,64,lr_0.005_hc_64
204,5.066377639770508,1.9068571329116821,0.7546637654304504,1.1286922693252563,1.2761642932891846,82.96401347278851,73.96738166991668,79.92377238078355,84.57983136177063,80.35874972131485,2197.9932684898376,9.860923051834106,0.5,0.005,64,lr_0.005_hc_64
205,5.02335262298584,1.899329662322998,0.7472558617591858,1.1268283128738403,1.2499388456344604,83.23878744903385,74.51692962240737,80.32263783017196,82.50854015350342,80.14672376377916,2208.3572282791138,9.947565078735352,0.5,0.005,64,lr_0.005_hc_64
206,4.980579853057861,1.8331105709075928,0.7408718466758728,1.135702133178711,1.2708951234817505,83.0792412692785,73.98510902322283,79.64013472788513,83.17421674728394,79.9696754419176,2220.039306163788,11.247588396072388,0.5,0.005,64,lr_0.005_hc_64
207,4.92451286315918,1.8096835613250732,0.7270452380180359,1.120153784751892,1.2676301002502441,83.39833362878922,73.98510902322283,79.7553625243751,83.16245079040527,80.07531399169811,2230.6518020629883,10.187073469161987,0.5,0.005,64,lr_0.005_hc_64
208,5.021284580230713,1.8330717086791992,0.7604413032531738,1.1396092176437378,1.2881622314453125,82.83992199964545,73.63942563375288,79.60468002127283,85.45578718185425,80.38495370913135,2241.008279800415,9.931276798248291,0.5,0.005,64,lr_0.005_hc_64
209,4.94670295715332,1.8456262350082397,0.7037606239318848,1.1295050382614136,1.2678107023239136,84.08970040772913,74.17124623293742,79.12604148200674,83.50470662117004,80.22292368596084,2251.20965218544,9.777155876159668,0.5,0.005,64,lr_0.005_hc_64
210,4.999865531921387,1.808961272239685,0.7247576117515564,1.141692042350769,1.324454665184021,83.16787803580925,73.96738166991668,79.48945222478284,83.54330062866211,80.04200313979271,2261.620993614197,9.898521661758423,0.5,0.005,64,lr_0.005_hc_64
211,5.028048515319824,1.8493930101394653,0.7291842103004456,1.139026165008545,1.3104450702667236,83.27424215564616,73.78124446020209,79.18808721857826,82.81975984573364,79.76583342004004,2272.447126150131,10.404196500778198,0.5,0.005,64,lr_0.005_hc_64
212,5.052250862121582,1.910964012145996,0.7091636657714844,1.1246514320373535,1.307471513748169,83.83265378478994,74.09147314305974,79.32990604502747,83.8233232498169,80.2693390556735,2282.8822367191315,9.995255947113037,0.5,0.005,64,lr_0.005_hc_64
213,5.039263725280762,1.8893574476242065,0.704023540019989,1.1329199075698853,1.3129632472991943,83.71742598829994,73.5951072504875,78.86013118241446,82.7843189239502,79.73924583628802,2292.934629201889,9.647119045257568,0.5,0.005,64,lr_0.005_hc_64
214,4.927009105682373,1.8095757961273193,0.7279177308082581,1.1207455396652222,1.2687702178955078,83.3008331856054,74.00283637652898,79.06399574543521,83.63295197486877,80.00015432060958,2303.1180560588837,9.763927459716797,0.5,0.005,64,lr_0.005_hc_64
215,4.991948127746582,1.9230537414550781,0.7103903293609619,1.104048490524292,1.254455804824829,83.43378833540153,74.57897535897891,79.09058677539443,83.16876888275146,80.06802983813158,2314.005486726761,10.467449426651001,0.5,0.005,64,lr_0.005_hc_64
216,5.011094093322754,1.9129533767700195,0.7232266664505005,1.1477278470993042,1.2271860837936401,83.10583229923772,74.22442829285588,80.16309165041659,83.74422788619995,80.30939503217753,2324.191426038742,9.763537645339966,0.5,0.005,64,lr_0.005_hc_64
217,4.875185966491699,1.8201366662979126,0.7156720161437988,1.1129547357559204,1.2264225482940674,83.52242510193228,74.17124623293742,79.81740826094665,84.41938161849976,80.48261530357902,2335.9417691230774,11.204713821411133,0.5,0.005,64,lr_0.005_hc_64
218,4.910743713378906,1.8484807014465332,0.7269505858421326,1.1287767887115479,1.2065353393554688,83.22992377238079,74.13579152632512,80.36695621343733,84.79286432266235,80.63138395870139,2347.4676711559296,11.08053970336914,0.5,0.005,64,lr_0.005_hc_64
219,5.099106788635254,1.9295541048049927,0.7246455550193787,1.1515824794769287,1.2933249473571777,83.55787980854458,74.81829462861195,79.65786208119128,84.8812460899353,80.72882065207078,2358.239458799362,10.32090711593628,0.5,0.005,64,lr_0.005_hc_64
220,4.887163162231445,1.8017923831939697,0.7219721674919128,1.1171207427978516,1.2462780475616455,83.06151391597234,74.71193050877504,79.5426342847013,84.55318212509155,80.46731520863506,2368.6736030578613,9.943631172180176,0.5,0.005,64,lr_0.005_hc_64
221,5.032067775726318,1.892198085784912,0.706028938293457,1.146677851676941,1.2871627807617188,83.45151568870767,73.86988122673284,79.51604325474206,84.08836722373962,80.23145184848055,2378.9290714263916,9.826716899871826,0.5,0.005,64,lr_0.005_hc_64
222,4.9499592781066895,1.856439471244812,0.7119632959365845,1.1040074825286865,1.277549147605896,83.77060804821839,74.8360219819181,79.6135436979259,85.14472842216492,80.84122553755682,2390.529259443283,11.18074083328247,0.5,0.005,64,lr_0.005_hc_64
223,4.916682243347168,1.849176049232483,0.7059004902839661,1.089239478111267,1.2723660469055176,83.38060627548307,74.99556816167346,79.56922531466051,84.25180912017822,80.54930221799881,2401.624795436859,10.645603895187378,0.5,0.005,64,lr_0.005_hc_64
224,4.899343490600586,1.9099347591400146,0.7020577192306519,1.0636049509048462,1.2237461805343628,83.90356319801454,74.92465874844886,80.20741003368197,83.85859727859497,80.72355731468508,2411.777909517288,9.730857849121094,0.5,0.005,64,lr_0.005_hc_64
225,4.839423179626465,1.8229725360870361,0.6888595819473267,1.0916517972946167,1.2359387874603271,84.24924658748448,74.73852153873428,79.7199078177628,83.00752639770508,80.42880058542166,2422.104004383087,9.91346263885498,0.5,0.005,64,lr_0.005_hc_64
226,4.881611347198486,1.8156379461288452,0.7110021710395813,1.1047441959381104,1.2502269744873047,83.75288069491225,74.33965608934587,79.84399929090587,83.48777294158936,80.35607725418834,2432.436527967453,9.905811786651611,0.5,0.005,64,lr_0.005_hc_64
227,4.94197416305542,1.887996792793274,0.687844455242157,1.0816829204559326,1.2844500541687012,84.25811026413757,74.69420315546888,79.87059032086509,82.73178339004517,80.38867178262919,2442.9867208004,10.111128807067871,0.5,0.005,64,lr_0.005_hc_64
228,4.842864513397217,1.8275113105773926,0.7010610699653625,1.0900256633758545,1.2242664098739624,84.01879099450453,74.58783903563197,80.20741003368197,84.63239669799805,80.86160919045413,2453.3377599716187,9.906479120254517,0.5,0.005,64,lr_0.005_hc_64
229,4.866045951843262,1.8837836980819702,0.6914480924606323,1.109442949295044,1.1813710927963257,84.08970040772913,74.32192873603971,80.48218400992731,84.77495312690735,80.91719157015088,2463.992946624756,10.206336259841919,0.5,0.005,64,lr_0.005_hc_64
230,4.900533676147461,1.8856114149093628,0.6886095404624939,1.0910906791687012,1.2352219820022583,84.3910654139337,74.99556816167346,80.02127282396738,84.07648801803589,80.8710986044026,2474.360272884369,9.946507453918457,0.5,0.005,64,lr_0.005_hc_64
231,4.889890193939209,1.8613364696502686,0.696154773235321,1.0929714441299438,1.2394274473190308,84.23151923417834,74.45488388583584,80.02127282396738,84.83588695526123,80.8858907248107,2484.7375190258026,9.94575834274292,0.5,0.005,64,lr_0.005_hc_64
232,4.994988441467285,1.8936251401901245,0.7035390138626099,1.090174674987793,1.3076497316360474,84.0985640843822,75.00443183832654,79.20581457188442,83.00594687461853,80.32868934230292,2495.692484140396,10.530121564865112,0.5,0.005,64,lr_0.005_hc_64
233,4.850598335266113,1.8598219156265259,0.6895872950553894,1.098668098449707,1.2025209665298462,84.29356497074987,74.22442829285588,79.81740826094665,84.78968143463135,80.78127073979593,2506.350977420807,10.241986513137817,0.5,0.005,64,lr_0.005_hc_64
234,4.978935241699219,1.935702919960022,0.6869263648986816,1.1253842115402222,1.2309218645095825,84.48856585711754,74.10033681971282,79.9414997340897,83.8080644607544,80.5846167179186,2516.4867033958435,9.689222574234009,0.5,0.005,64,lr_0.005_hc_64
235,4.819329738616943,1.831390619277954,0.6767149567604065,1.08063542842865,1.2305890321731567,84.41765644389292,75.02215919163268,79.7996809076405,83.01963806152344,80.56478365117239,2527.607188940048,10.67805004119873,0.5,0.005,64,lr_0.005_hc_64
236,4.866421699523926,1.9119070768356323,0.6800638437271118,1.075139045715332,1.1993114948272705,84.55061159368907,75.1639780180819,80.65945754298883,84.13020968437195,81.12606420978294,2539.546590089798,11.51044225692749,0.5,0.005,64,lr_0.005_hc_64
237,4.869992256164551,1.8915094137191772,0.6802314519882202,1.0753287076950073,1.2229228019714355,84.31129232405603,75.13738698812269,79.92377238078355,84.88097786903381,81.06335739049901,2551.230443954468,11.243403911590576,0.5,0.005,64,lr_0.005_hc_64
238,4.898806571960449,1.936957836151123,0.6804214715957642,1.0760583877563477,1.2053688764572144,84.39992909058678,74.61443006559121,80.12763694380429,83.10093283653259,80.56073223412872,2563.634073495865,11.903393745422363,0.5,0.005,64,lr_0.005_hc_64
239,4.838064193725586,1.8616467714309692,0.6700917482376099,1.0681941509246826,1.2381314039230347,84.89629498315901,75.0930686048573,79.95922708739586,84.14112329483032,81.02242849256062,2574.7917943000793,10.698996305465698,0.5,0.005,64,lr_0.005_hc_64
240,4.853096961975098,1.9049347639083862,0.6738222241401672,1.0707546472549438,1.2035850286483765,84.66583939017904,75.46534302428647,80.22513738698812,82.48851299285889,80.71120819857813,2585.679936647415,10.465949296951294,0.5,0.005,64,lr_0.005_hc_64
241,4.800569534301758,1.7599351406097412,0.6824178099632263,1.1019341945648193,1.256282091140747,84.63038468356675,74.88034036518347,79.52490693139515,83.68401527404785,80.6799118135483,2596.2693059444427,10.15276050567627,0.5,0.005,64,lr_0.005_hc_64
242,4.838627338409424,1.8646636009216309,0.6579588651657104,1.1013792753219604,1.2146252393722534,84.57720262364829,74.86261301187731,80.50877503988654,83.72485041618347,80.91836027289891,2608.4358932971954,11.679514408111572,0.5,0.005,64,lr_0.005_hc_64
243,4.854089736938477,1.8710601329803467,0.6806451082229614,1.0816776752471924,1.220706582069397,84.73674880340366,74.8360219819181,80.25172841694736,82.32187032699585,80.53659238231624,2620.989923477173,12.08214807510376,0.5,0.005,64,lr_0.005_hc_64
244,4.82381010055542,1.8627471923828125,0.6784263253211975,1.0878251791000366,1.194811224937439,84.56833894699521,74.78283992199964,80.6328665130296,85.19811630249023,81.29554042112868,2633.595968723297,12.141719818115234,0.5,0.005,64,lr_0.005_hc_64
245,4.850169658660889,1.8248956203460693,0.6890016794204712,1.081462025642395,1.2548102140426636,84.32015600070909,75.27920581457188,79.71104414110974,84.37556028366089,80.92149156001291,2646.5312881469727,12.52180027961731,0.5,0.005,64,lr_0.005_hc_64
246,4.833524227142334,1.826209545135498,0.6942297220230103,1.0929045677185059,1.220180630683899,83.94788158127992,75.00443183832654,79.78195355433434,84.87881422042847,80.90327029859232,2656.136079311371,9.17591404914856,0.5,0.005,64,lr_0.005_hc_64
247,4.909090995788574,1.9441567659378052,0.6965312361717224,1.1030542850494385,1.1653485298156738,83.97447261123914,75.0930686048573,80.33150150682503,84.07667875289917,80.86893036895516,2664.910186767578,8.364047050476074,0.5,0.005,64,lr_0.005_hc_64
248,4.815268516540527,1.8930774927139282,0.6894420981407166,1.069032073020935,1.1637165546417236,84.18720085091296,75.35897890444957,81.2178691721326,83.45019817352295,81.05356177525451,2674.750142812729,9.444303035736084,0.5,0.005,64,lr_0.005_hc_64
249,4.850374221801758,1.835850715637207,0.6905143857002258,1.0967763662338257,1.2272331714630127,84.18720085091296,75.15511434142881,80.15422797376351,85.76350212097168,81.31501132176925,2683.62406539917,8.403343677520752,0.5,0.005,64,lr_0.005_hc_64
250,4.799829006195068,1.8208205699920654,0.6863722801208496,1.0603326559066772,1.2323036193847656,84.27583761744371,75.32352419783727,80.39354724339655,84.24550294876099,81.05960300185964,2692.498980283737,8.470981121063232,0.5,0.005,64,lr_0.005_hc_64
251,4.776397228240967,1.8191500902175903,0.6865383982658386,1.0530685186386108,1.2176405191421509,84.49742953377061,75.39443361106187,80.61513915972344,83.53999257087708,81.01174871885826,2701.5041840076447,8.54853892326355,0.5,0.005,64,lr_0.005_hc_64
252,4.815570831298828,1.8638014793395996,0.680178165435791,1.0833038091659546,1.1882874965667725,84.94061336642439,75.04875022159192,80.11877326715121,83.08727741241455,80.79885356689552,2711.9059567451477,9.99655795097351,0.5,0.005,64,lr_0.005_hc_64
253,4.710825443267822,1.818277359008789,0.6705520749092102,1.0667835474014282,1.1552125215530396,84.59492997695443,75.19056904804113,81.08491402233646,84.2881977558136,81.2896527007864,2723.7847485542297,11.393789768218994,0.5,0.005,64,lr_0.005_hc_64
254,4.767626762390137,1.8638423681259155,0.6583028435707092,1.0715373754501343,1.1739442348480225,84.88743130650593,75.3501152277965,80.6683212196419,84.78326201438904,81.42228244208334,2736.729174852371,12.467618465423584,0.5,0.005,64,lr_0.005_hc_64
255,4.785068988800049,1.8471362590789795,0.674068808555603,1.0677084922790527,1.1961554288864136,84.82538556993441,75.1994327246942,80.65059386633575,84.17387008666992,81.21232056190857,2745.709819316864,8.497009754180908,0.5,0.005,64,lr_0.005_hc_64
256,4.808707237243652,1.8342132568359375,0.6823731064796448,1.0994395017623901,1.1926815509796143,84.59492997695443,74.65874844885658,80.51763871653962,85.1084291934967,81.21993658396184,2754.7810440063477,8.631016731262207,0.5,0.005,64,lr_0.005_hc_64
257,4.830425262451172,1.869673252105713,0.678939700126648,1.089752435684204,1.1920595169067383,84.00106364119837,74.88034036518347,80.561957099805,83.586984872818,80.75758649475121,2766.921703338623,11.730867385864258,0.5,0.005,64,lr_0.005_hc_64
258,4.772593975067139,1.8075624704360962,0.696562647819519,1.0988290309906006,1.1696397066116333,84.0985640843822,74.8005672753058,80.96968622584649,83.75245332717896,80.90531772817836,2776.3365383148193,8.857043266296387,0.5,0.005,64,lr_0.005_hc_64
259,4.768499374389648,1.8126237392425537,0.6443645358085632,1.042465090751648,1.2690460681915283,85.52561602552738,74.92465874844886,79.44513384151746,83.37472677230835,80.81753384695051,2786.6421852111816,9.891742706298828,0.5,0.005,64,lr_0.005_hc_64
260,4.817830562591553,1.7965596914291382,0.6561354398727417,1.0897716283798218,1.2753640413284302,85.12675057613899,74.81829462861195,79.53377060804821,84.72311496734619,81.05048269503634,2796.6579632759094,9.559147834777832,0.5,0.005,64,lr_0.005_hc_64
261,4.788906097412109,1.8260542154312134,0.6593946814537048,1.0817164182662964,1.221740961074829,85.02925013295514,74.91579507179577,80.18968268037582,84.5234751701355,81.16455076381556,2806.0745677948,8.930503845214844,0.5,0.005,64,lr_0.005_hc_64
262,4.797477722167969,1.8714852333068848,0.6485404968261719,1.0822392702102661,1.1952126026153564,85.17106895940437,75.53625243751108,80.51763871653962,83.27475190162659,81.1249280037704,2814.759105682373,8.265790700912476,0.5,0.005,64,lr_0.005_hc_64
263,4.666454792022705,1.8416111469268799,0.6517857909202576,1.0240439176559448,1.1490139961242676,84.92288601311824,75.90852685694026,80.74809430951959,83.60694646835327,81.29661341198285,2826.858289718628,11.678568601608276,0.5,0.005,64,lr_0.005_hc_64
264,4.7755608558654785,1.9106793403625488,0.6612294912338257,1.034920573234558,1.1687310934066772,85.14447792944515,75.4919340542457,80.2694557702535,83.59537124633789,81.12530975007056,2835.9731414318085,8.647717237472534,0.5,0.005,64,lr_0.005_hc_64
265,4.7619853019714355,1.8125462532043457,0.6675716638565063,1.0391719341278076,1.2426954507827759,84.82538556993441,75.66920758730721,79.87945399751817,83.60958099365234,80.99590703710304,2844.8688192367554,8.471892595291138,0.5,0.005,64,lr_0.005_hc_64
266,4.714709281921387,1.8563708066940308,0.6740028858184814,1.0262917280197144,1.1580440998077393,84.14288246764758,76.04148200673639,80.98741357915263,84.27187204360962,81.36091252428656,2855.091338634491,9.807533502578735,0.5,0.005,64,lr_0.005_hc_64
267,4.7304301261901855,1.8948813676834106,0.6661233901977539,1.0453523397445679,1.1240730285644531,84.58606630030137,75.97057259351179,81.00514093245879,85.90126037597656,81.86576005056212,2864.041431427002,8.460070610046387,0.5,0.005,64,lr_0.005_hc_64
268,4.795833110809326,1.90671968460083,0.6605236530303955,1.0651808977127075,1.1634087562561035,84.55947527034213,74.96897713171423,81.12923240560185,83.8660478591919,81.13093316671252,2872.963360309601,8.485991716384888,0.5,0.005,64,lr_0.005_hc_64
269,4.792140960693359,1.9188663959503174,0.6623690128326416,1.0539966821670532,1.1569089889526367,84.88743130650593,75.527388760858,80.86332210600958,84.20729637145996,81.37135963620837,2881.841613292694,8.446003437042236,0.5,0.005,64,lr_0.005_hc_64
270,4.745514869689941,1.8524460792541504,0.6544041037559509,1.0596352815628052,1.1790294647216797,85.12675057613899,75.60716185073568,80.55309342315192,85.83817481994629,81.78129516749321,2893.1584706306458,10.890190839767456,0.5,0.005,64,lr_0.005_hc_64
271,4.744905471801758,1.8727408647537231,0.6429541110992432,1.039302945137024,1.1899076700210571,85.40152455238433,75.81102641375642,80.16309165041659,84.31446552276611,81.42252703483086,2906.4348044395447,12.792683839797974,0.5,0.005,64,lr_0.005_hc_64
272,4.700660705566406,1.841467261314392,0.6455133557319641,1.0658634901046753,1.147816777229309,85.55220705548662,75.20829640134727,81.1115050522957,84.49722528457642,81.5923084484265,2916.9627323150635,10.041426181793213,0.5,0.005,64,lr_0.005_hc_64
273,4.639481544494629,1.802444338798523,0.648423969745636,1.025617003440857,1.1629962921142578,85.27743307924128,76.01489097677717,81.0671866690303,83.33456516265869,81.42351897192687,2925.743738889694,8.290278911590576,0.5,0.005,64,lr_0.005_hc_64
274,4.7095184326171875,1.8796021938323975,0.6424568891525269,1.0466985702514648,1.1407610177993774,84.77220351001596,75.48307037759263,80.71263960290729,84.12115573883057,81.2722673073366,2936.819303750992,10.64712929725647,0.5,0.005,64,lr_0.005_hc_64
275,4.701333999633789,1.790543556213379,0.6574772000312805,1.0698236227035522,1.1834897994995117,85.13561425279205,75.38556993440879,80.45559297996809,83.67929458618164,81.16401793833765,2945.8415513038635,8.549943447113037,0.5,0.005,64,lr_0.005_hc_64
276,4.625583171844482,1.7746896743774414,0.6335945129394531,1.0588253736495972,1.1584736108779907,85.41038822903741,75.2348874313065,80.28718312355966,84.04926061630249,81.24542985005151,2955.0216171741486,8.769710063934326,0.5,0.005,64,lr_0.005_hc_64
277,4.66715145111084,1.7734276056289673,0.6531254649162292,1.0520726442337036,1.188525676727295,85.19765998936359,75.55397979081722,80.1985463570289,86.22422814369202,81.79360357022543,2964.4851446151733,9.017560243606567,0.5,0.005,64,lr_0.005_hc_64
278,4.66526460647583,1.796364665031433,0.6727443933486938,1.0460877418518066,1.1500678062438965,84.56833894699521,75.39443361106187,81.17355078886722,85.32536625862122,81.61542240138638,2974.64963555336,9.75472354888916,0.5,0.005,64,lr_0.005_hc_64
279,4.700340270996094,1.8257282972335815,0.6702502369880676,1.0720858573913574,1.1322755813598633,84.63924836021982,75.21716007800036,81.08491402233646,84.85711216926575,81.4496086574556,2984.15899515152,9.017449378967285,0.5,0.005,64,lr_0.005_hc_64
280,4.675029754638672,1.8207927942276,0.6736289262771606,1.0506876707077026,1.129920244216919,84.26697394079063,75.02215919163268,81.27105123205105,85.50985455513,81.5175097299011,2993.3464999198914,8.76863169670105,0.5,0.005,64,lr_0.005_hc_64
281,4.7238616943359375,1.8763519525527954,0.6605002880096436,1.01127028465271,1.1757392883300781,84.73674880340366,76.03261833008332,80.42900195000885,83.70497822761536,81.2258368277778,3002.4290947914124,8.6436026096344,0.5,0.005,64,lr_0.005_hc_64
282,4.656890869140625,1.8662965297698975,0.6420002579689026,1.0246070623397827,1.1239874362945557,85.25970572593512,76.13011877326716,81.03173196241801,84.48762893676758,81.72729634959697,3013.3725349903107,10.497476816177368,0.5,0.005,64,lr_0.005_hc_64
283,4.747219562530518,1.8528532981872559,0.6549863219261169,1.0646369457244873,1.1747430562973022,84.99379542634284,75.39443361106187,80.8544584293565,84.19463634490967,81.35933095291772,3024.0175671577454,10.165824174880981,0.5,0.005,64,lr_0.005_hc_64
284,4.665430068969727,1.8351939916610718,0.6333588361740112,1.056630253791809,1.1402469873428345,85.3040241092005,75.58057082077646,81.01400460911185,84.40734148025513,81.57648525483599,3034.57253074646,10.156146764755249,0.5,0.005,64,lr_0.005_hc_64
285,4.6395111083984375,1.8648297786712646,0.6507185101509094,1.0431185960769653,1.0808441638946533,85.75607161850736,76.16557347987946,81.8028718312356,84.7925066947937,82.12925590610402,3044.3655507564545,9.315469026565552,0.5,0.005,64,lr_0.005_hc_64
286,4.718582630157471,1.8642292022705078,0.6422753930091858,1.075561285018921,1.1365169286727905,85.70288955858891,75.527388760858,81.616734621521,85.18829941749573,82.0088280896159,3054.0000834465027,9.126473426818848,0.5,0.005,64,lr_0.005_hc_64
287,4.630213260650635,1.8242571353912354,0.6476742029190063,1.074162483215332,1.0841193199157715,85.29516043254742,75.76670803049105,82.26378301719554,83.46726298332214,81.69822861588904,3064.714720249176,10.295984506607056,0.5,0.005,64,lr_0.005_hc_64
288,4.662920951843262,1.8420147895812988,0.6377618312835693,1.0485574007034302,1.1345868110656738,85.31288778585358,75.42102464102109,81.146959758908,84.07310247421265,81.48849366499883,3075.0667474269867,9.922941446304321,0.5,0.005,64,lr_0.005_hc_64
289,4.697574615478516,1.8697938919067383,0.6296237111091614,1.030700922012329,1.1674561500549316,85.40152455238433,75.34125155114342,80.72150327956035,82.79730081558228,81.06539504966759,3086.459365129471,10.897884607315063,0.5,0.005,64,lr_0.005_hc_64
290,4.658049583435059,1.8812694549560547,0.6311835050582886,1.0023759603500366,1.1432206630706787,85.33061513915973,76.29852862967559,81.16468711221415,82.79551863670349,81.39733737943824,3098.021605014801,11.056689262390137,0.5,0.005,64,lr_0.005_hc_64
291,4.66163969039917,1.8088997602462769,0.6419978737831116,1.0499845743179321,1.1607576608657837,85.60538911540507,75.26147846126572,81.3596879985818,84.22631025314331,81.61321645709899,3109.8578305244446,11.31350040435791,0.5,0.005,64,lr_0.005_hc_64
292,4.688698768615723,1.9147233963012695,0.635766327381134,1.0095906257629395,1.1286184787750244,85.44584293564971,76.22761921645098,81.18241446552031,84.7965657711029,81.91311059718097,3121.5786254405975,11.271194696426392,0.5,0.005,64,lr_0.005_hc_64
293,4.65304708480835,1.8976346254348755,0.6340363621711731,1.005277156829834,1.1160988807678223,85.87129941499734,76.16557347987946,81.68764403474562,85.07611751556396,82.20015861129659,3133.6940162181854,11.665024042129517,0.5,0.005,64,lr_0.005_hc_64
294,4.644282341003418,1.8885530233383179,0.625657320022583,1.018797516822815,1.1112749576568604,85.74720794185428,75.87307215032796,81.79400815458251,84.65465307235718,82.01723532978049,3146.398557662964,12.262163400650024,0.5,0.005,64,lr_0.005_hc_64
295,4.715432167053223,1.8594704866409302,0.6471595168113708,1.03471839427948,1.1740834712982178,85.46357028895586,75.79329906045027,81.04059563907109,84.33470726013184,81.65804306215226,3158.5492351055145,11.656596660614014,0.5,0.005,64,lr_0.005_hc_64
296,4.6805419921875,1.8351902961730957,0.6385064125061035,1.0493942499160767,1.1574510335922241,85.54334337883354,76.02375465343025,80.9608225491934,84.64627265930176,81.79354831018973,3170.8265478610992,11.823291540145874,0.5,0.005,64,lr_0.005_hc_64
297,4.537184238433838,1.8155958652496338,0.6147616505622864,1.0277748107910156,1.0790518522262573,86.09289133132422,76.16557347987946,81.46605211841872,84.04209613800049,81.94165326690572,3182.8060343265533,11.52947449684143,0.5,0.005,64,lr_0.005_hc_64
298,4.663421630859375,1.8890082836151123,0.6243525147438049,1.0077025890350342,1.142358422279358,85.72948058854813,76.24534656975713,80.9608225491934,84.19677019119263,81.78310497467282,3195.0022790431976,11.652918338775635,0.5,0.005,64,lr_0.005_hc_64
299,4.640224456787109,1.8420525789260864,0.6439754366874695,1.0412143468856812,1.1129822731018066,85.011522779649,75.98829994681793,81.29764226201029,85.66767573356628,81.99128518051087,3205.8125092983246,10.345253944396973,0.5,0.005,64,lr_0.005_hc_64
300,4.6037468910217285,1.8139500617980957,0.612019419670105,1.0226247310638428,1.155152440071106,85.8890267683035,76.49352951604325,81.22673284878567,85.02731323242188,82.15915059138858,3217.1488559246063,10.851458072662354,0.5,0.005,64,lr_0.005_hc_64
301,4.6445817947387695,1.8537124395370483,0.6275380849838257,1.0552098751068115,1.108121395111084,85.68516220528275,75.56284346747032,80.9608225491934,84.82527732849121,81.75852638760942,3228.5311465263367,10.917476654052734,0.5,0.005,64,lr_0.005_hc_64
302,4.597005367279053,1.8258229494094849,0.6080585718154907,1.0221093893051147,1.1410144567489624,86.23471015777343,75.81102641375642,81.18241446552031,84.53360795974731,81.94043974919937,3239.462062597275,10.511977195739746,0.5,0.005,64,lr_0.005_hc_64
303,4.5653605461120605,1.768668532371521,0.6088244318962097,1.0507155656814575,1.1371521949768066,86.14607339124268,75.4919340542457,81.52809785499025,85.08745431900024,82.06338990486972,3250.994522333145,11.061322212219238,0.5,0.005,64,lr_0.005_hc_64
304,4.580621242523193,1.8348557949066162,0.6172688007354736,1.0091127157211304,1.119383692741394,85.85357206169118,75.90852685694026,81.27991490870413,85.0154161453247,82.01435749316506,3262.3077385425568,10.77384066581726,0.5,0.005,64,lr_0.005_hc_64
305,4.625681400299072,1.8396210670471191,0.6272659301757812,1.0231684446334839,1.135625958442688,85.40152455238433,75.87307215032796,80.9253678425811,84.41166877746582,81.6529083306898,3273.3433306217194,10.507658004760742,0.5,0.005,64,lr_0.005_hc_64
306,4.67059326171875,1.8924241065979004,0.6275932788848877,1.0378981828689575,1.1126775741577148,85.56107073213968,75.94398156355257,81.74082609466407,84.5030426979065,81.9372302720657,3283.4532809257507,9.577159881591797,0.5,0.005,64,lr_0.005_hc_64
307,4.648759365081787,1.8094578981399536,0.6513664126396179,1.0263055562973022,1.1616296768188477,85.21538734266973,76.35171068959404,80.57082077645808,85.1225733757019,81.81512304610594,3293.92423081398,10.030961513519287,0.5,0.005,64,lr_0.005_hc_64
308,4.624785900115967,1.8101216554641724,0.653655469417572,1.0157488584518433,1.1452598571777344,84.45311115050524,75.76670803049105,80.94309519588725,84.17821526527405,81.3352824105394,3304.0532109737396,9.617706298828125,0.5,0.005,64,lr_0.005_hc_64
309,4.689174652099609,1.8729413747787476,0.6479844450950623,1.0131490230560303,1.1551001071929932,84.91402233646517,75.88193582698104,81.04059563907109,83.29946398735046,81.28400444746694,3314.381007909775,9.839544534683228,0.5,0.005,64,lr_0.005_hc_64
310,4.670708179473877,1.8537062406539917,0.6398971080780029,1.0214505195617676,1.1556543111801147,85.7383442652012,76.38716539620634,80.54422974649886,84.49392318725586,81.79091564879056,3323.9045124053955,9.087581157684326,0.5,0.005,64,lr_0.005_hc_64
311,4.696924686431885,1.90065598487854,0.6284927129745483,1.0368871688842773,1.130888819694519,85.88016309165042,75.4919340542457,81.2533238787449,84.042489528656,81.66697763832425,3334.235523223877,9.878608226776123,0.5,0.005,64,lr_0.005_hc_64
312,4.673733711242676,1.901693344116211,0.6303155422210693,1.0029900074005127,1.138735055923462,85.596525438752,76.75943981563552,80.98741357915263,84.75536704063416,82.02468646854358,3343.4671835899353,8.805136919021606,0.5,0.005,64,lr_0.005_hc_64
313,4.574611663818359,1.842181921005249,0.6378715634346008,0.9958447813987732,1.0987131595611572,85.42811558234355,76.27193759971637,81.77628080127637,83.80919694900513,81.82138273308534,3353.8433640003204,9.87719988822937,0.5,0.005,64,lr_0.005_hc_64
314,4.650355339050293,1.8881794214248657,0.6150690913200378,1.008230447769165,1.1388764381408691,86.0308455947527,76.9544407020032,81.29764226201029,83.97612571716309,82.06476356898231,3363.4595029354095,9.155243158340454,0.5,0.005,64,lr_0.005_hc_64
315,4.578853607177734,1.8488942384719849,0.6306906342506409,0.99386066198349,1.10540771484375,85.49902499556816,76.83921290551321,81.2178691721326,84.18861031532288,81.93617934713421,3373.3085386753082,9.401487350463867,0.5,0.005,64,lr_0.005_hc_64
316,4.625204086303711,1.8901610374450684,0.6114516854286194,0.9955129027366638,1.1280786991119385,86.1017550079773,76.24534656975713,80.89877681262188,83.2953929901123,81.63531784511716,3382.589123725891,8.871135473251343,0.5,0.005,64,lr_0.005_hc_64
317,4.635837554931641,1.8656195402145386,0.6177325248718262,1.030155062675476,1.1223300695419312,85.72061691189505,75.81102641375642,81.79400815458251,85.43349504470825,82.18978663123556,3393.246063232422,10.227159261703491,0.5,0.005,64,lr_0.005_hc_64
318,4.582862854003906,1.828326940536499,0.6349999308586121,1.0151450634002686,1.1043906211853027,85.25970572593512,75.83761744371566,81.3596879985818,86.02592349052429,82.12073366468921,3404.7145869731903,10.972301721572876,0.5,0.005,64,lr_0.005_hc_64
319,4.6590375900268555,1.8840045928955078,0.6241586804389954,1.0310828685760498,1.1197915077209473,85.86243573834426,76.20102818649175,81.74082609466407,84.01883840560913,81.95578210627731,3413.670171022415,8.550282001495361,0.5,0.005,64,lr_0.005_hc_64
320,4.591386318206787,1.811847448348999,0.6338664889335632,1.0407029390335083,1.1049695014953613,85.70288955858891,76.03261833008332,81.43059741180642,83.76026153564453,81.7315917090308,3423.6445887088776,9.517152070999146,0.5,0.005,64,lr_0.005_hc_64
321,4.58455228805542,1.855982780456543,0.6244124174118042,1.0323989391326904,1.0717580318450928,85.82698103173196,76.25421024641021,82.17514625066478,84.05260443687439,82.07723549142034,3433.3074426651,9.230394840240479,0.5,0.005,64,lr_0.005_hc_64
322,4.4961018562316895,1.8150367736816406,0.5994471907615662,1.0051805973052979,1.07643723487854,86.20811912781421,76.62648466583939,81.6521893281333,84.53133702278137,82.25453253614208,3442.6643435955048,8.851978778839111,0.5,0.005,64,lr_0.005_hc_64
323,4.5195746421813965,1.7900134325027466,0.6231052875518799,0.9934617877006531,1.1129939556121826,86.00425456479348,76.63534834249248,81.3242332919695,86.0597014427185,82.5058844104935,3451.469200849533,8.403677940368652,0.5,0.005,64,lr_0.005_hc_64
324,4.526566982269287,1.804123878479004,0.6100130081176758,1.0057624578475952,1.106667399406433,86.1017550079773,76.6619393724517,81.74082609466407,84.18791890144348,82.17310984413415,3460.803037405014,8.84803557395935,0.5,0.005,64,lr_0.005_hc_64
325,4.469048500061035,1.7004508972167969,0.6269342303276062,1.0189915895462036,1.1226714849472046,85.84470838503812,76.4048927495125,81.146959758908,85.37548780441284,82.19301217446787,3469.838227033615,8.60773777961731,0.5,0.005,64,lr_0.005_hc_64
326,4.449422836303711,1.717334508895874,0.6098125576972961,1.014822006225586,1.10745370388031,85.88016309165042,76.76830349228861,81.49264314837795,85.11632680892944,82.3143591353116,3479.680023431778,9.34135389328003,0.5,0.005,64,lr_0.005_hc_64
327,4.406566619873047,1.7210829257965088,0.6008207201957703,0.9853562712669373,1.0993068218231201,86.19039177450807,76.55557525261479,80.81014004609112,84.80390906333923,82.0900040341383,3488.533896446228,8.445870399475098,0.5,0.005,64,lr_0.005_hc_64
328,4.450020790100098,1.770536184310913,0.5888716578483582,1.0076459646224976,1.082966923713684,86.1017550079773,76.75057613898245,81.49264314837795,85.30776500701904,82.4131848255892,3497.8203954696655,8.854890823364258,0.5,0.005,64,lr_0.005_hc_64
329,4.4531426429748535,1.7396512031555176,0.6016511917114258,0.9948875904083252,1.1169527769088745,86.14607339124268,76.29852862967559,81.4394610884595,84.39579010009766,82.06996330236885,3507.0006215572357,8.696141719818115,0.5,0.005,64,lr_0.005_hc_64
330,4.4390950202941895,1.7384412288665771,0.607266902923584,1.0087122917175293,1.084674596786499,85.87129941499734,76.30739230632867,82.00673639425634,85.25145649909973,82.35922115367053,3516.7433269023895,9.231473207473755,0.5,0.005,64,lr_0.005_hc_64
331,4.462678909301758,1.7883208990097046,0.6022834181785583,0.9807575345039368,1.0913169384002686,85.78266264846658,76.90125864208474,81.67878035809254,84.4151258468628,82.19445687387666,3526.7574994564056,9.587332248687744,0.5,0.005,64,lr_0.005_hc_64
332,4.34943962097168,1.6755139827728271,0.6024324297904968,0.9830940365791321,1.0883991718292236,86.27016486438575,76.54671157596171,81.62559829817408,85.33029556274414,82.44319257531643,3535.943675994873,8.748000860214233,0.5,0.005,64,lr_0.005_hc_64
333,4.4134416580200195,1.7468117475509644,0.6086428761482239,0.9979798197746277,1.0600072145462036,86.01311824144655,76.27193759971637,81.93582698103174,84.21468734741211,82.10889254240169,3544.892669439316,8.521267175674438,0.5,0.005,64,lr_0.005_hc_64
334,4.3697404861450195,1.733275294303894,0.6099668741226196,0.9896445274353027,1.0368536710739136,86.11948236128346,76.46693848608402,82.48537493352242,84.54428911209106,82.40402122324524,3553.856393098831,8.52737545967102,0.5,0.005,64,lr_0.005_hc_64
335,4.4753313064575195,1.7979637384414673,0.621128499507904,1.0043411254882812,1.0518978834152222,85.57879808544584,76.34284701294098,82.64492111327779,84.83635783195496,82.3507310109049,3562.8854851722717,8.523444175720215,0.5,0.005,64,lr_0.005_hc_64
336,4.398031234741211,1.7137904167175293,0.6242849826812744,1.0119050741195679,1.0480507612228394,85.9244814749158,76.49352951604325,82.24605566388938,85.43314933776855,82.52430399815425,3571.9232409000397,8.586923599243164,0.5,0.005,64,lr_0.005_hc_64
337,4.37938928604126,1.727705478668213,0.5957927107810974,0.9852920770645142,1.0705991983413696,86.19925545116114,76.68853040241092,81.99787271760326,84.82115268707275,82.42670281456202,3581.180014848709,8.760913133621216,0.5,0.005,64,lr_0.005_hc_64
338,4.391372203826904,1.7389376163482666,0.6012218594551086,0.9960384964942932,1.055174469947815,86.12834603793654,76.45807480943095,82.4233291969509,85.75435876846313,82.69102720319538,3590.093121290207,8.481537103652954,0.5,0.005,64,lr_0.005_hc_64
339,4.474081039428711,1.7670232057571411,0.6148743033409119,1.0077189207077026,1.084464430809021,85.89789044495657,76.26307392306329,82.01560007090941,84.61626768112183,82.19820803001278,3599.9465131759644,9.393535852432251,0.5,0.005,64,lr_0.005_hc_64
340,4.473538398742676,1.7147436141967773,0.614524781703949,1.0111349821090698,1.1331348419189453,86.30561957099805,76.4048927495125,81.4749157950718,84.09111499786377,82.06913577836153,3608.9489369392395,8.593027591705322,0.5,0.005,64,lr_0.005_hc_64
341,4.42826509475708,1.7143546342849731,0.6149001717567444,0.9988973140716553,1.100112795829773,85.86243573834426,76.34284701294098,81.4040063818472,85.64834594726562,82.31440877009952,3618.5181953907013,9.053253889083862,0.5,0.005,64,lr_0.005_hc_64
342,4.4234700202941895,1.701025128364563,0.6108248233795166,1.018250823020935,1.0933688879013062,86.11061868463038,76.53784789930863,81.731962418011,83.53165984153748,81.97802221087187,3627.406935930252,8.456252813339233,0.5,0.005,64,lr_0.005_hc_64
343,4.449741840362549,1.7571418285369873,0.6095582246780396,0.987589418888092,1.0954521894454956,85.98652721148733,76.70625775571706,82.45878390356319,85.42795777320862,82.64488166099405,3636.7890973091125,8.95225739479065,0.5,0.005,64,lr_0.005_hc_64
344,4.360523223876953,1.661669373512268,0.5991190671920776,1.0100926160812378,1.0896421670913696,86.27902854103883,76.43148377947172,81.44832476511257,85.00286936759949,82.29042661330566,3646.4053523540497,9.191185235977173,0.5,0.005,64,lr_0.005_hc_64
345,4.435883522033691,1.7158123254776,0.6069464683532715,1.0327942371368408,1.0803303718566895,86.22584648112037,76.53784789930863,82.2371919872363,85.0724995136261,82.51834647032285,3658.666380882263,11.809412717819214,0.5,0.005,64,lr_0.005_hc_64
346,4.360847473144531,1.6764601469039917,0.6017192602157593,1.0007736682891846,1.0818945169448853,86.07516397801808,76.63534834249248,82.00673639425634,85.13286113739014,82.46252746303927,3670.830707550049,11.58089804649353,0.5,0.005,64,lr_0.005_hc_64
347,4.3466691970825195,1.6973727941513062,0.5970265865325928,0.9938055276870728,1.0584642887115479,86.43857472079418,76.56443892926787,82.24605566388938,84.58056449890137,82.4574084532132,3683.164157152176,11.901814460754395,0.5,0.005,64,lr_0.005_hc_64
348,4.413290023803711,1.7387648820877075,0.5999772548675537,1.0288804769515991,1.0456671714782715,86.96153164332566,76.05034568338948,82.37901081368551,84.64901447296143,82.50997565334052,3695.645879983902,11.976332902908325,0.5,0.005,64,lr_0.005_hc_64
349,4.447983264923096,1.7494813203811646,0.6037061214447021,0.9872696995735168,1.1075260639190674,86.16380074454884,77.12285055841163,81.38627902854104,85.73222756385803,82.60128947383988,3709.7318465709686,13.526456594467163,0.5,0.005,64,lr_0.005_hc_64
350,4.330061435699463,1.7204234600067139,0.5849063992500305,0.9926640391349792,1.0320676565170288,86.3588016309165,76.16557347987946,82.201737280624,84.93280410766602,82.4147291247715,3722.0219824314117,11.816675424575806,0.5,0.005,64,lr_0.005_hc_64
351,4.34952449798584,1.6942232847213745,0.5996040105819702,0.9924023151397705,1.0632946491241455,86.181528097855,76.60875731253324,81.51037050168411,85.40606498718262,82.42668022481374,3735.316308736801,12.757203817367554,0.5,0.005,64,lr_0.005_hc_64
352,4.364227294921875,1.7110440731048584,0.6070289015769958,0.9881108403205872,1.0580437183380127,86.651302960468,76.91012231873782,81.731962418011,85.57987809181213,82.71831644725725,3748.920079231262,13.036502599716187,0.5,0.005,64,lr_0.005_hc_64
353,4.349884033203125,1.7179839611053467,0.5889707803726196,0.9811167120933533,1.061812162399292,86.58925722389648,76.23648289310407,82.37014713703245,84.206223487854,82.35052768547175,3763.5414624214172,14.163728713989258,0.5,0.005,64,lr_0.005_hc_64
354,4.358925819396973,1.6637784242630005,0.59120112657547,0.9730390906333923,1.1309069395065308,86.75766708030491,76.98103173196242,80.89877681262188,85.81516742706299,82.61316076298804,3776.05992102623,12.029762744903564,0.5,0.005,64,lr_0.005_hc_64
355,4.416585922241211,1.7512519359588623,0.6039719581604004,0.961275577545166,1.1000865697860718,86.42971104414111,77.67239851090231,81.5812799149087,84.55969095230103,82.56077010556328,3786.2188515663147,9.628029108047485,0.5,0.005,64,lr_0.005_hc_64
356,4.403116226196289,1.7213573455810547,0.5838584899902344,0.9828901886940002,1.115010142326355,87.12107782308102,76.7328487856763,81.59014359156178,86.04461550712585,82.87217142686123,3795.5128211975098,8.868925094604492,0.5,0.005,64,lr_0.005_hc_64
357,4.37131404876709,1.740133285522461,0.5995009541511536,0.9787859916687012,1.0528939962387085,86.28789221769189,76.82148555220706,82.28151037050169,85.64189672470093,82.7581962162754,3804.384385585785,8.454555988311768,0.5,0.005,64,lr_0.005_hc_64
358,4.258235931396484,1.7010188102722168,0.5985723733901978,0.9573082327842712,1.0013365745544434,85.93334515156887,76.4048927495125,82.58287537670626,86.3983154296875,82.82985717686879,3813.4594900608063,8.635348558425903,0.5,0.005,64,lr_0.005_hc_64
359,4.430715084075928,1.757891058921814,0.5839118361473083,0.9957645535469055,1.093147873878479,86.60698457720262,76.78603084559475,81.79400815458251,85.92245578765869,82.77736984125966,3822.643804550171,8.772300720214844,0.5,0.005,64,lr_0.005_hc_64
360,4.387441635131836,1.7334721088409424,0.5891454815864563,0.9941141605377197,1.0707098245620728,86.43857472079418,76.62648466583939,81.57241623825563,86.7271363735199,82.84115299960227,3831.801302433014,8.725756168365479,0.5,0.005,64,lr_0.005_hc_64
361,4.389974594116211,1.7339377403259277,0.6047161221504211,0.9842175841331482,1.067103385925293,86.41198369083496,76.58216628257402,81.90037227441942,85.88830232620239,82.69570614350769,3840.80105137825,8.577254295349121,0.5,0.005,64,lr_0.005_hc_64
362,4.404633522033691,1.7729676961898804,0.6054204106330872,0.9757773876190186,1.05046808719635,86.40312001418188,77.5748980677185,82.61833008331855,85.5187475681305,83.02877393333736,3850.0056455135345,8.788029909133911,0.5,0.005,64,lr_0.005_hc_64
363,4.313906192779541,1.6823686361312866,0.5891220569610596,0.9711911082267761,1.071224570274353,86.83744017018259,76.92784967204396,82.39673816699167,84.61658954620361,82.69465438885545,3858.9576981067657,8.533355951309204,0.5,0.005,64,lr_0.005_hc_64
364,4.323915481567383,1.7046130895614624,0.5749852061271667,0.9687901139259338,1.0755271911621094,86.95266796667258,77.1317142350647,82.50310228682858,86.93926930427551,83.38168844821034,3868.922425508499,9.550108909606934,0.5,0.005,64,lr_0.005_hc_64
365,4.352601051330566,1.7463037967681885,0.580044150352478,0.9481322169303894,1.0781211853027344,86.44743839744726,77.37989718135083,82.13082786739939,85.39506196975708,82.83830635398863,3877.9317977428436,8.538039922714233,0.5,0.005,64,lr_0.005_hc_64
366,4.38816499710083,1.768046259880066,0.5771381258964539,0.9612030982971191,1.0817776918411255,86.85516752348875,77.30012409147314,82.05991845417479,85.43307781219482,82.91207197033287,3888.353118419647,9.985404968261719,0.5,0.005,64,lr_0.005_hc_64
367,4.356139183044434,1.7028777599334717,0.5793582201004028,0.9805810451507568,1.0933221578598022,86.86403120014182,76.82148555220706,81.78514447792945,85.45402884483337,82.73117251877792,3899.440791606903,10.652284145355225,0.5,0.005,64,lr_0.005_hc_64
368,4.279203414916992,1.724410057067871,0.5766856670379639,0.9850392937660217,0.9930686354637146,86.79312178691721,76.91012231873782,82.47651125686934,85.45625805854797,82.9090033552681,3909.359676837921,9.436996459960938,0.5,0.005,64,lr_0.005_hc_64
369,4.350515365600586,1.7717068195343018,0.5859885215759277,0.9704006314277649,1.0224192142486572,86.79312178691721,77.11398688175855,82.43219287360397,85.46807765960693,82.95184480047166,3918.488057374954,8.685125589370728,0.5,0.005,64,lr_0.005_hc_64
370,4.386692047119141,1.8076012134552002,0.602247953414917,1.0049388408660889,0.9719038605690002,86.54493884063109,77.07853217514625,83.23878744903385,85.7614278793335,83.15592158603617,3927.520715236664,8.602370738983154,0.5,0.005,64,lr_0.005_hc_64
371,4.361366271972656,1.739575982093811,0.5894717574119568,0.9995452761650085,1.0327732563018799,86.12834603793654,76.90125864208474,82.63605743662471,85.32990217208862,82.74889107218365,3936.5421566963196,8.593551397323608,0.5,0.005,64,lr_0.005_hc_64
372,4.317824363708496,1.7175509929656982,0.5814988613128662,0.9888225793838501,1.029951810836792,87.12107782308102,76.60875731253324,82.67151214323701,86.39352321624756,83.19871762377471,3945.7969319820404,8.826743364334106,0.5,0.005,64,lr_0.005_hc_64
373,4.423867225646973,1.76890230178833,0.6091846227645874,1.0070403814315796,1.038739800453186,86.24357383442653,76.34284701294098,82.39673816699167,83.97545218467712,82.23965279975907,3956.1553704738617,9.905837297439575,0.5,0.005,64,lr_0.005_hc_64
374,4.342226982116699,1.751482605934143,0.5691601634025574,0.9889804124832153,1.0326039791107178,87.37812444602021,77.01648643857472,82.99060450274774,85.14465093612671,83.13246658086734,3965.292260169983,8.675880193710327,0.5,0.005,64,lr_0.005_hc_64
375,4.350619792938232,1.7515912055969238,0.5750213861465454,0.9989104270935059,1.0250968933105469,87.01471370324411,76.67966672575784,82.8221946463393,86.13193035125732,83.16212635664965,3974.9631600379944,9.246325016021729,0.5,0.005,64,lr_0.005_hc_64
376,4.34203577041626,1.7070344686508179,0.5816327929496765,0.9810453653335571,1.0723234415054321,87.02357737989718,76.97216805530934,81.93582698103174,85.33992171287537,82.81787353227841,3985.114159345627,9.685940027236938,0.5,0.005,64,lr_0.005_hc_64
377,4.312417507171631,1.6906038522720337,0.5597816109657288,0.9802268743515015,1.0818051099777222,87.35153341606097,76.83921290551321,81.78514447792945,84.68060493469238,82.664123933549,3995.271651506424,9.70925235748291,0.5,0.005,64,lr_0.005_hc_64
378,4.321502685546875,1.7359206676483154,0.5621978640556335,0.9635018706321716,1.0598822832107544,87.2717603261833,77.76103527743308,81.82059918454175,84.3437135219574,82.79927707752887,4004.7561378479004,9.032140731811523,0.5,0.005,64,lr_0.005_hc_64
379,4.33998966217041,1.703680396080017,0.5699478387832642,0.9697450399398804,1.096616268157959,87.41357915263251,77.39762453465697,81.55468888494948,85.02528667449951,82.84779481168462,4014.391735315323,9.226526737213135,0.5,0.005,64,lr_0.005_hc_64
380,4.325255870819092,1.696055293083191,0.5779352188110352,0.9828050136566162,1.0684601068496704,86.25243751107959,77.25580570820777,81.97128168764404,86.83337569236755,83.07822514982473,4024.3790214061737,9.559585094451904,0.5,0.005,64,lr_0.005_hc_64
381,4.337100028991699,1.7264690399169922,0.5658100247383118,0.9814566373825073,1.0633643865585327,87.15653252969332,77.61921645098386,82.58287537670626,85.7765793800354,83.28380093435472,4033.5385382175446,8.718733072280884,0.5,0.005,64,lr_0.005_hc_64
382,4.32832145690918,1.7272533178329468,0.5807408690452576,0.9841317534446716,1.0361957550048828,86.73107605034568,77.14944158837086,82.4233291969509,85.06903648376465,82.84322082985803,4042.7538838386536,8.788528442382812,0.5,0.005,64,lr_0.005_hc_64
383,4.300933837890625,1.7119255065917969,0.5724183320999146,1.0079506635665894,1.0086395740509033,87.04130473320333,76.67966672575784,82.83992199964545,84.63130593299866,82.79804984790132,4052.8138942718506,9.627198457717896,0.5,0.005,64,lr_0.005_hc_64
384,4.304341793060303,1.6941598653793335,0.5913082361221313,0.9914724826812744,1.0274012088775635,86.82857649352952,76.75943981563552,82.60946640666549,86.56508326530457,83.19064149528377,4062.2245144844055,8.96758246421814,0.5,0.005,64,lr_0.005_hc_64
385,4.305438041687012,1.714770793914795,0.5540673136711121,0.9904403686523438,1.0461593866348267,87.42244282928559,77.0608048218401,82.29037404715476,85.88563799858093,83.16481492421535,4072.165484189987,9.501046419143677,0.5,0.005,64,lr_0.005_hc_64
386,4.2774739265441895,1.6957132816314697,0.571216344833374,0.9830552935600281,1.0274888277053833,86.71334869703952,77.24694203155468,82.24605566388938,85.182124376297,82.84711769219516,4083.0970900058746,10.511026859283447,0.5,0.005,64,lr_0.005_hc_64
387,4.19010591506958,1.6325606107711792,0.5737034678459167,0.9517124891281128,1.0321294069290161,87.25403297287716,77.34444247473851,82.3878744903386,86.74276471138,83.43227866233356,4092.1475327014923,8.563636302947998,0.5,0.005,64,lr_0.005_hc_64
388,4.306412220001221,1.7355293035507202,0.5563487410545349,0.9843649864196777,1.030169129371643,87.50221591916328,76.52012054600247,82.16628257401169,86.91814541816711,83.27669111433615,4101.5295622348785,8.97085952758789,0.5,0.005,64,lr_0.005_hc_64
389,4.275200366973877,1.6774544715881348,0.5957975387573242,0.9821906685829163,1.019757866859436,86.79312178691721,77.21148732494238,82.44992022691012,85.25006771087646,82.92614926241156,4111.836621522903,9.883495807647705,0.5,0.005,64,lr_0.005_hc_64
390,4.369211196899414,1.7263509035110474,0.5723230242729187,1.0025279521942139,1.0680091381072998,87.07675943981563,77.32671512143237,82.2371919872363,87.1830940246582,83.45594014328562,4120.993168354034,8.674806118011475,0.5,0.005,64,lr_0.005_hc_64
391,4.247138977050781,1.643436074256897,0.5745203495025635,0.9774349927902222,1.0517475605010986,86.72221237369261,77.00762276192165,82.5296933167878,85.79010963439941,83.01240952170036,4130.056610107422,8.635944366455078,0.5,0.005,64,lr_0.005_hc_64
392,4.183164119720459,1.638121485710144,0.5629127025604248,0.9624344110488892,1.0196958780288696,87.12994149973409,77.22035100159546,82.97287714944159,86.21074557304382,83.38347880595374,4139.647935390472,9.174967527389526,0.5,0.005,64,lr_0.005_hc_64
393,4.318613052368164,1.7039161920547485,0.5846219658851624,0.9790167808532715,1.051058053970337,87.11221414642793,76.89239496543166,81.91809962772558,86.35830879211426,83.07025438292486,4148.819709062576,8.748692750930786,0.5,0.005,64,lr_0.005_hc_64
394,4.2069597244262695,1.6472350358963013,0.5758697986602783,0.9684880375862122,1.0153666734695435,87.12107782308102,77.4596702712285,82.2371919872363,86.94741129875183,83.44133784507441,4159.536796092987,10.305421590805054,0.5,0.005,64,lr_0.005_hc_64
395,4.2633209228515625,1.6706368923187256,0.58002108335495,0.9829015731811523,1.0297611951828003,86.69562134373338,76.86580393547243,82.47651125686934,86.17949485778809,83.05435784846581,4168.7930154800415,8.771936893463135,0.5,0.005,64,lr_0.005_hc_64
396,4.240415573120117,1.6777600049972534,0.5819377303123474,0.9412413835525513,1.0394765138626099,86.93494061336644,77.74330792412692,82.28151037050169,85.20405292510986,83.04095295827622,4178.427827119827,9.212607622146606,0.5,0.005,64,lr_0.005_hc_64
397,4.252745151519775,1.711192011833191,0.5771787166595459,0.9497606754302979,1.0146137475967407,87.2717603261833,77.47739762453466,82.57401170005319,84.80861186981201,83.03294538014579,4187.486018419266,8.634148836135864,0.5,0.005,64,lr_0.005_hc_64
398,4.2297868728637695,1.6601271629333496,0.571381151676178,0.9703552722930908,1.0279231071472168,86.84630384683567,77.67239851090231,82.37901081368551,86.75477504730225,83.41312205468144,4197.940155267715,10.041568756103516,0.5,0.005,64,lr_0.005_hc_64
399,4.21181058883667,1.6799862384796143,0.5656188130378723,0.9543487429618835,1.0118567943572998,87.29835135614252,77.23807835490162,82.83992199964545,84.64658260345459,83.00573357853605,4207.19126868248,8.827541589736938,0.5,0.005,64,lr_0.005_hc_64
400,4.189609527587891,1.6401708126068115,0.5741186141967773,0.9661633968353271,1.0091568231582642,86.9438042900195,77.29126041482006,82.99946817940082,86.557137966156,83.4479177125991,4216.640253067017,9.011470556259155,0.5,0.005,64,lr_0.005_hc_64
