learning_rate,hidden_channels,final_loss,average_accuracy,training_time,rmse,best_model
0.001,64,1.572421908378601,0.9177331328392029,0:00:43,9.07455901779638,False
0.001,128,1.5182266235351562,0.9346391956011454,0:00:42,8.06733094316411,False
0.001,256,1.6030681133270264,0.9360136191050211,0:00:42,7.924548616590656,True
