epochs,losses,size_losses,religion_losses,ethnicity_losses,household_composition_losses,religion_accuracies,ethnicity_accuracies,household_composition_accuracies,size_distribution_accuracies,overall_accuracies,cumulative_time_seconds,epoch_time_seconds,tau_values,learning_rate,hidden_channels,combination_id
1,12.164918899536133,3.488131523132324,1.540478229522705,1.6831194162368774,5.453189849853516,43.98466208659531,54.60936251797411,11.19987218405496,94.02515888214111,50.95476391769138,6.472548007965088,6.472548007965088,0.995,0.005,256,lr_0.005_hc_256
2,10.402536392211914,1.8203486204147339,1.5368633270263672,1.653003454208374,5.3923211097717285,42.08339990413804,52.27672152100975,11.615274005432177,93.05031299591064,49.75642710662265,13.002388715744019,6.244946002960205,0.990025,0.005,256,lr_0.005_hc_256
3,9.659001350402832,1.191853404045105,1.4929604530334473,1.5805630683898926,5.393624305725098,40.23006870107046,48.170634286627255,13.62837513979869,75.54017901420593,44.392314285425584,19.920836210250854,6.570786952972412,0.985074875,0.005,256,lr_0.005_hc_256
4,9.10352611541748,0.8652663230895996,1.4213132858276367,1.4774396419525146,5.339507102966309,43.201789423230544,50.00798849656495,14.92251158332002,80.00216484069824,47.03361358595344,26.473894834518433,6.188930988311768,0.9801495006250001,0.005,256,lr_0.005_hc_256
5,8.623016357421875,0.6767222881317139,1.3633673191070557,1.423210859298706,5.15971565246582,45.32672950950631,51.11040102252756,15.082281514618948,86.07238531112671,49.39794933944488,33.082510232925415,6.195152997970581,0.9752487531218751,0.005,256,lr_0.005_hc_256
6,8.480403900146484,0.7017492055892944,1.3733323812484741,1.4146504402160645,4.990671634674072,45.63029237897428,51.28614794695638,15.305959418437451,86.40145659446716,49.65596408470882,39.68152904510498,6.239634990692139,0.9703725093562657,0.005,256,lr_0.005_hc_256
7,8.340230941772461,0.7561021447181702,1.3526819944381714,1.3913975954055786,4.8400492668151855,45.91787825531235,51.79741172711295,17.84630132609043,86.1535370349884,50.42878208587604,46.62685203552246,6.58106541633606,0.9655206468094844,0.005,256,lr_0.005_hc_256
8,8.114396095275879,0.7701300382614136,1.2996176481246948,1.3331342935562134,4.711513996124268,48.93752995686212,52.45246844543857,20.8659530276402,83.30832719802856,51.39106965699236,53.2241907119751,6.217053174972534,0.960693043575437,0.005,256,lr_0.005_hc_256
9,7.9842658042907715,0.8156272768974304,1.2589695453643799,1.2886329889297485,4.621036052703857,50.29557437290302,54.098098737817544,22.847100175746924,81.69777989387512,52.23463829508566,60.03059101104736,6.451143503189087,0.9558895783575597,0.005,256,lr_0.005_hc_256
10,7.742583274841309,0.7633711695671082,1.2429630756378174,1.2725788354873657,4.463670253753662,49.35293177823933,53.986259785908295,24.12525962613836,81.19803071022034,52.16562047512659,67.00368046760559,6.600055932998657,0.9511101304657719,0.005,256,lr_0.005_hc_256
11,7.612461566925049,0.7342910766601562,1.2083019018173218,1.2510161399841309,4.41885232925415,51.78143473398307,55.45614315385844,25.59514299408851,83.80658030509949,54.15982529675738,73.64253616333008,6.283601999282837,0.946354579813443,0.005,256,lr_0.005_hc_256
12,7.453474998474121,0.7241019606590271,1.198797583580017,1.2448062896728516,4.285768985748291,52.16488256910049,56.65441763860042,26.56973957501198,82.82445073127747,54.5533726284976,80.26177144050598,6.256752014160156,0.9416228069143757,0.005,256,lr_0.005_hc_256
13,7.344079494476318,0.8198745846748352,1.1704936027526855,1.2187120914459229,4.1349992752075195,53.61878894392076,57.3733823294456,29.205943441444322,82.04259872436523,55.56017835979398,86.96538162231445,6.338674068450928,0.9369146928798039,0.005,256,lr_0.005_hc_256
14,7.241683006286621,0.8424699306488037,1.134639024734497,1.1733648777008057,4.091209411621094,55.26441923629973,59.05096660808435,30.228471001757466,81.0956358909607,56.40987318427556,93.66310405731201,6.3021862506866455,0.9322301194154049,0.005,256,lr_0.005_hc_256
15,7.204682350158691,0.9044084548950195,1.108465313911438,1.1501846313476562,4.041624069213867,55.96740693401502,59.40246045694201,31.426745486499442,79.18313145637512,56.4949360834579,100.3200113773346,6.308706998825073,0.9275689688183278,0.005,256,lr_0.005_hc_256
16,7.043735504150391,0.8949504494667053,1.0875744819641113,1.110824465751648,3.950385808944702,56.84614155615913,61.06406774245087,31.95398625978591,81.75317645072937,57.90434300228132,106.93954634666443,6.273521184921265,0.9229311239742362,0.005,256,lr_0.005_hc_256
17,6.970154762268066,0.8965969681739807,1.0654022693634033,1.0988870859146118,3.9092681407928467,58.17223198594025,61.08004473558076,32.816743888800126,80.00439405441284,58.0183536661835,114.29197216033936,6.988322019577026,0.918316468354365,0.005,256,lr_0.005_hc_256
18,6.876251220703125,0.8838950395584106,1.0475678443908691,1.0907809734344482,3.8540070056915283,59.57820738137083,61.03211375619109,34.2386962773606,79.80759143829346,58.664152213303986,121.07043242454529,6.417179584503174,0.9137248860125932,0.005,256,lr_0.005_hc_256
19,6.725769996643066,0.8661608099937439,1.02186119556427,1.075736403465271,3.7620115280151367,61.84694040581562,63.68429461575331,33.69547851094424,79.40467596054077,59.657847373263486,128.33551049232483,6.902624130249023,0.9091562615825302,0.005,256,lr_0.005_hc_256
20,6.765072822570801,0.9585025310516357,1.0038163661956787,1.0791288614273071,3.723625421524048,62.486020131011344,62.80555999360921,35.27720083080364,81.02469444274902,60.3983688495433,134.95622515678406,6.25662088394165,0.9046104802746175,0.005,256,lr_0.005_hc_256
21,6.648233890533447,0.9486767053604126,0.989800751209259,1.0514549016952515,3.65830135345459,62.96532992490813,63.17303083559674,35.70857964531075,79.36227321624756,60.3023034055158,141.59070992469788,6.263757228851318,0.9000874278732445,0.005,256,lr_0.005_hc_256
22,6.562084674835205,0.949572741985321,0.9862581491470337,1.0168497562408447,3.6094040870666504,63.604409650103854,64.69084518293657,36.12398146668797,79.27523851394653,60.92361870341874,148.18550276756287,6.223879337310791,0.8955869907338783,0.005,256,lr_0.005_hc_256
23,6.518320083618164,1.0087300539016724,0.9570014476776123,1.0131481885910034,3.539440393447876,65.18613196996326,64.88256910049529,37.00271608883208,79.7045350074768,61.69398804169186,154.8513867855072,6.300682544708252,0.8911090557802088,0.005,256,lr_0.005_hc_256
24,6.410438060760498,1.049487590789795,0.9495291709899902,1.0202447175979614,3.391176700592041,66.2086595302764,65.26601693561271,39.09570218884806,79.63200807571411,62.55059668261283,161.7109179496765,6.49982476234436,0.8866535105013078,0.005,256,lr_0.005_hc_256
25,6.336153984069824,1.0053339004516602,0.9472453594207764,1.0050159692764282,3.378558397293091,66.40038344783513,66.28854449592588,39.25547212014699,80.4547667503357,63.099791703560925,168.74956560134888,6.670814037322998,0.8822202429488013,0.005,256,lr_0.005_hc_256
26,6.31201171875,1.1285974979400635,0.9437146186828613,1.0097311735153198,3.229968786239624,67.45486499440804,66.25659050966608,40.88512541939607,77.3780882358551,62.99366728983132,175.46105575561523,6.348611116409302,0.8778091417340573,0.005,256,lr_0.005_hc_256
27,6.328864097595215,1.1558444499969482,0.953615665435791,1.0206427574157715,3.198761224746704,67.35900303562869,66.24061351653619,42.25914682856686,79.2810320854187,63.784948866537604,182.1153974533081,6.289737701416016,0.8734200960253871,0.005,256,lr_0.005_hc_256
28,6.082815647125244,1.0387917757034302,0.919101357460022,1.000466227531433,3.1244564056396484,67.07141715929062,65.95302764019812,42.19523885604729,79.84500527381897,63.76617223233875,188.7370045185089,6.259423494338989,0.8690529955452602,0.005,256,lr_0.005_hc_256
29,6.0432209968566895,1.0779916048049927,0.9047200679779053,0.9738834500312805,3.086625814437866,67.71049688448633,67.08739415242052,42.13133088352772,79.99932765960693,64.23213739501037,195.4771568775177,6.360636949539185,0.8647077305675338,0.005,256,lr_0.005_hc_256
30,5.973641395568848,1.0798685550689697,0.9013152122497559,0.9765301942825317,3.015927314758301,68.09394471960377,66.65601533791342,43.569260265218084,78.48095297813416,64.20004332521737,202.05239629745483,6.207882642745972,0.8603841919146962,0.005,256,lr_0.005_hc_256
31,5.921591758728027,1.1106125116348267,0.8961227536201477,0.9895424246788025,2.925313711166382,69.51589710816425,66.87969324173191,44.71960377057037,77.1023690700531,64.5543907976299,208.88949060440063,6.4641101360321045,0.8560822709551227,0.005,256,lr_0.005_hc_256
32,5.916761875152588,1.16771399974823,0.899565577507019,0.9700481295585632,2.879434108734131,68.66911647227991,67.48681898066783,44.83144272247963,80.20932078361511,65.29917473976063,215.52644801139832,6.257547616958618,0.851801859600347,0.005,256,lr_0.005_hc_256
33,5.82560920715332,1.154531717300415,0.8865922093391418,0.9633564352989197,2.8211288452148438,69.24428822495607,66.95957820738137,45.32672950950631,80.05566000938416,65.39656398780697,222.1672625541687,6.261339902877808,0.8475428503023453,0.005,256,lr_0.005_hc_256
34,5.808774948120117,1.192047119140625,0.8862453699111938,0.9708616137504578,2.7596211433410645,69.03658731426745,67.40693401501836,46.285349097299886,80.4610550403595,65.7974813667363,228.83486008644104,6.296433448791504,0.8433051360508336,0.005,256,lr_0.005_hc_256
35,5.780632972717285,1.1481608152389526,0.878411591053009,0.968635618686676,2.7854251861572266,69.29221920434574,68.41348458220163,45.77408531714332,80.10015487670898,65.89498599509992,236.14051270484924,6.9346983432769775,0.8390886103705794,0.005,256,lr_0.005_hc_256
36,5.7537384033203125,1.1936708688735962,0.8776670098304749,0.9783602356910706,2.70404052734375,69.99520690206104,68.79693241731906,47.036267774404855,79.50348854064941,66.3329739086086,243.15426874160767,6.637178182601929,0.8348931673187264,0.005,256,lr_0.005_hc_256
37,5.624857425689697,1.1490143537521362,0.8539384603500366,0.9426208734512329,2.679283618927002,71.70474516695958,69.97922990893115,46.748681898066785,78.98856997489929,66.8553067372142,250.59196138381958,7.093207597732544,0.8307187014821328,0.005,256,lr_0.005_hc_256
38,5.562018394470215,1.1792845726013184,0.8553356528282166,0.9508606195449829,2.576537847518921,72.05623901581723,69.14842626617671,48.34638121105608,79.50855493545532,67.26490035712634,257.20393323898315,6.254600763320923,0.8265651079747222,0.005,256,lr_0.005_hc_256
39,5.547721862792969,1.2548019886016846,0.8716760277748108,0.9560773968696594,2.4651663303375244,71.2094583799329,69.27624221121584,50.75890717366992,78.86419892311096,67.52720167198241,264.33554124832153,6.764125108718872,0.8224322824348486,0.005,256,lr_0.005_hc_256
40,5.46461296081543,1.2685410976409912,0.8582655191421509,0.9792865514755249,2.3585193157196045,71.8804920913884,69.65969004633328,52.34062949352932,79.98039722442627,68.46530221391932,270.9884178638458,6.289000034332275,0.8183201210226743,0.005,256,lr_0.005_hc_256
41,5.4891862869262695,1.3003883361816406,0.8417847156524658,0.9659165740013123,2.381096839904785,72.37577887841509,69.45198913564468,52.51637641795814,79.17500734329224,68.37978794382752,277.7857506275177,6.426867485046387,0.8142285204175609,0.005,256,lr_0.005_hc_256
42,5.432012557983398,1.2740375995635986,0.8406386971473694,0.9370832443237305,2.3802528381347656,73.0468125898706,69.77152899824253,51.749480747723275,80.15921711921692,68.68175986376332,284.474782705307,6.325518846511841,0.810157377815473,0.005,256,lr_0.005_hc_256
43,5.293894290924072,1.2977632284164429,0.8257358074188232,0.9405128359794617,2.2298824787139893,73.33439846620865,69.67566703946318,53.890397827128936,80.75628280639648,69.41418653479931,291.06857109069824,6.230087995529175,0.8061065909263957,0.005,256,lr_0.005_hc_256
44,5.292038917541504,1.2651348114013672,0.8313667178153992,0.9370229244232178,2.258514642715454,72.77520370666241,69.99520690206104,53.746604888959894,79.65259552001953,69.04240275442571,297.60992312431335,6.169189214706421,0.8020760579717637,0.005,256,lr_0.005_hc_256
45,5.294929504394531,1.2612285614013672,0.8436194658279419,0.9572967886924744,2.2327847480773926,72.37577887841509,69.67566703946318,53.986259785908295,80.17705082893372,69.05368913318006,304.327241897583,6.34136700630188,0.798065677681905,0.005,256,lr_0.005_hc_256
46,5.198501110076904,1.286323070526123,0.8166504502296448,0.9316546320915222,2.1638729572296143,73.73382329445597,71.25738935932257,55.312350215689406,80.32616376876831,70.15743165955907,311.1551659107208,6.454365491867065,0.7940753492934954,0.005,256,lr_0.005_hc_256
47,5.205324649810791,1.3273879289627075,0.8129190802574158,0.9360849857330322,2.1289327144622803,73.6699153219364,70.68221760664642,55.152580284390474,81.31799697875977,70.20567754793328,317.70473408699036,6.202375650405884,0.7901049725470279,0.005,256,lr_0.005_hc_256
48,5.1952595710754395,1.3191182613372803,0.8189204931259155,0.9490842223167419,2.1081366539001465,73.33439846620865,70.63428662725674,54.94487937370187,78.3588171005249,69.31809539192304,324.636709690094,6.562729358673096,0.7861544476842928,0.005,256,lr_0.005_hc_256
49,5.120491027832031,1.3448783159255981,0.7863213419914246,0.9203898906707764,2.068901300430298,74.93209777919796,71.83256111199873,55.903498961495444,79.3587863445282,70.50673604930509,331.2775948047638,6.263736963272095,0.7822236754458713,0.005,256,lr_0.005_hc_256
50,5.127004623413086,1.3512753248214722,0.7889617681503296,0.9349111318588257,2.051856517791748,75.7469244288225,71.30532033871225,57.62901421952389,78.2228946685791,70.72603841390944,337.7864873409271,6.1456921100616455,0.778312557068642,0.005,256,lr_0.005_hc_256
51,5.139041423797607,1.4331729412078857,0.7608219385147095,0.9324318766593933,2.0126144886016846,76.96117590669435,70.58635564786707,57.756830164563034,77.91491746902466,70.80481979703728,345.36617279052734,7.199793815612793,0.7744209942832988,0.005,256,lr_0.005_hc_256
52,5.110898971557617,1.3772838115692139,0.8000562191009521,0.9473104476928711,1.98624849319458,75.21968365553603,70.34670075091867,57.708899185173344,79.51951026916504,70.69869846519828,351.9305884838104,6.2040698528289795,0.7705488893118823,0.005,256,lr_0.005_hc_256
53,5.013120651245117,1.3362160921096802,0.7957063913345337,0.9542452692985535,1.926952838897705,75.42738456622463,70.25083879213932,57.40533631570538,81.95996880531311,71.26088211984562,358.5776631832123,6.267666339874268,0.7666961448653229,0.005,256,lr_0.005_hc_256
54,5.069422245025635,1.3873145580291748,0.8152751326560974,0.9544115662574768,1.9124209880828857,74.19715609522288,71.40118229749162,58.619587793577246,78.53654623031616,70.68861810415198,365.19975900650024,6.251055955886841,0.7628626641409962,0.005,256,lr_0.005_hc_256
55,5.033026695251465,1.369931697845459,0.7824952602386475,0.9568163156509399,1.923783540725708,75.90669436012143,71.52899824253075,58.37993289662885,77.7371883392334,70.88820345962861,372.48962473869324,6.926378965377808,0.7590483508202912,0.005,256,lr_0.005_hc_256
56,5.037199974060059,1.4769505262374878,0.7548282742500305,0.9434601068496704,1.8619606494903564,76.73749800287585,71.44911327688129,60.13740214091708,76.85444951057434,71.29461573281213,379.0943458080292,6.2340192794799805,0.7552531090661897,0.005,256,lr_0.005_hc_256
57,4.968696594238281,1.4118340015411377,0.7766632437705994,0.9234475493431091,1.8567519187927246,76.14634925706983,72.43968685093466,61.01613676306119,80.99690079689026,72.64976841698898,386.0003492832184,6.535780191421509,0.7514768435208588,0.005,256,lr_0.005_hc_256
58,4.981780052185059,1.4760866165161133,0.7826361060142517,0.9107814431190491,1.8122761249542236,75.92267135325132,71.86451509825851,61.35165361878895,79.55825924873352,72.17427482975806,392.6722664833069,6.269440412521362,0.7477194593032545,0.005,256,lr_0.005_hc_256
59,4.956144332885742,1.3981308937072754,0.7911447882652283,0.9282450675964355,1.838623285293579,76.06646429142036,72.05623901581723,60.87234382489215,80.02488613128662,72.25498331585409,399.7580120563507,6.722895860671997,0.7439808620067382,0.005,256,lr_0.005_hc_256
60,4.949416160583496,1.4128209352493286,0.7818558216094971,0.9224686622619629,1.832270860671997,76.35405016775843,72.40773286467487,60.105448154657296,79.58381772041321,72.11276222687594,406.325368642807,6.207468271255493,0.7402609576967045,0.005,256,lr_0.005_hc_256
61,4.941057205200195,1.4560102224349976,0.7777810096740723,0.9430016279220581,1.7642638683319092,76.27416520210897,72.3438248921553,61.894871385205306,78.31276655197144,72.20640700786025,413.88844180107117,7.19090461730957,0.736559652908221,0.005,256,lr_0.005_hc_256
62,4.905667781829834,1.4473443031311035,0.7661445736885071,0.9418016672134399,1.7503770589828491,76.49784310592747,72.21600894711615,62.80555999360921,79.53270077705383,72.76302820592666,420.8115756511688,6.5605480670928955,0.7328768546436799,0.005,256,lr_0.005_hc_256
63,4.991440773010254,1.513527750968933,0.759530782699585,0.9148276448249817,1.8035550117492676,76.81738296852532,73.19060552803963,61.543377536347656,78.05165648460388,72.40075562937912,427.3460521697998,6.174613952636719,0.7292124703704616,0.005,256,lr_0.005_hc_256
64,4.8999714851379395,1.5087002515792847,0.7532545924186707,0.9254273772239685,1.7125893831253052,76.6576130372264,72.1361239814667,62.91739894551846,78.45174074172974,72.54071917648533,434.5117244720459,6.795624494552612,0.7255664080186093,0.005,256,lr_0.005_hc_256
65,4.888816833496094,1.4901018142700195,0.7416711449623108,0.9400699138641357,1.716974139213562,76.68956702348618,71.72072216008947,63.4925706981946,78.57022285461426,72.61827068409612,441.1511995792389,6.284353733062744,0.7219385759785162,0.005,256,lr_0.005_hc_256
66,4.913773536682129,1.5391508340835571,0.7287037968635559,0.9555051326751709,1.6904139518737793,77.93577248761783,72.58347978910369,63.68429461575331,78.90011668205261,73.27591589363186,447.98439049720764,6.454946279525757,0.7183288830986236,0.005,256,lr_0.005_hc_256
67,4.909180164337158,1.5254909992218018,0.7705813050270081,0.9530909657478333,1.6600170135498047,77.80795654257868,72.50359482345422,63.87601853331203,79.72868084907532,73.47906268710507,455.0009641647339,6.652011871337891,0.7147372386831305,0.005,256,lr_0.005_hc_256
68,4.834377765655518,1.5007516145706177,0.7518949508666992,0.9371544122695923,1.644577145576477,77.7760025563189,72.67934174788306,64.21153538903978,80.1953136920929,73.71554834633366,461.5619876384735,6.215830087661743,0.7111635524897149,0.005,256,lr_0.005_hc_256
69,4.826481819152832,1.490102767944336,0.7411463260650635,0.9477761387825012,1.647456407546997,77.93577248761783,73.41428343185812,64.05176545774086,80.71894645690918,74.03019195853149,468.24065041542053,6.313610315322876,0.7076077347272662,0.005,256,lr_0.005_hc_256
70,4.904845237731934,1.6074575185775757,0.7340822219848633,0.9449614882469177,1.6183439493179321,78.49496724716408,72.8071576929222,65.71337274324972,77.3912787437439,73.60169410676998,474.8744020462036,6.270594596862793,0.7040696960536299,0.005,256,lr_0.005_hc_256
71,4.935215473175049,1.636435866355896,0.7306071519851685,0.9667665362358093,1.6014059782028198,78.36715130212494,73.4781914043777,65.66544176386004,76.99260711669922,73.62584789676548,481.4996120929718,6.261470794677734,0.7005493475733617,0.005,256,lr_0.005_hc_256
72,4.81550407409668,1.534767985343933,0.7328985333442688,0.9527063965797424,1.595131278038025,78.0156574532673,72.85508867231188,66.4483144272248,76.7615258693695,73.52014660554337,488.1677420139313,6.293987512588501,0.697046600835495,0.005,256,lr_0.005_hc_256
73,4.992505073547363,1.6486762762069702,0.7621660828590393,0.949780285358429,1.6318823099136353,77.72807157692922,73.43026042498802,65.56957980508068,79.4917106628418,74.05490561745994,495.40988850593567,6.895464658737183,0.6935613678313175,0.005,256,lr_0.005_hc_256
74,4.86391019821167,1.5891472101211548,0.7505050301551819,0.9387731552124023,1.5854848623275757,76.8493369547851,73.0308355967407,66.04888959897747,78.62074971199036,73.63745296562341,502.38967967033386,6.596684217453003,0.6900935609921609,0.005,256,lr_0.005_hc_256
75,4.823537826538086,1.519195556640625,0.7529997229576111,0.9277071952819824,1.6236354112625122,78.35117430899504,73.28646748681898,65.26601693561271,78.02244424819946,73.73152574490656,508.8994691371918,6.146371603012085,0.6866430931872001,0.005,256,lr_0.005_hc_256
76,4.848079681396484,1.5291929244995117,0.7515434622764587,0.9591100215911865,1.6082334518432617,78.35117430899504,73.06278958300048,65.5536028119508,79.6972393989563,74.16620152572565,515.5712840557098,6.302948236465454,0.6832098777212641,0.005,256,lr_0.005_hc_256
77,4.8742570877075195,1.5103424787521362,0.7704840898513794,0.9517378211021423,1.6416925191879272,77.36060073494168,72.74324972040263,65.05831602492411,78.86054515838623,73.50567790966367,522.1274735927582,6.1925647258758545,0.6797938283326578,0.005,256,lr_0.005_hc_256
78,4.7310919761657715,1.5240427255630493,0.7385780215263367,0.941633403301239,1.526837944984436,78.17542738456622,73.6699153219364,67.61463492570698,80.21215200424194,74.91803240911288,529.0190715789795,6.5167083740234375,0.6763948591909945,0.005,256,lr_0.005_hc_256
79,4.8301682472229,1.6692298650741577,0.7112459540367126,0.9602060317993164,1.4894863367080688,79.67726473877616,74.03738616392394,67.91819779517495,80.40813207626343,75.51024519353462,535.6419296264648,6.276339292526245,0.6730128848950395,0.005,256,lr_0.005_hc_256
80,4.837362289428711,1.752406358718872,0.682223379611969,0.9009506702423096,1.501781940460205,80.17255152580285,74.67646588911967,68.58923150663045,78.82992029190063,75.5670423033634,542.2204790115356,6.213839530944824,0.6696478204705644,0.005,256,lr_0.005_hc_256
81,4.730513095855713,1.6391063928604126,0.6995435357093811,0.9138824343681335,1.4779807329177856,79.75714970442563,74.18117910209298,70.12302284710017,79.79298830032349,75.96358498848556,548.8674931526184,6.28392219543457,0.6662995813682115,0.005,256,lr_0.005_hc_256
82,4.778839111328125,1.6596806049346924,0.7075506448745728,0.9219194650650024,1.4896881580352783,79.66128774564626,73.95750119827449,68.4773925547212,78.58117818832397,75.16933992174148,555.6141004562378,6.376482725143433,0.6629680834613705,0.005,256,lr_0.005_hc_256
83,4.81793212890625,1.6522048711776733,0.7550943493843079,0.9402502775192261,1.4703829288482666,78.6866911647228,73.4941683975076,68.7010704585397,78.4407913684845,74.83068034731365,562.2585401535034,6.280382871627808,0.6596532430440636,0.005,256,lr_0.005_hc_256
84,4.808760643005371,1.6841174364089966,0.692058801651001,0.9304259419441223,1.5021581649780273,80.52404537466049,73.95750119827449,68.36555360281194,79.3718159198761,75.55472902390575,568.9585311412811,6.33780574798584,0.6563549768288433,0.005,256,lr_0.005_hc_256
85,4.855372905731201,1.6884435415267944,0.7041294574737549,0.9597212672233582,1.5030786991119385,79.19795494487938,73.41428343185812,68.12589870586355,77.21213698387146,74.48756851661813,575.624397277832,6.292716026306152,0.653073201944699,0.005,256,lr_0.005_hc_256
86,4.7920074462890625,1.6533362865447998,0.6968493461608887,0.9470168948173523,1.4948046207427979,80.17255152580285,74.46876497843105,67.69451989135644,78.20016741752625,75.13400095327916,582.5131871700287,6.526719093322754,0.6498078359349755,0.005,256,lr_0.005_hc_256
87,4.837949752807617,1.6731178760528564,0.7142003178596497,0.9519051909446716,1.498726487159729,79.78910369068541,73.6858923150663,68.84486339670875,77.30282545089722,74.90567121333942,589.4070312976837,6.531389236450195,0.6465587967553006,0.005,256,lr_0.005_hc_256
88,4.800770282745361,1.7545545101165771,0.687536358833313,0.9824483394622803,1.376231074333191,80.77967726473878,74.14922511583319,71.09761942802365,78.0830979347229,76.02740493582964,596.1224501132965,6.351074695587158,0.6433260027715241,0.005,256,lr_0.005_hc_256
89,4.902194976806641,1.820592999458313,0.6936008334159851,0.9876260757446289,1.4003753662109375,80.2684134845822,74.02140917079406,71.09761942802365,78.46046090126038,75.96197574616507,602.6864583492279,6.20339560508728,0.6401093727576664,0.005,256,lr_0.005_hc_256
90,4.921041965484619,1.6717973947525024,0.7172116041183472,0.9705102443695068,1.5615226030349731,80.0447355807637,73.4941683975076,68.41348458220163,78.05978059768677,75.00304228953992,609.295024394989,6.246923446655273,0.6369088258938781,0.005,256,lr_0.005_hc_256
91,4.803192138671875,1.734674334526062,0.7068946361541748,0.9618178009986877,1.3998055458068848,79.10209298610002,73.54209937689727,70.58635564786707,78.04293632507324,75.31837108398439,616.6409292221069,6.928858995437622,0.6337242817644086,0.005,256,lr_0.005_hc_256
92,4.840694427490234,1.7737220525741577,0.6928753852844238,0.9587793350219727,1.4153176546096802,79.61335676625659,73.86163923949512,70.74612557916599,78.54973077774048,75.69271309066454,623.3044571876526,6.295665740966797,0.6305556603555866,0.005,256,lr_0.005_hc_256
93,4.830373764038086,1.7813160419464111,0.701073169708252,0.9438304305076599,1.4041539430618286,79.74117271129573,74.22911008148266,71.00175746924428,77.95366048812866,75.73142518753784,629.917005777359,6.249133825302124,0.6274028820538087,0.005,256,lr_0.005_hc_256
94,4.816815376281738,1.7691959142684937,0.6902145743370056,0.9337311387062073,1.4236736297607422,80.42818341588112,74.66048889598977,70.57037865473717,77.9632031917572,75.90556353959133,636.6377327442169,6.342794895172119,0.6242658676435396,0.005,256,lr_0.005_hc_256
95,4.8049845695495605,1.826066493988037,0.6857123970985413,0.8920114636421204,1.401194453239441,80.68381530595941,75.18772966927624,72.24796293337594,78.16730737686157,76.57170382136829,643.8929262161255,6.85813570022583,0.6211445383053219,0.005,256,lr_0.005_hc_256
96,4.774413108825684,1.7681952714920044,0.6953979134559631,0.92612624168396,1.3846935033798218,80.54002236779039,75.09186771049689,71.70474516695958,76.77106857299805,76.02692595456124,650.6814451217651,6.4104297161102295,0.6180388156137953,0.005,256,lr_0.005_hc_256
97,4.955638885498047,1.8475937843322754,0.719645082950592,0.9301485419273376,1.458251714706421,80.23645949832242,75.12382169675666,71.30532033871225,78.20016741752625,76.2164422378294,657.3480508327484,6.290494918823242,0.6149486215357263,0.005,256,lr_0.005_hc_256
98,4.873804569244385,1.7746888399124146,0.72008216381073,0.938389003276825,1.4406445026397705,79.98082760824413,74.91612078606806,71.60888320818022,79.5604944229126,76.51658150635126,663.9755578041077,6.263001203536987,0.6118738784280476,0.005,256,lr_0.005_hc_256
99,4.869435787200928,1.862524390220642,0.685624361038208,0.9276031255722046,1.3936840295791626,80.66783831282952,75.95462533951111,71.68876817382969,78.07721495628357,76.59711169561348,670.6282906532288,6.279693603515625,0.6088145090359074,0.005,256,lr_0.005_hc_256
100,4.919628620147705,1.8748334646224976,0.6971699595451355,0.9075677990913391,1.440057396888733,80.57197635405016,76.05048729829046,71.72072216008947,79.43329215049744,76.94411949073188,677.2787849903107,6.297807693481445,0.6057704364907278,0.005,256,lr_0.005_hc_256
101,4.961024284362793,1.8843088150024414,0.7128096222877502,0.943875789642334,1.420030117034912,80.39622942962134,74.70841987537945,70.76210257229589,78.37059497833252,76.0593367139073,683.903436422348,6.260124683380127,0.6027415843082742,0.005,256,lr_0.005_hc_256
102,4.771275520324707,1.8344324827194214,0.6931726932525635,0.9206224083900452,1.3230482339859009,80.7157692922192,75.65106247004314,73.84566224636522,78.9124846458435,77.28124466361777,690.5982601642609,6.330809116363525,0.5997278763867329,0.005,256,lr_0.005_hc_256
103,4.823868751525879,1.8853459358215332,0.6909091472625732,0.9307970404624939,1.3168166875839233,81.48266496245407,76.33807317462853,73.81370826010544,76.48074626922607,77.02879816660354,697.2130422592163,6.252775192260742,0.5967292370047992,0.005,256,lr_0.005_hc_256
104,4.756180286407471,1.8479615449905396,0.6821146011352539,0.9263392686843872,1.2997649908065796,81.30691803802524,75.17175267614635,74.21313308835276,78.8181483745575,77.37748804427046,704.2609624862671,6.6795220375061035,0.5937455908197752,0.005,256,lr_0.005_hc_256
105,4.7598371505737305,1.8072434663772583,0.7090199589729309,0.9131594300270081,1.3304141759872437,80.76370027160888,75.65106247004314,73.2385365074293,77.55439877510071,76.80192450604551,710.9695756435394,6.352261543273926,0.5907768628656763,0.005,256,lr_0.005_hc_256
106,4.724493503570557,1.779181957244873,0.6649953722953796,0.9189299941062927,1.3613859415054321,82.13772168077968,75.5392235181339,73.60600734941684,77.68748998641968,77.24261063368752,717.6239693164825,6.298898935317993,0.5878229785513479,0.005,256,lr_0.005_hc_256
107,4.757743835449219,1.765311360359192,0.6850577592849731,0.9287034273147583,1.3786709308624268,80.92347020290781,75.7469244288225,73.51014539063748,77.71162986755371,76.97304247248039,724.2211780548096,6.231767416000366,0.5848838636585911,0.005,256,lr_0.005_hc_256
108,4.681434631347656,1.6863051652908325,0.6924043297767639,0.9311241507530212,1.371600866317749,81.195079086116,75.20370666240613,72.16807796772648,79.40467596054077,76.99288491919735,730.8689284324646,6.264865875244141,0.5819594443402982,0.005,256,lr_0.005_hc_256
109,4.728246688842773,1.6964969635009766,0.6693149209022522,0.9434847831726074,1.418950080871582,81.78622783192203,76.32209618149865,72.48761783032434,79.29431200027466,77.47256346100492,738.2376730442047,7.0010786056518555,0.5790496471185967,0.005,256,lr_0.005_hc_256
110,4.731273651123047,1.762220025062561,0.7007040977478027,0.9317878484725952,1.3365615606307983,81.43473398306439,75.63508547691325,74.10129413644351,77.14782953262329,77.07973578226111,744.851193189621,6.214929580688477,0.5761543988830038,0.005,256,lr_0.005_hc_256
111,4.7600603103637695,1.7264002561569214,0.6975978016853333,0.9331866502761841,1.4028754234313965,82.02588272887043,76.08244128455026,73.38232944559834,77.41177082061768,77.22560606990918,751.4780089855194,6.270381927490234,0.5732736268885887,0.005,256,lr_0.005_hc_256
112,4.645369052886963,1.776425838470459,0.7004076838493347,0.8892177939414978,1.2793177366256714,81.65841188688289,76.91324492730467,74.94807477232784,78.57834696769714,78.02451963855313,758.0506882667542,6.20869255065918,0.5704072587541458,0.005,256,lr_0.005_hc_256
113,4.676784992218018,1.7951186895370483,0.6918365359306335,0.8980838060379028,1.2917460203170776,82.39335357085797,76.57772807157693,75.39543057996485,78.96807789802551,78.33364753010632,765.2081801891327,6.781243801116943,0.567555222460375,0.005,256,lr_0.005_hc_256
114,4.714537143707275,1.7966746091842651,0.6971035003662109,0.9344255328178406,1.2863332033157349,81.69036587314268,76.13037226393993,75.23566064866593,78.70271801948547,77.9397792013085,771.8085322380066,6.253250598907471,0.5647174463480732,0.005,256,lr_0.005_hc_256
115,4.647872447967529,1.8282581567764282,0.6982113122940063,0.9072161316871643,1.2141869068145752,82.26553762581882,77.12094583799329,76.1942802364595,78.59213352203369,78.54322430557633,778.4988832473755,6.3196635246276855,0.5618938591163328,0.005,256,lr_0.005_hc_256
116,4.699495315551758,1.784842610359192,0.6945001482963562,0.9285335540771484,1.291619062423706,82.60105448154658,75.90669436012143,75.15577568301646,78.76255512237549,78.10651991176498,785.0828261375427,6.222254276275635,0.5590843898207511,0.005,256,lr_0.005_hc_256
117,4.759877681732178,1.8608484268188477,0.6696376204490662,0.9279744029045105,1.3014172315597534,82.42530755711776,76.57772807157693,75.15577568301646,78.53371500968933,78.17313158035012,791.7548952102661,6.300459384918213,0.5562889678716474,0.005,256,lr_0.005_hc_256
118,4.740572452545166,1.8128831386566162,0.6774290204048157,0.9085003733634949,1.3417600393295288,82.5531235021569,77.12094583799329,75.09186771049689,77.81186103820801,78.14444952221376,798.5138084888458,6.386806964874268,0.5535075230322891,0.005,256,lr_0.005_hc_256
119,4.76494836807251,1.8317209482192993,0.6752378940582275,0.9669970273971558,1.290992259979248,83.00047930979389,76.91324492730467,75.77887841508229,76.64304375648499,78.08391160216645,805.1618001461029,6.285125017166138,0.5507399854171277,0.005,256,lr_0.005_hc_256
120,4.737689971923828,1.8170280456542969,0.6762869358062744,0.964102566242218,1.280272364616394,82.23358363955904,75.92267135325132,76.52979709218725,79.50571775436401,78.5479424598404,811.8598110675812,6.34861159324646,0.547986285490042,0.005,256,lr_0.005_hc_256
121,4.6620588302612305,1.8202729225158691,0.6725037097930908,0.9053489565849304,1.2639329433441162,82.76082441284551,77.37657772807157,75.18772966927624,78.77715826034546,78.52557251763469,818.591470003128,6.296870231628418,0.5452463540625918,0.005,256,lr_0.005_hc_256
122,4.682754993438721,1.7929399013519287,0.6852289438247681,0.9395584464073181,1.2650275230407715,82.84070937849496,76.73749800287585,75.97060233264101,78.50368022918701,78.51312248579971,825.2247610092163,6.276889801025391,0.5425201222922789,0.005,256,lr_0.005_hc_256
123,4.689802646636963,1.858776569366455,0.6727827787399292,0.9276429414749146,1.230600357055664,83.12829525483303,77.760025563189,76.4339351334079,80.09955883026123,79.3554536954228,831.8173122406006,6.229273319244385,0.5398075216808175,0.005,256,lr_0.005_hc_256
124,4.736473083496094,1.8375102281570435,0.6917997598648071,0.940525233745575,1.2666378021240234,82.74484741971561,76.59370506470682,76.80140597539543,79.33589220046997,78.86896266507195,838.6065258979797,6.41824746131897,0.5371084840724134,0.005,256,lr_0.005_hc_256
125,4.828956604003906,1.893653154373169,0.699429988861084,0.9579606652259827,1.2779127359390259,82.90461735101454,77.39255472120146,76.6576130372264,79.46332097053528,79.10452651999442,845.3857009410858,6.41026496887207,0.5344229416520513,0.005,256,lr_0.005_hc_256
126,4.762257099151611,1.8754297494888306,0.7092475891113281,0.9265766739845276,1.2510032653808594,82.77680140597539,77.20083080364275,76.72152100974597,78.62440347671509,78.8308891740198,852.117805480957,6.368729829788208,0.531750826943791,0.005,256,lr_0.005_hc_256
127,4.73102331161499,1.860223650932312,0.6978410482406616,0.921737551689148,1.2512211799621582,83.28806518613196,77.66416360440965,76.46588911966768,79.02143001556396,79.10988698144331,859.5874252319336,7.046412706375122,0.5290920728090721,0.005,256,lr_0.005_hc_256
128,4.795744895935059,1.9523437023162842,0.6721872687339783,0.8943518996238708,1.2768621444702148,83.09634126857325,78.36715130212494,76.67359003035628,78.50003242492676,79.15927875649531,866.3645541667938,6.429385662078857,0.5264466124450268,0.005,256,lr_0.005_hc_256
129,4.7317891120910645,1.8523427248001099,0.6949782967567444,0.9039142727851868,1.2805536985397339,83.6715130212494,78.04761143952707,76.11439527081004,79.31622266769409,79.28743559982014,873.0757241249084,6.327753305435181,0.5238143793828016,0.005,256,lr_0.005_hc_256
130,4.837018966674805,1.9166374206542969,0.6889540553092957,0.9502702951431274,1.28115713596344,82.96852532353411,78.27128934334559,76.94519891356447,77.58361101150513,78.94215614798732,879.6222012042999,6.182910680770874,0.5211953074858876,0.005,256,lr_0.005_hc_256
131,4.765659809112549,1.9228113889694214,0.6668739318847656,0.9178121089935303,1.2581623792648315,84.326569739575,78.12749640517654,77.85588752196837,79.03685569763184,79.83670234108794,886.3360850811005,6.350244998931885,0.5185893309484582,0.005,256,lr_0.005_hc_256
132,4.757443904876709,1.8717454671859741,0.6728167533874512,0.9398279190063477,1.273053765296936,83.60760504872982,77.7760025563189,76.73749800287585,80.47102689743042,79.64803312633875,892.941915512085,6.2451372146606445,0.5159963842937159,0.005,256,lr_0.005_hc_256
133,4.8626322746276855,1.911927342414856,0.6831110715866089,0.9917356371879578,1.2758581638336182,83.25611119987218,77.40853171433136,77.23278478990254,79.81206774711609,79.42737386280554,899.661883354187,6.355314493179321,0.5134164023722473,0.005,256,lr_0.005_hc_256
134,4.7081098556518555,1.9103554487228394,0.6788437962532043,0.9679321050643921,1.1509785652160645,83.52772008308035,77.63220961814986,78.76657613037227,80.27787804603577,80.05109596940957,906.3332056999207,6.312052249908447,0.510849320360386,0.005,256,lr_0.005_hc_256
135,4.774054527282715,1.8980128765106201,0.7039219737052917,0.9215772747993469,1.2505422830581665,82.90461735101454,78.38312829525483,77.28071576929221,79.07195091247559,79.4101030820093,913.1143708229065,6.421548843383789,0.5082950737585841,0.005,256,lr_0.005_hc_256
136,4.842363357543945,1.9845631122589111,0.6644744873046875,0.9487645030021667,1.244560956954956,84.08691484262661,78.06358843265697,77.21680779677264,78.81225943565369,79.54489262692748,919.7752666473389,6.295143365859985,0.5057535983897912,0.005,256,lr_0.005_hc_256
137,4.7978129386901855,1.9135255813598633,0.6898351311683655,0.9714230298995972,1.2230290174484253,83.63955903498962,77.20083080364275,78.30324332960537,80.25172352790833,79.84883917403651,926.392929315567,6.247237682342529,0.5032248303978422,0.005,256,lr_0.005_hc_256
138,4.83148717880249,1.8653675317764282,0.6817342638969421,0.9679915308952332,1.3163937330245972,84.10289183575651,78.28726633647548,77.85588752196837,78.2594084739685,79.62636354204223,932.9636459350586,6.191259384155273,0.500708706245853,0.005,256,lr_0.005_hc_256
139,4.74247932434082,1.8299931287765503,0.706182599067688,0.9446702003479004,1.2616333961486816,83.39990413804122,78.31922032273526,77.760025563189,79.65483665466309,79.78349666965714,939.587584733963,6.259906053543091,0.5,0.005,256,lr_0.005_hc_256
140,4.719033241271973,1.8377066850662231,0.6832102537155151,0.9144682288169861,1.2836477756500244,83.30404217926186,77.88784150822815,77.52037066624061,78.84736061096191,79.38990374117314,946.3989820480347,6.435940504074097,0.5,0.005,256,lr_0.005_hc_256
141,4.721159934997559,1.8247218132019043,0.7105880975723267,0.9626340866088867,1.2232158184051514,83.27208819300208,78.03163444639719,78.38312829525483,78.36835384368896,79.51380119458577,953.1866483688354,6.422731399536133,0.5,0.005,256,lr_0.005_hc_256
142,4.70295524597168,1.807448387145996,0.7060465812683105,0.9290598034858704,1.2604002952575684,83.32001917239175,78.44703626777441,77.98370346700752,77.96179056167603,79.42813736721243,959.7972497940063,6.2549262046813965,0.5,0.005,256,lr_0.005_hc_256
143,4.701348304748535,1.8229420185089111,0.7152147889137268,0.9353142380714417,1.2278774976730347,82.93657133727433,77.9996804601374,78.7026681578527,80.04173040390015,79.92016258979115,966.504088640213,6.342987060546875,0.5,0.005,256,lr_0.005_hc_256
144,4.58512544631958,1.7513024806976318,0.707612931728363,0.9446759223937988,1.1815341711044312,83.16024924109283,78.11151941204665,78.9263460616712,81.04660511016846,80.31117995624479,973.1380488872528,6.268898248672485,0.5,0.005,256,lr_0.005_hc_256
145,4.588413715362549,1.8178036212921143,0.6822494268417358,0.9042231440544128,1.1841377019882202,84.03898386323694,78.4630132609043,78.4630132609043,79.80841398239136,80.19335609185923,980.4535841941833,6.911175966262817,0.5,0.005,256,lr_0.005_hc_256
146,4.6532087326049805,1.8527262210845947,0.7066841125488281,0.9276047348976135,1.1661938428878784,83.60760504872982,78.55887521968366,78.27128934334559,78.2594084739685,79.67429452143189,987.4795565605164,6.652408599853516,0.5,0.005,256,lr_0.005_hc_256
147,4.610147476196289,1.8257827758789062,0.6667265295982361,0.9112522602081299,1.2063859701156616,84.42243169835437,78.52692123342388,79.13404697235981,78.71650457382202,80.19997611949002,994.3267247676849,6.498796463012695,0.5,0.005,256,lr_0.005_hc_256
148,4.686298370361328,1.8524549007415771,0.6973793506622314,0.9434308409690857,1.193033218383789,83.4158811311711,78.06358843265697,78.55887521968366,78.88327836990356,79.73040578835382,1000.938364982605,6.247030735015869,0.5,0.005,256,lr_0.005_hc_256
149,4.514488220214844,1.7585915327072144,0.6780576705932617,0.9263418316841125,1.1514973640441895,84.3425467327049,77.72807157692922,78.73462214411248,79.85304594039917,80.16457159853645,1007.8973114490509,6.600386619567871,0.5,0.005,256,lr_0.005_hc_256
150,4.598820686340332,1.8176262378692627,0.670341432094574,0.927466869354248,1.183385968208313,84.48633967087395,78.7026681578527,79.18197795174949,78.85183095932007,80.30570418494905,1014.5434544086456,6.296852350234985,0.5,0.005,256,lr_0.005_hc_256
151,4.562201976776123,1.7743929624557495,0.6632561683654785,0.9418495893478394,1.1827031373977661,84.27863876018533,78.60680619907333,79.08611599297012,79.65706586837769,80.40715670515162,1021.9381444454193,7.021586656570435,0.5,0.005,256,lr_0.005_hc_256
152,4.533627510070801,1.817121982574463,0.6678221821784973,0.9199448227882385,1.1287388801574707,84.15082281514619,78.12749640517654,79.8050806838153,79.40102815628052,80.37110701510464,1029.0079262256622,6.705012083053589,0.5,0.005,256,lr_0.005_hc_256
153,4.676614284515381,1.9061692953109741,0.6655325889587402,0.9535920023918152,1.1513203382492065,84.82185652660169,78.19140437769612,80.2524364914523,78.61262559890747,80.4695807486644,1035.6989533901215,6.338608503341675,0.5,0.005,256,lr_0.005_hc_256
154,4.552737236022949,1.7735551595687866,0.6843785643577576,0.9492685198783875,1.1455347537994385,84.51829365713373,77.9996804601374,78.65473717846301,80.10462522506714,80.31933413020032,1042.4731028079987,6.400100231170654,0.5,0.005,256,lr_0.005_hc_256
155,4.551547527313232,1.7762391567230225,0.6760244965553284,0.9215176701545715,1.1777663230895996,84.3745007189647,78.62278319220323,79.1500239654897,80.1638662815094,80.57779353954176,1049.2027633190155,6.364406585693359,0.5,0.005,256,lr_0.005_hc_256
156,4.534879207611084,1.7795372009277344,0.6598520874977112,0.9365098476409912,1.1589802503585815,84.8058795334718,77.85588752196837,79.27783991052884,80.07400035858154,80.50340183113764,1055.821153640747,6.260581016540527,0.5,0.005,256,lr_0.005_hc_256
157,4.579449653625488,1.8253012895584106,0.6706971526145935,0.933258056640625,1.1501929759979248,84.24668477392555,78.6707141715929,78.9263460616712,79.37911748886108,80.30571562401269,1063.344106912613,7.15901517868042,0.5,0.005,256,lr_0.005_hc_256
158,4.538897514343262,1.7738537788391113,0.6414387226104736,0.9162680506706238,1.2073370218276978,85.01358044416041,78.49496724716408,78.63876018533313,79.22776937484741,80.34376931287626,1071.098165512085,7.397207736968994,0.5,0.005,256,lr_0.005_hc_256
159,4.604828834533691,1.7662173509597778,0.692724347114563,0.9627880454063416,1.1830992698669434,84.67806358843266,78.07956542578687,78.51094424029398,80.02712726593018,80.32392513011092,1077.7288610935211,6.2811174392700195,0.5,0.005,256,lr_0.005_hc_256
160,4.41433572769165,1.6870346069335938,0.6592569351196289,0.9478670358657837,1.120177149772644,84.78990254034191,78.49496724716408,79.8210576769452,80.53756952285767,80.91087424682722,1084.4037437438965,6.299778938293457,0.5,0.005,256,lr_0.005_hc_256
161,4.5421905517578125,1.8456538915634155,0.6769704818725586,0.9247313737869263,1.094834804534912,84.83783351973159,78.47899025403419,80.4920913884007,81.44527673721313,81.31354797484491,1090.990515947342,6.238884449005127,0.5,0.005,256,lr_0.005_hc_256
162,4.461139678955078,1.818108320236206,0.6608256101608276,0.906222939491272,1.0759828090667725,84.91771848538106,79.26186291739896,80.42818341588112,79.38641905784607,80.9985459691268,1097.5957372188568,6.208210229873657,0.5,0.005,256,lr_0.005_hc_256
163,4.48935604095459,1.7461283206939697,0.6708282828330994,0.898903489112854,1.1734956502914429,84.47036267774405,79.16600095861959,79.30979389678863,78.88469099998474,80.45771213328425,1104.864360332489,6.906791687011719,0.5,0.005,256,lr_0.005_hc_256
164,4.470330238342285,1.7994765043258667,0.657151997089386,0.8960615992546082,1.1176402568817139,84.1188688288864,78.71864515098258,79.94887362198433,78.95205020904541,80.43460945272469,1111.4941668510437,6.266273021697998,0.5,0.005,256,lr_0.005_hc_256
165,4.425445556640625,1.7682119607925415,0.6491000056266785,0.8783985376358032,1.1297348737716675,85.2532353411088,79.75714970442563,80.46013740214092,80.70657849311829,81.5442752351984,1118.0925121307373,6.229161739349365,0.5,0.005,256,lr_0.005_hc_256
166,4.521984100341797,1.8581221103668213,0.6466307044029236,0.901098370552063,1.1161327362060547,85.22128135484903,79.43760984182776,80.07668956702348,80.81917762756348,81.38868959781593,1124.7144293785095,6.259731769561768,0.5,0.005,256,lr_0.005_hc_256
167,4.469074249267578,1.7724809646606445,0.6601218581199646,0.8920047283172607,1.144466757774353,84.326569739575,79.53347180060713,79.46956382808756,80.38480877876282,80.92860353675813,1131.3096449375153,6.2319090366363525,0.5,0.005,256,lr_0.005_hc_256
168,4.477410316467285,1.8548527956008911,0.6912311911582947,0.9138821363449097,1.0174442529678345,83.84725994567822,79.08611599297012,80.77967726473878,80.03666400909424,80.93742930312034,1137.9610404968262,6.237696886062622,0.5,0.005,256,lr_0.005_hc_256
169,4.341039180755615,1.7527631521224976,0.6628265976905823,0.8966743350028992,1.0287749767303467,84.82185652660169,78.39910528838473,81.49864195558396,80.62013387680054,81.33493441184272,1144.573516368866,6.24800181388855,0.5,0.005,256,lr_0.005_hc_256
170,4.491365432739258,1.8517512083053589,0.642926812171936,0.8923036456108093,1.1043835878372192,84.07093784949673,79.00623102732067,80.20450551206262,78.06991338729858,80.33789694404464,1151.2498233318329,6.2959558963775635,0.5,0.005,256,lr_0.005_hc_256
171,4.380782604217529,1.7854735851287842,0.6543222069740295,0.8888877034187317,1.0520992279052734,84.3585237258348,79.42163284869788,80.58795334718006,79.25779819488525,80.9064770291495,1157.8284454345703,6.207849979400635,0.5,0.005,256,lr_0.005_hc_256
172,4.4891157150268555,1.7751260995864868,0.6695040464401245,0.9165998697280884,1.1278855800628662,84.23070778079565,78.62278319220323,80.84358523725835,80.31238317489624,81.00236484628837,1164.4015800952911,6.211115598678589,0.5,0.005,256,lr_0.005_hc_256
173,4.417104721069336,1.7938624620437622,0.6670507192611694,0.866794228553772,1.089397668838501,84.24668477392555,79.34174788304841,80.30036747084198,79.7368049621582,80.90640127249354,1171.0909912586212,6.32683253288269,0.5,0.005,256,lr_0.005_hc_256
174,4.471645355224609,1.809475302696228,0.6713194847106934,0.906754732131958,1.0840954780578613,84.48633967087395,78.9423230548011,80.0287585876338,79.67532277107239,80.7831860210953,1177.688740491867,6.236855506896973,0.5,0.005,256,lr_0.005_hc_256
175,4.401064872741699,1.8212779760360718,0.6324012279510498,0.8864244222640991,1.0609610080718994,85.07748841667998,79.42163284869788,80.31634446397187,79.0829062461853,80.97459299388376,1184.9823775291443,6.916799306869507,0.5,0.005,256,lr_0.005_hc_256
176,4.310049533843994,1.7409114837646484,0.6351174712181091,0.905606210231781,1.0284143686294556,84.71001757469244,78.52692123342388,81.05128614794695,80.47468066215515,81.1907264045546,1191.6241660118103,6.2700724601745605,0.5,0.005,256,lr_0.005_hc_256
177,4.4508466720581055,1.7814557552337646,0.6505013704299927,0.9164445996284485,1.1024446487426758,85.09346540980988,79.29381690365874,79.58140277999681,80.63414692878723,81.15070800556316,1198.2808575630188,6.285341501235962,0.5,0.005,256,lr_0.005_hc_256
178,4.337742328643799,1.7014110088348389,0.6524899005889893,0.8846936821937561,1.0991476774215698,84.5981786227832,79.19795494487938,80.17255152580285,81.50309920310974,81.36794607414379,1204.8793876171112,6.233381986618042,0.5,0.005,256,lr_0.005_hc_256
179,4.427814960479736,1.7561241388320923,0.664739191532135,0.8723277449607849,1.134623646736145,84.53427065026362,79.94887362198433,79.19795494487938,79.439777135849,80.78021908824408,1211.5899477005005,6.3173699378967285,0.5,0.005,256,lr_0.005_hc_256
180,4.400108814239502,1.7262133359909058,0.6557691097259521,0.8742936849594116,1.1438325643539429,85.17335037545934,79.88496564946476,79.1500239654897,80.39352893829346,81.15046723217681,1218.2831749916077,6.329472541809082,0.5,0.005,256,lr_0.005_hc_256
181,4.4029388427734375,1.7774676084518433,0.6550645232200623,0.8591621518135071,1.1112449169158936,85.2692123342387,79.90094264259466,79.40565585556799,80.52743673324585,81.27581189141179,1225.6138753890991,6.982553720474243,0.5,0.005,256,lr_0.005_hc_256
182,4.369566440582275,1.7975372076034546,0.6490764021873474,0.8526204228401184,1.070332646369934,85.2532353411088,79.64531075251638,80.54002236779039,79.50043082237244,81.234749820947,1233.251603603363,7.274993419647217,0.5,0.005,256,lr_0.005_hc_256
183,4.361333847045898,1.7424399852752686,0.6464863419532776,0.8784080743789673,1.0939992666244507,85.18932736858923,79.03818501358045,80.42818341588112,81.62076473236084,81.5691151326029,1239.908889055252,6.3117711544036865,0.5,0.005,256,lr_0.005_hc_256
184,4.367280006408691,1.810887336730957,0.6321069598197937,0.8891085982322693,1.0351771116256714,85.18932736858923,79.54944879373701,80.74772327847899,78.84959578514099,81.08402380648656,1246.6065425872803,6.333767414093018,0.5,0.005,256,lr_0.005_hc_256
185,4.365159034729004,1.7795127630233765,0.6350559592247009,0.8988796472549438,1.0517107248306274,85.07748841667998,78.73462214411248,80.76370027160888,80.84980249404907,81.3564033316126,1253.2175381183624,6.247288703918457,0.5,0.005,256,lr_0.005_hc_256
186,4.50865364074707,1.8535195589065552,0.6775255799293518,0.9064033031463623,1.0712053775787354,85.14139638919956,79.38967886243809,81.03530915481706,77.9317557811737,80.8745350469071,1260.0054757595062,6.400754690170288,0.5,0.005,256,lr_0.005_hc_256
187,4.392230033874512,1.8181339502334595,0.6412903070449829,0.9021449089050293,1.0306611061096191,85.79645310752517,79.93289662885445,81.54657293497364,79.4793426990509,81.68881634260103,1266.632348060608,6.260631561279297,0.5,0.005,256,lr_0.005_hc_256
188,4.295742988586426,1.751692295074463,0.6259474754333496,0.8634578585624695,1.0546454191207886,85.2692123342387,79.34174788304841,80.85956223038824,80.46230673789978,81.48320729639377,1273.415531873703,6.418429136276245,0.5,0.005,256,lr_0.005_hc_256
189,4.46254825592041,1.8309557437896729,0.6387578248977661,0.9073678255081177,1.0854668617248535,85.23725834797891,78.49496724716408,80.39622942962134,79.89180088043213,81.00506397629911,1280.07834649086,6.284245252609253,0.5,0.005,256,lr_0.005_hc_256
190,4.444303512573242,1.8352216482162476,0.6664314270019531,0.8689150810241699,1.073735237121582,84.326569739575,79.13404697235981,81.01933216168717,79.597008228302,81.019239275481,1286.9331638813019,6.489516258239746,0.5,0.005,256,lr_0.005_hc_256
191,4.291202545166016,1.7235523462295532,0.6592347621917725,0.8545927405357361,1.0538222789764404,84.69404058156255,79.43760984182776,80.57197635405016,79.96929883956909,81.1682314042524,1293.532028913498,6.233120441436768,0.5,0.005,256,lr_0.005_hc_256
192,4.333390235900879,1.70718514919281,0.6479285955429077,0.8647546172142029,1.1135215759277344,84.86978750599137,79.98082760824413,80.06071257389358,80.50389289855957,81.35380514667216,1300.16903090477,6.266391754150391,0.5,0.005,256,lr_0.005_hc_256
193,4.311962127685547,1.7612032890319824,0.6344654560089111,0.8888057470321655,1.0274879932403564,84.99760345103051,79.38967886243809,81.06726314107685,78.8181483745575,81.06817345727573,1307.041439294815,6.512494325637817,0.5,0.005,256,lr_0.005_hc_256
194,4.3071699142456055,1.7084848880767822,0.6517665386199951,0.8493232727050781,1.0975950956344604,85.2532353411088,79.83703467007508,79.78910369068541,81.2967598438263,81.5440333864239,1313.6837782859802,6.2814109325408936,0.5,0.005,256,lr_0.005_hc_256
195,4.352607250213623,1.7584682703018188,0.651278018951416,0.899843692779541,1.0430173873901367,85.39702827927785,78.9423230548011,80.85956223038824,80.71976900100708,81.47967064136856,1320.3601596355438,6.319929838180542,0.5,0.005,256,lr_0.005_hc_256
196,4.420684337615967,1.8195849657058716,0.6808235049247742,0.8864307403564453,1.0338451862335205,84.90174149225116,79.00623102732067,81.11519412046653,81.57613277435303,81.64982485359783,1327.0252394676208,6.298415899276733,0.5,0.005,256,lr_0.005_hc_256
197,4.306948661804199,1.6960053443908691,0.6585732102394104,0.8771325349807739,1.0752376317977905,85.36507429301805,79.46956382808756,80.77967726473878,80.25962114334106,81.46848413229637,1333.5815370082855,6.1994404792785645,0.5,0.005,256,lr_0.005_hc_256
198,4.419917106628418,1.8127208948135376,0.6534334421157837,0.8670971393585205,1.0866658687591553,84.82185652660169,79.83703467007508,80.7157692922192,80.98229169845581,81.58923804683795,1340.5024898052216,6.542709112167358,0.5,0.005,256,lr_0.005_hc_256
199,4.351271629333496,1.7879621982574463,0.6480756402015686,0.8417381048202515,1.0734959840774536,84.66208659530277,79.1500239654897,80.77967726473878,80.61000108718872,81.30044722817999,1347.763723373413,6.897618055343628,0.5,0.005,256,lr_0.005_hc_256
200,4.327199459075928,1.8266993761062622,0.6490500569343567,0.8628189563751221,0.9886308908462524,85.31714331362838,79.8050806838153,81.45071097619429,81.06262683868408,81.90889045308052,1354.8105683326721,6.650397777557373,0.5,0.005,256,lr_0.005_hc_256
201,4.328622817993164,1.8260685205459595,0.643625020980835,0.8532223105430603,1.005706787109375,85.22128135484903,79.75714970442563,81.8661127975715,79.85953092575073,81.67601869564922,1361.4232506752014,6.253010511398315,0.5,0.005,256,lr_0.005_hc_256
202,4.232320785522461,1.7411255836486816,0.6237433552742004,0.876359760761261,0.991092324256897,85.60472918996645,79.40565585556799,81.35484901741492,79.7023057937622,81.51688496417788,1368.059762954712,6.272186756134033,0.5,0.005,256,lr_0.005_hc_256
203,4.278290748596191,1.7613085508346558,0.6189069151878357,0.8851796388626099,1.0128958225250244,85.78047611439527,79.48554082121746,81.22703307237578,79.96564507484436,81.61467377070821,1374.700998544693,6.257559776306152,0.5,0.005,256,lr_0.005_hc_256
204,4.35462760925293,1.83604896068573,0.6190134882926941,0.8599441051483154,1.039621114730835,85.4928902380572,79.62933375938648,80.58795334718006,79.51362133026123,81.30594966872124,1381.2560241222382,6.184082269668579,0.5,0.005,256,lr_0.005_hc_256
205,4.256704330444336,1.747225046157837,0.6149656176567078,0.845756471157074,1.0487568378448486,85.78047611439527,79.86898865633488,80.9554241891676,79.6343445777893,81.55980838442176,1387.8814239501953,6.262301921844482,0.5,0.005,256,lr_0.005_hc_256
206,4.217698574066162,1.7477127313613892,0.6494423151016235,0.8566908240318298,0.9638526439666748,84.8058795334718,79.75714970442563,81.78622783192203,80.14702200889587,81.62406976967883,1394.4923758506775,6.258625507354736,0.5,0.005,256,lr_0.005_hc_256
207,4.289101600646973,1.811407446861267,0.6456403732299805,0.8518903255462646,0.9801632165908813,84.67806358843266,80.17255152580285,82.00990573574053,83.12289714813232,82.49585449952708,1401.035169839859,6.178706884384155,0.5,0.005,256,lr_0.005_hc_256
208,4.133088111877441,1.6645290851593018,0.6353960037231445,0.848846971988678,0.9843159317970276,84.90174149225116,79.51749480747723,81.81818181818183,80.96321821212769,81.80015908250947,1407.7712399959564,6.35469913482666,0.5,0.005,256,lr_0.005_hc_256
209,4.334178924560547,1.819189429283142,0.6404731869697571,0.8283978700637817,1.046118140220642,85.2532353411088,79.88496564946476,81.1791020929861,79.71042394638062,81.50693175748506,1414.3990406990051,6.278793096542358,0.5,0.005,256,lr_0.005_hc_256
210,4.338028907775879,1.8359029293060303,0.6388188600540161,0.8674405813217163,0.9958664774894714,84.90174149225116,79.3737018693082,81.99392874261065,78.50509881973267,81.19361773097566,1421.4510486125946,6.65033483505249,0.5,0.005,256,lr_0.005_hc_256
211,4.275419235229492,1.7591826915740967,0.6562661528587341,0.8564303517341614,1.003540277481079,85.20530436171913,79.29381690365874,81.80220482505193,81.85691237449646,82.03955961623156,1428.2517292499542,6.435873746871948,0.5,0.005,256,lr_0.005_hc_256
212,4.347803592681885,1.7988475561141968,0.620580792427063,0.8673651814460754,1.0610102415084839,85.7325451350056,79.50151781434734,81.27496405176545,79.376882314682,81.4714773289501,1434.8928875923157,6.283447980880737,0.5,0.005,256,lr_0.005_hc_256
213,4.235258102416992,1.753002643585205,0.63229900598526,0.8415905833244324,1.0083656311035156,85.09346540980988,79.85301166320498,81.4027799968046,79.73009943962097,81.5198391273601,1441.7502393722534,6.490059852600098,0.5,0.005,256,lr_0.005_hc_256
214,4.301334857940674,1.7657208442687988,0.6389260292053223,0.8743609189987183,1.0223270654678345,85.34909729988817,79.69324173190606,81.49864195558396,80.9682846069336,81.87731639857793,1448.4082007408142,6.297500848770142,0.5,0.005,256,lr_0.005_hc_256
215,4.225282669067383,1.7348403930664062,0.6309899091720581,0.8498109579086304,1.009641408920288,85.78047611439527,80.0287585876338,81.61048090749321,80.90174198150635,82.08036439775715,1455.2678027153015,6.498605012893677,0.5,0.005,256,lr_0.005_hc_256
216,4.177720069885254,1.7147793769836426,0.6253142356872559,0.8637088537216187,0.9739172458648682,85.30116632049848,79.42163284869788,81.78622783192203,81.35011196136475,81.96478474062079,1461.872917175293,6.257404565811157,0.5,0.005,256,lr_0.005_hc_256
217,4.2856526374816895,1.881496548652649,0.6283283829689026,0.860288679599762,0.9155391454696655,85.63668317622624,79.86898865633488,83.03243329605368,80.77453374862671,82.32815971931038,1469.161442041397,6.934111833572388,0.5,0.005,256,lr_0.005_hc_256
218,4.248724460601807,1.746315598487854,0.6246897578239441,0.8638292551040649,1.0138896703720093,85.17335037545934,79.8050806838153,81.45071097619429,81.63313269615173,82.01556868290517,1475.7476255893707,6.224221706390381,0.5,0.005,256,lr_0.005_hc_256
219,4.337351322174072,1.8105028867721558,0.6333464980125427,0.8699107766151428,1.02359139919281,86.13196996325291,80.31634446397187,81.43473398306439,81.83865547180176,82.43042597052273,1482.6060757637024,6.468492031097412,0.5,0.005,256,lr_0.005_hc_256
220,4.261678695678711,1.8224455118179321,0.6493441462516785,0.8359115123748779,0.953977644443512,85.36507429301805,79.45358683495766,81.72231985940246,80.31968474388123,81.71516643281484,1489.265013217926,6.296345472335815,0.5,0.005,256,lr_0.005_hc_256
221,4.184937477111816,1.795507550239563,0.6194947361946106,0.8506838083267212,0.9192512631416321,85.41300527240774,79.32577088991852,82.37737657772807,79.89321947097778,81.75234305275802,1495.8299458026886,6.201559543609619,0.5,0.005,256,lr_0.005_hc_256
222,4.283543586730957,1.8436429500579834,0.6175211071968079,0.8527047634124756,0.9696747660636902,85.44495925866752,79.74117271129573,81.89806678383128,79.12896275520325,81.55329037724944,1502.6710028648376,6.410898447036743,0.5,0.005,256,lr_0.005_hc_256
223,4.240924835205078,1.7354135513305664,0.6271612048149109,0.8556362390518188,1.0227134227752686,85.92426905256431,79.29381690365874,81.48266496245407,79.92041110992432,81.65529050715034,1509.256140947342,6.226944923400879,0.5,0.005,256,lr_0.005_hc_256
224,4.236664772033691,1.786012887954712,0.6343307495117188,0.8342800140380859,0.9820410013198853,85.66863716248602,79.77312669755551,81.89806678383128,80.79726696014404,82.03427440100421,1515.861552476883,6.2331297397613525,0.5,0.005,256,lr_0.005_hc_256
225,4.269625663757324,1.7775397300720215,0.6482210755348206,0.8276628255844116,1.0162018537521362,85.02955743729031,79.90094264259466,81.72231985940246,81.02469444274902,81.9193785955091,1522.4470994472504,6.221224546432495,0.5,0.005,256,lr_0.005_hc_256
226,4.245345592498779,1.8271759748458862,0.635982096195221,0.7989638447761536,0.9832234978675842,84.94967247164084,80.15657453267295,81.88208979070139,79.65848445892334,81.66170531348462,1529.0075211524963,6.191383361816406,0.5,0.005,256,lr_0.005_hc_256
227,4.217098712921143,1.8149759769439697,0.6128646731376648,0.7916009426116943,0.9976569414138794,85.76449912126537,80.14059753954305,82.3134686052085,81.87822103500366,82.52419657525515,1535.8833260536194,6.501161098480225,0.5,0.005,256,lr_0.005_hc_256
228,4.364609718322754,1.8877900838851929,0.6436330080032349,0.8250725269317627,1.0081140995025635,85.20530436171913,80.2684134845822,82.08979070139,80.62744140625,82.04773748848532,1542.7189049720764,6.4726722240448,0.5,0.005,256,lr_0.005_hc_256
229,4.265775203704834,1.829655647277832,0.6348671317100525,0.8169478178024292,0.9843045473098755,85.2692123342387,80.34829845023167,81.27496405176545,80.46737909317017,81.8399634823515,1549.3607697486877,6.274483919143677,0.5,0.005,256,lr_0.005_hc_256
230,4.195245265960693,1.7205719947814941,0.6553055644035339,0.8314796686172485,0.9878877997398376,84.88576449912127,80.09266656015338,81.4187569899345,82.47265219688416,82.21746006152333,1556.2256438732147,6.487640380859375,0.5,0.005,256,lr_0.005_hc_256
231,4.183667182922363,1.7720930576324463,0.6331846714019775,0.8438799381256104,0.9345097541809082,85.79645310752517,80.12462054641315,82.87266336475476,78.36894989013672,81.79067172720744,1562.9134001731873,6.3257105350494385,0.5,0.005,256,lr_0.005_hc_256
232,4.180696964263916,1.7859392166137695,0.6303715705871582,0.8165671229362488,0.9478190541267395,85.524844224317,80.17255152580285,82.3134686052085,78.83133888244629,81.71055080944365,1569.692846775055,6.401121616363525,0.5,0.005,256,lr_0.005_hc_256
233,4.262397289276123,1.8294912576675415,0.65570467710495,0.8359900712966919,0.9412113428115845,85.06151142355009,79.96485061511423,82.984502316664,79.61466312408447,81.90638186985319,1576.4011561870575,6.344750165939331,0.5,0.005,256,lr_0.005_hc_256
234,4.261040687561035,1.834771990776062,0.6180381774902344,0.8227999806404114,0.9854306578636169,86.17990094264259,79.99680460137401,82.1217446876498,80.58444261550903,82.22072321179385,1583.0545156002045,6.289147853851318,0.5,0.005,256,lr_0.005_hc_256
235,4.084986686706543,1.705693006515503,0.6340028047561646,0.821905255317688,0.9233856201171875,85.31714331362838,79.94887362198433,82.36139958459819,80.87111115455627,82.12463191869179,1590.3363506793976,6.916918992996216,0.5,0.005,256,lr_0.005_hc_256
236,4.13602352142334,1.716126561164856,0.6272943019866943,0.8275332450866699,0.9650695323944092,85.92426905256431,80.09266656015338,81.88208979070139,80.937659740448,82.20917128596676,1597.1110928058624,6.411571979522705,0.5,0.005,256,lr_0.005_hc_256
237,4.16020393371582,1.7171963453292847,0.6225596070289612,0.8694280982017517,0.9510195851325989,85.97220003195399,79.35772487617831,82.66496245406614,81.05897307395935,82.26346510903944,1603.7927505970001,6.328815460205078,0.5,0.005,256,lr_0.005_hc_256
238,4.144501686096191,1.7401831150054932,0.6143002510070801,0.8285039663314819,0.9615145325660706,85.62070618309635,80.23645949832242,82.08979070139,81.22209310531616,82.29226237203123,1610.353734254837,6.179542779922485,0.5,0.005,256,lr_0.005_hc_256
239,4.08512544631958,1.7090896368026733,0.6253980994224548,0.815377414226532,0.9352603554725647,85.74852212813549,80.85956223038824,82.24956063268893,82.16936588287354,82.75675271852154,1617.1658391952515,6.4317615032196045,0.5,0.005,256,lr_0.005_hc_256
240,4.1551899909973145,1.704097867012024,0.6211748123168945,0.8325400352478027,0.9973775744438171,85.33312030675827,80.0447355807637,81.99392874261065,79.9926221370697,81.84110169180059,1623.765391111374,6.2417004108428955,0.5,0.005,256,lr_0.005_hc_256
241,4.0580830574035645,1.632192611694336,0.6109593510627747,0.8057377934455872,1.0091934204101562,85.98817702508387,80.12462054641315,81.51461894871386,80.22310733795166,81.96263096454064,1630.370567560196,6.23522686958313,0.5,0.005,256,lr_0.005_hc_256
242,4.124279022216797,1.6620904207229614,0.6335907578468323,0.795810341835022,1.0327870845794678,85.07748841667998,80.66783831282952,81.53059594184374,79.03096675872803,81.57672235752031,1636.9582448005676,6.219866752624512,0.5,0.005,256,lr_0.005_hc_256
243,4.092798709869385,1.7010698318481445,0.5990232825279236,0.7812141180038452,1.0114914178848267,86.33967087394151,81.01933216168717,81.33887202428502,80.52154779434204,82.30485571356394,1643.6659104824066,6.281040191650391,0.5,0.005,256,lr_0.005_hc_256
244,4.084317207336426,1.6549128293991089,0.6146918535232544,0.8106017112731934,1.0041106939315796,85.90829205943442,79.54944879373701,81.80220482505193,80.7167112827301,81.99416424023836,1650.2614042758942,6.228861331939697,0.5,0.005,256,lr_0.005_hc_256
245,4.083398818969727,1.7119449377059937,0.5885679721832275,0.8042614459991455,0.9786243438720703,85.79645310752517,80.50806838153059,82.13772168077968,81.14176392555237,82.39600177384695,1656.9625787734985,6.331055402755737,0.5,0.005,256,lr_0.005_hc_256
246,4.03567361831665,1.61752188205719,0.6166110634803772,0.8156916499137878,0.9858487844467163,85.5088672311871,80.06071257389358,81.46668796932417,82.01638460159302,82.26316309399947,1663.9249141216278,6.603043794631958,0.5,0.005,256,lr_0.005_hc_256
247,4.102648735046387,1.6931746006011963,0.6155900359153748,0.8101377487182617,0.9837460517883301,85.86036108004474,80.0447355807637,81.62645790062311,81.3910961151123,82.23066266913597,1670.5733704566956,6.293864965438843,0.5,0.005,256,lr_0.005_hc_256
248,4.111325263977051,1.7071393728256226,0.6134530901908875,0.821264386177063,0.9694687724113464,85.76449912126537,79.70921872503595,82.24956063268893,82.15028643608093,82.46839122876779,1677.3175327777863,6.380331039428711,0.5,0.005,256,lr_0.005_hc_256
249,4.16391134262085,1.7581276893615723,0.6032683849334717,0.8201850056648254,0.9823302626609802,86.22783192203227,80.77967726473878,81.51461894871386,80.09143471717834,82.1533907131658,1683.918707370758,6.246250152587891,0.5,0.005,256,lr_0.005_hc_256
250,4.09489631652832,1.656212329864502,0.6152920126914978,0.7772310972213745,1.0461606979370117,86.13196996325291,79.91691963572455,81.33887202428502,80.43004274368286,81.95445109173633,1690.5448911190033,6.256479501724243,0.5,0.005,256,lr_0.005_hc_256
251,4.043196201324463,1.6814900636672974,0.6204511523246765,0.7987914681434631,0.9424636960029602,86.17990094264259,80.41220642275124,82.00990573574053,82.0888102054596,82.6727058266485,1697.162954568863,6.239179372787476,0.5,0.005,256,lr_0.005_hc_256
252,4.161679267883301,1.6969549655914307,0.6292719841003418,0.852057695388794,0.9833946824073792,85.54082121744688,79.8050806838153,81.99392874261065,81.02611303329468,82.09148591929187,1703.903656244278,6.3828113079071045,0.5,0.005,256,lr_0.005_hc_256
253,4.110462665557861,1.667291283607483,0.6413390636444092,0.8303539752960205,0.9714782238006592,84.91771848538106,80.44416040901102,82.21760664642915,80.47468066215515,82.0135415507441,1711.3570816516876,7.090343952178955,0.5,0.005,256,lr_0.005_hc_256
254,4.042593002319336,1.6532504558563232,0.6315826177597046,0.8204053044319153,0.9373548626899719,85.22128135484903,80.17255152580285,82.53714650902701,81.78529739379883,82.42906919586942,1718.048369884491,6.328290224075317,0.5,0.005,256,lr_0.005_hc_256
255,4.089334964752197,1.6879620552062988,0.6140637397766113,0.8386823534965515,0.9486267566680908,85.89231506630452,80.2684134845822,82.37737657772807,81.79484009742737,82.58323630651054,1724.5746111869812,6.171083211898804,0.5,0.005,256,lr_0.005_hc_256
256,4.102804660797119,1.6748155355453491,0.6458386778831482,0.8194789290428162,0.96267169713974,85.4769132449273,80.14059753954305,82.23358363955904,80.19024133682251,82.01033394021297,1731.16907787323,6.214707136154175,0.5,0.005,256,lr_0.005_hc_256
257,4.109544277191162,1.724489450454712,0.6313226819038391,0.793136477470398,0.9605956673622131,85.92426905256431,80.18852851893273,82.05783671513022,79.54142093658447,81.92801380580293,1738.5364291667938,7.001084566116333,0.5,0.005,256,lr_0.005_hc_256
258,4.129377841949463,1.7778196334838867,0.6377370953559875,0.784493625164032,0.9293273687362671,85.89231506630452,80.58795334718006,83.38392714491133,82.03240036964417,82.97414898201002,1745.1569776535034,6.261457443237305,0.5,0.005,256,lr_0.005_hc_256
259,4.119268894195557,1.7513554096221924,0.6342927813529968,0.7972915172576904,0.9363290071487427,86.05208499760344,80.47611439527081,82.58507748841669,81.54244422912598,82.66393027760424,1751.7624926567078,6.240623474121094,0.5,0.005,256,lr_0.005_hc_256
260,4.0772528648376465,1.7421339750289917,0.6103122234344482,0.80140620470047,0.9234005808830261,85.58875219683657,80.41220642275124,83.24013420674228,81.04071617126465,82.57045224939868,1758.8034806251526,6.675510406494141,0.5,0.005,256,lr_0.005_hc_256
261,4.008872032165527,1.6948496103286743,0.6123949289321899,0.8095021843910217,0.8921255469322205,85.58875219683657,80.39622942962134,83.49576609682057,80.09508848190308,82.39395905129538,1765.38791847229,6.239634990692139,0.5,0.005,256,lr_0.005_hc_256
262,4.0353288650512695,1.6998646259307861,0.6178852319717407,0.7849400043487549,0.9326390027999878,86.19587793577249,80.54002236779039,83.32001917239175,82.30893611907959,83.09121389875855,1772.0592126846313,6.30586838722229,0.5,0.005,256,lr_0.005_hc_256
263,4.052585124969482,1.6607000827789307,0.6297243237495422,0.8195125460624695,0.9426483511924744,85.42898226553763,80.46013740214092,82.44128455024764,80.53534030914307,82.21643613176731,1778.6682195663452,6.253904581069946,0.5,0.005,256,lr_0.005_hc_256
264,4.066972732543945,1.6727999448776245,0.6261370182037354,0.8186864256858826,0.9493494033813477,85.81243010065506,79.98082760824413,82.16967566703947,81.84453845024109,82.45186795654493,1785.2584254741669,6.22715163230896,0.5,0.005,256,lr_0.005_hc_256
265,4.011433124542236,1.6986124515533447,0.6156221032142639,0.7841903567314148,0.9130080938339233,85.81243010065506,80.50806838153059,82.74484741971561,80.31238317489624,82.34443226919937,1791.8640160560608,6.233404636383057,0.5,0.005,256,lr_0.005_hc_256
266,4.048337936401367,1.6916018724441528,0.5903090238571167,0.807064950466156,0.9593617916107178,87.02668157852692,80.63588432656974,82.984502316664,81.95571899414062,83.15069680397532,1798.4652585983276,6.236953496932983,0.5,0.005,256,lr_0.005_hc_256
267,4.0683979988098145,1.6619079113006592,0.6197474002838135,0.7968025207519531,0.989940345287323,85.87633807317462,80.84358523725835,82.24956063268893,81.64997100830078,82.65486373785566,1805.0477578639984,6.195068120956421,0.5,0.005,256,lr_0.005_hc_256
268,4.082647800445557,1.7129508256912231,0.617272675037384,0.8157677054405212,0.9366563558578491,86.29173989455184,79.86898865633488,81.72231985940246,81.09712600708008,82.24504360434231,1811.6302559375763,6.225270509719849,0.5,0.005,256,lr_0.005_hc_256
269,4.021141529083252,1.650556206703186,0.6219292879104614,0.7948834896087646,0.9537726044654846,86.14794695638281,81.05128614794695,82.64898546093626,82.65201449394226,83.12505826480206,1818.3189404010773,6.3139872550964355,0.5,0.005,256,lr_0.005_hc_256
270,4.032440662384033,1.723580002784729,0.6105546951293945,0.7639477849006653,0.9343584179878235,86.24380891516216,80.89151621664803,82.44128455024764,82.23001956939697,82.9516573128637,1824.8830351829529,6.203030824661255,0.5,0.005,256,lr_0.005_hc_256
271,3.9757838249206543,1.6136361360549927,0.6213415265083313,0.802798330783844,0.9380078315734863,86.3876018533312,80.2684134845822,82.76082441284551,80.05492091178894,82.36794016563697,1832.2251770496368,6.97355842590332,0.5,0.005,256,lr_0.005_hc_256
272,4.146467685699463,1.7094422578811646,0.6207023859024048,0.8255886435508728,0.9907344579696655,85.92426905256431,80.31634446397187,82.37737657772807,79.89910244941711,82.12927313592034,1838.8545713424683,6.2649736404418945,0.5,0.005,256,lr_0.005_hc_256
273,4.109989643096924,1.7021535634994507,0.6270847916603088,0.8239104151725769,0.9568407535552979,85.95622303882409,80.50806838153059,82.15369867390957,80.83601593971252,82.3635015084942,1845.5453040599823,6.339538335800171,0.5,0.005,256,lr_0.005_hc_256
274,3.9530651569366455,1.5947524309158325,0.6039188504219055,0.7993343472480774,0.9550595283508301,86.32369388081163,80.10864355328327,82.68093944719604,81.9498360157013,82.76577822424807,1852.119299173355,6.210001707077026,0.5,0.005,256,lr_0.005_hc_256
275,3.996006488800049,1.6571767330169678,0.617515504360199,0.805306613445282,0.9160076379776001,86.24380891516216,80.66783831282952,82.66496245406614,82.19775557518005,82.94359131430947,1858.7318844795227,6.247870683670044,0.5,0.005,256,lr_0.005_hc_256
276,4.1475396156311035,1.7533944845199585,0.6136487126350403,0.8088605403900146,0.9716357588768005,85.92426905256431,80.9554241891676,82.47323853650744,80.40448427200317,82.43935401256063,1865.4122133255005,6.302117824554443,0.5,0.005,256,lr_0.005_hc_256
277,3.977303981781006,1.6643446683883667,0.5921657681465149,0.8039321899414062,0.9168614149093628,86.49944080524045,80.47611439527081,83.17622623422271,80.49658536911011,82.66209170096101,1872.01961684227,6.252227067947388,0.5,0.005,256,lr_0.005_hc_256
278,3.995992660522461,1.681889295578003,0.5947659015655518,0.806519091129303,0.9128184914588928,85.60472918996645,80.7157692922192,82.87266336475476,82.07055330276489,82.81592878742632,1878.6441197395325,6.261643648147583,0.5,0.005,256,lr_0.005_hc_256
279,3.9917359352111816,1.6466827392578125,0.6103892922401428,0.7980259656906128,0.936637818813324,86.35564786707141,80.65186131969963,82.24956063268893,80.75770139694214,82.50369280410052,1885.5636246204376,6.555504083633423,0.5,0.005,256,lr_0.005_hc_256
280,3.980168581008911,1.7029895782470703,0.6163105368614197,0.7816168665885925,0.8792515397071838,86.21185492890237,80.81163125099856,83.59162805559993,81.33774399757385,82.98821455826868,1892.0884375572205,6.177838325500488,0.5,0.005,256,lr_0.005_hc_256
281,4.074235916137695,1.761783242225647,0.6138221025466919,0.8048269152641296,0.8938034772872925,85.89231506630452,80.81163125099856,83.39990413804122,80.39941787719727,82.6258170831354,1898.8220462799072,6.350922584533691,0.5,0.005,256,lr_0.005_hc_256
282,4.113491535186768,1.7910789251327515,0.5884116888046265,0.8017971515655518,0.9322037100791931,86.5953027640198,80.97140118229748,82.96852532353411,78.61992716789246,82.28878910943597,1905.6762557029724,6.488872051239014,0.5,0.005,256,lr_0.005_hc_256
283,4.056465148925781,1.7107603549957275,0.6068733334541321,0.8019609451293945,0.9368705749511719,86.25978590829206,80.54002236779039,83.52772008308035,80.15797734260559,82.6213764254421,1912.2773048877716,6.2283408641815186,0.5,0.005,256,lr_0.005_hc_256
284,3.987278938293457,1.6480551958084106,0.6222503185272217,0.8017663955688477,0.915207028388977,85.58875219683657,80.58795334718006,82.50519252276722,81.25942945480347,82.48533188039683,1919.1509490013123,6.493415355682373,0.5,0.005,256,lr_0.005_hc_256
285,3.97339129447937,1.6432926654815674,0.5965350270271301,0.8031138181686401,0.9304496645927429,85.89231506630452,81.21105607924589,83.00047930979389,83.34525227546692,83.36227568270282,1925.7259442806244,6.201422452926636,0.5,0.005,256,lr_0.005_hc_256
286,4.068641185760498,1.7327425479888916,0.5949431657791138,0.7921556830406189,0.9487994909286499,86.70714171592905,81.11519412046653,83.01645630292379,82.38867521286011,83.30686683804487,1932.3404171466827,6.258691310882568,0.5,0.005,256,lr_0.005_hc_256
287,4.06003999710083,1.7270574569702148,0.5955354571342468,0.7824236154556274,0.9550233483314514,86.69116472279917,81.25898705863557,82.26553762581882,79.8353910446167,82.51277011296757,1939.3559629917145,6.6660943031311035,0.5,0.005,256,lr_0.005_hc_256
288,4.011055946350098,1.676566481590271,0.5810452103614807,0.769850492477417,0.9835939407348633,86.72311870905895,81.35484901741492,82.36139958459819,80.70657849311829,82.78648645104758,1945.9332163333893,6.211527347564697,0.5,0.005,256,lr_0.005_hc_256
289,4.02988862991333,1.7384908199310303,0.6033093333244324,0.7679343223571777,0.9201539754867554,86.33967087394151,81.11519412046653,82.92059434414443,81.49780631065369,82.96831641230153,1953.210078716278,6.901318788528442,0.5,0.005,256,lr_0.005_hc_256
290,4.101065635681152,1.6868460178375244,0.6206779479980469,0.8156838417053223,0.9778579473495483,85.66863716248602,80.44416040901102,82.69691644032594,79.22329902648926,82.00825325957805,1960.0451905727386,6.469858407974243,0.5,0.005,256,lr_0.005_hc_256
291,3.971250534057617,1.6585214138031006,0.5984975695610046,0.7908845543861389,0.923346996307373,86.21185492890237,80.73174628534909,82.48921552963733,81.02976083755493,82.61564439536093,1966.6688022613525,6.264887094497681,0.5,0.005,256,lr_0.005_hc_256
292,4.054729461669922,1.6719828844070435,0.6613260507583618,0.7900626063346863,0.9313579201698303,84.74197156095224,80.69979229908931,82.71289343345583,82.78875350952148,82.73585270075472,1973.3786861896515,6.339601278305054,0.5,0.005,256,lr_0.005_hc_256
293,4.022838592529297,1.686086654663086,0.6129716038703918,0.8247191905975342,0.8990612626075745,85.87633807317462,79.8050806838153,83.431858124301,80.8301329612732,82.48585246064104,1980.011440038681,6.263254880905151,0.5,0.005,256,lr_0.005_hc_256
294,3.947126865386963,1.6456233263015747,0.6132093071937561,0.7951033115386963,0.8931908011436462,86.25978590829206,80.77967726473878,83.39990413804122,80.86075782775879,82.82503128470772,1986.6045241355896,6.228792190551758,0.5,0.005,256,lr_0.005_hc_256
295,4.033693313598633,1.6716917753219604,0.6294860243797302,0.810370147228241,0.9221453070640564,85.5088672311871,79.93289662885445,82.61703147467647,80.36491870880127,82.10592851087982,1993.3665206432343,6.3889851570129395,0.5,0.005,256,lr_0.005_hc_256
296,4.031166076660156,1.746760368347168,0.6009429097175598,0.777374804019928,0.9060880541801453,86.78702668157852,80.89151621664803,83.60760504872982,79.74693775177002,82.7582714246816,2000.0174329280853,6.271368980407715,0.5,0.005,256,lr_0.005_hc_256
297,3.9396414756774902,1.6601706743240356,0.5920273661613464,0.7778886556625366,0.9095550179481506,86.30771688768174,80.74772327847899,82.984502316664,82.54508376121521,83.14625656100998,2006.683257341385,6.295890808105469,0.5,0.005,256,lr_0.005_hc_256
298,4.045294761657715,1.7258362770080566,0.6164212822914124,0.7941302061080933,0.9089071154594421,85.79645310752517,80.31634446397187,83.1922032273526,81.81816339492798,82.7807910484444,2013.4967694282532,6.443521022796631,0.5,0.005,256,lr_0.005_hc_256
299,3.9329802989959717,1.6489059925079346,0.6034851670265198,0.7875719666481018,0.8930172324180603,85.9402460456942,80.81163125099856,83.6715130212494,81.39475584030151,82.95453653956092,2020.5853128433228,6.741475582122803,0.5,0.005,256,lr_0.005_hc_256
300,3.978285789489746,1.7225548028945923,0.5984887480735779,0.7412801384925842,0.915962278842926,86.27576290142194,80.7157692922192,82.74484741971561,80.98594546318054,82.68058126913432,2027.3525557518005,6.411036968231201,0.5,0.005,256,lr_0.005_hc_256
301,3.9475178718566895,1.627893090248108,0.5988195538520813,0.787251353263855,0.9335538148880005,86.75507269531873,81.14714810672632,83.30404217926186,79.37241196632385,82.64466873690769,2033.8594708442688,6.151284694671631,0.5,0.005,256,lr_0.005_hc_256
302,4.066601276397705,1.739710807800293,0.6093863248825073,0.8035920262336731,0.9139120578765869,86.25978590829206,80.4920913884007,82.85668637162486,78.21619510650635,81.956189693706,2040.788866519928,6.51273250579834,0.5,0.005,256,lr_0.005_hc_256
303,3.989398956298828,1.646043062210083,0.6199337244033813,0.7836095690727234,0.939812421798706,86.49944080524045,80.87553922351813,82.72887042658571,81.23893737792969,82.8356969583185,2047.4533710479736,6.305608034133911,0.5,0.005,256,lr_0.005_hc_256
304,4.009188652038574,1.6576110124588013,0.6130847930908203,0.7861907482147217,0.9523019790649414,86.6112797571497,80.85956223038824,82.93657133727433,81.70332908630371,83.027685602779,2054.0824031829834,6.296393156051636,0.5,0.005,256,lr_0.005_hc_256
305,3.9896087646484375,1.6538814306259155,0.6287335753440857,0.775238573551178,0.9317553043365479,85.70059114874581,80.77967726473878,82.88864035788464,81.72017335891724,82.77227053257162,2060.6966228485107,6.2390546798706055,0.5,0.005,256,lr_0.005_hc_256
306,4.059438705444336,1.681950569152832,0.619261622428894,0.8112793564796448,0.9469468593597412,86.25978590829206,80.73174628534909,83.4478351174309,81.32232427597046,82.94042289676062,2067.250770330429,6.209986925125122,0.5,0.005,256,lr_0.005_hc_256
307,4.011451721191406,1.6685435771942139,0.610530436038971,0.7843501567840576,0.9480276703834534,86.10001597699312,80.84358523725835,83.4158811311711,80.89666962623596,82.81403799291463,2074.5660831928253,6.9358861446380615,0.5,0.005,256,lr_0.005_hc_256
308,3.975346565246582,1.677396535873413,0.6045235395431519,0.7745254039764404,0.9189012050628662,85.9402460456942,80.85956223038824,82.56910049528679,81.20383620262146,82.64318624349767,2081.137788295746,6.203185319900513,0.5,0.005,256,lr_0.005_hc_256
309,3.9997618198394775,1.643681287765503,0.614813506603241,0.8058141469955444,0.9354527592658997,86.64323374340948,80.52404537466049,83.17622623422271,82.58100152015686,83.23112671811239,2087.770581960678,6.2326977252960205,0.5,0.005,256,lr_0.005_hc_256
310,3.994716167449951,1.7243132591247559,0.5739052891731262,0.7786856889724731,0.917811930179596,86.866911647228,80.85956223038824,83.16024924109283,81.43715262413025,83.08096893570983,2094.367420911789,6.241407155990601,0.5,0.005,256,lr_0.005_hc_256
311,4.039734840393066,1.743350625038147,0.5975775718688965,0.7965413331985474,0.9022655487060547,86.22783192203227,81.1791020929861,83.28806518613196,81.20524883270264,82.97506200846325,2101.2159469127655,6.46880030632019,0.5,0.005,256,lr_0.005_hc_256
312,4.103545665740967,1.7464932203292847,0.6115432977676392,0.8172262907028198,0.928282618522644,86.13196996325291,80.7157692922192,83.08036427544336,80.73720932006836,82.66632821274597,2108.016224861145,6.437676191329956,0.5,0.005,256,lr_0.005_hc_256
313,3.9604997634887695,1.6795965433120728,0.6049904823303223,0.7943011522293091,0.881611704826355,86.77104968844863,80.84358523725835,83.59162805559993,80.17705082893372,82.84582845256016,2114.588156223297,6.212981462478638,0.5,0.005,256,lr_0.005_hc_256
314,4.104406356811523,1.835385799407959,0.5962579250335693,0.7589725255966187,0.9137901663780212,86.43553283272088,81.01933216168717,83.36795015178143,80.64428567886353,82.86677520626326,2121.196746826172,6.244794845581055,0.5,0.005,256,lr_0.005_hc_256
315,3.944826126098633,1.6669973134994507,0.5965567231178284,0.7860396504402161,0.8952325582504272,86.30771688768174,81.00335516855728,82.95254833040421,79.64670658111572,82.47758174193973,2127.753987789154,6.186612844467163,0.5,0.005,256,lr_0.005_hc_256
316,4.088403224945068,1.759433388710022,0.6046897768974304,0.8036513328552246,0.9206289649009705,86.21185492890237,80.10864355328327,83.17622623422271,80.7986855506897,82.57385256677452,2134.501719236374,6.399648904800415,0.5,0.005,256,lr_0.005_hc_256
317,3.9675164222717285,1.7214685678482056,0.6239059567451477,0.7538442015647888,0.8682976961135864,85.95622303882409,81.25898705863557,83.6715130212494,81.6609263420105,83.1369123651799,2141.136443376541,6.245173931121826,0.5,0.005,256,lr_0.005_hc_256
318,3.9749510288238525,1.691220760345459,0.6248346567153931,0.743331789970398,0.9155637621879578,86.06806199073334,81.88208979070139,82.72887042658571,83.84981155395508,83.63220844049388,2147.7518339157104,6.263453006744385,0.5,0.005,256,lr_0.005_hc_256
319,3.9466896057128906,1.6673367023468018,0.5751234292984009,0.7691099643707275,0.9351194500923157,86.91484262661767,80.89151621664803,82.3294455983384,79.82667088508606,82.49061883167255,2154.4925141334534,6.3759987354278564,0.5,0.005,256,lr_0.005_hc_256
320,3.98751163482666,1.685438632965088,0.6006807684898376,0.7606045603752136,0.9407876133918762,86.21185492890237,81.11519412046653,82.52116951589711,82.71632194519043,83.1411351276141,2161.0650544166565,6.208070516586304,0.5,0.005,256,lr_0.005_hc_256
321,4.021082878112793,1.740800142288208,0.56980299949646,0.7849488854408264,0.9255308508872986,86.97875059913724,80.44416040901102,83.25611119987218,80.58362007141113,82.8156605698579,2167.6266446113586,6.193596363067627,0.5,0.005,256,lr_0.005_hc_256
322,4.02687931060791,1.7285996675491333,0.5750606060028076,0.7632951736450195,0.9599237442016602,87.21840549608564,80.9554241891676,82.47323853650744,81.01292252540588,82.91499768679165,2174.250383615494,6.261138677597046,0.5,0.005,256,lr_0.005_hc_256
323,4.017062664031982,1.731698989868164,0.5863344669342041,0.7899445295333862,0.9090849757194519,86.96277360600735,80.92347020290781,83.70346700750919,81.56800270080566,83.28942837930751,2180.7845759391785,6.174194812774658,0.5,0.005,256,lr_0.005_hc_256
324,3.863083839416504,1.6348010301589966,0.5904415845870972,0.7725474238395691,0.8652936816215515,86.67518772966928,80.69979229908931,84.02300687010704,81.97904825210571,83.34425878774283,2187.370180606842,6.2232770919799805,0.5,0.005,256,lr_0.005_hc_256
325,3.9069337844848633,1.67445969581604,0.5888528823852539,0.7511820197105408,0.8924391269683838,86.40357884646109,81.14714810672632,84.02300687010704,82.51445889472961,83.52204817950602,2194.6992452144623,6.965654134750366,0.5,0.005,256,lr_0.005_hc_256
326,4.091241836547852,1.7498995065689087,0.6116251349449158,0.7764012813568115,0.9533157348632812,85.7165681418757,80.79565425786866,83.52772008308035,80.75628280639648,82.6990563223053,2201.273960351944,6.2259228229522705,0.5,0.005,256,lr_0.005_hc_256
327,3.8635568618774414,1.6235074996948242,0.6022284626960754,0.7326305508613586,0.9051904082298279,86.3876018533312,80.81163125099856,83.2081802204825,81.43633008003235,82.96093585121116,2207.8781428337097,6.210090160369873,0.5,0.005,256,lr_0.005_hc_256
328,3.924959659576416,1.6806516647338867,0.5769009590148926,0.7511033415794373,0.9163036346435547,86.70714171592905,81.29094104489535,82.95254833040421,82.24827647209167,83.29972689083007,2214.560507774353,6.3260579109191895,0.5,0.005,256,lr_0.005_hc_256
329,3.9980690479278564,1.7138811349868774,0.607166051864624,0.7845719456672668,0.8924498558044434,86.94679661287745,81.06726314107685,83.8951909250679,80.6091845035553,83.12960879564437,2221.2079813480377,6.288221597671509,0.5,0.005,256,lr_0.005_hc_256
330,4.000150203704834,1.7477666139602661,0.5873520374298096,0.7542037963867188,0.9108277559280396,87.17047451669596,81.30691803802524,82.80875539223518,81.19653463363647,83.12067064514821,2227.917126893997,6.3405842781066895,0.5,0.005,256,lr_0.005_hc_256
331,3.9700489044189453,1.6900204420089722,0.6086165308952332,0.7744064927101135,0.897005558013916,86.67518772966928,80.87553922351813,83.79932896628854,80.69621920585632,83.01156878133307,2234.484928369522,6.206760406494141,0.5,0.005,256,lr_0.005_hc_256
332,4.043746471405029,1.6873327493667603,0.5916821956634521,0.7937397360801697,0.9709914326667786,86.25978590829206,80.87553922351813,82.39335357085797,81.12186193466187,82.66263515933251,2241.1340053081512,6.252835035324097,0.5,0.005,256,lr_0.005_hc_256
333,3.939692258834839,1.653311014175415,0.6120380759239197,0.7558670043945312,0.9184761643409729,86.30771688768174,81.1631250998562,83.68749001437929,79.97153401374817,82.78246650391635,2247.670279979706,6.179106950759888,0.5,0.005,256,lr_0.005_hc_256
334,3.9299726486206055,1.6440088748931885,0.6060630679130554,0.7900608777999878,0.8898395895957947,86.48346381211056,80.46013740214092,83.75139798689887,80.64733743667603,82.83558415945659,2254.362325191498,6.337886095046997,0.5,0.005,256,lr_0.005_hc_256
335,3.8991951942443848,1.6553899049758911,0.5771104693412781,0.7615928053855896,0.9051019549369812,86.88288864035788,80.92347020290781,83.68749001437929,82.2095274925232,83.42584408754205,2260.9272933006287,6.20548939704895,0.5,0.005,256,lr_0.005_hc_256
336,3.9538938999176025,1.6514227390289307,0.6042824387550354,0.7544417381286621,0.9437471032142639,85.89231506630452,81.29094104489535,83.51174308995047,81.15919828414917,82.96354937132489,2267.934208393097,6.647839069366455,0.5,0.005,256,lr_0.005_hc_256
337,3.920902729034424,1.662986397743225,0.5874978303909302,0.7334116697311401,0.937006950378418,86.51541779837034,81.51461894871386,82.984502316664,80.51565885543823,82.88254947979661,2274.5153257846832,6.230919361114502,0.5,0.005,256,lr_0.005_hc_256
338,3.862541675567627,1.6191326379776,0.6033249497413635,0.777712881565094,0.8623711466789246,86.94679661287745,81.1631250998562,83.8951909250679,81.86421394348145,83.46733164532075,2281.119943380356,6.246703386306763,0.5,0.005,256,lr_0.005_hc_256
339,3.9366607666015625,1.6176626682281494,0.6264839768409729,0.7830750942230225,0.9094391465187073,85.79645310752517,80.66783831282952,83.24013420674228,80.46513795852661,82.54239089640589,2287.704463005066,6.22218132019043,0.5,0.005,256,lr_0.005_hc_256
340,3.84924578666687,1.5896248817443848,0.5905194878578186,0.7672420144081116,0.9018595814704895,86.51541779837034,81.21105607924589,82.984502316664,81.87009692192078,83.14526827905026,2294.2746348381042,6.206977128982544,0.5,0.005,256,lr_0.005_hc_256
341,3.8439748287200928,1.6137431859970093,0.570414125919342,0.761224627494812,0.8985927104949951,86.41955583959098,81.29094104489535,83.6555360281195,81.87516927719116,83.31030054744926,2300.9966876506805,6.350820302963257,0.5,0.005,256,lr_0.005_hc_256
342,3.9003827571868896,1.6434340476989746,0.5969192385673523,0.7408406734466553,0.9191887974739075,86.02013101134366,81.06726314107685,83.27208819300208,80.67066073417664,82.7575357698998,2307.551501274109,6.180839776992798,0.5,0.005,256,lr_0.005_hc_256
343,3.796830415725708,1.5830152034759521,0.5932573676109314,0.7791955471038818,0.8413621783256531,86.43553283272088,80.81163125099856,84.5981786227832,82.32578039169312,83.54278077454894,2314.8243436813354,6.907533407211304,0.5,0.005,256,lr_0.005_hc_256
344,3.815070867538452,1.5936837196350098,0.6231774091720581,0.7337985634803772,0.8644111752510071,85.46093625179742,81.21105607924589,83.25611119987218,82.49984979629517,83.10698833180267,2321.762955904007,6.571818590164185,0.5,0.005,256,lr_0.005_hc_256
345,3.8719537258148193,1.6351654529571533,0.6168621778488159,0.7477604150772095,0.8721659779548645,85.70059114874581,81.61048090749321,84.1348458220163,82.12308883666992,83.39225167873131,2328.336979866028,6.222174406051636,0.5,0.005,256,lr_0.005_hc_256
346,3.9673309326171875,1.6622987985610962,0.6218289136886597,0.792292594909668,0.8909106254577637,85.9402460456942,80.55599936092027,83.86323693880811,81.33834600448608,82.92445708747717,2335.216002225876,6.499831676483154,0.5,0.005,256,lr_0.005_hc_256
347,3.9621682167053223,1.6581873893737793,0.6072917580604553,0.7838515639305115,0.9128374457359314,86.78702668157852,80.73174628534909,83.2081802204825,81.31278157234192,83.00993368993801,2341.803579568863,6.240033864974976,0.5,0.005,256,lr_0.005_hc_256
348,3.926588535308838,1.7102454900741577,0.6195994019508362,0.7648777961730957,0.8318657279014587,85.87633807317462,81.29094104489535,84.03898386323694,81.48401975631714,83.17257068440601,2348.4138879776,6.250691890716553,0.5,0.005,256,lr_0.005_hc_256
349,3.846900463104248,1.5827627182006836,0.6182202696800232,0.77842777967453,0.8674896359443665,86.45150982585076,80.61990733343984,82.88864035788464,81.31725192070007,82.81932735946883,2355.3605971336365,6.564358711242676,0.5,0.005,256,lr_0.005_hc_256
350,3.983463764190674,1.6989641189575195,0.6034797430038452,0.7696159482002258,0.9114039540290833,87.20242850295574,81.01933216168717,83.4158811311711,82.37406015396118,83.5029254874438,2362.07133936882,6.363988876342773,0.5,0.005,256,lr_0.005_hc_256
351,3.8972725868225098,1.6262707710266113,0.5915817618370056,0.7417222261428833,0.9376978874206543,86.56334877776003,81.25898705863557,82.5531235021569,82.26937055587769,83.16120747360753,2368.657465696335,6.214820623397827,0.5,0.005,256,lr_0.005_hc_256
352,3.9266159534454346,1.665356993675232,0.6108579635620117,0.7515530586242676,0.8988478183746338,86.70714171592905,81.13117111359642,83.27208819300208,80.53309917449951,82.91087504925677,2375.3489639759064,6.320440292358398,0.5,0.005,256,lr_0.005_hc_256
353,3.86323881149292,1.612960696220398,0.5766940712928772,0.7820131182670593,0.8915708065032959,87.44208339990413,80.82760824412846,83.431858124301,82.3827862739563,83.52108401057248,2381.918526172638,6.202685832977295,0.5,0.005,256,lr_0.005_hc_256
354,3.893826723098755,1.6668128967285156,0.5777873396873474,0.7711063027381897,0.8781202435493469,86.80300367470842,80.79565425786866,83.62358204185972,80.60635328292847,82.95714831434132,2388.582948923111,6.294584274291992,0.5,0.005,256,lr_0.005_hc_256
355,3.9305219650268555,1.6798864603042603,0.6060563921928406,0.7676135301589966,0.8769654631614685,86.33967087394151,80.7157692922192,83.60760504872982,80.86522817611694,82.88206834775187,2395.1141850948334,6.172301769256592,0.5,0.005,256,lr_0.005_hc_256
356,3.8810784816741943,1.6519221067428589,0.5956912636756897,0.7482035160064697,0.8852615356445312,86.53139479150023,81.11519412046653,83.91116791819779,82.38867521286011,83.48660801075616,2401.7682135105133,6.291233062744141,0.5,0.005,256,lr_0.005_hc_256
357,3.9039840698242188,1.6419411897659302,0.6163002848625183,0.7638009190559387,0.8819417357444763,86.53139479150023,81.35484901741492,83.76737498002876,80.85203766822815,83.12641411429303,2408.489748954773,6.366621017456055,0.5,0.005,256,lr_0.005_hc_256
358,3.8660707473754883,1.6352548599243164,0.5724846124649048,0.7878270149230957,0.8705043792724609,86.57932577088991,81.05128614794695,83.62358204185972,81.53514266014099,83.1973341552094,2415.5432426929474,6.696699380874634,0.5,0.005,256,lr_0.005_hc_256
359,3.9289028644561768,1.6456981897354126,0.5804752111434937,0.79543137550354,0.9072980284690857,86.73909570218885,80.81163125099856,82.79277839910529,80.79644441604614,82.78498744208471,2422.141283750534,6.251699209213257,0.5,0.005,256,lr_0.005_hc_256
360,3.8790342807769775,1.5857172012329102,0.5830808877944946,0.7878952622413635,0.9223411083221436,86.57932577088991,81.29094104489535,82.88864035788464,80.64286708831787,82.85044356549695,2428.852783203125,6.34066367149353,0.5,0.005,256,lr_0.005_hc_256
361,3.966834306716919,1.6885703802108765,0.6093488335609436,0.7760979533195496,0.8928170204162598,85.97220003195399,80.2843904777121,83.55967406934015,80.1111102104187,82.48184369735623,2436.1419994831085,6.9260780811309814,0.5,0.005,256,lr_0.005_hc_256
362,3.8073372840881348,1.6099005937576294,0.5780803561210632,0.7688809037208557,0.850475549697876,86.89886563348777,80.9554241891676,83.92714491132769,82.45886564254761,83.56007509413267,2442.818048477173,6.267894268035889,0.5,0.005,256,lr_0.005_hc_256
363,3.837341785430908,1.6287610530853271,0.5931586027145386,0.7514514923095703,0.8639706969261169,86.45150982585076,81.56254992810354,83.84725994567822,81.00196719169617,83.21582172283217,2449.3003811836243,6.117264270782471,0.5,0.005,256,lr_0.005_hc_256
364,3.9512784481048584,1.6666234731674194,0.6024988889694214,0.775238037109375,0.9069181084632874,86.30771688768174,80.63588432656974,83.92714491132769,80.88348507881165,82.9385578010977,2455.9955582618713,6.300125360488892,0.5,0.005,256,lr_0.005_hc_256
365,3.8738224506378174,1.664033055305481,0.5995913147926331,0.7767918705940247,0.8334061503410339,86.64323374340948,81.13117111359642,84.24668477392555,80.96404075622559,83.24628259678927,2462.5231461524963,6.16217565536499,0.5,0.005,256,lr_0.005_hc_256
366,3.889000654220581,1.6163387298583984,0.5831190943717957,0.7731662392616272,0.9163766503334045,86.49944080524045,81.24301006550567,83.03243329605368,81.08311891555786,82.96450077058942,2469.17063498497,6.244406461715698,0.5,0.005,256,lr_0.005_hc_256
367,3.8288097381591797,1.5843697786331177,0.5837618708610535,0.7513736486434937,0.9093047380447388,86.78702668157852,81.08324013420675,83.57565106247004,81.36836886405945,83.2035716855787,2475.663451194763,6.132520914077759,0.5,0.005,256,lr_0.005_hc_256
368,3.934624671936035,1.6371933221817017,0.5934608578681946,0.7747134566307068,0.929256796836853,86.70714171592905,81.11519412046653,83.22415721361239,80.94496130943298,82.99786358986024,2482.417865037918,6.3892858028411865,0.5,0.005,256,lr_0.005_hc_256
369,3.8529293537139893,1.6481759548187256,0.5970906615257263,0.7465044260025024,0.8611581921577454,86.89886563348777,81.8501358044416,84.15082281514619,81.20971918106079,83.52738585853409,2489.114173412323,6.326709270477295,0.5,0.005,256,lr_0.005_hc_256
370,3.8387084007263184,1.6389938592910767,0.5932499170303345,0.7363048195838928,0.8701598048210144,86.05208499760344,81.62645790062311,83.75139798689887,81.2462329864502,83.1690434678939,2495.7992351055145,6.333807945251465,0.5,0.005,256,lr_0.005_hc_256
371,3.8291409015655518,1.6072821617126465,0.5821812152862549,0.7804223299026489,0.8592550158500671,86.67518772966928,81.08324013420675,84.07093784949673,82.13627934455872,83.49141126448288,2502.3580939769745,6.1774280071258545,0.5,0.005,256,lr_0.005_hc_256
372,4.029305458068848,1.7284750938415527,0.6184973120689392,0.8000388741493225,0.8822941780090332,86.19587793577249,80.9554241891676,83.87921393193801,81.03564977645874,83.01654145833422,2508.972020149231,6.252773761749268,0.5,0.005,256,lr_0.005_hc_256
373,3.8778676986694336,1.6413697004318237,0.5938943028450012,0.7662578821182251,0.8763455748558044,86.73909570218885,81.08324013420675,83.75139798689887,82.439786195755,83.50338000476236,2515.619612932205,6.23477029800415,0.5,0.005,256,lr_0.005_hc_256
374,3.963404417037964,1.6889324188232422,0.6040877103805542,0.7889239192008972,0.8814602494239807,86.53139479150023,80.82760824412846,83.4158811311711,82.24239349365234,83.25431941511303,2522.2531003952026,6.290973663330078,0.5,0.005,256,lr_0.005_hc_256
375,3.867508888244629,1.6204472780227661,0.6012840867042542,0.7795464396476746,0.8662309050559998,86.35564786707141,80.54002236779039,83.63955903498962,82.38136768341064,83.22914923831551,2529.0381333827972,6.424530267715454,0.5,0.005,256,lr_0.005_hc_256
376,3.829516887664795,1.6241501569747925,0.5777730345726013,0.7551204562187195,0.8724732995033264,86.97875059913724,81.38680300367471,83.60760504872982,81.8364143371582,83.452393247175,2535.6365809440613,6.225919008255005,0.5,0.005,256,lr_0.005_hc_256
377,3.779263496398926,1.5508030652999878,0.5842848420143127,0.7460862398147583,0.8980893492698669,87.01070458539702,81.30691803802524,83.55967406934015,81.79401755332947,83.41782856152298,2542.253407716751,6.23860764503479,0.5,0.005,256,lr_0.005_hc_256
378,3.8188703060150146,1.5844107866287231,0.5811027884483337,0.7732307314872742,0.8801260590553284,87.20242850295574,81.73829685253236,83.62358204185972,82.6233983039856,83.79692642533335,2548.978436231613,6.317790269851685,0.5,0.005,256,lr_0.005_hc_256
379,3.8678088188171387,1.5977895259857178,0.5909183621406555,0.7627989053726196,0.9163020849227905,86.45150982585076,81.09921712733663,83.09634126857325,81.75750374794006,83.10114299242518,2556.2254540920258,6.8718085289001465,0.5,0.005,256,lr_0.005_hc_256
380,3.830944538116455,1.6113184690475464,0.6046626567840576,0.7428829073905945,0.8720806837081909,85.95622303882409,81.00335516855728,84.05496085636683,81.26754760742188,83.07052166779252,2562.90088057518,6.322033405303955,0.5,0.005,256,lr_0.005_hc_256
381,3.803229808807373,1.586647868156433,0.5913466811180115,0.761229932308197,0.8640052080154419,86.97875059913724,81.24301006550567,84.47036267774405,82.65849947929382,83.8376557054202,2569.427585840225,6.163161754608154,0.5,0.005,256,lr_0.005_hc_256
382,3.861585855484009,1.6012341976165771,0.5851861834526062,0.8059729933738708,0.8691924214363098,86.88288864035788,80.44416040901102,84.5981786227832,81.75384998321533,83.41976941384186,2576.4500815868378,6.6610636711120605,0.5,0.005,256,lr_0.005_hc_256
383,3.8378548622131348,1.5873329639434814,0.6170490980148315,0.7769142985343933,0.8565584421157837,86.3876018533312,80.85956223038824,83.97507589071736,81.12186193466187,83.08602547727467,2583.2686202526093,6.457604885101318,0.5,0.005,256,lr_0.005_hc_256
384,3.7727127075195312,1.5900464057922363,0.5822023153305054,0.7722482085227966,0.8282156586647034,86.72311870905895,80.46013740214092,84.5822016296533,82.01719522476196,83.44566324140379,2589.8715682029724,6.234905242919922,0.5,0.005,256,lr_0.005_hc_256
385,3.879458427429199,1.658500075340271,0.5975065231323242,0.7532058358192444,0.8702460527420044,86.45150982585076,81.1631250998562,84.26266176705543,79.9437403678894,82.95525926516295,2596.442130088806,6.204070568084717,0.5,0.005,256,lr_0.005_hc_256
386,3.8763511180877686,1.6035094261169434,0.5961133241653442,0.7891696691513062,0.88755863904953,87.20242850295574,81.37082601054482,83.59162805559993,82.0938766002655,83.5646897923415,2603.0677618980408,6.245450019836426,0.5,0.005,256,lr_0.005_hc_256
387,3.8149852752685547,1.5630136728286743,0.6126508116722107,0.7535289525985718,0.8857916593551636,86.1639239495127,81.46668796932417,83.83128295254832,82.56192207336426,83.50595423618736,2609.7451136112213,6.3139894008636475,0.5,0.005,256,lr_0.005_hc_256
388,3.8270559310913086,1.5990931987762451,0.5943002104759216,0.7389979362487793,0.8946646451950073,86.56334877776003,81.73829685253236,83.87921393193801,80.27504682540894,83.11397659690984,2616.38316988945,6.272987604141235,0.5,0.005,256,lr_0.005_hc_256
389,3.8684680461883545,1.624828815460205,0.5933676958084106,0.7831167578697205,0.8671548962593079,86.73909570218885,80.92347020290781,83.73542099376897,81.56659007072449,83.24114424239754,2622.9347496032715,6.1949074268341064,0.5,0.005,256,lr_0.005_hc_256
390,3.9014382362365723,1.6147922277450562,0.6074265837669373,0.7673639059066772,0.9118558168411255,86.56334877776003,80.76370027160888,83.38392714491133,80.5726706981659,82.82091172311154,2629.7831795215607,6.484019756317139,0.5,0.005,256,lr_0.005_hc_256
391,3.9179704189300537,1.673220157623291,0.5815114378929138,0.7706406116485596,0.8925980925559998,86.8509346540981,81.21105607924589,83.71944400063907,81.69013857841492,83.3678933280995,2636.307192325592,6.178004503250122,0.5,0.005,256,lr_0.005_hc_256
392,3.7991204261779785,1.6041412353515625,0.5934249758720398,0.7186130881309509,0.8829410672187805,86.46748681898066,81.8501358044416,83.6715130212494,81.82770013809204,83.45420894569094,2642.913809776306,6.232907056808472,0.5,0.005,256,lr_0.005_hc_256
393,3.8706626892089844,1.6007142066955566,0.5837039351463318,0.7552844882011414,0.9309598207473755,86.88288864035788,81.06726314107685,82.69691644032594,81.27179145812988,82.97971491997264,2649.4349772930145,6.16480565071106,0.5,0.005,256,lr_0.005_hc_256
394,3.8569130897521973,1.6155455112457275,0.5872712135314941,0.7649063467979431,0.8891898989677429,86.97875059913724,81.35484901741492,83.84725994567822,81.67046904563904,83.46283215196736,2656.056434392929,6.24310040473938,0.5,0.005,256,lr_0.005_hc_256
395,3.782970666885376,1.5674922466278076,0.5750718712806702,0.7424476146697998,0.8979589343070984,87.13852053043617,81.46668796932417,83.81530595941844,82.73599743843079,83.78912797440239,2662.8052067756653,6.402603387832642,0.5,0.005,256,lr_0.005_hc_256
396,3.8319716453552246,1.6113945245742798,0.5805888772010803,0.7755544185638428,0.8644338250160217,86.94679661287745,81.01933216168717,83.87921393193801,81.87881708145142,83.43103994698852,2669.4055211544037,6.254058837890625,0.5,0.005,256,lr_0.005_hc_256
397,3.8214285373687744,1.5932681560516357,0.5916673541069031,0.740606427192688,0.8958866596221924,86.56334877776003,81.11519412046653,83.431858124301,82.16630816459656,83.31917729678102,2676.6021037101746,6.834172964096069,0.5,0.005,256,lr_0.005_hc_256
398,3.8279027938842773,1.5946757793426514,0.5973986983299255,0.7735682725906372,0.8622599244117737,86.45150982585076,81.08324013420675,84.00702987697716,80.47609329223633,83.00446828231775,2683.349242210388,6.374627113342285,0.5,0.005,256,lr_0.005_hc_256
399,3.811976909637451,1.6237411499023438,0.5858625173568726,0.77311110496521,0.8292619585990906,86.77104968844863,80.79565425786866,84.24668477392555,82.54590630531311,83.589823756389,2690.02242064476,6.3184943199157715,0.5,0.005,256,lr_0.005_hc_256
400,3.8214545249938965,1.6148384809494019,0.6042001247406006,0.7492033243179321,0.8532129526138306,86.43553283272088,81.195079086116,84.19875379453586,81.32961988449097,83.28974639946593,2696.7403070926666,6.367358207702637,0.5,0.005,256,lr_0.005_hc_256
