epochs,losses,accuracies,cumulative_time_seconds,epoch_time_seconds
1,19.41356658935547,,0.03168487548828125,0.03168487548828125
2,17.457942962646484,,0.04736208915710449,0.015677213668823242
3,16.15011215209961,,0.06329584121704102,0.015933752059936523
4,15.33765983581543,,0.07920289039611816,0.01590704917907715
5,14.89089298248291,,0.09486651420593262,0.015663623809814453
6,14.521892547607422,,0.11208248138427734,0.017215967178344727
7,14.229996681213379,,0.1269676685333252,0.014885187149047852
8,14.069062232971191,,0.14265942573547363,0.015691757202148438
9,13.863911628723145,,0.15875601768493652,0.01609659194946289
10,13.662141799926758,,0.17487835884094238,0.01612234115600586
11,13.611053466796875,,0.19084858894348145,0.015970230102539062
12,13.460592269897461,,0.2067413330078125,0.015892744064331055
13,13.379278182983398,,0.22288894653320312,0.016147613525390625
14,13.197065353393555,,0.23863816261291504,0.0
15,13.104818344116211,,0.27072954177856445,0.01613593101501465
16,12.990228652954102,,0.2867598533630371,0.016030311584472656
17,12.907144546508789,,0.302793025970459,0.016033172607421875
18,12.819906234741211,,0.3188033103942871,0.016010284423828125
19,12.728967666625977,,0.3345301151275635,0.015726804733276367
20,12.683349609375,,0.3503909111022949,0.015860795974731445
21,12.585899353027344,,0.366138219833374,0.0157473087310791
22,12.568782806396484,,0.38191986083984375,0.015781641006469727
23,12.455970764160156,,0.3979814052581787,0.01606154441833496
24,12.350534439086914,,0.41385841369628906,0.01587700843811035
25,12.276206970214844,,0.4455883502960205,0.031729936599731445
26,12.31059455871582,,0.46143150329589844,0.01584315299987793
27,12.201395034790039,,0.4773533344268799,0.015921831130981445
28,12.230877876281738,,0.49318981170654297,0.015836477279663086
29,12.201557159423828,,0.509070634841919,0.015880823135375977
30,12.104510307312012,,0.5248243808746338,0.015753746032714844
31,12.074329376220703,,0.5408017635345459,0.01597738265991211
32,12.045927047729492,,0.5567502975463867,0.01594853401184082
33,11.887367248535156,,0.572659969329834,0.015909671783447266
34,11.974925994873047,,0.5883646011352539,0.015704631805419922
35,11.915046691894531,,0.604478120803833,0.0161135196685791
36,11.953908920288086,,0.6205241680145264,0.01604604721069336
37,11.854864120483398,,0.6364891529083252,0.015964984893798828
38,11.871357917785645,,0.652411937713623,0.01592278480529785
39,11.842977523803711,,0.668144702911377,0.015732765197753906
40,11.76539134979248,,0.68399977684021,0.015855073928833008
41,11.74566650390625,,0.7000219821929932,0.0
42,11.727306365966797,,0.7319614887237549,0.016050338745117188
43,11.741398811340332,,0.7476773262023926,0.015715837478637695
44,11.68712043762207,,0.7633681297302246,0.01569080352783203
45,11.695722579956055,,0.7792985439300537,0.0159304141998291
46,11.634143829345703,,0.7951545715332031,0.015856027603149414
47,11.60847282409668,,0.8108413219451904,0.015686750411987305
48,11.576812744140625,,0.8266453742980957,0.015804052352905273
49,11.6117582321167,,0.842613697052002,0.01596832275390625
50,11.539494514465332,,0.8583533763885498,0.01573967933654785
51,11.527912139892578,,0.874077558517456,0.01572418212890625
52,11.499448776245117,,0.889829158782959,0.01575160026550293
53,11.52615737915039,,0.9057424068450928,0.01591324806213379
54,11.448823928833008,,0.9218039512634277,0.01606154441833496
55,11.444546699523926,,0.9376323223114014,0.015828371047973633
56,11.471092224121094,,0.9535267353057861,0.015894412994384766
57,11.468622207641602,,0.9694206714630127,0.015893936157226562
58,11.467948913574219,,0.9852433204650879,0.015822649002075195
59,11.368244171142578,,1.001145601272583,0.015902280807495117
60,11.407646179199219,,1.0329151153564453,0.031769514083862305
61,11.469904899597168,,1.0487542152404785,0.015839099884033203
62,11.417343139648438,,1.0646424293518066,0.015888214111328125
63,11.381753921508789,,1.080442190170288,0.015799760818481445
64,11.39579963684082,,1.0963952541351318,0.01595306396484375
65,11.367300033569336,,1.1122608184814453,0.015865564346313477
66,11.361933708190918,,1.1281239986419678,0.01586318016052246
67,11.34433650970459,,1.1440298557281494,0.01590585708618164
68,11.369668960571289,,1.1601414680480957,0.01611161231994629
69,11.385377883911133,,1.1762957572937012,0.01615428924560547
70,11.349846839904785,,1.1921463012695312,0.015850543975830078
71,11.301523208618164,,1.207974910736084,0.015828609466552734
72,11.32203197479248,,1.2238764762878418,0.015901565551757812
73,11.352361679077148,,1.2397782802581787,0.015901803970336914
74,11.229881286621094,,1.2556061744689941,0.01582789421081543
75,11.324827194213867,,1.2714686393737793,0.015862464904785156
76,11.368745803833008,,1.2874889373779297,0.01602029800415039
77,11.273918151855469,,1.3031837940216064,0.015694856643676758
78,11.332048416137695,,1.3189234733581543,0.0
79,11.298870086669922,,1.3504362106323242,0.015826702117919922
80,11.285497665405273,,1.3662798404693604,0.015843629837036133
81,11.259008407592773,,1.3820195198059082,0.01573967933654785
82,11.25334644317627,,1.397752046585083,0.015732526779174805
83,11.286970138549805,,1.4134721755981445,0.015720129013061523
84,11.266399383544922,,1.4295341968536377,0.016062021255493164
85,11.212957382202148,,1.4452590942382812,0.015724897384643555
86,11.244514465332031,,1.4612782001495361,0.016019105911254883
87,11.219522476196289,,1.4786624908447266,0.01738429069519043
88,11.19752311706543,,1.4934773445129395,0.01481485366821289
89,11.163400650024414,,1.5094027519226074,0.01592540740966797
90,11.155503273010254,,1.5252854824066162,0.01588273048400879
91,11.208398818969727,,1.5411326885223389,0.015847206115722656
92,11.204639434814453,,1.5568428039550781,0.015710115432739258
93,11.228581428527832,,1.5726029872894287,0.015760183334350586
94,11.189573287963867,,1.5883347988128662,0.0157318115234375
95,11.141791343688965,,1.6197941303253174,0.01571059226989746
96,11.150214195251465,,1.6358680725097656,0.016073942184448242
97,11.168933868408203,,1.6518402099609375,0.015972137451171875
98,11.20761489868164,,1.667900800704956,0.016060590744018555
99,11.180440902709961,,1.6847753524780273,0.01687455177307129
100,11.143709182739258,0.0,1.699317216873169,0.014541864395141602
101,11.170806884765625,,1.715005874633789,0.015688657760620117
102,11.157546997070312,,1.7307419776916504,0.015736103057861328
103,11.079363822937012,,1.746433973312378,0.01569199562072754
104,11.11510181427002,,1.7621634006500244,0.0
105,11.137130737304688,,1.7938499450683594,0.015996456146240234
106,11.151907920837402,,1.8097319602966309,0.015882015228271484
107,11.07373046875,,1.825474500656128,0.01574254035949707
108,11.052998542785645,,1.8411650657653809,0.01569056510925293
109,11.11240005493164,,1.8572566509246826,0.016091585159301758
110,11.088776588439941,,1.8733711242675781,0.016114473342895508
111,11.089279174804688,,1.8891043663024902,0.01573324203491211
112,11.072574615478516,,1.9051895141601562,0.016085147857666016
113,11.057193756103516,,1.9211909770965576,0.016001462936401367
114,11.04834270477295,,1.93707275390625,0.015881776809692383
115,11.029735565185547,,1.953031063079834,0.015958309173583984
116,11.042230606079102,,1.9687128067016602,0.015681743621826172
117,11.057241439819336,,1.9847221374511719,0.01600933074951172
118,11.055488586425781,,2.0005862712860107,0.015864133834838867
119,11.032362937927246,,2.0163068771362305,0.015720605850219727
120,11.001089096069336,,2.032445192337036,0.016138315200805664
121,11.033890724182129,,2.0481693744659424,0.01572418212890625
122,11.006479263305664,,2.0642249584198,0.016055583953857422
123,11.006199836730957,,2.0956838130950928,0.0157315731048584
124,11.0237398147583,,2.1114134788513184,0.015729665756225586
125,10.98420524597168,,2.1273531913757324,0.015939712524414062
126,10.955089569091797,,2.143369197845459,0.016016006469726562
127,10.974040985107422,,2.1595215797424316,0.016152381896972656
128,10.932770729064941,,2.1754465103149414,0.015924930572509766
129,10.992822647094727,,2.1915786266326904,0.016132116317749023
130,10.98198127746582,,2.2073397636413574,0.015761137008666992
131,11.021366119384766,,2.2230536937713623,0.015713930130004883
132,10.971923828125,,2.238924741744995,0.0
133,10.977059364318848,,2.2548952102661133,0.0
134,10.958277702331543,,2.2866947650909424,0.0159912109375
135,10.951177597045898,,2.302396297454834,0.0157015323638916
136,10.917966842651367,,2.3181874752044678,0.01579117774963379
137,10.929433822631836,,2.3342337608337402,0.01604628562927246
138,10.94138240814209,,2.353944778442383,0.019711017608642578
139,10.939041137695312,,2.365642786026001,0.011698007583618164
140,10.922422409057617,,2.3813846111297607,0.015741825103759766
141,10.901145935058594,,2.3973677158355713,0.015983104705810547
142,10.908851623535156,,2.413086414337158,0.015718698501586914
143,10.885886192321777,,2.4291117191314697,0.016025304794311523
144,10.866338729858398,,2.4447736740112305,0.015661954879760742
145,10.852333068847656,,2.4605443477630615,0.015770673751831055
146,10.851667404174805,,2.476494550704956,0.01595020294189453
147,10.816401481628418,,2.492166042327881,0.015671491622924805
148,10.839678764343262,,2.508035898208618,0.015869855880737305
149,10.802297592163086,,2.5237274169921875,0.015691518783569336
150,10.790812492370605,,2.5394792556762695,0.01575183868408203
151,10.757750511169434,,2.5552005767822266,0.0
152,10.803123474121094,,2.586618423461914,0.015676259994506836
153,10.832954406738281,,2.602350950241089,0.015732526779174805
154,10.772930145263672,,2.6180834770202637,0.015732526779174805
155,10.745454788208008,,2.63413405418396,0.01605057716369629
156,10.739891052246094,,2.649883270263672,0.015749216079711914
157,10.779302597045898,,2.6656274795532227,0.01574420928955078
158,10.723180770874023,,2.6816272735595703,0.015999794006347656
159,10.773636817932129,,2.6973791122436523,0.01575183868408203
160,10.74012565612793,,2.713162660598755,0.01578354835510254
161,10.753028869628906,,2.728921413421631,0.015758752822875977
162,10.718104362487793,,2.7446022033691406,0.015680789947509766
163,10.671006202697754,,2.760329008102417,0.015726804733276367
164,10.68941879272461,,2.7760396003723145,0.01571059226989746
165,10.616498947143555,,2.7921347618103027,0.01609516143798828
166,10.750497817993164,,2.807875394821167,0.0
167,10.670816421508789,,2.823699712753296,0.0
168,10.666326522827148,,2.8551599979400635,0.014379262924194336
169,10.660460472106934,,2.870901107788086,0.01574110984802246
170,10.687278747558594,,2.886599540710449,0.01569843292236328
171,10.655865669250488,,2.9023239612579346,0.01572442054748535
172,10.612171173095703,,2.9180240631103516,0.015700101852416992
173,10.642565727233887,,2.934096574783325,0.016072511672973633
174,10.56379508972168,,2.9498379230499268,0.015741348266601562
175,10.531352996826172,,2.9659390449523926,0.01610112190246582
176,10.555298805236816,,2.981626272201538,0.015687227249145508
177,10.606576919555664,,2.9974124431610107,0.015786170959472656
178,10.543313980102539,,3.0131006240844727,0.015688180923461914
179,10.467798233032227,,3.0288777351379395,0.015777111053466797
180,10.53648567199707,,3.045832872390747,0.016955137252807617
181,10.478302955627441,,3.060612440109253,0.01477956771850586
182,10.49940299987793,,3.076556921005249,0.015944480895996094
183,10.47164249420166,,3.092703104019165,0.016146183013916016
184,10.520427703857422,,3.1088154315948486,0.016112327575683594
185,10.473963737487793,,3.1246635913848877,0.015848159790039062
186,10.475007057189941,,3.1403942108154297,0.0
187,10.42220401763916,,3.172170877456665,0.015883445739746094
188,10.403898239135742,,3.1878979206085205,0.01572704315185547
189,10.41443157196045,,3.2037527561187744,0.015854835510253906
190,10.369688987731934,,3.2196412086486816,0.015888452529907227
191,10.394393920898438,,3.2355740070343018,0.015932798385620117
192,10.416805267333984,,3.251282215118408,0.015708208084106445
193,10.384186744689941,,3.2671148777008057,0.01583266258239746
194,10.364306449890137,,3.2828545570373535,0.01573967933654785
195,10.35142993927002,,3.2988293170928955,0.015974760055541992
196,10.338025093078613,,3.314626932144165,0.01579761505126953
197,10.348642349243164,,3.3303487300872803,0.015721797943115234
198,10.321396827697754,,3.36215877532959,0.01587224006652832
199,10.302403450012207,,3.377979278564453,0.01582050323486328
200,10.312830924987793,0.0,3.39399790763855,0.01601862907409668
201,10.292994499206543,,3.4098494052886963,0.015851497650146484
202,10.198661804199219,,3.425722122192383,0.015872716903686523
203,10.222793579101562,,3.441460371017456,0.015738248825073242
204,10.200329780578613,,3.457369327545166,0.01590895652770996
205,10.18626594543457,,3.473400115966797,0.01603078842163086
206,10.16956901550293,,3.4892568588256836,0.01585674285888672
207,10.137279510498047,,3.5049498081207275,0.015692949295043945
208,10.148122787475586,,3.5208868980407715,0.015937089920043945
209,10.11131477355957,,3.536952018737793,0.0
210,10.162871360778809,,3.569077968597412,0.016048908233642578
211,10.090105056762695,,3.5847904682159424,0.015712499618530273
212,10.10484504699707,,3.6013760566711426,0.016585588455200195
213,10.095144271850586,,3.6162900924682617,0.01491403579711914
214,10.062692642211914,,3.6320137977600098,0.015723705291748047
215,10.037895202636719,,3.6477534770965576,0.01573967933654785
216,10.044087409973145,,3.6635212898254395,0.015767812728881836
217,9.986328125,,3.6792490482330322,0.015727758407592773
218,9.999650001525879,,3.6949784755706787,0.015729427337646484
219,10.03203010559082,,3.710698366165161,0.015719890594482422
220,9.976927757263184,,3.726409912109375,0.015711545944213867
221,10.00396728515625,,3.742180824279785,0.015770912170410156
222,9.992971420288086,,3.7578814029693604,0.015700578689575195
223,9.987077713012695,,3.773543357849121,0.015661954879760742
224,9.918821334838867,,3.8063788414001465,0.01694345474243164
225,9.820361137390137,,3.8209173679351807,0.01453852653503418
226,9.906235694885254,,3.8367364406585693,0.015819072723388672
227,9.87260913848877,,3.8524322509765625,0.015695810317993164
228,9.856836318969727,,3.8682029247283936,0.015770673751831055
229,9.809249877929688,,3.883910655975342,0.015707731246948242
230,9.809664726257324,,3.899630546569824,0.0
231,9.779586791992188,,3.931091785430908,0.015728235244750977
232,9.761146545410156,,3.9468259811401367,0.015734195709228516
233,9.750185012817383,,3.9626848697662354,0.015858888626098633
234,9.732861518859863,,3.978623867034912,0.015938997268676758
235,9.754968643188477,,3.994347095489502,0.015723228454589844
236,9.708839416503906,,4.010117769241333,0.015770673751831055
237,9.625970840454102,,4.025848627090454,0.0
238,9.64806079864502,,4.057363271713257,0.015685558319091797
239,9.692001342773438,,4.073120594024658,0.015757322311401367
240,9.660700798034668,,4.0889599323272705,0.014068603515625
241,9.59512996673584,,4.104648113250732,0.015688180923461914
242,9.517110824584961,,4.120359420776367,0.015711307525634766
243,9.569997787475586,,4.136176347732544,0.015816926956176758
244,9.552992820739746,,4.151942491531372,0.015766143798828125
245,9.541278839111328,,4.1676812171936035,0.015738725662231445
246,9.524165153503418,,4.183533191680908,0.015851974487304688
247,9.535937309265137,,4.199296474456787,0.015763282775878906
248,9.410223007202148,,4.216283798217773,0.016987323760986328
249,9.480337142944336,,4.23082709312439,0.014543294906616211
250,9.435836791992188,,4.246531963348389,0.015704870223999023
251,9.4454345703125,,4.2622294425964355,0.015697479248046875
252,9.434279441833496,,4.277946472167969,0.0
253,9.425139427185059,,4.309351921081543,0.015704631805419922
254,9.403644561767578,,4.325050115585327,0.01569819450378418
255,9.29057502746582,,4.3407793045043945,0.015729188919067383
256,9.22135066986084,,4.356474876403809,0.015695571899414062
257,9.298583984375,,4.3722522258758545,0.0157773494720459
258,9.362381935119629,,4.387925624847412,0.015673398971557617
259,9.232397079467773,,4.40365743637085,0.0157318115234375
260,9.252357482910156,,4.420807838439941,0.00116729736328125
261,9.220325469970703,,4.451029300689697,0.015680789947509766
262,9.223663330078125,,4.466756343841553,0.01572704315185547
263,9.146465301513672,,4.4828879833221436,0.01613163948059082
264,9.165789604187012,,4.498614072799683,0.015726089477539062
265,9.104333877563477,,4.514294147491455,0.01568007469177246
266,9.174629211425781,,4.5300376415252686,0.015743494033813477
267,9.137493133544922,,4.546168327331543,0.016130685806274414
268,9.197877883911133,,4.5618674755096436,0.015699148178100586
269,9.054845809936523,,4.577604055404663,0.01573657989501953
270,9.07339859008789,,4.593668460845947,0.01606440544128418
271,9.07215690612793,,4.609452962875366,0.015784502029418945
272,9.042268753051758,,4.6252570152282715,0.015804052352905273
273,8.965028762817383,,4.640987873077393,0.015730857849121094
274,8.940415382385254,,4.65667200088501,0.015684127807617188
275,8.865826606750488,,4.672405958175659,0.015733957290649414
276,8.973462104797363,,4.688091993331909,0.01568603515625
277,8.964149475097656,,4.719644784927368,0.031552791595458984
278,8.88685131072998,,4.735418319702148,0.015773534774780273
279,8.823335647583008,,4.751176595687866,0.015758275985717773
280,8.855748176574707,,4.766923189163208,0.015746593475341797
281,8.835893630981445,,4.7828545570373535,0.015931367874145508
282,8.838213920593262,,4.798652410507202,0.015797853469848633
283,8.81239128112793,,4.814366817474365,0.015714406967163086
284,8.789632797241211,,4.830092430114746,0.01572561264038086
285,8.756795883178711,,4.845817804336548,0.015725374221801758
286,8.690372467041016,,4.861507415771484,0.015689611434936523
287,8.698640823364258,,4.877249002456665,0.015741586685180664
288,8.805543899536133,,4.893276214599609,0.016027212142944336
289,8.633760452270508,,4.909233570098877,0.015957355499267578
290,8.597824096679688,,4.940989017486572,0.01602458953857422
291,8.615510940551758,,4.956686735153198,0.015697717666625977
292,8.606315612792969,,4.972397804260254,0.015711069107055664
293,8.620960235595703,,4.988267660140991,0.015869855880737305
294,8.571756362915039,,5.003966331481934,0.015698671340942383
295,8.601663589477539,,5.019650459289551,0.015684127807617188
296,8.509834289550781,,5.035378932952881,0.015728473663330078
297,8.475836753845215,,5.051405906677246,0.016026973724365234
298,8.473821640014648,,5.06714653968811,0.015740633010864258
299,8.448834419250488,,5.08292818069458,0.015781641006469727
300,8.39262866973877,0.13984590768814087,5.0986716747283936,0.015743494033813477
301,8.379152297973633,,5.114389896392822,0.0
302,8.394658088684082,,5.145864963531494,0.015732288360595703
303,8.36156177520752,,5.161593198776245,0.015728235244750977
304,8.365232467651367,,5.177331924438477,0.015738725662231445
305,8.315820693969727,,5.193075895309448,0.01574397087097168
306,8.208919525146484,,5.208822727203369,0.0157468318939209
307,8.262351989746094,,5.224578142166138,0.015755414962768555
308,8.234098434448242,,5.240329027175903,0.015750885009765625
309,8.198978424072266,,5.2560203075408936,0.015691280364990234
310,8.280783653259277,,5.271801948547363,0.015781641006469727
311,8.256078720092773,,5.287487745285034,0.0156857967376709
312,8.117635726928711,,5.303221702575684,0.015733957290649414
313,8.091840744018555,,5.31901478767395,0.0157930850982666
314,8.152938842773438,,5.335171461105347,0.016156673431396484
315,8.127429008483887,,5.350897312164307,0.01572585105895996
316,8.048215866088867,,5.366624116897583,0.015726804733276367
317,8.027620315551758,,5.382418155670166,0.015794038772583008
318,8.007625579833984,,5.398159980773926,0.015741825103759766
319,7.94108247756958,,5.413833141326904,0.015673160552978516
320,7.98741340637207,,5.429990291595459,0.0
321,8.006805419921875,,5.461397171020508,0.015681982040405273
322,7.923750877380371,,5.477128744125366,0.0157315731048584
323,7.943436145782471,,5.492870330810547,0.015741586685180664
324,7.835508823394775,,5.508625745773315,0.015755414962768555
325,7.880066871643066,,5.524361848831177,0.015736103057861328
326,7.811179161071777,,5.5401105880737305,0.01574873924255371
327,7.864833354949951,,5.555857181549072,0.015746593475341797
328,7.796535015106201,,5.572850465774536,0.016993284225463867
329,7.799960136413574,,5.5873918533325195,0.014541387557983398
330,7.771319389343262,,5.603126525878906,0.01573467254638672
331,7.7510552406311035,,5.61893367767334,0.015807151794433594
332,7.751429080963135,,5.634673595428467,0.015739917755126953
333,7.761967658996582,,5.65037202835083,0.0
334,7.689393043518066,,5.6817731857299805,0.015675067901611328
335,7.642655849456787,,5.697516679763794,0.015743494033813477
336,7.619579792022705,,5.71364426612854,0.016127586364746094
337,7.607064247131348,,5.7294371128082275,0.0157928466796875
338,7.553699016571045,,5.745167016983032,0.015729904174804688
339,7.428678512573242,,5.760883092880249,0.015716075897216797
340,7.517048358917236,,5.777997732162476,0.017114639282226562
341,7.568487167358398,,5.793039083480835,0.015041351318359375
342,7.442800998687744,,5.80883264541626,0.015793561935424805
343,7.450498580932617,,5.824521780014038,0.01568913459777832
344,7.444725036621094,,5.840242147445679,0.015720367431640625
345,7.412734031677246,,5.855917930603027,0.015675783157348633
346,7.4242777824401855,,5.871983766555786,0.01606583595275879
347,7.310966968536377,,5.887813568115234,0.015829801559448242
348,7.342571258544922,,5.903549671173096,0.015736103057861328
349,7.272956848144531,,5.919290542602539,0.0
350,7.295644760131836,,5.950701713562012,0.015686750411987305
351,7.251473426818848,,5.9664411544799805,0.01573944091796875
352,7.2229485511779785,,5.982440710067749,0.015999555587768555
353,7.232844352722168,,5.9982311725616455,0.015790462493896484
354,7.18861198425293,,6.01395845413208,0.01572728157043457
355,7.1598734855651855,,6.029698848724365,0.015740394592285156
356,7.19762659072876,,6.045565605163574,0.015866756439208984
357,7.096051216125488,,6.061349630355835,0.015784025192260742
358,7.120224952697754,,6.077083110809326,0.01573348045349121
359,7.2287139892578125,,6.092811584472656,0.015728473663330078
360,7.113450050354004,,6.108547210693359,0.015735626220703125
361,7.051565647125244,,6.124257326126099,0.015710115432739258
362,7.065310001373291,,6.14020037651062,0.015943050384521484
363,6.941080570220947,,6.155996322631836,0.0
364,7.005580902099609,,6.187545537948608,0.01574230194091797
365,6.962630748748779,,6.203393459320068,0.01584792137145996
366,6.963420867919922,,6.219066143035889,0.015672683715820312
367,6.894867897033691,,6.234808444976807,0.01574230194091797
368,6.840384006500244,,6.250499248504639,0.01569080352783203
369,6.905911922454834,,6.2662353515625,0.015736103057861328
370,6.844512462615967,,6.282110929489136,0.015875577926635742
371,6.90546989440918,,6.297896146774292,0.01578521728515625
372,6.848773002624512,,6.313581466674805,0.015685319900512695
373,6.775024890899658,,6.3296003341674805,0.01601886749267578
374,6.73014497756958,,6.345348834991455,0.01574850082397461
375,6.754610061645508,,6.36143684387207,0.016088008880615234
376,6.751547336578369,,6.377177000045776,0.015740156173706055
377,6.734762191772461,,6.400352716445923,0.023175716400146484
378,6.705853462219238,,6.4087138175964355,0.0063593387603759766
379,6.629937171936035,,6.424442291259766,0.015728473663330078
380,6.670219421386719,,6.440343379974365,0.01590108871459961
381,6.5814900398254395,,6.456099033355713,0.015755653381347656
382,6.727972984313965,,6.471826553344727,0.015727519989013672
383,6.562602996826172,,6.487546682357788,0.015720129013061523
384,6.534031867980957,,6.503270864486694,0.01572418212890625
385,6.535344123840332,,6.534682035446167,0.015722036361694336
386,6.500109672546387,,6.550371885299683,0.015689849853515625
387,6.441892147064209,,6.566481828689575,0.016109943389892578
388,6.492007255554199,,6.582371473312378,0.015889644622802734
389,6.540132999420166,,6.598122596740723,0.015751123428344727
390,6.416746616363525,,6.614215612411499,0.016093015670776367
391,6.328902244567871,,6.630082607269287,0.015866994857788086
392,6.416098594665527,,6.645827293395996,0.015744686126708984
393,6.411983966827393,,6.661700010299683,0.015872716903686523
394,6.341760635375977,,6.677423715591431,0.015723705291748047
395,6.353745460510254,,6.693170547485352,0.0157468318939209
396,6.335046291351318,,6.709211349487305,0.016040802001953125
397,6.336173057556152,,6.725012302398682,0.015800952911376953
398,6.3470306396484375,,6.740842580795288,0.015830278396606445
399,6.2396368980407715,,6.756568431854248,0.01572585105895996
400,6.291303634643555,0.5799582799275717,6.788254976272583,0.03168654441833496
401,6.150173187255859,,6.804132699966431,0.015877723693847656
402,6.174083709716797,,6.819810152053833,0.015677452087402344
403,6.208935737609863,,6.835546970367432,0.015736818313598633
404,6.095982074737549,,6.851263523101807,0.015716552734375
405,6.203761100769043,,6.867302179336548,0.01603865623474121
406,6.0195159912109375,,6.882977247238159,0.015675067901611328
407,6.208539009094238,,6.898873567581177,0.015896320343017578
408,6.036988258361816,,6.914771556854248,0.01589798927307129
409,6.063481330871582,,6.931809663772583,0.01703810691833496
410,6.065467834472656,,6.946356296539307,0.014546632766723633
411,6.028003692626953,,6.962179899215698,0.0158236026763916
412,6.002191066741943,,6.977905511856079,0.01572561264038086
413,5.953447341918945,,6.994054794311523,0.016149282455444336
414,5.986998558044434,,7.009779930114746,0.015725135803222656
415,5.974308967590332,,7.0255162715911865,0.01573634147644043
416,5.883083820343018,,7.041446685791016,0.0
417,5.834836483001709,,7.073265790939331,0.015883684158325195
418,5.925031661987305,,7.088999271392822,0.01573348045349121
419,5.856797218322754,,7.104921817779541,0.01592254638671875
420,5.888488292694092,,7.121064186096191,0.01614236831665039
421,5.766164779663086,,7.138210773468018,0.017146587371826172
422,5.839873790740967,,7.15275764465332,0.014546871185302734
423,5.746424674987793,,7.168444633483887,0.015686988830566406
424,5.959013938903809,,7.184189319610596,0.015744686126708984
425,5.754390239715576,,7.199913501739502,0.01572418212890625
426,5.709362030029297,,7.215749025344849,0.01583552360534668
427,5.698168754577637,,7.231569290161133,0.01582026481628418
428,5.6869611740112305,,7.247431755065918,0.015862464904785156
429,5.649842262268066,,7.263166427612305,0.01573467254638672
430,5.7205610275268555,,7.278892755508423,0.015726327896118164
431,5.695858001708984,,7.2947611808776855,0.015868425369262695
432,5.693628311157227,,7.31084680557251,0.01608562469482422
433,5.6264543533325195,,7.342321395874023,0.03147459030151367
434,5.633099555969238,,7.358262062072754,0.01594066619873047
435,5.6224260330200195,,7.374197483062744,0.015935420989990234
436,5.669236183166504,,7.3903656005859375,0.01616811752319336
437,5.601733207702637,,7.406485319137573,0.016119718551635742
438,5.556166648864746,,7.42256236076355,0.016077041625976562
439,5.556131839752197,,7.438296556472778,0.015734195709228516
440,5.48197603225708,,7.454005479812622,0.01570892333984375
441,5.4186177253723145,,7.4696996212005615,0.015694141387939453
442,5.526655197143555,,7.485421895980835,0.015722274780273438
443,5.520880699157715,,7.501183271408081,0.015761375427246094
444,5.413843154907227,,7.51695990562439,0.0
445,5.462263107299805,,7.5487143993377686,0.01568746566772461
446,5.280394554138184,,7.564420461654663,0.01570606231689453
447,5.459818363189697,,7.580287218093872,0.015866756439208984
448,5.325597286224365,,7.596266269683838,0.01597905158996582
449,5.398445129394531,,7.612286806106567,0.016020536422729492
450,5.297691345214844,,7.628025531768799,0.015738725662231445
451,5.380145072937012,,7.643736124038696,0.01571059226989746
452,5.291472434997559,,7.659477949142456,0.015741825103759766
453,5.294122695922852,,7.6751813888549805,0.015703439712524414
454,5.343878746032715,,7.691069602966309,0.015888214111328125
455,5.241726875305176,,7.70683741569519,0.015767812728881836
456,5.273532390594482,,7.7229015827178955,0.016064167022705078
457,5.265338897705078,,7.738708734512329,0.015807151794433594
458,5.146771430969238,,7.754428148269653,0.01571941375732422
459,5.306955337524414,,7.770126819610596,0.015698671340942383
460,5.27249813079834,,7.786229372024536,0.01610255241394043
461,5.214282989501953,,7.801990270614624,0.01576089859008789
462,5.106863975524902,,7.81803560256958,0.016045331954956055
463,5.117300510406494,,7.833810567855835,0.015774965286254883
464,5.1445207595825195,,7.849636077880859,0.015825510025024414
465,5.107631206512451,,7.865380764007568,0.015744686126708984
466,5.1676344871521,,7.881082534790039,0.0
467,5.173304557800293,,7.897068023681641,0.0
468,5.108831405639648,,7.92905068397522,0.015852689743041992
469,5.116893291473389,,7.944770812988281,0.015720129013061523
470,5.090466499328613,,7.9604332447052,0.015662431716918945
471,5.0346856117248535,,7.976154804229736,0.015721559524536133
472,4.960720062255859,,7.991853713989258,0.015698909759521484
473,4.991992950439453,,8.007669925689697,0.015816211700439453
474,4.935261249542236,,8.023402214050293,0.015732288360595703
475,4.949334621429443,,8.039250135421753,0.01584792137145996
476,4.950381278991699,,8.05498743057251,0.015737295150756836
477,4.979742050170898,,8.07077693939209,0.015789508819580078
478,4.937089443206787,,8.08677339553833,0.015996456146240234
479,4.865607261657715,,8.10266900062561,0.015895605087280273
480,4.834628582000732,,8.118372917175293,0.015703916549682617
481,4.903241157531738,,8.134445905685425,0.016072988510131836
482,4.898394584655762,,8.150421857833862,0.0
483,4.814208507537842,,8.181858539581299,0.015686511993408203
484,4.847268104553223,,8.197603225708008,0.015744686126708984
485,4.881000518798828,,8.213279962539673,0.01567673683166504
486,4.815046310424805,,8.229267835617065,0.015987873077392578
487,4.800286769866943,,8.245108842849731,0.015841007232666016
488,4.787052631378174,,8.260861158370972,0.015752315521240234
489,4.799058437347412,,8.27657699584961,0.015715837478637695
490,4.810219764709473,,8.293986797332764,0.017409801483154297
491,4.88530158996582,,8.324458599090576,0.0304718017578125
492,4.806487083435059,,8.340258359909058,0.015799760818481445
493,4.715728759765625,,8.356223821640015,0.01596546173095703
494,4.758691787719727,,8.372219562530518,0.01599574089050293
495,4.69069766998291,,8.388085842132568,0.01586627960205078
496,4.653700828552246,,8.404006481170654,0.015920639038085938
497,4.775735855102539,,8.419833183288574,0.015826702117919922
498,4.7250823974609375,,8.435790777206421,0.01595759391784668
499,4.710971832275391,,8.45171332359314,0.01592254638671875
500,4.629597187042236,0.8142260511716207,8.467437505722046,0.01572418212890625
501,4.66081428527832,,8.483198404312134,0.01576089859008789
502,4.690375328063965,,8.500308275222778,0.01710987091064453
503,4.578270435333252,,8.531006336212158,0.015819072723388672
504,4.686210632324219,,8.54680609703064,0.015799760818481445
505,4.623232841491699,,8.562531471252441,0.015725374221801758
506,4.637261390686035,,8.578220844268799,0.015689373016357422
507,4.665826320648193,,8.594363689422607,0.016142845153808594
508,4.512784004211426,,8.610100269317627,0.01573657989501953
509,4.559440612792969,,8.625811576843262,0.015711307525634766
510,4.530152797698975,,8.641679048538208,0.01586747169494629
511,4.5984039306640625,,8.657458066940308,0.01577901840209961
512,4.532745361328125,,8.673163414001465,0.015705347061157227
513,4.562519550323486,,8.688924789428711,0.015761375427246094
514,4.553555011749268,,8.704662561416626,0.01573777198791504
515,4.537092208862305,,8.720686197280884,0.016023635864257812
516,4.491039276123047,,8.73646068572998,0.01577448844909668
517,4.431297302246094,,8.75230360031128,0.015842914581298828
518,4.515889644622803,,8.768033266067505,0.015729665756225586
519,4.506316184997559,,8.78375244140625,0.015719175338745117
520,4.500316619873047,,8.799497365951538,0.015744924545288086
521,4.485987663269043,,8.816425323486328,0.01692795753479004
522,4.411968231201172,,8.8311128616333,0.0
523,4.391088008880615,,8.86283278465271,0.015903949737548828
524,4.494783878326416,,8.8787522315979,0.01591944694519043
525,4.404553413391113,,8.894566774368286,0.015814542770385742
526,4.367595672607422,,8.910460472106934,0.01589369773864746
527,4.317313194274902,,8.926326751708984,0.01586627960205078
528,4.461733818054199,,8.942223072052002,0.015896320343017578
529,4.404288291931152,,8.958042621612549,0.015819549560546875
530,4.348181247711182,,8.973932981491089,0.01589035987854004
531,4.37277889251709,,8.989837646484375,0.0
532,4.385984897613525,,9.005653619766235,0.0
533,4.3687615394592285,,9.037446022033691,0.015883684158325195
534,4.376644611358643,,9.053315877914429,0.015869855880737305
535,4.243731498718262,,9.069156646728516,0.015840768814086914
536,4.299770832061768,,9.085078239440918,0.015921592712402344
537,4.319526195526123,,9.100947618484497,0.0158693790435791
538,4.243606090545654,,9.116805791854858,0.015858173370361328
539,4.299026012420654,,9.132626056671143,0.01582026481628418
540,4.244494438171387,,9.148573637008667,0.015947580337524414
541,4.303497314453125,,9.164457321166992,0.015883684158325195
542,4.297876358032227,,9.180268287658691,0.01581096649169922
543,4.199554443359375,,9.196152687072754,0.0158843994140625
544,4.2137603759765625,,9.21230959892273,0.016156911849975586
545,4.272029399871826,,9.228373050689697,0.016063451766967773
546,4.204848766326904,,9.244277000427246,0.015903949737548828
547,4.270644187927246,,9.260146856307983,0.015869855880737305
548,4.243435859680176,,9.276043176651001,0.015896320343017578
549,4.253044128417969,,9.292057514190674,0.01601433753967285
550,4.214286804199219,,9.307770252227783,0.015712738037109375
551,4.1790924072265625,,9.32365345954895,0.015883207321166992
552,4.167631149291992,,9.339486598968506,0.0
553,4.123795986175537,,9.371493577957153,0.01610541343688965
554,4.199355125427246,,9.387531518936157,0.016037940979003906
555,4.127336502075195,,9.403310060501099,0.015778541564941406
556,4.16865348815918,,9.423299074172974,0.019989013671875
557,4.138047695159912,,9.435165882110596,0.010124683380126953
558,4.169300079345703,,9.450990438461304,0.015824556350708008
559,4.084962844848633,,9.46670150756836,0.015711069107055664
560,4.026658058166504,,9.482719898223877,0.016018390655517578
561,4.090459823608398,,9.498552560806274,0.01583266258239746
562,4.135110378265381,,9.514323234558105,0.015770673751831055
563,4.050061225891113,,9.530050992965698,0.015727758407592773
564,4.084143161773682,,9.546180963516235,0.01612997055053711
565,4.0869011878967285,,9.562133550643921,0.015952587127685547
566,4.026821613311768,,9.578094959259033,0.015961408615112305
567,4.026123046875,,9.59399151802063,0.01589655876159668
568,4.020941734313965,,9.610037326812744,0.016045808792114258
569,4.0403289794921875,,9.625727415084839,0.0
570,4.030981063842773,,9.641465425491333,0.0
571,3.973072052001953,,9.673005819320679,0.01454782485961914
572,4.00098991394043,,9.68869686126709,0.015691041946411133
573,4.052083969116211,,9.704432249069214,0.015735387802124023
574,3.996732234954834,,9.720535039901733,0.01610279083251953
575,3.9333736896514893,,9.736675262451172,0.016140222549438477
576,3.989091396331787,,9.752524614334106,0.01584935188293457
577,4.018922805786133,,9.768427610397339,0.015902996063232422
578,3.9650797843933105,,9.784167289733887,0.01573967933654785
579,4.0451226234436035,,9.799982070922852,0.015814781188964844
580,4.010389804840088,,9.815739631652832,0.01575756072998047
581,3.9209952354431152,,9.83147406578064,0.015734434127807617
582,3.9732279777526855,,9.847442150115967,0.01596808433532715
583,3.905411720275879,,9.864363670349121,0.016921520233154297
584,3.8739113807678223,,9.878910541534424,0.014546871185302734
585,3.9522128105163574,,9.894605159759521,0.015694618225097656
586,3.836811065673828,,9.910340547561646,0.0
587,3.887629508972168,,9.941774368286133,0.015744447708129883
588,3.797913074493408,,9.957468032836914,0.01569366455078125
589,3.839122772216797,,9.973239421844482,0.01577138900756836
590,3.9076530933380127,,9.989094257354736,0.015854835510253906
591,3.8077144622802734,,10.004972219467163,0.015877962112426758
592,3.8764491081237793,,10.020761013031006,0.015788793563842773
593,3.8293066024780273,,10.036770105361938,0.016009092330932617
594,3.910778522491455,,10.052518606185913,0.01574850082397461
595,3.8625712394714355,,10.068612813949585,0.016094207763671875
596,3.89963436126709,,10.084354162216187,0.015741348266601562
597,3.8107519149780273,,10.100045680999756,0.015691518783569336
598,3.821773052215576,,10.116175413131714,0.016129732131958008
599,3.926698684692383,,10.131895542144775,0.015720129013061523
600,3.7913973331451416,0.8697947263717651,10.147602081298828,0.015706539154052734
601,3.8214175701141357,,10.163343906402588,0.0
602,3.831936836242676,,10.17915415763855,0.0
603,3.757206439971924,,10.210668802261353,0.015788555145263672
604,3.893171787261963,,10.226361751556396,0.015692949295043945
605,3.7526328563690186,,10.242189407348633,0.015827655792236328
606,3.834179639816284,,10.257946968078613,0.01575756072998047
607,3.7213940620422363,,10.273684740066528,0.01573777198791504
608,3.7547459602355957,,10.289401292800903,0.015716552734375
609,3.774414539337158,,10.30514407157898,0.015742778778076172
610,3.7300143241882324,,10.320839643478394,0.015695571899414062
611,3.702411651611328,,10.336919784545898,0.016080141067504883
612,3.712717056274414,,10.352660894393921,0.01574110984802246
613,3.7554445266723633,,10.368425369262695,0.015764474868774414
614,3.7716763019561768,,10.384382247924805,0.015956878662109375
615,3.6945018768310547,,10.400113821029663,0.0157315731048584
616,3.764430284500122,,10.415871620178223,0.01575779914855957
617,3.6128041744232178,,10.43157410621643,0.015702486038208008
618,3.712522029876709,,10.447298526763916,0.01572442054748535
619,3.7171947956085205,,10.463082790374756,0.015784263610839844
620,3.741428852081299,,10.478890895843506,0.01580810546875
621,3.744386911392212,,10.494613409042358,0.01572251319885254
622,3.646493911743164,,10.510359764099121,0.015746355056762695
623,3.702153205871582,,10.526181697845459,0.0
624,3.5842275619506836,,10.557688474655151,0.015687942504882812
625,3.6611292362213135,,10.573415279388428,0.015726804733276367
626,3.5919384956359863,,10.589134693145752,0.01571941375732422
627,3.665858507156372,,10.605125188827515,0.015990495681762695
628,3.646444082260132,,10.62127423286438,0.016149044036865234
629,3.59559965133667,,10.636993408203125,0.015719175338745117
630,3.566693067550659,,10.652738094329834,0.015744686126708984
631,3.665494441986084,,10.668522596359253,0.015784502029418945
632,3.6559338569641113,,10.684313535690308,0.015790939331054688
633,3.5550596714019775,,10.700035810470581,0.015722274780273438
634,3.598720073699951,,10.715878963470459,0.01584315299987793
635,3.5538268089294434,,10.731606006622314,0.01572704315185547
636,3.587064266204834,,10.747339010238647,0.015733003616333008
637,3.5612149238586426,,10.76305866241455,0.01571965217590332
638,3.639150381088257,,10.778779745101929,0.01572108268737793
639,3.583669662475586,,10.794454574584961,0.015674829483032227
640,3.5162365436553955,,10.810284852981567,0.015830278396606445
641,3.550079822540283,,10.82597279548645,0.015687942504882812
642,3.507314682006836,,10.841693878173828,0.01572108268737793
643,3.551358222961426,,10.857413291931152,0.0
644,3.5337154865264893,,10.873261451721191,0.0
645,3.5359323024749756,,10.904677629470825,0.01572585105895996
646,3.5372307300567627,,10.920464515686035,0.01578688621520996
647,3.52346134185791,,10.942214012145996,0.021749496459960938
648,3.5628538131713867,,10.951918601989746,0.007962226867675781
649,3.560614824295044,,10.967711687088013,0.0157930850982666
650,3.499732494354248,,10.983727931976318,0.016016244888305664
651,3.565216302871704,,10.999419450759888,0.015691518783569336
652,3.4690794944763184,,11.01515793800354,0.015738487243652344
653,3.43894624710083,,11.032156467437744,0.0169985294342041
654,3.590552806854248,,11.046708822250366,0.01455235481262207
655,3.4501535892486572,,11.06240177154541,0.015692949295043945
656,3.4968419075012207,,11.078083038330078,0.01568126678466797
657,3.4205965995788574,,11.093865394592285,0.0
658,3.510925531387329,,11.125289916992188,0.015694618225097656
659,3.5579910278320312,,11.141034841537476,0.015744924545288086
660,3.433408498764038,,11.156694650650024,0.015659809112548828
661,3.5011744499206543,,11.172424077987671,0.015729427337646484
662,3.4392342567443848,,11.188478469848633,0.016054391860961914
663,3.4540345668792725,,11.204206466674805,0.015727996826171875
664,3.3976991176605225,,11.2199068069458,0.015700340270996094
665,3.5283212661743164,,11.236910820007324,0.017004013061523438
666,3.4429214000701904,,11.25173282623291,0.014822006225585938
667,3.37569260597229,,11.267435550689697,0.01570272445678711
668,3.4316935539245605,,11.283161640167236,0.015726089477539062
669,3.424866199493408,,11.298879384994507,0.015717744827270508
670,3.431225299835205,,11.314622402191162,0.015743017196655273
671,3.4003796577453613,,11.330289840698242,0.0
672,3.389415740966797,,11.3618905544281,0.015795230865478516
673,3.336425304412842,,11.377746343612671,0.015855789184570312
674,3.329977035522461,,11.393784523010254,0.016038179397583008
675,3.42141056060791,,11.409540176391602,0.015755653381347656
676,3.3497743606567383,,11.425258159637451,0.01571798324584961
677,3.3601813316345215,,11.441001892089844,0.015743732452392578
678,3.4152281284332275,,11.456690073013306,0.015688180923461914
679,3.3791117668151855,,11.472429513931274,0.01573944091796875
680,3.269676685333252,,11.488258123397827,0.015828609466552734
681,3.329857110977173,,11.503991842269897,0.015733718872070312
682,3.370605945587158,,11.519912481307983,0.015920639038085938
683,3.355372190475464,,11.535836935043335,0.015924453735351562
684,3.351128101348877,,11.55151891708374,0.015681982040405273
685,3.301880359649658,,11.567252397537231,0.01573348045349121
686,3.3555033206939697,,11.583084344863892,0.015831947326660156
687,3.359703302383423,,11.598811388015747,0.01572704315185547
688,3.380192279815674,,11.614588737487793,0.0157773494720459
689,3.2834362983703613,,11.630282163619995,0.0
690,3.322286605834961,,11.661751747131348,0.015692949295043945
691,3.3416707515716553,,11.677486658096313,0.01573491096496582
692,3.2544479370117188,,11.693166255950928,0.015679597854614258
693,3.34476900100708,,11.708914995193481,0.01574873924255371
694,3.316023826599121,,11.72468614578247,0.015771150588989258
695,3.2853760719299316,,11.740518808364868,0.01583266258239746
696,3.2849388122558594,,11.76179838180542,0.021279573440551758
697,3.324861526489258,,11.772527933120728,0.010729551315307617
698,3.271353244781494,,11.788691759109497,0.01616382598876953
699,3.2445178031921387,,11.80446982383728,0.015778064727783203
700,3.2773196697235107,0.9325782855351766,11.820561647415161,0.01609182357788086
701,3.2745532989501953,,11.836310148239136,0.01574850082397461
702,3.290440559387207,,11.852052927017212,0.015742778778076172
703,3.2921388149261475,,11.868209600448608,0.016156673431396484
704,3.271946907043457,,11.88396692276001,0.015757322311401367
705,3.343459129333496,,11.899670839309692,0.015703916549682617
706,3.2878623008728027,,11.915386438369751,0.015715599060058594
707,3.2680606842041016,,11.931188106536865,0.015801668167114258
708,3.242412567138672,,11.94692325592041,0.015735149383544922
709,3.2128660678863525,,11.96408724784851,0.0012121200561523438
710,3.2285304069519043,,11.994349718093872,0.015722274780273438
711,3.1743383407592773,,12.010079145431519,0.015729427337646484
712,3.1649460792541504,,12.025769472122192,0.015690326690673828
713,3.144866943359375,,12.041752576828003,0.015983104705810547
714,3.1768150329589844,,12.057486772537231,0.015734195709228516
715,3.1677584648132324,,12.073241949081421,0.015755176544189453
716,3.1837174892425537,,12.089346170425415,0.01610422134399414
717,3.237583637237549,,12.105079889297485,0.015733718872070312
718,3.2020344734191895,,12.120769739151001,0.015689849853515625
719,3.1618130207061768,,12.136501550674438,0.0157318115234375
720,3.1900899410247803,,12.152236938476562,0.015735387802124023
721,3.163207769393921,,12.167951822280884,0.01571488380432129
722,3.1450350284576416,,12.183682680130005,0.015730857849121094
723,3.1349587440490723,,12.199555158615112,0.015872478485107422
724,3.1544692516326904,,12.21528148651123,0.015726327896118164
725,3.1334033012390137,,12.231137752532959,0.0
726,3.134443759918213,,12.262582302093506,0.01571798324584961
727,3.137331247329712,,12.278320789337158,0.015738487243652344
728,3.123967170715332,,12.29400897026062,0.015688180923461914
729,3.0633609294891357,,12.30974006652832,0.015731096267700195
730,3.141911268234253,,12.325594186782837,0.0158541202545166
731,3.1405506134033203,,12.341293096542358,0.015698909759521484
732,3.1598668098449707,,12.357861995697021,0.016568899154663086
733,3.2339916229248047,,12.373137474060059,0.01527547836303711
734,3.2402050495147705,,12.389100790023804,0.015963315963745117
735,3.1969716548919678,,12.405219078063965,0.016118288040161133
736,3.233905553817749,,12.421165227890015,0.015946149826049805
737,3.1272125244140625,,12.436875104904175,0.015709877014160156
738,3.206411838531494,,12.462339639663696,0.025464534759521484
739,3.0840604305267334,,12.468453884124756,0.00611424446105957
740,3.142462968826294,,12.484291791915894,0.015837907791137695
741,3.1556854248046875,,12.499978303909302,0.0
742,3.105691909790039,,12.531392335891724,0.01568126678466797
743,3.1417384147644043,,12.547493696212769,0.016101360321044922
744,3.0625739097595215,,12.563204050064087,0.01571035385131836
745,3.1306967735290527,,12.578938722610474,0.01573467254638672
746,3.078573703765869,,12.596068143844604,0.01712942123413086
747,3.0993518829345703,,12.610554218292236,0.014486074447631836
748,3.0823347568511963,,12.626604795455933,0.01605057716369629
749,3.0926809310913086,,12.642359733581543,0.01575493812561035
750,3.1178669929504395,,12.658109903335571,0.01575016975402832
751,3.1497812271118164,,12.673905372619629,0.015795469284057617
752,3.0870985984802246,,12.689627170562744,0.015721797943115234
753,3.0137925148010254,,12.705371856689453,0.015744686126708984
754,3.04486346244812,,12.721534013748169,0.01616215705871582
755,3.025456190109253,,12.737478494644165,0.015944480895996094
756,3.0783002376556396,,12.75321078300476,0.015732288360595703
757,3.0577354431152344,,12.768938064575195,0.01572728157043457
758,3.0244598388671875,,12.784705638885498,0.015767574310302734
759,3.025012731552124,,12.800431728363037,0.0
760,2.9683384895324707,,12.816184282302856,0.0
761,3.034320831298828,,12.847853899002075,0.015751361846923828
762,3.003497362136841,,12.863545179367065,0.015691280364990234
763,3.0017898082733154,,12.87929916381836,0.015753984451293945
764,3.0071582794189453,,12.895310640335083,0.016011476516723633
765,3.039315938949585,,12.91113829612732,0.015827655792236328
766,2.966017961502075,,12.926865577697754,0.01572728157043457
767,2.9443862438201904,,12.943001985549927,0.01613640785217285
768,2.9859747886657715,,12.958973407745361,0.01597142219543457
769,2.956631898880005,,12.974922895431519,0.015949487686157227
770,3.0196855068206787,,12.990619897842407,0.015697002410888672
771,3.0237579345703125,,13.006393194198608,0.015773296356201172
772,2.946460723876953,,13.022329807281494,0.015936613082885742
773,2.9568891525268555,,13.038464546203613,0.01613473892211914
774,2.955824851989746,,13.05415153503418,0.015686988830566406
775,2.971360206604004,,13.070225954055786,0.016074419021606445
776,2.9239413738250732,,13.086196184158325,0.015970230102539062
777,2.896711826324463,,13.117790460586548,0.015719890594482422
778,2.8711915016174316,,13.133544445037842,0.015753984451293945
779,2.9666333198547363,,13.149375677108765,0.01583123207092285
780,2.9210734367370605,,13.165255546569824,0.01587986946105957
781,3.015500545501709,,13.181401491165161,0.016145944595336914
782,2.9265899658203125,,13.19756555557251,0.016164064407348633
783,2.8851542472839355,,13.21340274810791,0.01583719253540039
784,3.009384870529175,,13.22909665107727,0.01569390296936035
785,2.8905189037323,,13.245186567306519,0.016089916229248047
786,2.923121452331543,,13.26099181175232,0.01580524444580078
787,2.9674720764160156,,13.276731729507446,0.015739917755126953
788,2.861086130142212,,13.292577505111694,0.015845775604248047
789,2.896010398864746,,13.308510541915894,0.01593303680419922
790,2.896965503692627,,13.32428765296936,0.015777111053466797
791,2.9397785663604736,,13.340041160583496,0.015753507614135742
792,2.8730077743530273,,13.355777025222778,0.015735864639282227
793,2.893728256225586,,13.371519088745117,0.015742063522338867
794,2.8930740356445312,,13.387339115142822,0.015820026397705078
795,2.9054388999938965,,13.403098583221436,0.01575946807861328
796,2.893871784210205,,13.419170618057251,0.01607203483581543
797,2.8704886436462402,,13.435125350952148,0.01595473289489746
798,2.8491880893707275,,13.4508638381958,0.015738487243652344
799,2.8407387733459473,,13.466578006744385,0.015714168548583984
800,2.888974189758301,0.9552624821662903,13.49812936782837,0.031551361083984375
801,2.8333377838134766,,13.513856410980225,0.01572704315185547
802,2.844266176223755,,13.529618263244629,0.015761852264404297
803,2.8678290843963623,,13.545338869094849,0.015720605850219727
804,2.7737021446228027,,13.561025142669678,0.0156862735748291
805,2.875661849975586,,13.576883792877197,0.01585865020751953
806,2.8821306228637695,,13.592600107192993,0.0157163143157959
807,2.869091033935547,,13.608299732208252,0.01569962501525879
808,2.81512188911438,,13.640173196792603,0.031873464584350586
809,2.8740992546081543,,13.6563081741333,0.016134977340698242
810,2.8172035217285156,,13.67203426361084,0.015726089477539062
811,2.8491384983062744,,13.687767267227173,0.015733003616333008
812,2.7879245281219482,,13.703794717788696,0.016027450561523438
813,2.7873764038085938,,13.71958065032959,0.015785932540893555
814,2.795668363571167,,13.735423564910889,0.015842914581298828
815,2.818375587463379,,13.751145124435425,0.015721559524536133
816,2.77610445022583,,13.766946792602539,0.015801668167114258
817,2.803572654724121,,13.78269910812378,0.015752315521240234
818,2.755282163619995,,13.7985360622406,0.01583695411682129
819,2.776120662689209,,13.814280271530151,0.01574420928955078
820,2.7888989448547363,,13.829964399337769,0.015684127807617188
821,2.768888473510742,,13.845704078674316,0.01573967933654785
822,2.782447338104248,,13.861648321151733,0.015944242477416992
823,2.8008944988250732,,13.877388954162598,0.015740633010864258
824,2.7545597553253174,,13.893150329589844,0.015761375427246094
825,2.774858236312866,,13.90883994102478,0.015689611434936523
826,2.746979236602783,,13.924567461013794,0.015727519989013672
827,2.7318859100341797,,13.940252542495728,0.015685081481933594
828,2.786454200744629,,13.957229137420654,0.016976594924926758
829,2.721987009048462,,13.982743978500366,0.025514841079711914
830,2.767976760864258,,14.003497838973999,0.020753860473632812
831,2.7600111961364746,,14.019211530685425,0.01571369171142578
832,2.7502222061157227,,14.034901142120361,0.015689611434936523
833,2.748379707336426,,14.05063796043396,0.015736818313598633
834,2.7409567832946777,,14.066550970077515,0.015913009643554688
835,2.750642776489258,,14.082448959350586,0.01589798927307129
836,2.7033166885375977,,14.098347187042236,0.01589822769165039
837,2.736811637878418,,14.114088296890259,0.01574110984802246
838,2.7540359497070312,,14.13025689125061,0.016168594360351562
839,2.702651023864746,,14.145998001098633,0.01574110984802246
840,2.7460439205169678,,14.161689758300781,0.015691757202148438
841,2.7047410011291504,,14.177666902542114,0.015977144241333008
842,2.7226295471191406,,14.193720579147339,0.01605367660522461
843,2.7568540573120117,,14.209444046020508,0.015723466873168945
844,2.7378876209259033,,14.225376605987549,0.015932559967041016
845,2.6820857524871826,,14.241206407546997,0.015829801559448242
846,2.738920211791992,,14.256937026977539,0.015730619430541992
847,2.6839401721954346,,14.27263069152832,0.01569366455078125
848,2.6550073623657227,,14.288359880447388,0.015729188919067383
849,2.6869006156921387,,14.304269313812256,0.015909433364868164
850,2.7124125957489014,,14.320012092590332,0.0
851,2.709256649017334,,14.351442575454712,0.01573967933654785
852,2.6418404579162598,,14.367175102233887,0.015732526779174805
853,2.7265281677246094,,14.382852554321289,0.015677452087402344
854,2.7200562953948975,,14.399000883102417,0.01614832878112793
855,2.644509792327881,,14.414977788925171,0.015976905822753906
856,2.6835484504699707,,14.430673599243164,0.015695810317993164
857,2.655773639678955,,14.446406841278076,0.01573324203491211
858,2.6729915142059326,,14.462137222290039,0.01573038101196289
859,2.7336604595184326,,14.477827310562134,0.015690088272094727
860,2.6465871334075928,,14.493557929992676,0.015730619430541992
861,2.630657196044922,,14.509284496307373,0.015726566314697266
862,2.634385585784912,,14.525027990341187,0.015743494033813477
863,2.6241588592529297,,14.540758609771729,0.015730619430541992
864,2.63155460357666,,14.556498050689697,0.01573944091796875
865,2.645432710647583,,14.572191953659058,0.0
866,2.5813794136047363,,14.603770732879639,0.015830278396606445
867,2.5697131156921387,,14.619516372680664,0.01574563980102539
868,2.6530561447143555,,14.635271310806274,0.01575493812561035
869,2.5989952087402344,,14.667003870010376,0.03173255920410156
870,2.6317319869995117,,14.682751893997192,0.015748023986816406
871,2.56925106048584,,14.698482275009155,0.01573038101196289
872,2.5362548828125,,14.71422266960144,0.015740394592285156
873,2.676745891571045,,14.730048656463623,0.015825986862182617
874,2.61067271232605,,14.745792865753174,0.01574420928955078
875,2.6140153408050537,,14.7627694606781,0.016976594924926758
876,2.6440930366516113,,14.777318239212036,0.014548778533935547
877,2.5667238235473633,,14.79308557510376,0.015767335891723633
878,2.599759101867676,,14.808831930160522,0.015746355056762695
879,2.575650215148926,,14.824534893035889,0.01570296287536621
880,2.6038339138031006,,14.840367078781128,0.015832185745239258
881,2.5831167697906494,,14.85619306564331,0.015825986862182617
882,2.612816333770752,,14.871923208236694,0.01573014259338379
883,2.624350070953369,,14.88773488998413,0.0
884,2.5692107677459717,,14.903841018676758,0.0
885,2.5331313610076904,,14.93527889251709,0.015694379806518555
886,2.5683646202087402,,14.95102858543396,0.015749692916870117
887,2.587033271789551,,14.967917680740356,0.016889095306396484
888,2.579601764678955,,14.982470035552979,0.01455235481262207
889,2.609800100326538,,14.99823522567749,0.01576519012451172
890,2.5587399005889893,,15.014312744140625,0.016077518463134766
891,2.579890489578247,,15.029998779296875,0.01568603515625
892,2.5432050228118896,,15.045735120773315,0.01573634147644043
893,2.604153871536255,,15.061420679092407,0.015685558319091797
894,2.5641231536865234,,15.0775306224823,0.016109943389892578
895,2.5754871368408203,,15.0932936668396,0.015763044357299805
896,2.5416970252990723,,15.110570430755615,0.017276763916015625
897,2.554537296295166,,15.125111103057861,0.014540672302246094
898,2.4958293437957764,,15.14096999168396,0.015858888626098633
899,2.5646519660949707,,15.156802892684937,0.015832901000976562
900,2.5673952102661133,0.9662882884343466,15.172521829605103,0.015718936920166016
901,2.552349328994751,,15.188255310058594,0.01573348045349121
902,2.50808048248291,,15.203965902328491,0.01571059226989746
903,2.537174701690674,,15.219740867614746,0.015774965286254883
904,2.5801305770874023,,15.235826015472412,0.016085147857666016
905,2.5820746421813965,,15.251908540725708,0.0160825252532959
906,2.5156798362731934,,15.267594814300537,0.0156862735748291
907,2.528512954711914,,15.283469915390015,0.01587510108947754
908,2.587721586227417,,15.299190282821655,0.015720367431640625
909,2.4901609420776367,,15.316284894943237,0.0011646747589111328
910,2.5166826248168945,,15.34672236442566,0.0158841609954834
911,2.5723915100097656,,15.362646102905273,0.015923738479614258
912,2.5174713134765625,,15.378554821014404,0.01590871810913086
913,2.4788215160369873,,15.394303321838379,0.01574850082397461
914,2.590627908706665,,15.410309553146362,0.0160062313079834
915,2.524233818054199,,15.426064491271973,0.0
916,2.5324883460998535,,15.457601547241211,0.015717744827270508
917,2.50246524810791,,15.473336696624756,0.015735149383544922
918,2.441282272338867,,15.489067316055298,0.015730619430541992
919,2.5024335384368896,,15.505057096481323,0.01598978042602539
920,2.4918787479400635,,15.522335529327393,0.017278432846069336
921,2.512165069580078,,15.536713123321533,0.014377593994140625
922,2.4757354259490967,,15.55247449874878,0.015761375427246094
923,2.4759535789489746,,15.568525552749634,0.016051054000854492
924,2.482173442840576,,15.584260940551758,0.015735387802124023
925,2.552295207977295,,15.600250005722046,0.015989065170288086
926,2.4996750354766846,,15.632028341293335,0.03177833557128906
927,2.4911065101623535,,15.64811658859253,0.016088247299194336
928,2.4510836601257324,,15.663849830627441,0.01573324203491211
929,2.4485788345336914,,15.679946422576904,0.01609659194946289
930,2.4503540992736816,,15.695887565612793,0.015941143035888672
931,2.458853244781494,,15.711876392364502,0.015988826751708984
932,2.480159282684326,,15.728755712509155,0.01687932014465332
933,2.4321579933166504,,15.743564367294312,0.01480865478515625
934,2.4465160369873047,,15.759235620498657,0.015671253204345703
935,2.5236129760742188,,15.774919748306274,0.015684127807617188
936,2.4744815826416016,,15.790734767913818,0.015815019607543945
937,2.480989933013916,,15.822608232498169,0.031873464584350586
938,2.46236515045166,,15.838566780090332,0.015958547592163086
939,2.4790029525756836,,15.854354619979858,0.015787839889526367
940,2.503685712814331,,15.87009859085083,0.01574397087097168
941,2.4180421829223633,,15.886107683181763,0.016009092330932617
942,2.4504709243774414,,15.901842832565308,0.015735149383544922
943,2.4320430755615234,,15.917741775512695,0.015898942947387695
944,2.3978705406188965,,15.933554410934448,0.01581263542175293
945,2.4534451961517334,,15.949533224105835,0.01597881317138672
946,2.4570863246917725,,15.965234994888306,0.015701770782470703
947,2.356027603149414,,15.98105788230896,0.015822887420654297
948,2.3896255493164062,,15.996782541275024,0.015724658966064453
949,2.434492588043213,,16.012672185897827,0.015889644622802734
950,2.384068727493286,,16.02833104133606,0.015658855438232422
951,2.4261984825134277,,16.044164419174194,0.015833377838134766
952,2.3962228298187256,,16.060027360916138,0.01586294174194336
953,2.4101967811584473,,16.075766563415527,0.0
954,2.343533754348755,,16.091527462005615,0.0
955,2.465531349182129,,16.123211145401,0.015859127044677734
956,2.397545337677002,,16.139294862747192,0.016083717346191406
957,2.3962535858154297,,16.15509343147278,0.015798568725585938
958,2.4139766693115234,,16.17085599899292,0.0157625675201416
959,2.448974609375,,16.18687081336975,0.016014814376831055
960,2.420809745788574,,16.202601671218872,0.015730857849121094
961,2.36224365234375,,16.218597412109375,0.01599574089050293
962,2.365572929382324,,16.234375,0.015777587890625
963,2.3846964836120605,,16.25010347366333,0.015728473663330078
964,2.416083812713623,,16.265793085098267,0.015689611434936523
965,2.367375612258911,,16.2815260887146,0.015733003616333008
966,2.335249185562134,,16.297465562820435,0.01593947410583496
967,2.3743553161621094,,16.313389778137207,0.01592421531677246
968,2.352323532104492,,16.329561471939087,0.016171693801879883
969,2.400273323059082,,16.35328459739685,0.023723125457763672
970,2.3757829666137695,,16.361082315444946,0.007797718048095703
971,2.4697365760803223,,16.377094984054565,0.01601266860961914
972,2.331925868988037,,16.40872883796692,0.031633853912353516
973,2.3276519775390625,,16.424816131591797,0.01608729362487793
974,2.2937731742858887,,16.440691709518433,0.015875577926635742
975,2.3737220764160156,,16.46046257019043,0.01977086067199707
976,2.3478429317474365,,16.473904609680176,0.011437177658081055
977,2.382223129272461,,16.488451719284058,0.014547109603881836
978,2.3637242317199707,,16.504080772399902,0.015629053115844727
979,2.3319180011749268,,16.52007222175598,0.0159914493560791
980,2.322003126144409,,16.535764932632446,0.015692710876464844
981,2.337494134902954,,16.55160093307495,0.015836000442504883
982,2.3346309661865234,,16.567670345306396,0.016069412231445312
983,2.3663015365600586,,16.583388566970825,0.0
984,2.3547511100769043,,16.5990731716156,0.0
985,2.356219530105591,,16.630457401275635,0.0156552791595459
986,2.336016893386841,,16.646183013916016,0.01572561264038086
987,2.3229575157165527,,16.662307262420654,0.016124248504638672
988,2.33449125289917,,16.6796932220459,0.01738595962524414
989,2.3571932315826416,,16.694236278533936,0.01454305648803711
990,2.3003787994384766,,16.709961891174316,0.01572561264038086
991,2.3631644248962402,,16.725746870040894,0.01578497886657715
992,2.3479299545288086,,16.741597652435303,0.01585078239440918
993,2.2973313331604004,,16.75752282142639,0.015925168991088867
994,2.2652883529663086,,16.773265600204468,0.015742778778076172
995,2.328611373901367,,16.789002180099487,0.01573657989501953
996,2.277991771697998,,16.804738521575928,0.01573634147644043
997,2.3530402183532715,,16.82045316696167,0.015714645385742188
998,2.289363384246826,,16.836336374282837,0.015883207321166992
999,2.2708892822265625,,16.85227656364441,0.015940189361572266
1000,2.3084628582000732,0.9759608308474222,16.884154796600342,0.015871286392211914
1001,2.243149995803833,,16.89996910095215,0.01581430435180664
1002,2.333052158355713,,16.915841341018677,0.01587224006652832
1003,2.321857452392578,,16.931775331497192,0.015933990478515625
1004,2.320573568344116,,16.947465896606445,0.01569056510925293
1005,2.2838308811187744,,16.963536739349365,0.016070842742919922
1006,2.3140132427215576,,16.979331493377686,0.015794754028320312
1007,2.3223862648010254,,16.99511480331421,0.015783309936523438
1008,2.2746236324310303,,17.01097822189331,0.015863418579101562
1009,2.332930088043213,,17.026721477508545,0.015743255615234375
1010,2.2459969520568848,,17.04250478744507,0.015783309936523438
1011,2.2382194995880127,,17.058632373809814,0.016127586364746094
1012,2.2873880863189697,,17.074761629104614,0.016129255294799805
1013,2.281341075897217,,17.0905601978302,0.015798568725585938
1014,2.3112540245056152,,17.106464862823486,0.015904664993286133
1015,2.3171300888061523,,17.1223406791687,0.015875816345214844
1016,2.237413167953491,,17.138174295425415,0.015833616256713867
1017,2.3259363174438477,,17.15406060218811,0.015886306762695312
1018,2.310070276260376,,17.170140504837036,0.01607990264892578
1019,2.318467378616333,,17.185879468917847,0.015738964080810547
1020,2.292544364929199,,17.202004194259644,0.016124725341796875
1021,2.231895923614502,,17.21770668029785,0.015702486038208008
1022,2.2579102516174316,,17.23353362083435,0.015826940536499023
1023,2.252438545227051,,17.249210596084595,0.01567697525024414
1024,2.2657570838928223,,17.265340089797974,0.016129493713378906
1025,2.3180794715881348,,17.28106117248535,0.01572108268737793
1026,2.2189855575561523,,17.296776056289673,0.0
1027,2.257218599319458,,17.328176498413086,0.015722274780273438
1028,2.243321657180786,,17.34403896331787,0.015862464904785156
1029,2.290290355682373,,17.35978412628174,0.015745162963867188
1030,2.242621898651123,,17.375599145889282,0.015815019607543945
1031,2.211606502532959,,17.391324758529663,0.01572561264038086
1032,2.2564539909362793,,17.40730571746826,0.015980958938598633
1033,2.192796468734741,,17.423018217086792,0.015712499618530273
1034,2.2139463424682617,,17.438889026641846,0.01587080955505371
1035,2.2530159950256348,,17.4549720287323,0.0160830020904541
1036,2.2771708965301514,,17.470727920532227,0.015755891799926758
1037,2.2503585815429688,,17.48646569252014,0.01573777198791504
1038,2.286501884460449,,17.502209186553955,0.015743494033813477
1039,2.232618808746338,,17.517882823944092,0.01567363739013672
1040,2.242758274078369,,17.533620834350586,0.01573801040649414
1041,2.242007255554199,,17.54931354522705,0.015692710876464844
1042,2.185293197631836,,17.565052270889282,0.015738725662231445
1043,2.2452187538146973,,17.580781936645508,0.015729665756225586
1044,2.277827262878418,,17.59650754928589,0.01572561264038086
1045,2.23935866355896,,17.61218547821045,0.015677928924560547
1046,2.1864185333251953,,17.62802219390869,0.015836715698242188
1047,2.1987783908843994,,17.643763780593872,0.015741586685180664
1048,2.287827730178833,,17.65971827507019,0.01595449447631836
1049,2.2311298847198486,,17.675764799118042,0.016046524047851562
1050,2.2324252128601074,,17.691671133041382,0.015906333923339844
1051,2.2502784729003906,,17.707408905029297,0.01573777198791504
1052,2.214752197265625,,17.723146677017212,0.0
1053,2.1638476848602295,,17.75470781326294,0.015799999237060547
1054,2.1651244163513184,,17.770443201065063,0.015735387802124023
1055,2.1897361278533936,,17.78638529777527,0.015942096710205078
1056,2.2398459911346436,,17.802325963974,0.01594066619873047
1057,2.20188307762146,,17.818001985549927,0.015676021575927734
1058,2.1919283866882324,,17.833736181259155,0.015734195709228516
1059,2.135812282562256,,17.849451780319214,0.015715599060058594
1060,2.169926643371582,,17.865176677703857,0.015724897384643555
1061,2.1910407543182373,,17.880961418151855,0.015784740447998047
1062,2.1730804443359375,,17.897032499313354,0.016071081161499023
1063,2.202207565307617,,17.912921667099,0.01588916778564453
1064,2.209686279296875,,17.92867159843445,0.01574993133544922
1065,2.241884469985962,,17.94441533088684,0.015743732452392578
1066,2.184436082839966,,17.960129499435425,0.015714168548583984
1067,2.1741812229156494,,17.975871801376343,0.01574230194091797
1068,2.232060432434082,,17.991601705551147,0.015729904174804688
1069,2.1700310707092285,,18.007505655288696,0.015903949737548828
1070,2.2451281547546387,,18.023252964019775,0.0157473087310791
1071,2.1385576725006104,,18.03903889656067,0.015785932540893555
1072,2.181741714477539,,18.070438385009766,0.03139948844909668
1073,2.1189956665039062,,18.086491107940674,0.016052722930908203
1074,2.1619467735290527,,18.102319478988647,0.015828371047973633
1075,2.1711812019348145,,18.11845111846924,0.01613163948059082
1076,2.1950106620788574,,18.134185314178467,0.015734195709228516
1077,2.1845462322235107,,18.15007519721985,0.015889883041381836
1078,2.1600420475006104,,18.16589903831482,0.015823841094970703
1079,2.1708011627197266,,18.181819200515747,0.015920162200927734
1080,2.202542543411255,,18.197572231292725,0.01575303077697754
1081,2.143909454345703,,18.213322401046753,0.01575016975402832
1082,2.1512885093688965,,18.229130506515503,0.01580810546875
1083,2.2012667655944824,,18.244864463806152,0.015733957290649414
1084,2.1114144325256348,,18.260697603225708,0.015833139419555664
1085,2.190322160720825,,18.27642822265625,0.015730619430541992
1086,2.13543438911438,,18.29211449623108,0.0156862735748291
1087,2.0880227088928223,,18.307847023010254,0.015732526779174805
1088,2.1528215408325195,,18.323521852493286,0.015674829483032227
1089,2.1376285552978516,,18.3394136428833,0.01589179039001465
1090,2.131460666656494,,18.355175256729126,0.015761613845825195
1091,2.1773295402526855,,18.370946884155273,0.01577162742614746
1092,2.1465325355529785,,18.38671851158142,0.01577162742614746
1093,2.092024564743042,,18.40244960784912,0.0
1094,2.167008638381958,,18.43404507637024,0.01574397087097168
1095,2.1023528575897217,,18.449918031692505,0.015872955322265625
1096,2.1100194454193115,,18.46566390991211,0.015745878219604492
1097,2.09824275970459,,18.48163366317749,0.01596975326538086
1098,2.127368927001953,,18.49756669998169,0.01593303680419922
1099,2.140554428100586,,18.513295650482178,0.01572895050048828
1100,2.126004219055176,0.9789317647616068,18.529006481170654,0.015710830688476562
1101,2.1077210903167725,,18.54471254348755,0.01570606231689453
1102,2.130493402481079,,18.56053876876831,0.01582622528076172
1103,2.1840996742248535,,18.57668900489807,0.016150236129760742
1104,2.1039066314697266,,18.592580795288086,0.01589179039001465
1105,2.1349244117736816,,18.608250856399536,0.015670061111450195
1106,2.1172850131988525,,18.623935222625732,0.01568436622619629
1107,2.0709683895111084,,18.64099645614624,0.017061233520507812
1108,2.1490366458892822,,18.65556764602661,0.014571189880371094
1109,2.1520423889160156,,18.67150092124939,0.01593327522277832
1110,2.1155683994293213,,18.687219619750977,0.015718698501586914
1111,2.046973466873169,,18.70311212539673,0.015892505645751953
1112,2.161255359649658,,18.718966722488403,0.015854597091674805
1113,2.1139326095581055,,18.734910249710083,0.015943527221679688
1114,2.1221494674682617,,18.750799417495728,0.01588916778564453
1115,2.1384642124176025,,18.76670241355896,0.015902996063232422
1116,2.124657154083252,,18.782609224319458,0.015906810760498047
1117,2.081404209136963,,18.798450469970703,0.0
1118,2.0270156860351562,,18.814298152923584,0.0
1119,2.1245827674865723,,18.84575867652893,0.015658855438232422
1120,2.067772388458252,,18.861425638198853,0.014485836029052734
1121,2.100337505340576,,18.877310752868652,0.015885114669799805
1122,2.085832118988037,,18.893316984176636,0.0160062313079834
1123,2.1017394065856934,,18.909038066864014,0.01572108268737793
1124,2.0920188426971436,,18.92491579055786,0.015877723693847656
1125,2.1215405464172363,,18.940789699554443,0.01587390899658203
1126,2.075617790222168,,18.95669388771057,0.01590418815612793
1127,2.0951333045959473,,18.972747564315796,0.01605367660522461
1128,2.0751214027404785,,18.988455057144165,0.01570749282836914
1129,2.051429510116577,,19.004308938980103,0.0158538818359375
1130,2.06518292427063,,19.02013349533081,0.015824556350708008
1131,2.0793023109436035,,19.036022663116455,0.01588916778564453
1132,2.0166850090026855,,19.05190110206604,0.01587843894958496
1133,2.075704574584961,,19.067848682403564,0.015947580337524414
1134,2.0683488845825195,,19.08363699913025,0.01578831672668457
1135,2.1205129623413086,,19.115367650985718,0.03173065185546875
1136,2.149521827697754,,19.131070613861084,0.01570296287536621
1137,2.082642078399658,,19.146857976913452,0.015787363052368164
1138,2.040323495864868,,19.162545919418335,0.015687942504882812
1139,2.070267677307129,,19.178312301635742,0.015766382217407227
1140,2.092243194580078,,19.19406223297119,0.01574993133544922
1141,2.0765910148620605,,19.210879802703857,0.016817569732666016
1142,2.087658405303955,,19.225921869277954,0.01504206657409668
1143,2.040191650390625,,19.24177575111389,0.0158538818359375
1144,2.0158872604370117,,19.257466077804565,0.015690326690673828
1145,2.065706968307495,,19.273550510406494,0.01608443260192871
1146,2.0709733963012695,,19.289599657058716,0.01604914665222168
1147,2.0631346702575684,,19.305329084396362,0.015729427337646484
1148,2.0598740577697754,,19.32101821899414,0.01568913459777832
1149,2.000731945037842,,19.336968898773193,0.015950679779052734
1150,2.1072328090667725,,19.352787971496582,0.015819072723388672
1151,2.0155744552612305,,19.368809700012207,0.016021728515625
1152,1.9979631900787354,,19.384623289108276,0.015813589096069336
1153,2.1087493896484375,,19.4005606174469,0.0
1154,2.053149938583374,,19.41756272315979,0.00118255615234375
1155,2.0540337562561035,,19.44809103012085,0.01574230194091797
1156,2.0254111289978027,,19.463828325271606,0.015737295150756836
1157,2.026261568069458,,19.47957158088684,0.015743255615234375
1158,2.0452840328216553,,19.495458602905273,0.015887022018432617
1159,2.0926291942596436,,19.511361598968506,0.015902996063232422
1160,1.961869239807129,,19.527487993240356,0.016126394271850586
1161,2.041682243347168,,19.54331660270691,0.015828609466552734
1162,2.002142906188965,,19.559024333953857,0.015707731246948242
1163,2.027672290802002,,19.574764728546143,0.015740394592285156
1164,2.0021729469299316,,19.590428352355957,0.015663623809814453
1165,1.9890159368515015,,19.60631275177002,0.0158843994140625
1166,2.00136137008667,,19.622079849243164,0.01576709747314453
1167,2.0735361576080322,,19.638203382492065,0.016123533248901367
1168,2.0189321041107178,,19.654046773910522,0.01584339141845703
1169,2.01568341255188,,19.67019033432007,0.0161435604095459
1170,2.035111665725708,,19.68592381477356,0.01573348045349121
1171,2.0358948707580566,,19.701910257339478,0.01598644256591797
1172,2.0501484870910645,,19.733447551727295,0.015830516815185547
1173,2.012742519378662,,19.749186038970947,0.015738487243652344
1174,1.983926773071289,,19.764889240264893,0.015703201293945312
1175,1.9953477382659912,,19.781044960021973,0.016155719757080078
1176,1.9716243743896484,,19.79678201675415,0.015737056732177734
1177,1.9884759187698364,,19.81250810623169,0.015726089477539062
1178,2.027620792388916,,19.82824444770813,0.01573634147644043
1179,2.0252492427825928,,19.843946933746338,0.015702486038208008
1180,2.0058536529541016,,19.85963273048401,0.0156857967376709
1181,1.9657928943634033,,19.875381469726562,0.01574873924255371
1182,2.0296778678894043,,19.89110279083252,0.01572132110595703
1183,2.0286059379577637,,19.906832933425903,0.01573014259338379
1184,2.028627872467041,,19.92255210876465,0.015719175338745117
1185,1.9204009771347046,,19.938295125961304,0.015743017196655273
1186,1.9422826766967773,,19.954017877578735,0.01572275161743164
1187,2.047989845275879,,19.970013856887817,0.01599597930908203
1188,1.9562264680862427,,19.98573327064514,0.01571941375732422
1189,2.0142955780029297,,20.001452684402466,0.01571941375732422
1190,1.9991743564605713,,20.017560720443726,0.016108036041259766
1191,1.960769772529602,,20.033299684524536,0.0
1192,2.019298553466797,,20.049405097961426,0.0
1193,1.9478179216384888,,20.08134388923645,0.015901803970336914
1194,1.9895825386047363,,20.097070693969727,0.015726804733276367
1195,2.0266833305358887,,20.11282968521118,0.015758991241455078
1196,2.0021743774414062,,20.128675937652588,0.01584625244140625
1197,2.11482834815979,,20.144416570663452,0.015740633010864258
1198,1.959780216217041,,20.16046142578125,0.01604485511779785
1199,1.9531817436218262,,20.17618703842163,0.01572561264038086
1200,2.029266834259033,0.9777145385742188,20.191875219345093,0.015688180923461914
1201,2.018500328063965,,20.20772361755371,0.015848398208618164
1202,1.9417436122894287,,20.223501205444336,0.015777587890625
1203,1.9682440757751465,,20.23926854133606,0.015767335891723633
1204,1.9773519039154053,,20.256288051605225,0.01701951026916504
1205,1.991368293762207,,20.271329164505005,0.015041112899780273
1206,1.9800961017608643,,20.287434577941895,0.01610541343688965
1207,2.020359992980957,,20.303125619888306,0.015691041946411133
1208,1.9214813709259033,,20.33494997024536,0.031824350357055664
1209,1.9370968341827393,,20.33494997024536,0.0
1210,1.9728056192398071,,20.366466999053955,0.015773534774780273
1211,1.9274555444717407,,20.38259983062744,0.016132831573486328
1212,2.024440050125122,,20.39858317375183,0.01598334312438965
1213,1.939629077911377,,20.4143168926239,0.015733718872070312
1214,1.9768474102020264,,20.430301904678345,0.01598501205444336
1215,1.9699326753616333,,20.44639801979065,0.016096115112304688
1216,1.9839566946029663,,20.463368892669678,0.01697087287902832
1217,1.9701471328735352,,20.477935314178467,0.014566421508789062
1218,1.9817767143249512,,20.493631839752197,0.01569652557373047
1219,1.9410585165023804,,20.50973129272461,0.01609945297241211
1220,1.9250479936599731,,20.525468349456787,0.015737056732177734
1221,1.9978834390640259,,20.541189670562744,0.01572132110595703
1222,1.9971177577972412,,20.556950092315674,0.015760421752929688
1223,1.9421536922454834,,20.572670459747314,0.015720367431640625
1224,1.9198757410049438,,20.588402032852173,0.0157315731048584
1225,1.9299743175506592,,20.60409688949585,0.015694856643676758
1226,1.9883131980895996,,20.619817972183228,0.0
1227,1.9326554536819458,,20.635915517807007,0.0
1228,1.9065954685211182,,20.667766332626343,0.016082286834716797
1229,1.9917560815811157,,20.683600187301636,0.01583385467529297
1230,1.9033617973327637,,20.699528455734253,0.015928268432617188
1231,1.9486736059188843,,20.723650455474854,0.024121999740600586
1232,1.9619611501693726,,20.733520984649658,0.009870529174804688
1233,1.948675274848938,,20.762320041656494,0.015702247619628906
1234,1.9790668487548828,,20.777971744537354,0.015651702880859375
1235,1.9310930967330933,,20.79367160797119,0.01569986343383789
1236,1.926513433456421,,20.80935311317444,0.01568150520324707
1237,1.9727822542190552,,20.82504916191101,0.015696048736572266
1238,1.9038164615631104,,20.856703519821167,0.03165435791015625
1239,1.9159015417099,,20.87270975112915,0.0160062313079834
1240,1.9314812421798706,,20.88884711265564,0.016137361526489258
1241,1.9041557312011719,,20.904805898666382,0.015958786010742188
1242,1.9198801517486572,,20.93657684326172,0.031770944595336914
1243,1.958589792251587,,20.952327489852905,0.015750646591186523
1244,1.9433830976486206,,20.96821641921997,0.01588892936706543
1245,1.9559004306793213,,21.00007724761963,0.0318608283996582
1246,1.914348840713501,,21.016133069992065,0.016055822372436523
1247,1.859117865562439,,21.03196120262146,0.01582813262939453
1248,1.8784465789794922,,21.063591480255127,0.03163027763366699
1249,1.898169755935669,,21.079492807388306,0.01590132713317871
1250,1.8997433185577393,,21.095629930496216,0.016137123107910156
1251,1.9544111490249634,,21.12733793258667,0.0317080020904541
1252,1.8673477172851562,,21.14322590827942,0.015887975692749023
1253,1.915134310722351,,21.159059524536133,0.015833616256713867
1254,1.935181975364685,,21.19080901145935,0.03174948692321777
1255,1.9396402835845947,,21.206530809402466,0.015721797943115234
1256,1.9189534187316895,,21.222654819488525,0.01612401008605957
1257,1.9763574600219727,,21.254388332366943,0.03173351287841797
1258,1.9453703165054321,,21.27044653892517,0.01605820655822754
1259,1.9340559244155884,,21.286314249038696,0.01586771011352539
1260,1.9004034996032715,,21.302173852920532,0.015859603881835938
1261,1.914314866065979,,21.31807231903076,0.015898466110229492
1262,1.9084985256195068,,21.333821058273315,0.01574873924255371
1263,1.8829089403152466,,21.351406574249268,0.01758551597595215
1264,1.920499563217163,,21.36542010307312,0.014013528823852539
1265,1.9444849491119385,,21.39704656600952,0.03162646293640137
1266,1.8608455657958984,,21.412719249725342,0.015672683715820312
1267,1.919405460357666,,21.444382905960083,0.03166365623474121
1268,1.8486592769622803,,21.460068464279175,0.015685558319091797
1269,1.8409361839294434,,21.47582983970642,0.015761375427246094
1270,1.9435806274414062,,21.507795810699463,0.03196597099304199
1271,1.908219337463379,,21.52350354194641,0.015707731246948242
1272,1.8970884084701538,,21.55510711669922,0.03160357475280762
1273,1.9162416458129883,,21.571007013320923,0.0158998966217041
1274,1.897908091545105,,21.586968660354614,0.015961647033691406
1275,1.8780786991119385,,21.60291337966919,0.015944719314575195
1276,1.8953025341033936,,21.618926525115967,0.016013145446777344
1277,1.8466291427612305,,21.63505506515503,0.0161285400390625
1278,1.953786015510559,,21.666850805282593,0.0157315731048584
1279,1.9338263273239136,,21.682838678359985,0.015987873077392578
1280,1.8479509353637695,,21.698546648025513,0.015707969665527344
1281,1.8634886741638184,,21.71443462371826,0.015887975692749023
1282,1.8722670078277588,,21.730279207229614,0.01584458351135254
1283,1.898666501045227,,21.746182203292847,0.015902996063232422
1284,1.9374432563781738,,21.762239933013916,0.016057729721069336
1285,1.9086616039276123,,21.777918815612793,0.008791923522949219
1286,1.9351520538330078,,21.793619632720947,0.015700817108154297
1287,1.974199891090393,,21.80971622467041,0.01609659194946289
1288,1.9179997444152832,,21.825784921646118,0.016068696975708008
1289,1.9090912342071533,,21.842936038970947,0.0171511173248291
1290,1.8824392557144165,,21.857478380203247,0.014542341232299805
1291,1.9321256875991821,,21.87322449684143,0.015746116638183594
1292,1.884127140045166,,21.88890767097473,0.01568317413330078
1293,1.8257594108581543,,21.90471124649048,0.01580357551574707
1294,1.87369704246521,,21.92042636871338,0.01571512222290039
1295,1.8730945587158203,,21.95181679725647,0.03139042854309082
1296,1.8068881034851074,,21.967849731445312,0.016032934188842773
1297,1.8834075927734375,,21.983720541000366,0.01587080955505371
1298,1.9219424724578857,,21.999542474746704,0.01582193374633789
1299,1.8767368793487549,,22.015336990356445,0.01579451560974121
1300,1.938886284828186,0.9844595591227213,22.031318426132202,0.015981435775756836
1301,1.9001741409301758,,22.0472412109375,0.01592278480529785
1302,1.8761091232299805,,22.063157081604004,0.015915870666503906
1303,1.8658673763275146,,22.078889846801758,0.015732765197753906
1304,1.855396032333374,,22.094592094421387,0.015702247619628906
1305,1.8659905195236206,,22.110620498657227,0.016028404235839844
1306,1.8805458545684814,,22.126529216766357,0.01590871810913086
1307,1.7757809162139893,,22.143449068069458,0.0011510848999023438
1308,1.81075918674469,,22.15800666809082,0.0
1309,1.8517910242080688,,22.19024109840393,0.016096115112304688
1310,1.8942689895629883,,22.205934047698975,0.015692949295043945
1311,1.9030022621154785,,22.221837520599365,0.015903472900390625
1312,1.869166374206543,,22.237645387649536,0.0158078670501709
1313,1.8560386896133423,,22.253350257873535,0.015704870223999023
1314,1.8702819347381592,,22.269042491912842,0.01569223403930664
1315,1.8775986433029175,,22.2847261428833,0.015683650970458984
1316,1.8469750881195068,,22.30062770843506,0.015901565551757812
1317,1.8701908588409424,,22.31650733947754,0.01587963104248047
1318,1.8275549411773682,,22.332324743270874,0.01581740379333496
1319,1.8005611896514893,,22.348040103912354,0.015715360641479492
1320,1.8230178356170654,,22.367231607437134,0.019191503524780273
1321,1.837394118309021,,22.379541635513306,0.012310028076171875
1322,1.8578459024429321,,22.395606756210327,0.016065120697021484
1323,1.8168786764144897,,22.427533626556396,0.015826940536499023
1324,1.8493587970733643,,22.443654775619507,0.01612114906311035
1325,1.8398525714874268,,22.459484815597534,0.015830039978027344
1326,1.8322559595108032,,22.475178956985474,0.015694141387939453
1327,1.8396339416503906,,22.490828037261963,0.015649080276489258
1328,1.839940071105957,,22.50662875175476,0.01580071449279785
1329,1.8620305061340332,,22.522772789001465,0.0
1330,1.8537909984588623,,22.554547786712646,0.015681743621826172
1331,1.7981010675430298,,22.570347785949707,0.015799999237060547
1332,1.7757353782653809,,22.586089849472046,0.015742063522338867
1333,1.8563601970672607,,22.601846933364868,0.015757083892822266
1334,1.8044865131378174,,22.61764645576477,0.015799522399902344
1335,1.8281059265136719,,22.633789777755737,0.016143321990966797
1336,1.7799876928329468,,22.649442195892334,0.01565241813659668
1337,1.860535979270935,,22.665265321731567,0.0
1338,1.828383445739746,,22.69733691215515,0.01616048812866211
1339,1.891999363899231,,22.71308970451355,0.015752792358398438
1340,1.828928828239441,,22.744914054870605,0.031824350357055664
1341,1.828465461730957,,22.760956525802612,0.016042470932006836
1342,1.8313236236572266,,22.77695059776306,0.01599407196044922
1343,1.7911330461502075,,22.808708429336548,0.03175783157348633
1344,1.8052679300308228,,22.808708429336548,0.0
1345,1.8118700981140137,,22.84013319015503,0.015723228454589844
1346,1.8297839164733887,,22.855840921401978,0.015707731246948242
1347,1.8500438928604126,,22.871662855148315,0.01582193374633789
1348,1.8183948993682861,,22.88774347305298,0.016080617904663086
1349,1.8357621431350708,,22.904768228530884,0.017024755477905273
1350,1.8702330589294434,,22.919350624084473,0.014582395553588867
1351,1.8465495109558105,,22.935139656066895,0.015789031982421875
1352,1.8343782424926758,,22.951014757156372,0.01587510108947754
1353,1.84772789478302,,22.982981204986572,0.031966447830200195
1354,1.8355768918991089,,22.998660802841187,0.015679597854614258
1355,1.8136672973632812,,23.014474868774414,0.01581406593322754
1356,1.8483392000198364,,23.030198097229004,0.015723228454589844
1357,1.7982903718948364,,23.045934677124023,0.01573657989501953
1358,1.774855375289917,,23.06165099143982,0.0157163143157959
1359,1.8360353708267212,,23.077327966690063,0.01567697525024414
1360,1.7867162227630615,,23.09311294555664,0.01578497886657715
1361,1.8267748355865479,,23.125218391418457,0.032105445861816406
1362,1.804935097694397,,23.14123296737671,0.016014575958251953
1363,1.7918540239334106,,23.15701127052307,0.015778303146362305
1364,1.7788403034210205,,23.17287826538086,0.015866994857788086
1365,1.8105313777923584,,23.188580989837646,0.01570272445678711
1366,1.7901947498321533,,23.204538583755493,0.01595759391784668
1367,1.7791510820388794,,23.220638751983643,0.016100168228149414
1368,1.8091716766357422,,23.236725568771362,0.016086816787719727
1369,1.788604497909546,,23.252859830856323,0.016134262084960938
1370,1.8395092487335205,,23.26874542236328,0.015885591506958008
1371,1.7723506689071655,,23.284537076950073,0.015791654586791992
1372,1.8831708431243896,,23.300429344177246,0.01589226722717285
1373,1.8337785005569458,,23.31647038459778,0.0
1374,1.8032454252243042,,23.348100662231445,0.01581740379333496
1375,1.7470582723617554,,23.363891124725342,0.015790462493896484
1376,1.7749431133270264,,23.379722118377686,0.01583099365234375
1377,1.82026207447052,,23.39551544189453,0.015793323516845703
1378,1.7937896251678467,,23.411241054534912,0.01572561264038086
1379,1.7878819704055786,,23.427109003067017,0.015867948532104492
1380,1.848012924194336,,23.442800283432007,0.015691280364990234
1381,1.7898281812667847,,23.458526611328125,0.015726327896118164
1382,1.7814887762069702,,23.47461986541748,0.01609325408935547
1383,1.8342821598052979,,23.490517616271973,0.015897750854492188
1384,1.812899112701416,,23.50659465789795,0.0
1385,1.837209701538086,,23.538119316101074,0.015813589096069336
1386,1.8006858825683594,,23.55384922027588,0.014558076858520508
1387,1.758579134941101,,23.576571702957153,0.020719051361083984
1388,1.7837640047073364,,23.59207010269165,0.01549839973449707
1389,1.824877381324768,,23.608519554138184,0.01470947265625
1390,1.8064687252044678,,23.624995470046997,0.014735937118530273
1391,1.739706039428711,,23.643712520599365,0.01671457290649414
1392,1.796741008758545,,23.6642165184021,0.020503997802734375
1393,1.7771174907684326,,23.681713581085205,0.015494823455810547
1394,1.7943639755249023,,23.697210788726807,0.015497207641601562
1395,1.8332622051239014,,23.714707136154175,0.015494108200073242
1396,1.813218116760254,,23.731945037841797,0.01723790168762207
1397,1.7458518743515015,,23.74917960166931,0.01723456382751465
1398,1.739285945892334,,23.76668405532837,0.017504453659057617
1399,1.8217029571533203,,23.784460067749023,0.017776012420654297
1400,1.8518877029418945,0.9854340354601542,23.804222583770752,0.019762516021728516
1401,1.7771332263946533,,23.819721937179565,0.015499353408813477
1402,1.7652137279510498,,23.837220907211304,0.015497207641601562
1403,1.8217501640319824,,23.853294134140015,0.016073226928710938
1404,1.8102200031280518,,23.870004177093506,0.014969587326049805
1405,1.7837682962417603,,23.89352059364319,0.021513938903808594
1406,1.7746573686599731,,23.908753633499146,0.015233039855957031
1407,1.7871335744857788,,23.92520260810852,0.016448974609375
1408,1.7682126760482788,,23.941680192947388,0.014975547790527344
1409,1.7628231048583984,,23.95792007446289,0.015237808227539062
1410,1.7926725149154663,,23.973156213760376,0.015236139297485352
1411,1.7255616188049316,,23.99087357521057,0.01571488380432129
1412,1.767293095588684,,24.006629467010498,0.013753890991210938
1413,1.7308109998703003,,24.022579193115234,0.013947725296020508
1414,1.753892183303833,,24.03981328010559,0.015232563018798828
1415,1.6594191789627075,,24.057531356811523,0.015975475311279297
1416,1.7403439283370972,,24.073505878448486,0.01423192024230957
1417,1.7741763591766357,,24.08926248550415,0.013754844665527344
1418,1.7356350421905518,,24.106239795684814,0.014975309371948242
1419,1.7728602886199951,,24.123476266860962,0.015496492385864258
1420,1.8115155696868896,,24.138713598251343,0.01523733139038086
1421,1.7367844581604004,,24.156731605529785,0.016016483306884766
1422,1.7708535194396973,,24.171971082687378,0.015239477157592773
1423,1.831819772720337,,24.189207792282104,0.015234947204589844
1424,1.7345415353775024,,24.20492124557495,0.013973474502563477
1425,1.7768133878707886,,24.220898389816284,0.013975143432617188
1426,1.7931153774261475,,24.239397048950195,0.015494585037231445
1427,1.7453017234802246,,24.25510883331299,0.01571178436279297
1428,1.7659610509872437,,24.2706036567688,0.013492584228515625
1429,1.723978042602539,,24.287841796875,0.015235662460327148
1430,1.6777887344360352,,24.305078983306885,0.015235424041748047
1431,1.7966487407684326,,24.320792198181152,0.015713214874267578
1432,1.7618870735168457,,24.33676505088806,0.013970375061035156
1433,1.7534284591674805,,24.35445809364319,0.015950441360473633
1434,1.7603679895401,,24.37043285369873,0.015974760055541992
1435,1.7906477451324463,,24.38614535331726,0.013972759246826172
1436,1.7757283449172974,,24.40338444709778,0.01549673080444336
1437,1.7770284414291382,,24.419097900390625,0.01371145248413086
1438,1.742295265197754,,24.436820030212402,0.015979528427124023
1439,1.7399126291275024,,24.45232129096985,0.015501260757446289
1440,1.764543056488037,,24.468347311019897,0.014023303985595703
1441,1.724382996559143,,24.486125230789185,0.015774011611938477
1442,1.7394846677780151,,24.50765061378479,0.019521713256835938
1443,1.6940473318099976,,24.523423671722412,0.01577305793762207
1444,1.7307558059692383,,24.53744125366211,0.01201486587524414
1445,1.7743743658065796,,24.553135871887207,0.015694618225097656
1446,1.7125566005706787,,24.584969758987427,0.03183388710021973
1447,1.7146742343902588,,24.600663661956787,0.01569390296936035
1448,1.750191569328308,,24.61637544631958,0.01571178436279297
1449,1.7235851287841797,,24.649156093597412,0.03278064727783203
1450,1.7169790267944336,,24.66380262374878,0.014646530151367188
1451,1.7709193229675293,,24.67963218688965,0.01582956314086914
1452,1.6574963331222534,,24.71134662628174,0.015781641006469727
1453,1.7619916200637817,,24.727298974990845,0.015952348709106445
1454,1.7687989473342896,,24.759002447128296,0.03170347213745117
1455,1.7047815322875977,,24.774727821350098,0.015725374221801758
1456,1.6934404373168945,,24.790576696395874,0.015848875045776367
1457,1.7312908172607422,,24.806546688079834,0.01596999168395996
1458,1.7299432754516602,,24.822420120239258,0.015873432159423828
1459,1.733776569366455,,24.838112592697144,0.015692472457885742
1460,1.7547783851623535,,24.855090856552124,0.01697826385498047
1461,1.7082703113555908,,24.885783672332764,0.016129016876220703
1462,1.719037652015686,,24.901911735534668,0.016128063201904297
1463,1.7193970680236816,,24.93339991569519,0.03148818016052246
1464,1.7290122509002686,,24.949096202850342,0.015696287155151367
1465,1.7080222368240356,,24.964816093444824,0.015719890594482422
1466,1.773574948310852,,24.980838775634766,0.016022682189941406
1467,1.6818041801452637,,25.01258611679077,0.03174734115600586
1468,1.6905051469802856,,25.02852201461792,0.015935897827148438
1469,1.6536650657653809,,25.060391902923584,0.03186988830566406
1470,1.7414798736572266,,25.076097011566162,0.015705108642578125
1471,1.6807219982147217,,25.091965436935425,0.015868425369262695
1472,1.703600525856018,,25.125672101974487,0.0337066650390625
1473,1.7361170053482056,,25.139549016952515,0.013876914978027344
1474,1.6760801076889038,,25.155274152755737,0.015725135803222656
1475,1.7171683311462402,,25.171113967895508,0.015839815139770508
1476,1.717282772064209,,25.186841011047363,0.01572704315185547
1477,1.7038308382034302,,25.2025043964386,0.01566338539123535
1478,1.7056610584259033,,25.21858859062195,0.01608419418334961
1479,1.694688320159912,,25.250320196151733,0.015762805938720703
1480,1.733701229095459,,25.266307830810547,0.015987634658813477
1481,1.7111830711364746,,25.282012462615967,0.015704631805419922
1482,1.6952704191207886,,25.297646522521973,0.01563405990600586
1483,1.7425717115402222,,25.319636821746826,0.021990299224853516
1484,1.686598777770996,,25.329505920410156,0.009869098663330078
1485,1.7302645444869995,,25.345573663711548,0.0160677433013916
1486,1.696465015411377,,25.361680030822754,0.016106367111206055
1487,1.701563835144043,,25.377787351608276,0.01610732078552246
1488,1.7556335926055908,,25.393648386001587,0.015861034393310547
1489,1.7159940004348755,,25.42560863494873,0.0161287784576416
1490,1.7335485219955444,,25.44161629676819,0.016007661819458008
1491,1.7349729537963867,,25.457599639892578,0.01598334312438965
1492,1.69038724899292,,25.473541736602783,0.015942096710205078
1493,1.6929672956466675,,25.489562034606934,0.01602029800415039
1494,1.695003628730774,,25.50530481338501,0.015742778778076172
1495,1.7229386568069458,,25.521360158920288,0.01605534553527832
1496,1.6473486423492432,,25.55327010154724,0.015865325927734375
1497,1.7827601432800293,,25.569119930267334,0.015849828720092773
1498,1.6411032676696777,,25.58499550819397,0.015875577926635742
1499,1.745509147644043,,25.6008460521698,0.015850543975830078
1500,1.6533849239349365,0.9890627861022949,25.616575956344604,0.015729904174804688
1501,1.6560311317443848,,25.632312297821045,0.01573634147644043
1502,1.681930661201477,,25.648351669311523,0.016039371490478516
1503,1.6979997158050537,,25.664122104644775,0.015770435333251953
1504,1.7749640941619873,,25.69602608680725,0.031903982162475586
1505,1.7129977941513062,,25.711787939071655,0.015761852264404297
1506,1.6475224494934082,,25.72955560684204,0.0157623291015625
1507,1.7052631378173828,,25.750800132751465,0.021244525909423828
1508,1.721934199333191,,25.76656413078308,0.01576399803161621
1509,1.642956018447876,,25.783815622329712,0.01725149154663086
1510,1.711167573928833,,25.789826154708862,0.006010532379150391
1511,1.7180849313735962,,25.805580615997314,0.01575446128845215
1512,1.6877281665802002,,25.821303606033325,0.015722990036010742
1513,1.6721009016036987,,25.837082862854004,0.01577925682067871
1514,1.6878745555877686,,25.852770566940308,0.01568770408630371
1515,1.6965335607528687,,25.868479013442993,0.015708446502685547
1516,1.6941018104553223,,25.884177923202515,0.0
1517,1.681004524230957,,25.915658712387085,0.01570749282836914
1518,1.690859079360962,,25.931397676467896,0.015738964080810547
1519,1.7253291606903076,,25.947144508361816,0.0157468318939209
1520,1.7208399772644043,,25.96301770210266,0.015873193740844727
1521,1.695817470550537,,25.97884178161621,0.015824079513549805
1522,1.6895182132720947,,25.9957537651062,0.016911983489990234
1523,1.6789202690124512,,26.01031231880188,0.014558553695678711
1524,1.6956806182861328,,26.02613639831543,0.015824079513549805
1525,1.7082511186599731,,26.042226314544678,0.016089916229248047
1526,1.688590168952942,,26.058163166046143,0.015936851501464844
1527,1.670518159866333,,26.074037551879883,0.015874385833740234
1528,1.6792774200439453,,26.089747190475464,0.015709638595581055
1529,1.6878576278686523,,26.10578942298889,0.016042232513427734
1530,1.6440132856369019,,26.121521949768066,0.015732526779174805
1531,1.664798378944397,,26.137240409851074,0.0
1532,1.6089606285095215,,26.168670415878296,0.01571035385131836
1533,1.6404213905334473,,26.18479299545288,0.01612257957458496
1534,1.6522914171218872,,26.200509548187256,0.015716552734375
1535,1.673672080039978,,26.216212272644043,0.01570272445678711
1536,1.627480387687683,,26.23197031021118,0.015758037567138672
1537,1.7052366733551025,,26.24888849258423,0.016918182373046875
1538,1.652237892150879,,26.263428926467896,0.014540433883666992
1539,1.6679120063781738,,26.27915358543396,0.015724658966064453
1540,1.6723175048828125,,26.2948796749115,0.015726089477539062
1541,1.6836830377578735,,26.310755729675293,0.015876054763793945
1542,1.6995280981063843,,26.326797485351562,0.01604175567626953
1543,1.6564369201660156,,26.358583450317383,0.016057252883911133
1544,1.6452133655548096,,26.37470245361328,0.016119003295898438
1545,1.7402715682983398,,26.39046025276184,0.01575779914855957
1546,1.715280532836914,,26.406238079071045,0.0157778263092041
1547,1.6688685417175293,,26.421987295150757,0.015749216079711914
1548,1.650649070739746,,26.43812608718872,0.016138792037963867
1549,1.6491390466690063,,26.453874349594116,0.015748262405395508
1550,1.6618397235870361,,26.48535394668579,0.031479597091674805
1551,1.6504268646240234,,26.501015424728394,0.01566147804260254
1552,1.6772428750991821,,26.51668643951416,0.0156710147857666
1553,1.7097954750061035,,26.532458782196045,0.015772342681884766
1554,1.697369933128357,,26.54924488067627,0.01678609848022461
1555,1.6941580772399902,,26.56395125389099,0.01470637321472168
1556,1.6342618465423584,,26.579843044281006,0.01589179039001465
1557,1.7289190292358398,,26.595659494400024,0.015816450119018555
1558,1.619985580444336,,26.61150884628296,0.01584935188293457
1559,1.7171859741210938,,26.627192497253418,0.015683650970458984
1560,1.6668546199798584,,26.64289617538452,0.015703678131103516
1561,1.6770603656768799,,26.658592462539673,0.0
1562,1.6488721370697021,,26.690297842025757,0.016002178192138672
1563,1.6214979887008667,,26.70599603652954,0.01569819450378418
1564,1.6460473537445068,,26.722045421600342,0.01604938507080078
1565,1.6371634006500244,,26.73808717727661,0.01604175567626953
1566,1.6987733840942383,,26.753758192062378,0.0156710147857666
1567,1.6716852188110352,,26.76949644088745,0.015738248825073242
1568,1.6859148740768433,,26.785237550735474,0.01574110984802246
1569,1.6692020893096924,,26.80096697807312,0.015729427337646484
1570,1.6643450260162354,,26.81670379638672,0.0
1571,1.6958262920379639,,26.832433462142944,0.0
1572,1.6183021068572998,,26.86386227607727,0.01568913459777832
1573,1.707449197769165,,26.87965965270996,0.01579737663269043
1574,1.6518645286560059,,26.89535140991211,0.015691757202148438
1575,1.635675072669983,,26.911498308181763,0.01614689826965332
1576,1.6434969902038574,,26.927358388900757,0.01586008071899414
1577,1.6583545207977295,,26.943368911743164,0.016010522842407227
1578,1.6182377338409424,,26.969271659851074,0.025902748107910156
1579,1.6768478155136108,,26.99116039276123,0.02188873291015625
1580,1.6384174823760986,,27.006821870803833,0.01566147804260254
1581,1.675126314163208,,27.022867679595947,0.016045808792114258
1582,1.6522126197814941,,27.038727521896362,0.01585984230041504
1583,1.6658942699432373,,27.054466247558594,0.015738725662231445
1584,1.6461894512176514,,27.07046627998352,0.016000032424926758
1585,1.6767871379852295,,27.08621883392334,0.015752553939819336
1586,1.675142765045166,,27.102068185806274,0.01584935188293457
1587,1.6630582809448242,,27.117785930633545,0.015717744827270508
1588,1.6129271984100342,,27.133453369140625,0.015667438507080078
1589,1.6197595596313477,,27.149216413497925,0.015763044357299805
1590,1.6221747398376465,,27.164950370788574,0.015733957290649414
1591,1.6786881685256958,,27.180694103240967,0.015743732452392578
1592,1.6113035678863525,,27.196414709091187,0.015720605850219727
1593,1.6370184421539307,,27.21213674545288,0.015722036361694336
1594,1.6212595701217651,,27.243848085403442,0.03171133995056152
1595,1.6051025390625,,27.265718936920166,0.021870851516723633
1596,1.6529961824417114,,27.29079794883728,0.025079011917114258
1597,1.6309828758239746,,27.306447982788086,0.015650033950805664
1598,1.5935487747192383,,27.3218777179718,0.01542973518371582
1599,1.6840842962265015,,27.337520122528076,0.015642404556274414
1600,1.6060397624969482,0.9887893199920654,27.369296312332153,0.03177618980407715
1601,1.6732882261276245,,27.3850679397583,0.01577162742614746
1602,1.599741816520691,,27.403519868850708,0.018451929092407227
1603,1.5920498371124268,,27.416871070861816,0.011347532272338867
1604,1.6733585596084595,,27.432618856430054,0.015747785568237305
1605,1.6015818119049072,,27.448467254638672,0.015848398208618164
1606,1.6693012714385986,,27.48043155670166,0.01612114906311035
1607,1.6168410778045654,,27.496188402175903,0.015756845474243164
1608,1.6412529945373535,,27.512160778045654,0.015972375869750977
1609,1.63539719581604,,27.527952194213867,0.01579141616821289
1610,1.6428295373916626,,27.5438232421875,0.015871047973632812
1611,1.7130885124206543,,27.55970597267151,0.01588273048400879
1612,1.6028307676315308,,27.575727701187134,0.016021728515625
1613,1.6499780416488647,,27.595519304275513,0.008019208908081055
1614,1.6322240829467773,,27.61349868774414,0.007759809494018555
1615,1.6146917343139648,,27.623541355133057,0.010042667388916016
1616,1.6034951210021973,,27.639249324798584,0.0
1617,1.5879740715026855,,27.670672178268433,0.01569056510925293
1618,1.6138226985931396,,27.686386585235596,0.015714406967163086
1619,1.5961012840270996,,27.702085256576538,0.015698671340942383
1620,1.6272077560424805,,27.717793464660645,0.015708208084106445
1621,1.6366267204284668,,27.733603715896606,0.015810251235961914
1622,1.5992686748504639,,27.749331951141357,0.015728235244750977
1623,1.6627992391586304,,27.765028476715088,0.01569652557373047
1624,1.609228491783142,,27.780754327774048,0.01572585105895996
1625,1.6107332706451416,,27.79771876335144,0.016964435577392578
1626,1.6499989032745361,,27.812259912490845,0.014541149139404297
1627,1.6326547861099243,,27.827950716018677,0.01569080352783203
1628,1.5811879634857178,,27.84369993209839,0.015749216079711914
1629,1.5684199333190918,,27.859546661376953,0.015846729278564453
1630,1.6416449546813965,,27.87528681755066,0.015740156173706055
1631,1.5813219547271729,,27.891112327575684,0.015825510025024414
1632,1.6332958936691284,,27.906836986541748,0.015724658966064453
1633,1.6303232908248901,,27.922595500946045,0.015758514404296875
1634,1.6686925888061523,,27.93830919265747,0.01571369171142578
1635,1.6409099102020264,,27.954040050506592,0.015730857849121094
1636,1.6472442150115967,,27.969874143600464,0.01583409309387207
1637,1.632567286491394,,27.985591888427734,0.0
1638,1.6096794605255127,,28.001364946365356,0.0
1639,1.5608093738555908,,28.033019065856934,0.015850543975830078
1640,1.613241195678711,,28.04895567893982,0.015936613082885742
1641,1.5678105354309082,,28.06467628479004,0.015720605850219727
1642,1.6283376216888428,,28.080524921417236,0.015848636627197266
1643,1.5968183279037476,,28.096245288848877,0.015720367431640625
1644,1.6129728555679321,,28.112069368362427,0.015824079513549805
1645,1.6546556949615479,,28.127758502960205,0.01568913459777832
1646,1.614806890487671,,28.14346718788147,0.01570868492126465
1647,1.6272871494293213,,28.159236669540405,0.015769481658935547
1648,1.613853931427002,,28.175153493881226,0.015916824340820312
1649,1.6024707555770874,,28.19112777709961,0.01597428321838379
1650,1.6509299278259277,,28.206843852996826,0.015716075897216797
1651,1.5975875854492188,,28.222574710845947,0.015730857849121094
1652,1.6211693286895752,,28.238550424575806,0.0159757137298584
1653,1.6944799423217773,,28.254284143447876,0.015733718872070312
1654,1.613173246383667,,28.269999265670776,0.01571512222290039
1655,1.5981806516647339,,28.285771131515503,0.015771865844726562
1656,1.636075735092163,,28.30146598815918,0.015694856643676758
1657,1.6612099409103394,,28.317211389541626,0.0
1658,1.616572618484497,,28.332938194274902,0.0
1659,1.5977036952972412,,28.364484548568726,0.01581096649169922
1660,1.5634318590164185,,28.380398750305176,0.015914201736450195
1661,1.5696110725402832,,28.396228790283203,0.015830039978027344
1662,1.5934250354766846,,28.41211462020874,0.01588582992553711
1663,1.5694189071655273,,28.428049564361572,0.01593494415283203
1664,1.5818833112716675,,28.443838834762573,0.015789270401000977
1665,1.6299631595611572,,28.45973038673401,0.015891551971435547
1666,1.6122022867202759,,28.475581645965576,0.015851259231567383
1667,1.5934776067733765,,28.491457223892212,0.015875577926635742
1668,1.5725141763687134,,28.507334232330322,0.01587700843811035
1669,1.6238610744476318,,28.523229837417603,0.015895605087280273
1670,1.6004788875579834,,28.539164304733276,0.015934467315673828
1671,1.6029298305511475,,28.5550320148468,0.01586771011352539
1672,1.6320688724517822,,28.570729732513428,0.015697717666625977
1673,1.6101304292678833,,28.58764910697937,0.016919374465942383
1674,1.610140323638916,,28.60232901573181,0.014679908752441406
1675,1.6454508304595947,,28.633739709854126,0.01566028594970703
1676,1.5355099439620972,,28.64966058731079,0.01592087745666504
1677,1.5819333791732788,,28.665310859680176,0.015650272369384766
1678,1.5744855403900146,,28.68122410774231,0.01591324806213379
1679,1.64070463180542,,28.696902751922607,0.01567864418029785
1680,1.577141523361206,,28.7130606174469,0.016157865524291992
1681,1.6187291145324707,,28.728866815567017,0.015806198120117188
1682,1.6027778387069702,,28.744576930999756,0.015710115432739258
1683,1.647552251815796,,28.76031517982483,0.015738248825073242
1684,1.597404956817627,,28.77609348297119,0.015778303146362305
1685,1.5520273447036743,,28.7922420501709,0.01614856719970703
1686,1.58617103099823,,28.808089017868042,0.015846967697143555
1687,1.5792772769927979,,28.839467763900757,0.031378746032714844
1688,1.573336124420166,,28.855202674865723,0.01573491096496582
1689,1.633620262145996,,28.870935201644897,0.015732526779174805
1690,1.6007894277572632,,28.886977195739746,0.016041994094848633
1691,1.622951865196228,,28.902711153030396,0.015733957290649414
1692,1.5713913440704346,,28.918453216552734,0.015742063522338867
1693,1.630571722984314,,28.934221267700195,0.015768051147460938
1694,1.631176233291626,,28.95113754272461,0.016916275024414062
1695,1.6357324123382568,,28.96570658683777,0.01456904411315918
1696,1.595916509628296,,28.98163652420044,0.0159299373626709
1697,1.6389546394348145,,28.997313499450684,0.01567697525024414
1698,1.5917558670043945,,29.013060092926025,0.015746593475341797
1699,1.5400481224060059,,29.02892231941223,0.015862226486206055
1700,1.584979772567749,0.9918950398763021,29.04468059539795,0.015758275985717773
1701,1.6107547283172607,,29.060684204101562,0.01600360870361328
1702,1.6366233825683594,,29.076427698135376,0.015743494033813477
1703,1.5628833770751953,,29.092493534088135,0.0
1704,1.5747774839401245,,29.10836386680603,0.0
1705,1.5861093997955322,,29.14011836051941,0.015712738037109375
1706,1.5542291402816772,,29.156136989593506,0.01601862907409668
1707,1.6084957122802734,,29.17314863204956,0.017011642456054688
1708,1.5655001401901245,,29.18769121170044,0.014542579650878906
1709,1.5899726152420044,,29.20354175567627,0.015850543975830078
1710,1.5591850280761719,,29.219204664230347,0.01566290855407715
1711,1.6706840991973877,,29.234954118728638,0.015749454498291016
1712,1.5460268259048462,,29.250670433044434,0.0
1713,1.5727028846740723,,29.282018899917603,0.01567220687866211
1714,1.6049211025238037,,29.297961950302124,0.015943050384521484
1715,1.530815839767456,,29.313993215560913,0.016031265258789062
1716,1.5705053806304932,,29.329942226409912,0.015949010848999023
1717,1.581991195678711,,29.34697675704956,0.017034530639648438
1718,1.5670499801635742,,29.361501216888428,0.014524459838867188
1719,1.5755572319030762,,29.37745976448059,0.015958547592163086
1720,1.526968002319336,,29.393187046051025,0.01572728157043457
1721,1.542041540145874,,29.409168481826782,0.015981435775756836
1722,1.5944851636886597,,29.424946546554565,0.015778064727783203
1723,1.5786488056182861,,29.45636534690857,0.031418800354003906
1724,1.580387830734253,,29.472090244293213,0.015724897384643555
1725,1.5897163152694702,,29.48789644241333,0.015806198120117188
1726,1.538644552230835,,29.503844738006592,0.01594829559326172
1727,1.526654839515686,,29.519903898239136,0.016059160232543945
1728,1.5714056491851807,,29.53563618659973,0.015732288360595703
1729,1.583802580833435,,29.55294942855835,0.017313241958618164
1730,1.5185046195983887,,29.56763768196106,0.014688253402709961
1731,1.5251450538635254,,29.583660364151,0.016022682189941406
1732,1.6046931743621826,,29.599722385406494,0.016062021255493164
1733,1.534698247909546,,29.615635633468628,0.01591324806213379
1734,1.559998869895935,,29.63137650489807,0.01574087142944336
1735,1.6640021800994873,,29.647119522094727,0.015743017196655273
1736,1.513988733291626,,29.662940502166748,0.015820980072021484
1737,1.549552083015442,,29.67906403541565,0.016123533248901367
1738,1.568627119064331,,29.69499969482422,0.015935659408569336
1739,1.5848805904388428,,29.7110013961792,0.01600170135498047
1740,1.5376791954040527,,29.726897954940796,0.01589655876159668
1741,1.5793495178222656,,29.758442401885986,0.03154444694519043
1742,1.5504670143127441,,29.774149179458618,0.015706777572631836
1743,1.5311057567596436,,29.791292905807495,0.017143726348876953
1744,1.5934011936187744,,29.80608034133911,0.014787435531616211
1745,1.5505056381225586,,29.822229862213135,0.016149520874023438
1746,1.5293339490890503,,29.837972402572632,0.01574254035949707
1747,1.5958069562911987,,29.853693962097168,0.015721559524536133
1748,1.5677571296691895,,29.869427919387817,0.015733957290649414
1749,1.5570672750473022,,29.885108947753906,0.015681028366088867
1750,1.558243989944458,,29.900808811187744,0.01569986343383789
1751,1.581510305404663,,29.916499137878418,0.015690326690673828
1752,1.5440189838409424,,29.93218731880188,0.015688180923461914
1753,1.5418858528137207,,29.94795060157776,0.015763282775878906
1754,1.5543123483657837,,29.963645935058594,0.01569533348083496
1755,1.6277892589569092,,29.979336500167847,0.01569056510925293
1756,1.557989478111267,,30.01090145111084,0.015672922134399414
1757,1.5881359577178955,,30.026667833328247,0.015766382217407227
1758,1.5388295650482178,,30.04253888130188,0.015871047973632812
1759,1.5064995288848877,,30.05849862098694,0.015959739685058594
1760,1.5461807250976562,,30.074543476104736,0.01604485511779785
1761,1.558021903038025,,30.090412616729736,0.015869140625
1762,1.5311652421951294,,30.107458114624023,0.01704549789428711
1763,1.5761520862579346,,30.12195086479187,0.01449275016784668
1764,1.6304837465286255,,30.13786005973816,0.015909194946289062
1765,1.5810346603393555,,30.153928995132446,0.01606893539428711
1766,1.5401164293289185,,30.16993260383606,0.01600360870361328
1767,1.5574359893798828,,30.18565058708191,0.01571798324584961
1768,1.567476749420166,,30.20146369934082,0.015813112258911133
1769,1.5872381925582886,,30.21718168258667,0.01571798324584961
1770,1.5618782043457031,,30.233089208602905,0.01590752601623535
1771,1.5238699913024902,,30.248845100402832,0.015755891799926758
1772,1.537653923034668,,30.2647967338562,0.01595163345336914
1773,1.5593034029006958,,30.28062605857849,0.01582932472229004
1774,1.5692400932312012,,30.296562671661377,0.015936613082885742
1775,1.5491383075714111,,30.3135085105896,0.00118255615234375
1776,1.511988878250122,,30.328049182891846,0.0
1777,1.5418081283569336,,30.365973472595215,0.021820783615112305
1778,1.5041582584381104,,30.3837788105011,0.01780533790588379
1779,1.5023982524871826,,30.401574850082397,0.015787839889526367
1780,1.4976561069488525,,30.421374320983887,0.017794370651245117
1781,1.5499343872070312,,30.43914794921875,0.01777362823486328
1782,1.5150797367095947,,30.455023765563965,0.015875816345214844
1783,1.5078315734863281,,30.486397981643677,0.031374216079711914
1784,1.5678021907806396,,30.50219416618347,0.015796184539794922
1785,1.5005229711532593,,30.51805305480957,0.015858888626098633
1786,1.5560131072998047,,30.533998489379883,0.0159454345703125
1787,1.5363874435424805,,30.549710035324097,0.015711545944213867
1788,1.5579643249511719,,30.56548023223877,0.01577019691467285
1789,1.562960147857666,,30.581555128097534,0.01607489585876465
1790,1.5868525505065918,,30.5972421169281,0.015686988830566406
1791,1.519734501838684,,30.613157272338867,0.0159151554107666
1792,1.51466703414917,,30.62884521484375,0.015687942504882812
1793,1.5477375984191895,,30.64472222328186,0.0
1794,1.5243719816207886,,30.676552057266235,0.016112804412841797
1795,1.5247039794921875,,30.692228317260742,0.015676259994506836
1796,1.4625866413116455,,30.708326816558838,0.01483607292175293
1797,1.5332159996032715,,30.7244553565979,0.0161285400390625
1798,1.5080935955047607,,30.74029779434204,0.015842437744140625
1799,1.5297693014144897,,30.75639295578003,0.01609516143798828
1800,1.5378038883209229,0.9896212418874105,30.77226734161377,0.015874385833740234
1801,1.4854809045791626,,30.788182258605957,0.0159149169921875
1802,1.5583863258361816,,30.804258823394775,0.01607656478881836
1803,1.576148509979248,,30.819889307022095,0.015630483627319336
1804,1.567289113998413,,30.851707458496094,0.03181815147399902
1805,1.5211741924285889,,30.867464065551758,0.015756607055664062
1806,1.5108665227890015,,30.88319706916809,0.015733003616333008
1807,1.5360963344573975,,30.898936986923218,0.015739917755126953
1808,1.546992301940918,,30.914629220962524,0.01569223403930664
1809,1.515730381011963,,30.930365324020386,0.015736103057861328
1810,1.489922285079956,,30.94639754295349,0.01603221893310547
1811,1.5344631671905518,,30.962121963500977,0.01572442054748535
1812,1.4773905277252197,,30.97782850265503,0.015706539154052734
1813,1.488993763923645,,30.99370503425598,0.01587653160095215
1814,1.5094900131225586,,31.010534524917603,0.016829490661621094
1815,1.4561976194381714,,31.025073051452637,0.01453852653503418
1816,1.5692534446716309,,31.040786504745483,0.01571345329284668
1817,1.5064067840576172,,31.056615829467773,0.01582932472229004
1818,1.5324642658233643,,31.072407960891724,0.015792131423950195
1819,1.5557804107666016,,31.088271617889404,0.015863656997680664
1820,1.5458250045776367,,31.103999853134155,0.015728235244750977
1821,1.520461916923523,,31.11971354484558,0.01571369171142578
1822,1.4933030605316162,,31.13544535636902,0.0
1823,1.477424144744873,,31.16693687438965,0.015726804733276367
1824,1.5088505744934082,,31.182742834091187,0.015805959701538086
1825,1.489694595336914,,31.19848370552063,0.01574087142944336
1826,1.5304920673370361,,31.214157342910767,0.01567363739013672
1827,1.547196865081787,,31.229920148849487,0.015762805938720703
1828,1.51437246799469,,31.2456157207489,0.015695571899414062
1829,1.5654983520507812,,31.26135802268982,0.01574230194091797
1830,1.5206587314605713,,31.277047634124756,0.015689611434936523
1831,1.5449953079223633,,31.292774200439453,0.015726566314697266
1832,1.5459507703781128,,31.308491706848145,0.015717506408691406
1833,1.5841662883758545,,31.324225664138794,0.015733957290649414
1834,1.5068234205245972,,31.34010887145996,0.015883207321166992
1835,1.5139312744140625,,31.3558349609375,0.015726089477539062
1836,1.5225615501403809,,31.37172818183899,0.015893220901489258
1837,1.5359020233154297,,31.38745617866516,0.0
1838,1.5297300815582275,,31.41893458366394,0.015734195709228516
1839,1.5399341583251953,,31.43467116355896,0.01573657989501953
1840,1.5067212581634521,,31.45036029815674,0.01568913459777832
1841,1.4924051761627197,,31.466938018798828,0.016577720642089844
1842,1.5007140636444092,,31.4820077419281,0.015069723129272461
1843,1.5404161214828491,,31.497844457626343,0.015836715698242188
1844,1.5345101356506348,,31.51362943649292,0.01578497886657715
1845,1.4928197860717773,,31.52935791015625,0.015728473663330078
1846,1.5547897815704346,,31.545108556747437,0.015750646591186523
1847,1.4997663497924805,,31.560871601104736,0.015763044357299805
1848,1.4713666439056396,,31.576879501342773,0.01600790023803711
1849,1.524221658706665,,31.59293556213379,0.016056060791015625
1850,1.5239942073822021,,31.608622312545776,0.015686750411987305
1851,1.5447516441345215,,31.62433099746704,0.01570868492126465
1852,1.5399701595306396,,31.6400249004364,0.01569390296936035
1853,1.5602024793624878,,31.655786991119385,0.0157620906829834
1854,1.4883055686950684,,31.687390565872192,0.015639305114746094
1855,1.5693418979644775,,31.703115940093994,0.015725374221801758
1856,1.4907009601593018,,31.71880316734314,0.015687227249145508
1857,1.50729238986969,,31.734626531600952,0.0158233642578125
1858,1.5731463432312012,,31.75031566619873,0.01568913459777832
1859,1.565807819366455,,31.76602292060852,0.01570725440979004
1860,1.4869353771209717,,31.781862258911133,0.015839338302612305
1861,1.485960602760315,,31.79760217666626,0.015739917755126953
1862,1.4787229299545288,,31.813434839248657,0.01583266258239746
1863,1.5000627040863037,,31.829155921936035,0.01572108268737793
1864,1.5445518493652344,,31.84482765197754,0.015671730041503906
1865,1.452311635017395,,31.876309633255005,0.03148198127746582
1866,1.4871717691421509,,31.892200708389282,0.015891075134277344
1867,1.5460935831069946,,31.908146381378174,0.0159456729888916
1868,1.5216585397720337,,31.92424249649048,0.016096115112304688
1869,1.5167560577392578,,31.939939975738525,0.015697479248046875
1870,1.5105174779891968,,31.95567512512207,0.015735149383544922
1871,1.5104340314865112,,31.97136354446411,0.015688419342041016
1872,1.5572943687438965,,31.987074375152588,0.015710830688476562
1873,1.5302079916000366,,32.002835750579834,0.015761375427246094
1874,1.5147557258605957,,32.018614053726196,0.015778303146362305
1875,1.4517112970352173,,32.03440451622009,0.015790462493896484
1876,1.478447437286377,,32.05009603500366,0.015691518783569336
1877,1.5231008529663086,,32.06616950035095,0.01607346534729004
1878,1.4653842449188232,,32.097572565078735,0.0314030647277832
1879,1.4713819026947021,,32.11325669288635,0.015684127807617188
1880,1.4810435771942139,,32.12899589538574,0.01573920249938965
1881,1.536597728729248,,32.145102977752686,0.01610708236694336
1882,1.579482913017273,,32.16081976890564,0.0157167911529541
1883,1.4676991701126099,,32.176573276519775,0.015753507614135742
1884,1.532148003578186,,32.19244170188904,0.015868425369262695
1885,1.5050452947616577,,32.20826458930969,0.015822887420654297
1886,1.5164905786514282,,32.22418546676636,0.01592087745666504
1887,1.4838439226150513,,32.240052938461304,0.01586747169494629
1888,1.530734658241272,,32.255873918533325,0.015820980072021484
1889,1.5219861268997192,,32.271769523620605,0.015895605087280273
1890,1.5363794565200806,,32.28767204284668,0.01590251922607422
1891,1.547438383102417,,32.30353283882141,0.015860795974731445
1892,1.4917025566101074,,32.31938290596008,0.015850067138671875
1893,1.4960052967071533,,32.335275173187256,0.01589226722717285
1894,1.451473355293274,,32.35244607925415,0.01717090606689453
1895,1.4739511013031006,,32.3669855594635,0.014539480209350586
1896,1.4947850704193115,,32.38287711143494,0.015891551971435547
1897,1.4381697177886963,,32.39877414703369,0.015897035598754883
1898,1.4482464790344238,,32.41464900970459,0.015874862670898438
1899,1.563044548034668,,32.43048286437988,0.01583385467529297
1900,1.5211567878723145,0.9919865330060323,32.4464476108551,0.015964746475219727
1901,1.4874613285064697,,32.4624228477478,0.0
1902,1.4867770671844482,,32.4940230846405,0.015928030014038086
1903,1.5618733167648315,,32.50987935066223,0.015856266021728516
1904,1.50278639793396,,32.52579426765442,0.0159149169921875
1905,1.4656765460968018,,32.541606187820435,0.015811920166015625
1906,1.5018675327301025,,32.558693170547485,0.01708698272705078
1907,1.420838713645935,,32.573387145996094,0.014693975448608398
1908,1.45607328414917,,32.58921670913696,0.01582956314086914
1909,1.5124199390411377,,32.60510325431824,0.015886545181274414
1910,1.5135260820388794,,32.62098431587219,0.015881061553955078
1911,1.3968911170959473,,32.63687205314636,0.015887737274169922
1912,1.4984116554260254,,32.652982234954834,0.01611018180847168
1913,1.437417984008789,,32.66909432411194,0.016112089157104492
1914,1.4522029161453247,,32.68498635292053,0.01589202880859375
1915,1.486260175704956,,32.70066809654236,0.015681743621826172
1916,1.4769656658172607,,32.716728925704956,0.016060829162597656
1917,1.4734179973602295,,32.73286294937134,0.016134023666381836
1918,1.5351781845092773,,32.748528242111206,0.015665292739868164
1919,1.4894263744354248,,32.76437330245972,0.015845060348510742
1920,1.4961869716644287,,32.78021740913391,0.015844106674194336
1921,1.4741671085357666,,32.79610228538513,0.015884876251220703
1922,1.4836513996124268,,32.81193017959595,0.0
1923,1.5534485578536987,,32.84369897842407,0.015525579452514648
1924,1.5039647817611694,,32.85936260223389,0.015663623809814453
1925,1.4963462352752686,,32.8752076625824,0.015845060348510742
1926,1.516223430633545,,32.8910174369812,0.01580977439880371
1927,1.4800009727478027,,32.906763553619385,0.015746116638183594
1928,1.4784977436065674,,32.92250943183899,0.015745878219604492
1929,1.5412068367004395,,32.95427846908569,0.01575636863708496
1930,1.5170788764953613,,32.970120906829834,0.015842437744140625
1931,1.4597039222717285,,32.98581600189209,0.01569509506225586
1932,1.4329984188079834,,33.00153350830078,0.015717506408691406
1933,1.5014373064041138,,33.01722455024719,0.015691041946411133
1934,1.546754240989685,,33.033047914505005,0.0158233642578125
1935,1.4589900970458984,,33.0487277507782,0.01567983627319336
1936,1.495016098022461,,33.064430952072144,0.015703201293945312
1937,1.4488916397094727,,33.08021306991577,0.01578211784362793
1938,1.4727098941802979,,33.09591555595398,0.015702486038208008
1939,1.4553449153900146,,33.111823081970215,0.01590752601623535
1940,1.4690160751342773,,33.128785610198975,0.016962528228759766
1941,1.5009500980377197,,33.14333200454712,0.014546394348144531
1942,1.4545954465866089,,33.15907430648804,0.01574230194091797
1943,1.4236805438995361,,33.1748046875,0.0
1944,1.4839543104171753,,33.20621585845947,0.015717506408691406
1945,1.4255162477493286,,33.22194719314575,0.015731334686279297
1946,1.518036127090454,,33.23771691322327,0.01576972007751465
1947,1.4390285015106201,,33.25381374359131,0.016096830368041992
1948,1.4688794612884521,,33.26955842971802,0.015744686126708984
1949,1.4353251457214355,,33.285284996032715,0.015726566314697266
1950,1.4744422435760498,,33.301011085510254,0.015726089477539062
1951,1.4507293701171875,,33.3166983127594,0.015687227249145508
1952,1.4855637550354004,,33.3325719833374,0.01587367057800293
1953,1.4937167167663574,,33.34825611114502,0.015684127807617188
1954,1.4604277610778809,,33.363999128341675,0.015743017196655273
1955,1.4977846145629883,,33.37986731529236,0.015868186950683594
1956,1.4747562408447266,,33.395604372024536,0.015737056732177734
1957,1.4556365013122559,,33.411473751068115,0.0158693790435791
1958,1.4353482723236084,,33.42721676826477,0.015743017196655273
1959,1.4666459560394287,,33.442930698394775,0.015713930130004883
1960,1.4798836708068848,,33.45872688293457,0.015796184539794922
1961,1.4459755420684814,,33.47445225715637,0.015725374221801758
1962,1.4120101928710938,,33.50588870048523,0.03143644332885742
1963,1.4562195539474487,,33.52178406715393,0.015895366668701172
1964,1.4546704292297363,,33.537678956985474,0.01589488983154297
1965,1.4477581977844238,,33.553555965423584,0.01587700843811035
1966,1.5246808528900146,,33.569390535354614,0.015834569931030273
1967,1.470030426979065,,33.58527874946594,0.015888214111328125
1968,1.4520459175109863,,33.60118579864502,0.01590704917907715
1969,1.492431640625,,33.61699557304382,0.01580977439880371
1970,1.5032142400741577,,33.632893085479736,0.015897512435913086
1971,1.5155584812164307,,33.64863300323486,0.015739917755126953
1972,1.471583604812622,,33.664658546447754,0.016025543212890625
1973,1.5163381099700928,,33.680495262145996,0.015836715698242188
1974,1.4198908805847168,,33.71230149269104,0.031806230545043945
1975,1.4625637531280518,,33.71230149269104,0.0
1976,1.4550461769104004,,33.74401116371155,0.015824556350708008
1977,1.4588326215744019,,33.75988793373108,0.01587677001953125
1978,1.4174690246582031,,33.77585959434509,0.015971660614013672
1979,1.4151890277862549,,33.791590452194214,0.015730857849121094
1980,1.4535020589828491,,33.80728101730347,0.01569056510925293
1981,1.4248738288879395,,33.82299184799194,0.015710830688476562
1982,1.456738829612732,,33.83867907524109,0.015687227249145508
1983,1.4305436611175537,,33.85440230369568,0.015723228454589844
1984,1.4962196350097656,,33.87010908126831,0.015706777572631836
1985,1.4456722736358643,,33.886953592300415,0.016844511032104492
1986,1.4426193237304688,,33.90150260925293,0.014549016952514648
1987,1.461924433708191,,33.91720366477966,0.0157010555267334
1988,1.463160514831543,,33.932896852493286,0.015693187713623047
1989,1.4779666662216187,,33.94863224029541,0.015735387802124023
1990,1.4178524017333984,,33.964322566986084,0.015690326690673828
1991,1.478030800819397,,33.98003053665161,0.015707969665527344
1992,1.440807580947876,,34.00374245643616,0.0237119197845459
1993,1.4442918300628662,,34.02759575843811,0.023853302001953125
1994,1.4816970825195312,,34.043447732925415,0.015851974487304688
1995,1.437394380569458,,34.05933403968811,0.015886306762695312
1996,1.4761962890625,,34.075066804885864,0.015732765197753906
1997,1.4725388288497925,,34.090800285339355,0.01573348045349121
1998,1.4464836120605469,,34.10650610923767,0.01570582389831543
1999,1.4844999313354492,,34.12221121788025,0.015705108642578125
2000,1.4643040895462036,0.9913022319475809,34.138057470321655,0.01584625244140625
