epochs,losses,accuracies,cumulative_time_seconds,epoch_time_seconds
1,19.43097496032715,,0.031606435775756836,0.031606435775756836
2,17.172990798950195,,0.0475461483001709,0.010190963745117188
3,15.833124160766602,,0.0635690689086914,0.009021759033203125
4,15.16932487487793,,0.07936334609985352,0.008016347885131836
5,14.56887435913086,,0.09511590003967285,0.00701594352722168
6,14.229246139526367,,0.11291193962097168,0.008017301559448242
7,14.063236236572266,,0.12861299514770508,0.0070171356201171875
8,13.72005558013916,,0.14638566970825195,0.008016586303710938
9,13.566883087158203,,0.1620645523071289,0.007017850875854492
10,13.498788833618164,,0.179762601852417,0.007750988006591797
11,13.293303489685059,,0.19571828842163086,0.0070171356201171875
12,13.250938415527344,,0.21358323097229004,0.008017539978027344
13,13.087448120117188,,0.23692822456359863,0.015710115432739258
14,13.015584945678711,,0.253054141998291,0.014088153839111328
15,12.918033599853516,,0.26883578300476074,0.013266324996948242
16,12.724040985107422,,0.2849547863006592,0.012686491012573242
17,12.742975234985352,,0.3006007671356201,0.01167440414428711
18,12.515286445617676,,0.3166687488555908,0.011125802993774414
19,12.54524040222168,,0.33272743225097656,0.010585784912109375
20,12.489185333251953,,0.3483924865722656,0.009762763977050781
21,12.387686729431152,,0.36446571350097656,0.009021520614624023
22,12.320276260375977,,0.38027119636535645,0.008016824722290039
23,12.334096908569336,,0.39598917961120605,0.00701594352722168
24,12.195805549621582,,0.41405582427978516,0.007517099380493164
25,12.12253189086914,,0.4315013885498047,0.008017539978027344
26,12.076593399047852,,0.4475278854370117,0.0070188045501708984
27,12.033109664916992,,0.46535277366638184,0.008016586303710938
28,11.898660659790039,,0.4813835620880127,0.007018566131591797
29,11.90264892578125,,0.4991719722747803,0.008016824722290039
30,11.897101402282715,,0.5225999355316162,0.015712738037109375
31,11.859725952148438,,0.5383555889129639,0.013797998428344727
32,11.823719024658203,,0.5544223785400391,0.013072729110717773
33,11.75162124633789,,0.5701644420623779,0.012228250503540039
34,11.712286949157715,,0.5862910747528076,0.011744499206542969
35,11.681283950805664,,0.6020545959472656,0.010789632797241211
36,11.68867015838623,,0.6178011894226074,0.009763717651367188
37,11.629754066467285,,0.6336092948913574,0.00902104377746582
38,11.621527671813965,,0.6494243144989014,0.008018016815185547
39,11.564050674438477,,0.665123462677002,0.00701594352722168
40,11.589889526367188,,0.6828372478485107,0.008016347885131836
41,11.55828857421875,,0.6988730430603027,0.007516145706176758
42,11.51087760925293,,0.716184139251709,0.008017778396606445
43,11.456684112548828,,0.7319655418395996,0.007017612457275391
44,11.460047721862793,,0.7497873306274414,0.008016347885131836
45,11.441240310668945,,0.7658352851867676,0.0075168609619140625
46,11.372232437133789,,0.7831933498382568,0.00801706314086914
47,11.380986213684082,,0.8069124221801758,0.016014575958251953
48,11.429774284362793,,0.8228154182434082,0.013898611068725586
49,11.371612548828125,,0.8385865688323975,0.013808250427246094
50,11.375223159790039,,0.854623556137085,0.01300811767578125
51,11.384102821350098,,0.8706371784210205,0.012588262557983398
52,11.323358535766602,,0.8863852024078369,0.011819124221801758
53,11.394570350646973,,0.9020473957061768,0.010654449462890625
54,11.312727928161621,,0.9177534580230713,0.009762763977050781
55,11.336583137512207,,0.9336819648742676,0.00902104377746582
56,11.325159072875977,,0.9493038654327393,0.00801706314086914
57,11.258256912231445,,0.9653828144073486,0.007517576217651367
58,11.293689727783203,,0.9826052188873291,0.008016586303710938
59,11.233753204345703,,0.9986903667449951,0.0075190067291259766
60,11.235483169555664,,1.0285887718200684,0.029898405075073242
61,11.203383445739746,,1.0446722507476807,0.014078617095947266
62,11.210514068603516,,1.060598611831665,0.013393878936767578
63,11.256961822509766,,1.0767240524291992,0.013166189193725586
64,11.233915328979492,,1.0927307605743408,0.012605428695678711
65,11.195945739746094,,1.1084747314453125,0.011801958084106445
66,11.194404602050781,,1.1245777606964111,0.011180400848388672
67,11.187411308288574,,1.140331745147705,0.01024627685546875
68,11.24173355102539,,1.1563363075256348,0.009521722793579102
69,11.184854507446289,,1.1724460124969482,0.009021759033203125
70,11.156517028808594,,1.1882388591766357,0.008017539978027344
71,11.175189971923828,,1.2081141471862793,0.019875288009643555
72,11.131382942199707,,1.2256426811218262,0.008015871047973633
73,11.135281562805176,,1.241286039352417,0.0070171356201171875
74,11.115267753601074,,1.2589848041534424,0.008017301559448242
75,11.138805389404297,,1.275045394897461,0.008016347885131836
76,11.183870315551758,,1.2990739345550537,0.01598644256591797
77,11.096386909484863,,1.3147714138031006,0.01369333267211914
78,11.10041618347168,,1.3306934833526611,0.013506412506103516
79,11.100128173828125,,1.346365213394165,0.012725114822387695
80,11.057469367980957,,1.3620564937591553,0.011718273162841797
81,11.115721702575684,,1.3781239986419678,0.011087894439697266
82,11.040969848632812,,1.3946211338043213,0.011098623275756836
83,11.065911293029785,,1.4097802639007568,0.009521484375
84,11.118940353393555,,1.4250314235687256,0.008017301559448242
85,11.077997207641602,,1.4408118724822998,0.00701594352722168
86,11.066226959228516,,1.4583966732025146,0.00801706314086914
87,11.052961349487305,,1.4740276336669922,0.007016897201538086
88,11.030030250549316,,1.4916110038757324,0.008016824722290039
89,11.01418399810791,,1.507373571395874,0.007017850875854492
90,11.007282257080078,,1.525118350982666,0.008016586303710938
91,11.066808700561523,,1.5407865047454834,0.0070171356201171875
92,11.02078914642334,,1.5564582347869873,0.006013154983520508
93,10.997284889221191,,1.5821428298950195,0.015742778778076172
94,10.947698593139648,,1.5982506275177002,0.01410365104675293
95,10.962652206420898,,1.61434006690979,0.014966964721679688
96,11.000053405761719,,1.6302733421325684,0.013474702835083008
97,10.956025123596191,,1.646017074584961,0.012803077697753906
98,11.019939422607422,,1.6619181632995605,0.011993169784545898
99,10.989143371582031,,1.6779634952545166,0.011566400527954102
100,11.00789737701416,0.0,1.6937031745910645,0.010809183120727539
101,10.942522048950195,,1.7091701030731201,0.008015871047973633
102,10.991432189941406,,1.724985122680664,0.007015705108642578
103,10.964883804321289,,1.7425646781921387,0.008016347885131836
104,10.92093563079834,,1.758692741394043,0.007516384124755859
105,10.943770408630371,,1.7819089889526367,0.013885021209716797
106,10.948538780212402,,1.7984282970428467,0.01651930809020996
107,10.93800163269043,,1.814974308013916,0.016546010971069336
108,10.926145553588867,,1.8315529823303223,0.01657867431640625
109,10.878314971923828,,1.84834623336792,0.016793251037597656
110,11.005834579467773,,1.8648269176483154,0.013546943664550781
111,10.916053771972656,,1.881359577178955,0.01403355598449707
112,10.892374038696289,,1.8988971710205078,0.015761137008666992
113,10.929671287536621,,1.9144837856292725,0.015586614608764648
114,10.843408584594727,,1.9302265644073486,0.015742778778076172
115,10.890902519226074,,1.9479949474334717,0.017768383026123047
116,10.879093170166016,,1.9640257358551025,0.01603078842163086
117,10.88047981262207,,1.9800705909729004,0.01604485511779785
118,10.850674629211426,,1.9975428581237793,0.017472267150878906
119,10.814889907836914,,2.0135483741760254,0.016005516052246094
120,10.854780197143555,,2.031290054321289,0.017741680145263672
121,10.845475196838379,,2.047630548477173,0.01634049415588379
122,10.899017333984375,,2.064225196838379,0.016594648361206055
123,10.798210144042969,,2.081082820892334,0.016857624053955078
124,10.903057098388672,,2.0976743698120117,0.016591548919677734
125,10.862650871276855,,2.1159963607788086,0.018321990966796875
126,10.859012603759766,,2.132281541824341,0.016285181045532227
127,10.806657791137695,,2.1489977836608887,0.01671624183654785
128,10.791852951049805,,2.1658380031585693,0.016840219497680664
129,10.849632263183594,,2.1825737953186035,0.01391291618347168
130,10.770764350891113,,2.1994807720184326,0.01512908935546875
131,10.773555755615234,,2.221737861633301,0.022257089614868164
132,10.786723136901855,,2.2385802268981934,0.016842365264892578
133,10.766170501708984,,2.2555091381073,0.016928911209106445
134,10.751458168029785,,2.2723805904388428,0.01687145233154297
135,10.759345054626465,,2.28914213180542,0.01676154136657715
136,10.726997375488281,,2.3060696125030518,0.016927480697631836
137,10.722204208374023,,2.3230812549591064,0.017011642456054688
138,10.76679515838623,,2.3425040245056152,0.01942276954650879
139,10.72393798828125,,2.3582050800323486,0.0157010555267334
140,10.746097564697266,,2.3741886615753174,0.01598358154296875
141,10.717510223388672,,2.3914034366607666,0.01721477508544922
142,10.711806297302246,,2.4071106910705566,0.01570725440979004
143,10.7301607131958,,2.425114631652832,0.01800394058227539
144,10.715483665466309,,2.440786838531494,0.01567220687866211
145,10.697579383850098,,2.4583544731140137,0.01756763458251953
146,10.686179161071777,,2.4752726554870605,0.016918182373046875
147,10.662141799926758,,2.492178201675415,0.016905546188354492
148,10.64291000366211,,2.508978843688965,0.016800642013549805
149,10.678939819335938,,2.5256683826446533,0.016689538955688477
150,10.67762565612793,,2.5423166751861572,0.016648292541503906
151,10.604705810546875,,2.55916428565979,0.016847610473632812
152,10.63796615600586,,2.575716257095337,0.016551971435546875
153,10.666807174682617,,2.592306137084961,0.016589879989624023
154,10.625535011291504,,2.6088550090789795,0.016548871994018555
155,10.619207382202148,,2.6253998279571533,0.01387166976928711
156,10.565103530883789,,2.643590211868286,0.01615309715270996
157,10.556065559387207,,2.6596927642822266,0.01610255241394043
158,10.60303020477295,,2.67525053024292,0.01555776596069336
159,10.592305183410645,,2.6912882328033447,0.016037702560424805
160,10.598800659179688,,2.707247257232666,0.01595902442932129
161,10.526895523071289,,2.7249796390533447,0.01773238182067871
162,10.554266929626465,,2.7409512996673584,0.015971660614013672
163,10.494536399841309,,2.7581140995025635,0.017162799835205078
164,10.526885986328125,,2.7740862369537354,0.015972137451171875
165,10.52647590637207,,2.792161226272583,0.018074989318847656
166,10.48708724975586,,2.808274984359741,0.016113758087158203
167,10.563356399536133,,2.8246607780456543,0.016385793685913086
168,10.479124069213867,,2.8414671421051025,0.016806364059448242
169,10.462021827697754,,2.858241319656372,0.01677417755126953
170,10.497050285339355,,2.8748769760131836,0.016635656356811523
171,10.437237739562988,,2.891608476638794,0.01673150062561035
172,10.46451473236084,,2.9082112312316895,0.016602754592895508
173,10.406255722045898,,2.9249844551086426,0.016773223876953125
174,10.492332458496094,,2.941535711288452,0.01655125617980957
175,10.452886581420898,,2.9581477642059326,0.013904333114624023
176,10.48134994506836,,2.9756815433502197,0.01575779914855957
177,10.402793884277344,,2.9913463592529297,0.01566481590270996
178,10.429262161254883,,3.007382392883301,0.016036033630371094
179,10.410253524780273,,3.0233213901519775,0.015938997268676758
180,10.439051628112793,,3.0408012866973877,0.017479896545410156
181,10.396989822387695,,3.056612968444824,0.015811681747436523
182,10.389740943908691,,3.074557304382324,0.0179443359375
183,10.33217716217041,,3.0903685092926025,0.01581120491027832
184,10.353700637817383,,3.1081063747406006,0.017737865447998047
185,10.299148559570312,,3.1245155334472656,0.01640915870666504
186,10.334680557250977,,3.1410865783691406,0.016571044921875
187,10.33980655670166,,3.158047914505005,0.016961336135864258
188,10.286174774169922,,3.1749041080474854,0.01685619354248047
189,10.33419132232666,,3.19142746925354,0.016523361206054688
190,10.3123197555542,,3.2080342769622803,0.016606807708740234
191,10.251550674438477,,3.2248477935791016,0.01681351661682129
192,10.280546188354492,,3.2414228916168213,0.016575098037719727
193,10.237003326416016,,3.2581520080566406,0.013347625732421875
194,10.217642784118652,,3.274902105331421,0.014053106307983398
195,10.284849166870117,,3.292449474334717,0.015771865844726562
196,10.179258346557617,,3.3081250190734863,0.01567554473876953
197,10.164021492004395,,3.3238184452056885,0.01569342613220215
198,10.19851016998291,,3.3414342403411865,0.017615795135498047
199,10.230413436889648,,3.357473850250244,0.016039609909057617
200,10.196332931518555,0.0,3.3755149841308594,0.018041133880615234
201,10.110794067382812,,3.393169403076172,0.0176544189453125
202,10.139032363891602,,3.409492015838623,0.016322612762451172
203,10.10533618927002,,3.4264347553253174,0.016942739486694336
204,10.158221244812012,,3.4432308673858643,0.016796112060546875
205,10.066200256347656,,3.460068702697754,0.01683783531188965
206,10.117271423339844,,3.4765963554382324,0.016527652740478516
207,10.059686660766602,,3.4933252334594727,0.016728878021240234
208,10.015445709228516,,3.509993314743042,0.016668081283569336
209,10.053204536437988,,3.5268120765686035,0.016818761825561523
210,10.025053024291992,,3.543320417404175,0.01650834083557129
211,10.083465576171875,,3.5599210262298584,0.013904571533203125
212,9.99368667602539,,3.577589511871338,0.0158841609954834
213,9.985837936401367,,3.593337297439575,0.015747785568237305
214,10.003698348999023,,3.6093406677246094,0.01600337028503418
215,9.972444534301758,,3.626516819000244,0.017176151275634766
216,9.96038818359375,,3.6441996097564697,0.017682790756225586
217,9.947990417480469,,3.660236120223999,0.016036510467529297
218,9.948593139648438,,3.6759190559387207,0.01568293571472168
219,9.876581192016602,,3.693946599960327,0.018027544021606445
220,9.88675308227539,,3.7097954750061035,0.015848875045776367
221,9.828622817993164,,3.7268502712249756,0.01705479621887207
222,9.826927185058594,,3.743251085281372,0.016400814056396484
223,9.775334358215332,,3.760014533996582,0.01676344871520996
224,9.864585876464844,,3.7765729427337646,0.016558408737182617
225,9.818726539611816,,3.7931318283081055,0.01655888557434082
226,9.863180160522461,,3.8096323013305664,0.016500473022460938
227,9.857950210571289,,3.826223611831665,0.016591310501098633
228,9.76163101196289,,3.842965841293335,0.016742229461669922
229,9.756711959838867,,3.8597822189331055,0.016816377639770508
230,9.827171325683594,,3.8762669563293457,0.013566970825195312
231,9.713958740234375,,3.893005132675171,0.014293909072875977
232,9.761175155639648,,3.9105329513549805,0.015752315521240234
233,9.650764465332031,,3.926240921020508,0.015707969665527344
234,9.664527893066406,,3.9422340393066406,0.015993118286132812
235,9.72110366821289,,3.958293914794922,0.01605987548828125
236,9.638198852539062,,3.9759724140167236,0.017678499221801758
237,9.598756790161133,,3.9916837215423584,0.015711307525634766
238,9.6412992477417,,4.009587526321411,0.017903804779052734
239,9.599486351013184,,4.025650501251221,0.01606297492980957
240,9.595770835876465,,4.041779041290283,0.0161285400390625
241,9.538961410522461,,4.059516191482544,0.017737150192260742
242,9.603145599365234,,4.075992584228516,0.01647639274597168
243,9.537978172302246,,4.092738628387451,0.016746044158935547
244,9.531412124633789,,4.109412431716919,0.016673803329467773
245,9.514461517333984,,4.126126289367676,0.016713857650756836
246,9.473775863647461,,4.143223524093628,0.01709723472595215
247,9.50634479522705,,4.1598241329193115,0.016600608825683594
248,9.461723327636719,,4.176499843597412,0.016675710678100586
249,9.421028137207031,,4.19321084022522,0.013289690017700195
250,9.36185359954834,,4.209903001785278,0.013862371444702148
251,9.44067668914795,,4.227885723114014,0.015947580337524414
252,9.437827110290527,,4.2438507080078125,0.015964984893798828
253,9.410131454467773,,4.259379863739014,0.015529155731201172
254,9.389602661132812,,4.275326251983643,0.015946388244628906
255,9.307640075683594,,4.2973010540008545,0.021974802017211914
256,9.216875076293945,,4.314064979553223,0.016763925552368164
257,9.29916763305664,,4.3305981159210205,0.01653313636779785
258,9.277259826660156,,4.3471691608428955,0.016571044921875
259,9.278982162475586,,4.363802909851074,0.01663374900817871
260,9.26738166809082,,4.380275011062622,0.01647210121154785
261,9.194912910461426,,4.397080898284912,0.01680588722229004
262,9.129478454589844,,4.413739442825317,0.016658544540405273
263,9.17691707611084,,4.430363655090332,0.01662421226501465
264,9.146791458129883,,4.4471588134765625,0.01679515838623047
265,9.18283462524414,,4.463724851608276,0.013898134231567383
266,9.104795455932617,,4.48145055770874,0.015949726104736328
267,9.108449935913086,,4.497024774551392,0.015574216842651367
268,9.082140922546387,,4.512683868408203,0.015659093856811523
269,9.027294158935547,,4.5304176807403564,0.01773381233215332
270,9.06999683380127,,4.546446800231934,0.01602911949157715
271,8.97807502746582,,4.563655853271484,0.01720905303955078
272,8.959980010986328,,4.579641819000244,0.015985965728759766
273,8.963836669921875,,4.597324371337891,0.017682552337646484
274,8.952245712280273,,4.613624334335327,0.016299962997436523
275,8.837471008300781,,4.630462408065796,0.01683807373046875
276,8.91533374786377,,4.647053480148315,0.01659107208251953
277,8.886733055114746,,4.663532972335815,0.0164794921875
278,8.900312423706055,,4.68002462387085,0.01649165153503418
279,8.81584644317627,,4.696766376495361,0.01674175262451172
280,8.884825706481934,,4.7131993770599365,0.016433000564575195
281,8.869729995727539,,4.729757785797119,0.016558408737182617
282,8.813493728637695,,4.74641752243042,0.01665973663330078
283,8.737741470336914,,4.76321268081665,0.01679515838623047
284,8.697869300842285,,4.779925107955933,0.016712427139282227
285,8.706629753112793,,4.796418190002441,0.01311039924621582
286,8.664977073669434,,4.813072681427002,0.013951301574707031
287,8.664815902709961,,4.830756902694702,0.015908241271972656
288,8.651062965393066,,4.8463592529296875,0.015602350234985352
289,8.601531982421875,,4.862099647521973,0.015740394592285156
290,8.634021759033203,,4.878799200057983,0.016699552536010742
291,8.66526985168457,,4.895637035369873,0.01683783531188965
292,8.52243423461914,,4.912793159484863,0.017156124114990234
293,8.664474487304688,,4.9288551807403564,0.016062021255493164
294,8.44769287109375,,4.946914434432983,0.018059253692626953
295,8.486942291259766,,4.962772607803345,0.015858173370361328
296,8.462890625,,4.979315280914307,0.016542673110961914
297,8.445322036743164,,4.996127128601074,0.016811847686767578
298,8.443948745727539,,5.012759447097778,0.0166323184967041
299,8.34805965423584,,5.02945876121521,0.01669931411743164
300,8.372310638427734,0.047107577323913574,5.047747373580933,0.018288612365722656
301,8.317587852478027,,5.064491271972656,0.016743898391723633
302,8.380346298217773,,5.081757068634033,0.017265796661376953
303,8.296697616577148,,5.099467039108276,0.014513254165649414
304,8.225523948669434,,5.1151509284973145,0.015683889389038086
305,8.243024826049805,,5.13114070892334,0.01598978042602539
306,8.195552825927734,,5.1483588218688965,0.01721811294555664
307,8.240312576293945,,5.164290904998779,0.015932083129882812
308,8.204641342163086,,5.180248260498047,0.015957355499267578
309,8.090590476989746,,5.198232412338257,0.01798415184020996
310,8.161773681640625,,5.2139623165130615,0.015729904174804688
311,8.099655151367188,,5.231673717498779,0.017711400985717773
312,8.067441940307617,,5.248025894165039,0.016352176666259766
313,8.10944652557373,,5.257472276687622,0.009446382522583008
314,8.048246383666992,,5.292187690734863,0.03471541404724121
315,8.01025390625,,5.308135271072388,0.015947580337524414
316,7.946646213531494,,5.325715065002441,0.01757979393005371
317,7.998883247375488,,5.341716289520264,0.016001224517822266
318,7.972375869750977,,5.364518880844116,0.02280259132385254
319,7.9480671882629395,,5.381221294403076,0.01670241355895996
320,7.822097301483154,,5.3981032371521,0.016881942749023438
321,7.845423698425293,,5.414713621139526,0.016610383987426758
322,7.784987449645996,,5.431497573852539,0.016783952713012695
323,7.759729862213135,,5.448409557342529,0.016911983489990234
324,7.7126264572143555,,5.465240478515625,0.014072656631469727
325,7.750743389129639,,5.482863426208496,0.015846967697143555
326,7.716093063354492,,5.498598098754883,0.01573467254638672
327,7.819205284118652,,5.516283750534058,0.017685651779174805
328,7.705016613006592,,5.532074928283691,0.01579117774963379
329,7.647397041320801,,5.54774022102356,0.015665292739868164
330,7.608497619628906,,5.565686464309692,0.017946243286132812
331,7.598994255065918,,5.5814008712768555,0.015714406967163086
332,7.680750846862793,,5.599159240722656,0.01775836944580078
333,7.628691673278809,,5.615219593048096,0.016060352325439453
334,7.53801155090332,,5.631918668746948,0.01669907569885254
335,7.462420463562012,,5.648771286010742,0.016852617263793945
336,7.364055156707764,,5.665518522262573,0.016747236251831055
337,7.406406879425049,,5.682052373886108,0.016533851623535156
338,7.342310905456543,,5.698788404464722,0.01673603057861328
339,7.363835334777832,,5.715430974960327,0.01664257049560547
340,7.338170528411865,,5.732096195220947,0.016665220260620117
341,7.35239839553833,,5.748657464981079,0.016561269760131836
342,7.330286026000977,,5.7654502391815186,0.013303279876708984
343,7.319924831390381,,5.782140493392944,0.014061927795410156
344,7.227618217468262,,5.799849510192871,0.015932321548461914
345,7.1618523597717285,,5.815509080886841,0.015659570693969727
346,7.230856895446777,,5.831581354141235,0.01607227325439453
347,7.454153537750244,,5.847561359405518,0.015980005264282227
348,7.317358016967773,,5.865068197250366,0.017506837844848633
349,7.225337505340576,,5.881078481674194,0.016010284423828125
350,7.1421589851379395,,5.89823842048645,0.01715993881225586
351,7.064651966094971,,5.914202928543091,0.015964508056640625
352,7.079537868499756,,5.931950330734253,0.01774740219116211
353,7.0005340576171875,,5.948394298553467,0.016443967819213867
354,7.04157829284668,,5.964935302734375,0.016541004180908203
355,6.94878625869751,,5.981651067733765,0.01671576499938965
356,6.9754838943481445,,5.998211145401001,0.016560077667236328
357,6.920540809631348,,6.014937877655029,0.01672673225402832
358,6.867277145385742,,6.031675577163696,0.016737699508666992
359,6.860581874847412,,6.048397541046143,0.01672196388244629
360,6.865865707397461,,6.064984083175659,0.0165865421295166
361,6.864023208618164,,6.0815184116363525,0.01653432846069336
362,6.8219499588012695,,6.09829568862915,0.013730525970458984
363,6.780543327331543,,6.116417407989502,0.01608562469482422
364,6.816500663757324,,6.132399320602417,0.01598191261291504
365,6.60368537902832,,6.1481781005859375,0.015778779983520508
366,6.725336074829102,,6.1642982959747314,0.016120195388793945
367,6.729905128479004,,6.180323362350464,0.016025066375732422
368,6.7033233642578125,,6.197880744934082,0.017557382583618164
369,6.6578264236450195,,6.213921546936035,0.016040802001953125
370,6.627847194671631,,6.229979038238525,0.016057491302490234
371,6.553159236907959,,6.2472312450408936,0.017252206802368164
372,6.552447319030762,,6.263770341873169,0.01653909683227539
373,6.594873905181885,,6.281637191772461,0.017866849899291992
374,6.587034225463867,,6.297978639602661,0.016341447830200195
375,6.57386589050293,,6.3146281242370605,0.016649484634399414
376,6.455328941345215,,6.331371307373047,0.016743183135986328
377,6.464428901672363,,6.347866773605347,0.016495466232299805
378,6.391971111297607,,6.364538192749023,0.016671419143676758
379,6.369420051574707,,6.381228446960449,0.01669025421142578
380,6.430916786193848,,6.3978517055511475,0.016623258590698242
381,6.336444854736328,,6.41459059715271,0.0167388916015625
382,6.30220890045166,,6.431292295455933,0.016701698303222656
383,6.329384803771973,,6.447855472564697,0.013593673706054688
384,6.272961616516113,,6.464577913284302,0.01431417465209961
385,6.22554874420166,,6.482226133346558,0.01587224006652832
386,6.2536516189575195,,6.497777223587036,0.015551090240478516
387,6.2123565673828125,,6.513413429260254,0.015636205673217773
388,6.124398231506348,,6.531169891357422,0.01775646209716797
389,6.160965919494629,,6.547179222106934,0.01600933074951172
390,6.143763542175293,,6.563210964202881,0.016031742095947266
391,6.095619201660156,,6.58111310005188,0.017902135848999023
392,6.0999555587768555,,6.597006797790527,0.01589369773864746
393,6.034214496612549,,6.61496639251709,0.0179595947265625
394,6.0865559577941895,,6.624775648117065,0.009809255599975586
395,6.027747631072998,,6.651317358016968,0.026541709899902344
396,6.0251030921936035,,6.6681413650512695,0.016824007034301758
397,6.0278472900390625,,6.685302495956421,0.017161130905151367
398,6.035610198974609,,6.701918125152588,0.013592720031738281
399,5.8428730964660645,,6.718592405319214,0.014272212982177734
400,5.864367485046387,0.7921483715375265,6.736326456069946,0.015956401824951172
401,5.844138145446777,,6.752311706542969,0.01598525047302246
402,5.91612434387207,,6.769791126251221,0.017479419708251953
403,5.860102653503418,,6.78587794303894,0.016086816787719727
404,5.888908386230469,,6.801797389984131,0.01591944694519043
405,5.754338264465332,,6.819796562194824,0.01799917221069336
406,5.774594306945801,,6.835491180419922,0.015694618225097656
407,5.758652687072754,,6.853527307510376,0.0180361270904541
408,5.713247776031494,,6.869624376296997,0.016097068786621094
409,5.765078067779541,,6.885892391204834,0.016268014907836914
410,5.661833763122559,,6.902614593505859,0.01672220230102539
411,5.772702217102051,,6.919146537780762,0.016531944274902344
412,5.721640110015869,,6.935624837875366,0.016478300094604492
413,5.701996326446533,,6.952206373214722,0.01658153533935547
414,5.654293060302734,,6.968902349472046,0.01669597625732422
415,5.7146196365356445,,6.985507965087891,0.016605615615844727
416,5.580677032470703,,7.002199172973633,0.016691207885742188
417,5.57655668258667,,7.018892765045166,0.016693592071533203
418,5.523359298706055,,7.0356059074401855,0.013274908065795898
419,5.526011943817139,,7.052094459533691,0.013818025588989258
420,5.510699272155762,,7.069788694381714,0.015657663345336914
421,5.5603132247924805,,7.085419416427612,0.015630722045898438
422,5.575880527496338,,7.101470232009888,0.01605081558227539
423,5.471081256866455,,7.118659257888794,0.01718902587890625
424,5.495691299438477,,7.134610891342163,0.01595163345336914
425,5.4642815589904785,,7.151792526245117,0.0171816349029541
426,5.470216751098633,,7.168920993804932,0.017128467559814453
427,5.354146957397461,,7.1857993602752686,0.016878366470336914
428,5.354257106781006,,7.201602220535278,0.015802860260009766
429,5.327775001525879,,7.218353748321533,0.016751527786254883
430,5.372552871704102,,7.235141277313232,0.01678752899169922
431,5.267755508422852,,7.251914978027344,0.016773700714111328
432,5.280261039733887,,7.272711992263794,0.020797014236450195
433,5.2851972579956055,,7.292217969894409,0.019505977630615234
434,5.225647449493408,,7.314002513885498,0.021784543991088867
435,5.264200210571289,,7.330545425415039,0.016542911529541016
436,5.2586493492126465,,7.34713077545166,0.016585350036621094
437,5.2582597732543945,,7.363896131515503,0.016765356063842773
438,5.17881965637207,,7.380992650985718,0.017096519470214844
439,5.1762495040893555,,7.3977978229522705,0.016805171966552734
440,5.170922756195068,,7.414552688598633,0.016754865646362305
441,5.218306064605713,,7.431022644042969,0.016469955444335938
442,5.151196479797363,,7.447839260101318,0.01681661605834961
443,5.162762641906738,,7.46432089805603,0.013560295104980469
444,5.050538063049316,,7.480975389480591,0.014055252075195312
445,5.143764495849609,,7.498419284820557,0.015668392181396484
446,5.008952617645264,,7.514097213745117,0.015677928924560547
447,5.058269023895264,,7.530029773712158,0.015932559967041016
448,5.006237030029297,,7.546104431152344,0.016074657440185547
449,5.034882545471191,,7.563586950302124,0.017482519149780273
450,4.974113464355469,,7.579255819320679,0.015668869018554688
451,4.898892402648926,,7.597142457962036,0.017886638641357422
452,4.917130947113037,,7.612512826919556,0.015370368957519531
453,4.959394454956055,,7.629268169403076,0.016755342483520508
454,4.933539390563965,,7.647369623184204,0.01810145378112793
455,4.942385673522949,,7.663419008255005,0.01604938507080078
456,4.821333885192871,,7.679804086685181,0.01638507843017578
457,4.86250114440918,,7.696363210678101,0.016559123992919922
458,4.97044563293457,,7.7129902839660645,0.016627073287963867
459,4.979008197784424,,7.729498624801636,0.01650834083557129
460,4.8211870193481445,,7.746240854263306,0.016742229461669922
461,4.807773113250732,,7.762994289398193,0.016753435134887695
462,4.795066833496094,,7.779691934585571,0.01669764518737793
463,4.853517532348633,,7.796244382858276,0.016552448272705078
464,4.752094268798828,,7.813020944595337,0.016776561737060547
465,4.765997886657715,,7.82955002784729,0.016529083251953125
466,4.755795478820801,,7.84608793258667,0.016537904739379883
467,4.863887786865234,,7.8625168800354,0.013805627822875977
468,4.744491100311279,,7.880660533905029,0.016108036041259766
469,4.76914119720459,,7.8965678215026855,0.01590728759765625
470,4.6483354568481445,,7.913349628448486,0.01678180694580078
471,4.739549160003662,,7.928213834762573,0.014864206314086914
472,4.730630397796631,,7.944314002990723,0.016100168228149414
473,4.688866138458252,,7.961867094039917,0.017553091049194336
474,4.658960342407227,,7.977812767028809,0.0159456729888916
475,4.701371192932129,,7.993794202804565,0.015981435775756836
476,4.608554840087891,,8.011685132980347,0.01789093017578125
477,4.584674835205078,,8.027434349060059,0.015749216079711914
478,4.619597911834717,,8.043538808822632,0.016104459762573242
479,4.627697944641113,,8.061521768569946,0.017982959747314453
480,4.571830749511719,,8.077861309051514,0.016339540481567383
481,4.5805158615112305,,8.094637870788574,0.016776561737060547
482,4.545044422149658,,8.11136269569397,0.016724824905395508
483,4.55769681930542,,8.127938508987427,0.01657581329345703
484,4.549437522888184,,8.144442319869995,0.01650381088256836
485,4.562578201293945,,8.161140441894531,0.016698122024536133
486,4.555000305175781,,8.177759170532227,0.016618728637695312
487,4.544313907623291,,8.194363832473755,0.01660466194152832
488,4.500484466552734,,8.211024284362793,0.016660451889038086
489,4.436276435852051,,8.227709293365479,0.016685009002685547
490,4.474062919616699,,8.244287252426147,0.013911724090576172
491,4.500380516052246,,8.261772632598877,0.015708446502685547
492,4.427417278289795,,8.277418375015259,0.015645742416381836
493,4.481932163238525,,8.293371438980103,0.01595306396484375
494,4.464098930358887,,8.309324264526367,0.01595282554626465
495,4.372692584991455,,8.327045202255249,0.017720937728881836
496,4.42067813873291,,8.34305214881897,0.016006946563720703
497,4.431252956390381,,8.359015464782715,0.015963315963745117
498,4.407772064208984,,8.37696886062622,0.01795339584350586
499,4.3608245849609375,,8.392709016799927,0.015740156173706055
500,4.371067047119141,0.8792130549748739,8.41173791885376,0.019028902053833008
501,4.353069305419922,,8.428493022918701,0.016755104064941406
502,4.3990654945373535,,8.44512414932251,0.016631126403808594
503,4.388858795166016,,8.461787223815918,0.016663074493408203
504,4.257307052612305,,8.478464603424072,0.016677379608154297
505,4.279759883880615,,8.495018243789673,0.016553640365600586
506,4.268597602844238,,8.511493682861328,0.016475439071655273
507,4.263476848602295,,8.52810549736023,0.016611814498901367
508,4.266777038574219,,8.54464340209961,0.016537904739379883
509,4.275595664978027,,8.56124997138977,0.013174295425415039
510,4.26196813583374,,8.579545736312866,0.01566004753112793
511,4.1837239265441895,,8.597668170928955,0.018122434616088867
512,4.247740268707275,,8.613694667816162,0.01602649688720703
513,4.227097511291504,,8.631640434265137,0.01794576644897461
514,4.334177494049072,,8.647752046585083,0.01611161231994629
515,4.272364616394043,,8.663813829421997,0.016061782836914062
516,4.192906379699707,,8.681881666183472,0.01806783676147461
517,4.1179633140563965,,8.697952032089233,0.01607036590576172
518,4.173839092254639,,8.714624643325806,0.016672611236572266
519,4.134749412536621,,8.731163263320923,0.016538619995117188
520,4.225103378295898,,8.747644424438477,0.01648116111755371
521,4.087214469909668,,8.764404058456421,0.016759634017944336
522,4.243928909301758,,8.781032800674438,0.016628742218017578
523,4.1676459312438965,,8.797572374343872,0.016539573669433594
524,4.145761966705322,,8.814149141311646,0.016576766967773438
525,4.121341228485107,,8.830758810043335,0.016609668731689453
526,4.11228609085083,,8.847296476364136,0.013897895812988281
527,4.1158552169799805,,8.86490535736084,0.015825986862182617
528,4.121807098388672,,8.88041615486145,0.015510797500610352
529,4.081331253051758,,8.89618468284607,0.01576852798461914
530,4.074398517608643,,8.913923978805542,0.017739295959472656
531,4.085808753967285,,8.929975986480713,0.0160520076751709
532,4.113827705383301,,8.946035385131836,0.016059398651123047
533,4.159894943237305,,8.963192462921143,0.01715707778930664
534,4.045101165771484,,8.980045080184937,0.016852617263793945
535,4.05530309677124,,8.997824907302856,0.017779827117919922
536,4.052908897399902,,9.01387643814087,0.016051530838012695
537,3.9868216514587402,,9.030385494232178,0.016509056091308594
538,3.9467828273773193,,9.047093868255615,0.0167083740234375
539,4.01321268081665,,9.063832998275757,0.0167391300201416
540,4.083744049072266,,9.08034873008728,0.016515731811523438
541,3.908583641052246,,9.097858190536499,0.01750946044921875
542,3.9345569610595703,,9.114481687545776,0.016623497009277344
543,3.932638645172119,,9.131045818328857,0.016564130783081055
544,3.978914260864258,,9.14762544631958,0.016579627990722656
545,3.9551196098327637,,9.164201498031616,0.013176202774047852
546,3.924935817718506,,9.180749893188477,0.013875722885131836
547,3.8910927772521973,,9.198448657989502,0.015656709671020508
548,3.8952174186706543,,9.214000701904297,0.015552043914794922
549,3.864431858062744,,9.229736566543579,0.015735864639282227
550,3.8904829025268555,,9.247298240661621,0.017561674118041992
551,3.927968978881836,,9.263363599777222,0.016065359115600586
552,3.8849964141845703,,9.27940034866333,0.0160367488861084
553,3.8803324699401855,,9.297337293624878,0.01793694496154785
554,3.7877883911132812,,9.313342571258545,0.016005277633666992
555,3.83164119720459,,9.331141948699951,0.01779937744140625
556,3.854905843734741,,9.346970796585083,0.015828847885131836
557,3.8784995079040527,,9.363708734512329,0.016737937927246094
558,3.901308536529541,,9.380323886871338,0.01661515235900879
559,3.863128185272217,,9.396994590759277,0.016670703887939453
560,3.8475608825683594,,9.413587093353271,0.01659250259399414
561,3.763270854949951,,9.43036413192749,0.01677703857421875
562,3.8663485050201416,,9.447099208831787,0.016735076904296875
563,3.7608516216278076,,9.463907957077026,0.016808748245239258
564,3.847839117050171,,9.480504512786865,0.013182640075683594
565,3.805353879928589,,9.497115850448608,0.013927698135375977
566,3.725533962249756,,9.514810800552368,0.01591348648071289
567,3.722991943359375,,9.530599355697632,0.015788555145263672
568,3.709606647491455,,9.546375751495361,0.015776395797729492
569,3.8515658378601074,,9.564006328582764,0.017630577087402344
570,3.718923568725586,,9.58009672164917,0.01609039306640625
571,3.696047782897949,,9.59732985496521,0.01723313331604004
572,3.7699902057647705,,9.613336324691772,0.0160064697265625
573,3.767951488494873,,9.62944221496582,0.01610589027404785
574,3.6964163780212402,,9.64739465713501,0.017952442169189453
575,3.7530078887939453,,9.663634061813354,0.016239404678344727
576,3.6299521923065186,,9.680481195449829,0.01684713363647461
577,3.7213730812072754,,9.697019338607788,0.016538143157958984
578,3.681889772415161,,9.713598251342773,0.01657891273498535
579,3.6999964714050293,,9.730188608169556,0.016590356826782227
580,3.6744658946990967,,9.746760129928589,0.016571521759033203
581,3.649768829345703,,9.763364791870117,0.01660466194152832
582,3.7000932693481445,,9.779906749725342,0.01654195785522461
583,3.7414205074310303,,9.796538591384888,0.0166318416595459
584,3.6580488681793213,,9.813127994537354,0.01658940315246582
585,3.6468987464904785,,9.829704999923706,0.01657700538635254
586,3.6444644927978516,,9.846248149871826,0.016543149948120117
587,3.626685619354248,,9.863013744354248,0.013356447219848633
588,3.602159023284912,,9.87974238395691,0.014045476913452148
589,3.656874656677246,,9.897332668304443,0.01581430435180664
590,3.645435333251953,,9.912915468215942,0.015582799911499023
591,3.5967071056365967,,9.928564310073853,0.015648841857910156
592,3.5609443187713623,,9.946346759796143,0.01778244972229004
593,3.544248580932617,,9.962128400802612,0.015781641006469727
594,3.630842924118042,,9.980043411254883,0.017915010452270508
595,3.624366283416748,,9.996121406555176,0.01607799530029297
596,3.542250156402588,,10.012192010879517,0.01607060432434082
597,3.6004741191864014,,10.030039548873901,0.017847537994384766
598,3.5865626335144043,,10.046147584915161,0.016108036041259766
599,3.5265889167785645,,10.062958240509033,0.01681065559387207
600,3.597079277038574,0.9126482804616293,10.081355571746826,0.01839733123779297
601,3.5669851303100586,,10.09840440750122,0.01704883575439453
602,3.589655876159668,,10.115147590637207,0.016743183135986328
603,3.4957849979400635,,10.131945848464966,0.01679825782775879
604,3.583601474761963,,10.148468255996704,0.01358485221862793
605,3.5072412490844727,,10.165000677108765,0.014117717742919922
606,3.55440354347229,,10.182519435882568,0.015740156173706055
607,3.4835829734802246,,10.198216915130615,0.015697479248046875
608,3.5474133491516113,,10.214259147644043,0.016042232513427734
609,3.4722933769226074,,10.23141098022461,0.017151832580566406
610,3.4073030948638916,,10.247091293334961,0.015680313110351562
611,3.4910850524902344,,10.265039205551147,0.017947912216186523
612,3.499262809753418,,10.281142234802246,0.016103029251098633
613,3.5099244117736816,,10.297186613082886,0.01604437828063965
614,3.539106845855713,,10.31329345703125,0.016106843948364258
615,3.4922046661376953,,10.331307172775269,0.018013715744018555
616,3.452150344848633,,10.347460746765137,0.016153573989868164
617,3.4524996280670166,,10.364058017730713,0.016597270965576172
618,3.4978251457214355,,10.380587577819824,0.016529560089111328
619,3.4752519130706787,,10.397231817245483,0.01664423942565918
620,3.491283416748047,,10.413815975189209,0.016584157943725586
621,3.450287342071533,,10.43041205406189,0.016596078872680664
622,3.4006543159484863,,10.447212219238281,0.0168001651763916
623,3.4265124797821045,,10.463812112808228,0.01659989356994629
624,3.4375321865081787,,10.480365514755249,0.016553401947021484
625,3.424558162689209,,10.496919631958008,0.01655411720275879
626,3.408581256866455,,10.513453960418701,0.01653432846069336
627,3.375850200653076,,10.5302152633667,0.013345479965209961
628,3.3820464611053467,,10.546691656112671,0.013831615447998047
629,3.4006729125976562,,10.564759016036987,0.016032934188842773
630,3.350109577178955,,10.580848693847656,0.016089677810668945
631,3.35050106048584,,10.596400737762451,0.015552043914794922
632,3.3897786140441895,,10.612293720245361,0.015892982482910156
633,3.352553367614746,,10.628328084945679,0.016034364700317383
634,3.2825303077697754,,10.645973920822144,0.017645835876464844
635,3.264326572418213,,10.661683082580566,0.01570916175842285
636,3.340946912765503,,10.679600238800049,0.017917156219482422
637,3.3448290824890137,,10.695669889450073,0.016069650650024414
638,3.3159782886505127,,10.711721658706665,0.016051769256591797
639,3.2559101581573486,,10.729637384414673,0.017915725708007812
640,3.3814520835876465,,10.745585680007935,0.01594829559326172
641,3.3416218757629395,,10.762157201766968,0.016571521759033203
642,3.3331198692321777,,10.77876615524292,0.01660895347595215
643,3.307612180709839,,10.795374870300293,0.016608715057373047
644,3.3121371269226074,,10.811970710754395,0.016595840454101562
645,3.3449575901031494,,10.828603267669678,0.016632556915283203
646,3.2392592430114746,,10.845253467559814,0.01665019989013672
647,3.313136577606201,,10.861879110336304,0.016625642776489258
648,3.323533058166504,,10.878414869308472,0.01653575897216797
649,3.3006436824798584,,10.894931554794312,0.016516685485839844
650,3.2558348178863525,,10.911397695541382,0.016466140747070312
651,3.3254752159118652,,10.928033590316772,0.016635894775390625
652,3.274031162261963,,10.944588899612427,0.013208150863647461
653,3.232131004333496,,10.961347579956055,0.01403355598449707
654,3.258821964263916,,10.978822946548462,0.01569962501525879
655,3.2429723739624023,,10.994306325912476,0.015483379364013672
656,3.23964262008667,,11.010382175445557,0.016075849533081055
657,3.2091684341430664,,11.02755618095398,0.01717400550842285
658,3.2309656143188477,,11.043670892715454,0.01611471176147461
659,3.208284854888916,,11.059598445892334,0.015927553176879883
660,3.2333383560180664,,11.077470064163208,0.017871618270874023
661,3.2543540000915527,,11.093400239944458,0.01593017578125
662,3.232555866241455,,11.111111164093018,0.01771092414855957
663,3.136293411254883,,11.127053022384644,0.015941858291625977
664,3.1568548679351807,,11.143584251403809,0.01653122901916504
665,3.1569221019744873,,11.160156965255737,0.01657271385192871
666,3.162109613418579,,11.176749229431152,0.01659226417541504
667,3.2288503646850586,,11.193296670913696,0.016547441482543945
668,3.247222661972046,,11.209827423095703,0.016530752182006836
669,3.269057035446167,,11.226404190063477,0.016576766967773438
670,3.2090232372283936,,11.242959260940552,0.016555070877075195
671,3.141289234161377,,11.25964879989624,0.016689538955688477
672,3.2182047367095947,,11.276190042495728,0.016541242599487305
673,3.1969289779663086,,11.292853832244873,0.016663789749145508
674,3.1648411750793457,,11.309470176696777,0.016616344451904297
675,3.168060541152954,,11.32599139213562,0.013877630233764648
676,3.093065023422241,,11.344174146652222,0.016148805618286133
677,3.155334949493408,,11.360215187072754,0.016041040420532227
678,3.0962257385253906,,11.375664472579956,0.015449285507202148
679,3.1618714332580566,,11.39169692993164,0.01603245735168457
680,3.1512837409973145,,11.407702207565308,0.016005277633666992
681,3.092435121536255,,11.425498485565186,0.01779627799987793
682,3.143015146255493,,11.441238403320312,0.015739917755126953
683,3.134049892425537,,11.459213256835938,0.017974853515625
684,3.192559003829956,,11.475224018096924,0.016010761260986328
685,3.0998473167419434,,11.492857933044434,0.017633914947509766
686,3.113572120666504,,11.508893251419067,0.01603531837463379
687,3.129714250564575,,11.525023698806763,0.016130447387695312
688,3.0924220085144043,,11.54177188873291,0.01674818992614746
689,3.1734189987182617,,11.558240413665771,0.016468524932861328
690,3.1704607009887695,,11.574707746505737,0.01646733283996582
691,3.115405559539795,,11.591267347335815,0.016559600830078125
692,3.088515281677246,,11.608055591583252,0.016788244247436523
693,3.077753782272339,,11.630245208740234,0.022189617156982422
694,3.0287907123565674,,11.645707607269287,0.015462398529052734
695,3.0925161838531494,,11.661340236663818,0.01563262939453125
696,3.0953867435455322,,11.678934335708618,0.017594099044799805
697,3.053086996078491,,11.694748163223267,0.015813827514648438
698,3.0745153427124023,,11.710967063903809,0.016218900680541992
699,3.042689800262451,,11.724877119064331,0.013910055160522461
700,3.0621299743652344,0.9531752069791158,11.754179239273071,0.029302120208740234
701,3.0945887565612793,,11.772617101669312,0.015771865844726562
702,3.0163662433624268,,11.789191246032715,0.01657414436340332
703,3.005514621734619,,11.804241418838501,0.01330423355102539
704,3.1057000160217285,,11.820165157318115,0.012588262557983398
705,3.0640437602996826,,11.836125612258911,0.012088298797607422
706,2.977259635925293,,11.851792812347412,0.01133108139038086
707,2.9672703742980957,,11.867515802383423,0.010312080383300781
708,3.0007379055023193,,11.883638143539429,0.00979304313659668
709,3.058441162109375,,11.899407625198364,0.00902247428894043
710,3.063377857208252,,11.915008306503296,0.008017301559448242
711,3.009066104888916,,11.930716037750244,0.0070171356201171875
712,3.041443347930908,,11.948271751403809,0.008015871047973633
713,3.0113577842712402,,11.964361667633057,0.007517814636230469
714,2.9723124504089355,,11.980348587036133,0.007017374038696289
715,2.983828544616699,,11.99786639213562,0.008017301559448242
716,2.940141201019287,,12.013906240463257,0.007516622543334961
717,2.9836931228637695,,12.031162977218628,0.008018016815185547
718,2.9289417266845703,,12.04720139503479,0.007516384124755859
719,2.9024505615234375,,12.064436435699463,0.00801706314086914
720,2.9306640625,,12.08820629119873,0.01596522331237793
721,2.961775541305542,,12.104247093200684,0.014036417007446289
722,3.0143332481384277,,12.120298862457275,0.014087200164794922
723,2.9901747703552246,,12.135932207107544,0.013203620910644531
724,2.91744065284729,,12.151899814605713,0.012548208236694336
725,2.9416232109069824,,12.16796088218689,0.012167692184448242
726,2.9385643005371094,,12.183974027633667,0.011610746383666992
727,2.9615399837493896,,12.199982643127441,0.011119842529296875
728,2.988757610321045,,12.215984582901001,0.010648965835571289
729,2.933901786804199,,12.231655597686768,0.009763479232788086
730,2.8788442611694336,,12.25357985496521,0.015036821365356445
731,2.934231758117676,,12.263660907745361,0.010081052780151367
732,2.90399169921875,,12.2857186794281,0.007018089294433594
733,2.894603729248047,,12.301475524902344,0.006014108657836914
734,2.9636566638946533,,12.319481372833252,0.008015871047973633
735,2.9021098613739014,,12.343137979507446,0.01563882827758789
736,2.843876361846924,,12.35900092124939,0.013985872268676758
737,2.884382486343384,,12.375072479248047,0.01316070556640625
738,2.8731818199157715,,12.390725374221802,0.015652894973754883
739,2.780822277069092,,12.406407356262207,0.010927915573120117
740,2.91947340965271,,12.422529458999634,0.010663509368896484
741,2.837158679962158,,12.438377141952515,0.009763717651367188
742,2.875633716583252,,12.454192638397217,0.009021997451782227
743,2.8616621494293213,,12.469699144363403,0.008016586303710938
744,2.852173089981079,,12.485388040542603,0.007017374038696289
745,2.916256904602051,,12.502914667129517,0.00801706314086914
746,2.8422911167144775,,12.519001245498657,0.0075168609619140625
747,2.854710102081299,,12.535006046295166,0.007017850875854492
748,2.893556833267212,,12.55849289894104,0.013918399810791016
749,2.931161403656006,,12.575047731399536,0.016554832458496094
750,2.8396143913269043,,12.591640949249268,0.016593217849731445
751,2.892855405807495,,12.608225584030151,0.01658463478088379
752,2.84829044342041,,12.624706506729126,0.01648092269897461
753,2.847743034362793,,12.64128041267395,0.01657390594482422
754,2.784573793411255,,12.657807111740112,0.013125896453857422
755,2.840768337249756,,12.674315214157104,0.013862848281860352
756,2.8707146644592285,,12.692337274551392,0.015985488891601562
757,2.8167502880096436,,12.708345890045166,0.016008615493774414
758,2.875444173812866,,12.723835945129395,0.01418447494506836
759,2.8735506534576416,,12.739781379699707,0.0159454345703125
760,2.7800447940826416,,12.756953954696655,0.017172574996948242
761,2.802618980407715,,12.77292013168335,0.015966176986694336
762,2.7877397537231445,,12.788898706436157,0.015978574752807617
763,2.817039966583252,,12.806818723678589,0.01792001724243164
764,2.8193740844726562,,12.822855234146118,0.016036510467529297
765,2.8529655933380127,,12.838939905166626,0.016084671020507812
766,2.824273109436035,,12.85694146156311,0.018001556396484375
767,2.8511009216308594,,12.872979402542114,0.016037940979003906
768,2.7768898010253906,,12.889369249343872,0.016389846801757812
769,2.770465850830078,,12.906158685684204,0.01678943634033203
770,2.772111415863037,,12.922761678695679,0.01660299301147461
771,2.778585910797119,,12.939309120178223,0.016547441482543945
772,2.758859157562256,,12.955996036529541,0.01668691635131836
773,2.789808988571167,,12.972498178482056,0.01650214195251465
774,2.7277073860168457,,12.989195346832275,0.016697168350219727
775,2.7497878074645996,,13.00575065612793,0.016555309295654297
776,2.735236167907715,,13.022276639938354,0.016525983810424805
777,2.7893834114074707,,13.038731336593628,0.016454696655273438
778,2.752634048461914,,13.055231809616089,0.013821840286254883
779,2.802725315093994,,13.073233604431152,0.01596236228942871
780,2.7459049224853516,,13.08918571472168,0.015952110290527344
781,2.7042179107666016,,13.104857683181763,0.015671968460083008
782,2.7247822284698486,,13.126806735992432,0.021949052810668945
783,2.7767326831817627,,13.147588968276978,0.0207822322845459
784,2.743157148361206,,13.16432499885559,0.01673603057861328
785,2.699920177459717,,13.181203126907349,0.016878128051757812
786,2.6722803115844727,,13.197840929031372,0.013686895370483398
787,2.665025472640991,,13.215562343597412,0.015686988830566406
788,2.7412109375,,13.231079578399658,0.015517234802246094
789,2.6970374584198,,13.247129440307617,0.016049861907958984
790,2.667036533355713,,13.26304292678833,0.01591348648071289
791,2.713791847229004,,13.28053879737854,0.01749587059020996
792,2.7451553344726562,,13.296562910079956,0.016024112701416016
793,2.7042129039764404,,13.31253695487976,0.015974044799804688
794,2.669060230255127,,13.33043360710144,0.017896652221679688
795,2.752206325531006,,13.346399784088135,0.015966176986694336
796,2.7107086181640625,,13.362457752227783,0.016057968139648438
797,2.6723732948303223,,13.378485202789307,0.016027450561523438
798,2.7147018909454346,,13.396492004394531,0.01800680160522461
799,2.7149202823638916,,13.412753820419312,0.016261816024780273
800,2.6656625270843506,0.9545545776685079,13.431105852127075,0.018352031707763672
801,2.70188045501709,,13.447556972503662,0.016451120376586914
802,2.684206008911133,,13.46413779258728,0.016580820083618164
803,2.7101316452026367,,13.480791091918945,0.01665329933166504
804,2.66013240814209,,13.497632026672363,0.01684093475341797
805,2.633119583129883,,13.514361143112183,0.016729116439819336
806,2.730020523071289,,13.530882358551025,0.013518571853637695
807,2.6552319526672363,,13.54740834236145,0.01409769058227539
808,2.7128355503082275,,13.564867973327637,0.015683650970458984
809,2.6195220947265625,,13.580558776855469,0.01569080352783203
810,2.6550240516662598,,13.596618175506592,0.016059398651123047
811,2.6821305751800537,,13.612649917602539,0.016031742095947266
812,2.6556663513183594,,13.630237340927124,0.01758742332458496
813,2.6656010150909424,,13.646201372146606,0.015964031219482422
814,2.676708221435547,,13.662159442901611,0.015958070755004883
815,2.652449131011963,,13.68002963066101,0.017870187759399414
816,2.631725549697876,,13.696021318435669,0.015991687774658203
817,2.629150629043579,,13.71204137802124,0.01602005958557129
818,2.6277542114257812,,13.728099346160889,0.016057968139648438
819,2.650596857070923,,13.746027708053589,0.017928361892700195
820,2.6002862453460693,,13.76246452331543,0.01643681526184082
821,2.6095218658447266,,13.778972625732422,0.016508102416992188
822,2.573577880859375,,13.795676946640015,0.016704320907592773
823,2.6392674446105957,,13.812134504318237,0.016457557678222656
824,2.6156187057495117,,13.828639507293701,0.016505002975463867
825,2.6101295948028564,,13.845107316970825,0.016467809677124023
826,2.6407628059387207,,13.861673831939697,0.01656651496887207
827,2.6270194053649902,,13.878241539001465,0.016567707061767578
828,2.5522406101226807,,13.895034313201904,0.016792774200439453
829,2.5426065921783447,,13.911768674850464,0.01673436164855957
830,2.59036922454834,,13.928312063217163,0.013723373413085938
831,2.57643723487854,,13.946277856826782,0.01592731475830078
832,2.5876076221466064,,13.962268114089966,0.015990257263183594
833,2.615647792816162,,13.977643728256226,0.015375614166259766
834,2.5552754402160645,,13.993698358535767,0.016054630279541016
835,2.5261051654815674,,14.010860204696655,0.017161846160888672
836,2.597752094268799,,14.026932001113892,0.016071796417236328
837,2.584451675415039,,14.042867422103882,0.015935420989990234
838,2.5398197174072266,,14.060709714889526,0.01784229278564453
839,2.5687851905822754,,14.076746940612793,0.0160372257232666
840,2.617844581604004,,14.09274411201477,0.01599717140197754
841,2.5459632873535156,,14.108800649642944,0.016056537628173828
842,2.577197551727295,,14.126754760742188,0.017954111099243164
843,2.5731687545776367,,14.143033504486084,0.016278743743896484
844,2.5912532806396484,,14.159602403640747,0.016568899154663086
845,2.570279598236084,,14.176100969314575,0.016498565673828125
846,2.5371274948120117,,14.19264554977417,0.016544580459594727
847,2.5631067752838135,,14.209198951721191,0.016553401947021484
848,2.518484115600586,,14.225951433181763,0.01675248146057129
849,2.5607895851135254,,14.242485284805298,0.016533851623535156
850,2.585036277770996,,14.259085893630981,0.016600608825683594
851,2.515040397644043,,14.275814533233643,0.016728639602661133
852,2.498929023742676,,14.292500734329224,0.016686201095581055
853,2.6606712341308594,,14.309080123901367,0.013194084167480469
854,2.520202159881592,,14.325587272644043,0.013915300369262695
855,2.483328104019165,,14.343236684799194,0.01587224006652832
856,2.477867603302002,,14.358912467956543,0.015675783157348633
857,2.5167107582092285,,14.374875783920288,0.015963315963745117
858,2.482715606689453,,14.392034769058228,0.017158985137939453
859,2.5744638442993164,,14.408046007156372,0.01601123809814453
860,2.5383718013763428,,14.424047470092773,0.016001462936401367
861,2.494913339614868,,14.441978454589844,0.017930984497070312
862,2.5003528594970703,,14.457818031311035,0.015839576721191406
863,2.440586805343628,,14.4739408493042,0.016122817993164062
864,2.478442907333374,,14.491698026657104,0.017757177352905273
865,2.4929871559143066,,14.508294820785522,0.01659679412841797
866,2.4682750701904297,,14.524915218353271,0.016620397567749023
867,2.5080504417419434,,14.541560888290405,0.01664566993713379
868,2.503034830093384,,14.558126211166382,0.016565322875976562
869,2.4585649967193604,,14.574612379074097,0.016486167907714844
870,2.586496353149414,,14.59110164642334,0.016489267349243164
871,2.513286590576172,,14.607645511627197,0.016543865203857422
872,2.491004467010498,,14.62415623664856,0.016510725021362305
873,2.4965384006500244,,14.640684127807617,0.016527891159057617
874,2.5106935501098633,,14.657274961471558,0.01659083366394043
875,2.5095181465148926,,14.673716068267822,0.01644110679626465
876,2.4463860988616943,,14.69029951095581,0.01658344268798828
877,2.4866981506347656,,14.706831932067871,0.013166427612304688
878,2.4393808841705322,,14.723443031311035,0.014053583145141602
879,2.477325439453125,,14.741015672683716,0.015796184539794922
880,2.4915454387664795,,14.756713390350342,0.015697717666625977
881,2.4192285537719727,,14.772385597229004,0.01567220687866211
882,2.443366289138794,,14.789879083633423,0.017493486404418945
883,2.389639377593994,,14.805527687072754,0.015648603439331055
884,2.4512743949890137,,14.823390483856201,0.017862796783447266
885,2.408511161804199,,14.83938217163086,0.015991687774658203
886,2.4824256896972656,,14.855499744415283,0.016117572784423828
887,2.4199178218841553,,14.871556282043457,0.016056537628173828
888,2.4178473949432373,,14.889498710632324,0.017942428588867188
889,2.3923795223236084,,14.905659198760986,0.01616048812866211
890,2.432278871536255,,14.922386407852173,0.016727209091186523
891,2.4810848236083984,,14.939040899276733,0.016654491424560547
892,2.3868894577026367,,14.955787181854248,0.01674628257751465
893,2.418002128601074,,14.972468852996826,0.016681671142578125
894,2.377159595489502,,14.98915696144104,0.016688108444213867
895,2.4458413124084473,,15.005833148956299,0.01667618751525879
896,2.4599945545196533,,15.022321701049805,0.01648855209350586
897,2.4213194847106934,,15.038862228393555,0.01654052734375
898,2.4116263389587402,,15.055378437042236,0.013162851333618164
899,2.38161563873291,,15.071911811828613,0.013832569122314453
900,2.4415063858032227,0.9701793591181437,15.089876174926758,0.0159299373626709
901,2.3730111122131348,,15.105830669403076,0.01595449447631836
902,2.4443068504333496,,15.123351573944092,0.017520904541015625
903,2.4411487579345703,,15.139461278915405,0.016109704971313477
904,2.4290571212768555,,15.155501127243042,0.01603984832763672
905,2.4107518196105957,,15.173403978347778,0.017902851104736328
906,2.463994264602661,,15.189409732818604,0.016005754470825195
907,2.470950126647949,,15.205424070358276,0.01601433753967285
908,2.3802390098571777,,15.223368883132935,0.017944812774658203
909,2.4373064041137695,,15.239397525787354,0.016028642654418945
910,2.3621561527252197,,15.255767107009888,0.01636958122253418
911,2.4222140312194824,,15.272329807281494,0.016562700271606445
912,2.4174933433532715,,15.288904905319214,0.016575098037719727
913,2.3656396865844727,,15.305448532104492,0.01654362678527832
914,2.368163585662842,,15.321994066238403,0.016545534133911133
915,2.4064769744873047,,15.338510036468506,0.01651597023010254
916,2.429184913635254,,15.355059385299683,0.016549348831176758
917,2.4023754596710205,,15.371589660644531,0.016530275344848633
918,2.3060059547424316,,15.388259172439575,0.016669511795043945
919,2.4066479206085205,,15.404805183410645,0.016546010971069336
920,2.3742332458496094,,15.421661138534546,0.016855955123901367
921,2.3613195419311523,,15.438143253326416,0.013536453247070312
922,2.436095714569092,,15.454621315002441,0.014067649841308594
923,2.3618345260620117,,15.472159147262573,0.015761137008666992
924,2.367919921875,,15.48770022392273,0.01554107666015625
925,2.3737599849700928,,15.50360631942749,0.015906095504760742
926,2.3259940147399902,,15.519546747207642,0.015940427780151367
927,2.3642406463623047,,15.537054061889648,0.017507314682006836
928,2.380988597869873,,15.552963256835938,0.015909194946289062
929,2.336320161819458,,15.568940162658691,0.015976905822753906
930,2.391284942626953,,15.58687162399292,0.017931461334228516
931,2.329890727996826,,15.602903366088867,0.016031742095947266
932,2.329005718231201,,15.618991374969482,0.016088008880615234
933,2.357452869415283,,15.63700795173645,0.018016576766967773
934,2.3241934776306152,,15.653035640716553,0.01602768898010254
935,2.362384796142578,,15.669249296188354,0.016213655471801758
936,2.3395681381225586,,15.685810327529907,0.016561031341552734
937,2.3181097507476807,,15.702295780181885,0.01648545265197754
938,2.3238649368286133,,15.718905448913574,0.016609668731689453
939,2.3488833904266357,,15.735503196716309,0.016597747802734375
940,2.409405469894409,,15.752100944519043,0.016597747802734375
941,2.306623935699463,,15.768531084060669,0.016430139541625977
942,2.339872121810913,,15.785660743713379,0.01712965965270996
943,2.3162124156951904,,15.802199840545654,0.01653909683227539
944,2.3109183311462402,,15.818805932998657,0.01660609245300293
945,2.29823899269104,,15.835505485534668,0.016699552536010742
946,2.316178321838379,,15.851999282836914,0.016493797302246094
947,2.3134124279022217,,15.868502616882324,0.013106107711791992
948,2.3074207305908203,,15.8849356174469,0.013624906539916992
949,2.306311845779419,,15.901422262191772,0.014056682586669922
950,2.3148741722106934,,15.918941020965576,0.01574254035949707
951,2.322373867034912,,15.934467792510986,0.015526771545410156
952,2.2879505157470703,,15.950134992599487,0.015667200088500977
953,2.2522401809692383,,15.967724323272705,0.017589330673217773
954,2.27787709236145,,15.98483657836914,0.017112255096435547
955,2.3291759490966797,,15.99968671798706,0.014850139617919922
956,2.2755093574523926,,16.01752495765686,0.017838239669799805
957,2.3036327362060547,,16.03359842300415,0.01607346534729004
958,2.2294533252716064,,16.04966711997986,0.016068696975708008
959,2.3538107872009277,,16.06732153892517,0.0176544189453125
960,2.3444080352783203,,16.083478212356567,0.016156673431396484
961,2.2799086570739746,,16.09996008872986,0.016481876373291016
962,2.2642383575439453,,16.11647319793701,0.01651310920715332
963,2.2692086696624756,,16.13313364982605,0.016660451889038086
964,2.2812328338623047,,16.149818181991577,0.016684532165527344
965,2.242863178253174,,16.16653299331665,0.016714811325073242
966,2.295670986175537,,16.183109045028687,0.016576051712036133
967,2.2243223190307617,,16.19980549812317,0.016696453094482422
968,2.226506233215332,,16.216325283050537,0.016519784927368164
969,2.204794406890869,,16.2330322265625,0.01670694351196289
970,2.3055953979492188,,16.24953055381775,0.013130426406860352
971,2.299333095550537,,16.26604151725769,0.013863801956176758
972,2.186274528503418,,16.283711671829224,0.01563572883605957
973,2.2657723426818848,,16.299236059188843,0.01552438735961914
974,2.225905418395996,,16.31522560119629,0.01598954200744629
975,2.2875242233276367,,16.331197023391724,0.01597142219543457
976,2.240752696990967,,16.34874176979065,0.01754474639892578
977,2.2344489097595215,,16.364731788635254,0.015990018844604492
978,2.2144665718078613,,16.380730152130127,0.015998363494873047
979,2.2645301818847656,,16.39859366416931,0.01786351203918457
980,2.2047348022460938,,16.414599657058716,0.016005992889404297
981,2.253880500793457,,16.43228769302368,0.01768803596496582
982,2.248816967010498,,16.448192596435547,0.015904903411865234
983,2.2034709453582764,,16.464768171310425,0.01657557487487793
984,2.2363123893737793,,16.48139238357544,0.01662421226501465
985,2.3118536472320557,,16.49795365333557,0.016561269760131836
986,2.2655739784240723,,16.51448655128479,0.01653289794921875
987,2.2547340393066406,,16.53106713294983,0.016580581665039062
988,2.2565979957580566,,16.54759430885315,0.016527175903320312
989,2.250117540359497,,16.564178943634033,0.01658463478088379
990,2.2135157585144043,,16.580663442611694,0.016484498977661133
991,2.2527027130126953,,16.597352981567383,0.016689538955688477
992,2.222181558609009,,16.613924026489258,0.016571044921875
993,2.1695456504821777,,16.63080382347107,0.016879796981811523
994,2.135796546936035,,16.647789239883423,0.01409602165222168
995,2.232332468032837,,16.665345430374146,0.01578068733215332
996,2.2007858753204346,,16.68072485923767,0.01537942886352539
997,2.19303035736084,,16.696630716323853,0.01590585708618164
998,2.243581533432007,,16.712612867355347,0.01598215103149414
999,2.214977502822876,,16.730196952819824,0.01758408546447754
1000,2.242730140686035,0.9738193353017172,16.748119115829468,0.017922163009643555
1001,2.1992645263671875,,16.765774488449097,0.017655372619628906
1002,2.181709051132202,,16.781808614730835,0.01603412628173828
1003,2.158886671066284,,16.79796576499939,0.016157150268554688
1004,2.2083992958068848,,16.814429998397827,0.0164642333984375
1005,2.209001064300537,,16.831056356430054,0.016626358032226562
1006,2.20106840133667,,16.847654819488525,0.01659846305847168
1007,2.163482904434204,,16.864216089248657,0.016561269760131836
1008,2.1878485679626465,,16.880691051483154,0.01647496223449707
1009,2.1547553539276123,,16.897428035736084,0.016736984252929688
1010,2.122175931930542,,16.914271116256714,0.016843080520629883
1011,2.241549491882324,,16.93086290359497,0.016591787338256836
1012,2.146480083465576,,16.947333335876465,0.01647043228149414
1013,2.1354172229766846,,16.96385955810547,0.013154268264770508
1014,2.1702980995178223,,16.980361700057983,0.01389455795288086
1015,2.203105926513672,,16.997830152511597,0.01569199562072754
1016,2.2029566764831543,,17.013350009918213,0.015519857406616211
1017,2.2682905197143555,,17.029340028762817,0.015990018844604492
1018,2.1520185470581055,,17.045274019241333,0.015933990478515625
1019,2.1313822269439697,,17.062806129455566,0.0175321102142334
1020,2.101252317428589,,17.07851481437683,0.01570868492126465
1021,2.13995623588562,,17.096444129943848,0.0179293155670166
1022,2.107191801071167,,17.112441301345825,0.01599717140197754
1023,2.154726982116699,,17.12852191925049,0.016080617904663086
1024,2.131263494491577,,17.14660358428955,0.0180816650390625
1025,2.185479164123535,,17.163155794143677,0.016552209854125977
1026,2.140014886856079,,17.179768085479736,0.01661229133605957
1027,2.157501697540283,,17.19629716873169,0.016529083251953125
1028,2.112870216369629,,17.212832927703857,0.01653575897216797
1029,2.125819683074951,,17.229389905929565,0.016556978225708008
1030,2.110445976257324,,17.246180057525635,0.016790151596069336
1031,2.141202926635742,,17.262818098068237,0.01663804054260254
1032,2.177224636077881,,17.2794246673584,0.016606569290161133
1033,2.0946669578552246,,17.29615354537964,0.016728878021240234
1034,2.1057896614074707,,17.312716960906982,0.01656341552734375
1035,2.0926673412323,,17.32942843437195,0.01671147346496582
1036,2.0809857845306396,,17.34607982635498,0.013733148574829102
1037,2.083306074142456,,17.362548828125,0.014435052871704102
1038,2.1296677589416504,,17.37996530532837,0.01588129997253418
1039,2.1248271465301514,,17.395435333251953,0.015470027923583984
1040,2.1494340896606445,,17.411454916000366,0.016019582748413086
1041,2.0736210346221924,,17.42858862876892,0.017133712768554688
1042,2.0815162658691406,,17.44428300857544,0.015694379806518555
1043,2.1956663131713867,,17.46221113204956,0.017928123474121094
1044,2.137910842895508,,17.47821831703186,0.016007184982299805
1045,2.078778028488159,,17.494311332702637,0.016093015670776367
1046,2.1255857944488525,,17.51034116744995,0.016029834747314453
1047,2.0968239307403564,,17.52833604812622,0.01799488067626953
1048,2.1324000358581543,,17.54473638534546,0.01640033721923828
1049,2.081784725189209,,17.561270713806152,0.01653432846069336
1050,2.0812273025512695,,17.57784080505371,0.016570091247558594
1051,2.096442222595215,,17.594369411468506,0.016528606414794922
1052,2.0694971084594727,,17.61111855506897,0.016749143600463867
1053,2.064119815826416,,17.627867460250854,0.016748905181884766
1054,2.107973098754883,,17.644466876983643,0.016599416732788086
1055,2.1046195030212402,,17.661037921905518,0.016571044921875
1056,2.095745086669922,,17.677616596221924,0.01657867431640625
1057,2.0474636554718018,,17.694360494613647,0.016743898391723633
1058,2.0721521377563477,,17.71090078353882,0.013633251190185547
1059,2.0872459411621094,,17.729095458984375,0.014844179153442383
1060,2.0630600452423096,,17.74500799179077,0.015912532806396484
1061,2.0820016860961914,,17.76051688194275,0.015508890151977539
1062,2.102745532989502,,17.776511430740356,0.015994548797607422
1063,2.095801830291748,,17.79448366165161,0.017972230911254883
1064,2.0608270168304443,,17.80996346473694,0.015479803085327148
1065,2.052394151687622,,17.82600235939026,0.016038894653320312
1066,2.140500783920288,,17.841989278793335,0.015986919403076172
1067,2.0831117630004883,,17.859392404556274,0.017403125762939453
1068,2.1046793460845947,,17.875272512435913,0.015880107879638672
1069,2.0715479850769043,,17.89329719543457,0.018024682998657227
1070,2.0664334297180176,,17.909395456314087,0.0160982608795166
1071,2.0377657413482666,,17.926303386688232,0.016907930374145508
1072,2.0458834171295166,,17.942508459091187,0.0162050724029541
1073,2.058633804321289,,17.959075927734375,0.016567468643188477
1074,2.050401449203491,,17.975592613220215,0.016516685485839844
1075,2.1416878700256348,,17.992147207260132,0.016554594039916992
1076,2.0951385498046875,,18.0085666179657,0.016419410705566406
1077,2.0828256607055664,,18.025123357772827,0.016556739807128906
1078,2.090768814086914,,18.041640758514404,0.01651740074157715
1079,2.080425262451172,,18.058294534683228,0.016653776168823242
1080,2.048105239868164,,18.07481813430786,0.01652359962463379
1081,2.0977556705474854,,18.091349840164185,0.016531705856323242
1082,2.0740652084350586,,18.107905626296997,0.0165557861328125
1083,2.0275235176086426,,18.124609231948853,0.013351678848266602
1084,2.038060188293457,,18.141123294830322,0.013842105865478516
1085,2.0154213905334473,,18.15838313102722,0.01522517204284668
1086,2.0685043334960938,,18.174418449401855,0.01603531837463379
1087,2.055694580078125,,18.190397024154663,0.015978574752807617
1088,1.9983664751052856,,18.208046436309814,0.017649412155151367
1089,2.072288990020752,,18.224080801010132,0.016034364700317383
1090,2.0735955238342285,,18.240068197250366,0.015987396240234375
1091,2.0529909133911133,,18.25796937942505,0.017901182174682617
1092,1.9574222564697266,,18.274052381515503,0.0160830020904541
1093,2.0175368785858154,,18.29194974899292,0.017897367477416992
1094,2.046530246734619,,18.307737827301025,0.01578807830810547
1095,2.0243561267852783,,18.32433557510376,0.016597747802734375
1096,2.0161399841308594,,18.34087634086609,0.0165407657623291
1097,2.0168285369873047,,18.357523679733276,0.0166473388671875
1098,2.0338127613067627,,18.374054670333862,0.016530990600585938
1099,2.039365530014038,,18.390669107437134,0.016614437103271484
1100,2.041806697845459,0.9825389186541239,18.408858060836792,0.018188953399658203
1101,1.9953334331512451,,18.425500869750977,0.01664280891418457
1102,1.991896390914917,,18.442243337631226,0.013162851333618164
1103,2.0352776050567627,,18.458815574645996,0.013836145401000977
1104,2.015380620956421,,18.476802110671997,0.015949487686157227
1105,1.9825834035873413,,18.492674350738525,0.01587224006652832
1106,1.990459680557251,,18.50811791419983,0.015443563461303711
1107,1.9971163272857666,,18.524115324020386,0.01599740982055664
1108,2.0508689880371094,,18.540035486221313,0.015920162200927734
1109,2.0659637451171875,,18.55760359764099,0.017568111419677734
1110,1.9781900644302368,,18.57352352142334,0.015919923782348633
1111,2.031087636947632,,18.58957314491272,0.016049623489379883
1112,2.1159071922302246,,18.60748028755188,0.017907142639160156
1113,2.0809457302093506,,18.623586177825928,0.01610589027404785
1114,2.045553684234619,,18.63930606842041,0.015719890594482422
1115,2.0377912521362305,,18.657267332077026,0.01796126365661621
1116,2.0429344177246094,,18.673569202423096,0.016301870346069336
1117,2.0118417739868164,,18.690093517303467,0.016524314880371094
1118,1.9791185855865479,,18.706685543060303,0.016592025756835938
1119,1.9878087043762207,,18.723707914352417,0.017022371292114258
1120,2.0299220085144043,,18.740283250808716,0.016575336456298828
1121,2.0348610877990723,,18.756828546524048,0.01654529571533203
1122,1.9791390895843506,,18.773338556289673,0.016510009765625
1123,1.9843204021453857,,18.78988242149353,0.016543865203857422
1124,1.9916877746582031,,18.806486129760742,0.016603708267211914
1125,1.9977214336395264,,18.82303261756897,0.01654648780822754
1126,1.999119758605957,,18.839626789093018,0.01659417152404785
1127,2.0080294609069824,,18.856194734573364,0.01656794548034668
1128,2.0148448944091797,,18.872706413269043,0.013142824172973633
1129,1.9968059062957764,,18.889190196990967,0.013870477676391602
1130,2.032113790512085,,18.907208681106567,0.015980958938598633
1131,2.0014374256134033,,18.92316246032715,0.015953779220581055
1132,1.962179183959961,,18.93864154815674,0.015479087829589844
1133,1.9312843084335327,,18.954320907592773,0.015679359436035156
1134,1.9656593799591064,,18.971922636032104,0.017601728439331055
1135,1.9754080772399902,,18.987847566604614,0.015924930572509766
1136,1.991330862045288,,19.003859996795654,0.01601243019104004
1137,1.9815943241119385,,19.02132296562195,0.017462968826293945
1138,2.008063316345215,,19.037285804748535,0.015962839126586914
1139,2.022460460662842,,19.05324125289917,0.015955448150634766
1140,1.9681695699691772,,19.07125687599182,0.018015623092651367
1141,1.9834201335906982,,19.087703227996826,0.016446352005004883
1142,1.9671273231506348,,19.10432720184326,0.016623973846435547
1143,1.9224646091461182,,19.121055364608765,0.01672816276550293
1144,1.9442483186721802,,19.137622594833374,0.016567230224609375
1145,1.9225590229034424,,19.15423607826233,0.016613483428955078
1146,1.9879345893859863,,19.17086958885193,0.01663351058959961
1147,1.9382508993148804,,19.1874418258667,0.016572237014770508
1148,1.9736928939819336,,19.204015493392944,0.016573667526245117
1149,1.9411824941635132,,19.22050952911377,0.016494035720825195
1150,1.975298285484314,,19.23706555366516,0.0165560245513916
1151,1.9460549354553223,,19.253567457199097,0.016501903533935547
1152,1.9290410280227661,,19.273016214370728,0.01606464385986328
1153,1.9927146434783936,,19.288686990737915,0.0156707763671875
1154,1.965812087059021,,19.304458379745483,0.01577138900756836
1155,2.0106983184814453,,19.320169687271118,0.015711307525634766
1156,1.9354579448699951,,19.34251832962036,0.022348642349243164
1157,1.9387435913085938,,19.358790397644043,0.01627206802368164
1158,1.9496588706970215,,19.375544548034668,0.016754150390625
1159,1.9105021953582764,,19.392396688461304,0.016852140426635742
1160,2.0027122497558594,,19.40906023979187,0.016663551330566406
1161,1.9651004076004028,,19.425737619400024,0.016677379608154297
1162,1.9330143928527832,,19.442763805389404,0.017026185989379883
1163,1.976395606994629,,19.459388971328735,0.016625165939331055
1164,1.9159883260726929,,19.476038217544556,0.013174295425415039
1165,1.9361023902893066,,19.4926917552948,0.013850212097167969
1166,2.0164127349853516,,19.510886907577515,0.016157865524291992
1167,1.9378156661987305,,19.526998043060303,0.016111135482788086
1168,1.950452208518982,,19.542524814605713,0.015526771545410156
1169,1.9271434545516968,,19.55844473838806,0.015919923782348633
1170,1.9239263534545898,,19.57444190979004,0.01599717140197754
1171,1.9618548154830933,,19.591959476470947,0.017517566680908203
1172,1.9598274230957031,,19.60798406600952,0.01602458953857422
1173,1.9376049041748047,,19.62402868270874,0.01604461669921875
1174,1.9093283414840698,,19.64194369316101,0.017915010452270508
1175,1.9041285514831543,,19.657838821411133,0.01589512825012207
1176,1.8796665668487549,,19.669630527496338,0.011791706085205078
1177,1.8777046203613281,,19.69692611694336,0.027295589447021484
1178,1.9355030059814453,,19.713558673858643,0.016632556915283203
1179,1.9399075508117676,,19.730130434036255,0.016571760177612305
1180,1.8572938442230225,,19.74685835838318,0.013326644897460938
1181,1.967541217803955,,19.76340937614441,0.013930082321166992
1182,1.972854495048523,,19.780953407287598,0.015767574310302734
1183,1.9375306367874146,,19.796436548233032,0.01548314094543457
1184,1.958694338798523,,19.812514781951904,0.01607823371887207
1185,1.9127295017242432,,19.828497409820557,0.015982627868652344
1186,1.8545982837677002,,19.84629535675049,0.01779794692993164
1187,1.9037162065505981,,19.862361907958984,0.016066551208496094
1188,1.8530315160751343,,19.87951683998108,0.017154932022094727
1189,1.9251985549926758,,19.895411729812622,0.01589488983154297
1190,1.8857109546661377,,19.911440134048462,0.016028404235839844
1191,1.8653218746185303,,19.928557872772217,0.017117738723754883
1192,1.9057172536849976,,19.945684671401978,0.017126798629760742
1193,1.9930334091186523,,19.962287425994873,0.016602754592895508
1194,1.986318588256836,,19.97892928123474,0.016641855239868164
1195,1.8952767848968506,,19.995445251464844,0.01651597023010254
1196,1.8605759143829346,,20.0119731426239,0.016527891159057617
1197,1.955304741859436,,20.028507947921753,0.016534805297851562
1198,1.8939875364303589,,20.045061826705933,0.016553878784179688
1199,1.905034065246582,,20.06161141395569,0.01654958724975586
1200,1.8750617504119873,0.9856932759284973,20.079949378967285,0.01833796501159668
1201,1.901841402053833,,20.09639048576355,0.013539791107177734
1202,1.8642446994781494,,20.112907648086548,0.013937950134277344
1203,1.9030399322509766,,20.1303973197937,0.015713930130004883
1204,1.8430536985397339,,20.146147966384888,0.015750646591186523
1205,1.9665549993515015,,20.16814684867859,0.021998882293701172
1206,1.9183425903320312,,20.184287309646606,0.016140460968017578
1207,1.8921332359313965,,20.200872659683228,0.016585350036621094
1208,1.8937331438064575,,20.217442750930786,0.016570091247558594
1209,1.89259934425354,,20.234035968780518,0.016593217849731445
1210,1.9027880430221558,,20.250513315200806,0.016477346420288086
1211,1.9195189476013184,,20.26705050468445,0.016537189483642578
1212,1.8873181343078613,,20.28381633758545,0.016765832901000977
1213,1.9163568019866943,,20.300369262695312,0.01655292510986328
1214,1.880499243736267,,20.31694507598877,0.01657581329345703
1215,1.8900048732757568,,20.33352518081665,0.01658010482788086
1216,1.8580830097198486,,20.350034475326538,0.016509294509887695
1217,1.9188734292984009,,20.36660599708557,0.013137578964233398
1218,1.8792619705200195,,20.383188247680664,0.013982295989990234
1219,1.8848495483398438,,20.400733709335327,0.01576972007751465
1220,1.9069896936416626,,20.416157960891724,0.015424251556396484
1221,1.8426231145858765,,20.433841943740845,0.017683982849121094
1222,1.854402780532837,,20.449559688568115,0.015717744827270508
1223,1.8818042278289795,,20.465555906295776,0.015996217727661133
1224,1.8453261852264404,,20.481605052947998,0.01604914665222168
1225,1.862119436264038,,20.499568223953247,0.017963171005249023
1226,1.839252233505249,,20.515640020370483,0.016071796417236328
1227,1.8260149955749512,,20.533453941345215,0.017813920974731445
1228,1.851334571838379,,20.54944133758545,0.015987396240234375
1229,1.8618550300598145,,20.566076278686523,0.01663494110107422
1230,1.9307359457015991,,20.582536458969116,0.016460180282592773
1231,1.797966480255127,,20.59930992126465,0.016773462295532227
1232,1.8593703508377075,,20.615837574005127,0.016527652740478516
1233,1.8816524744033813,,20.63240385055542,0.01656627655029297
1234,1.8568284511566162,,20.648993492126465,0.016589641571044922
1235,1.910510540008545,,20.667444705963135,0.018451213836669922
1236,1.8507506847381592,,20.692086219787598,0.02196335792541504
1237,1.8469791412353516,,20.70867657661438,0.016590356826782227
1238,1.8850114345550537,,20.71752166748047,0.008845090866088867
1239,1.863425612449646,,20.74393939971924,0.02641773223876953
1240,1.8545054197311401,,20.76072072982788,0.016781330108642578
1241,1.8065600395202637,,20.777401447296143,0.01668071746826172
1242,1.8773099184036255,,20.794066429138184,0.016664981842041016
1243,1.8953049182891846,,20.810697317123413,0.013868570327758789
1244,1.8868811130523682,,20.82837677001953,0.01564478874206543
1245,1.8555536270141602,,20.844014883041382,0.015638113021850586
1246,1.8726162910461426,,20.86605715751648,0.022042274475097656
1247,1.826909065246582,,20.882282972335815,0.016225814819335938
1248,1.8214402198791504,,20.899057626724243,0.016774654388427734
1249,1.8935163021087646,,20.91573977470398,0.016682147979736328
1250,1.8819541931152344,,20.93236756324768,0.016627788543701172
1251,1.8117291927337646,,20.948899507522583,0.016531944274902344
1252,1.8385038375854492,,20.965837717056274,0.016938209533691406
1253,1.8388057947158813,,20.98250961303711,0.01667189598083496
1254,1.8178716897964478,,20.999120712280273,0.016611099243164062
1255,1.8337252140045166,,21.015673637390137,0.01655292510986328
1256,1.884454369544983,,21.03226089477539,0.016587257385253906
1257,1.818161129951477,,21.04887580871582,0.01320028305053711
1258,1.855913519859314,,21.06534695625305,0.013933420181274414
1259,1.8501381874084473,,21.08287239074707,0.015749692916870117
1260,1.8216028213500977,,21.09841537475586,0.015542984008789062
1261,1.8048681020736694,,21.114372491836548,0.015957117080688477
1262,1.7738697528839111,,21.131559371948242,0.017186880111694336
1263,1.855708360671997,,21.147568702697754,0.01600933074951172
1264,1.7961617708206177,,21.163631200790405,0.016062498092651367
1265,1.8229926824569702,,21.18157196044922,0.017940759658813477
1266,1.8329262733459473,,21.19738268852234,0.015810728073120117
1267,1.8206197023391724,,21.213508129119873,0.01612544059753418
1268,1.7927110195159912,,21.23232078552246,0.01881265640258789
1269,1.7972543239593506,,21.248149394989014,0.015828609466552734
1270,1.8452832698822021,,21.264829635620117,0.016680240631103516
1271,1.823612928390503,,21.282207250595093,0.017377614974975586
1272,1.802353858947754,,21.29924726486206,0.017040014266967773
1273,1.7627909183502197,,21.31690001487732,0.01765275001525879
1274,1.8156299591064453,,21.33353877067566,0.01369166374206543
1275,1.8515112400054932,,21.35121178627014,0.015638351440429688
1276,1.7780890464782715,,21.370914459228516,0.019702672958374023
1277,1.8219702243804932,,21.389477491378784,0.018563032150268555
1278,1.768811821937561,,21.3987398147583,0.007516145706176758
1279,1.8970977067947388,,21.41591215133667,0.008018255233764648
1280,1.791480541229248,,21.43189311027527,0.007518768310546875
1281,1.7714414596557617,,21.449331998825073,0.008017539978027344
1282,1.8853646516799927,,21.464991092681885,0.007018327713012695
1283,1.7863948345184326,,21.482472896575928,0.008016347885131836
1284,1.830418348312378,,21.4981849193573,0.007018089294433594
1285,1.7440898418426514,,21.51596975326538,0.008017301559448242
1286,1.8078581094741821,,21.539632558822632,0.015996456146240234
1287,1.8213646411895752,,21.55560278892517,0.013965845108032227
1288,1.820235013961792,,21.571614980697632,0.014168500900268555
1289,1.7354850769042969,,21.5873064994812,0.013327836990356445
1290,1.8305264711380005,,21.603323698043823,0.012679338455200195
1291,1.8022406101226807,,21.619367837905884,0.012116432189941406
1292,1.8269343376159668,,21.63536286354065,0.011704444885253906
1293,1.744896411895752,,21.651118516921997,0.009762287139892578
1294,1.7261523008346558,,21.66708779335022,0.009021282196044922
1295,1.8205375671386719,,21.682804584503174,0.00801706314086914
1296,1.813477635383606,,21.69890785217285,0.007515907287597656
1297,1.7806934118270874,,21.714980363845825,0.007017374038696289
1298,1.8388758897781372,,21.732575178146362,0.008016109466552734
1299,1.7977887392044067,,21.748650550842285,0.0075168609619140625
1300,1.7800426483154297,0.9881748159726461,21.76675033569336,0.009021759033203125
1301,1.7567436695098877,,21.784074783325195,0.008016347885131836
1302,1.7674596309661865,,21.799710750579834,0.007017612457275391
1303,1.7591195106506348,,21.817403316497803,0.00801706314086914
1304,1.8531067371368408,,21.833468675613403,0.008016109466552734
1305,1.7701992988586426,,21.857414722442627,0.015948772430419922
1306,1.8196430206298828,,21.873153686523438,0.015738964080810547
1307,1.7507109642028809,,21.889024019241333,0.008016586303710938
1308,1.7703561782836914,,21.90486741065979,0.007016420364379883
1309,1.6950016021728516,,21.92248225212097,0.00801706314086914
1310,1.764408826828003,,21.938295125961304,0.0070171356201171875
1311,1.8414888381958008,,21.95582127571106,0.00801706314086914
1312,1.7726161479949951,,21.971495389938354,0.007017850875854492
1313,1.7346105575561523,,21.989054203033447,0.008015871047973633
1314,1.8055191040039062,,22.005171537399292,0.007515668869018555
1315,1.7287769317626953,,22.0223286151886,0.008016347885131836
1316,1.7611922025680542,,22.045945644378662,0.015949726104736328
1317,1.819666862487793,,22.06197452545166,0.014024496078491211
1318,1.8087811470031738,,22.07780909538269,0.013829708099365234
1319,1.7760154008865356,,22.09389853477478,0.013188838958740234
1320,1.7152568101882935,,22.10993504524231,0.012633323669433594
1321,1.8147509098052979,,22.125967025756836,0.012198925018310547
1322,1.7494227886199951,,22.141610145568848,0.010729789733886719
1323,1.7632074356079102,,22.15725588798523,0.010228395462036133
1324,1.752571702003479,,22.175323963165283,0.011719465255737305
1325,1.7804090976715088,,22.18923282623291,0.009022235870361328
1326,1.7949450016021729,,22.20490288734436,0.008016347885131836
1327,1.823196530342102,,22.220982789993286,0.007516145706176758
1328,1.8049535751342773,,22.237091541290283,0.0070171356201171875
1329,1.7332539558410645,,22.254801988601685,0.008016109466552734
1330,1.7778780460357666,,22.270853281021118,0.007016897201538086
1331,1.7601665258407593,,22.288381338119507,0.008016824722290039
1332,1.7840452194213867,,22.304258823394775,0.007017850875854492
1333,1.7721261978149414,,22.321736574172974,0.008016824722290039
1334,1.760414958000183,,22.33779525756836,0.007517576217651367
1335,1.7343641519546509,,22.35390830039978,0.0070171356201171875
1336,1.7554633617401123,,22.370024919509888,0.006014108657836914
1337,1.816251516342163,,22.387991189956665,0.008016824722290039
1338,1.7203696966171265,,22.411940097808838,0.01597285270690918
1339,1.6964375972747803,,22.42787742614746,0.013932943344116211
1340,1.7843869924545288,,22.44357442855835,0.015697002410888672
1341,1.7530806064605713,,22.459284782409668,0.01320028305053711
1342,1.7234561443328857,,22.475300312042236,0.012613296508789062
1343,1.736333966255188,,22.49134135246277,0.012200355529785156
1344,1.7676525115966797,,22.507352113723755,0.011614084243774414
1345,1.7388310432434082,,22.523430347442627,0.011212825775146484
1346,1.751035213470459,,22.539307355880737,0.010021448135375977
1347,1.7441561222076416,,22.555426836013794,0.009521722793579102
1348,1.791031837463379,,22.57056951522827,0.008015632629394531
1349,1.7465455532073975,,22.586689472198486,0.007516384124755859
1350,1.7173084020614624,,22.60319447517395,0.007276773452758789
1351,1.704279899597168,,22.620048761367798,0.0075168609619140625
1352,1.7246613502502441,,22.63610816001892,0.007017374038696289
1353,1.7904200553894043,,22.653672218322754,0.008017301559448242
1354,1.7564916610717773,,22.66942811012268,0.0070171356201171875
1355,1.7511619329452515,,22.687057495117188,0.00801706314086914
1356,1.7533130645751953,,22.702741384506226,0.007017850875854492
1357,1.7494099140167236,,22.720436096191406,0.008016586303710938
1358,1.717989444732666,,22.744230270385742,0.01568460464477539
1359,1.7658612728118896,,22.759944200515747,0.01363515853881836
1360,1.7513333559036255,,22.776030778884888,0.012620210647583008
1361,1.6643786430358887,,22.79180359840393,0.011972904205322266
1362,1.7589002847671509,,22.807863235473633,0.011157035827636719
1363,1.7111420631408691,,22.8239266872406,0.010709285736083984
1364,1.7895216941833496,,22.83977460861206,0.010021448135375977
1365,1.7843706607818604,,22.855776071548462,0.009522199630737305
1366,1.7444264888763428,,22.87101697921753,0.008016109466552734
1367,1.7048015594482422,,22.88685417175293,0.007016658782958984
1368,1.7079287767410278,,22.904553413391113,0.008016824722290039
1369,1.7356765270233154,,22.9205424785614,0.007516622543334961
1370,1.7153071165084839,,22.937824487686157,0.008017539978027344
1371,1.6976327896118164,,22.953925848007202,0.007515430450439453
1372,1.7118905782699585,,22.96999716758728,0.00701904296875
1373,1.722292423248291,,22.987600564956665,0.00801706314086914
1374,1.69063138961792,,23.003657341003418,0.007515668869018555
1375,1.7151669263839722,,23.019675970077515,0.007016181945800781
1376,1.6905488967895508,,23.035497665405273,0.006012916564941406
1377,1.7118829488754272,,23.053458213806152,0.008016824722290039
1378,1.7488282918930054,,23.077351570129395,0.015924692153930664
1379,1.6907880306243896,,23.093242406845093,0.013886451721191406
1380,1.7346012592315674,,23.10936427116394,0.013756513595581055
1381,1.7235310077667236,,23.125389575958252,0.013149738311767578
1382,1.7378123998641968,,23.14142417907715,0.012626409530639648
1383,1.6684460639953613,,23.15713357925415,0.011252403259277344
1384,1.7415976524353027,,23.173162698745728,0.011119365692138672
1385,1.729669213294983,,23.191213846206665,0.012660503387451172
1386,1.690548062324524,,23.20489525794983,0.009762763977050781
1387,1.7137558460235596,,23.220717668533325,0.009020328521728516
1388,1.6948305368423462,,23.236284732818604,0.00801706314086914
1389,1.6844584941864014,,23.252354860305786,0.007515907287597656
1390,1.7138426303863525,,23.268104791641235,0.01574993133544922
1391,1.7497954368591309,,23.28378200531006,0.015677213668823242
1392,1.6710383892059326,,23.2998263835907,0.01604437828063965
1393,1.7059581279754639,,23.31551957130432,0.015693187713623047
1394,1.646151065826416,,23.331435918807983,0.01591634750366211
1395,1.7677271366119385,,23.34713339805603,0.015697479248046875
1396,1.7727868556976318,,23.363024950027466,0.015891551971435547
1397,1.6409550905227661,,23.379066944122314,0.016041994094848633
1398,1.7263121604919434,,23.394805192947388,0.0
1399,1.6861414909362793,,23.410576820373535,0.0
1400,1.675922155380249,0.9862993955612183,23.442635536193848,0.01605534553527832
1401,1.7484673261642456,,23.458656787872314,0.016021251678466797
1402,1.6757718324661255,,23.474586725234985,0.0159299373626709
1403,1.647359848022461,,23.49060583114624,0.016019105911254883
1404,1.7115464210510254,,23.506567239761353,0.015961408615112305
1405,1.7386037111282349,,23.522491216659546,0.01592397689819336
1406,1.7169601917266846,,23.53835153579712,0.015860319137573242
1407,1.7055729627609253,,23.554052352905273,0.015700817108154297
1408,1.7504940032958984,,23.569751501083374,0.015699148178100586
1409,1.7094545364379883,,23.585474729537964,0.015723228454589844
1410,1.7386863231658936,,23.60152769088745,0.016052961349487305
1411,1.716174840927124,,23.617385864257812,0.015858173370361328
1412,1.664799690246582,,23.63334345817566,0.01595759391784668
1413,1.6816524267196655,,23.649348258972168,0.01600480079650879
1414,1.6757597923278809,,23.66532564163208,0.01597738265991211
1415,1.6566969156265259,,23.681270360946655,0.015944719314575195
1416,1.7229876518249512,,23.697407245635986,0.016136884689331055
1417,1.6859480142593384,,23.71316957473755,0.0157623291015625
1418,1.6987941265106201,,23.729193449020386,0.016023874282836914
1419,1.6627583503723145,,23.74514365196228,0.01595020294189453
1420,1.7218003273010254,,23.760897874832153,0.0
1421,1.6884775161743164,,23.77696657180786,0.0
1422,1.6242609024047852,,23.792882204055786,0.0
1423,1.6868842840194702,,23.82491135597229,0.01593184471130371
1424,1.6552205085754395,,23.840809106826782,0.015897750854492188
1425,1.7163264751434326,,23.856710195541382,0.01590108871459961
1426,1.6480975151062012,,23.87262535095215,0.0159151554107666
1427,1.7202107906341553,,23.88859796524048,0.015972614288330078
1428,1.6848615407943726,,23.90453815460205,0.015940189361572266
1429,1.6583881378173828,,23.920276403427124,0.015738248825073242
1430,1.6388391256332397,,23.93629288673401,0.016016483306884766
1431,1.6388020515441895,,23.953501224517822,0.017208337783813477
1432,1.6873148679733276,,23.968015909194946,0.014514684677124023
1433,1.7159926891326904,,23.98371171951294,0.015695810317993164
1434,1.6491236686706543,,23.99936270713806,0.01565098762512207
1435,1.688267707824707,,24.01508378982544,0.01572108268737793
1436,1.6649165153503418,,24.030951738357544,0.015867948532104492
1437,1.7593283653259277,,24.046936511993408,0.015984773635864258
1438,1.6772778034210205,,24.06299614906311,0.01605963706970215
1439,1.682680368423462,,24.079004049301147,0.01600790023803711
1440,1.6623494625091553,,24.094975233078003,0.01597118377685547
1441,1.6610071659088135,,24.111030340194702,0.01605510711669922
1442,1.6936566829681396,,24.126973390579224,0.015943050384521484
1443,1.6699119806289673,,24.142770290374756,0.015796899795532227
1444,1.6362249851226807,,24.15998864173889,0.017218351364135742
1445,1.6729028224945068,,24.174809217453003,0.014820575714111328
1446,1.6189525127410889,,24.190802097320557,0.01599287986755371
1447,1.5831654071807861,,24.20656418800354,0.0
1448,1.691118597984314,,24.23828434944153,0.015929222106933594
1449,1.6444952487945557,,24.254141330718994,0.01585698127746582
1450,1.6472198963165283,,24.270118951797485,0.01597762107849121
1451,1.637052297592163,,24.287287712097168,0.017168760299682617
1452,1.6489733457565308,,24.302080154418945,0.014792442321777344
1453,1.658600926399231,,24.318063735961914,0.01598358154296875
1454,1.680969476699829,,24.33401608467102,0.015952348709106445
1455,1.6673548221588135,,24.34994912147522,0.01593303680419922
1456,1.6854524612426758,,24.365845918655396,0.01589679718017578
1457,1.686428189277649,,24.38171100616455,0.015865087509155273
1458,1.68096923828125,,24.3974027633667,0.015691757202148438
1459,1.6208744049072266,,24.41307258605957,0.015669822692871094
1460,1.653628945350647,,24.4287691116333,0.01569652557373047
1461,1.598341941833496,,24.44487690925598,0.0077588558197021484
1462,1.6763522624969482,,24.46077060699463,0.007016658782958984
1463,1.63731849193573,,24.47835683822632,0.008015871047973633
1464,1.639878273010254,,24.493534088134766,0.0066068172454833984
1465,1.6217553615570068,,24.511609315872192,0.008016824722290039
1466,1.7140626907348633,,24.527665376663208,0.007517814636230469
1467,1.5967488288879395,,24.543768882751465,0.007018089294433594
1468,1.668670654296875,,24.561323642730713,0.008016347885131836
1469,1.6436760425567627,,24.577359676361084,0.007516384124755859
1470,1.6266181468963623,,24.60311222076416,0.015683650970458984
1471,1.6665472984313965,,24.619195222854614,0.014090538024902344
1472,1.639502763748169,,24.63524293899536,0.013739824295043945
1473,1.6612024307250977,,24.650938034057617,0.012761592864990234
1474,1.6817371845245361,,24.666964292526245,0.012151002883911133
1475,1.6356505155563354,,24.68259620666504,0.011140584945678711
1476,1.6258082389831543,,24.698654413223267,0.010665416717529297
1477,1.6389055252075195,,24.714349269866943,0.009763240814208984
1478,1.7015466690063477,,24.730340242385864,0.0159909725189209
1479,1.6798624992370605,,24.754446983337402,0.016512632369995117
1480,1.6386555433273315,,24.76641321182251,0.011966228485107422
1481,1.6146432161331177,,24.78363347053528,0.017220258712768555
1482,1.6778568029403687,,24.801303148269653,0.00801706314086914
1483,1.6409175395965576,,24.825035333633423,0.016080856323242188
1484,1.636499285697937,,24.84112286567688,0.014082670211791992
1485,1.686039924621582,,24.85724425315857,0.014114856719970703
1486,1.6617615222930908,,24.873348712921143,0.013660669326782227
1487,1.6667165756225586,,24.889005184173584,0.012731313705444336
1488,1.629091739654541,,24.905120849609375,0.01216578483581543
1489,1.6129906177520752,,24.920815229415894,0.011297225952148438
1490,1.6176080703735352,,24.936875104904175,0.010563850402832031
1491,1.6098237037658691,,24.952553510665894,0.009763002395629883
1492,1.6557643413543701,,24.967711925506592,0.008015871047973633
1493,1.616455078125,,24.983752012252808,0.007516384124755859
1494,1.593010663986206,,24.999865770339966,0.007016658782958984
1495,1.6515686511993408,,25.01744508743286,0.008016586303710938
1496,1.6799360513687134,,25.033525466918945,0.007516622543334961
1497,1.6386208534240723,,25.049541234970093,0.007016181945800781
1498,1.7035205364227295,,25.066877365112305,0.008015632629394531
1499,1.6638929843902588,,25.082950115203857,0.007517099380493164
1500,1.6548409461975098,0.9865586360295614,25.10008454322815,0.008016347885131836
1501,1.5840846300125122,,25.11804485321045,0.008015871047973633
1502,1.6018340587615967,,25.141986846923828,0.015979766845703125
1503,1.663841724395752,,25.157999992370605,0.014008283615112305
1504,1.6779354810714722,,25.173916816711426,0.01379251480102539
1505,1.6252132654190063,,25.18987011909485,0.012694358825683594
1506,1.6513004302978516,,25.20590567588806,0.012130022048950195
1507,1.623788595199585,,25.221555709838867,0.01126241683959961
1508,1.6729402542114258,,25.237659454345703,0.010719776153564453
1509,1.6438161134719849,,25.253301858901978,0.009763717651367188
1510,1.614081621170044,,25.269275426864624,0.009021520614624023
1511,1.6183637380599976,,25.284803867340088,0.008015871047973633
1512,1.6280462741851807,,25.300489902496338,0.0070171356201171875
1513,1.6038596630096436,,25.317383527755737,0.007245063781738281
1514,1.6372690200805664,,25.334216356277466,0.007515907287597656
1515,1.5821993350982666,,25.3513605594635,0.008015871047973633
1516,1.7162048816680908,,25.367059469223022,0.007017612457275391
1517,1.6446654796600342,,25.384577751159668,0.008016824722290039
1518,1.5747816562652588,,25.40065884590149,0.007515668869018555
1519,1.6648764610290527,,25.417877435684204,0.008016824722290039
1520,1.5947811603546143,,25.441498041152954,0.015929222106933594
1521,1.643204689025879,,25.45741868019104,0.013916254043579102
1522,1.663618564605713,,25.473371028900146,0.014125823974609375
1523,1.680229902267456,,25.489418506622314,0.013709068298339844
1524,1.647813081741333,,25.505449533462524,0.013107776641845703
1525,1.6377332210540771,,25.52259111404419,0.01384115219116211
1526,1.6000120639801025,,25.537496328353882,0.012207746505737305
1527,1.6022974252700806,,25.55354595184326,0.011697530746459961
1528,1.632930874824524,,25.56952691078186,0.01119852066040039
1529,1.6692767143249512,,25.585643529891968,0.010789155960083008
1530,1.5910565853118896,,25.601507902145386,0.010021209716796875
1531,1.5893546342849731,,25.61755919456482,0.009521961212158203
1532,1.6194838285446167,,25.63365650177002,0.009021759033203125
1533,1.619415283203125,,25.649173736572266,0.008017778396606445
1534,1.6070069074630737,,25.66519260406494,0.007516145706176758
1535,1.5989630222320557,,25.681288719177246,0.007016420364379883
1536,1.5681757926940918,,25.698906660079956,0.008016347885131836
1537,1.5370993614196777,,25.714792490005493,0.007018566131591797
1538,1.5791823863983154,,25.732574462890625,0.008017539978027344
1539,1.6053097248077393,,25.74858331680298,0.0075168609619140625
1540,1.6281559467315674,,25.765713691711426,0.008016586303710938
1541,1.624341368675232,,25.781816244125366,0.007515668869018555
1542,1.6303483247756958,,25.79790425300598,0.007018089294433594
1543,1.5919857025146484,,25.814658641815186,0.007103443145751953
1544,1.609201431274414,,25.831591367721558,0.008015632629394531
1545,1.622280240058899,,25.85549521446228,0.015954971313476562
1546,1.6290562152862549,,25.871469736099243,0.013970375061035156
1547,1.6110339164733887,,25.887530088424683,0.01418161392211914
1548,1.5962369441986084,,25.903544902801514,0.013634681701660156
1549,1.5939394235610962,,25.91953682899475,0.013211488723754883
1550,1.5889744758605957,,25.935497283935547,0.012599945068359375
1551,1.6338813304901123,,25.95148277282715,0.012177467346191406
1552,1.5654690265655518,,25.96744680404663,0.011580944061279297
1553,1.517054557800293,,25.98309850692749,0.010818004608154297
1554,1.5824706554412842,,25.998977184295654,0.010021448135375977
1555,1.6128430366516113,,26.015018939971924,0.009521007537841797
1556,1.630673885345459,,26.031028747558594,0.009020805358886719
1557,1.6411665678024292,,26.046632289886475,0.008016109466552734
1558,1.589444875717163,,26.06273889541626,0.0075168609619140625
1559,1.5753567218780518,,26.078837156295776,0.007016181945800781
1560,1.5799860954284668,,26.096434593200684,0.008016347885131836
1561,1.5908498764038086,,26.112403631210327,0.0075151920318603516
1562,1.6367486715316772,,26.12955904006958,0.008016824722290039
1563,1.5840764045715332,,26.145468711853027,0.007516622543334961
1564,1.61480712890625,,26.162601470947266,0.008016109466552734
1565,1.5821315050125122,,26.178694486618042,0.007517337799072266
1566,1.6611837148666382,,26.195847272872925,0.00801706314086914
1567,1.5766109228134155,,26.21945881843567,0.01595926284790039
1568,1.5470757484436035,,26.235100984573364,0.013636589050292969
1569,1.6366087198257446,,26.25112009048462,0.013622283935546875
1570,1.6182770729064941,,26.268000841140747,0.01688075065612793
1571,1.5245094299316406,,26.28301978111267,0.015018939971923828
1572,1.5542426109313965,,26.31459903717041,0.03157925605773926
1573,1.6030265092849731,,26.33032512664795,0.015726089477539062
1574,1.5476183891296387,,26.362138509750366,0.03181338310241699
1575,1.5571479797363281,,26.37792205810547,0.010022878646850586
1576,1.574007272720337,,26.39338707923889,0.008018016815185547
1577,1.5944879055023193,,26.409132719039917,0.007017374038696289
1578,1.542989730834961,,26.426804065704346,0.00801706314086914
1579,1.5552947521209717,,26.442846536636353,0.007517814636230469
1580,1.6039551496505737,,26.460190534591675,0.008017778396606445
1581,1.5675175189971924,,26.47699546813965,0.008117437362670898
1582,1.5540528297424316,,26.493515491485596,0.00801706314086914
1583,1.5793681144714355,,26.509150505065918,0.007018327713012695
1584,1.5711724758148193,,26.524877071380615,0.006012916564941406
1585,1.553567886352539,,26.542877435684204,0.00801706314086914
1586,1.5629703998565674,,26.566895008087158,0.01598381996154785
1587,1.582995057106018,,26.582903623580933,0.014003992080688477
1588,1.5443212985992432,,26.598894596099854,0.014121532440185547
1589,1.5184862613677979,,26.61484932899475,0.013606786727905273
1590,1.5812593698501587,,26.63090419769287,0.013166666030883789
1591,1.5422216653823853,,26.646964073181152,0.012705802917480469
1592,1.5978639125823975,,26.662826776504517,0.011585712432861328
1593,1.5617954730987549,,26.679765701293945,0.011007070541381836
1594,1.575632095336914,,26.694408655166626,0.009021282196044922
1595,1.6286001205444336,,26.70980191230774,0.008016109466552734
1596,1.56697678565979,,26.725915908813477,0.007517099380493164
1597,1.576298475265503,,26.743067502975464,0.008016824722290039
1598,1.5713307857513428,,26.758811235427856,0.0070188045501708984
1599,1.5469071865081787,,26.776469707489014,0.008016109466552734
1600,1.550600528717041,0.9896925091743469,26.794180870056152,0.009021997451782227
1601,1.560153841972351,,26.811529874801636,0.008016824722290039
1602,1.530548334121704,,26.835313320159912,0.016097545623779297
1603,1.6104530096054077,,26.851255178451538,0.013937234878540039
1604,1.5403697490692139,,26.866886854171753,0.013853073120117188
1605,1.5326881408691406,,26.88372492790222,0.013940095901489258
1606,1.6107134819030762,,26.89873194694519,0.012254714965820312
1607,1.545348048210144,,26.914769172668457,0.01163339614868164
1608,1.5552902221679688,,26.9308340549469,0.011206388473510742
1609,1.615538239479065,,26.946799516677856,0.010573387145996094
1610,1.5319252014160156,,26.96246337890625,0.009762287139892578
1611,1.5635106563568115,,26.978317975997925,0.009021282196044922
1612,1.547018051147461,,26.99380588531494,0.008015871047973633
1613,1.5863571166992188,,27.009525537490845,0.007016181945800781
1614,1.516228437423706,,27.02711510658264,0.008016586303710938
1615,1.5503900051116943,,27.042898893356323,0.007018566131591797
1616,1.5243699550628662,,27.06052827835083,0.008016586303710938
1617,1.5565756559371948,,27.076599836349487,0.007516622543334961
1618,1.5326576232910156,,27.09269952774048,0.0070171356201171875
1619,1.5502707958221436,,27.11040449142456,0.008016586303710938
1620,1.5595519542694092,,27.126519680023193,0.007515907287597656
1621,1.526686668395996,,27.14373803138733,0.008016347885131836
1622,1.6048110723495483,,27.167436122894287,0.016028642654418945
1623,1.544451117515564,,27.1834237575531,0.01398324966430664
1624,1.5265593528747559,,27.199438095092773,0.014203548431396484
1625,1.4906535148620605,,27.215174198150635,0.013414144515991211
1626,1.527949571609497,,27.23119068145752,0.01277613639831543
1627,1.5141236782073975,,27.246832847595215,0.011835575103759766
1628,1.5205199718475342,,27.26293182373047,0.011089086532592773
1629,1.5604920387268066,,27.278663635253906,0.009954690933227539
1630,1.589144229888916,,27.294650077819824,0.009521961212158203
1631,1.4727870225906372,,27.309797525405884,0.008016109466552734
1632,1.53605318069458,,27.325655221939087,0.007017374038696289
1633,1.5094099044799805,,27.343343257904053,0.007757425308227539
1634,1.582190990447998,,27.35918617248535,0.007017612457275391
1635,1.5455743074417114,,27.376712560653687,0.008015632629394531
1636,1.5800808668136597,,27.39235281944275,0.007017374038696289
1637,1.5660052299499512,,27.409966945648193,0.008016824722290039
1638,1.5355048179626465,,27.426060676574707,0.007516622543334961
1639,1.508093237876892,,27.442094564437866,0.007017374038696289
1640,1.5664947032928467,,27.45796775817871,0.006011962890625
1641,1.4858646392822266,,27.483766794204712,0.01580524444580078
1642,1.550357699394226,,27.499499559402466,0.013727903366088867
1643,1.5541895627975464,,27.515608072280884,0.013596773147583008
1644,1.6182440519332886,,27.53163456916809,0.013070106506347656
1645,1.5579829216003418,,27.547342538833618,0.012343406677246094
1646,1.5389012098312378,,27.56340527534485,0.01069021224975586
1647,1.533786654472351,,27.5790536403656,0.009762763977050781
1648,1.5325448513031006,,27.59484577178955,0.00902247428894043
1649,1.5230937004089355,,27.610349416732788,0.008016347885131836
1650,1.5790770053863525,,27.626050233840942,0.007017374038696289
1651,1.5205113887786865,,27.643739938735962,0.008016347885131836
1652,1.5373849868774414,,27.659417867660522,0.007017374038696289
1653,1.598994255065918,,27.677176475524902,0.008017778396606445
1654,1.550565242767334,,27.69284701347351,0.007018566131591797
1655,1.5740569829940796,,27.71057939529419,0.008017301559448242
1656,1.5492076873779297,,27.72668147087097,0.007515907287597656
1657,1.5788774490356445,,27.742687463760376,0.007018089294433594
1658,1.478644609451294,,27.768086194992065,0.01568317413330078
1659,1.5383185148239136,,27.784048557281494,0.014065027236938477
1660,1.5456044673919678,,27.799700260162354,0.012178659439086914
1661,1.5113563537597656,,27.815734148025513,0.011689186096191406
1662,1.57333242893219,,27.83182144165039,0.011258602142333984
1663,1.5357978343963623,,27.847465753555298,0.010203361511230469
1664,1.490902304649353,,27.863466262817383,0.009521722793579102
1665,1.5555317401885986,,27.87867259979248,0.008017778396606445
1666,1.5721796751022339,,27.894800424575806,0.0075168609619140625
1667,1.53657865524292,,27.911974906921387,0.00801706314086914
1668,1.541618824005127,,27.929622411727905,0.009023189544677734
1669,1.5136792659759521,,27.945674896240234,0.007516384124755859
1670,1.576669454574585,,27.96170663833618,0.0070171356201171875
1671,1.521758794784546,,27.97840714454651,0.007105827331542969
1672,1.535900354385376,,27.99523115158081,0.007017374038696289
1673,1.5493435859680176,,28.010972261428833,0.006013393402099609
1674,1.5633535385131836,,28.028939723968506,0.008017301559448242
1675,1.515729546546936,,28.052955150604248,0.015970945358276367
1676,1.5107038021087646,,28.068966150283813,0.014006376266479492
1677,1.4996439218521118,,28.084972858428955,0.014105796813964844
1678,1.4844017028808594,,28.101038217544556,0.013700723648071289
1679,1.5206297636032104,,28.117064476013184,0.013146638870239258
1680,1.5139039754867554,,28.132790327072144,0.012419700622558594
1681,1.5670703649520874,,28.148831844329834,0.011452198028564453
1682,1.5645544528961182,,28.16456961631775,0.010211944580078125
1683,1.5422348976135254,,28.180697441101074,0.009761810302734375
1684,1.5693464279174805,,28.1964750289917,0.009023427963256836
1685,1.6063432693481445,,28.212044715881348,0.00801706314086914
1686,1.4623444080352783,,28.228012084960938,0.007516622543334961
1687,1.5128339529037476,,28.245256423950195,0.008016824722290039
1688,1.5229928493499756,,28.262207508087158,0.0081634521484375
1689,1.47160804271698,,28.27882671356201,0.008016824722290039
1690,1.5067670345306396,,28.294907808303833,0.0075168609619140625
1691,1.5435906648635864,,28.312089681625366,0.008016109466552734
1692,1.514225721359253,,28.32821035385132,0.007516145706176758
1693,1.5115163326263428,,28.344244480133057,0.007017612457275391
1694,1.518688440322876,,28.36195731163025,0.00801706314086914
1695,1.4706141948699951,,28.37805700302124,0.008016347885131836
1696,1.4714419841766357,,28.40209197998047,0.016054868698120117
1697,1.5081493854522705,,28.41809368133545,0.013997554779052734
1698,1.528904676437378,,28.43373942375183,0.015645742416381836
1699,1.5473978519439697,,28.449397563934326,0.013128280639648438
1700,1.5323255062103271,0.9909275770187378,28.465046882629395,0.011709928512573242
1701,1.5480527877807617,,28.480692863464355,0.009021282196044922
1702,1.5343031883239746,,28.496222972869873,0.008016109466552734
1703,1.4772160053253174,,28.51230812072754,0.007516622543334961
1704,1.4696916341781616,,28.528393507003784,0.007016658782958984
1705,1.5434443950653076,,28.545969009399414,0.008016824722290039
1706,1.513987421989441,,28.562054872512817,0.007517099380493164
1707,1.4870169162750244,,28.578040838241577,0.007017612457275391
1708,1.5502355098724365,,28.595640182495117,0.008016824722290039
1709,1.5254954099655151,,28.611653327941895,0.007515907287597656
1710,1.5491830110549927,,28.6277015209198,0.007017374038696289
1711,1.4727574586868286,,28.645236253738403,0.008016347885131836
1712,1.4942353963851929,,28.660925149917603,0.007018089294433594
1713,1.4923391342163086,,28.676642656326294,0.006012916564941406
1714,1.5153495073318481,,28.69463872909546,0.008016586303710938
1715,1.4816970825195312,,28.718558311462402,0.015960216522216797
1716,1.5318305492401123,,28.734466314315796,0.01390385627746582
1717,1.5413837432861328,,28.750107049942017,0.015640735626220703
1718,1.4985339641571045,,28.765494346618652,0.008016109466552734
1719,1.515784740447998,,28.781440258026123,0.007517576217651367
1720,1.5303401947021484,,28.798794269561768,0.00801706314086914
1721,1.5415897369384766,,28.81490659713745,0.007517576217651367
1722,1.489130973815918,,28.830936670303345,0.007016658782958984
1723,1.5410709381103516,,28.848410844802856,0.008017539978027344
1724,1.4762592315673828,,28.86453127861023,0.007517814636230469
1725,1.490015983581543,,28.88047456741333,0.007017850875854492
1726,1.464624285697937,,28.898157835006714,0.00801706314086914
1727,1.4564571380615234,,28.91421937942505,0.007516145706176758
1728,1.5352665185928345,,28.931475162506104,0.008016586303710938
1729,1.4585083723068237,,28.955069303512573,0.01595616340637207
1730,1.5127778053283691,,28.971041679382324,0.01396799087524414
1731,1.5271284580230713,,28.986939668655396,0.01389312744140625
1732,1.5261151790618896,,29.00263547897339,0.013273239135742188
1733,1.5218307971954346,,29.018749475479126,0.012612104415893555
1734,1.4989993572235107,,29.034833192825317,0.011646032333374023
1735,1.567139744758606,,29.05087971687317,0.011180639266967773
1736,1.4991174936294556,,29.066896200180054,0.010489225387573242
1737,1.4630467891693115,,29.082545280456543,0.00976252555847168
1738,1.4896576404571533,,29.098400592803955,0.00902104377746582
1739,1.5199005603790283,,29.114043712615967,0.008016586303710938
1740,1.4992567300796509,,29.12985897064209,0.007016897201538086
1741,1.4969266653060913,,29.147328853607178,0.008016347885131836
1742,1.4845771789550781,,29.16344380378723,0.007515907287597656
1743,1.4587912559509277,,29.179481267929077,0.007017612457275391
1744,1.4714739322662354,,29.197225332260132,0.008016586303710938
1745,1.5777075290679932,,29.213178634643555,0.007516622543334961
1746,1.4834766387939453,,29.229252576828003,0.007017850875854492
1747,1.5065464973449707,,29.246609210968018,0.008016109466552734
1748,1.4885488748550415,,29.26269841194153,0.007518291473388672
1749,1.4946938753128052,,29.280723810195923,0.008016347885131836
1750,1.5423452854156494,,29.29675054550171,0.00801706314086914
1751,1.481612205505371,,29.320674180984497,0.015934228897094727
1752,1.5114165544509888,,29.336586236953735,0.013907909393310547
1753,1.4497051239013672,,29.352348804473877,0.013880014419555664
1754,1.4921003580093384,,29.368283987045288,0.013044595718383789
1755,1.5040030479431152,,29.384293794631958,0.012662649154663086
1756,1.4518425464630127,,29.400308847427368,0.012108802795410156
1757,1.4753880500793457,,29.41756296157837,0.012859582901000977
1758,1.4359521865844727,,29.43245553970337,0.0112457275390625
1759,1.4541926383972168,,29.448528289794922,0.010709762573242188
1760,1.4685111045837402,,29.46418023109436,0.009761571884155273
1761,1.4927315711975098,,29.47998023033142,0.009021997451782227
1762,1.4826626777648926,,29.495606422424316,0.008016824722290039
1763,1.4880735874176025,,29.511675596237183,0.007517099380493164
1764,1.4898788928985596,,29.52762746810913,0.0070171356201171875
1765,1.4920449256896973,,29.54518485069275,0.008016347885131836
1766,1.4892491102218628,,29.56084132194519,0.007016658782958984
1767,1.455898404121399,,29.5742769241333,0.004008293151855469
1768,1.5968726873397827,,29.59004855155945,0.01577162742614746
1769,1.4446625709533691,,29.605692863464355,0.015644311904907227
1770,1.5247882604599,,29.622878074645996,0.017185211181640625
1771,1.4244729280471802,,29.637781143188477,0.014903068542480469
1772,1.477858304977417,,29.653517723083496,0.0
1773,1.4554479122161865,,29.669225931167603,0.0
1774,1.5126985311508179,,29.701090574264526,0.015913963317871094
1775,1.4894148111343384,,29.71722149848938,0.016130924224853516
1776,1.4735568761825562,,29.73264980316162,0.013682365417480469
1777,1.4560030698776245,,29.748389720916748,0.015739917755126953
1778,1.453864574432373,,29.764049768447876,0.01566004753112793
1779,1.5342161655426025,,29.7797749042511,0.015725135803222656
1780,1.4841653108596802,,29.795435190200806,0.01566028594970703
1781,1.4625763893127441,,29.811482667922974,0.01604747772216797
1782,1.4706629514694214,,29.827488899230957,0.0160062313079834
1783,1.461118459701538,,29.84316110610962,0.01567220687866211
1784,1.5069048404693604,,29.85927391052246,0.016112804412841797
1785,1.4950838088989258,,29.875226497650146,0.015952587127685547
1786,1.4134643077850342,,29.891058683395386,0.015832185745239258
1787,1.4705697298049927,,29.906711101531982,0.01565241813659668
1788,1.512449026107788,,29.922800540924072,0.0
1789,1.4786403179168701,,29.938712120056152,0.0
1790,1.5206791162490845,,29.954736948013306,0.0
1791,1.4820990562438965,,29.98675298690796,0.01605224609375
1792,1.483909010887146,,30.002692937850952,0.015939950942993164
1793,1.4656143188476562,,30.018765926361084,0.016072988510131836
1794,1.4550907611846924,,30.034672021865845,0.015906095504760742
1795,1.460025429725647,,30.05067777633667,0.016005754470825195
1796,1.457730770111084,,30.0665545463562,0.01587677001953125
1797,1.5056953430175781,,30.082558155059814,0.01600360870361328
1798,1.531891107559204,,30.098567247390747,0.016009092330932617
1799,1.4695007801055908,,30.114591121673584,0.016023874282836914
1800,1.4365177154541016,0.9873106877009074,30.13023042678833,0.015639305114746094
1801,1.4655274152755737,,30.14586567878723,0.015635251998901367
1802,1.4359498023986816,,30.161680221557617,0.015814542770385742
1803,1.47237229347229,,30.17732048034668,0.0156402587890625
1804,1.4864253997802734,,30.1930992603302,0.015778779983520508
1805,1.4356613159179688,,30.208988428115845,0.01588916778564453
1806,1.4335603713989258,,30.2246835231781,0.01569509506225586
1807,1.4866986274719238,,30.240576028823853,0.015892505645751953
1808,1.4827649593353271,,30.25657868385315,0.016002655029296875
1809,1.42417573928833,,30.288606643676758,0.0320279598236084
1810,1.4588823318481445,,30.304617881774902,0.01601123809814453
1811,1.4408903121948242,,30.32052230834961,0.01590442657470703
1812,1.4492683410644531,,30.336479902267456,0.01595759391784668
1813,1.5429933071136475,,30.352510929107666,0.01603102684020996
1814,1.4744899272918701,,30.368515491485596,0.016004562377929688
1815,1.445721983909607,,30.384462118148804,0.015946626663208008
1816,1.4529491662979126,,30.400474548339844,0.01601243019104004
1817,1.4265081882476807,,30.416210889816284,0.01573634147644043
1818,1.4562854766845703,,30.432092905044556,0.015882015228271484
1819,1.4513310194015503,,30.44809365272522,0.016000747680664062
1820,1.4401443004608154,,30.463748455047607,0.015654802322387695
1821,1.42645263671875,,30.479860305786133,0.01611185073852539
1822,1.4346566200256348,,30.495898246765137,0.016037940979003906
1823,1.4411301612854004,,30.511539220809937,0.015640974044799805
1824,1.4646880626678467,,30.527618646621704,0.016079425811767578
1825,1.5365231037139893,,30.543717861175537,0.016099214553833008
1826,1.4411026239395142,,30.55939245223999,0.015674591064453125
1827,1.476158618927002,,30.57539939880371,0.016006946563720703
1828,1.428778052330017,,30.591330528259277,0.015931129455566406
1829,1.4969193935394287,,30.607069492340088,0.015738964080810547
1830,1.4829820394515991,,30.623087882995605,0.016018390655517578
1831,1.4017260074615479,,30.63909649848938,0.0
1832,1.4711275100708008,,30.654800415039062,0.0
1833,1.4396367073059082,,30.686746835708618,0.015908241271972656
1834,1.432056188583374,,30.702710390090942,0.01596355438232422
1835,1.4571518898010254,,30.718736171722412,0.016025781631469727
1836,1.500802993774414,,30.734716415405273,0.015980243682861328
1837,1.4347307682037354,,30.75074553489685,0.01602911949157715
1838,1.4585797786712646,,30.76667618751526,0.015930652618408203
1839,1.429155707359314,,30.783894062042236,0.01721787452697754
1840,1.4307022094726562,,30.79862904548645,0.014734983444213867
1841,1.4653209447860718,,30.814589023590088,0.015959978103637695
1842,1.4717953205108643,,30.83048987388611,0.015900850296020508
1843,1.454769492149353,,30.846238613128662,0.01574873924255371
1844,1.4439094066619873,,30.862003326416016,0.015764713287353516
1845,1.4751367568969727,,30.878067016601562,0.016063690185546875
1846,1.4130339622497559,,30.893696784973145,0.01562976837158203
1847,1.422646164894104,,30.909753561019897,0.01605677604675293
1848,1.5001494884490967,,30.925812482833862,0.016058921813964844
1849,1.4414947032928467,,30.941447257995605,0.015634775161743164
1850,1.4504103660583496,,30.957500219345093,0.016052961349487305
1851,1.4405238628387451,,30.973471641540527,0.01597142219543457
1852,1.4603022336959839,,30.990277528762817,0.01680588722229004
1853,1.4484330415725708,,31.005089282989502,0.01481175422668457
1854,1.4684863090515137,,31.021070957183838,0.015981674194335938
1855,1.4584250450134277,,31.036710023880005,0.015639066696166992
1856,1.4853670597076416,,31.052708625793457,0.01599860191345215
1857,1.4241913557052612,,31.068759441375732,0.0
1858,1.4399983882904053,,31.08474373817444,0.0
1859,1.431105613708496,,31.100797653198242,0.0
1860,1.4477335214614868,,31.13277769088745,0.016050100326538086
1861,1.4809801578521729,,31.14868927001953,0.015911579132080078
1862,1.432645320892334,,31.164698839187622,0.01600956916809082
1863,1.419511318206787,,31.180713891983032,0.016015052795410156
1864,1.4521441459655762,,31.196688413619995,0.01597452163696289
1865,1.460187315940857,,31.212661027908325,0.015972614288330078
1866,1.4515504837036133,,31.228692054748535,0.01603102684020996
1867,1.4005893468856812,,31.244356870651245,0.01566481590270996
1868,1.4361300468444824,,31.260375261306763,0.016018390655517578
1869,1.4474565982818604,,31.277388095855713,0.017012834548950195
1870,1.4523037672042847,,31.29217553138733,0.014787435531616211
1871,1.4233059883117676,,31.308272123336792,0.01609659194946289
1872,1.4591834545135498,,31.323951721191406,0.015679597854614258
1873,1.5110642910003662,,31.339734077453613,0.01578235626220703
1874,1.472780466079712,,31.355414390563965,0.015680313110351562
1875,1.4078853130340576,,31.37140941619873,0.015995025634765625
1876,1.447497010231018,,31.387426137924194,0.016016721725463867
1877,1.4478881359100342,,31.403095245361328,0.01566910743713379
1878,1.3976757526397705,,31.41889452934265,0.015799283981323242
1879,1.4642395973205566,,31.434547662734985,0.015653133392333984
1880,1.450197458267212,,31.45058536529541,0.016037702560424805
1881,1.4387338161468506,,31.46657395362854,0.015988588333129883
1882,1.4352920055389404,,31.483723163604736,0.0011219978332519531
1883,1.4557585716247559,,31.49872374534607,0.0
1884,1.3998758792877197,,31.51462960243225,0.0
1885,1.46952486038208,,31.546382904052734,0.015677690505981445
1886,1.428589105606079,,31.562461137771606,0.01607823371887207
1887,1.4305522441864014,,31.578365564346313,0.01590442657470703
1888,1.453216314315796,,31.594392776489258,0.016027212142944336
1889,1.4273467063903809,,31.610400199890137,0.016007423400878906
1890,1.429255723953247,,31.626306772232056,0.015906572341918945
1891,1.4763789176940918,,31.64226722717285,0.0159604549407959
1892,1.397916555404663,,31.658246517181396,0.015979290008544922
1893,1.514878273010254,,31.673932313919067,0.0156857967376709
1894,1.4136338233947754,,31.68978452682495,0.01585221290588379
1895,1.464828372001648,,31.70578622817993,0.01600170135498047
1896,1.4306833744049072,,31.721442222595215,0.015655994415283203
1897,1.4413127899169922,,31.738579034805298,0.017136812210083008
1898,1.4726643562316895,,31.753401279449463,0.014822244644165039
1899,1.4670307636260986,,31.769080877304077,0.015679597854614258
1900,1.4043917655944824,0.9912438988685608,31.785171508789062,0.01609063148498535
1901,1.429797649383545,,31.80087685585022,0.015705347061157227
1902,1.418752908706665,,31.816842317581177,0.01596546173095703
1903,1.4900827407836914,,31.832512855529785,0.0156705379486084
1904,1.4238042831420898,,31.848586320877075,0.0
1905,1.4043047428131104,,31.86444616317749,0.0
1906,1.424343228340149,,31.896089792251587,0.015981674194335938
1907,1.3874011039733887,,31.91206121444702,0.01597142219543457
1908,1.3943150043487549,,31.92810893058777,0.01604771614074707
1909,1.466853141784668,,31.94408869743347,0.015979766845703125
1910,1.4557757377624512,,31.960023403167725,0.01593470573425293
1911,1.4198431968688965,,31.975942850112915,0.01591944694519043
1912,1.4284515380859375,,31.99192786216736,0.01598501205444336
1913,1.4572261571884155,,32.00784635543823,0.015918493270874023
1914,1.4313616752624512,,32.02385711669922,0.016010761260986328
1915,1.402441382408142,,32.03983187675476,0.015974760055541992
1916,1.3920153379440308,,32.055567264556885,0.015735387802124023
1917,1.4335793256759644,,32.071348905563354,0.015781641006469727
1918,1.463423490524292,,32.087342500686646,0.015993595123291016
1919,1.3839921951293945,,32.10299253463745,0.015650033950805664
1920,1.4261714220046997,,32.118632793426514,0.0156402587890625
1921,1.4306201934814453,,32.13559579849243,0.01696300506591797
1922,1.4079127311706543,,32.14997720718384,0.01438140869140625
1923,1.428558588027954,,32.16578245162964,0.01580524444580078
1924,1.433712363243103,,32.18182826042175,0.016045808792114258
1925,1.4605133533477783,,32.19772243499756,0.015894174575805664
1926,1.4571051597595215,,32.213812828063965,0.01609039306640625
1927,1.441950798034668,,32.22988963127136,0.0
1928,1.3867526054382324,,32.245885133743286,0.0
1929,1.4739660024642944,,32.277907609939575,0.016162395477294922
1930,1.4144134521484375,,32.293593406677246,0.0156857967376709
1931,1.3909131288528442,,32.30935716629028,0.01576375961303711
1932,1.4329959154129028,,32.32500219345093,0.01564502716064453
1933,1.4738361835479736,,32.34221005439758,0.017207860946655273
1934,1.3986871242523193,,32.35705280303955,0.014842748641967773
1935,1.401618480682373,,32.37311387062073,0.016061067581176758
1936,1.3970736265182495,,32.38886904716492,0.015755176544189453
1937,1.3905748128890991,,32.404685735702515,0.015816688537597656
1938,1.4329156875610352,,32.420708894729614,0.01602315902709961
1939,1.4364620447158813,,32.43634748458862,0.01563858985900879
1940,1.4014811515808105,,32.45219135284424,0.015843868255615234
1941,1.3628838062286377,,32.46784019470215,0.015648841857910156
1942,1.4431483745574951,,32.48360848426819,0.01576828956604004
1943,1.3783992528915405,,32.49966549873352,0.01605701446533203
1944,1.4098355770111084,,32.51529502868652,0.01562952995300293
1945,1.4091039896011353,,32.53119874000549,0.015903711318969727
1946,1.423659324645996,,32.54686093330383,0.015662193298339844
1947,1.4214351177215576,,32.56293296813965,0.01607203483581543
1948,1.4231451749801636,,32.57894206047058,0.0
1949,1.459937572479248,,32.59494185447693,0.0
1950,1.4295084476470947,,32.61105036735535,0.0
1951,1.3870620727539062,,32.6429603099823,0.016033411026000977
1952,1.4000217914581299,,32.65890908241272,0.015948772430419922
1953,1.4081788063049316,,32.67504119873047,0.016132116317749023
1954,1.3140114545822144,,32.69070529937744,0.015664100646972656
1955,1.3939077854156494,,32.70667624473572,0.015970945358276367
1956,1.3986494541168213,,32.722612619400024,0.01593637466430664
1957,1.4329885244369507,,32.73865222930908,0.016039609909057617
1958,1.4166817665100098,,32.75458383560181,0.01593160629272461
1959,1.4135526418685913,,32.770567893981934,0.015984058380126953
1960,1.4473881721496582,,32.78632164001465,0.015753746032714844
1961,1.3958337306976318,,32.802152156829834,0.015830516815185547
1962,1.4156765937805176,,32.81817960739136,0.016027450561523438
1963,1.4397902488708496,,32.83381509780884,0.01563549041748047
1964,1.4131354093551636,,32.8494610786438,0.015645980834960938
1965,1.4029836654663086,,32.86512565612793,0.01566457748413086
1966,1.3989018201828003,,32.88116931915283,0.016043663024902344
1967,1.3604445457458496,,32.89715814590454,0.015988826751708984
1968,1.4250097274780273,,32.912797927856445,0.015639781951904297
1969,1.455655574798584,,32.92869687080383,0.015898942947387695
1970,1.404767632484436,,32.94476866722107,0.016071796417236328
1971,1.3763346672058105,,32.960837602615356,0.01606893539428711
1972,1.436672568321228,,32.97688579559326,0.016048192977905273
1973,1.3622164726257324,,32.99293375015259,0.016047954559326172
1974,1.4279677867889404,,33.00887989997864,0.0
1975,1.4214258193969727,,33.02495622634888,0.0
1976,1.407459020614624,,33.041038036346436,0.0
1977,1.4497027397155762,,33.07293462753296,0.016051530838012695
1978,1.3213703632354736,,33.088852643966675,0.01591801643371582
1979,1.3889445066452026,,33.104939699172974,0.016087055206298828
1980,1.4149816036224365,,33.120880126953125,0.015940427780151367
1981,1.3692481517791748,,33.1368305683136,0.015950441360473633
1982,1.3990516662597656,,33.15282893180847,0.015998363494873047
1983,1.3287272453308105,,33.16891860961914,0.016089677810668945
1984,1.3611403703689575,,33.18495035171509,0.016031742095947266
1985,1.3447258472442627,,33.20094418525696,0.015993833541870117
1986,1.3946502208709717,,33.21692395210266,0.015979766845703125
1987,1.3369297981262207,,33.23265719413757,0.01573324203491211
1988,1.3835053443908691,,33.250372886657715,0.0177156925201416
1989,1.3358590602874756,,33.264057874679565,0.013684988021850586
1990,1.4005855321884155,,33.28004503250122,0.015987157821655273
1991,1.3872648477554321,,33.296156883239746,0.01611185073852539
1992,1.4138226509094238,,33.312211990356445,0.01605510711669922
1993,1.3785514831542969,,33.34442710876465,0.016103744506835938
1994,1.4430583715438843,,33.3604302406311,0.016003131866455078
1995,1.3465949296951294,,33.37655520439148,0.016124963760375977
1996,1.3523468971252441,,33.392675161361694,0.016119956970214844
1997,1.4321081638336182,,33.40837597846985,0.015700817108154297
1998,1.4126228094100952,,33.42402935028076,0.015653371810913086
1999,1.3268756866455078,,33.439751386642456,0.015722036361694336
2000,1.3780850172042847,0.9921919306119283,33.45572113990784,0.01596975326538086
