epochs,losses,size_losses,religion_losses,ethnicity_losses,household_composition_losses,religion_accuracies,ethnicity_accuracies,household_composition_accuracies,size_distribution_accuracies,overall_accuracies,cumulative_time_seconds,epoch_time_seconds,tau_values,learning_rate,hidden_channels,combination_id
1,12.818522453308105,3.9021425247192383,1.5717225074768066,1.8025275468826294,5.542129993438721,41.80085755121487,48.708909004287754,10.605050023820867,87.63105869293213,47.1864688180639,30.97222375869751,30.97222375869751,0.995,0.005,128,lr_0.005_hc_128
2,11.83787727355957,2.9397406578063965,1.5728152990341187,1.8099128007888794,5.515408992767334,41.438780371605525,48.337303477846596,10.595521676989042,88.08243870735168,47.11351105844822,63.58000302314758,31.086259126663208,0.990025,0.005,128,lr_0.005_hc_128
3,10.699987411499023,1.9361763000488281,1.5300004482269287,1.7657952308654785,5.468015670776367,42.40114340161982,47.641734159123395,10.93854216293473,89.70882296562195,47.67256067232497,96.35177040100098,30.762123823165894,0.985074875,0.005,128,lr_0.005_hc_128
4,9.82774543762207,1.083361268043518,1.5241334438323975,1.7510089874267578,5.469241142272949,41.76274416388757,45.021438780371604,12.367794187708432,85.88073253631592,46.258177417070875,126.91271209716797,28.69598627090454,0.9801495006250001,0.005,128,lr_0.005_hc_128
5,9.69150161743164,0.9611270427703857,1.496252417564392,1.7364025115966797,5.497720241546631,42.810862315388285,44.54502143878037,12.663172939494999,77.4374008178711,44.36411437788369,157.0422866344452,28.514203310012817,0.9752487531218751,0.005,128,lr_0.005_hc_128
6,9.336679458618164,0.8370029926300049,1.4508934020996094,1.6772395372390747,5.371542930603027,42.98237255836113,44.26869938065746,13.787517865650308,77.90254354476929,44.73528333735955,185.64736914634705,26.94588041305542,0.9703725093562657,0.005,128,lr_0.005_hc_128
7,8.990551948547363,0.7476290464401245,1.4062753915786743,1.6174694299697876,5.219178199768066,45.2501191043354,45.58361124344926,15.245354930919486,81.34570121765137,46.856196624088874,213.78987216949463,26.550844192504883,0.9655206468094844,0.005,128,lr_0.005_hc_128
8,8.73151683807373,0.6909450888633728,1.368556261062622,1.5702829360961914,5.10173225402832,46.33635064316341,46.57455931395903,15.57884707003335,84.9045991897583,48.34858905422852,241.5921561717987,26.19711971282959,0.960693043575437,0.005,128,lr_0.005_hc_128
9,8.591012954711914,0.7129166722297668,1.3545514345169067,1.5241705179214478,4.999373912811279,47.20343020485946,47.27965697951406,16.70319199618866,88.24337124824524,49.85741260720186,269.04332280158997,25.781593084335327,0.9558895783575597,0.005,128,lr_0.005_hc_128
10,8.452736854553223,0.7591291666030884,1.3170593976974487,1.482665777206421,4.8938822746276855,47.73701762744164,48.25154835636017,18.22772748928061,89.60809111595154,50.95609614725849,296.9477643966675,26.302108764648438,0.9511101304657719,0.005,128,lr_0.005_hc_128
11,8.37820053100586,0.8163608312606812,1.2857751846313477,1.4508939981460571,4.825170516967773,48.9566460219152,49.10909957122439,19.60933777989519,90.76127409934998,52.10908936809619,325.02687907218933,26.38312792778015,0.946354579813443,0.005,128,lr_0.005_hc_128
12,8.22252082824707,0.8421508073806763,1.2695322036743164,1.4256231784820557,4.685214996337891,50.662220104811816,50.90995712243925,21.962839447355883,89.1187846660614,53.1634503351671,352.11414194107056,25.38461136817932,0.9416228069143757,0.005,128,lr_0.005_hc_128
13,8.127325057983398,0.8367589116096497,1.2475101947784424,1.4076271057128906,4.6354289054870605,51.62458313482611,51.93901858027632,22.74416388756551,86.06510162353516,53.09321680655077,379.08160853385925,25.240797996520996,0.9369146928798039,0.005,128,lr_0.005_hc_128
14,8.056994438171387,0.8059327006340027,1.2340974807739258,1.4034366607666016,4.613527774810791,52.64411624583135,51.69128156264888,23.573130061934254,88.12131881713867,54.007461671888294,411.7495574951172,30.806339263916016,0.9322301194154049,0.005,128,lr_0.005_hc_128
15,7.916730880737305,0.7375156283378601,1.197914719581604,1.3895893096923828,4.591711521148682,53.83515959980944,51.07193901858028,23.62077179609338,84.91474390029907,53.36065357869555,443.9586787223816,30.461371660232544,0.9275689688183278,0.005,128,lr_0.005_hc_128
16,7.861647129058838,0.6800665855407715,1.2052154541015625,1.3960514068603516,4.580313682556152,54.60695569318723,51.834206765126254,24.059075750357316,86.33027076721191,54.20762724397068,475.930828332901,30.286102056503296,0.9229311239742362,0.005,128,lr_0.005_hc_128
17,7.802318572998047,0.7473833560943604,1.1833473443984985,1.3585587739944458,4.513029098510742,54.55931395902811,52.13911386374463,25.459742734635544,84.80879664421082,54.241741800404775,507.6726379394531,30.05776071548462,0.918316468354365,0.005,128,lr_0.005_hc_128
18,7.670409202575684,0.7397190928459167,1.143490195274353,1.3342788219451904,4.452920913696289,56.44592663172939,53.33968556455455,26.812767984754643,85.81033945083618,55.6021799079687,539.279002904892,29.838406085968018,0.9137248860125932,0.005,128,lr_0.005_hc_128
19,7.609096050262451,0.7534046769142151,1.121013879776001,1.3210594654083252,4.413618087768555,57.57979990471653,53.89232968080038,27.022391615054786,85.12663841247559,55.905289903261824,572.6026599407196,31.46007251739502,0.9091562615825302,0.005,128,lr_0.005_hc_128
20,7.529614448547363,0.7583118677139282,1.1147030591964722,1.314368486404419,4.342230796813965,56.96045736064793,54.07336827060505,27.689375893282513,85.09738445281982,55.955146494338834,606.2275657653809,31.86493754386902,0.9046104802746175,0.005,128,lr_0.005_hc_128
21,7.497722625732422,0.7359447479248047,1.1115540266036987,1.3132704496383667,4.336953163146973,57.713196760362074,54.12101000476417,28.508813720819436,84.39949750900269,56.185629498737086,637.9745142459869,29.94891929626465,0.9000874278732445,0.005,128,lr_0.005_hc_128
22,7.462885856628418,0.7471812963485718,1.090462565422058,1.3282499313354492,4.29699182510376,58.532634587899004,53.80657455931396,28.75655073844688,84.560227394104,56.41399681994096,669.6339933872223,29.956664562225342,0.8955869907338783,0.005,128,lr_0.005_hc_128
23,7.366718769073486,0.7626863121986389,1.0783677101135254,1.2915741205215454,4.234090805053711,59.09480705097666,55.30252501191043,29.871367317770364,85.67536473274231,57.48601602834994,701.7020342350006,30.285834789276123,0.8911090557802088,0.005,128,lr_0.005_hc_128
24,7.291382312774658,0.774281919002533,1.0783226490020752,1.2964951992034912,4.142282485961914,59.01858027632206,55.35016674606956,31.081467365412102,85.03594994544983,57.62154108331339,733.2640595436096,29.801905870437622,0.8866535105013078,0.005,128,lr_0.005_hc_128
25,7.261877536773682,0.7845768332481384,1.0787432193756104,1.291542649269104,4.1070146560668945,58.89471176750833,55.769414006669834,31.338732729871367,83.6837887763977,57.421661820111815,765.0710055828094,30.01648235321045,0.8822202429488013,0.005,128,lr_0.005_hc_128
26,7.23597526550293,0.8099648356437683,1.0717581510543823,1.2987231016159058,4.0555291175842285,59.45688423058599,55.807527393997134,32.03430204859457,83.1767737865448,57.61887186493062,796.7196946144104,29.977331161499023,0.8778091417340573,0.005,128,lr_0.005_hc_128
27,7.160660743713379,0.7905853390693665,1.069951057434082,1.2832694053649902,4.016855239868164,59.78084802286803,56.65555026202954,31.881848499285375,83.35190415382385,57.9175377345017,829.1333849430084,30.639630794525146,0.8734200960253871,0.005,128,lr_0.005_hc_128
28,7.136734962463379,0.8410269618034363,1.0524485111236572,1.2928866147994995,3.9503724575042725,60.10481181515007,56.47451167222487,33.78751786565031,82.81714916229248,58.29599762882943,860.9077003002167,30.06192708015442,0.8690529955452602,0.005,128,lr_0.005_hc_128
29,7.028135299682617,0.8474327325820923,1.0579922199249268,1.2860722541809082,3.8366379737854004,60.333492139113865,55.940924249642684,34.80705097665555,82.52238035202026,58.40096192935809,892.833906173706,30.21815061569214,0.8647077305675338,0.005,128,lr_0.005_hc_128
30,6.969817161560059,0.8726392388343811,1.0407390594482422,1.266672134399414,3.789766550064087,61.33396855645545,56.665078608861364,35.292996665078604,82.58922100067139,58.97031620776671,924.1446106433868,29.575178861618042,0.8603841919146962,0.005,128,lr_0.005_hc_128
31,6.96389102935791,0.8975886106491089,1.0184763669967651,1.2310391664505005,3.816786527633667,62.45831348261077,58.323010957598854,35.940924249642684,79.38101887702942,59.02581689172043,956.103529214859,30.30566692352295,0.8560822709551227,0.005,128,lr_0.005_hc_128
32,6.876810073852539,0.9121351838111877,1.014352798461914,1.2185574769973755,3.731765031814575,63.220581229156736,58.456407813244404,36.093377798951884,81.55490159988403,59.83131711030927,987.5234813690186,29.76404047012329,0.851801859600347,0.005,128,lr_0.005_hc_128
33,6.835738658905029,0.9447228908538818,0.9961680769920349,1.1933703422546387,3.701477289199829,63.49690328727966,59.31395902810862,36.50309671272034,81.55134916305542,60.216327047791005,1018.9030120372772,29.53357768058777,0.8475428503023453,0.005,128,lr_0.005_hc_128
34,6.7183308601379395,0.961613655090332,0.9827747344970703,1.1726876497268677,3.601254940032959,64.31634111481658,60.876607908527866,38.20867079561696,81.86852931976318,61.317537284681144,1050.751986503601,30.12513780593872,0.8433051360508336,0.005,128,lr_0.005_hc_128
35,6.652984619140625,1.0020332336425781,0.9647213816642761,1.168477177619934,3.5177528858184814,65.35493091948547,60.96236303001429,40.28585040495474,80.64794540405273,61.812772439626805,1082.9901332855225,30.523228406906128,0.8390886103705794,0.005,128,lr_0.005_hc_128
36,6.612045764923096,1.0424546003341675,0.9460732936859131,1.1384410858154297,3.485076904296875,66.25059552167698,62.11529299666508,40.60028585040495,80.94853162765503,62.478676499100516,1115.606972694397,30.92517614364624,0.8348931673187264,0.005,128,lr_0.005_hc_128
37,6.561375617980957,1.0472158193588257,0.9456541538238525,1.1545432806015015,3.4139626026153564,66.97474988089567,62.03906622201048,41.534063839923775,81.00418448448181,62.888016106827926,1147.5269248485565,30.17015027999878,0.8307187014821328,0.005,128,lr_0.005_hc_128
38,6.469339847564697,1.0757417678833008,0.9297690987586975,1.1143677234649658,3.349461317062378,67.43211052882326,63.353978084802286,41.41019533111005,80.14838695526123,63.0861677249992,1178.8487758636475,29.477761030197144,0.8265651079747222,0.005,128,lr_0.005_hc_128
39,6.361510276794434,1.0941835641860962,0.9061262607574463,1.0998640060424805,3.2613365650177,69.74749880895665,64.21152929966651,42.51548356360171,81.0228943824768,64.3743515136754,1211.0423905849457,30.48764681816101,0.8224322824348486,0.005,128,lr_0.005_hc_128
40,6.296309471130371,1.0935652256011963,0.9159186482429504,1.0918172597885132,3.1950080394744873,68.94711767508338,64.5164363982849,43.86850881372082,80.55335879325867,64.47135542008694,1242.5722920894623,29.85594129562378,0.8183201210226743,0.005,128,lr_0.005_hc_128
41,6.248597621917725,1.149941086769104,0.9030165076255798,1.087820053100586,3.1078200340270996,69.58551691281562,64.94521200571701,45.059552167698904,78.33256721496582,64.48071207529934,1274.2225391864777,29.924569845199585,0.8142285204175609,0.005,128,lr_0.005_hc_128
42,6.225708961486816,1.1828945875167847,0.8947541117668152,1.083801507949829,3.0642590522766113,70.16674606955692,65.37398761314913,45.021438780371604,78.97741794586182,64.88489760223487,1306.2552897930145,30.10147213935852,0.810157377815473,0.005,128,lr_0.005_hc_128
43,6.1446990966796875,1.1880297660827637,0.9113016724586487,1.1016241312026978,2.9437437057495117,69.45212005717009,65.23106241067175,46.57455931395903,80.19894361495972,65.36417134919014,1339.688467502594,31.65639352798462,0.8061065909263957,0.005,128,lr_0.005_hc_128
44,6.021390914916992,1.2259403467178345,0.8952142000198364,1.057623028755188,2.8426129817962646,69.72844211529299,66.54597427346356,47.30824202000953,79.62719202041626,65.80246260729558,1373.5963835716248,32.12451410293579,0.8020760579717637,0.005,128,lr_0.005_hc_128
45,6.048605918884277,1.2167006731033325,0.9015594124794006,1.058640956878662,2.871704578399658,69.49023344449739,66.14578370652691,47.12720343020486,79.93883490562439,65.67551387171339,1405.1133742332458,29.793477773666382,0.798065677681905,0.005,128,lr_0.005_hc_128
46,5.903680324554443,1.1999784708023071,0.8788503408432007,1.029603123664856,2.795248508453369,71.64363982848975,66.90805145307289,47.3749404478323,79.31807041168213,66.31117553526927,1436.1159834861755,29.349698781967163,0.7940753492934954,0.005,128,lr_0.005_hc_128
47,5.891483306884766,1.2265141010284424,0.8686435222625732,1.0252118110656738,2.7711141109466553,71.22439256788947,66.55550262029539,48.34683182467842,79.34659719467163,66.36833105188373,1468.7068226337433,30.90913224220276,0.7901049725470279,0.005,128,lr_0.005_hc_128
48,5.850893974304199,1.2742787599563599,0.8746932744979858,1.045245885848999,2.6566760540008545,70.20485945688422,65.89804668889948,49.67127203430205,79.2172372341156,66.24785385355034,1500.358592748642,29.843384504318237,0.7861544476842928,0.005,128,lr_0.005_hc_128
49,5.762718200683594,1.2940621376037598,0.8665262460708618,1.0390126705169678,2.563117265701294,71.0433539780848,67.25107193901859,50.5383515959981,78.4900963306427,66.83071846093604,1531.791892528534,29.545122861862183,0.7822236754458713,0.005,128,lr_0.005_hc_128
50,5.783022403717041,1.3936575651168823,0.8662404417991638,1.0175626277923584,2.5055618286132812,72.61553120533587,68.52787041448309,51.71986660314436,78.85562181472778,67.92972250942277,1563.4709992408752,29.94423484802246,0.778312557068642,0.005,128,lr_0.005_hc_128
51,5.71697998046875,1.3865662813186646,0.87104332447052,1.0280252695083618,2.431344747543335,71.76750833730348,67.96569795140543,52.82515483563601,78.28843593597412,67.71169926507976,1595.9584255218506,30.733428478240967,0.7744209942832988,0.005,128,lr_0.005_hc_128
52,5.689497470855713,1.417201042175293,0.8380404114723206,1.0099390745162964,2.424316883087158,73.01572177227251,67.71796093377799,53.07289185326346,78.54055762290955,68.08678304555588,1627.958196401596,30.302032947540283,0.7705488893118823,0.005,128,lr_0.005_hc_128
53,5.639334678649902,1.3705142736434937,0.8552460670471191,1.017617106437683,2.3959572315216064,72.7012863268223,67.24154359218676,53.25393044306813,79.29422855377197,68.12274722896228,1659.480003118515,29.828105211257935,0.7666961448653229,0.005,128,lr_0.005_hc_128
54,5.615267276763916,1.3605260848999023,0.8587918281555176,1.027921438217163,2.368027925491333,72.24392567889471,67.63220581229157,53.539780848022865,78.67814898490906,68.02351533102954,1692.6061534881592,31.260714054107666,0.7628626641409962,0.005,128,lr_0.005_hc_128
55,5.570675849914551,1.4136652946472168,0.8507673740386963,1.0238667726516724,2.282376289367676,73.25393044306813,68.46117198666032,55.054787994283,79.55353260040283,69.08085575610356,1724.6677451133728,30.277503728866577,0.7590483508202912,0.005,128,lr_0.005_hc_128
56,5.530421257019043,1.4370630979537964,0.8539915680885315,1.0335227251052856,2.205843925476074,73.59695092901381,68.81372081943783,56.51262505955217,77.10040211677551,69.00592473119482,1756.272997379303,29.864102840423584,0.7552531090661897,0.005,128,lr_0.005_hc_128
57,5.455120086669922,1.4126272201538086,0.8643143773078918,1.0145752429962158,2.1636035442352295,73.3206288708909,68.29919009051929,57.59885659838018,79.12065982818604,69.5848338469941,1787.355634212494,29.319599151611328,0.7514768435208588,0.005,128,lr_0.005_hc_128
58,5.4594926834106445,1.391217589378357,0.8809510469436646,1.0013500452041626,2.185974359512329,72.48213434969033,67.68937589328252,56.636493568365886,78.76493334770203,68.8932342897602,1818.9935476779938,29.77256751060486,0.7477194593032545,0.005,128,lr_0.005_hc_128
59,5.4200825691223145,1.429184079170227,0.8479806184768677,0.9691267609596252,2.1737911701202393,72.91090995712244,68.82324916626965,56.636493568365886,78.9854109287262,69.33901590512104,1850.9154334068298,30.217511892318726,0.7439808620067382,0.005,128,lr_0.005_hc_128
60,5.364546775817871,1.4601532220840454,0.84114009141922,0.9938514232635498,2.069401741027832,72.9299666507861,68.70890900428776,59.475940924249635,78.00146341323853,69.7790699981405,1882.669584274292,30.061359167099,0.7402609576967045,0.005,128,lr_0.005_hc_128
61,5.267919063568115,1.3938181400299072,0.8196162581443787,1.011062502861023,2.043422222137451,74.10195331110052,68.59456884230586,59.514054311576935,79.22426462173462,70.35871027167948,1913.799540758133,29.408234119415283,0.736559652908221,0.005,128,lr_0.005_hc_128
62,5.313031196594238,1.4217702150344849,0.8347326517105103,1.017473578453064,2.0390546321868896,74.5974273463554,68.8423058599333,59.86660314435446,80.74097633361816,71.01182817106533,1945.2182190418243,29.66525650024414,0.7328768546436799,0.005,128,lr_0.005_hc_128
63,5.257725238800049,1.4192625284194946,0.8427709341049194,0.9816167950630188,2.0140750408172607,73.52072415435921,68.92806098141972,60.04764173415912,80.17222881317139,70.66716392077737,1977.3534445762634,30.29222059249878,0.7292124703704616,0.005,128,lr_0.005_hc_128
64,5.214679718017578,1.363364577293396,0.8282591700553894,0.9946303367614746,2.028425455093384,73.88280133396856,69.0709861838971,59.94282991900906,78.17347049713135,70.26752198350151,2008.9885001182556,29.78327488899231,0.7255664080186093,0.005,128,lr_0.005_hc_128
65,5.249423503875732,1.4689592123031616,0.8004598617553711,1.0012285709381104,1.9787757396697998,75.05478799428299,69.19485469271082,60.14292520247737,79.25044298171997,70.91075271779779,2040.3579485416412,29.645805597305298,0.7219385759785162,0.005,128,lr_0.005_hc_128
66,5.157679557800293,1.4705605506896973,0.8052461743354797,0.9802908301353455,1.9015822410583496,75.13101476893759,69.92853739876132,61.93425440686041,79.75801229476929,71.68795471733215,2072.0624022483826,29.8655002117157,0.7183288830986236,0.005,128,lr_0.005_hc_128
67,5.211800575256348,1.535736322402954,0.7892348170280457,0.9832890629768372,1.9035404920578003,75.47403525488328,69.80466888994759,61.97236779418771,77.99288034439087,71.31098807085236,2103.865864276886,30.133678436279297,0.7147372386831305,0.005,128,lr_0.005_hc_128
68,5.154414653778076,1.522434115409851,0.7924400568008423,0.9832102060317993,1.8563305139541626,74.50214387803716,68.86136255359695,62.72510719390186,78.39941382408142,71.12200686240435,2136.2602846622467,30.68461513519287,0.7111635524897149,0.005,128,lr_0.005_hc_128
69,5.1995649337768555,1.519885778427124,0.7907391786575317,0.9998391270637512,1.8891007900238037,75.22629823725583,69.00428775607432,62.934730824202,79.37242984771729,71.63443666631237,2167.9290628433228,29.857866764068604,0.7076077347272662,0.005,128,lr_0.005_hc_128
70,5.0570807456970215,1.4544475078582764,0.7830366492271423,1.0018630027770996,1.817733645439148,75.4835636017151,69.09004287756075,62.90614578370652,81.06817603111267,72.13698207352375,2199.4066767692566,29.782132387161255,0.7040696960536299,0.005,128,lr_0.005_hc_128
71,5.094791412353516,1.4845938682556152,0.784923791885376,0.9987478852272034,1.826526165008545,75.47403525488328,69.59504525964745,63.182467841829435,78.34704518318176,71.64964838488548,2231.6988928318024,30.424211740493774,0.7005493475733617,0.005,128,lr_0.005_hc_128
72,5.09091329574585,1.5235856771469116,0.7681739330291748,0.9722468256950378,1.8269068002700806,75.87422582181992,70.23344449737971,63.73511195807527,79.4619083404541,72.32617265443226,2263.1651380062103,29.72269344329834,0.697046600835495,0.005,128,lr_0.005_hc_128
73,5.0164384841918945,1.4709867238998413,0.7560629844665527,0.9878098368644714,1.8015785217285156,76.24583134826108,69.90948070509766,63.97332062887089,78.1836211681366,72.07806346259156,2294.768408060074,29.91397762298584,0.6935613678313175,0.005,128,lr_0.005_hc_128
74,5.140863418579102,1.559798240661621,0.7707387804985046,0.9994964003562927,1.8108301162719727,75.92186755597903,70.4621248213435,64.07813244402097,79.64527606964111,72.52685022274615,2326.5720596313477,30.061264991760254,0.6900935609921609,0.005,128,lr_0.005_hc_128
75,4.9970245361328125,1.4877156019210815,0.7532632350921631,0.9956309199333191,1.760414958000183,76.94140066698428,71.05288232491662,64.99285373987614,81.43213391304016,73.60481766120431,2359.32040309906,30.987176418304443,0.6866430931872001,0.005,128,lr_0.005_hc_128
76,5.056549072265625,1.5839935541152954,0.7399011254310608,0.9983579516410828,1.734296441078186,77.55121486422107,70.73844687946641,65.77417818008576,80.51937222480774,73.64580303714524,2390.5881564617157,29.413975954055786,0.6832098777212641,0.005,128,lr_0.005_hc_128
77,5.021311283111572,1.5647742748260498,0.752432644367218,0.9862058162689209,1.7178986072540283,77.53215817055741,70.47165316817532,66.37446403049071,79.08979654312134,73.3670179780862,2422.5968556404114,30.263118267059326,0.6797938283326578,0.005,128,lr_0.005_hc_128
78,4.988419532775879,1.5685594081878662,0.753023624420166,1.001513123512268,1.665323257446289,77.57979990471652,69.84278227727489,66.7555979037637,77.32400298118591,72.87554576673526,2454.293907403946,29.919907331466675,0.6763948591909945,0.005,128,lr_0.005_hc_128
79,4.999669551849365,1.5811378955841064,0.7466171383857727,0.987878143787384,1.6840364933013916,77.3320628870891,70.43353978084802,66.57455931395903,78.21413278579712,73.13857369192331,2486.3294582366943,30.173152446746826,0.6730128848950395,0.005,128,lr_0.005_hc_128
80,4.9645161628723145,1.5179136991500854,0.7512490153312683,1.0146294832229614,1.680724024772644,77.20819437827538,70.12863268222964,66.65078608861363,79.54323291778564,73.38271151672608,2518.1526596546173,30.029101371765137,0.6696478204705644,0.005,128,lr_0.005_hc_128
81,4.970971584320068,1.5786969661712646,0.7287476062774658,0.9614109396934509,1.7021158933639526,78.12291567413054,71.47212958551691,66.15531205335874,77.59337425231934,73.33593289133138,2549.7433614730835,29.943804025650024,0.6662995813682115,0.005,128,lr_0.005_hc_128
82,4.887657165527344,1.572901964187622,0.7288342118263245,0.9762937426567078,1.609627366065979,78.25631252977608,71.39590281086231,67.70843258694616,77.70435214042664,73.7662500170028,2581.1396775245667,29.666237354278564,0.6629680834613705,0.005,128,lr_0.005_hc_128
83,4.935635566711426,1.6062614917755127,0.7360004186630249,0.9810950756072998,1.6122784614562988,78.0276322058123,71.3101476893759,68.28966174368747,77.9960036277771,73.90586131666319,2613.120507955551,30.320070505142212,0.6596532430440636,0.005,128,lr_0.005_hc_128
84,4.962648868560791,1.6230324506759644,0.7383878827095032,0.9477649331092834,1.6534637212753296,77.75131014768938,72.22486898523105,67.3749404478323,79.69841957092285,74.26238478791889,2644.092878341675,29.308664798736572,0.6563549768288433,0.005,128,lr_0.005_hc_128
85,4.941980361938477,1.6598966121673584,0.7136743068695068,0.9684828519821167,1.5999267101287842,78.63744640304907,72.31062410671748,68.19437827536923,77.26070880889893,74.10078939850868,2677.2628474235535,31.479501724243164,0.653073201944699,0.005,128,lr_0.005_hc_128
86,4.9302568435668945,1.636759638786316,0.7369064092636108,0.9716785550117493,1.5849120616912842,77.45593139590281,71.83420676512625,69.54740352548832,78.09804677963257,74.23389711653749,2706.7553606033325,27.688058376312256,0.6498078359349755,0.005,128,lr_0.005_hc_128
87,4.870894908905029,1.642713189125061,0.7405315041542053,0.9505104422569275,1.537139654159546,78.44687946641258,72.02477370176274,69.58551691281562,78.16488742828369,74.55551437731867,2735.505941390991,27.06484341621399,0.6465587967553006,0.005,128,lr_0.005_hc_128
88,4.910874366760254,1.6885826587677002,0.7361837029457092,0.9748044013977051,1.5113037824630737,78.28489757027157,71.79609337779895,70.20485945688422,77.62033939361572,74.47654744964261,2764.8201682567596,27.620996236801147,0.6433260027715241,0.005,128,lr_0.005_hc_128
89,4.935134410858154,1.7008432149887085,0.7183825969696045,1.0076122283935547,1.5082964897155762,78.83754168651738,71.55788470700334,70.48118151500714,79.81650233268738,75.1732775603038,2803.0200753211975,36.35275650024414,0.6401093727576664,0.005,128,lr_0.005_hc_128
90,4.888226509094238,1.7315353155136108,0.7171366214752197,0.9710969924926758,1.468457579612732,79.39018580276323,72.20581229156741,71.6245831348261,79.30948734283447,75.6325171429978,2832.696249961853,27.968507289886475,0.6369088258938781,0.005,128,lr_0.005_hc_128
91,4.868244647979736,1.6952121257781982,0.7224856615066528,0.9858545064926147,1.4646919965744019,79.48546927108147,72.64411624583134,71.94854692710815,79.23206686973572,75.82754982843917,2860.4311349391937,26.12984561920166,0.6337242817644086,0.005,128,lr_0.005_hc_128
92,4.811881065368652,1.6357924938201904,0.7018271684646606,1.0112439393997192,1.463017225265503,79.3044306812768,72.0057170080991,71.75797999047165,79.64059114456177,75.67717970610232,2889.573586702347,27.456990718841553,0.6305556603555866,0.005,128,lr_0.005_hc_128
93,4.776771068572998,1.6566258668899536,0.6981322169303894,0.9652490615844727,1.4567639827728271,79.52358265840877,72.98713673177704,71.82467841829443,78.17425727844238,75.62741377173066,2917.724618911743,26.44424271583557,0.6274028820538087,0.005,128,lr_0.005_hc_128
94,4.796908855438232,1.6662070751190186,0.715691864490509,0.952862560749054,1.4621473550796509,79.33301572177227,73.16817532158171,71.71986660314435,78.15899848937988,75.59501403396955,2946.0515265464783,26.70355725288391,0.6242658676435396,0.005,128,lr_0.005_hc_128
95,4.88016939163208,1.7457269430160522,0.7202218770980835,0.9773579835891724,1.4368624687194824,79.44735588375417,73.19676036207719,72.01524535493093,76.87802314758301,75.38434618708632,2975.295597076416,27.656331300735474,0.6211445383053219,0.005,128,lr_0.005_hc_128
96,4.831053733825684,1.7006036043167114,0.7008500099182129,0.9835578203201294,1.446042537689209,79.41877084325868,72.44402096236303,73.07289185326346,78.41545343399048,75.83778427321892,3006.7916145324707,29.872522830963135,0.6180388156137953,0.005,128,lr_0.005_hc_128
97,4.870087623596191,1.7627553939819336,0.7073937654495239,0.9657909870147705,1.4341477155685425,80.04764173415913,73.44449737970461,72.84421152929966,78.25713753700256,76.14837204504148,3038.76181268692,30.371756076812744,0.6149486215357263,0.005,128,lr_0.005_hc_128
98,4.824368000030518,1.7500114440917969,0.7057875394821167,0.9738314747810364,1.3947373628616333,80.14292520247737,73.18723201524536,72.42496426869937,78.4646987915039,76.0549550694815,3068.765758752823,28.350110054016113,0.6118738784280476,0.005,128,lr_0.005_hc_128
99,4.934968948364258,1.8281093835830688,0.7334413528442383,0.9513357281684875,1.4220824241638184,79.37112910909957,73.9399714149595,73.17770366841353,77.70243883132935,76.04781075595048,3099.193864583969,28.851449251174927,0.6088145090359074,0.005,128,lr_0.005_hc_128
100,4.8342108726501465,1.7676198482513428,0.7266911268234253,0.9500789642333984,1.3898210525512695,79.75226298237256,73.88280133396856,73.60647927584564,78.67112159729004,76.4781662973692,3128.0543789863586,27.297218084335327,0.6057704364907278,0.005,128,lr_0.005_hc_128
101,4.827924728393555,1.7631880044937134,0.7079563140869141,0.9571837186813354,1.3995965719223022,79.93330157217723,73.41591233920914,73.12053358742259,78.21179628372192,76.17038594563272,3156.7801401615143,27.1181902885437,0.6027415843082742,0.005,128,lr_0.005_hc_128
102,4.7750396728515625,1.769958734512329,0.7182943224906921,0.9396054148674011,1.3471812009811401,79.9618866126727,74.7117675083373,74.62601238685089,77.92525291442871,76.8062298555724,3184.2466905117035,25.85049057006836,0.5997278763867329,0.005,128,lr_0.005_hc_128
103,4.853326797485352,1.7645288705825806,0.7258546352386475,0.9613665342330933,1.401576280593872,79.70462124821344,74.07336827060506,73.5111958075274,78.60193848609924,76.47278095311128,3211.2485978603363,25.396101713180542,0.5967292370047992,0.005,128,lr_0.005_hc_128
104,4.854654788970947,1.789827823638916,0.7326520681381226,1.011112928390503,1.3210618495941162,79.60933777989518,73.26345878989994,75.35016674606956,78.58121395111084,76.70104431674389,3237.921129465103,25.06820559501648,0.5937455908197752,0.005,128,lr_0.005_hc_128
105,4.9070611000061035,1.839613437652588,0.7087864875793457,0.974696934223175,1.3839644193649292,80.60028585040496,74.1686517389233,74.73082420200096,78.17269563674927,76.91811435701962,3266.6316533088684,27.041159629821777,0.5907768628656763,0.005,128,lr_0.005_hc_128
106,4.887956619262695,1.9063471555709839,0.699482798576355,0.9441556930541992,1.3379708528518677,80.8480228680324,75.01667460695569,74.72129585516912,76.04103088378906,76.65675605348656,3297.3371427059174,29.0886332988739,0.5878229785513479,0.005,128,lr_0.005_hc_128
107,4.821822643280029,1.8328750133514404,0.700110673904419,0.9512701034545898,1.3375667333602905,80.63839923773224,73.9780848022868,74.88327775131015,76.83145999908447,76.58280544760342,3327.2004420757294,28.221179723739624,0.5848838636585911,0.005,128,lr_0.005_hc_128
108,4.939116477966309,1.8532685041427612,0.6926572322845459,0.9979188442230225,1.395272135734558,80.48594568842306,73.99714149595046,73.61600762267747,76.67471170425415,76.19345162782628,3356.9242856502533,28.043925762176514,0.5819594443402982,0.005,128,lr_0.005_hc_128
109,4.876986980438232,1.8826453685760498,0.719289243221283,0.9785500168800354,1.2965023517608643,80.24773701762744,74.39733206288709,74.69271081467366,79.10071611404419,77.1096240023081,3386.8291404247284,28.187838315963745,0.5790496471185967,0.005,128,lr_0.005_hc_128
110,4.834954261779785,1.8305467367172241,0.7008622884750366,0.9673088192939758,1.3362364768981934,80.79085278704144,74.28299190090519,75.1786565030967,80.11751770973206,77.59250472519385,3417.5188641548157,28.939778566360474,0.5761543988830038,0.005,128,lr_0.005_hc_128
111,4.78087854385376,1.745925784111023,0.7130150198936462,1.0098341703414917,1.3121036291122437,80.0762267746546,73.73034778465937,75.90281086231539,78.51593494415283,77.05633009144555,3447.445655822754,28.296372175216675,0.5732736268885887,0.005,128,lr_0.005_hc_128
112,4.844522476196289,1.8104430437088013,0.7129573822021484,0.9897693991661072,1.331352710723877,80.78132444020963,74.03525488327776,75.42639352072416,77.64027714729309,76.97081249787617,3478.2972469329834,29.22779083251953,0.5704072587541458,0.005,128,lr_0.005_hc_128
113,4.8058953285217285,1.8686258792877197,0.6821353435516357,0.9881903529167175,1.2669436931610107,81.47689375893282,74.64506908051453,75.93139590281086,78.99910807609558,77.76311670458844,3508.2806539535522,28.344260215759277,0.567555222460375,0.005,128,lr_0.005_hc_128
114,4.801580429077148,1.8035190105438232,0.7076350450515747,0.9701504111289978,1.3202757835388184,80.8861362553597,74.70223916150547,75.47403525488328,77.84116268157959,77.22589333833201,3538.8541696071625,28.893378257751465,0.5647174463480732,0.005,128,lr_0.005_hc_128
115,4.828756809234619,1.8501255512237549,0.7005434036254883,0.9700098633766174,1.3080780506134033,80.924249642687,74.53072891853263,76.04573606479276,78.19575667381287,77.42411782495631,3568.862986803055,28.32025456428528,0.5618938591163328,0.005,128,lr_0.005_hc_128
116,4.773259162902832,1.8039705753326416,0.6750287413597107,0.9751983880996704,1.319061517715454,81.45783706526917,74.50214387803716,76.04573606479276,77.82754898071289,77.458316497203,3598.7868893146515,28.236868858337402,0.5590843898207511,0.005,128,lr_0.005_hc_128
117,4.864294052124023,1.8727818727493286,0.6931094527244568,0.9781296253204346,1.3202731609344482,81.65793234873749,74.83563601715102,76.03620771796093,76.68017148971558,77.30248689339125,3628.7635560035706,28.26798105239868,0.5562889678716474,0.005,128,lr_0.005_hc_128
118,4.87228536605835,1.8889656066894531,0.7166393995285034,0.9688800573348999,1.2977999448776245,81.2386850881372,74.87374940447832,76.51262505955216,77.72940397262573,77.58861588119835,3660.7959072589874,30.325611352920532,0.5535075230322891,0.005,128,lr_0.005_hc_128
119,4.853513717651367,1.9172639846801758,0.7231512665748596,0.9535635113716125,1.2595350742340088,81.04811815150072,75.65507384468795,76.7508337303478,79.21646237373352,78.1676220250675,3690.475893497467,27.907631635665894,0.5507399854171277,0.005,128,lr_0.005_hc_128
120,4.894545078277588,1.951314926147461,0.6990869641304016,0.9839425683021545,1.26020085811615,81.40066698427823,74.76893758932826,77.17008099094808,76.61255598068237,77.48806038630923,3720.035756111145,27.929121255874634,0.547986285490042,0.005,128,lr_0.005_hc_128
121,4.832975387573242,1.9154943227767944,0.7020713090896606,0.9785317778587341,1.2368781566619873,81.91519771319676,75.49309194854693,77.67508337303478,79.30948734283447,78.59821509440323,3749.7439885139465,27.9843008518219,0.5452463540625918,0.005,128,lr_0.005_hc_128
122,4.826181888580322,1.9571771621704102,0.6971630454063416,0.9654080867767334,1.2064335346221924,81.88661267270129,75.87422582181992,77.75131014768938,77.74856090545654,78.31517738691677,3780.2627799510956,28.798778533935547,0.5425201222922789,0.005,128,lr_0.005_hc_128
123,4.84639835357666,1.9926341772079468,0.6985489726066589,0.956414520740509,1.198800802230835,81.95331110052406,75.86469747498809,77.96093377798951,77.90921926498413,78.42204040462144,3811.033611536026,29.090921640396118,0.5398075216808175,0.005,128,lr_0.005_hc_128
124,4.8060760498046875,1.974063754081726,0.6877155303955078,0.9422948956489563,1.2020020484924316,82.36303001429252,75.97903763696998,78.00857551214864,77.59649753570557,78.48678517477917,3840.9757177829742,28.228184461593628,0.5371084840724134,0.005,128,lr_0.005_hc_128
125,4.876629829406738,1.978094220161438,0.7180169820785522,0.958633542060852,1.2218854427337646,81.8580276322058,76.0647927584564,77.92282039066222,77.9026210308075,78.43706545303299,3870.878561973572,28.162708044052124,0.5344229416520513,0.005,128,lr_0.005_hc_128
126,4.853604793548584,1.9804043769836426,0.724580705165863,0.9607270359992981,1.1878927946090698,81.8580276322058,75.84564078132445,78.33253930443068,78.26104164123535,78.57431233979906,3901.969004869461,29.333007097244263,0.531750826943791,0.005,128,lr_0.005_hc_128
127,4.949584484100342,2.0735535621643066,0.7342125177383423,0.9879993796348572,1.1538190841674805,81.21962839447356,75.74082896617436,78.78989995235827,78.88180017471313,78.65803937192983,3931.6585183143616,27.92332935333252,0.5290920728090721,0.005,128,lr_0.005_hc_128
128,5.041891098022461,2.0718884468078613,0.7215756177902222,1.007724404335022,1.240702748298645,82.30585993330158,75.49309194854693,78.38970938542163,76.2912392616272,78.11997513222433,3961.41840672493,28.165892839431763,0.5264466124450268,0.005,128,lr_0.005_hc_128
129,4.992999076843262,2.0697073936462402,0.711543619632721,0.9922947883605957,1.2194530963897705,82.0485945688423,75.98856598380182,78.94235350166745,77.07890272140503,78.51460419392915,3991.1338336467743,28.08986806869507,0.5238143793828016,0.005,128,lr_0.005_hc_128
130,4.988539695739746,2.079404592514038,0.7220008969306946,0.9443394541740417,1.2427946329116821,82.43925678894712,76.8270605050024,78.4564078132444,77.84393429756165,78.89166485118889,4022.608186006546,29.762720584869385,0.5211953074858876,0.005,128,lr_0.005_hc_128
131,4.9930901527404785,2.1240975856781006,0.7210865616798401,0.974692165851593,1.1732138395309448,82.21057646498332,76.56979514054312,78.90424011434017,77.73252725601196,78.85428474396964,4050.4865341186523,26.205090284347534,0.5185893309484582,0.005,128,lr_0.005_hc_128
132,4.997629165649414,2.066206693649292,0.7151059508323669,0.9906647205352783,1.2256519794464111,81.99142448785136,76.07432110528823,78.5707479752263,78.27630043029785,78.72819849966594,4086.262939929962,34.13805365562439,0.5159963842937159,0.005,128,lr_0.005_hc_128
133,4.945643424987793,2.1017980575561523,0.68539959192276,0.9928113222122192,1.1656345129013062,82.7060505002382,75.83611243449262,79.27584564078133,78.27239632606506,79.02260122539431,4115.9874477386475,28.07420802116394,0.5134164023722473,0.005,128,lr_0.005_hc_128
134,4.962732315063477,2.0955615043640137,0.7016531825065613,1.0058848857879639,1.159632921218872,83.42067651262506,76.46498332539305,79.95235826584087,78.02608609199524,79.46602604896356,4146.578521728516,28.81284523010254,0.510849320360386,0.005,128,lr_0.005_hc_128
135,4.908060073852539,2.077179431915283,0.6870148181915283,0.9676295518875122,1.1762363910675049,82.89661743687469,76.52215340638399,79.67603620771796,76.84750556945801,78.98557815510867,4176.36988568306,28.196647882461548,0.5082950737585841,0.005,128,lr_0.005_hc_128
136,4.979188919067383,2.0487022399902344,0.701901912689209,0.9872066974639893,1.2413780689239502,82.52501191043355,75.95045259647452,78.84707003334921,76.32601261138916,78.4121367879116,4207.342118740082,29.31290864944458,0.5057535983897912,0.005,128,lr_0.005_hc_128
137,4.93393611907959,2.0233867168426514,0.7094505429267883,0.9955698847770691,1.205528974533081,83.09671272034302,76.03620771796093,78.98046688899475,77.87913084030151,78.99812954190007,4238.3022582530975,29.326963901519775,0.5032248303978422,0.005,128,lr_0.005_hc_128
138,5.004942893981934,2.041644811630249,0.7214365601539612,1.0080887079238892,1.2337725162506104,82.87756074321105,76.39828489757026,78.88518342067651,78.34080457687378,79.1254584095829,4268.817125797272,28.759076595306396,0.500708706245853,0.005,128,lr_0.005_hc_128
139,5.075310707092285,2.0769832134246826,0.748444676399231,1.0174963474273682,1.232386589050293,81.94378275369223,76.2172463077656,79.05669366364936,78.13870906829834,78.83910794835138,4300.612647771835,30.09109401702881,0.5,0.005,128,lr_0.005_hc_128
140,4.905754089355469,2.0812861919403076,0.7092023491859436,0.9956095218658447,1.1196563243865967,82.6679371129109,76.38875655073845,80.47641734159123,77.93588638305664,79.3672493470743,4330.078983306885,27.884705781936646,0.5,0.005,128,lr_0.005_hc_128
141,4.921964168548584,2.069767713546753,0.6978276371955872,1.007032036781311,1.1473370790481567,82.80133396855646,76.32205812291566,80.12386850881373,76.7407774925232,78.99700952320225,4359.74703836441,27.99471879005432,0.5,0.005,128,lr_0.005_hc_128
142,4.885652542114258,2.049222946166992,0.6972981691360474,1.024429440498352,1.1147023439407349,83.03001429252025,76.49356836588852,80.55264411624583,76.71693563461304,79.19829060231692,4391.7878510952,30.30094265937805,0.5,0.005,128,lr_0.005_hc_128
143,4.782070159912109,1.9962362051010132,0.6678982377052307,0.9786642789840698,1.1392711400985718,83.13482610767032,76.27441638875655,80.21915197713196,78.10975313186646,79.43453690135632,4421.563621759415,28.09535241127014,0.5,0.005,128,lr_0.005_hc_128
144,4.757379531860352,1.982671856880188,0.6784430146217346,0.9685112237930298,1.1277530193328857,83.69699857074797,77.56074321105288,80.10481181515007,77.73252725601196,79.77377021324072,4452.5036680698395,29.30816960334778,0.5,0.005,128,lr_0.005_hc_128
145,4.785457611083984,2.001539707183838,0.6710248589515686,0.9908058643341064,1.1220873594284058,84.17341591233921,77.1796093377799,80.47641734159123,78.30091714859009,80.03258993507511,4482.237284898758,28.13558292388916,0.5,0.005,128,lr_0.005_hc_128
146,4.767861366271973,1.8922069072723389,0.6840983629226685,1.0024998188018799,1.189056396484375,83.62077179609338,76.90328727965698,79.79037636969986,77.46124267578125,79.44391953030787,4512.728120803833,28.806403875350952,0.5,0.005,128,lr_0.005_hc_128
147,4.760588645935059,1.9754313230514526,0.6882548332214355,0.947611391544342,1.1492908000946045,83.07765602667936,77.42734635540734,79.95235826584087,77.54490375518799,79.5005661007789,4542.621587514877,28.235475301742554,0.5,0.005,128,lr_0.005_hc_128
148,4.7922234535217285,1.9221829175949097,0.7123648524284363,0.9764817953109741,1.1811938285827637,82.48689852310625,76.76989042401144,80.13339685564554,75.25216341018677,78.66058730323749,4572.154896974564,27.95046329498291,0.5,0.005,128,lr_0.005_hc_128
149,4.71336555480957,1.9042069911956787,0.7030790448188782,0.9689828753471375,1.137096643447876,82.94425917103383,76.60790852787042,80.62887089090043,77.22004652023315,79.35027127750945,4602.858872890472,29.00783634185791,0.5,0.005,128,lr_0.005_hc_128
150,4.723485946655273,1.9530525207519531,0.6956104636192322,0.9728884696960449,1.1019346714019775,82.94425917103383,76.62696522153406,81.21010004764173,79.07297611236572,79.96357513814384,4633.419270992279,28.792210340499878,0.5,0.005,128,lr_0.005_hc_128
151,4.596786022186279,1.8784257173538208,0.6937842965126038,0.9779338836669922,1.0466421842575073,82.72510719390186,76.96998570747975,81.13387327298713,78.74733209609985,79.89407456761714,4664.883638620377,29.82594656944275,0.5,0.005,128,lr_0.005_hc_128
152,4.6121826171875,1.8798836469650269,0.6882843375205994,0.966443657875061,1.077570915222168,83.07765602667936,76.96998570747975,80.72415435921869,78.77784967422485,79.88741144190065,4694.82221364975,28.175154447555542,0.5,0.005,128,lr_0.005_hc_128
153,4.623239517211914,1.9590518474578857,0.6826189756393433,0.9533922076225281,1.0281766653060913,83.16341114816579,77.35111958075274,81.43878037160552,78.46782207489014,80.10528329385355,4724.348128080368,27.81277060508728,0.5,0.005,128,lr_0.005_hc_128
154,4.603002071380615,1.9201984405517578,0.6764542460441589,0.9612414836883545,1.0451077222824097,83.78275369223441,77.36064792758457,81.82944259171033,78.80204319953918,80.44372185276713,4754.869656801224,28.884238481521606,0.5,0.005,128,lr_0.005_hc_128
155,4.538300037384033,1.8438191413879395,0.6824973225593567,0.9692600965499878,1.042723536491394,84.03049070986184,77.32253454025727,81.98189614101953,79.68671321868896,80.7554086524569,4784.558139324188,27.969245195388794,0.5,0.005,128,lr_0.005_hc_128
156,4.535687446594238,1.8350780010223389,0.686758279800415,0.9521652460098267,1.0616862773895264,83.26822296331586,77.78942353501668,81.41972367794187,78.1625509262085,80.15998027562073,4815.026721715927,28.884755849838257,0.5,0.005,128,lr_0.005_hc_128
157,4.628452301025391,1.9067572355270386,0.686870813369751,0.960450291633606,1.0743739604949951,83.52548832777514,77.49404478323011,81.21962839447356,77.60664224624634,79.96145093793128,4844.671361446381,27.950907230377197,0.5,0.005,128,lr_0.005_hc_128
158,4.630707263946533,1.9574583768844604,0.6990842819213867,0.937863826751709,1.036300539970398,83.48737494044784,77.82753692234398,81.8199142448785,78.43461036682129,80.3923591186229,4874.7897226810455,28.530582666397095,0.5,0.005,128,lr_0.005_hc_128
159,4.5042572021484375,1.8974130153656006,0.6724043488502502,0.9195020198822021,1.0149377584457397,83.62077179609338,77.8370652691758,82.010481181515,77.8294563293457,80.32444364403247,4905.1310942173,28.609153747558594,0.5,0.005,128,lr_0.005_hc_128
160,4.620066165924072,1.9075860977172852,0.707457423210144,0.948470413684845,1.0565520524978638,82.60123868508813,77.51310147689377,81.77227251071939,77.88771390914917,79.94358164546263,4934.8608775138855,28.004191398620605,0.5,0.005,128,lr_0.005_hc_128
161,4.613254547119141,1.9528610706329346,0.6703292727470398,0.9476398825645447,1.042424201965332,83.78275369223441,77.42734635540734,82.18199142448785,77.45301127433777,80.21127568661683,4963.506349563599,26.88409161567688,0.5,0.005,128,lr_0.005_hc_128
162,4.550394535064697,1.9628533124923706,0.6407891511917114,0.9392960667610168,1.0074560642242432,84.42115292996665,77.89423535016674,82.34397332062888,77.26460695266724,80.48099213835738,4993.605649471283,28.511960744857788,0.5,0.005,128,lr_0.005_hc_128
163,4.595856189727783,1.9807895421981812,0.6345716714859009,0.9398130178451538,1.0406818389892578,84.34492615531205,78.12291567413054,82.62029537875179,78.03198099136353,80.78002954988948,5028.8102016448975,33.59366154670715,0.5,0.005,128,lr_0.005_hc_128
164,4.541601181030273,1.944059133529663,0.6433259844779968,0.932593822479248,1.0216221809387207,84.10671748451644,77.78942353501668,82.13434969032872,78.36230397224426,80.59819867052653,5058.637580871582,28.129054307937622,0.5,0.005,128,lr_0.005_hc_128
165,4.502460956573486,1.9385565519332886,0.6498765349388123,0.9066396951675415,1.0073879957199097,84.32586946164841,78.01810385898047,82.0485945688423,78.2450020313263,80.65939248019937,5088.446201324463,28.20722484588623,0.5,0.005,128,lr_0.005_hc_128
166,4.548248291015625,1.941994547843933,0.6708099246025085,0.9199550747871399,1.015488624572754,83.84945212005717,78.4945212005717,82.5917103382563,78.11521291732788,80.76272414405327,5118.171332359314,28.079881191253662,0.5,0.005,128,lr_0.005_hc_128
167,4.498077392578125,1.9303959608078003,0.6702851057052612,0.9014331698417664,0.9959632158279419,83.73511195807527,78.23725583611242,82.25821819914245,78.89705896377563,80.78191123927645,5148.795780181885,28.934205055236816,0.5,0.005,128,lr_0.005_hc_128
168,4.440487384796143,1.8718459606170654,0.6724237203598022,0.9128358364105225,0.9833818674087524,83.63982848975702,78.23725583611242,82.6298237255836,78.71214151382446,80.80476239131937,5178.391194343567,27.927679538726807,0.5,0.005,128,lr_0.005_hc_128
169,4.473678112030029,1.898409366607666,0.6670399308204651,0.9125145077705383,0.9957143664360046,84.13530252501191,78.52310624106718,82.30585993330158,79.31885719299316,81.07078147309346,5208.010490655899,27.976330518722534,0.5,0.005,128,lr_0.005_hc_128
170,4.497125625610352,1.894553303718567,0.6703983545303345,0.9439446330070496,0.988229513168335,84.1257741781801,78.24678418294427,82.42020009528346,78.48385572433472,80.81915354518564,5237.634108304977,27.94490098953247,0.5,0.005,128,lr_0.005_hc_128
171,4.626769542694092,1.9582284688949585,0.6950902938842773,0.9508382081985474,1.0226126909255981,84.0114340161982,78.04668889947594,82.44878513577895,77.68483757972717,80.54793640779506,5267.513268947601,28.277343034744263,0.5,0.005,128,lr_0.005_hc_128
172,4.493284702301025,1.9193140268325806,0.6587867736816406,0.9529885053634644,0.9621953368186951,83.99237732253454,77.9514054311577,83.59218675559791,79.09603714942932,81.15800166467987,5297.887078046799,28.72929573059082,0.5,0.005,128,lr_0.005_hc_128
173,4.524696350097656,1.937684416770935,0.6793594360351562,0.9377087950706482,0.969943642616272,84.15435921867555,78.26584087660791,83.26822296331586,78.4952163696289,81.04590985705707,5327.78284573555,28.16738772392273,0.5,0.005,128,lr_0.005_hc_128
174,4.592018127441406,2.0158424377441406,0.6559072732925415,0.9397262930870056,0.9805424213409424,84.43068127679848,77.93234873749404,82.61076703191996,78.03198099136353,80.751444509394,5358.8599944114685,29.375816106796265,0.5,0.005,128,lr_0.005_hc_128
175,4.5194172859191895,1.9331454038619995,0.6615235209465027,0.9432056546211243,0.981542706489563,84.1257741781801,78.20867079561697,82.79180562172463,78.04446816444397,80.79267968999142,5390.546463251114,29.95843005180359,0.5,0.005,128,lr_0.005_hc_128
176,4.5471110343933105,1.9797134399414062,0.661704957485199,0.9309181571006775,0.9747742414474487,83.75416865173892,78.16102906145784,83.16341114816579,78.13749313354492,80.80402549872687,5420.868615627289,28.725357055664062,0.5,0.005,128,lr_0.005_hc_128
177,4.436140060424805,1.9024406671524048,0.6596342921257019,0.9117559790611267,0.9623092412948608,84.04001905669367,78.79942829919008,82.92520247737018,78.34157943725586,81.02655731762745,5451.719766616821,29.12327742576599,0.5,0.005,128,lr_0.005_hc_128
178,4.487747669219971,1.9000006914138794,0.6587253212928772,0.9112140536308289,1.0178073644638062,84.29728442115292,78.35159599809433,82.52501191043355,78.7672758102417,80.98529203498063,5481.194766521454,27.911468029022217,0.5,0.005,128,lr_0.005_hc_128
179,4.565147876739502,2.0232412815093994,0.6384628415107727,0.8957494497299194,1.0076943635940552,84.69747498808957,78.7232015245355,82.5154835636017,77.3799180984497,80.82901954366912,5511.924401283264,29.083999395370483,0.5,0.005,128,lr_0.005_hc_128
180,4.435696601867676,1.9738664627075195,0.6451389789581299,0.8865256309509277,0.9301656484603882,84.44973797046212,78.40876607908528,82.92520247737018,77.79312133789062,80.89420696620205,5542.107364177704,28.471147775650024,0.5,0.005,128,lr_0.005_hc_128
181,4.445404529571533,1.9748235940933228,0.6324036121368408,0.8936042785644531,0.9445730447769165,84.5545497856122,78.56121962839447,82.8585040495474,78.11365127563477,81.02198118479721,5572.001391172409,28.190633535385132,0.5,0.005,128,lr_0.005_hc_128
182,4.434285640716553,1.9293155670166016,0.6418821215629578,0.9096349477767944,0.9534530639648438,84.48785135778942,78.5707479752263,83.41114816579324,80.38333654403687,81.71327101071145,5601.481984615326,27.80142331123352,0.5,0.005,128,lr_0.005_hc_128
183,4.412378787994385,1.9185782670974731,0.660656750202179,0.8979043960571289,0.9352394342422485,84.1257741781801,78.35159599809433,83.86850881372082,79.01393175125122,81.33995268531162,5631.182156324387,28.073832035064697,0.5,0.005,128,lr_0.005_hc_128
184,4.530406951904297,2.0095090866088867,0.6632378697395325,0.9164395332336426,0.9412205219268799,84.1638875655074,78.82801333968557,83.48737494044784,78.92991900444031,81.35229871252028,5660.765620946884,27.89086651802063,0.5,0.005,128,lr_0.005_hc_128
185,4.413174629211426,1.8795150518417358,0.6722588539123535,0.9449179768562317,0.9164825677871704,84.0114340161982,77.77036684135302,83.52548832777514,79.13158535957336,81.10971863622493,5691.141085386276,28.704813718795776,0.5,0.005,128,lr_0.005_hc_128
186,4.445319175720215,1.9230611324310303,0.6546072959899902,0.9282346963882446,0.9394158720970154,84.18294425917104,77.90376369699857,83.78275369223441,78.44553589820862,81.07874938665316,5720.860818862915,28.033189058303833,0.5,0.005,128,lr_0.005_hc_128
187,4.497148513793945,1.961053490638733,0.6643011569976807,0.9076914191246033,0.9641021490097046,84.1257741781801,78.70414483087185,83.50643163411148,77.44442224502563,80.94519322204727,5750.572319030762,28.028532028198242,0.5,0.005,128,lr_0.005_hc_128
188,4.38261079788208,1.9264754056930542,0.6397212743759155,0.8631207942962646,0.9532933831214905,84.46879466412578,79.28537398761316,83.05859933301572,77.67703533172607,81.12245082912018,5780.641587495804,28.456257343292236,0.5,0.005,128,lr_0.005_hc_128
189,4.41970157623291,1.9513611793518066,0.6159749627113342,0.9019119143486023,0.9504533410072327,84.7451167222487,78.532634587899,83.53501667460695,78.0937135219574,81.226620376678,5810.876205921173,28.526872634887695,0.5,0.005,128,lr_0.005_hc_128
190,4.425160884857178,1.918026089668274,0.6420434713363647,0.9144051671028137,0.9506862163543701,84.4402096236303,78.58980466888995,83.30633635064316,77.87444591522217,81.0526991395964,5841.257808685303,28.702277660369873,0.5,0.005,128,lr_0.005_hc_128
191,4.392985820770264,1.930295705795288,0.6121730208396912,0.8788200616836548,0.971696674823761,85.12625059552168,78.83754168651738,82.93473082420199,79.75121736526489,81.6624351178765,5875.280514955521,32.310893297195435,0.5,0.005,128,lr_0.005_hc_128
192,4.351069927215576,1.9046589136123657,0.6259796023368835,0.8769527673721313,0.9434784650802612,84.36398284897571,78.44687946641258,83.01095759885659,78.8724422454834,81.17356553993207,5904.8152186870575,27.88006830215454,0.5,0.005,128,lr_0.005_hc_128
193,4.388419151306152,1.9106944799423218,0.6300109624862671,0.8985997438430786,0.949113667011261,84.24011434016198,78.33253930443068,83.79228203906622,78.79424095153809,81.28979415879924,5934.4089522361755,27.915879726409912,0.5,0.005,128,lr_0.005_hc_128
194,4.323095321655273,1.9232653379440308,0.6255753040313721,0.8703046441078186,0.9039499759674072,84.42115292996665,78.6850881372082,83.9352072415436,78.6750316619873,81.42911999267643,5964.600350856781,28.544363975524902,0.5,0.005,128,lr_0.005_hc_128
195,4.33629846572876,1.9085500240325928,0.6333860754966736,0.8948954343795776,0.8994669914245605,84.95474035254882,78.86612672701287,83.9352072415436,79.97013330459595,81.93155190642531,5994.034561157227,27.84955358505249,0.5,0.005,128,lr_0.005_hc_128
196,4.373578071594238,1.923504114151001,0.6445690393447876,0.8712533116340637,0.9342517256736755,84.8213434969033,78.83754168651738,83.63982848975702,78.86343002319336,81.54053592409277,6024.011833429337,28.229360818862915,0.5,0.005,128,lr_0.005_hc_128
197,4.3588690757751465,1.9659512042999268,0.606164813041687,0.8722580075263977,0.9144953489303589,85.06908051453073,79.18056217246307,84.14483087184374,77.97060012817383,81.59126842175284,6058.7512266635895,32.988686084747314,0.5,0.005,128,lr_0.005_hc_128
198,4.33512544631958,1.947298526763916,0.6015244126319885,0.8935659527778625,0.8927366733551025,85.53596950929013,78.71367317770367,84.19247260600285,77.23019123077393,81.41807663094265,6085.8647544384,25.479316234588623,0.5,0.005,128,lr_0.005_hc_128
199,4.333392143249512,1.8815253973007202,0.6285994648933411,0.9016859531402588,0.9215811491012573,84.76417341591234,78.61838970938541,83.95426393520724,78.04446816444397,81.34532380623725,6112.396544456482,24.866801977157593,0.5,0.005,128,lr_0.005_hc_128
200,4.407405853271484,1.9547538757324219,0.6296327710151672,0.9151991009712219,0.9078200459480286,84.83087184373511,78.4564078132444,83.90662220104812,79.1460633277893,81.58499129645423,6139.001918792725,25.00911283493042,0.5,0.005,128,lr_0.005_hc_128
201,4.276518821716309,1.8560371398925781,0.6293408870697021,0.8821062445640564,0.9090344905853271,84.88804192472607,79.075750357313,84.00190566936637,79.54869270324707,81.87859766366313,6165.463532924652,24.86158061027527,0.5,0.005,128,lr_0.005_hc_128
202,4.344415664672852,1.9389864206314087,0.6132882237434387,0.8779777884483337,0.9141631722450256,84.69747498808957,78.77084325869461,83.54454502143878,79.5440137386322,81.6392192517138,6191.983254671097,24.940536499023438,0.5,0.005,128,lr_0.005_hc_128
203,4.310187816619873,1.909597396850586,0.6265813708305359,0.8760807514190674,0.8979284167289734,85.24059075750358,78.6088613625536,83.8208670795617,78.35094928741455,81.50531712175835,6219.161124229431,25.569711685180664,0.5,0.005,128,lr_0.005_hc_128
204,4.377687931060791,1.9141770601272583,0.6477986574172974,0.8953627347946167,0.9203497171401978,84.68794664125774,78.75178656503097,84.06860409718914,79.13669347763062,81.66125769527711,6245.407715559006,24.654812574386597,0.5,0.005,128,lr_0.005_hc_128
205,4.336325645446777,1.9078141450881958,0.6248533129692078,0.8852677345275879,0.9183906316757202,85.23106241067174,78.9995235826584,84.17341591233921,78.92558574676514,81.83239691310862,6274.901963710785,27.899309158325195,0.5,0.005,128,lr_0.005_hc_128
206,4.353178977966309,1.9418057203292847,0.6287646293640137,0.910805344581604,0.8718030452728271,85.1738923296808,78.65650309671271,84.76417341591234,76.7998218536377,81.34859767398588,6305.37442612648,28.783735036849976,0.5,0.005,128,lr_0.005_hc_128
207,4.261335372924805,1.8850375413894653,0.6178824305534363,0.8865073323249817,0.8719083070755005,85.39304430681277,78.69461648404001,84.69747498808957,79.40173745155334,82.04671830762393,6335.350273370743,28.2746844291687,0.5,0.005,128,lr_0.005_hc_128
208,4.252423286437988,1.8578484058380127,0.612865686416626,0.8879705667495728,0.8937389850616455,85.65983801810387,79.19961886612673,84.11624583134825,77.60897874832153,81.6461703659751,6373.577566623688,36.53655695915222,0.5,0.005,128,lr_0.005_hc_128
209,4.357049942016602,1.9360041618347168,0.599980890750885,0.9066486954689026,0.9144161939620972,85.52644116245831,78.66603144354455,83.9733206288709,79.1136384010315,81.81985790897632,6408.104235172272,32.7904212474823,0.5,0.005,128,lr_0.005_hc_128
210,4.320420742034912,1.938319444656372,0.6032535433769226,0.8756580352783203,0.9031897783279419,85.4025726536446,79.075750357313,83.92567889471177,77.88459658622742,81.5721496229742,6440.8679831027985,31.036705493927002,0.5,0.005,128,lr_0.005_hc_128
211,4.249342441558838,1.9129252433776855,0.5881773233413696,0.867295503616333,0.8809444308280945,85.85993330157218,79.06622201048118,84.67841829442591,78.73051166534424,82.08377131795588,6473.594486474991,30.997241497039795,0.5,0.005,128,lr_0.005_hc_128
212,4.343245029449463,1.9317909479141235,0.6176297664642334,0.8795818090438843,0.9142423272132874,85.2501191043354,79.27584564078133,84.58313482610768,78.2219409942627,81.83276014137178,6506.277535200119,31.072503328323364,0.5,0.005,128,lr_0.005_hc_128
213,4.306821346282959,1.8927366733551025,0.6236375570297241,0.8862800002098083,0.9041673541069031,84.77370176274417,78.6469747498809,84.27822772748928,80.07451295852661,81.94335429966024,6539.658588409424,31.647207498550415,0.5,0.005,128,lr_0.005_hc_128
214,4.332995414733887,1.9208506345748901,0.6352764368057251,0.883825421333313,0.893042802810669,84.81181515007147,78.79942829919008,84.17341591233921,78.23875546455383,81.50585370653864,6570.723657608032,29.456568002700806,0.5,0.005,128,lr_0.005_hc_128
215,4.357072353363037,1.8953338861465454,0.6406828761100769,0.8599820733070374,0.9610735177993774,84.4783230109576,78.98046688899475,83.14435445450215,79.23874258995056,81.46047173610127,6601.7310218811035,29.229593753814697,0.5,0.005,128,lr_0.005_hc_128
216,4.356403350830078,1.976351261138916,0.639374852180481,0.8407262563705444,0.8999508619308472,84.24011434016198,79.23773225345403,84.14483087184374,79.04757261276245,81.66756251955555,6635.259148359299,31.702193021774292,0.5,0.005,128,lr_0.005_hc_128
217,4.276683807373047,1.9170753955841064,0.625420331954956,0.8343631029129028,0.899824857711792,84.96426869938067,80.00952834683183,84.36398284897571,78.24968695640564,81.89686671289846,6666.728287696838,29.788726806640625,0.5,0.005,128,lr_0.005_hc_128
218,4.29017972946167,1.953734040260315,0.6340174674987793,0.8473921418190002,0.8550364375114441,84.93568365888518,79.9618866126727,84.84992853739877,79.30558919906616,82.2632720020057,6700.964462518692,32.69350814819336,0.5,0.005,128,lr_0.005_hc_128
219,4.319787979125977,1.9441126585006714,0.6255589723587036,0.8777338266372681,0.8723828792572021,85.16436398284898,79.1900905192949,84.24011434016198,78.32554578781128,81.73002865752929,6732.331879854202,29.75985026359558,0.5,0.005,128,lr_0.005_hc_128
220,4.1721343994140625,1.8543879985809326,0.6137490272521973,0.8477325439453125,0.8562650680541992,84.93568365888518,79.2282039066222,84.65936160076227,78.92324924468994,81.9366246027399,6761.973265886307,27.988492488861084,0.5,0.005,128,lr_0.005_hc_128
221,4.242282390594482,1.917939305305481,0.5983735918998718,0.8654584288597107,0.8605111241340637,85.81229156741306,79.78084802286803,84.8213434969033,78.662109375,82.26914811554609,6791.206813573837,27.666727781295776,0.5,0.005,128,lr_0.005_hc_128
222,4.223120212554932,1.8851035833358765,0.5726337432861328,0.8751682043075562,0.8902142643928528,85.73606479275846,79.60933777989518,84.45926631729395,78.15709114074707,81.99044000767366,6818.123085737228,25.246732473373413,0.5,0.005,128,lr_0.005_hc_128
223,4.304108619689941,1.9348348379135132,0.5755492448806763,0.8783726692199707,0.9153516292572021,86.13625535969508,78.96141019533111,84.53549309194854,78.4877598285675,82.03022961888557,6844.62130856514,24.92937159538269,0.5,0.005,128,lr_0.005_hc_128
224,4.273026943206787,1.9119188785552979,0.6024135947227478,0.8695792555809021,0.8891149759292603,85.10719390185803,79.28537398761316,84.15435921867555,78.44865918159485,81.7488965724354,6870.9312608242035,24.777963399887085,0.5,0.005,128,lr_0.005_hc_128
225,4.24105167388916,1.8767870664596558,0.5949826240539551,0.8838170766830444,0.885464608669281,85.27870414483087,78.65650309671271,84.27822772748928,78.75045537948608,81.74097258712975,6897.959135532379,25.48420262336731,0.5,0.005,128,lr_0.005_hc_128
226,4.201636791229248,1.8631501197814941,0.6097832322120667,0.8897212743759155,0.838982105255127,85.54549785612197,78.65650309671271,84.8213434969033,77.58748531341553,81.65270744078838,6924.699244976044,25.160423278808594,0.5,0.005,128,lr_0.005_hc_128
227,4.207637310028076,1.871219277381897,0.6199014186859131,0.8638784289360046,0.8526381254196167,85.11672224868985,79.56169604573606,84.5926631729395,78.9377212524414,82.05220067995171,6951.11123251915,24.706094980239868,0.5,0.005,128,lr_0.005_hc_128
228,4.244912147521973,1.8773374557495117,0.6206375360488892,0.8708099126815796,0.8761271834373474,85.4787994282992,78.80895664602191,84.5926631729395,79.23206686973572,82.02812152924908,6977.557010173798,24.79978370666504,0.5,0.005,128,lr_0.005_hc_128
229,4.181406497955322,1.8906748294830322,0.6064832806587219,0.8314347863197327,0.8528136610984802,85.20247737017628,79.42829919009053,84.79275845640781,77.92681455612183,81.8375873931991,7004.713269472122,25.51177740097046,0.5,0.005,128,lr_0.005_hc_128
230,4.2136759757995605,1.9018703699111938,0.6156238317489624,0.8298171162605286,0.8663647174835205,85.55502620295378,79.52358265840877,84.1638875655074,78.43773365020752,81.92005751926936,7034.106991291046,27.675477266311646,0.5,0.005,128,lr_0.005_hc_128
231,4.222975730895996,1.9123502969741821,0.5930206179618835,0.8305109739303589,0.8870940208435059,86.00285850404956,79.9237732253454,84.67841829442591,78.32554578781128,82.23264895290804,7062.076295137405,26.332072496414185,0.5,0.005,128,lr_0.005_hc_128
232,4.18660306930542,1.8823789358139038,0.6046283841133118,0.8475995659828186,0.851996123790741,85.64078132444021,79.44735588375417,84.52596474511672,78.76649498939514,82.09514923567656,7089.76055932045,26.044482231140137,0.5,0.005,128,lr_0.005_hc_128
233,4.183654308319092,1.820421576499939,0.6248840689659119,0.8379661440849304,0.9003823399543762,85.01191043353978,79.43782753692234,84.31634111481658,77.12069749832153,81.47169414590006,7117.619617462158,26.170700073242188,0.5,0.005,128,lr_0.005_hc_128
234,4.281079292297363,1.929072618484497,0.6375732421875,0.8412984609603882,0.873134970664978,85.15483563601715,79.9237732253454,84.75464506908051,79.3302059173584,82.29086496195038,7145.411381721497,26.152729034423828,0.5,0.005,128,lr_0.005_hc_128
235,4.208685874938965,1.8879438638687134,0.628476083278656,0.8205116391181946,0.8717545866966248,84.77370176274417,79.93330157217723,84.80228680323964,78.81964445114136,82.0822336473256,7172.556819677353,25.55317211151123,0.5,0.005,128,lr_0.005_hc_128
236,4.191114902496338,1.8962215185165405,0.6143796443939209,0.8233448266983032,0.8571691513061523,85.45021438780371,79.80943306336351,84.83087184373511,79.63590621948242,82.43160637859619,7198.804877281189,24.675763845443726,0.5,0.005,128,lr_0.005_hc_128
237,4.151896953582764,1.8561313152313232,0.6073133945465088,0.823962926864624,0.8644893765449524,84.97379704621248,80.16198189614101,84.57360647927584,79.802805185318,82.37804765173684,7225.585939645767,25.240816593170166,0.5,0.005,128,lr_0.005_hc_128
238,4.223341464996338,1.91441810131073,0.6015943884849548,0.8358758687973022,0.8714531064033508,85.45974273463554,80.17151024297284,84.36398284897571,80.4282546043396,82.60587260773092,7251.8252389431,24.661802768707275,0.5,0.005,128,lr_0.005_hc_128
239,4.2779154777526855,1.9095484018325806,0.6060085892677307,0.8709625601768494,0.8913959264755249,85.57408289661743,79.21867555979037,84.72606002858504,79.57374453544617,82.27314075510975,7278.685471534729,25.165101766586304,0.5,0.005,128,lr_0.005_hc_128
240,4.235462188720703,1.9265642166137695,0.6014317274093628,0.853010892868042,0.8544551134109497,85.20247737017628,79.59980943306336,84.53549309194854,77.38226652145386,81.68001160416051,7306.962826967239,26.720367670059204,0.5,0.005,128,lr_0.005_hc_128
241,4.214720726013184,1.8948262929916382,0.5952298641204834,0.8457559943199158,0.8789088726043701,85.4406860409719,79.86660314435446,84.37351119580752,78.92090082168579,82.15042530070492,7333.412633419037,24.774704933166504,0.5,0.005,128,lr_0.005_hc_128
242,4.186197280883789,1.9000129699707031,0.6087035536766052,0.8589078783988953,0.8185727000236511,85.48832777513101,79.3425440686041,85.14530728918533,78.93694639205933,82.22828138124494,7359.7591762542725,24.73099946975708,0.5,0.005,128,lr_0.005_hc_128
243,4.229172706604004,1.9382747411727905,0.6054389476776123,0.8546862602233887,0.8307729959487915,85.56455454978561,79.74273463554073,85.50738446879467,78.53310108184814,82.33694368399229,7386.231651067734,24.915052890777588,0.5,0.005,128,lr_0.005_hc_128
244,4.202925205230713,1.9322237968444824,0.6066431999206543,0.8696006536483765,0.7944574356079102,85.51691281562648,79.01858027632206,85.35493091948547,80.0248384475708,82.47881561475121,7414.332559585571,26.38961434364319,0.5,0.005,128,lr_0.005_hc_128
245,4.144842624664307,1.8656963109970093,0.589816153049469,0.8446199893951416,0.8447101712226868,86.03144354454501,80.0,84.80228680323964,77.93383598327637,82.19189158276525,7441.475099802017,25.483822345733643,0.5,0.005,128,lr_0.005_hc_128
246,4.179946422576904,1.8623239994049072,0.5918805599212646,0.8570592403411865,0.8686828017234802,85.45021438780371,79.55216769890424,84.88804192472607,78.58980298042297,82.12005674796426,7468.030977487564,25.004653692245483,0.5,0.005,128,lr_0.005_hc_128
247,4.246332168579102,1.9167526960372925,0.5871026515960693,0.8614770174026489,0.8810002207756042,85.93616007622677,80.02858504049547,84.39256788947118,79.51860427856445,82.46897932118947,7494.217677116394,24.54685878753662,0.5,0.005,128,lr_0.005_hc_128
248,4.190696716308594,1.9185614585876465,0.5638177394866943,0.8664453029632568,0.8418723940849304,86.66031443544546,79.21867555979037,84.92615531205337,79.1691243648529,82.49356741803552,7520.456702947617,24.669771194458008,0.5,0.005,128,lr_0.005_hc_128
249,4.158656597137451,1.9258205890655518,0.5431538224220276,0.8403010964393616,0.8493813872337341,86.65078608861363,79.83801810385897,85.00238208670797,79.49944734573364,82.74765840622855,7546.9893271923065,24.88494372367859,0.5,0.005,128,lr_0.005_hc_128
250,4.1813273429870605,1.8919488191604614,0.5646705031394958,0.8494206666946411,0.8752873539924622,86.30776560266794,79.68556455454979,84.7070033349214,80.24297952651978,82.73582825466472,7573.7727880477905,25.17663335800171,0.5,0.005,128,lr_0.005_hc_128
251,4.181897163391113,1.952612042427063,0.5779693126678467,0.8350158929824829,0.8162996768951416,85.84087660790853,79.46641257741783,85.05955216769891,78.60974073410034,82.24414552178139,7600.2779285907745,24.892128229141235,0.5,0.005,128,lr_0.005_hc_128
252,4.169159412384033,1.9467438459396362,0.5806542634963989,0.8527820706367493,0.7889792919158936,86.20295378751787,79.86660314435446,85.85040495474036,80.39816617965698,83.07953201656741,7626.3314797878265,24.48909020423889,0.5,0.005,128,lr_0.005_hc_128
253,4.183632850646973,1.900181770324707,0.612760603427887,0.8470916748046875,0.8235986232757568,85.43115769414007,80.27632205812291,85.39304430681277,80.50177097320557,82.90057375807032,7652.572199344635,24.66185188293457,0.5,0.005,128,lr_0.005_hc_128
254,4.091923713684082,1.901942253112793,0.5975711941719055,0.805142879486084,0.7872675657272339,85.45021438780371,80.0762267746546,85.51691281562648,79.47326302528381,82.62915425084215,7678.939038991928,24.800220012664795,0.5,0.005,128,lr_0.005_hc_128
255,4.211394309997559,1.9164485931396484,0.6105445027351379,0.8574434518814087,0.8269578814506531,85.45021438780371,79.85707479752263,85.26917579799904,78.54403257369995,82.28012438925634,7705.719381093979,25.211360692977905,0.5,0.005,128,lr_0.005_hc_128
256,4.199284076690674,1.9176299571990967,0.5989492535591125,0.8560569286346436,0.8266481757164001,85.32634587899,79.63792282039066,84.97379704621248,78.22428345680237,82.04058730059887,7732.040541410446,24.693145275115967,0.5,0.005,128,lr_0.005_hc_128
257,4.241386890411377,1.9184832572937012,0.5970782041549683,0.8559304475784302,0.8698948621749878,85.65030967127203,79.9237732253454,84.64983325393044,78.4822940826416,82.17655255829737,7758.304394006729,24.665386199951172,0.5,0.005,128,lr_0.005_hc_128
258,4.219869613647461,1.935003638267517,0.6051537394523621,0.854131817817688,0.8255807161331177,85.7170080990948,80.02858504049547,85.59313959028108,78.96980047225952,82.57713330053272,7784.710408687592,24.820910215377808,0.5,0.005,128,lr_0.005_hc_128
259,4.152759552001953,1.8398035764694214,0.6013560891151428,0.859933078289032,0.8516665101051331,85.88851834206766,80.0762267746546,84.95474035254882,79.53230142593384,82.61294672380123,7811.132358074188,24.853196382522583,0.5,0.005,128,lr_0.005_hc_128
260,4.196164131164551,1.9114004373550415,0.5892032384872437,0.840388298034668,0.8551719188690186,85.91710338256313,80.13339685564554,84.80228680323964,79.3356716632843,82.54711467618316,7838.276108264923,25.481139183044434,0.5,0.005,128,lr_0.005_hc_128
261,4.094098091125488,1.8405721187591553,0.5765741467475891,0.8245522379875183,0.8523995876312256,86.25059552167698,80.16198189614101,84.64983325393044,77.98230648040771,82.26117928803905,7864.534828901291,24.58284640312195,0.5,0.005,128,lr_0.005_hc_128
262,4.064699172973633,1.861115574836731,0.5838592052459717,0.8238725066184998,0.7958517074584961,86.10767031919961,79.79037636969986,85.23106241067174,79.19296622276306,82.58051883058357,7890.878479003906,24.721147060394287,0.5,0.005,128,lr_0.005_hc_128
263,4.191327095031738,1.9159724712371826,0.6012393832206726,0.8395724296569824,0.8345425724983215,85.26917579799904,79.95235826584087,85.61219628394473,79.708993434906,82.63568094567266,7917.531197071075,25.03290343284607,0.5,0.005,128,lr_0.005_hc_128
264,4.1419806480407715,1.8930771350860596,0.5858650207519531,0.8476143479347229,0.8154242038726807,85.80276322058123,80.04764173415913,85.30728918532634,80.53618669509888,82.9234702087914,7944.038809299469,24.93531084060669,0.5,0.005,128,lr_0.005_hc_128
265,4.198132038116455,1.971755862236023,0.599600076675415,0.8558048605918884,0.7709711194038391,85.69795140543116,79.82848975702716,85.65030967127203,79.14762496948242,82.5810939508032,7970.975861310959,25.379324913024902,0.5,0.005,128,lr_0.005_hc_128
266,4.032573699951172,1.849387526512146,0.5860536098480225,0.8322783708572388,0.7648542523384094,85.7932348737494,79.43782753692234,85.65030967127203,80.17300963401794,82.76359542899043,7999.501837491989,26.87257742881775,0.5,0.005,128,lr_0.005_hc_128
267,4.114369869232178,1.9173285961151123,0.5665568709373474,0.8142234683036804,0.816260814666748,86.0600285850405,79.69509290138161,84.89757027155788,78.26884388923645,82.23038391180411,8025.921321153641,24.840415954589844,0.5,0.005,128,lr_0.005_hc_128
268,4.079638957977295,1.8764978647232056,0.594196617603302,0.7912618517875671,0.8176825046539307,85.77417818008576,80.99094807050977,85.4787994282992,77.93539762496948,82.54483082596606,8052.294313430786,24.786107778549194,0.5,0.005,128,lr_0.005_hc_128
269,4.181858539581299,1.9191036224365234,0.582918643951416,0.824819028377533,0.8550172448158264,85.87898999523583,79.50452596474513,85.10719390185803,78.21803689002991,82.17718668796722,8078.5279541015625,24.578044176101685,0.5,0.005,128,lr_0.005_hc_128
270,4.053308010101318,1.840887188911438,0.5679890513420105,0.8208718299865723,0.8235600590705872,86.36493568365889,79.89518818484993,85.65030967127203,79.36497926712036,82.8188532017253,8105.272180557251,25.1441433429718,0.5,0.005,128,lr_0.005_hc_128
271,4.16178035736084,1.9338713884353638,0.5946182012557983,0.8299597501754761,0.8033310174942017,85.73606479275846,80.00952834683183,85.39304430681277,78.61286401748657,82.4378753659724,8131.725048542023,24.881636142730713,0.5,0.005,128,lr_0.005_hc_128
272,4.122865676879883,1.892113447189331,0.578220546245575,0.8526644110679626,0.7998672127723694,85.97427346355407,79.72367794187709,85.51691281562648,79.16756272315979,82.59560673605436,8158.0304164886475,24.652619123458862,0.5,0.005,128,lr_0.005_hc_128
273,4.128885269165039,1.871729850769043,0.5848347544670105,0.8626912832260132,0.8096295595169067,85.9456884230586,79.56169604573606,86.15531205335874,79.50100898742676,82.79092637739504,8184.2910277843475,24.731887817382812,0.5,0.005,128,lr_0.005_hc_128
274,4.144048690795898,1.9055536985397339,0.5583795309066772,0.8573037981987,0.8228118419647217,86.6793711291091,79.46641257741783,85.42162934730824,80.54398894309998,83.02785049923378,8210.544433832169,24.73675799369812,0.5,0.005,128,lr_0.005_hc_128
275,4.150650978088379,1.9681227207183838,0.5717626810073853,0.8250184059143066,0.7857469916343689,86.29823725583611,79.86660314435446,85.95521676989041,79.10739183425903,82.806862251085,8237.415477275848,25.326663970947266,0.5,0.005,128,lr_0.005_hc_128
276,4.1387200355529785,1.9444295167922974,0.5601084232330322,0.8139586448669434,0.8202235102653503,86.78418294425917,80.04764173415913,85.48832777513101,78.68282794952393,82.75074510076831,8263.66831111908,24.640460729599,0.5,0.005,128,lr_0.005_hc_128
277,4.036258697509766,1.806399941444397,0.5521410703659058,0.8260990977287292,0.8516185283660889,86.53644592663173,79.99047165316817,84.7070033349214,78.34271192550659,82.39415821005697,8289.70865893364,24.44361686706543,0.5,0.005,128,lr_0.005_hc_128
278,4.067254066467285,1.876482367515564,0.5451136231422424,0.803159773349762,0.8424985408782959,86.21248213434968,79.83801810385897,84.44973797046212,78.10819149017334,82.15210742471103,8315.898407697678,24.551766872406006,0.5,0.005,128,lr_0.005_hc_128
279,4.045063495635986,1.8655707836151123,0.5616174340248108,0.8267427086830139,0.7911325097084045,86.20295378751787,79.79037636969986,85.41210100047641,78.57064008712769,82.49401781120545,8342.128160476685,24.624794006347656,0.5,0.005,128,lr_0.005_hc_128
280,4.056290626525879,1.8544580936431885,0.5674563050270081,0.8166593313217163,0.8177168369293213,86.01238685088137,80.0381133873273,85.45974273463554,78.91231775283813,82.60564018142058,8369.05646443367,25.306724786758423,0.5,0.005,128,lr_0.005_hc_128
281,4.06904411315918,1.858525276184082,0.5642459988594055,0.8311096429824829,0.8151630759239197,86.63172939494997,80.3049070986184,85.7932348737494,80.02640008926392,83.18906786414541,8395.520201683044,24.84080481529236,0.5,0.005,128,lr_0.005_hc_128
282,4.070682525634766,1.8845958709716797,0.572425901889801,0.8390122652053833,0.7746484279632568,86.55550262029537,80.0381133873273,85.7551214864221,78.61442565917969,82.74079078830611,8421.693103075027,24.535271406173706,0.5,0.005,128,lr_0.005_hc_128
283,4.134249687194824,1.940494418144226,0.5693526864051819,0.8550321459770203,0.769370436668396,86.4888041924726,79.61886612672701,85.9838018103859,77.48231291770935,82.39344626182373,8447.784476041794,24.443687915802002,0.5,0.005,128,lr_0.005_hc_128
284,4.030202865600586,1.8375204801559448,0.5914950370788574,0.8259963989257812,0.7751910090446472,85.92663172939496,80.18103858980467,86.03144354454501,79.66521382331848,82.95108192176578,8474.159149885178,24.75019860267639,0.5,0.005,128,lr_0.005_hc_128
285,4.150060653686523,1.8939533233642578,0.585747480392456,0.8666676878929138,0.803692102432251,86.0981419723678,79.63792282039066,85.77417818008576,77.59181261062622,82.27551389586762,8501.040272474289,25.218836069107056,0.5,0.005,128,lr_0.005_hc_128
286,4.0468058586120605,1.8626519441604614,0.5853362679481506,0.8104984760284424,0.7883192300796509,85.7551214864221,80.25726536445926,86.24106717484517,79.47170734405518,82.93129034244544,8527.624145746231,25.025206089019775,0.5,0.005,128,lr_0.005_hc_128
287,4.080501556396484,1.8983938694000244,0.5640259385108948,0.8042583465576172,0.8138232827186584,86.4506908051453,80.35254883277752,85.39304430681277,79.7336220741272,82.98247650471569,8553.769890785217,24.482399940490723,0.5,0.005,128,lr_0.005_hc_128
288,4.106139183044434,1.9304659366607666,0.5611481666564941,0.8314052224159241,0.7831199169158936,86.34587898999524,80.08575512148643,86.04097189137686,78.36776971817017,82.71009393025717,8580.419669151306,24.988544702529907,0.5,0.005,128,lr_0.005_hc_128
289,3.938295841217041,1.8295233249664307,0.5589755177497864,0.8043020963668823,0.7454947829246521,86.63172939494997,80.0,86.05050023820867,78.84973287582397,82.88299062724566,8607.378490447998,25.373177766799927,0.5,0.005,128,lr_0.005_hc_128
290,4.089705944061279,1.9308511018753052,0.5628881454467773,0.8074799180030823,0.7884867787361145,86.39352072415436,79.97141495950453,85.61219628394473,80.77149391174316,83.1871564698367,8635.186034440994,26.21410822868347,0.5,0.005,128,lr_0.005_hc_128
291,4.070175647735596,1.9222384691238403,0.542578935623169,0.8170389533042908,0.7883192300796509,86.53644592663173,80.0762267746546,85.63125297760838,79.0870189666748,82.83273616139239,8661.677043914795,24.914361238479614,0.5,0.005,128,lr_0.005_hc_128
292,4.046571731567383,1.8959205150604248,0.5601573586463928,0.8098985552787781,0.7805951833724976,86.74606955693187,80.47641734159123,86.27918056217247,80.38836717605591,83.47250865918787,8688.22284078598,24.98974108695984,0.5,0.005,128,lr_0.005_hc_128
293,4.188896179199219,1.9782682657241821,0.572892427444458,0.8269715309143066,0.8107636570930481,86.35540733682706,79.97141495950453,85.7551214864221,79.42089438438416,82.87570954178446,8714.962198734283,25.1605703830719,0.5,0.005,128,lr_0.005_hc_128
294,4.044641494750977,1.880469560623169,0.5492098331451416,0.8225764036178589,0.7923857569694519,86.63172939494997,80.17151024297284,85.77417818008576,77.64140963554382,82.5547068633881,8741.204327583313,24.684906482696533,0.5,0.005,128,lr_0.005_hc_128
295,4.065464973449707,1.864017367362976,0.5708689093589783,0.8143015503883362,0.8162773847579956,86.80323963792283,80.1143401619819,85.67889471176751,79.35050129890442,82.98674395264416,8768.124047517776,25.36219334602356,0.5,0.005,128,lr_0.005_hc_128
296,4.053413391113281,1.8625264167785645,0.573627769947052,0.8269402980804443,0.7903189659118652,86.36493568365889,79.94282991900906,85.49785612196284,78.48619818687439,82.5729549778763,8794.55107474327,24.824031591415405,0.5,0.005,128,lr_0.005_hc_128
297,3.9846036434173584,1.825421690940857,0.5813726186752319,0.818314254283905,0.7594950199127197,85.85993330157218,79.9618866126727,86.55550262029537,79.56238985061646,82.98492809628918,8820.85195016861,24.72652578353882,0.5,0.005,128,lr_0.005_hc_128
298,4.044081211090088,1.869504451751709,0.5545211434364319,0.8227548599243164,0.7973008155822754,86.42210576464984,79.95235826584087,85.9456884230586,79.93961572647095,83.06494204500507,8847.308933019638,24.854081630706787,0.5,0.005,128,lr_0.005_hc_128
299,4.067940711975098,1.8745771646499634,0.5749978423118591,0.8334514498710632,0.7849143147468567,86.16484040019057,79.99047165316817,85.85040495474036,79.19843196868896,82.80103724419702,8873.433076381683,24.555240631103516,0.5,0.005,128,lr_0.005_hc_128
300,3.996976375579834,1.811651349067688,0.5654109120368958,0.8012099862098694,0.8187040090560913,86.04097189137686,80.20009528346831,84.93568365888518,80.29030561447144,82.86676411205045,8900.314502716064,25.276401042938232,0.5,0.005,128,lr_0.005_hc_128
301,4.029489994049072,1.8794454336166382,0.5692957043647766,0.8286533355712891,0.7520954608917236,86.18389709385421,79.52358265840877,86.0219151977132,79.85049486160278,82.89497245289475,8926.797175884247,24.8571035861969,0.5,0.005,128,lr_0.005_hc_128
302,4.062999725341797,1.9446494579315186,0.5527858138084412,0.7968805432319641,0.768683671951294,86.25059552167698,80.52405907575036,85.9075750357313,80.41654825210571,83.2746944713161,8953.151247501373,24.729464054107666,0.5,0.005,128,lr_0.005_hc_128
303,3.9994845390319824,1.8132027387619019,0.5550856590270996,0.814099133014679,0.8170968294143677,86.28870890900428,79.9237732253454,86.00285850404956,79.62689399719238,82.96055865889791,8979.99867773056,25.22126054763794,0.5,0.005,128,lr_0.005_hc_128
304,3.9956138134002686,1.8444324731826782,0.5434185266494751,0.8085304498672485,0.7992323040962219,86.32682229633158,79.97141495950453,85.51691281562648,78.65742444992065,82.61814363034581,9006.263738155365,24.641183376312256,0.5,0.005,128,lr_0.005_hc_128
305,3.9585087299346924,1.8450672626495361,0.5519196391105652,0.803515613079071,0.7580061554908752,86.55550262029537,79.81896141019533,86.26012386850881,79.22972440719604,82.9660780765489,9033.08333492279,25.26641082763672,0.5,0.005,128,lr_0.005_hc_128
306,4.029973983764648,1.8411839008331299,0.5383647680282593,0.8445406556129456,0.8058846592903137,86.84135302525013,79.43782753692234,85.52644116245831,78.3423662185669,82.53699698579942,9059.391840219498,24.68188190460205,0.5,0.005,128,lr_0.005_hc_128
307,3.950728416442871,1.8006643056869507,0.5681796073913574,0.8257266879081726,0.7561577558517456,86.10767031919961,79.29490233444497,86.16484040019057,79.39271926879883,82.74003308065849,9086.108447551727,25.117112159729004,0.5,0.005,128,lr_0.005_hc_128
308,3.993040084838867,1.8509130477905273,0.576060950756073,0.8037353157997131,0.7623308897018433,86.84135302525013,80.68604097189139,85.69795140543116,79.88959550857544,83.27873522778702,9112.041455745697,24.382847785949707,0.5,0.005,128,lr_0.005_hc_128
309,3.9716644287109375,1.8566349744796753,0.5557893514633179,0.8158764243125916,0.743363618850708,86.51738923296807,80.37160552644116,86.4888041924726,78.78330945968628,83.04027710289203,9138.271933078766,24.623971939086914,0.5,0.005,128,lr_0.005_hc_128
310,4.034100532531738,1.9237360954284668,0.5534425973892212,0.7988606691360474,0.7580615878105164,86.35540733682706,79.9618866126727,86.35540733682706,79.45020198822021,83.03072581863677,9165.309039115906,25.412652492523193,0.5,0.005,128,lr_0.005_hc_128
311,3.9532415866851807,1.83890700340271,0.5542759299278259,0.8029809594154358,0.757077693939209,86.78418294425917,80.76226774654597,86.40304907098619,80.35672307014465,83.57655570798399,9191.456772565842,24.518219232559204,0.5,0.005,128,lr_0.005_hc_128
312,3.9451611042022705,1.8151286840438843,0.5416454076766968,0.7917125821113586,0.7966745495796204,86.90805145307289,80.51453072891853,85.53596950929013,78.80750894546509,82.94151515918666,9218.001330375671,24.846755743026733,0.5,0.005,128,lr_0.005_hc_128
313,3.9655227661132812,1.8376638889312744,0.5546259880065918,0.7912594079971313,0.7819733619689941,86.76512625059553,80.94330633635064,86.10767031919961,79.3356716632843,83.28794364235752,9244.612447023392,24.990646839141846,0.5,0.005,128,lr_0.005_hc_128
314,3.930108070373535,1.8113456964492798,0.5542900562286377,0.7956483364105225,0.7688237428665161,86.44116245831349,80.40019056693663,86.20295378751787,78.23875546455383,82.82076556933046,9271.153063774109,24.959851264953613,0.5,0.005,128,lr_0.005_hc_128
315,3.957941770553589,1.860102653503418,0.5273944735527039,0.7985982894897461,0.7718462944030762,87.01286326822296,80.43830395426393,86.26965221534064,79.96935248374939,83.42254298039423,9298.067222118378,25.373831272125244,0.5,0.005,128,lr_0.005_hc_128
316,3.9826691150665283,1.879759669303894,0.5366250276565552,0.813957929611206,0.7523264288902283,86.68889947594093,80.49547403525489,86.21248213434968,78.69964838027954,83.02412600645626,9324.168436050415,24.488250255584717,0.5,0.005,128,lr_0.005_hc_128
317,3.8616998195648193,1.8168129920959473,0.5187897086143494,0.7890641689300537,0.737032949924469,87.4892806098142,80.87660790852787,86.20295378751787,80.50723671913147,83.76901975624786,9350.517930984497,24.706181049346924,0.5,0.005,128,lr_0.005_hc_128
318,3.9097135066986084,1.7506184577941895,0.5433439016342163,0.8264050483703613,0.789345920085907,86.99380657455931,80.09528346831824,85.66936636493568,78.0135989189148,82.69301383168201,9376.595176696777,24.396547555923462,0.5,0.005,128,lr_0.005_hc_128
319,3.840750217437744,1.7393977642059326,0.5409904718399048,0.7995297908782959,0.7608321309089661,86.73654121010004,80.32396379228204,86.07908527870414,80.0455629825592,83.29628831591135,9403.536432266235,25.322911500930786,0.5,0.005,128,lr_0.005_hc_128
320,3.9252471923828125,1.8399888277053833,0.533933699131012,0.8082594871520996,0.7430652379989624,86.85088137208194,80.74321105288233,86.80323963792283,78.44007611274719,83.20935204390858,9430.375008583069,25.26097059249878,0.5,0.005,128,lr_0.005_hc_128
321,3.8121838569641113,1.7119474411010742,0.5484665036201477,0.8145070672035217,0.7372629046440125,86.57455931395903,80.6955693187232,86.26012386850881,79.7031044960022,83.3083392492983,9456.560100317001,24.54506254196167,0.5,0.005,128,lr_0.005_hc_128
322,3.8740625381469727,1.81289803981781,0.5446369647979736,0.7821394801139832,0.734387993812561,86.87946641257741,80.79085278704144,86.6031443544545,79.89583015441895,83.54232342712308,9483.490560770035,25.307918548583984,0.5,0.005,128,lr_0.005_hc_128
323,3.830937623977661,1.7949424982070923,0.539101779460907,0.7861092686653137,0.7107842564582825,86.86993806574559,80.7336827060505,86.5269175797999,79.67813014984131,83.45216712535932,9509.624038934708,24.596410751342773,0.5,0.005,128,lr_0.005_hc_128
324,3.92195200920105,1.8136142492294312,0.5544227361679077,0.8014627695083618,0.7524521350860596,86.5650309671272,80.24773701762744,86.6412577417818,79.11597490310669,83.14250015741078,9535.862578630447,24.65163826942444,0.5,0.005,128,lr_0.005_hc_128
325,3.814822196960449,1.6959450244903564,0.5438929200172424,0.815813422203064,0.7591711282730103,86.98427822772749,80.05717008099094,86.26965221534064,79.42436933517456,83.18386746480842,9563.52740907669,26.056321144104004,0.5,0.005,128,lr_0.005_hc_128
326,3.8202247619628906,1.7590773105621338,0.5472371578216553,0.7759366631507874,0.737973690032959,86.92710814673654,80.64792758456409,86.69842782277274,80.44428825378418,83.67943795196439,9589.816585540771,24.77604103088379,0.5,0.005,128,lr_0.005_hc_128
327,3.829610824584961,1.760159969329834,0.5454543232917786,0.7762067317962646,0.7477899789810181,86.86040971891377,80.81943782753692,86.61267270128633,78.75357866287231,83.26152472765233,9616.997724294662,25.563705921173096,0.5,0.005,128,lr_0.005_hc_128
328,3.83160400390625,1.7563265562057495,0.5347105264663696,0.8022976517677307,0.7382692098617554,87.13673177703669,80.68604097189139,87.07003334921392,79.8235297203064,83.67908395461208,9643.637710571289,24.9777615070343,0.5,0.005,128,lr_0.005_hc_128
329,3.763293981552124,1.7634623050689697,0.5301846861839294,0.7588328123092651,0.7108141779899597,87.07003334921392,80.924249642687,87.00333492139114,79.0010154247284,83.49965833450511,9669.926537752151,24.672099828720093,0.5,0.005,128,lr_0.005_hc_128
330,3.824815511703491,1.7294358015060425,0.5401945114135742,0.7785969376564026,0.7765882611274719,86.80323963792283,81.01000476417342,86.18389709385421,79.23284769058228,83.30749729663319,9696.90370965004,25.312400102615356,0.5,0.005,128,lr_0.005_hc_128
331,3.8100690841674805,1.7949256896972656,0.5333408117294312,0.763856828212738,0.7179456353187561,87.00333492139114,81.04811815150072,86.68889947594093,80.01114130020142,83.68787346225855,9723.078322172165,24.506347179412842,0.5,0.005,128,lr_0.005_hc_128
332,3.743147373199463,1.678857445716858,0.5464022159576416,0.7676585912704468,0.7502288222312927,86.74606955693187,80.72415435921869,86.412577417818,79.27507162094116,83.28946823872742,9749.509053707123,24.766680240631104,0.5,0.005,128,lr_0.005_hc_128
333,3.8706064224243164,1.7795335054397583,0.5450575351715088,0.7897464036941528,0.7562689185142517,86.93663649356836,81.06717484516437,87.2987136731777,79.06317710876465,83.59142553016878,9776.674313545227,25.48810601234436,0.5,0.005,128,lr_0.005_hc_128
334,3.7715811729431152,1.7451610565185547,0.5163820385932922,0.7818136811256409,0.7282246351242065,87.51786565030967,80.54311576941402,86.76512625059553,79.30047512054443,83.5316456977159,9802.97115445137,24.651320457458496,0.5,0.005,128,lr_0.005_hc_128
335,3.758256673812866,1.7341276407241821,0.5346128940582275,0.7854918837547302,0.7040241360664368,87.6417341591234,81.03858980466889,86.98427822772749,80.08735775947571,83.93798998774888,9829.734833478928,25.173355102539062,0.5,0.005,128,lr_0.005_hc_128
336,3.83695125579834,1.7607507705688477,0.5290310978889465,0.8176026940345764,0.7295669317245483,87.34635540733683,80.28585040495474,86.93663649356836,79.07609939575195,83.41123542540298,9856.29521369934,24.928476095199585,0.5,0.005,128,lr_0.005_hc_128
337,3.8338470458984375,1.7491610050201416,0.5525404810905457,0.8095975518226624,0.7225480079650879,86.82229633158647,80.2286803239638,86.94616484040019,79.54167127609253,83.38470319301075,9882.541165351868,24.6592276096344,0.5,0.005,128,lr_0.005_hc_128
338,3.8107337951660156,1.7368041276931763,0.5444794297218323,0.7944811582565308,0.7349691987037659,86.91757979990471,80.87660790852787,86.66031443544546,79.76682782173157,83.5553324914024,9908.898890256882,24.747450351715088,0.5,0.005,128,lr_0.005_hc_128
339,3.795708417892456,1.7101725339889526,0.5469821691513062,0.8020082116127014,0.7365455627441406,86.76512625059553,80.49547403525489,86.46974749880896,81.8906843662262,83.9052580377214,9935.400622844696,24.959309816360474,0.5,0.005,128,lr_0.005_hc_128
340,3.7762410640716553,1.7571977376937866,0.5555108785629272,0.7775373458862305,0.6859951019287109,86.72701286326823,81.02906145783707,87.10814673654122,79.31963205337524,83.54596327775543,9962.058382511139,25.136982679367065,0.5,0.005,128,lr_0.005_hc_128
341,3.735037088394165,1.7143123149871826,0.5464813709259033,0.782628059387207,0.6916153430938721,87.26060028585042,81.14340161981897,87.39399714149594,78.82631421089172,83.65607831451426,9988.18194770813,24.53156876564026,0.5,0.005,128,lr_0.005_hc_128
342,3.7539501190185547,1.7098873853683472,0.5536911487579346,0.7839060425758362,0.7064657211303711,86.82229633158647,81.06717484516437,87.05097665555026,79.30359840393066,83.56101155905795,10014.26089167595,24.480909824371338,0.5,0.005,128,lr_0.005_hc_128
343,3.7494707107543945,1.7537333965301514,0.54408860206604,0.758504331111908,0.6931444406509399,86.85088137208194,81.44830871843736,86.98427822772749,78.4361720085144,83.4299100816903,10040.17203092575,24.3505642414093,0.5,0.005,128,lr_0.005_hc_128
344,3.7569591999053955,1.7394071817398071,0.540645956993103,0.7852118611335754,0.6916942596435547,87.5273939971415,80.75273939971414,87.24154359218676,80.09324669837952,83.90373092185548,10066.518235445023,24.84095335006714,0.5,0.005,128,lr_0.005_hc_128
345,3.7536733150482178,1.7441495656967163,0.5251850485801697,0.793152391910553,0.6911864876747131,87.35588375416864,80.6193425440686,87.43211052882324,80.28208017349243,83.92235425013823,10093.129744768143,25.12595844268799,0.5,0.005,128,lr_0.005_hc_128
346,3.7419345378875732,1.7258089780807495,0.5330870747566223,0.7915651798248291,0.6914733052253723,87.53692234397332,80.7717960933778,87.6798475464507,80.45287132263184,84.1103593266084,10119.223411083221,24.534491777420044,0.5,0.005,128,lr_0.005_hc_128
347,3.791506290435791,1.721522331237793,0.553825318813324,0.8150873184204102,0.7010712027549744,87.26060028585042,80.57170080990949,87.19390185802763,80.22772073745728,83.8134809228112,10145.411437273026,24.573315620422363,0.5,0.005,128,lr_0.005_hc_128
348,3.766111373901367,1.7688616514205933,0.5341206192970276,0.7587315440177917,0.7043974995613098,87.05097665555026,81.19104335397809,86.87946641257741,79.18282151222229,83.57607698358201,10171.536897182465,24.54195213317871,0.5,0.005,128,lr_0.005_hc_128
349,3.7999279499053955,1.7352570295333862,0.549371063709259,0.7814667820930481,0.7338331341743469,87.5273939971415,81.28632682229633,86.79371129109099,79.708993434906,83.8291063863587,10197.493310451508,24.355148553848267,0.5,0.005,128,lr_0.005_hc_128
350,3.7834556102752686,1.773808240890503,0.5290800333023071,0.7850211262702942,0.6955462098121643,87.20343020485946,80.89566460219152,87.68937589328252,80.05571365356445,83.96104608847448,10224.265248537064,25.246776819229126,0.5,0.005,128,lr_0.005_hc_128
351,3.8186521530151367,1.7792068719863892,0.5508600473403931,0.7451692223548889,0.7434160113334656,86.93663649356836,81.48642210576465,86.77465459742734,80.17457127571106,83.84307111811786,10250.22545337677,24.429866790771484,0.5,0.005,128,lr_0.005_hc_128
352,3.7267091274261475,1.7205092906951904,0.532102644443512,0.7583195567131042,0.715777575969696,87.5273939971415,81.57217722725107,86.86040971891377,78.99008989334106,83.73751770916185,10276.107375144958,24.268303871154785,0.5,0.005,128,lr_0.005_hc_128
353,3.7328343391418457,1.708530306816101,0.5367625951766968,0.7723860144615173,0.715155303478241,87.23201524535493,81.02906145783707,87.09861838970939,80.71479201316833,84.01862177651743,10302.775534629822,25.14189863204956,0.5,0.005,128,lr_0.005_hc_128
354,3.748466968536377,1.7331115007400513,0.5366483330726624,0.7674957513809204,0.7112111449241638,87.36541210100047,81.18151500714626,87.07956169604574,81.32072687149048,84.23680391892074,10329.16787481308,24.826815843582153,0.5,0.005,128,lr_0.005_hc_128
355,3.7787704467773438,1.7517657279968262,0.5391817688941956,0.7633369565010071,0.7244861721992493,87.09861838970939,81.28632682229633,86.76512625059553,80.2101194858551,83.84004773711409,10355.949835300446,25.265671014785767,0.5,0.005,128,lr_0.005_hc_128
356,3.7474594116210938,1.728657603263855,0.5454583764076233,0.7597430944442749,0.7136000990867615,86.90805145307289,81.4292520247737,87.12720343020486,81.09946846961975,84.1409938444178,10381.945613145828,24.425393104553223,0.5,0.005,128,lr_0.005_hc_128
357,3.7223896980285645,1.708242416381836,0.5388352870941162,0.7666928172111511,0.7086191177368164,86.88899475940924,81.21962839447356,86.97474988089566,80.27228116989136,83.83891355116747,10408.441461801529,24.942065238952637,0.5,0.005,128,lr_0.005_hc_128
358,3.8212385177612305,1.8017138242721558,0.5523207783699036,0.7765236496925354,0.6906801462173462,87.10814673654122,81.2386850881372,87.66079085278704,78.80282402038574,83.7026116744628,10435.068084955215,25.070194959640503,0.5,0.005,128,lr_0.005_hc_128
359,3.7690796852111816,1.7420614957809448,0.5432240962982178,0.8066394925117493,0.6771546602249146,87.10814673654122,81.13387327298713,87.4892806098142,79.9880862236023,83.92984671073621,10460.982412338257,24.42908501625061,0.5,0.005,128,lr_0.005_hc_128
360,3.742781162261963,1.6983240842819214,0.5401296615600586,0.7912160158157349,0.7131114602088928,87.26060028585042,81.02906145783707,87.46069556931873,80.38759231567383,84.03448740717,10487.577253818512,25.022088766098022,0.5,0.005,128,lr_0.005_hc_128
361,3.758481502532959,1.7598479986190796,0.5285836458206177,0.795579195022583,0.6744705438613892,87.30824202000953,80.79085278704144,87.24154359218676,81.93056583404541,84.31780105832078,10513.519366979599,24.446939706802368,0.5,0.005,128,lr_0.005_hc_128
362,3.7298336029052734,1.7500741481781006,0.532289445400238,0.7972985506057739,0.6501712799072266,87.17484516436397,80.70509766555503,87.57503573130062,79.30004596710205,83.68875613208043,10539.430339574814,24.403295516967773,0.5,0.005,128,lr_0.005_hc_128
363,3.73268723487854,1.7319313287734985,0.5441635251045227,0.7732672095298767,0.6833251118659973,87.01286326822296,81.41019533111006,87.67031919961886,81.5365195274353,84.4074743315968,10565.57206583023,24.568691730499268,0.5,0.005,128,lr_0.005_hc_128
364,3.750129461288452,1.7450591325759888,0.5293008685112,0.7775593400001526,0.6982101798057556,87.57503573130062,81.08623153882802,87.09861838970939,79.16210293769836,83.73049714938409,10591.770827770233,24.615678787231445,0.5,0.005,128,lr_0.005_hc_128
365,3.767791509628296,1.7298152446746826,0.5363540053367615,0.7691104412078857,0.7325118184089661,87.31777036684136,81.26727012863269,86.74606955693187,78.749680519104,83.52019764287748,10618.688586235046,25.342806339263916,0.5,0.005,128,lr_0.005_hc_128
366,3.754631519317627,1.719003438949585,0.5316834449768066,0.7828196287155151,0.7211251258850098,87.21295855169127,81.13387327298713,87.16531681753216,80.19607067108154,83.92705482832302,10644.80060839653,24.491021156311035,0.5,0.005,128,lr_0.005_hc_128
367,3.785623550415039,1.7561291456222534,0.5270717144012451,0.7725948095321655,0.7298278212547302,87.4130538351596,81.04811815150072,87.16531681753216,79.62533235549927,83.81295528992293,10671.719567537308,25.33228898048401,0.5,0.005,128,lr_0.005_hc_128
368,3.7509260177612305,1.728157639503479,0.5277905464172363,0.7650645971298218,0.7299133539199829,87.35588375416864,81.467365412101,86.43163411148166,80.81449270248413,84.01734399505885,10697.75038599968,24.560431718826294,0.5,0.005,128,lr_0.005_hc_128
369,3.684570789337158,1.6649171113967896,0.5267246961593628,0.7764255404472351,0.7165035009384155,87.82277274892806,81.41972367794187,87.02239161505479,80.4227888584137,84.17191922508461,10724.030493021011,24.770211935043335,0.5,0.005,128,lr_0.005_hc_128
370,3.709181785583496,1.729600191116333,0.5183584094047546,0.7485001087188721,0.7127229571342468,87.68937589328252,81.61029061457837,86.89852310624107,80.29378056526184,84.12299254484094,10750.71634054184,25.183265447616577,0.5,0.005,128,lr_0.005_hc_128
371,3.80544376373291,1.7458274364471436,0.505748987197876,0.781798779964447,0.7720685601234436,87.87041448308719,81.32444020962363,86.32682229633158,79.5134961605072,83.7587932873874,10778.162322998047,25.882768154144287,0.5,0.005,128,lr_0.005_hc_128
372,3.708765983581543,1.6817681789398193,0.5136486291885376,0.7508450746536255,0.762503981590271,87.87994282991902,81.51500714626012,86.59361600762267,79.60929870605469,83.89946617246413,10804.01213812828,24.309845685958862,0.5,0.005,128,lr_0.005_hc_128
373,3.7852444648742676,1.8091669082641602,0.5203593969345093,0.753921389579773,0.7017964124679565,87.39399714149594,81.04811815150072,87.24154359218676,78.83880138397217,83.6306150672889,10829.911366224289,24.332331895828247,0.5,0.005,128,lr_0.005_hc_128
374,3.735539674758911,1.7546838521957397,0.5211549401283264,0.7785806655883789,0.6811201572418213,87.40352548832777,81.37208194378276,87.42258218199143,80.83599805831909,84.25854691810525,10856.173401594162,24.647627115249634,0.5,0.005,128,lr_0.005_hc_128
375,3.731346607208252,1.7541955709457397,0.5504608750343323,0.7618411779403687,0.6648488640785217,86.97474988089566,81.16245831348262,87.34635540733683,78.6882996559143,83.54296581440735,10882.915425539017,25.11706829071045,0.5,0.005,128,lr_0.005_hc_128
376,3.7554800510406494,1.7644779682159424,0.5465443730354309,0.760028600692749,0.6844291090965271,87.5655073844688,81.29585516912816,87.63220581229156,78.99286150932312,83.8716074688029,10909.32551074028,24.88315987586975,0.5,0.005,128,lr_0.005_hc_128
377,3.7191169261932373,1.697190523147583,0.5443300604820251,0.7764087915420532,0.7011873722076416,87.22248689852312,81.10528823249167,87.69890424011435,81.13423585891724,84.2902288075116,10935.218440771103,24.28323483467102,0.5,0.005,128,lr_0.005_hc_128
378,3.794484853744507,1.7698915004730225,0.5340811610221863,0.7718248963356018,0.7186872959136963,87.11767508337303,81.18151500714626,87.11767508337303,80.80278635025024,84.05491288103565,10961.121595144272,24.387343406677246,0.5,0.005,128,lr_0.005_hc_128
379,3.6503493785858154,1.6854891777038574,0.5386722683906555,0.7361747622489929,0.6900131106376648,87.02239161505479,81.63887565507383,86.95569318723201,78.4955620765686,83.5281306334823,10987.201274871826,24.5326144695282,0.5,0.005,128,lr_0.005_hc_128
380,3.766893148422241,1.7609087228775024,0.5441769361495972,0.7737779021263123,0.6880295276641846,87.02239161505479,81.21962839447356,87.54645069080514,79.29422855377197,83.77067481352637,11013.788949251175,25.02507448196411,0.5,0.005,128,lr_0.005_hc_128
381,3.7288315296173096,1.7313146591186523,0.5585403442382812,0.7603651285171509,0.6786115765571594,87.47975226298237,81.18151500714626,87.73701762744165,79.1730284690857,83.892828341664,11040.107753038406,24.813955068588257,0.5,0.005,128,lr_0.005_hc_128
382,3.714932918548584,1.731853723526001,0.5403897762298584,0.753601610660553,0.6890879273414612,87.23201524535493,81.45783706526917,87.54645069080514,81.83711171150208,84.51835367823284,11066.220808267593,24.53610849380493,0.5,0.005,128,lr_0.005_hc_128
383,3.75749135017395,1.7348413467407227,0.5316508412361145,0.768500030040741,0.7224991917610168,87.62267746545974,81.09575988565983,87.42258218199143,80.16789555549622,84.0772287721518,11092.01214146614,24.30864977836609,0.5,0.005,128,lr_0.005_hc_128
384,3.735335350036621,1.781005859375,0.5225846171379089,0.7528749704360962,0.6788696050643921,87.55597903763697,81.38161029061457,87.80371605526442,79.50100898742676,84.06057859273568,11118.072393894196,24.513843774795532,0.5,0.005,128,lr_0.005_hc_128
385,3.7071354389190674,1.7634557485580444,0.5166741609573364,0.7494706511497498,0.6775348782539368,87.54645069080514,81.26727012863269,87.6036207717961,79.17068600654602,83.89700689944499,11144.578177213669,24.942622184753418,0.5,0.005,128,lr_0.005_hc_128
386,3.712473154067993,1.7319670915603638,0.5129273533821106,0.7669821977615356,0.7005965113639832,87.21295855169127,81.09575988565983,87.5273939971415,81.5306305885315,84.34168575575602,11170.600547075272,24.511296272277832,0.5,0.005,128,lr_0.005_hc_128
387,3.7205541133880615,1.7233939170837402,0.5175559520721436,0.7747552394866943,0.7048490047454834,87.73701762744165,81.07670319199619,87.24154359218676,80.26759624481201,84.08071516410915,11196.648539543152,24.522908687591553,0.5,0.005,128,lr_0.005_hc_128
388,3.7487599849700928,1.7507418394088745,0.5201628804206848,0.747232973575592,0.7306223511695862,87.72748928060982,81.5054787994283,87.336827060505,79.7566831111908,84.08161956293347,11222.679506063461,24.519794702529907,0.5,0.005,128,lr_0.005_hc_128
389,3.6911206245422363,1.7170547246932983,0.5078302025794983,0.7696786522865295,0.6965571045875549,87.63220581229156,81.66746069556932,87.4130538351596,80.1948606967926,84.22689525995327,11248.604441165924,24.364396810531616,0.5,0.005,128,lr_0.005_hc_128
390,3.7536604404449463,1.7931312322616577,0.5157914757728577,0.7639846801757812,0.6807529330253601,87.97522629823725,81.4292520247737,87.24154359218676,80.06316423416138,84.17729653733977,11275.432424783707,25.23636531829834,0.5,0.005,128,lr_0.005_hc_128
391,3.7660305500030518,1.7059191465377808,0.5300396680831909,0.769065260887146,0.7610065340995789,87.55597903763697,81.37208194378276,87.24154359218676,80.5318534374237,84.17536450275755,11301.43009185791,24.48587417602539,0.5,0.005,128,lr_0.005_hc_128
392,3.728281259536743,1.7667168378829956,0.5195024013519287,0.7706454992294312,0.6714164614677429,87.30824202000953,81.41019533111006,87.73701762744165,79.45020198822021,83.97641424169537,11327.786328554153,24.808947801589966,0.5,0.005,128,lr_0.005_hc_128
393,3.726611614227295,1.7433886528015137,0.5078076124191284,0.7894666790962219,0.6859485507011414,87.61314911862792,80.7336827060505,87.90852787041449,81.21946454048157,84.36870605889362,11353.521215200424,24.23605704307556,0.5,0.005,128,lr_0.005_hc_128
394,3.7825164794921875,1.8246302604675293,0.505817711353302,0.7639479637145996,0.6881205439567566,88.05145307289185,81.45783706526917,87.76560266793712,80.90752363204956,84.54560410953692,11379.330046415329,24.27125382423401,0.5,0.005,128,lr_0.005_hc_128
395,3.674543857574463,1.737705111503601,0.5211539268493652,0.7444103956222534,0.6712741851806641,87.55597903763697,81.71510242972843,87.55597903763697,81.25388026237488,84.52023519184431,11406.03223657608,25.09342074394226,0.5,0.005,128,lr_0.005_hc_128
396,3.7078444957733154,1.7250169515609741,0.5174981951713562,0.7481865882873535,0.7171427607536316,87.75607432110529,81.52453549309195,87.18437351119582,81.09904527664185,84.39100715050873,11432.066197633743,24.53139352798462,0.5,0.005,128,lr_0.005_hc_128
397,3.7365787029266357,1.7741607427597046,0.5239114761352539,0.7415524125099182,0.6969540119171143,87.53692234397332,81.8199142448785,87.72748928060982,80.25468587875366,84.33475293705382,11458.734888076782,25.127505779266357,0.5,0.005,128,lr_0.005_hc_128
398,3.730626344680786,1.7557885646820068,0.5109992623329163,0.7566456198692322,0.7071928381919861,87.80371605526442,81.61981896141019,87.31777036684136,79.7644853591919,84.12644768567696,11484.685095071793,24.353891611099243,0.5,0.005,128,lr_0.005_hc_128
399,3.6982569694519043,1.7529603242874146,0.5212802886962891,0.7404711842536926,0.6835452318191528,87.89899952358266,81.70557408289662,87.70843258694616,79.94117736816406,84.31354589039736,11511.158707857132,24.985903024673462,0.5,0.005,128,lr_0.005_hc_128
400,3.715640068054199,1.746271014213562,0.5364405512809753,0.731958270072937,0.7009702324867249,87.32729871367317,82.10576464983326,87.4511672224869,81.9958508014679,84.72002034686531,11537.86877822876,25.109899044036865,0.5,0.005,128,lr_0.005_hc_128
