epochs,losses,accuracies,cumulative_time_seconds,epoch_time_seconds
1,19.551437377929688,,0.03671860694885254,0.03671860694885254
2,17.38829803466797,,0.05936551094055176,0.01688528060913086
3,16.10555648803711,,0.08014488220214844,0.017701148986816406
4,15.42448902130127,,0.09932899475097656,0.01717829704284668
5,14.881584167480469,,0.11904788017272949,0.016022205352783203
6,14.603652954101562,,0.1398015022277832,0.017775535583496094
7,14.359745025634766,,0.1595311164855957,0.0197296142578125
8,14.193511962890625,,0.17993497848510742,0.017368078231811523
9,14.042149543762207,,0.20035982131958008,0.017853260040283203
10,13.906042098999023,,0.21923255920410156,0.01669144630432129
11,13.883333206176758,,0.23992562294006348,0.017620325088500977
12,13.668316841125488,,0.2658815383911133,0.023949861526489258
13,13.55871868133545,,0.28504300117492676,0.017408370971679688
14,13.446321487426758,,0.3036003112792969,0.016520023345947266
15,13.42081356048584,,0.32324934005737305,0.016870737075805664
16,13.354791641235352,,0.3440687656402588,0.018140077590942383
17,13.298005104064941,,0.363584041595459,0.01656055450439453
18,13.209747314453125,,0.38860535621643066,0.021408796310424805
19,13.162755966186523,,0.4057321548461914,0.016127586364746094
20,13.083189010620117,,0.4259297847747803,0.01819467544555664
21,12.941200256347656,,0.4463789463043213,0.020449161529541016
22,12.90028190612793,,0.4649693965911865,0.016082048416137695
23,12.897149085998535,,0.4838876724243164,0.016408205032348633
24,12.809715270996094,,0.5006911754608154,0.015302658081054688
25,12.697813034057617,,0.5195910930633545,0.01590275764465332
26,12.725919723510742,,0.5368404388427734,0.016249895095825195
27,12.674432754516602,,0.5548250675201416,0.015985965728759766
28,12.560358047485352,,0.5721855163574219,0.015357017517089844
29,12.526168823242188,,0.5899968147277832,0.015310049057006836
30,12.382660865783691,,0.6115319728851318,0.019538164138793945
31,12.471390724182129,,0.6283652782440186,0.01483607292175293
32,12.425453186035156,,0.646766185760498,0.015110015869140625
33,12.429149627685547,,0.6650457382202148,0.01577448844909668
34,12.419830322265625,,0.6826198101043701,0.01553654670715332
35,12.344620704650879,,0.7046825885772705,0.02038264274597168
36,12.34406852722168,,0.7229907512664795,0.016304731369018555
37,12.2733736038208,,0.7450451850891113,0.02105569839477539
38,12.274181365966797,,0.7615160942077637,0.015466928482055664
39,12.23598861694336,,0.7800197601318359,0.016505718231201172
40,12.175745010375977,,0.796964168548584,0.015944957733154297
41,12.165227890014648,,0.8160531520843506,0.016091346740722656
42,12.132122039794922,,0.8327362537384033,0.015467166900634766
43,12.207242965698242,,0.8509767055511475,0.015768051147460938
44,12.103081703186035,,0.8681690692901611,0.01511836051940918
45,12.070769309997559,,0.8866543769836426,0.015488386154174805
46,12.126307487487793,,0.9076545238494873,0.019002676010131836
47,12.066581726074219,,0.9294826984405518,0.0208282470703125
48,12.052538871765137,,0.9472465515136719,0.01576685905456543
49,12.00280475616455,,0.9665498733520508,0.017801761627197266
50,12.057401657104492,,0.9839372634887695,0.015384912490844727
51,12.012882232666016,,1.0051169395446777,0.018708229064941406
52,12.021142959594727,,1.0225391387939453,0.015413761138916016
53,11.976509094238281,,1.0415434837341309,0.017170429229736328
54,11.946340560913086,,1.059204339981079,0.01566338539123535
55,11.946159362792969,,1.0766663551330566,0.015370845794677734
56,11.9572172164917,,1.094012975692749,0.01534891128540039
57,11.919851303100586,,1.1121115684509277,0.0155029296875
58,11.920528411865234,,1.1293423175811768,0.015233516693115234
59,11.902933120727539,,1.1471707820892334,0.015830278396606445
60,11.870548248291016,,1.1649506092071533,0.015426158905029297
61,11.900552749633789,,1.1830098628997803,0.01602339744567871
62,11.870906829833984,,1.2000477313995361,0.01606440544128418
63,11.896388053894043,,1.218937873840332,0.015886783599853516
64,11.823022842407227,,1.2385046482086182,0.01750922203063965
65,11.856475830078125,,1.256316900253296,0.015815258026123047
66,11.855379104614258,,1.2775347232818604,0.020216703414916992
67,11.837189674377441,,1.2949388027191162,0.015407085418701172
68,11.834512710571289,,1.3134589195251465,0.016511917114257812
69,11.816683769226074,,1.3361616134643555,0.021199941635131836
70,11.847521781921387,,1.3528900146484375,0.015723705291748047
71,11.833843231201172,,1.3701329231262207,0.015245914459228516
72,11.836960792541504,,1.387709140777588,0.015578746795654297
73,11.80855941772461,,1.405663013458252,0.01595592498779297
74,11.780235290527344,,1.422283411026001,0.014753103256225586
75,11.802651405334473,,1.4399514198303223,0.015193462371826172
76,11.751957893371582,,1.45709228515625,0.015143632888793945
77,11.747162818908691,,1.4751124382019043,0.016050338745117188
78,11.799131393432617,,1.4928467273712158,0.015726804733276367
79,11.709842681884766,,1.5112125873565674,0.01636791229248047
80,11.783079147338867,,1.5287446975708008,0.015534162521362305
81,11.73066234588623,,1.5468294620513916,0.017085552215576172
82,11.780973434448242,,1.5647366046905518,0.01690840721130371
83,11.762773513793945,,1.5824062824249268,0.01566624641418457
84,11.741230010986328,,1.6009776592254639,0.01757335662841797
85,11.732991218566895,,1.6210558414459229,0.01705026626586914
86,11.697540283203125,,1.6388919353485107,0.016118288040161133
87,11.70828628540039,,1.6565001010894775,0.01660943031311035
88,11.695003509521484,,1.6738622188568115,0.01624011993408203
89,11.687834739685059,,1.6921870708465576,0.01682305335998535
90,11.71450424194336,,1.710632562637329,0.017477035522460938
91,11.674991607666016,,1.7298688888549805,0.017238616943359375
92,11.71119213104248,,1.7484698295593262,0.016603469848632812
93,11.674751281738281,,1.766108751296997,0.016136884689331055
94,11.667987823486328,,1.783628225326538,0.015516996383666992
95,11.673421859741211,,1.8028638362884521,0.016731739044189453
96,11.651527404785156,,1.820218801498413,0.015357732772827148
97,11.637598991394043,,1.840430498123169,0.018246889114379883
98,11.671279907226562,,1.857835054397583,0.01640605926513672
99,11.625858306884766,,1.8747797012329102,0.01591944694519043
100,11.652151107788086,0.0,1.8946404457092285,0.01785755157470703
101,11.648880958557129,,1.914933204650879,0.017899274826049805
102,11.618085861206055,,1.9322948455810547,0.0158233642578125
103,11.592029571533203,,1.949925184249878,0.016631364822387695
104,11.610262870788574,,1.967618465423584,0.015694141387939453
105,11.630826950073242,,1.9853649139404297,0.015748977661132812
106,11.606461524963379,,2.002753973007202,0.015383005142211914
107,11.60036849975586,,2.01971435546875,0.01496267318725586
108,11.602874755859375,,2.039588451385498,0.017876625061035156
109,11.597447395324707,,2.0568349361419678,0.015249490737915039
110,11.572616577148438,,2.07466721534729,0.015516042709350586
111,11.59233283996582,,2.09328293800354,0.016613006591796875
112,11.595223426818848,,2.1113383769989014,0.016303539276123047
113,11.594942092895508,,2.1307294368743896,0.017394065856933594
114,11.580303192138672,,2.148763656616211,0.017070293426513672
115,11.552779197692871,,2.1660516262054443,0.016460895538330078
116,11.578615188598633,,2.184880256652832,0.015830039978027344
117,11.5639009475708,,2.2017455101013184,0.015825748443603516
118,11.559139251708984,,2.220040798187256,0.016298294067382812
119,11.513591766357422,,2.2374329566955566,0.016390562057495117
120,11.529336929321289,,2.2546820640563965,0.015252113342285156
121,11.502036094665527,,2.273214101791382,0.016526222229003906
122,11.488088607788086,,2.29148006439209,0.01676321029663086
123,11.516026496887207,,2.3085827827453613,0.016105175018310547
124,11.509805679321289,,2.3267080783843994,0.01614665985107422
125,11.523822784423828,,2.344778299331665,0.016072750091552734
126,11.531509399414062,,2.3629636764526367,0.016182661056518555
127,11.491177558898926,,2.3803493976593018,0.01563405990600586
128,11.488109588623047,,2.398226022720337,0.015874147415161133
129,11.507095336914062,,2.4153988361358643,0.015208005905151367
130,11.468345642089844,,2.4342243671417236,0.016817331314086914
131,11.490943908691406,,2.4513375759124756,0.015490055084228516
132,11.447599411010742,,2.469127893447876,0.015787601470947266
133,11.456304550170898,,2.4869422912597656,0.01581597328186035
134,11.462226867675781,,2.504890203475952,0.015947818756103516
135,11.452131271362305,,2.5216784477233887,0.015539407730102539
136,11.460772514343262,,2.5400967597961426,0.016419649124145508
137,11.455881118774414,,2.5570578575134277,0.014961481094360352
138,11.453184127807617,,2.574894666671753,0.015832901000976562
139,11.459510803222656,,2.591979503631592,0.015577077865600586
140,11.396705627441406,,2.6094748973846436,0.015552520751953125
141,11.457847595214844,,2.627371311187744,0.01590251922607422
142,11.42153549194336,,2.645066976547241,0.015697717666625977
143,11.40495491027832,,2.6633691787719727,0.016294479370117188
144,11.393457412719727,,2.6829264163970947,0.017017126083374023
145,11.391831398010254,,2.701843500137329,0.017531633377075195
146,11.349274635314941,,2.720021963119507,0.016176223754882812
147,11.370447158813477,,2.737405776977539,0.015386343002319336
148,11.429035186767578,,2.756274700164795,0.015871286392211914
149,11.407687187194824,,2.7732346057891846,0.015956640243530273
150,11.385660171508789,,2.790501594543457,0.0157625675201416
151,11.40756607055664,,2.809218645095825,0.015753746032714844
152,11.31506061553955,,2.8265795707702637,0.015282869338989258
153,11.337467193603516,,2.8452224731445312,0.016612529754638672
154,11.298632621765137,,2.862859010696411,0.015603780746459961
155,11.364304542541504,,2.881511688232422,0.01762843132019043
156,11.291206359863281,,2.9003615379333496,0.01685309410095215
157,11.314931869506836,,2.9184765815734863,0.01511240005493164
158,11.301772117614746,,2.936156988143921,0.015709638595581055
159,11.2886962890625,,2.954803705215454,0.016675949096679688
160,11.278982162475586,,2.9725208282470703,0.01641535758972168
161,11.246801376342773,,2.9897947311401367,0.016273021697998047
162,11.226348876953125,,3.0080254077911377,0.016007423400878906
163,11.22529411315918,,3.0260825157165527,0.016026973724365234
164,11.268110275268555,,3.044649600982666,0.016541004180908203
165,11.21858024597168,,3.0625576972961426,0.016507863998413086
166,11.214935302734375,,3.080707550048828,0.017150163650512695
167,11.182901382446289,,3.0976476669311523,0.014938116073608398
168,11.251495361328125,,3.1157877445220947,0.015636205673217773
169,11.152608871459961,,3.1347815990448,0.0169832706451416
170,11.205461502075195,,3.1520638465881348,0.015938520431518555
171,11.176837921142578,,3.168808937072754,0.015050888061523438
172,11.193217277526855,,3.1867916584014893,0.015822172164916992
173,11.204351425170898,,3.2035131454467773,0.014983415603637695
174,11.141277313232422,,3.2216908931732178,0.015569686889648438
175,11.146737098693848,,3.2389438152313232,0.01525259017944336
176,11.189315795898438,,3.2566475868225098,0.015704631805419922
177,11.153732299804688,,3.278533935546875,0.020886659622192383
178,11.151379585266113,,3.2947752475738525,0.015241622924804688
179,11.15363883972168,,3.312378406524658,0.015566825866699219
180,11.148984909057617,,3.330223321914673,0.016846895217895508
181,11.091567993164062,,3.3477413654327393,0.015483617782592773
182,11.088319778442383,,3.3662352561950684,0.01595163345336914
183,11.082967758178711,,3.3893394470214844,0.021113157272338867
184,11.069435119628906,,3.411926031112671,0.021178722381591797
185,11.104204177856445,,3.429065465927124,0.015142440795898438
186,11.054705619812012,,3.446885585784912,0.015819072723388672
187,11.03209114074707,,3.464670181274414,0.01575493812561035
188,11.033270835876465,,3.4824626445770264,0.015576362609863281
189,11.030721664428711,,3.4998672008514404,0.01640462875366211
190,11.00344467163086,,3.518035888671875,0.015138864517211914
191,11.026468276977539,,3.5358476638793945,0.01580953598022461
192,11.023988723754883,,3.5536093711853027,0.015775442123413086
193,10.979848861694336,,3.5710055828094482,0.015861034393310547
194,11.004426956176758,,3.5891432762145996,0.0161745548248291
195,10.967395782470703,,3.606452226638794,0.016309022903442383
196,10.929853439331055,,3.624026298522949,0.015568733215332031
197,10.955169677734375,,3.641306161880493,0.01574540138244629
198,10.973673820495605,,3.659024238586426,0.015715837478637695
199,10.965518951416016,,3.6756162643432617,0.015235424041748047
200,10.939718246459961,0.0,3.694850206375122,0.017232179641723633
201,10.893839836120605,,3.7129056453704834,0.018055438995361328
202,10.914207458496094,,3.7300426959991455,0.015139579772949219
203,10.876801490783691,,3.74873948097229,0.016697168350219727
204,10.894495010375977,,3.7650275230407715,0.014742612838745117
205,10.81641674041748,,3.782640218734741,0.015511274337768555
206,10.814424514770508,,3.8009865283966064,0.015780210494995117
207,10.823051452636719,,3.824065685272217,0.021087169647216797
208,10.784767150878906,,3.841313600540161,0.015744924545288086
209,10.808527946472168,,3.8585004806518555,0.015187263488769531
210,10.80356216430664,,3.876448154449463,0.01571488380432129
211,10.766603469848633,,3.8900182247161865,0.011599063873291016
212,10.784996032714844,,3.9121594429016113,0.017217397689819336
213,10.721718788146973,,3.9292643070220947,0.016142845153808594
214,10.80539608001709,,3.9477126598358154,0.016449928283691406
215,10.721511840820312,,3.964972734451294,0.016259193420410156
216,10.726465225219727,,3.98268723487854,0.01554727554321289
217,10.742660522460938,,3.999497413635254,0.014780998229980469
218,10.697760581970215,,4.017591238021851,0.015091419219970703
219,10.696006774902344,,4.035819053649902,0.01619863510131836
220,10.647577285766602,,4.05365514755249,0.015839576721191406
221,10.656532287597656,,4.072006702423096,0.01681804656982422
222,10.602624893188477,,4.094831228256226,0.021854162216186523
223,10.563380241394043,,4.112434387207031,0.015566110610961914
224,10.542045593261719,,4.135056972503662,0.02161407470703125
225,10.632024765014648,,4.152371406555176,0.015151262283325195
226,10.588661193847656,,4.16567850112915,0.01230931282043457
227,10.5692138671875,,4.187078952789307,0.01574397087097168
228,10.530316352844238,,4.208110570907593,0.0190274715423584
229,10.526744842529297,,4.224792003631592,0.016681432723999023
230,10.50674057006836,,4.245370149612427,0.016716718673706055
231,10.493794441223145,,4.262691497802734,0.015288829803466797
232,10.523246765136719,,4.280858993530273,0.016177892684936523
233,10.443904876708984,,4.298097133636475,0.015237092971801758
234,10.446717262268066,,4.316221237182617,0.01612377166748047
235,10.408830642700195,,4.33379602432251,0.015546083450317383
236,10.433255195617676,,4.351550340652466,0.01556539535522461
237,10.351757049560547,,4.368902206420898,0.015351533889770508
238,10.408557891845703,,4.3870439529418945,0.015171051025390625
239,10.363977432250977,,4.394908666610718,0.005865335464477539
240,10.322833061218262,,4.4223010540008545,0.015602588653564453
241,10.291847229003906,,4.4401373863220215,0.015296459197998047
242,10.3017578125,,4.456968069076538,0.014682531356811523
243,10.328750610351562,,4.47472882270813,0.015761375427246094
244,10.243522644042969,,4.497671604156494,0.020905494689941406
245,10.256328582763672,,4.51324987411499,0.014585494995117188
246,10.245257377624512,,4.530313968658447,0.01448678970336914
247,10.271677017211914,,4.54828405380249,0.014966726303100586
248,10.157709121704102,,4.566106081008911,0.015252351760864258
249,10.22838020324707,,4.584764003753662,0.015545129776000977
250,10.187176704406738,,4.602044343948364,0.01571178436279297
251,10.114959716796875,,4.6252501010894775,0.02120804786682129
252,10.128597259521484,,4.643980979919434,0.016698598861694336
253,10.03594970703125,,4.667057514190674,0.021540403366088867
254,10.035895347595215,,4.690212249755859,0.02115321159362793
255,10.133278846740723,,4.707006454467773,0.01557302474975586
256,9.99085807800293,,4.725133419036865,0.016118288040161133
257,10.013482093811035,,4.741852283477783,0.014683008193969727
258,10.02522087097168,,4.759576320648193,0.01572132110595703
259,9.968366622924805,,4.777456760406494,0.01571822166442871
260,9.977375030517578,,4.794720649719238,0.015264511108398438
261,10.033191680908203,,4.8179686069488525,0.02121138572692871
262,9.989434242248535,,4.835073709487915,0.01510477066040039
263,9.931183815002441,,4.853383302688599,0.01616835594177246
264,9.91196346282959,,4.87081241607666,0.015894174575805664
265,9.911542892456055,,4.887930631637573,0.015118122100830078
266,9.793545722961426,,4.905249834060669,0.015279054641723633
267,9.82850456237793,,4.928364276885986,0.02107858657836914
268,9.852082252502441,,4.945796489715576,0.017432212829589844
269,9.84849739074707,,4.967816114425659,0.021035432815551758
270,9.786378860473633,,4.983299970626831,0.015483856201171875
271,9.809205055236816,,5.000490665435791,0.015656471252441406
272,9.727535247802734,,5.01861047744751,0.015116214752197266
273,9.748074531555176,,5.036787986755371,0.016214609146118164
274,9.76559066772461,,5.053808212280273,0.015023469924926758
275,9.722572326660156,,5.072047233581543,0.015735387802124023
276,9.599442481994629,,5.089066743850708,0.016020774841308594
277,9.635929107666016,,5.111216306686401,0.0200502872467041
278,9.664799690246582,,5.128300666809082,0.015087127685546875
279,9.609439849853516,,5.1499998569488525,0.018702268600463867
280,9.600786209106445,,5.167798757553101,0.01579570770263672
281,9.541696548461914,,5.186025619506836,0.01622939109802246
282,9.538908958435059,,5.208763599395752,0.020735502243041992
283,9.43824577331543,,5.2273218631744385,0.017559289932250977
284,9.53425407409668,,5.24877142906189,0.020447969436645508
285,9.480392456054688,,5.265989303588867,0.015713214874267578
286,9.462137222290039,,5.283535957336426,0.015549659729003906
287,9.430339813232422,,5.304715394973755,0.01867389678955078
288,9.428169250488281,,5.321739673614502,0.01551675796508789
289,9.405387878417969,,5.339926481246948,0.0161898136138916
290,9.31701374053955,,5.361166477203369,0.02024102210998535
291,9.37834644317627,,5.38239598274231,0.01923203468322754
292,9.361250877380371,,5.402458190917969,0.017593860626220703
293,9.264184951782227,,5.421423673629761,0.016463756561279297
294,9.30276870727539,,5.439028978347778,0.015607118606567383
295,9.185973167419434,,5.461890935897827,0.02075028419494629
296,9.221307754516602,,5.486144065856934,0.021256446838378906
297,9.215097427368164,,5.507368803024292,0.019222259521484375
298,9.1033935546875,,5.529415607452393,0.0200347900390625
299,9.112968444824219,,5.551139831542969,0.019726276397705078
300,9.12125015258789,0.008829812208811441,5.573895215988159,0.021757125854492188
301,9.223372459411621,,5.590014934539795,0.014577388763427734
302,9.055368423461914,,5.6082494258880615,0.016082048416137695
303,9.084935188293457,,5.624795198440552,0.015547990798950195
304,9.084066390991211,,5.645018100738525,0.017627239227294922
305,9.017524719238281,,5.663594484329224,0.016158342361450195
306,8.990999221801758,,5.686880588531494,0.02078080177307129
307,8.969717025756836,,5.70902419090271,0.020145654678344727
308,8.917800903320312,,5.72693133354187,0.01591014862060547
309,8.945240020751953,,5.743527889251709,0.015564441680908203
310,8.86257553100586,,5.76122784614563,0.015191316604614258
311,8.880634307861328,,5.783377647399902,0.020151376724243164
312,8.888094902038574,,5.802527189254761,0.01764535903930664
313,8.879539489746094,,5.822680950164795,0.01915431022644043
314,8.856264114379883,,5.840851068496704,0.016172409057617188
315,8.810647964477539,,5.857985973358154,0.016135454177856445
316,8.731254577636719,,5.881187438964844,0.021051883697509766
317,8.707242012023926,,5.8993682861328125,0.0171816349029541
318,8.72711181640625,,5.917452096939087,0.016085147857666016
319,8.688680648803711,,5.934970378875732,0.015519857406616211
320,8.776426315307617,,5.952624082565308,0.015209674835205078
321,8.654752731323242,,5.970930099487305,0.016278743743896484
322,8.636536598205566,,5.9878082275390625,0.015885353088378906
323,8.570469856262207,,6.005758285522461,0.01594686508178711
324,8.571552276611328,,6.022886514663696,0.01512598991394043
325,8.589004516601562,,6.040100336074829,0.014708757400512695
326,8.470993041992188,,6.05768895149231,0.01562643051147461
327,8.463178634643555,,6.081444025039673,0.021790504455566406
328,8.451366424560547,,6.0995659828186035,0.017122745513916016
329,8.453397750854492,,6.117661952972412,0.016096830368041992
330,8.36209487915039,,6.134671211242676,0.016010046005249023
331,8.358194351196289,,6.152703285217285,0.01585674285888672
332,8.435737609863281,,6.169835567474365,0.015132665634155273
333,8.289261817932129,,6.193026781082153,0.02117919921875
334,8.344977378845215,,6.215527057647705,0.02149677276611328
335,8.288236618041992,,6.233041763305664,0.015476226806640625
336,8.232990264892578,,6.2521302700042725,0.01688075065612793
337,8.229954719543457,,6.273048400878906,0.01991868019104004
338,8.24664306640625,,6.290842056274414,0.015794038772583008
339,8.223995208740234,,6.308342456817627,0.016470670700073242
340,8.176647186279297,,6.32575535774231,0.015388965606689453
341,8.215339660644531,,6.342850685119629,0.015069961547851562
342,8.052335739135742,,6.360813617706299,0.016167879104614258
343,8.032931327819824,,6.378538370132446,0.015725135803222656
344,8.129372596740723,,6.395660638809204,0.01512455940246582
345,8.057574272155762,,6.414705038070679,0.017044782638549805
346,8.056632041931152,,6.432024955749512,0.016294002532958984
347,7.9943623542785645,,6.448783874511719,0.01478886604309082
348,8.03616714477539,,6.46806788444519,0.01671314239501953
349,7.971403121948242,,6.49015736579895,0.021118640899658203
350,7.976926803588867,,6.506864309310913,0.014572858810424805
351,7.890788555145264,,6.524977445602417,0.016109704971313477
352,7.888092041015625,,6.542391538619995,0.01591205596923828
353,7.825942039489746,,6.560595273971558,0.01569843292236328
354,7.859874725341797,,6.578523874282837,0.01692938804626465
355,7.7859954833984375,,6.596594572067261,0.016078948974609375
356,7.729665279388428,,6.617470979690552,0.01987910270690918
357,7.813180446624756,,6.634989023208618,0.015515565872192383
358,7.795660495758057,,6.657728433609009,0.020597219467163086
359,7.704442977905273,,6.680565595626831,0.02084636688232422
360,7.736119270324707,,6.697805881500244,0.015243053436279297
361,7.6446146965026855,,6.716930389404297,0.016126155853271484
362,7.606212615966797,,6.733461380004883,0.015538692474365234
363,7.657651901245117,,6.750735282897949,0.014572620391845703
364,7.516094207763672,,6.769857168197632,0.01679539680480957
365,7.581676006317139,,6.793149709701538,0.020325899124145508
366,7.558864593505859,,6.810018539428711,0.015364646911621094
367,7.500409126281738,,6.828189134597778,0.016167402267456055
368,7.50404691696167,,6.845315217971802,0.016126155853271484
369,7.638312339782715,,6.868159055709839,0.020812034606933594
370,7.5284576416015625,,6.890153408050537,0.01998734474182129
371,7.424245834350586,,6.908321380615234,0.01606273651123047
372,7.414130687713623,,6.925290584564209,0.014983892440795898
373,7.405584812164307,,6.94306492805481,0.01576709747314453
374,7.381948947906494,,6.960740089416504,0.015134334564208984
375,7.2815446853637695,,6.978228807449341,0.015458822250366211
376,7.413232803344727,,6.996081590652466,0.015850067138671875
377,7.476055145263672,,7.013599634170532,0.015515327453613281
378,7.263175010681152,,7.036834478378296,0.02073192596435547
379,7.288355827331543,,7.057484865188599,0.020650386810302734
380,7.330244541168213,,7.073286771774292,0.014803647994995117
381,7.173135280609131,,7.091498851776123,0.015703916549682617
382,7.231988430023193,,7.10858416557312,0.016086816787719727
383,7.24318790435791,,7.125668525695801,0.015086174011230469
384,7.083895683288574,,7.144812107086182,0.017142534255981445
385,7.172492027282715,,7.162238597869873,0.015198469161987305
386,7.105833053588867,,7.186130046844482,0.021391630172729492
387,7.231184959411621,,7.206846475601196,0.019713401794433594
388,7.0936598777771,,7.223394155502319,0.014550447463989258
389,7.046201229095459,,7.24751615524292,0.02161407470703125
390,7.059185981750488,,7.26270604133606,0.015189886093139648
391,7.032381534576416,,7.2800798416137695,0.015376567840576172
392,6.9784369468688965,,7.298231363296509,0.01615428924560547
393,6.9775614738464355,,7.321251153945923,0.021022319793701172
394,6.913971900939941,,7.336947917938232,0.01569676399230957
395,6.91219425201416,,7.3550825119018555,0.016107559204101562
396,7.098994255065918,,7.375833034515381,0.01924419403076172
397,7.00322151184082,,7.392505645751953,0.014671087265014648
398,6.956748008728027,,7.410581827163696,0.015579462051391602
399,6.841008186340332,,7.4276673793792725,0.01508784294128418
400,6.884082794189453,0.6110133131345113,7.447479248046875,0.01781463623046875
401,6.763453960418701,,7.464826583862305,0.01534271240234375
402,6.851958274841309,,7.4825170040130615,0.015546083450317383
403,6.760069847106934,,7.504863500595093,0.019846200942993164
404,6.632511138916016,,7.5283050537109375,0.021082162857055664
405,6.793129920959473,,7.544929504394531,0.01662445068359375
406,6.6914381980896,,7.5625176429748535,0.015293121337890625
407,6.6746506690979,,7.584697484970093,0.021180391311645508
408,6.67950963973999,,7.605405330657959,0.01920032501220703
409,6.696063041687012,,7.622967958450317,0.015554666519165039
410,6.6284966468811035,,7.64109206199646,0.015668392181396484
411,6.614431858062744,,7.658565521240234,0.015475988388061523
412,6.565570831298828,,7.682232618331909,0.02152395248413086
413,6.547072410583496,,7.703594446182251,0.02036261558532715
414,6.507043361663818,,7.721618175506592,0.015515804290771484
415,6.513400077819824,,7.738795280456543,0.015179157257080078
416,6.48621129989624,,7.756455421447754,0.01566147804260254
417,6.4223833084106445,,7.773218393325806,0.014764785766601562
418,6.383493900299072,,7.791450023651123,0.015723466873168945
419,6.421148777008057,,7.809529066085815,0.016081571578979492
420,6.413650989532471,,7.826616287231445,0.015089988708496094
421,6.400973320007324,,7.846274137496948,0.017664670944213867
422,6.273682117462158,,7.863438129425049,0.01516580581665039
423,6.342118263244629,,7.88716459274292,0.021218299865722656
424,6.270396709442139,,7.910404920578003,0.021242618560791016
425,6.30458927154541,,7.927490472793579,0.01608753204345703
426,6.272785186767578,,7.945805549621582,0.016317367553710938
427,6.20539665222168,,7.964991331100464,0.017182111740112305
428,6.2307000160217285,,7.9877777099609375,0.02061009407043457
429,6.2359795570373535,,8.004929780960083,0.016154050827026367
430,6.170316696166992,,8.02239203453064,0.01545405387878418
431,6.159501075744629,,8.040385484695435,0.01699519157409668
432,6.110774040222168,,8.057334899902344,0.014951229095458984
433,6.1632256507873535,,8.079635381698608,0.02029728889465332
434,6.027718544006348,,8.097795009613037,0.016162633895874023
435,6.132139205932617,,8.11584997177124,0.016057252883911133
436,6.049624443054199,,8.133361101150513,0.01551055908203125
437,6.052475929260254,,8.156641721725464,0.02065873146057129
438,5.970378875732422,,8.17370343208313,0.015030384063720703
439,6.038410663604736,,8.1912100315094,0.01600480079650879
440,6.073348045349121,,8.208762168884277,0.015483856201171875
441,5.964113235473633,,8.226027011871338,0.015267610549926758
442,5.980737686157227,,8.243606090545654,0.015552520751953125
443,5.960433483123779,,8.261756658554077,0.01664876937866211
444,5.870659828186035,,8.280216932296753,0.016463518142700195
445,5.850045204162598,,8.299063444137573,0.01684880256652832
446,5.927490234375,,8.31721806526184,0.015172958374023438
447,5.834839820861816,,8.334769487380981,0.015552759170532227
448,5.918303966522217,,8.352559328079224,0.015281438827514648
449,5.770379066467285,,8.374654293060303,0.01958775520324707
450,5.696012020111084,,8.397147178649902,0.020958662033081055
451,5.781618118286133,,8.414659976959229,0.015515565872192383
452,5.73488712310791,,8.43138074874878,0.015213251113891602
453,5.746669769287109,,8.449461460113525,0.016083717346191406
454,5.772960186004639,,8.469721794128418,0.01926136016845703
455,5.740500450134277,,8.486485481262207,0.014765501022338867
456,5.678408622741699,,8.50899338722229,0.020537376403808594
457,5.717605113983154,,8.528085708618164,0.017094850540161133
458,5.692873954772949,,8.545036554336548,0.01595139503479004
459,5.625619411468506,,8.563353538513184,0.016160011291503906
460,5.566972732543945,,8.581440925598145,0.01658487319946289
461,5.632223129272461,,8.598005771636963,0.014567136764526367
462,5.5794148445129395,,8.616082429885864,0.016050338745117188
463,5.6108198165893555,,8.6333909034729,0.01530599594116211
464,5.551872253417969,,8.650645971298218,0.014747142791748047
465,5.593415260314941,,8.668715476989746,0.015562057495117188
466,5.491460800170898,,8.686994314193726,0.015276432037353516
467,5.6552510261535645,,8.704670667648315,0.015671491622924805
468,5.5351057052612305,,8.722124814987183,0.01641392707824707
469,5.537493705749512,,8.739547491073608,0.016426801681518555
470,5.4105224609375,,8.756807088851929,0.01626133918762207
471,5.283656120300293,,8.773245811462402,0.014440298080444336
472,5.524296760559082,,8.791439533233643,0.015640735626220703
473,5.410923004150391,,8.809598207473755,0.01615619659423828
474,5.508908271789551,,8.828723430633545,0.017123937606811523
475,5.315858364105225,,8.845890760421753,0.01520395278930664
476,5.435415267944336,,8.862935543060303,0.015037775039672852
477,5.351184368133545,,8.88075304031372,0.01582050323486328
478,5.2745771408081055,,8.898345470428467,0.015588998794555664
479,5.305120468139648,,8.91651725769043,0.015170574188232422
480,5.286118507385254,,8.933530807495117,0.015007734298706055
481,5.267280101776123,,8.952692031860352,0.01657700538635254
482,5.2995758056640625,,8.969752788543701,0.016519784927368164
483,5.279814720153809,,8.986562490463257,0.014809131622314453
484,5.247248649597168,,9.004662275314331,0.01610088348388672
485,5.149728775024414,,9.022682666778564,0.01644158363342285
486,5.213558197021484,,9.040085554122925,0.015511512756347656
487,5.177613258361816,,9.0574631690979,0.015380859375
488,5.204286575317383,,9.074640274047852,0.015341043472290039
489,5.166576385498047,,9.092088460922241,0.015407085418701172
490,5.179495334625244,,9.110456228256226,0.01646566390991211
491,5.154958724975586,,9.127485990524292,0.016029834747314453
492,5.098599433898926,,9.145063400268555,0.015607357025146484
493,5.114423751831055,,9.162581205368042,0.015929222106933594
494,5.07289457321167,,9.179709672927856,0.016165494918823242
495,4.99778938293457,,9.197856903076172,0.01614689826965332
496,4.999284744262695,,9.216154336929321,0.016078472137451172
497,5.066565990447998,,9.233136892318726,0.014980077743530273
498,5.086355686187744,,9.251448392868042,0.014739274978637695
499,4.948619365692139,,9.269208669662476,0.015534162521362305
500,5.03066349029541,0.7488083243370056,9.295077085494995,0.02286839485168457
501,4.984778881072998,,9.312705278396606,0.015588998794555664
502,5.071796417236328,,9.330755472183228,0.015528202056884766
503,5.005313873291016,,9.348101615905762,0.015346288681030273
504,4.926814079284668,,9.365859746932983,0.014907598495483398
505,4.931375980377197,,9.383427381515503,0.014568328857421875
506,4.907491683959961,,9.40229320526123,0.015534639358520508
507,4.982555389404297,,9.420289993286133,0.015453577041625977
508,4.8733978271484375,,9.438005208969116,0.015589237213134766
509,4.896120071411133,,9.45615816116333,0.01615166664123535
510,4.811507225036621,,9.474972248077393,0.016810178756713867
511,4.861900329589844,,9.491932392120361,0.015385866165161133
512,4.843741416931152,,9.510038614273071,0.016106367111206055
513,4.873608589172363,,9.527260780334473,0.015221357345581055
514,4.870290756225586,,9.54499101638794,0.01572132110595703
515,4.772677898406982,,9.562409400939941,0.01538228988647461
516,4.808187484741211,,9.581731081008911,0.016816377639770508
517,4.782299041748047,,9.599124431610107,0.015394210815429688
518,4.757803440093994,,9.616938352584839,0.01584339141845703
519,4.71214485168457,,9.634958744049072,0.016025304794311523
520,4.779443740844727,,9.651792287826538,0.014798402786254883
521,4.796503067016602,,9.669128894805908,0.01579880714416504
522,4.788928985595703,,9.68693733215332,0.015809059143066406
523,4.71208381652832,,9.704810619354248,0.015875816345214844
524,4.713206768035889,,9.722102165222168,0.016115903854370117
525,4.663823127746582,,9.74077844619751,0.016694068908691406
526,4.663593769073486,,9.757874011993408,0.016062259674072266
527,4.730790615081787,,9.77478551864624,0.014912128448486328
528,4.665030479431152,,9.792569637298584,0.015744447708129883
529,4.651178359985352,,9.810912609100342,0.01733994483947754
530,4.617236137390137,,9.827821016311646,0.01590728759765625
531,4.656750679016113,,9.84593152999878,0.01610732078552246
532,4.580407619476318,,9.86296033859253,0.015027284622192383
533,4.645162582397461,,9.881477355957031,0.015557289123535156
534,4.616852283477783,,9.898223400115967,0.014745950698852539
535,4.578949928283691,,9.917085647583008,0.01584768295288086
536,4.648801326751709,,9.933378219604492,0.014263153076171875
537,4.542176723480225,,9.952499866485596,0.015610933303833008
538,4.626599311828613,,9.970748901367188,0.015699386596679688
539,4.567564010620117,,9.987534999847412,0.014788389205932617
540,4.5111799240112305,,10.006110429763794,0.016267776489257812
541,4.607600212097168,,10.02612853050232,0.019026517868041992
542,4.499380111694336,,10.043129920959473,0.015993833541870117
543,4.5093674659729,,10.061331272125244,0.015626192092895508
544,4.487204551696777,,10.078713655471802,0.01638174057006836
545,4.430047988891602,,10.097188234329224,0.01650524139404297
546,4.428274154663086,,10.115268230438232,0.01707744598388672
547,4.434469699859619,,10.131661891937256,0.015359640121459961
548,4.45522928237915,,10.14955997467041,0.01492452621459961
549,4.448977470397949,,10.167022228240967,0.015402078628540039
550,4.456692695617676,,10.185858964920044,0.01583719253540039
551,4.466456413269043,,10.202876329421997,0.015986919403076172
552,4.447263240814209,,10.22099256515503,0.01500844955444336
553,4.3821611404418945,,10.238583087921143,0.015592336654663086
554,4.373655319213867,,10.256314039230347,0.015406131744384766
555,4.444654941558838,,10.27333927154541,0.015022993087768555
556,4.374746322631836,,10.292549848556519,0.016664981842041016
557,4.395707130432129,,10.311116218566895,0.017572879791259766
558,4.432868480682373,,10.328782796859741,0.016693115234375
559,4.300722122192383,,10.347383737564087,0.01723647117614746
560,4.363018989562988,,10.364988327026367,0.01560068130493164
561,4.321288108825684,,10.382903337478638,0.015575647354125977
562,4.27670431137085,,10.400317668914795,0.015419721603393555
563,4.299995422363281,,10.41845703125,0.016139507293701172
564,4.2649993896484375,,10.435779809951782,0.015353679656982422
565,4.276186943054199,,10.453465700149536,0.015668630599975586
566,4.281225204467773,,10.471710443496704,0.016687393188476562
567,4.269368648529053,,10.488605737686157,0.014895200729370117
568,4.190896034240723,,10.507061004638672,0.016109943389892578
569,4.284647464752197,,10.52462387084961,0.016562223434448242
570,4.222788333892822,,10.54319715499878,0.016536474227905273
571,4.3236541748046875,,10.560354232788086,0.015621423721313477
572,4.236422061920166,,10.578671932220459,0.01629495620727539
573,4.26671028137207,,10.59613037109375,0.01593780517578125
574,4.236084938049316,,10.613943338394165,0.0158233642578125
575,4.197918891906738,,10.630520820617676,0.015574216842651367
576,4.198935508728027,,10.649569511413574,0.016051530838012695
577,4.215825080871582,,10.66621208190918,0.015504121780395508
578,4.240453720092773,,10.684748649597168,0.01553797721862793
579,4.213336944580078,,10.702826738357544,0.016042470932006836
580,4.111207008361816,,10.721144676208496,0.01631331443786621
581,4.152106285095215,,10.738563299179077,0.015421628952026367
582,4.1432294845581055,,10.756249904632568,0.015687942504882812
583,4.1819167137146,,10.773270606994629,0.015020370483398438
584,4.143528461456299,,10.791577339172363,0.015765905380249023
585,4.162814140319824,,10.81072211265564,0.017145156860351562
586,4.072704315185547,,10.83115553855896,0.018463134765625
587,4.099756240844727,,10.84980320930481,0.016625642776489258
588,4.127386093139648,,10.868507862091064,0.01647663116455078
589,4.042470455169678,,10.887669801712036,0.01716303825378418
590,4.094735622406006,,10.904857397079468,0.016190290451049805
591,4.071926116943359,,10.925105571746826,0.018238306045532227
592,4.162436485290527,,10.943247318267822,0.016132831573486328
593,4.066625118255615,,10.960102319717407,0.015317678451538086
594,4.069701194763184,,10.978283643722534,0.01618361473083496
595,4.036721706390381,,10.995539426803589,0.01625370979309082
596,4.051765441894531,,11.013081550598145,0.015538930892944336
597,4.023830413818359,,11.030696153640747,0.016051054000854492
598,4.063790798187256,,11.048932552337646,0.016266345977783203
599,4.104292869567871,,11.065979957580566,0.015040874481201172
600,4.073249816894531,0.8215861121813456,11.086139917373657,0.017153024673461914
601,4.045301914215088,,11.103256702423096,0.015075922012329102
602,4.0538716316223145,,11.12387728691101,0.01707935333251953
603,4.005982398986816,,11.142017841339111,0.016600608825683594
604,3.9415574073791504,,11.159681797027588,0.01566314697265625
605,3.9963386058807373,,11.177363872528076,0.015684843063354492
606,4.000969409942627,,11.194902896881104,0.015477657318115234
607,3.949739933013916,,11.214643239974976,0.017699003219604492
608,3.974679946899414,,11.231961488723755,0.015312671661376953
609,3.9351916313171387,,11.251521110534668,0.016585111618041992
610,3.944850444793701,,11.269366264343262,0.016805648803710938
611,3.8753247261047363,,11.286502838134766,0.015136957168579102
612,3.9706568717956543,,11.30465841293335,0.016196250915527344
613,3.8805816173553467,,11.32318663597107,0.016939163208007812
614,3.975400924682617,,11.340380668640137,0.017194032669067383
615,3.8675620555877686,,11.35792875289917,0.015553712844848633
616,3.8760604858398438,,11.375496625900269,0.015478372573852539
617,3.880581855773926,,11.392704248428345,0.015172958374023438
618,3.8977160453796387,,11.410972595214844,0.01604747772216797
619,3.8714983463287354,,11.428385496139526,0.016407012939453125
620,3.8644814491271973,,11.446494817733765,0.016105175018310547
621,3.8339123725891113,,11.463109493255615,0.015613794326782227
622,3.8724188804626465,,11.482277631759644,0.015587091445922852
623,3.8393471240997314,,11.499765396118164,0.01582956314086914
624,3.8257060050964355,,11.520733118057251,0.018964290618896484
625,3.832803249359131,,11.538455963134766,0.015744447708129883
626,3.8384463787078857,,11.556016683578491,0.015525579452514648
627,3.8499364852905273,,11.573256015777588,0.015243291854858398
628,3.834705352783203,,11.591137170791626,0.016338586807250977
629,3.8972370624542236,,11.60857105255127,0.016434192657470703
630,3.790412425994873,,11.62544584274292,0.014875411987304688
631,3.8632850646972656,,11.644034385681152,0.01655125617980957
632,3.8408303260803223,,11.660502672195435,0.014889240264892578
633,3.8518924713134766,,11.678553581237793,0.016050338745117188
634,3.7673497200012207,,11.695756435394287,0.015197515487670898
635,3.73892879486084,,11.714730739593506,0.016629695892333984
636,3.854982852935791,,11.731983423233032,0.015672683715820312
637,3.807196617126465,,11.749145984649658,0.015162229537963867
638,3.808316469192505,,11.766355752944946,0.015210151672363281
639,3.813070297241211,,11.785449266433716,0.016126394271850586
640,3.7256107330322266,,11.80239200592041,0.01590585708618164
641,3.766592264175415,,11.821319818496704,0.017892837524414062
642,3.7908082008361816,,11.837950468063354,0.01563405990600586
643,3.780425786972046,,11.855062246322632,0.015113115310668945
644,3.783616065979004,,11.872952938079834,0.0163116455078125
645,3.7505393028259277,,11.889759302139282,0.015807151794433594
646,3.7482385635375977,,11.907257318496704,0.015499353408813477
647,3.727465867996216,,11.925054550170898,0.01579737663269043
648,3.741520881652832,,11.942018508911133,0.015919923782348633
649,3.8034842014312744,,11.95920467376709,0.01518869400024414
650,3.7380313873291016,,11.977339267730713,0.016129255294799805
651,3.7148897647857666,,11.99486255645752,0.015523672103881836
652,3.7221131324768066,,12.012030601501465,0.015588760375976562
653,3.7773728370666504,,12.03007435798645,0.016043663024902344
654,3.700557231903076,,12.047720193862915,0.01625347137451172
655,3.639998435974121,,12.064884424209595,0.015169620513916016
656,3.615032911300659,,12.083507299423218,0.015612363815307617
657,3.7144293785095215,,12.100123643875122,0.015075445175170898
658,3.7016167640686035,,12.118777751922607,0.01565408706665039
659,3.7160611152648926,,12.136370658874512,0.015602588653564453
660,3.6812801361083984,,12.15363359451294,0.015260457992553711
661,3.6997756958007812,,12.170522212982178,0.015349149703979492
662,3.665623903274536,,12.187954187393188,0.015311241149902344
663,3.647562026977539,,12.205758094787598,0.01579737663269043
664,3.679147720336914,,12.223031997680664,0.015273094177246094
665,3.674017906188965,,12.240854263305664,0.015273571014404297
666,3.702476978302002,,12.258365869522095,0.015507936477661133
667,3.5800297260284424,,12.275820255279541,0.01645040512084961
668,3.636740207672119,,12.292567491531372,0.014747381210327148
669,3.6649603843688965,,12.310709238052368,0.015614986419677734
670,3.655296802520752,,12.327734231948853,0.015033960342407227
671,3.6086697578430176,,12.346444368362427,0.0162050724029541
672,3.65584659576416,,12.368230104446411,0.020787954330444336
673,3.6504032611846924,,12.386832237243652,0.015602350234985352
674,3.607430934906006,,12.40340280532837,0.014574766159057617
675,3.594966411590576,,12.42254090309143,0.015594959259033203
676,3.6063928604125977,,12.440138339996338,0.01659679412841797
677,3.6148650646209717,,12.457673788070679,0.015529870986938477
678,3.5271716117858887,,12.474762678146362,0.015091419219970703
679,3.585160970687866,,12.492936849594116,0.016135692596435547
680,3.5767111778259277,,12.5155770778656,0.021648168563842773
681,3.592597723007202,,12.532669067382812,0.016059160232543945
682,3.5282082557678223,,12.550810098648071,0.015604019165039062
683,3.562429428100586,,12.56825041770935,0.01581287384033203
684,3.539815664291382,,12.586366653442383,0.01611614227294922
685,3.5405874252319336,,12.608514785766602,0.020199060440063477
686,3.536968231201172,,12.625474452972412,0.014928579330444336
687,3.5715880393981934,,12.643395900726318,0.015890121459960938
688,3.5806336402893066,,12.660722494125366,0.015792131423950195
689,3.527512550354004,,12.679197072982788,0.01647496223449707
690,3.553025245666504,,12.69711685180664,0.015926361083984375
691,3.5424768924713135,,12.713693380355835,0.01560521125793457
692,3.5608346462249756,,12.730947494506836,0.01468968391418457
693,3.5356311798095703,,12.7490873336792,0.01616811752319336
694,3.45210337638855,,12.766219139099121,0.01512908935546875
695,3.5441136360168457,,12.784065008163452,0.015597820281982422
696,3.5297460556030273,,12.801163673400879,0.015554666519165039
697,3.5065717697143555,,12.819340467453003,0.01620650291442871
698,3.471592426300049,,12.836379766464233,0.016041994094848633
699,3.496493339538574,,12.853463172912598,0.015085697174072266
700,3.5359649658203125,0.8402182261149088,12.872848987579346,0.01785135269165039
701,3.4963955879211426,,12.889848709106445,0.014998912811279297
702,3.4517226219177246,,12.907859802246094,0.016010522842407227
703,3.4739599227905273,,12.92492961883545,0.01507258415222168
704,3.441894054412842,,12.94291377067566,0.015948772430419922
705,3.491259813308716,,12.960261821746826,0.01534724235534668
706,3.439500093460083,,12.977402925491333,0.015172004699707031
707,3.4451351165771484,,12.995432138442993,0.01602911949157715
708,3.431537389755249,,13.012376546859741,0.015602350234985352
709,3.497180461883545,,13.029691219329834,0.014780044555664062
710,3.4526314735412598,,13.047850370407104,0.016187667846679688
711,3.4292960166931152,,13.064923524856567,0.015079259872436523
712,3.3872642517089844,,13.083079099655151,0.015119552612304688
713,3.3956410884857178,,13.10075044631958,0.015140771865844727
714,3.408134937286377,,13.118891954421997,0.015114545822143555
715,3.390077590942383,,13.13636589050293,0.015472650527954102
716,3.3626019954681396,,13.15382194519043,0.015455484390258789
717,3.44939923286438,,13.1720712184906,0.016713380813598633
718,3.5087432861328125,,13.188762187957764,0.015691041946411133
719,3.4023542404174805,,13.20704698562622,0.01611328125
720,3.4188296794891357,,13.223616600036621,0.015569686889648438
721,3.435786724090576,,13.241854906082153,0.015698909759521484
722,3.4261837005615234,,13.263773918151855,0.0209200382232666
723,3.4358561038970947,,13.282474756240845,0.016539335250854492
724,3.4212594032287598,,13.298770427703857,0.015295267105102539
725,3.3803603649139404,,13.316909790039062,0.015137910842895508
726,3.394540309906006,,13.333480834960938,0.01456904411315918
727,3.3355307579040527,,13.352702617645264,0.01560068130493164
728,3.3342785835266113,,13.370086193084717,0.015380382537841797
729,3.3749775886535645,,13.388222694396973,0.01613903045654297
730,3.376781463623047,,13.40555477142334,0.01633167266845703
731,3.363495349884033,,13.42212700843811,0.014540910720825195
732,3.384309768676758,,13.439869403839111,0.015207290649414062
733,3.4152705669403076,,13.457491397857666,0.015440225601196289
734,3.4132156372070312,,13.475324153900146,0.015795469284057617
735,3.3438663482666016,,13.492443323135376,0.016087770462036133
736,3.355968475341797,,13.509587049484253,0.016141176223754883
737,3.3213725090026855,,13.524678230285645,0.013087749481201172
738,3.3857498168945312,,13.544679403305054,0.02000117301940918
739,3.3513596057891846,,13.562024593353271,0.015307426452636719
740,3.3471784591674805,,13.580720901489258,0.016699790954589844
741,3.314274787902832,,13.598013639450073,0.015291929244995117
742,3.3267722129821777,,13.61609673500061,0.01608443260192871
743,3.323429584503174,,13.633665084838867,0.015568733215332031
744,3.2960495948791504,,13.65141487121582,0.015604257583618164
745,3.3051834106445312,,13.668819189071655,0.015401840209960938
746,3.309286594390869,,13.6860990524292,0.015275955200195312
747,3.281534194946289,,13.709028244018555,0.02094268798828125
748,3.2676405906677246,,13.72513222694397,0.015104293823242188
749,3.3082833290100098,,13.742834329605103,0.0156705379486084
750,3.243861675262451,,13.761050701141357,0.016219615936279297
751,3.2714667320251465,,13.777737617492676,0.01568460464477539
752,3.2466282844543457,,13.794995307922363,0.015258073806762695
753,3.3061530590057373,,13.812795877456665,0.014765501022338867
754,3.2616164684295654,,13.830878257751465,0.01554250717163086
755,3.2841477394104004,,13.849045515060425,0.01613783836364746
756,3.266568660736084,,13.865853071212769,0.014836788177490234
757,3.23057222366333,,13.884579420089722,0.015566587448120117
758,3.2264857292175293,,13.902062892913818,0.015912771224975586
759,3.254281997680664,,13.9201819896698,0.015111923217773438
760,3.25750732421875,,13.937947988510132,0.01573920249938965
761,3.2620420455932617,,13.955897808074951,0.01594710350036621
762,3.2793338298797607,,13.972848653793335,0.015402555465698242
763,3.2757413387298584,,13.990103244781494,0.015251398086547852
764,3.2748074531555176,,14.00735068321228,0.015155315399169922
765,3.222838878631592,,14.024921417236328,0.015570878982543945
766,3.2868692874908447,,14.042168378829956,0.015676021575927734
767,3.1980977058410645,,14.059879541397095,0.016702651977539062
768,3.2752974033355713,,14.077750444412231,0.01570272445678711
769,3.195385217666626,,14.095016956329346,0.015266656875610352
770,3.2171437740325928,,14.117727994918823,0.0206758975982666
771,3.1530182361602783,,14.134806871414185,0.015079498291015625
772,3.1591439247131348,,14.15253472328186,0.015559196472167969
773,3.247161865234375,,14.174040794372559,0.020505905151367188
774,3.192986011505127,,14.19092869758606,0.015358209609985352
775,3.241309642791748,,14.20903992652893,0.016108989715576172
776,3.2054812908172607,,14.225907802581787,0.01587390899658203
777,3.1910011768341064,,14.243082284927368,0.015146017074584961
778,3.1523895263671875,,14.261926412582397,0.016266822814941406
779,3.2354137897491455,,14.285088062286377,0.022188425064086914
780,3.197105646133423,,14.302892446517944,0.015771865844726562
781,3.2070152759552,,14.320563554763794,0.015681028366088867
782,3.1366002559661865,,14.33744502067566,0.014882564544677734
783,3.1700854301452637,,14.355172157287598,0.01572704315185547
784,3.216493606567383,,14.372816324234009,0.01576972007751465
785,3.132075548171997,,14.390217065811157,0.016393184661865234
786,3.1843042373657227,,14.407875061035156,0.016032934188842773
787,3.182192802429199,,14.425708293914795,0.01583576202392578
788,3.1556880474090576,,14.44297170639038,0.01574254035949707
789,3.141201972961426,,14.461142778396606,0.016171693801879883
790,3.176827907562256,,14.478569984436035,0.015642166137695312
791,3.1078414916992188,,14.496112823486328,0.015542984008789062
792,3.1570041179656982,,14.513554096221924,0.014523744583129883
793,3.0812370777130127,,14.531627178192139,0.015511035919189453
794,3.130725383758545,,14.550176858901978,0.01551961898803711
795,3.1409106254577637,,14.567055940628052,0.01491403579711914
796,3.210012912750244,,14.589960098266602,0.01993393898010254
797,3.18361234664917,,14.607895135879517,0.016938447952270508
798,3.1154255867004395,,14.625735759735107,0.016841411590576172
799,3.1589462757110596,,14.643908977508545,0.017171382904052734
800,3.1339285373687744,0.8832330505053202,14.663175821304321,0.0177304744720459
801,3.188690185546875,,14.681535482406616,0.015811443328857422
802,3.1632068157196045,,14.698904275894165,0.01537013053894043
803,3.0866687297821045,,14.717480897903442,0.016181230545043945
804,3.0418386459350586,,14.735797643661499,0.016759872436523438
805,3.0928261280059814,,14.753374814987183,0.015575885772705078
806,3.151238441467285,,14.77131986618042,0.015403270721435547
807,3.1190972328186035,,14.788376331329346,0.015054941177368164
808,3.15732479095459,,14.80665898323059,0.016251802444458008
809,3.1248669624328613,,14.834817886352539,0.026151180267333984
810,3.1189680099487305,,14.857242107391357,0.020983219146728516
811,3.0867676734924316,,14.876551866531372,0.017839431762695312
812,3.1508407592773438,,14.895673274993896,0.017147541046142578
813,3.078946113586426,,14.914837837219238,0.01713418960571289
814,3.058067560195923,,14.931802749633789,0.015929222106933594
815,3.091146945953369,,14.950577974319458,0.016751527786254883
816,3.103544235229492,,14.967442750930786,0.01584148406982422
817,3.1096620559692383,,14.98476266860962,0.015290021896362305
818,3.072169780731201,,15.002088069915771,0.015497922897338867
819,3.1287288665771484,,15.020142555236816,0.015520095825195312
820,3.01173734664917,,15.03789734840393,0.01600193977355957
821,3.120067834854126,,15.054840564727783,0.014938831329345703
822,3.063035726547241,,15.072991847991943,0.015938997268676758
823,3.0690388679504395,,15.089916467666626,0.014893293380737305
824,3.1011950969696045,,15.10759449005127,0.015535593032836914
825,3.0388550758361816,,15.124966382980347,0.015671968460083008
826,3.053199291229248,,15.144065856933594,0.017064332962036133
827,3.0234827995300293,,15.16090440750122,0.015305757522583008
828,3.0450634956359863,,15.178225994110107,0.015311956405639648
829,3.0678112506866455,,15.196592330932617,0.016378402709960938
830,3.108790874481201,,15.214011430740356,0.01639246940612793
831,3.042994976043701,,15.231000423431396,0.01598954200744629
832,3.0869545936584473,,15.248730897903442,0.01575922966003418
833,3.0796260833740234,,15.266149044036865,0.01541447639465332
834,3.0386955738067627,,15.283695220947266,0.015542745590209961
835,2.993983507156372,,15.302052021026611,0.015787124633789062
836,3.0481863021850586,,15.319188356399536,0.015132904052734375
837,3.053422451019287,,15.338082313537598,0.016894102096557617
838,2.9704835414886475,,15.355189800262451,0.016132354736328125
839,3.009827136993408,,15.372012853622437,0.014790773391723633
840,3.0437591075897217,,15.389155149459839,0.015137672424316406
841,3.029538631439209,,15.40635895729065,0.015076875686645508
842,3.021524667739868,,15.4251549243927,0.01660323143005371
843,3.043471097946167,,15.441312074661255,0.015123367309570312
844,2.9653122425079346,,15.458641290664673,0.015291452407836914
845,3.0318775177001953,,15.476528644561768,0.015674829483032227
846,2.983642578125,,15.493432998657227,0.014874696731567383
847,3.011363983154297,,15.511841773986816,0.015581607818603516
848,2.9997975826263428,,15.52901816368103,0.015146970748901367
849,2.9877774715423584,,15.546916961669922,0.01593637466430664
850,3.0034573078155518,,15.564736127853394,0.01582026481628418
851,2.963761806488037,,15.582372903823853,0.0166018009185791
852,2.9545745849609375,,15.599339723587036,0.01596212387084961
853,2.9768874645233154,,15.617929935455322,0.016596078872680664
854,2.988280773162842,,15.634825229644775,0.015900373458862305
855,2.991870403289795,,15.65254545211792,0.015565633773803711
856,2.961845874786377,,15.669116258621216,0.01557302474975586
857,2.961524486541748,,15.6873197555542,0.016204118728637695
858,2.9945688247680664,,15.70478081703186,0.015883684158325195
859,2.9269814491271973,,15.721987962722778,0.01586151123046875
860,2.9637598991394043,,15.740136861801147,0.01614856719970703
861,2.9847230911254883,,15.757017612457275,0.01582050323486328
862,2.9378464221954346,,15.774706363677979,0.016015291213989258
863,2.906414031982422,,15.792750120162964,0.0160064697265625
864,2.963573932647705,,15.810436010360718,0.01571178436279297
865,3.0031306743621826,,15.827713251113892,0.01527714729309082
866,2.954699993133545,,15.84538197517395,0.015665292739868164
867,2.971707820892334,,15.862168073654175,0.01574397087097168
868,2.8966758251190186,,15.880728960037231,0.016020774841308594
869,2.925694465637207,,15.898345947265625,0.015587568283081055
870,2.993680477142334,,15.915870666503906,0.01578998565673828
871,2.938405990600586,,15.933119297027588,0.016254425048828125
872,2.9671339988708496,,15.950952768325806,0.01582789421081543
873,2.9612064361572266,,15.968093156814575,0.015175580978393555
874,2.898010492324829,,15.985764026641846,0.0156707763671875
875,2.9164772033691406,,16.00274634361267,0.01601123809814453
876,2.9507195949554443,,16.02001929283142,0.014725923538208008
877,2.922863483428955,,16.041488885879517,0.0194704532623291
878,2.968186855316162,,16.060633897781372,0.01914501190185547
879,2.904590606689453,,16.0777006149292,0.016058683395385742
880,2.931948184967041,,16.095665454864502,0.015966415405273438
881,2.9354071617126465,,16.11394453048706,0.017184972763061523
882,2.939392328262329,,16.13162112236023,0.016170501708984375
883,2.9195351600646973,,16.149430513381958,0.016180753707885742
884,2.9369802474975586,,16.16685390472412,0.015500068664550781
885,2.8998329639434814,,16.185524940490723,0.015677928924560547
886,2.9069740772247314,,16.202272176742554,0.015712976455688477
887,2.950253486633301,,16.2210590839386,0.016256332397460938
888,2.9927475452423096,,16.23791265487671,0.01585221290588379
889,2.8937764167785645,,16.25606393814087,0.016182422637939453
890,2.8968007564544678,,16.2738676071167,0.01581120491027832
891,2.947667121887207,,16.29051446914673,0.014538288116455078
892,2.8925647735595703,,16.308784246444702,0.016119956970214844
893,2.8973658084869385,,16.32588481903076,0.015100955963134766
894,2.972607374191284,,16.344035387039185,0.01615142822265625
895,2.8308591842651367,,16.361919164657593,0.016319751739501953
896,2.9501700401306152,,16.379426956176758,0.015507698059082031
897,2.890022039413452,,16.396721601486206,0.015297651290893555
898,2.902454137802124,,16.414794206619263,0.016072750091552734
899,2.9035098552703857,,16.431396007537842,0.014564037322998047
900,2.8609039783477783,0.8986370166142782,16.450855493545532,0.01745891571044922
901,2.9592037200927734,,16.467937469482422,0.014506340026855469
902,2.8358254432678223,,16.485046863555908,0.01510930061340332
903,2.8793883323669434,,16.502973318099976,0.01568889617919922
904,2.849771499633789,,16.520111560821533,0.014603614807128906
905,2.8755173683166504,,16.537822723388672,0.015712976455688477
906,2.855825424194336,,16.554781913757324,0.014962911605834961
907,2.8669657707214355,,16.572130918502808,0.01531362533569336
908,2.8533835411071777,,16.594930171966553,0.020299911499023438
909,2.8411035537719727,,16.6115300655365,0.01659989356994629
910,2.8393218517303467,,16.628609895706177,0.015080451965332031
911,2.8590009212493896,,16.6464102268219,0.014769315719604492
912,2.900946617126465,,16.663184642791748,0.014786243438720703
913,2.830902338027954,,16.682742834091187,0.015574932098388672
914,2.8618741035461426,,16.699538469314575,0.015793561935424805
915,2.833134174346924,,16.7176513671875,0.015113592147827148
916,2.854175090789795,,16.734898805618286,0.015247583389282227
917,2.8831264972686768,,16.752631425857544,0.01556706428527832
918,2.854428768157959,,16.770318746566772,0.015170097351074219
919,2.8390896320343018,,16.788399696350098,0.015078306198120117
920,2.8348500728607178,,16.80580234527588,0.015165567398071289
921,2.8708462715148926,,16.8278865814209,0.02008509635925293
922,2.782074213027954,,16.845671892166138,0.01575183868408203
923,2.8369762897491455,,16.86280846595764,0.01513361930847168
924,2.865687847137451,,16.880645990371704,0.015872478485107422
925,2.800309896469116,,16.896961450576782,0.014313936233520508
926,2.8257579803466797,,16.915032386779785,0.01607513427734375
927,2.8453497886657715,,16.93264150619507,0.01557302474975586
928,2.7714529037475586,,16.949778079986572,0.015172004699707031
929,2.8290534019470215,,16.967278003692627,0.015502214431762695
930,2.812777519226074,,16.984865188598633,0.015616178512573242
931,2.768779754638672,,17.002195835113525,0.015162944793701172
932,2.856118679046631,,17.019338369369507,0.016140460968017578
933,2.847440242767334,,17.037081003189087,0.01573920249938965
934,2.8376669883728027,,17.054651260375977,0.015572786331176758
935,2.8255395889282227,,17.071547269821167,0.015328168869018555
936,2.7696313858032227,,17.08870029449463,0.015152931213378906
937,2.794156789779663,,17.105968952178955,0.015143156051635742
938,2.79905366897583,,17.129042148590088,0.02007770538330078
939,2.772127866744995,,17.145331859588623,0.015260696411132812
940,2.8398795127868652,,17.162637948989868,0.015274286270141602
941,2.781090021133423,,17.17990016937256,0.014726400375366211
942,2.7796993255615234,,17.197789669036865,0.015889883041381836
943,2.7405972480773926,,17.21649932861328,0.015740633010864258
944,2.791783094406128,,17.238772869110107,0.020276308059692383
945,2.7626242637634277,,17.25604772567749,0.015101194381713867
946,2.761390209197998,,17.265296697616577,0.0072405338287353516
947,2.801375389099121,,17.29058861732483,0.015605449676513672
948,2.729633331298828,,17.307759284973145,0.014998435974121094
949,2.7479710578918457,,17.325856924057007,0.016097307205200195
950,2.7440261840820312,,17.343043565750122,0.016185998916625977
951,2.761988878250122,,17.360379695892334,0.015339374542236328
952,2.727221965789795,,17.377712726593018,0.015791654586791992
953,2.7764980792999268,,17.39500069618225,0.015290021896362305
954,2.7393429279327393,,17.41262197494507,0.015563011169433594
955,2.7757012844085693,,17.430310249328613,0.015688657760620117
956,2.7742059230804443,,17.44792127609253,0.015605449676513672
957,2.7886953353881836,,17.47054433822632,0.020620346069335938
958,2.738516330718994,,17.485815048217773,0.015270709991455078
959,2.732193946838379,,17.503206968307495,0.015394210815429688
960,2.7771315574645996,,17.52037024497986,0.014579296112060547
961,2.7118515968322754,,17.538094520568848,0.01572394371032715
962,2.7435688972473145,,17.55522060394287,0.015126228332519531
963,2.753329277038574,,17.572683334350586,0.015459537506103516
964,2.7224538326263428,,17.58985185623169,0.014618873596191406
965,2.7201690673828125,,17.607977867126465,0.015975475311279297
966,2.682435989379883,,17.625093698501587,0.015088319778442383
967,2.7142980098724365,,17.64385485649109,0.016720294952392578
968,2.711697578430176,,17.66108274459839,0.01622796058654785
969,2.733725070953369,,17.67797017097473,0.015338659286499023
970,2.755455493927002,,17.69590139389038,0.015934467315673828
971,2.706622362136841,,17.71301507949829,0.015113353729248047
972,2.750500202178955,,17.730180740356445,0.015159368515014648
973,2.708721160888672,,17.74845552444458,0.01626873016357422
974,2.718945026397705,,17.765419960021973,0.0159609317779541
975,2.69765567779541,,17.78309416770935,0.015618085861206055
976,2.7085723876953125,,17.800195932388306,0.015558004379272461
977,2.713776111602783,,17.818334341049194,0.0161740779876709
978,2.670375108718872,,17.835455417633057,0.0150909423828125
979,2.719942569732666,,17.85307478904724,0.01558232307434082
980,2.7293639183044434,,17.87009859085083,0.01502370834350586
981,2.666156530380249,,17.888266801834106,0.01619744300842285
982,2.686197519302368,,17.905746698379517,0.016480207443237305
983,2.7131011486053467,,17.922329425811768,0.015582561492919922
984,2.6758551597595215,,17.939491748809814,0.014617443084716797
985,2.7240829467773438,,17.957664012908936,0.016580820083618164
986,2.6338460445404053,,17.974727153778076,0.01504206657409668
987,2.7239222526550293,,17.989927053451538,0.013159036636352539
988,2.6823410987854004,,18.01006531715393,0.020138263702392578
989,2.750840425491333,,18.0271897315979,0.015123844146728516
990,2.66463565826416,,18.044944763183594,0.01575493812561035
991,2.706814765930176,,18.060965299606323,0.014766931533813477
992,2.6491434574127197,,18.079795837402344,0.0162506103515625
993,2.7000136375427246,,18.097107410430908,0.015316963195800781
994,2.686614990234375,,18.115697383880615,0.016590356826782227
995,2.668549060821533,,18.138030529022217,0.021332740783691406
996,2.6876864433288574,,18.155123949050903,0.015093564987182617
997,2.622927665710449,,18.17262625694275,0.015465497970581055
998,2.6309967041015625,,18.189934730529785,0.01530766487121582
999,2.6571922302246094,,18.20772075653076,0.01562356948852539
1000,2.652099609375,0.9146914680798849,18.226917266845703,0.0171661376953125
1001,2.6744043827056885,,18.245035648345947,0.01611948013305664
1002,2.7251224517822266,,18.262309551239014,0.015262842178344727
1003,2.653827667236328,,18.28075122833252,0.01740097999572754
1004,2.675295829772949,,18.298158168792725,0.015407800674438477
1005,2.653818130493164,,18.316237926483154,0.016080379486083984
1006,2.7195401191711426,,18.33292508125305,0.01553964614868164
1007,2.6543731689453125,,18.35094904899597,0.015491962432861328
1008,2.6680479049682617,,18.368662118911743,0.015624284744262695
1009,2.6180379390716553,,18.38689374923706,0.01526188850402832
1010,2.6303465366363525,,18.404781579971313,0.01589369773864746
1011,2.6879961490631104,,18.42251181602478,0.015724658966064453
1012,2.6550521850585938,,18.439953804016113,0.016445636749267578
1013,2.6506824493408203,,18.457215785980225,0.015262603759765625
1014,2.6835103034973145,,18.474853992462158,0.01563715934753418
1015,2.6111693382263184,,18.491991996765137,0.01510310173034668
1016,2.592576265335083,,18.510522603988647,0.01653146743774414
1017,2.6569466590881348,,18.52716612815857,0.01561427116394043
1018,2.6521716117858887,,18.544752836227417,0.01558375358581543
1019,2.6337385177612305,,18.561405897140503,0.015221118927001953
1020,2.6389241218566895,,18.5791072845459,0.015131235122680664
1021,2.6444554328918457,,18.597118854522705,0.016018152236938477
1022,2.5893802642822266,,18.614619970321655,0.015493392944335938
1023,2.6306471824645996,,18.63152503967285,0.01476907730102539
1024,2.5926036834716797,,18.655250787734985,0.021729469299316406
1025,2.619657039642334,,18.67276406288147,0.016178131103515625
1026,2.636746406555176,,18.69014883041382,0.015383720397949219
1027,2.6314656734466553,,18.707774877548218,0.01665782928466797
1028,2.627877712249756,,18.724698543548584,0.014924287796020508
1029,2.5973129272460938,,18.74173140525818,0.015682220458984375
1030,2.5608701705932617,,18.759907484054565,0.016175031661987305
1031,2.659407138824463,,18.77738881111145,0.01559758186340332
1032,2.583775043487549,,18.794633626937866,0.015245676040649414
1033,2.6302828788757324,,18.812530755996704,0.015570878982543945
1034,2.5661585330963135,,18.829832077026367,0.016301393508911133
1035,2.5541529655456543,,18.847522020339966,0.015163660049438477
1036,2.5924158096313477,,18.864696979522705,0.015173196792602539
1037,2.6191611289978027,,18.88356375694275,0.015578269958496094
1038,2.583996295928955,,18.90037441253662,0.015269279479980469
1039,2.548826217651367,,18.919095754623413,0.0157163143157959
1040,2.55122447013855,,18.936015367507935,0.015580177307128906
1041,2.627923011779785,,18.953636646270752,0.015588760375976562
1042,2.549943208694458,,18.971848964691162,0.015627384185791016
1043,2.5556421279907227,,18.988699436187744,0.014864921569824219
1044,2.596888542175293,,19.006125926971436,0.01510000228881836
1045,2.5834622383117676,,19.022932529449463,0.014777421951293945
1046,2.5994679927825928,,19.040297746658325,0.015680313110351562
1047,2.5597760677337646,,19.058100938796997,0.015803098678588867
1048,2.56602144241333,,19.080238342285156,0.020781517028808594
1049,2.6290297508239746,,19.098149299621582,0.015874624252319336
1050,2.536766767501831,,19.115753412246704,0.015604496002197266
1051,2.541851282119751,,19.13294267654419,0.015186309814453125
1052,2.6119894981384277,,19.150755882263184,0.015309810638427734
1053,2.5403144359588623,,19.168815851211548,0.01605820655822754
1054,2.578667640686035,,19.18704080581665,0.01626110076904297
1055,2.596127986907959,,19.204031229019165,0.01598381996154785
1056,2.5957324504852295,,19.222240686416626,0.016141176223754883
1057,2.5176613330841064,,19.243762731552124,0.020522594451904297
1058,2.5510501861572266,,19.261811017990112,0.01546621322631836
1059,2.5768961906433105,,19.279078483581543,0.015726566314697266
1060,2.559657335281372,,19.296601057052612,0.016520977020263672
1061,2.5442895889282227,,19.319438457489014,0.02083730697631836
1062,2.5285086631774902,,19.335436582565308,0.014998912811279297
1063,2.561908721923828,,19.35306406021118,0.015620231628417969
1064,2.5578343868255615,,19.370877742767334,0.015200376510620117
1065,2.505518913269043,,19.38780117034912,0.014923810958862305
1066,2.5374131202697754,,19.405994415283203,0.0162045955657959
1067,2.5606136322021484,,19.426064252853394,0.019071102142333984
1068,2.5765042304992676,,19.443193197250366,0.015662431716918945
1069,2.584559202194214,,19.460955381393433,0.015177488327026367
1070,2.585026264190674,,19.478683710098267,0.015223503112792969
1071,2.4755935668945312,,19.496647119522095,0.01596236228942871
1072,2.5696020126342773,,19.513269901275635,0.014579296112060547
1073,2.499174118041992,,19.53164529800415,0.015787124633789062
1074,2.524081230163574,,19.54888343811035,0.015183687210083008
1075,2.565082550048828,,19.572210550308228,0.021327495574951172
1076,2.5924131870269775,,19.588218212127686,0.016007661819458008
1077,2.5062477588653564,,19.605260610580444,0.01504206657409668
1078,2.569916248321533,,19.62885355949402,0.020584821701049805
1079,2.492990493774414,,19.645025491714478,0.016171932220458984
1080,2.5231263637542725,,19.661739826202393,0.015672683715820312
1081,2.501725673675537,,19.67971968650818,0.01617908477783203
1082,2.4886937141418457,,19.696950912475586,0.016230344772338867
1083,2.4945924282073975,,19.714067459106445,0.015146493911743164
1084,2.5201826095581055,,19.73118567466736,0.016157865524291992
1085,2.538729190826416,,19.749505281448364,0.016353607177734375
1086,2.540022850036621,,19.766939401626587,0.015434026718139648
1087,2.563258171081543,,19.7834894657135,0.014580488204956055
1088,2.5374794006347656,,19.802175045013428,0.016104459762573242
1089,2.5444891452789307,,19.819420099258423,0.016210556030273438
1090,2.553757667541504,,19.836897134780884,0.015488147735595703
1091,2.4725382328033447,,19.854012489318848,0.015077352523803711
1092,2.503845691680908,,19.871938467025757,0.01638340950012207
1093,2.5274336338043213,,19.888725996017456,0.01575779914855957
1094,2.5122482776641846,,19.90597152709961,0.015250205993652344
1095,2.574707508087158,,19.92361092567444,0.015644550323486328
1096,2.552720308303833,,19.941102504730225,0.015955448150634766
1097,2.487175464630127,,19.95826530456543,0.015133142471313477
1098,2.529616355895996,,19.976862907409668,0.016590595245361328
1099,2.4657301902770996,,19.994636297225952,0.015771865844726562
1100,2.494379758834839,0.9445408980051676,20.013238191604614,0.016597747802734375
1101,2.520203113555908,,20.031822443008423,0.016013622283935547
1102,2.480274200439453,,20.049949169158936,0.01613593101501465
1103,2.4200119972229004,,20.06761407852173,0.015665054321289062
1104,2.4888956546783447,,20.085765600204468,0.01615166664123535
1105,2.491946220397949,,20.10307002067566,0.01596689224243164
1106,2.511026382446289,,20.120821952819824,0.015181779861450195
1107,2.4892449378967285,,20.138002395629883,0.015139579772949219
1108,2.508207321166992,,20.15526795387268,0.01526498794555664
1109,2.4745965003967285,,20.172492742538452,0.01489114761352539
1110,2.4603378772735596,,20.190409421920776,0.015377998352050781
1111,2.4271035194396973,,20.208016872406006,0.01567530632019043
1112,2.4620978832244873,,20.224871397018433,0.014853239059448242
1113,2.4634721279144287,,20.24251651763916,0.015449762344360352
1114,2.445718288421631,,20.259893894195557,0.016373395919799805
1115,2.5283288955688477,,20.27769660949707,0.015929222106933594
1116,2.48199462890625,,20.295078992843628,0.015400886535644531
1117,2.471925973892212,,20.31835126876831,0.021235942840576172
1118,2.434582233428955,,20.333858489990234,0.015507221221923828
1119,2.4589457511901855,,20.352173328399658,0.0157468318939209
1120,2.466336488723755,,20.36967444419861,0.01650094985961914
1121,2.4724550247192383,,20.387837409973145,0.016191959381103516
1122,2.4251956939697266,,20.40501570701599,0.015180349349975586
1123,2.4560577869415283,,20.422608613967896,0.015557527542114258
1124,2.4337124824523926,,20.440120458602905,0.015511274337768555
1125,2.479167938232422,,20.45729398727417,0.015177488327026367
1126,2.451277256011963,,20.47523260116577,0.015938758850097656
1127,2.527085065841675,,20.492043018341064,0.014778852462768555
1128,2.4609713554382324,,20.510009765625,0.015959978103637695
1129,2.487006425857544,,20.52780294418335,0.015794038772583008
1130,2.493767499923706,,20.546095371246338,0.016290903091430664
1131,2.437774658203125,,20.56341004371643,0.01531219482421875
1132,2.446310043334961,,20.581700325012207,0.0167844295501709
1133,2.4874777793884277,,20.59920835494995,0.015506982803344727
1134,2.4536070823669434,,20.617149591445923,0.016118764877319336
1135,2.4038782119750977,,20.634560585021973,0.015872478485107422
1136,2.458059072494507,,20.65166187286377,0.015512704849243164
1137,2.4657747745513916,,20.668896675109863,0.015233039855957031
1138,2.4092583656311035,,20.686979055404663,0.016112327575683594
1139,2.4670660495758057,,20.703465938568115,0.014486551284790039
1140,2.4351396560668945,,20.72214961051941,0.0161440372467041
1141,2.433182954788208,,20.739587545394897,0.016440153121948242
1142,2.4160141944885254,,20.756057024002075,0.015468835830688477
1143,2.4265003204345703,,20.773762702941895,0.015714406967163086
1144,2.4191701412200928,,20.79165768623352,0.015710830688476562
1145,2.4112820625305176,,20.808825492858887,0.016171693801879883
1146,2.4497413635253906,,20.82606792449951,0.015247583389282227
1147,2.3978891372680664,,20.844764232635498,0.016704797744750977
1148,2.4372599124908447,,20.86205506324768,0.015197277069091797
1149,2.4588682651519775,,20.879647493362427,0.016562700271606445
1150,2.4488096237182617,,20.89750099182129,0.015853404998779297
1151,2.4024977684020996,,20.915623664855957,0.01712489128112793
1152,2.4166104793548584,,20.93357515335083,0.01595163345336914
1153,2.4704654216766357,,20.950875520706177,0.015795230865478516
1154,2.405125141143799,,20.968809604644775,0.015900373458862305
1155,2.40790057182312,,20.986593008041382,0.01578378677368164
1156,2.4223549365997314,,21.003504276275635,0.015913724899291992
1157,2.481390953063965,,21.02087378501892,0.015834331512451172
1158,2.356830596923828,,21.038372039794922,0.015502214431762695
1159,2.4178390502929688,,21.056021690368652,0.015618562698364258
1160,2.416736602783203,,21.07318949699402,0.015137910842895508
1161,2.3563127517700195,,21.091264486312866,0.01653742790222168
1162,2.4029924869537354,,21.107996463775635,0.01573324203491211
1163,2.3825812339782715,,21.124998807907104,0.014911890029907227
1164,2.349611759185791,,21.143797636032104,0.01656174659729004
1165,2.3766961097717285,,21.161675453186035,0.015308856964111328
1166,2.3941259384155273,,21.179777145385742,0.01613140106201172
1167,2.4038524627685547,,21.197051525115967,0.015262365341186523
1168,2.363816261291504,,21.21490216255188,0.015581369400024414
1169,2.4596385955810547,,21.23208737373352,0.015612602233886719
1170,2.382296323776245,,21.25022840499878,0.015605449676513672
1171,2.4085135459899902,,21.267462015151978,0.015230894088745117
1172,2.3352670669555664,,21.28687047958374,0.016143083572387695
1173,2.434197425842285,,21.303280353546143,0.015413284301757812
1174,2.3823275566101074,,21.321609020233154,0.015749454498291016
1175,2.366584300994873,,21.339574337005615,0.016351699829101562
1176,2.387356758117676,,21.3568274974823,0.015250205993652344
1177,2.3893680572509766,,21.37395191192627,0.016156435012817383
1178,2.3630261421203613,,21.391814470291138,0.01631641387939453
1179,2.367704391479492,,21.408883094787598,0.015109062194824219
1180,2.344482898712158,,21.42635488510132,0.015462636947631836
1181,2.3575191497802734,,21.443320989608765,0.014812469482421875
1182,2.426440477371216,,21.461231470108032,0.015369415283203125
1183,2.3574037551879883,,21.47894525527954,0.015713930130004883
1184,2.3738293647766113,,21.496883869171143,0.015941381454467773
1185,2.3473024368286133,,21.513519287109375,0.014604568481445312
1186,2.393420696258545,,21.53179097175598,0.0157015323638916
1187,2.3905906677246094,,21.550493478775024,0.01513814926147461
1188,2.3164286613464355,,21.568307161331177,0.015533447265625
1189,2.3872175216674805,,21.586424827575684,0.015117645263671875
1190,2.3703417778015137,,21.603142261505127,0.014920473098754883
1191,2.3145928382873535,,21.62234401702881,0.015625715255737305
1192,2.385024070739746,,21.640459775924683,0.015577077865600586
1193,2.400900363922119,,21.65778374671936,0.015348672866821289
1194,2.284125328063965,,21.676867485046387,0.017093420028686523
1195,2.37742280960083,,21.69346308708191,0.014595746994018555
1196,2.314438819885254,,21.711867809295654,0.015828847885131836
1197,2.3732895851135254,,21.730135440826416,0.016268253326416016
1198,2.3329708576202393,,21.74819254875183,0.017068147659301758
1199,2.3685920238494873,,21.765462636947632,0.015269756317138672
1200,2.3547420501708984,0.9503920276959738,21.784801959991455,0.01729583740234375
1201,2.301614999771118,,21.806740045547485,0.019902467727661133
1202,2.339012622833252,,21.82337212562561,0.015632152557373047
1203,2.376885414123535,,21.841710090637207,0.015599250793457031
1204,2.395616054534912,,21.859073638916016,0.015363454818725586
1205,2.3531267642974854,,21.877495527267456,0.016391754150390625
1206,2.33233904838562,,21.89487051963806,0.015374183654785156
1207,2.337764024734497,,21.912489891052246,0.016051769256591797
1208,2.3451647758483887,,21.930456161499023,0.01546335220336914
1209,2.3190383911132812,,21.94920039176941,0.016742467880249023
1210,2.395376443862915,,21.96692705154419,0.016697406768798828
1211,2.3694629669189453,,21.984691858291626,0.015216588973999023
1212,2.39062237739563,,22.003015995025635,0.016287565231323242
1213,2.3947603702545166,,22.01985812187195,0.014841556549072266
1214,2.301056385040283,,22.03740620613098,0.0155487060546875
1215,2.2996299266815186,,22.05523657798767,0.015378475189208984
1216,2.363642692565918,,22.072613954544067,0.01534581184387207
1217,2.350404977798462,,22.090315580368042,0.015196561813354492
1218,2.383007049560547,,22.112375259399414,0.020058631896972656
1219,2.3191328048706055,,22.1292405128479,0.01586604118347168
1220,2.28310489654541,,22.147388219833374,0.016117572784423828
1221,2.3566339015960693,,22.164905309677124,0.015517234802246094
1222,2.3111472129821777,,22.182270288467407,0.01459646224975586
1223,2.3182616233825684,,22.19991421699524,0.014886617660522461
1224,2.2893779277801514,,22.218575477600098,0.015660524368286133
1225,2.322572708129883,,22.23542594909668,0.015232324600219727
1226,2.3749194145202637,,22.253918647766113,0.015460729598999023
1227,2.2490923404693604,,22.27204155921936,0.016029834747314453
1228,2.2861411571502686,,22.290374040603638,0.015361309051513672
1229,2.3402841091156006,,22.308488845825195,0.016112804412841797
1230,2.3134493827819824,,22.325880527496338,0.016392230987548828
1231,2.343522071838379,,22.34347891807556,0.016564607620239258
1232,2.2922825813293457,,22.361045598983765,0.01603245735168457
1233,2.2559328079223633,,22.378108263015747,0.016032934188842773
1234,2.2605464458465576,,22.395458936691284,0.015351295471191406
1235,2.34512996673584,,22.41557812690735,0.018090009689331055
1236,2.332706928253174,,22.43256115913391,0.014957666397094727
1237,2.3131661415100098,,22.450249671936035,0.015183210372924805
1238,2.2954154014587402,,22.46832585334778,0.016065120697021484
1239,2.3041768074035645,,22.48559331893921,0.015267610549926758
1240,2.294060230255127,,22.503008127212524,0.01541280746459961
1241,2.319490909576416,,22.520829439163208,0.015818357467651367
1242,2.312696933746338,,22.538362979888916,0.015526056289672852
1243,2.301053762435913,,22.556139707565308,0.015745878219604492
1244,2.311204433441162,,22.573591947555542,0.015461444854736328
1245,2.296754837036133,,22.592328548431396,0.017202138900756836
1246,2.259815216064453,,22.609896659851074,0.015635013580322266
1247,2.33131742477417,,22.62747597694397,0.015579700469970703
1248,2.3082239627838135,,22.64505910873413,0.015583515167236328
1249,2.308980703353882,,22.66267967224121,0.016047954559326172
1250,2.249849557876587,,22.679821014404297,0.015160083770751953
1251,2.3057093620300293,,22.69796395301819,0.016150951385498047
1252,2.33536434173584,,22.71607208251953,0.016138792037963867
1253,2.289641857147217,,22.733072996139526,0.015001296997070312
1254,2.2683064937591553,,22.75121521949768,0.015572071075439453
1255,2.3310275077819824,,22.768987894058228,0.01516413688659668
1256,2.264387607574463,,22.787095546722412,0.01611018180847168
1257,2.2931649684906006,,22.80470371246338,0.016167163848876953
1258,2.279754877090454,,22.821532249450684,0.014786243438720703
1259,2.2927088737487793,,22.84024977684021,0.016965389251708984
1260,2.256169319152832,,22.861961841583252,0.020711183547973633
1261,2.301055431365967,,22.879470348358154,0.015508174896240234
1262,2.2172389030456543,,22.897419214248657,0.015952348709106445
1263,2.2846810817718506,,22.914783239364624,0.015390634536743164
1264,2.285264015197754,,22.932628631591797,0.015742778778076172
1265,2.270857572555542,,22.950068473815918,0.015469074249267578
1266,2.2547364234924316,,22.96686553955078,0.014793634414672852
1267,2.2882914543151855,,22.985508918762207,0.016135692596435547
1268,2.3075931072235107,,23.00232243537903,0.014807462692260742
1269,2.2735602855682373,,23.019994258880615,0.01516413688659668
1270,2.2977707386016846,,23.03770923614502,0.015713214874267578
1271,2.2303097248077393,,23.05508255958557,0.015376091003417969
1272,2.268192768096924,,23.072936058044434,0.015851736068725586
1273,2.258789300918579,,23.090183973312378,0.016249418258666992
1274,2.254521369934082,,23.107757806777954,0.015576839447021484
1275,2.2458701133728027,,23.12545156478882,0.015697479248046875
1276,2.2287402153015137,,23.143973350524902,0.01751852035522461
1277,2.257549524307251,,23.160701751708984,0.01522207260131836
1278,2.2402586936950684,,23.1793053150177,0.016605615615844727
1279,2.2882635593414307,,23.19983458518982,0.01953125
1280,2.2266387939453125,,23.21785545349121,0.016022443771362305
1281,2.243096351623535,,23.234644651412964,0.015790939331054688
1282,2.227680206298828,,23.253885507583618,0.016234874725341797
1283,2.2221202850341797,,23.27088212966919,0.015970945358276367
1284,2.2769618034362793,,23.288905143737793,0.01602625846862793
1285,2.286031723022461,,23.307037353515625,0.016026020050048828
1286,2.3111255168914795,,23.32471537590027,0.015680313110351562
1287,2.2824082374572754,,23.342825412750244,0.017102718353271484
1288,2.298067569732666,,23.36002469062805,0.01520228385925293
1289,2.278801441192627,,23.378180503845215,0.016157865524291992
1290,2.303032398223877,,23.395286798477173,0.01510930061340332
1291,2.2799735069274902,,23.413464784622192,0.01617574691772461
1292,2.322359085083008,,23.431662559509277,0.01568317413330078
1293,2.2556509971618652,,23.44917321205139,0.015513420104980469
1294,2.2687320709228516,,23.466888666152954,0.01571798324584961
1295,2.26322340965271,,23.484920263290405,0.01552724838256836
1296,2.2613933086395264,,23.50208282470703,0.015651464462280273
1297,2.2511818408966064,,23.519835710525513,0.0167539119720459
1298,2.2706234455108643,,23.53791379928589,0.016109466552734375
1299,2.203956365585327,,23.55493187904358,0.015021085739135742
1300,2.20630145072937,0.9595745205879211,23.575883865356445,0.018945693969726562
1301,2.2241714000701904,,23.593456268310547,0.015575885772705078
1302,2.19655179977417,,23.611743927001953,0.016680479049682617
1303,2.242687940597534,,23.630043268203735,0.017299890518188477
1304,2.2220184803009033,,23.649208307266235,0.01715683937072754
1305,2.2426204681396484,,23.66909384727478,0.01729750633239746
1306,2.2710084915161133,,23.68690013885498,0.015562295913696289
1307,2.2324843406677246,,23.704837799072266,0.01593303680419922
1308,2.2170369625091553,,23.72358798980713,0.01674342155456543
1309,2.2682552337646484,,23.74396538734436,0.019251108169555664
1310,2.227940082550049,,23.761748790740967,0.015273094177246094
1311,2.211589813232422,,23.78088355064392,0.017137765884399414
1312,2.251190662384033,,23.798086643218994,0.016204357147216797
1313,2.1943507194519043,,23.818145275115967,0.017061948776245117
1314,2.228496551513672,,23.839914321899414,0.020765066146850586
1315,2.2304399013519287,,23.857000827789307,0.015089273452758789
1316,2.295729637145996,,23.874833345413208,0.015845060348510742
1317,2.2091751098632812,,23.892042636871338,0.015697717666625977
1318,2.2583868503570557,,23.91006636619568,0.016026973724365234
1319,2.1714682579040527,,23.92708945274353,0.015026569366455078
1320,2.1892073154449463,,23.944763898849487,0.01567697525024414
1321,2.1693274974823,,23.96238613128662,0.015616416931152344
1322,2.203033208847046,,23.98037815093994,0.015488147735595703
1323,2.189018726348877,,24.00263738632202,0.02026224136352539
1324,2.1890673637390137,,24.019699573516846,0.016057252883911133
1325,2.2444193363189697,,24.037922143936157,0.01622605323791504
1326,2.2043509483337402,,24.05971908569336,0.020804882049560547
1327,2.200422525405884,,24.07663059234619,0.01574254035949707
1328,2.166940212249756,,24.09491205215454,0.01627802848815918
1329,2.1788392066955566,,24.111372709274292,0.01528620719909668
1330,2.211890935897827,,24.128851652145386,0.015475988388061523
1331,2.212888240814209,,24.14768123626709,0.015830039978027344
1332,2.212042808532715,,24.16489887237549,0.016217708587646484
1333,2.235866069793701,,24.182834148406982,0.01564764976501465
1334,2.2007017135620117,,24.200605154037476,0.01577162742614746
1335,2.197906732559204,,24.219241619110107,0.016635656356811523
1336,2.251490831375122,,24.235939502716064,0.014698266983032227
1337,2.2915070056915283,,24.259710788726807,0.02076864242553711
1338,2.192922592163086,,24.275737762451172,0.016026973724365234
1339,2.2427046298980713,,24.292335271835327,0.014597892761230469
1340,2.178818941116333,,24.31191849708557,0.01707744598388672
1341,2.2082324028015137,,24.328444719314575,0.015526294708251953
1342,2.1927523612976074,,24.346575260162354,0.015129804611206055
1343,2.1946163177490234,,24.364633560180664,0.01605820655822754
1344,2.1612937450408936,,24.383678913116455,0.019045352935791016
1345,2.1532726287841797,,24.40164589881897,0.01557159423828125
1346,2.2116360664367676,,24.4197416305542,0.015096187591552734
1347,2.2418859004974365,,24.437089204788208,0.015348196029663086
1348,2.154118776321411,,24.454596042633057,0.014507055282592773
1349,2.2540431022644043,,24.472185611724854,0.01554107666015625
1350,2.2031590938568115,,24.489985704421997,0.015296697616577148
1351,2.1469640731811523,,24.507611513137817,0.015518903732299805
1352,2.162137031555176,,24.530158758163452,0.020548105239868164
1353,2.1439990997314453,,24.546919345855713,0.016760587692260742
1354,2.190209150314331,,24.56326937675476,0.015350103378295898
1355,2.201594352722168,,24.586488962173462,0.020565271377563477
1356,2.1699657440185547,,24.60503625869751,0.0165555477142334
1357,2.179877281188965,,24.621554136276245,0.01551365852355957
1358,2.190340280532837,,24.63975167274475,0.016165494918823242
1359,2.119267463684082,,24.662853717803955,0.02109360694885254
1360,2.2113795280456543,,24.685641527175903,0.020787715911865234
1361,2.170623302459717,,24.702985525131226,0.01534128189086914
1362,2.1643314361572266,,24.721547603607178,0.016056537628173828
1363,2.2093393802642822,,24.738742113113403,0.01519632339477539
1364,2.1635310649871826,,24.755825996398926,0.01508641242980957
1365,2.1415536403656006,,24.778151512145996,0.020325422286987305
1366,2.1798949241638184,,24.794860124588013,0.014711141586303711
1367,2.1300289630889893,,24.81348180770874,0.015515804290771484
1368,2.1473374366760254,,24.836118459701538,0.02013087272644043
1369,2.196568489074707,,24.852986574172974,0.014865636825561523
1370,2.207759141921997,,24.87082862854004,0.015837430953979492
1371,2.1484875679016113,,24.893275499343872,0.020195484161376953
1372,2.1800265312194824,,24.91054630279541,0.015766382217407227
1373,2.1352434158325195,,24.927982568740845,0.015433549880981445
1374,2.156092643737793,,24.948874950408936,0.018889665603637695
1375,2.1740007400512695,,24.96731925010681,0.016446828842163086
1376,2.162905216217041,,24.989113569259644,0.019824504852294922
1377,2.1141397953033447,,25.01128387451172,0.02005171775817871
1378,2.166656970977783,,25.029333353042603,0.0160524845123291
1379,2.1648294925689697,,25.049360990524292,0.019029617309570312
1380,2.1856236457824707,,25.06672954559326,0.015370607376098633
1381,2.1077685356140137,,25.084752798080444,0.016026973724365234
1382,2.167442798614502,,25.101924419403076,0.015664100646972656
1383,2.1701831817626953,,25.11999535560608,0.015070676803588867
1384,2.1564393043518066,,25.1374568939209,0.015464067459106445
1385,2.1257829666137695,,25.154970407485962,0.015516042709350586
1386,2.15126895904541,,25.17559289932251,0.01911640167236328
1387,2.1512675285339355,,25.194851398468018,0.01725602149963379
1388,2.1748716831207275,,25.212903022766113,0.016544818878173828
1389,2.1964383125305176,,25.230013847351074,0.015109777450561523
1390,2.1702919006347656,,25.250676155090332,0.01866436004638672
1391,2.1140875816345215,,25.270471572875977,0.017798185348510742
1392,2.148381233215332,,25.29377579689026,0.021268606185913086
1393,2.1705470085144043,,25.315359354019165,0.020081043243408203
1394,2.1196129322052,,25.332911252975464,0.015549659729003906
1395,2.1242809295654297,,25.35659122467041,0.021145105361938477
1396,2.092193365097046,,25.37890887260437,0.020320653915405273
1397,2.141876220703125,,25.39599871635437,0.015092849731445312
1398,2.144604206085205,,25.415024518966675,0.017023563385009766
1399,2.139791488647461,,25.431605100631714,0.015576839447021484
1400,2.130336284637451,0.957521915435791,25.45069122314453,0.01708817481994629
1401,2.1307225227355957,,25.469043016433716,0.01636815071105957
1402,2.0971100330352783,,25.48673176765442,0.015180110931396484
1403,2.096428632736206,,25.50990104675293,0.02120375633239746
1404,2.14205265045166,,25.527440786361694,0.01554250717163086
1405,2.1689577102661133,,25.5440354347229,0.015594244003295898
1406,2.1679298877716064,,25.561967849731445,0.015627622604370117
1407,2.1072299480438232,,25.584601402282715,0.02063584327697754
1408,2.1400911808013916,,25.600769519805908,0.015132665634155273
1409,2.125598430633545,,25.61952018737793,0.018750667572021484
1410,2.073951005935669,,25.63829755783081,0.016778230667114258
1411,2.080394744873047,,25.660152196884155,0.020853042602539062
1412,2.1468992233276367,,25.677911281585693,0.016629934310913086
1413,2.1745707988739014,,25.69604229927063,0.016099929809570312
1414,2.0495355129241943,,25.719055891036987,0.02102375030517578
1415,2.0618538856506348,,25.73651123046875,0.016425609588623047
1416,2.133105993270874,,25.75853204727173,0.01999068260192871
1417,2.1407456398010254,,25.77580451965332,0.015105247497558594
1418,2.0738959312438965,,25.793449640274048,0.01561880111694336
1419,2.11484432220459,,25.810500860214233,0.01551675796508789
1420,2.108665943145752,,25.828749895095825,0.016217947006225586
1421,2.1169381141662598,,25.845367670059204,0.015618324279785156
1422,2.141969680786133,,25.864031553268433,0.016628503799438477
1423,2.096858024597168,,25.88800024986267,0.02300119400024414
1424,2.1060218811035156,,25.910258054733276,0.02125072479248047
1425,2.127030849456787,,25.927347421646118,0.016090869903564453
1426,2.1148364543914795,,25.944703102111816,0.01535797119140625
1427,2.106639862060547,,25.96217179298401,0.015465259552001953
1428,2.12729549407959,,25.980083465576172,0.015411376953125
1429,2.1030585765838623,,26.00216007232666,0.020079374313354492
1430,2.067354202270508,,26.02132272720337,0.016662120819091797
1431,2.0897958278656006,,26.038405179977417,0.015084981918334961
1432,2.1072630882263184,,26.05548620223999,0.015083551406860352
1433,2.09004282951355,,26.073317050933838,0.01582932472229004
1434,2.055234432220459,,26.090397834777832,0.015576601028442383
1435,2.0874271392822266,,26.112626314163208,0.020104408264160156
1436,2.1038637161254883,,26.13065266609192,0.015551090240478516
1437,2.100280284881592,,26.150346040725708,0.017696619033813477
1438,2.1367173194885254,,26.165006637573242,0.012662887573242188
1439,2.093310832977295,,26.186131954193115,0.015819311141967773
1440,2.0774893760681152,,26.203392267227173,0.015230178833007812
1441,2.0180675983428955,,26.22141408920288,0.015515327453613281
1442,2.117823600769043,,26.238903522491455,0.015491724014282227
1443,2.102900266647339,,26.256089687347412,0.01508784294128418
1444,2.0681331157684326,,26.273401498794556,0.015313386917114258
1445,2.0912094116210938,,26.291095972061157,0.015180349349975586
1446,1.9794155359268188,,26.314714431762695,0.021621227264404297
1447,2.100954532623291,,26.330259323120117,0.014536380767822266
1448,2.1141302585601807,,26.348528385162354,0.015238523483276367
1449,2.0766375064849854,,26.366836547851562,0.0163114070892334
1450,2.038787364959717,,26.389456272125244,0.020621299743652344
1451,2.068012237548828,,26.41169810295105,0.021242856979370117
1452,2.0849266052246094,,26.4277822971344,0.01508474349975586
1453,2.036216974258423,,26.450512886047363,0.02073383331298828
1454,2.053720712661743,,26.465834617614746,0.014318227767944336
1455,2.059185266494751,,26.48524284362793,0.016308307647705078
1456,2.067850351333618,,26.494794845581055,0.007549285888671875
1457,2.0751986503601074,,26.519168615341187,0.015522241592407227
1458,2.0493011474609375,,26.536561727523804,0.015390396118164062
1459,2.070991277694702,,26.555663108825684,0.016098737716674805
1460,2.1092734336853027,,26.577131271362305,0.020470142364501953
1461,2.029548168182373,,26.593827486038208,0.015691518783569336
1462,2.0759310722351074,,26.61185073852539,0.015518665313720703
1463,2.0697827339172363,,26.628948211669922,0.015099048614501953
1464,2.1094532012939453,,26.647650957107544,0.015703678131103516
1465,2.0603580474853516,,26.66486406326294,0.01621413230895996
1466,2.1401920318603516,,26.687751054763794,0.02077507972717285
1467,2.045475959777832,,26.710004329681396,0.020255327224731445
1468,2.06475830078125,,26.727108001708984,0.015106201171875
1469,2.064816951751709,,26.748241662979126,0.019135236740112305
1470,2.001880645751953,,26.765297889709473,0.016057968139648438
1471,2.047170400619507,,26.788018703460693,0.020671367645263672
1472,2.0777039527893066,,26.81041979789734,0.02040410041809082
1473,2.000314712524414,,26.82752537727356,0.015108108520507812
1474,2.0702614784240723,,26.84770917892456,0.018186092376708984
1475,2.1067609786987305,,26.864930152893066,0.015225887298583984
1476,2.0572569370269775,,26.88321018218994,0.015130996704101562
1477,2.0609278678894043,,26.903441190719604,0.01872849464416504
1478,2.047255516052246,,26.921513319015503,0.01653146743774414
1479,2.049673080444336,,26.938966751098633,0.015455961227416992
1480,2.044222116470337,,26.956735134124756,0.0144805908203125
1481,2.0075395107269287,,26.975138187408447,0.01639842987060547
1482,2.0662875175476074,,26.9928457736969,0.0157012939453125
1483,2.0625996589660645,,27.010875701904297,0.01553034782409668
1484,2.022794723510742,,27.02797794342041,0.015106439590454102
1485,2.06123423576355,,27.04743504524231,0.017467260360717773
1486,2.0549654960632324,,27.068861484527588,0.01942896842956543
1487,1.9717457294464111,,27.089017868041992,0.01765727996826172
1488,2.017343044281006,,27.11162519454956,0.02146601676940918
1489,2.025695323944092,,27.12912893295288,0.015506267547607422
1490,2.017594337463379,,27.151296615600586,0.019459009170532227
1491,2.0366954803466797,,27.16954255104065,0.01665210723876953
1492,1.9974346160888672,,27.186785459518433,0.015617132186889648
1493,2.036897659301758,,27.20568609237671,0.017092227935791016
1494,2.068516254425049,,27.222795963287354,0.015107870101928711
1495,2.007624387741089,,27.243823766708374,0.018689870834350586
1496,1.9819951057434082,,27.261615753173828,0.016291141510009766
1497,2.042849540710449,,27.28344416618347,0.019623279571533203
1498,2.0320382118225098,,27.306288719177246,0.020338058471679688
1499,2.0363783836364746,,27.326826572418213,0.01953721046447754
1500,2.0346078872680664,0.9683880607287089,27.34887957572937,0.020055294036865234
1501,2.0241708755493164,,27.36780285835266,0.016926050186157227
1502,2.022901773452759,,27.385383129119873,0.015583276748657227
1503,2.0275495052337646,,27.404595375061035,0.017210721969604492
1504,2.0705196857452393,,27.4247088432312,0.01710796356201172
1505,1.9939112663269043,,27.442423105239868,0.015711069107055664
1506,1.9659074544906616,,27.46179485321045,0.018372535705566406
1507,2.035181999206543,,27.480898141860962,0.017106056213378906
1508,2.0487983226776123,,27.501783847808838,0.018888235092163086
1509,2.0721774101257324,,27.51986813545227,0.016086578369140625
1510,2.0009732246398926,,27.537840366363525,0.015944480895996094
1511,2.0250909328460693,,27.555890321731567,0.016086339950561523
1512,2.0652015209198,,27.576185703277588,0.01829242706298828
1513,1.9896888732910156,,27.593506813049316,0.015318155288696289
1514,2.0566000938415527,,27.61185884475708,0.01584625244140625
1515,2.0084869861602783,,27.62950038909912,0.015655994415283203
1516,1.9849284887313843,,27.646666288375854,0.015166282653808594
1517,2.039907455444336,,27.664664030075073,0.015965938568115234
1518,1.9734975099563599,,27.682296752929688,0.0157167911529541
1519,2.0614020824432373,,27.700605392456055,0.01579880714416504
1520,2.0300040245056152,,27.718734979629517,0.015134096145629883
1521,2.0066757202148438,,27.736016750335693,0.015281915664672852
1522,2.0174059867858887,,27.754566192626953,0.015546798706054688
1523,1.9829131364822388,,27.77135133743286,0.015295028686523438
1524,2.0267527103424072,,27.79041075706482,0.017055749893188477
1525,2.0565221309661865,,27.80817937850952,0.017200231552124023
1526,1.915930986404419,,27.8253972530365,0.015059471130371094
1527,2.036167860031128,,27.844843864440918,0.017442703247070312
1528,1.9962565898895264,,27.86224627494812,0.015397787094116211
1529,1.999183177947998,,27.88057255744934,0.017296791076660156
1530,2.060507297515869,,27.900575160980225,0.01900506019592285
1531,2.030069351196289,,27.919249534606934,0.016811132431030273
1532,2.0068960189819336,,27.93771529197693,0.015722274780273438
1533,2.0661466121673584,,27.956080436706543,0.016195058822631836
1534,1.9685827493667603,,27.97333002090454,0.015418052673339844
1535,1.9883794784545898,,27.99074363708496,0.015910863876342773
1536,2.041867256164551,,28.009201526641846,0.016345977783203125
1537,2.0155837535858154,,28.026692152023315,0.01588726043701172
1538,1.9868385791778564,,28.04464340209961,0.01546931266784668
1539,1.9777605533599854,,28.06276822090149,0.016121625900268555
1540,1.9911235570907593,,28.08220672607422,0.017177343368530273
1541,2.0117249488830566,,28.10240602493286,0.019201278686523438
1542,1.9868381023406982,,28.122063875198364,0.017122268676757812
1543,1.97330641746521,,28.1447856426239,0.02023172378540039
1544,1.9655457735061646,,28.16257381439209,0.016280412673950195
1545,2.034238815307617,,28.179779291152954,0.015205621719360352
1546,1.9952399730682373,,28.197892665863037,0.016112327575683594
1547,2.002328395843506,,28.219367504119873,0.01947760581970215
1548,1.987565279006958,,28.24076509475708,0.020168304443359375
1549,2.0105299949645996,,28.25881290435791,0.01605057716369629
1550,1.9971356391906738,,28.27977681159973,0.020184755325317383
1551,2.0199899673461914,,28.29979681968689,0.018023014068603516
1552,1.9821053743362427,,28.31975269317627,0.01796269416809082
1553,1.9846699237823486,,28.3394877910614,0.018736839294433594
1554,1.9896039962768555,,28.356571197509766,0.015086174011230469
1555,2.0680670738220215,,28.37565326690674,0.017084360122680664
1556,1.9877469539642334,,28.39383864402771,0.01618337631225586
1557,2.0667805671691895,,28.410892248153687,0.015551090240478516
1558,2.0135955810546875,,28.428234338760376,0.015345096588134766
1559,1.9864466190338135,,28.446259021759033,0.016017675399780273
1560,1.9824626445770264,,28.463247299194336,0.014991044998168945
1561,2.0103695392608643,,28.4828200340271,0.01603245735168457
1562,2.0328009128570557,,28.499491691589355,0.015282154083251953
1563,1.9856746196746826,,28.51758646965027,0.015092134475708008
1564,1.9809246063232422,,28.535343170166016,0.015531778335571289
1565,1.9913465976715088,,28.553622007369995,0.01627039909362793
1566,1.9725425243377686,,28.571066856384277,0.015944242477416992
1567,1.9517604112625122,,28.589303970336914,0.015728473663330078
1568,1.979642629623413,,28.607384204864502,0.0160830020904541
1569,2.0115506649017334,,28.62568235397339,0.017298460006713867
1570,1.9616551399230957,,28.645933866500854,0.019251108169555664
1571,1.9698262214660645,,28.66485595703125,0.017922639846801758
1572,1.9456532001495361,,28.68449068069458,0.01750802993774414
1573,2.010416269302368,,28.702573537826538,0.016330480575561523
1574,1.965678334236145,,28.721242427825928,0.01616978645324707
1575,1.9329121112823486,,28.741214275360107,0.017973899841308594
1576,1.9973511695861816,,28.760035276412964,0.017819643020629883
1577,1.9839985370635986,,28.777251958847046,0.015264272689819336
1578,1.9281202554702759,,28.794790267944336,0.015535831451416016
1579,1.955611228942871,,28.81344747543335,0.01563262939453125
1580,1.982795000076294,,28.83463454246521,0.019651174545288086
1581,1.9785189628601074,,28.852164268493652,0.01552271842956543
1582,2.0251693725585938,,28.869688272476196,0.015019655227661133
1583,1.9997080564498901,,28.887983560562134,0.01578044891357422
1584,1.9991350173950195,,28.906818389892578,0.016837358474731445
1585,1.9587334394454956,,28.927327871322632,0.019476652145385742
1586,2.0191853046417236,,28.9449245929718,0.017596721649169922
1587,1.956904649734497,,28.962463855743408,0.016094446182250977
1588,1.964638113975525,,28.981008768081665,0.016040325164794922
1589,1.9168692827224731,,28.99859595298767,0.015590429306030273
1590,1.9356129169464111,,29.018831253051758,0.017233610153198242
1591,1.9888039827346802,,29.036187410354614,0.015359163284301758
1592,1.9861981868743896,,29.055002689361572,0.01681828498840332
1593,1.9419060945510864,,29.07506775856018,0.0200650691986084
1594,1.9678211212158203,,29.098429441452026,0.019510269165039062
1595,1.977846384048462,,29.118586778640747,0.017510414123535156
1596,1.9745125770568848,,29.13988184928894,0.019183874130249023
1597,1.989187479019165,,29.159181356430054,0.0188596248626709
1598,1.9495642185211182,,29.17928957939148,0.018111228942871094
1599,1.936713457107544,,29.202991008758545,0.021699190139770508
1600,1.9527782201766968,0.9740533232688904,29.223330974578857,0.01933908462524414
1601,1.9591526985168457,,29.247525453567505,0.021682024002075195
1602,1.9760578870773315,,29.267942667007446,0.017450571060180664
1603,1.9436935186386108,,29.28653645515442,0.016596555709838867
1604,1.9718358516693115,,29.30619740486145,0.01566338539123535
1605,1.969334602355957,,29.326725959777832,0.01754903793334961
1606,1.9899382591247559,,29.344850540161133,0.016103744506835938
1607,1.926525592803955,,29.364635944366455,0.016051530838012695
1608,1.9585328102111816,,29.390186548233032,0.024841785430908203
1609,1.9441496133804321,,29.410091161727905,0.017042160034179688
1610,1.9646337032318115,,29.42965292930603,0.017525196075439453
1611,1.9731111526489258,,29.452417612075806,0.020579814910888672
1612,1.979889988899231,,29.477584838867188,0.025167226791381836
1613,1.9691619873046875,,29.497051239013672,0.017469167709350586
1614,1.9321702718734741,,29.517959117889404,0.017325878143310547
1615,1.987905502319336,,29.538692235946655,0.017596006393432617
1616,1.9766854047775269,,29.559009790420532,0.01816868782043457
1617,1.9397201538085938,,29.577872037887573,0.017001628875732422
1618,1.9553191661834717,,29.604651927947998,0.024196386337280273
1619,1.973482370376587,,29.625372648239136,0.018683910369873047
1620,1.995963215827942,,29.648963689804077,0.02254962921142578
1621,1.9339141845703125,,29.6748104095459,0.02290821075439453
1622,1.9338722229003906,,29.698564052581787,0.021717309951782227
1623,1.9496231079101562,,29.719247341156006,0.017334699630737305
1624,1.9552117586135864,,29.740140914916992,0.01771378517150879
1625,1.9506757259368896,,29.764753103256226,0.022608518600463867
1626,1.8991185426712036,,29.78488063812256,0.017054080963134766
1627,1.909144401550293,,29.804619073867798,0.01670217514038086
1628,1.933558702468872,,29.830511808395386,0.022865772247314453
1629,1.9365668296813965,,29.851283311843872,0.020771503448486328
1630,1.9465937614440918,,29.876129865646362,0.021691560745239258
1631,1.9136693477630615,,29.89493489265442,0.01590275764465332
1632,1.9674122333526611,,29.916627407073975,0.018513202667236328
1633,1.8990955352783203,,29.93465518951416,0.015991926193237305
1634,1.9255974292755127,,29.95502281188965,0.017234325408935547
1635,1.927565574645996,,29.97563910484314,0.017037391662597656
1636,1.9438469409942627,,30.000059843063354,0.021813392639160156
1637,1.9228025674819946,,30.02478837966919,0.02269268035888672
1638,1.9648628234863281,,30.048834800720215,0.02404642105102539
1639,1.8965842723846436,,30.066679000854492,0.017844200134277344
1640,1.9731825590133667,,30.086983680725098,0.01829838752746582
1641,1.842486023902893,,30.11268162727356,0.022140979766845703
1642,1.9403828382492065,,30.138885021209717,0.024198055267333984
1643,1.9932565689086914,,30.159225702285767,0.01934218406677246
1644,1.9277617931365967,,30.181876182556152,0.02048039436340332
1645,1.9344961643218994,,30.20249080657959,0.01753091812133789
1646,1.8824695348739624,,30.221935749053955,0.018445968627929688
1647,1.9194517135620117,,30.240602493286133,0.016579866409301758
1648,1.9484410285949707,,30.260340929031372,0.01649022102355957
1649,1.9404220581054688,,30.279966831207275,0.01658797264099121
1650,1.9664226770401,,30.299371004104614,0.01751708984375
1651,1.8840422630310059,,30.319085359573364,0.017714262008666992
1652,1.891561508178711,,30.3388774394989,0.017647504806518555
1653,2.0086073875427246,,30.35921311378479,0.01732325553894043
1654,1.9045380353927612,,30.377798557281494,0.016716718673706055
1655,1.998457431793213,,30.397783279418945,0.017383575439453125
1656,1.9326448440551758,,30.419076919555664,0.018206357955932617
1657,1.918813705444336,,30.4371657371521,0.016344070434570312
1658,1.9527623653411865,,30.45823836326599,0.01778554916381836
1659,1.9383666515350342,,30.47874903678894,0.018220186233520508
1660,1.9223262071609497,,30.499317169189453,0.017435073852539062
1661,1.8696479797363281,,30.51889705657959,0.017553091049194336
1662,1.8699052333831787,,30.53857707977295,0.017861366271972656
1663,1.9368221759796143,,30.55864119529724,0.017217397689819336
1664,1.973946213722229,,30.578480005264282,0.01739215850830078
1665,1.9748985767364502,,30.60012435913086,0.018171072006225586
1666,1.9102873802185059,,30.6199152469635,0.017142534255981445
1667,1.8957695960998535,,30.639658451080322,0.01738739013671875
1668,1.921471357345581,,30.659385442733765,0.017270326614379883
1669,1.905881643295288,,30.679264068603516,0.017383098602294922
1670,1.9755291938781738,,30.7061927318573,0.023413896560668945
1671,1.9787466526031494,,30.72903323173523,0.02164602279663086
1672,1.9499245882034302,,30.751059770584106,0.020022153854370117
1673,1.838645577430725,,30.77017307281494,0.016796588897705078
1674,1.8959038257598877,,30.791093826293945,0.017925262451171875
1675,1.8729252815246582,,30.81161332130432,0.018514633178710938
1676,1.9244753122329712,,30.830390453338623,0.015776395797729492
1677,1.8773167133331299,,30.851582288742065,0.019186973571777344
1678,1.8833342790603638,,30.872512578964233,0.018926620483398438
1679,1.9294092655181885,,30.89613437652588,0.022516965866088867
1680,1.912585973739624,,30.916704654693604,0.01849532127380371
1681,1.8789688348770142,,30.94149422645569,0.02478957176208496
1682,1.9041593074798584,,30.957580089569092,0.01608586311340332
1683,1.926710844039917,,30.977580070495605,0.017998218536376953
1684,1.8869551420211792,,31.003769397735596,0.026189327239990234
1685,1.8819597959518433,,31.023654222488403,0.018880128860473633
1686,1.9064242839813232,,31.0454204082489,0.01916980743408203
1687,1.9374363422393799,,31.06081533432007,0.014357805252075195
1688,1.8825125694274902,,31.084226369857788,0.017136096954345703
1689,1.8580787181854248,,31.104780912399292,0.018045902252197266
1690,1.9565753936767578,,31.12466335296631,0.016527891159057617
1691,1.9029123783111572,,31.144718408584595,0.020055055618286133
1692,1.91973876953125,,31.16451120376587,0.017156362533569336
1693,1.84259033203125,,31.184986352920532,0.01774430274963379
1694,1.8813159465789795,,31.206067323684692,0.01657700538635254
1695,1.8780760765075684,,31.227076530456543,0.0176546573638916
1696,1.9377943277359009,,31.247524976730347,0.017029523849487305
1697,1.9114197492599487,,31.268515586853027,0.016389131546020508
1698,1.896620512008667,,31.28910541534424,0.017248868942260742
1699,1.9116897583007812,,31.309777975082397,0.016717195510864258
1700,1.897995948791504,0.972959061463674,31.335718631744385,0.02170562744140625
1701,1.882423996925354,,31.355859518051147,0.018519878387451172
1702,1.855987548828125,,31.374772787094116,0.017915010452270508
1703,1.9009437561035156,,31.393057584762573,0.016619443893432617
1704,1.8679225444793701,,31.41510033607483,0.01878666877746582
1705,1.8543963432312012,,31.43460178375244,0.017217636108398438
1706,1.8764326572418213,,31.458909034729004,0.018381834030151367
1707,1.9361716508865356,,31.480101346969604,0.019186973571777344
1708,1.920223593711853,,31.501537084579468,0.01943230628967285
1709,1.9133319854736328,,31.517953395843506,0.014417886734008789
1710,1.8583595752716064,,31.539246797561646,0.01603865623474121
1711,1.859325885772705,,31.55995464324951,0.01601552963256836
1712,1.9259862899780273,,31.58055543899536,0.015752792358398438
1713,1.7809882164001465,,31.60164523124695,0.015778303146362305
1714,1.8962452411651611,,31.625773668289185,0.019527196884155273
1715,1.8470416069030762,,31.64466428756714,0.016887187957763672
1716,1.9033615589141846,,31.66671371459961,0.017705440521240234
1717,1.8614033460617065,,31.68812108039856,0.018404245376586914
1718,1.8822031021118164,,31.70773983001709,0.01761460304260254
1719,1.8626515865325928,,31.729361057281494,0.020903825759887695
1720,1.8690351247787476,,31.74741005897522,0.015952587127685547
1721,1.8620493412017822,,31.769427061080933,0.017524242401123047
1722,1.8727171421051025,,31.791363954544067,0.0181427001953125
1723,1.9015605449676514,,31.81258201599121,0.017557621002197266
1724,1.8758111000061035,,31.83242106437683,0.01764678955078125
1725,1.823831558227539,,31.853196144104004,0.01822519302368164
1726,1.8610169887542725,,31.872390031814575,0.01768803596496582
1727,1.8750396966934204,,31.89367127418518,0.01830768585205078
1728,1.8129222393035889,,31.91073179244995,0.014984369277954102
1729,1.8829560279846191,,31.93235492706299,0.01738905906677246
1730,1.812499761581421,,31.95333766937256,0.017467975616455078
1731,1.901160717010498,,31.978099584579468,0.022220611572265625
1732,1.8887313604354858,,31.996296644210815,0.016263484954833984
1733,1.8313746452331543,,32.0149986743927,0.016703367233276367
1734,1.8269191980361938,,32.03540539741516,0.01648855209350586
1735,1.8950732946395874,,32.05638647079468,0.017945051193237305
1736,1.8358491659164429,,32.076128244400024,0.01673603057861328
1737,1.8895665407180786,,32.094783306121826,0.01577138900756836
1738,1.8676211833953857,,32.113412857055664,0.015772104263305664
1739,1.8862438201904297,,32.13402247428894,0.016094207763671875
1740,1.8437851667404175,,32.15324568748474,0.017388343811035156
1741,1.8689861297607422,,32.17433977127075,0.018575429916381836
1742,1.8278409242630005,,32.193538665771484,0.01691603660583496
1743,1.8572299480438232,,32.21491861343384,0.018869876861572266
1744,1.8756977319717407,,32.23361349105835,0.01638007164001465
1745,1.8650935888290405,,32.252761125564575,0.015758514404296875
1746,1.840761423110962,,32.27244234085083,0.01714158058166504
1747,1.88612961769104,,32.293200969696045,0.01918935775756836
1748,1.8201797008514404,,32.31385326385498,0.019116640090942383
1749,1.8657050132751465,,32.331721782684326,0.01686882972717285
1750,1.9075138568878174,,32.34960865974426,0.01607060432434082
1751,1.848506212234497,,32.36889028549194,0.016249656677246094
1752,1.8774694204330444,,32.38818359375,0.01665472984313965
1753,1.8777682781219482,,32.40636992454529,0.016187667846679688
1754,1.8615431785583496,,32.42564082145691,0.017270326614379883
1755,1.8551528453826904,,32.44332790374756,0.01571798324584961
1756,1.8209114074707031,,32.46476125717163,0.018861770629882812
1757,1.8486769199371338,,32.48300504684448,0.01606893539428711
1758,1.8259704113006592,,32.501253604888916,0.015682220458984375
1759,1.8077058792114258,,32.51967430114746,0.016387939453125
1760,1.872361660003662,,32.5379364490509,0.016263961791992188
1761,1.7985271215438843,,32.55674171447754,0.015880584716796875
1762,1.8231651782989502,,32.575374603271484,0.016602754592895508
1763,1.839980125427246,,32.593464374542236,0.016051769256591797
1764,1.8377171754837036,,32.613099098205566,0.01712512969970703
1765,1.895685076713562,,32.63169312477112,0.016863346099853516
1766,1.8413074016571045,,32.65002775192261,0.016321897506713867
1767,1.7936800718307495,,32.668206214904785,0.01618170738220215
1768,1.8450993299484253,,32.6871817111969,0.015972614288330078
1769,1.8513439893722534,,32.70492100715637,0.015997648239135742
1770,1.8542649745941162,,32.72398614883423,0.016897916793823242
1771,1.8645429611206055,,32.743417501449585,0.017375707626342773
1772,1.890231966972351,,32.76244020462036,0.01748800277709961
1773,1.8243335485458374,,32.78777027130127,0.024297714233398438
1774,1.8061654567718506,,32.80824518203735,0.019587039947509766
1775,1.8646265268325806,,32.82701134681702,0.016817808151245117
1776,1.8407859802246094,,32.84464240074158,0.016640186309814453
1777,1.8448084592819214,,32.864612102508545,0.019969701766967773
1778,1.7747284173965454,,32.88299822807312,0.01635003089904785
1779,1.7813684940338135,,32.9017128944397,0.016684532165527344
1780,1.8256014585494995,,32.920658349990845,0.01691603660583496
1781,1.8276312351226807,,32.93896698951721,0.0162811279296875
1782,1.6972885131835938,,32.955928564071655,0.01493215560913086
1783,1.8433709144592285,,32.978182554244995,0.019271135330200195
1784,1.8453242778778076,,32.99690318107605,0.016720294952392578
1785,1.899781584739685,,33.01479768753052,0.016785860061645508
1786,1.83126699924469,,33.03271150588989,0.017913818359375
1787,1.7940624952316284,,33.05060362815857,0.015895843505859375
1788,1.8778178691864014,,33.067532777786255,0.015160799026489258
1789,1.7780137062072754,,33.086915016174316,0.019382238388061523
1790,1.786012053489685,,33.104671478271484,0.01584005355834961
1791,1.8598054647445679,,33.12188005447388,0.016170501708984375
1792,1.84958016872406,,33.14084053039551,0.016918182373046875
1793,1.8475120067596436,,33.15772581100464,0.01504659652709961
1794,1.827551245689392,,33.17611074447632,0.016385316848754883
1795,1.8259161710739136,,33.193355083465576,0.015942096710205078
1796,1.8381348848342896,,33.212533950805664,0.01663804054260254
1797,1.8553746938705444,,33.23110866546631,0.017118453979492188
1798,1.8374478816986084,,33.24892282485962,0.015844345092773438
1799,1.8640968799591064,,33.264857053756714,0.013937711715698242
1800,1.7921689748764038,0.9805551171302795,33.28750705718994,0.01883673667907715
1801,1.8343391418457031,,33.30524039268494,0.016863346099853516
1802,1.8256415128707886,,33.32314991950989,0.015784502029418945
1803,1.8819018602371216,,33.35195326805115,0.027056455612182617
1804,1.8064574003219604,,33.372997760772705,0.020563364028930664
1805,1.870389461517334,,33.39121866226196,0.017798423767089844
1806,1.80728280544281,,33.408764362335205,0.016546010971069336
1807,1.8210238218307495,,33.42627286911011,0.015505552291870117
1808,1.8223531246185303,,33.444536209106445,0.01596999168395996
1809,1.8126153945922852,,33.462239503860474,0.01614522933959961
1810,1.800573468208313,,33.48001456260681,0.015753984451293945
1811,1.85731840133667,,33.49760389328003,0.016564130783081055
1812,1.8316291570663452,,33.514891147613525,0.01568603515625
1813,1.8011060953140259,,33.53269338607788,0.015750646591186523
1814,1.8130112886428833,,33.55602431297302,0.02114701271057129
1815,1.8134771585464478,,33.57145929336548,0.015434980392456055
1816,1.7708992958068848,,33.5891809463501,0.01575016975402832
1817,1.854506254196167,,33.611592531204224,0.020287275314331055
1818,1.7867562770843506,,33.625009059906006,0.012417078018188477
1819,1.8039416074752808,,33.64543342590332,0.020424365997314453
1820,1.8189129829406738,,33.66220498085022,0.014737844467163086
1821,1.764703631401062,,33.6800479888916,0.015308618545532227
1822,1.8085823059082031,,33.697447538375854,0.015409469604492188
1823,1.730422019958496,,33.714707136154175,0.015258550643920898
1824,1.7965925931930542,,33.731966972351074,0.016225099563598633
1825,1.8149139881134033,,33.74471688270569,0.010737419128417969
1826,1.793576955795288,,33.76750659942627,0.022789716720581055
1827,1.7903811931610107,,33.78461837768555,0.016075849533081055
1828,1.8085403442382812,,33.80177044868469,0.014988183975219727
1829,1.8404613733291626,,33.82495355606079,0.02118372917175293
1830,1.853914499282837,,33.84116768836975,0.015207529067993164
1831,1.7799967527389526,,33.859135389328,0.015942811965942383
1832,1.8081103563308716,,33.87683725357056,0.016607046127319336
1833,1.8623957633972168,,33.90070819854736,0.02189779281616211
1834,1.7730789184570312,,33.916725397109985,0.01601719856262207
1835,1.7279573678970337,,33.9336724281311,0.015948772430419922
1836,1.7909729480743408,,33.95154428482056,0.016121387481689453
1837,1.823449969291687,,33.96934652328491,0.015807628631591797
1838,1.7879793643951416,,33.986849784851074,0.016427040100097656
1839,1.847159504890442,,34.00446939468384,0.015619516372680664
1840,1.776141881942749,,34.02194046974182,0.015761613845825195
1841,1.8497395515441895,,34.03950119018555,0.015593290328979492
1842,1.7997196912765503,,34.05714774131775,0.015374183654785156
1843,1.8242439031600952,,34.081204414367676,0.022055387496948242
1844,1.773359775543213,,34.09735655784607,0.016152143478393555
1845,1.7862637042999268,,34.11470699310303,0.016380786895751953
1846,1.7918875217437744,,34.131897926330566,0.015935897827148438
1847,1.7659647464752197,,34.14997982978821,0.0160520076751709
1848,1.8133671283721924,,34.16772198677063,0.016297340393066406
1849,1.7670568227767944,,34.19051504135132,0.02079296112060547
1850,1.8334999084472656,,34.206846714019775,0.01633167266845703
1851,1.841628074645996,,34.223161697387695,0.014317512512207031
1852,1.7891557216644287,,34.24058938026428,0.014849662780761719
1853,1.7720751762390137,,34.25835824012756,0.015571117401123047
1854,1.8290514945983887,,34.27569341659546,0.015336990356445312
1855,1.800034523010254,,34.29376006126404,0.015924930572509766
1856,1.7988370656967163,,34.311163663864136,0.015858173370361328
1857,1.7719085216522217,,34.328885078430176,0.016210079193115234
1858,1.8463406562805176,,34.34619951248169,0.015314340591430664
1859,1.7920304536819458,,34.36313557624817,0.014932394027709961
1860,1.7998045682907104,,34.38186860084534,0.015880584716796875
1861,1.7623074054718018,,34.39958715438843,0.015713214874267578
1862,1.8019663095474243,,34.41669011116028,0.015431404113769531
1863,1.8128325939178467,,34.43458557128906,0.015894412994384766
1864,1.788266658782959,,34.452080726623535,0.015920400619506836
1865,1.7374054193496704,,34.46898436546326,0.01590275764465332
1866,1.797804594039917,,34.48672962188721,0.015760421752929688
1867,1.7972757816314697,,34.503124475479126,0.01439666748046875
1868,1.8051972389221191,,34.520851612091064,0.015153884887695312
1869,1.8166921138763428,,34.5392119884491,0.01633000373840332
1870,1.7998573780059814,,34.55652666091919,0.01574397087097168
1871,1.8119862079620361,,34.574376821517944,0.01581740379333496
1872,1.7685917615890503,,34.597214698791504,0.02125382423400879
1873,1.762062907218933,,34.61314868927002,0.015933990478515625
1874,1.812718391418457,,34.630863666534424,0.015172004699707031
1875,1.7486701011657715,,34.651512145996094,0.018647193908691406
1876,1.7565510272979736,,34.673364877700806,0.020853042602539062
1877,1.8289285898208618,,34.69209837913513,0.016192913055419922
1878,1.77663254737854,,34.714892864227295,0.021732091903686523
1879,1.76051664352417,,34.731505393981934,0.014577150344848633
1880,1.7997448444366455,,34.74886178970337,0.01535940170288086
1881,1.7603952884674072,,34.76685976982117,0.01599717140197754
1882,1.7635332345962524,,34.78355526924133,0.014701366424560547
1883,1.8157706260681152,,34.80148148536682,0.015730857849121094
1884,1.7196868658065796,,34.818626403808594,0.015145301818847656
1885,1.7357996702194214,,34.83576536178589,0.015140771865844727
1886,1.7760776281356812,,34.85461902618408,0.016883373260498047
1887,1.7450127601623535,,34.877201557159424,0.021016597747802734
1888,1.8038119077682495,,34.89581370353699,0.016605854034423828
1889,1.7540868520736694,,34.91303038597107,0.015213966369628906
1890,1.7975897789001465,,34.93191981315613,0.016380786895751953
1891,1.833017110824585,,34.95042037963867,0.01750040054321289
1892,1.7466199398040771,,34.96766781806946,0.01624774932861328
1893,1.7382984161376953,,34.98506784439087,0.015210151672363281
1894,1.7193851470947266,,35.00283360481262,0.015762805938720703
1895,1.7548089027404785,,35.020702838897705,0.015949249267578125
1896,1.784588098526001,,35.03795313835144,0.015251874923706055
1897,1.7334926128387451,,35.054789781570435,0.014834880828857422
1898,1.7439740896224976,,35.07232451438904,0.014930009841918945
1899,1.7670758962631226,,35.089569091796875,0.01473689079284668
1900,1.7854951620101929,0.9808995922406515,35.108983516693115,0.017327308654785156
1901,1.75725519657135,,35.125993490219116,0.014917612075805664
1902,1.7212159633636475,,35.14336371421814,0.01537013053894043
1903,1.7660033702850342,,35.160475969314575,0.01460409164428711
1904,1.7376513481140137,,35.18013787269592,0.01766061782836914
1905,1.750022292137146,,35.194782733917236,0.013645648956298828
1906,1.7498321533203125,,35.215914487838745,0.02113175392150879
1907,1.7402348518371582,,35.237828969955444,0.019620895385742188
1908,1.7603282928466797,,35.253628730773926,0.014797449111938477
1909,1.7691396474838257,,35.27093243598938,0.01486825942993164
1910,1.7515056133270264,,35.28820037841797,0.01524209976196289
1911,1.7682461738586426,,35.30595779418945,0.015430212020874023
1912,1.7822717428207397,,35.32363724708557,0.01567983627319336
1913,1.7522964477539062,,35.339818716049194,0.01416635513305664
1914,1.6958670616149902,,35.3584361076355,0.01861739158630371
1915,1.7386919260025024,,35.3760085105896,0.015458106994628906
1916,1.7625954151153564,,35.39576959609985,0.017760515213012695
1917,1.7595953941345215,,35.41321420669556,0.01544499397277832
1918,1.7610472440719604,,35.42995858192444,0.015239953994750977
1919,1.7550146579742432,,35.447717905044556,0.015539884567260742
1920,1.7125575542449951,,35.4645574092865,0.014557123184204102
1921,1.736876130104065,,35.482829570770264,0.01827216148376465
1922,1.7390623092651367,,35.50044655799866,0.015659093856811523
1923,1.7896008491516113,,35.516995906829834,0.014868021011352539
1924,1.7517995834350586,,35.534841537475586,0.015325069427490234
1925,1.7606652975082397,,35.554006576538086,0.01616048812866211
1926,1.8080990314483643,,35.57100200653076,0.014941692352294922
1927,1.759924054145813,,35.58786988258362,0.014867782592773438
1928,1.755767583847046,,35.60477423667908,0.014508962631225586
1929,1.738027811050415,,35.62284588813782,0.014931917190551758
1930,1.7513641119003296,,35.640225648880005,0.015377044677734375
1931,1.7509199380874634,,35.65857005119324,0.016104936599731445
1932,1.754984974861145,,35.67579364776611,0.0162351131439209
1933,1.7274975776672363,,35.69307208061218,0.015247821807861328
1934,1.7430627346038818,,35.71052837371826,0.015949249267578125
1935,1.7145307064056396,,35.727606534957886,0.016078472137451172
1936,1.759131669998169,,35.74560499191284,0.016970157623291016
1937,1.7741578817367554,,35.76776075363159,0.02114272117614746
1938,1.7184878587722778,,35.789916038513184,0.021126747131347656
1939,1.7837538719177246,,35.81167817115784,0.020612239837646484
1940,1.7492315769195557,,35.82984948158264,0.01613593101501465
1941,1.7966688871383667,,35.847612619400024,0.015794992446899414
1942,1.7847018241882324,,35.864556074142456,0.015619039535522461
1943,1.7250425815582275,,35.88504505157471,0.020488977432250977
1944,1.7286968231201172,,35.903114795684814,0.01640772819519043
1945,1.7227919101715088,,35.92289972305298,0.018366575241088867
1946,1.7389280796051025,,35.93990087509155,0.015309810638427734
1947,1.7720279693603516,,35.95889854431152,0.016994476318359375
1948,1.6813784837722778,,35.97567343711853,0.015155553817749023
1949,1.8073358535766602,,35.99343752861023,0.015300512313842773
1950,1.7100589275360107,,36.01071882247925,0.014709949493408203
1951,1.714614748954773,,36.02874207496643,0.015996932983398438
1952,1.7048206329345703,,36.04564189910889,0.015871047973632812
1953,1.715911626815796,,36.062986612319946,0.01531362533569336
1954,1.7976363897323608,,36.08037829399109,0.015597820281982422
1955,1.7359920740127563,,36.09707570075989,0.014669179916381836
1956,1.7425434589385986,,36.114729166030884,0.01565408706665039
1957,1.7318944931030273,,36.13246512413025,0.015571355819702148
1958,1.7599835395812988,,36.14967465400696,0.016211986541748047
1959,1.7674837112426758,,36.167250633239746,0.015575170516967773
1960,1.7824535369873047,,36.183820724487305,0.014569282531738281
1961,1.8061906099319458,,36.20174050331116,0.01569533348083496
1962,1.7526947259902954,,36.218971967697144,0.015231609344482422
1963,1.7584383487701416,,36.236685276031494,0.01567816734313965
1964,1.7442128658294678,,36.24464797973633,0.0059337615966796875
1965,1.7120145559310913,,36.27160096168518,0.015546321868896484
1966,1.713258147239685,,36.289124965667725,0.015553474426269531
1967,1.7257996797561646,,36.30611443519592,0.01538991928100586
1968,1.7272405624389648,,36.323686361312866,0.015831470489501953
1969,1.7441891431808472,,36.339882612228394,0.014314651489257812
1970,1.720975637435913,,36.35877466201782,0.01889204978942871
1971,1.721943736076355,,36.37882661819458,0.01901698112487793
1972,1.7058409452438354,,36.39657425880432,0.015831708908081055
1973,1.6957710981369019,,36.41572070121765,0.01814579963684082
1974,1.7013905048370361,,36.43464398384094,0.018923282623291016
1975,1.7394682168960571,,36.45150089263916,0.014716148376464844
1976,1.7236995697021484,,36.47448801994324,0.020458459854125977
1977,1.70660400390625,,36.490859508514404,0.015696048736572266
1978,1.7490267753601074,,36.50800538063049,0.015146017074584961
1979,1.707891821861267,,36.525492906570435,0.015324831008911133
1980,1.7608256340026855,,36.539692878723145,0.0131683349609375
1981,1.7199616432189941,,36.56159687042236,0.02190399169921875
1982,1.7637242078781128,,36.5788037776947,0.015207767486572266
1983,1.693402647972107,,36.596673250198364,0.015870332717895508
1984,1.7439680099487305,,36.613402128219604,0.014728546142578125
1985,1.6973241567611694,,36.63070034980774,0.014723539352416992
1986,1.7318217754364014,,36.64859867095947,0.015855073928833008
1987,1.772169828414917,,36.66602182388306,0.015424251556396484
1988,1.7463700771331787,,36.68303847312927,0.015600442886352539
1989,1.7226052284240723,,36.70037651062012,0.015831947326660156
1990,1.7643282413482666,,36.71777629852295,0.015400409698486328
1991,1.6807260513305664,,36.735166788101196,0.015390157699584961
1992,1.7339035272598267,,36.75457429885864,0.017375946044921875
1993,1.690808892250061,,36.77302598953247,0.01644587516784668
1994,1.783730387687683,,36.7901976108551,0.01566314697265625
1995,1.701369047164917,,36.807761669158936,0.017564058303833008
1996,1.7227888107299805,,36.825756311416626,0.015987873077392578
1997,1.6885507106781006,,36.83992409706116,0.012166261672973633
1998,1.7630901336669922,,36.86008024215698,0.015446186065673828
1999,1.742977261543274,,36.877758264541626,0.01567864418029785
2000,1.6997346878051758,0.9815206527709961,36.89855599403381,0.019824504852294922
