epochs,losses,accuracies,cumulative_time_seconds,epoch_time_seconds
1,18.885915756225586,,0.030974864959716797,0.030974864959716797
2,16.916580200195312,,0.03795433044433594,0.0
3,15.636487007141113,,0.06979155540466309,0.015773773193359375
4,15.02425765991211,,0.08548569679260254,0.015694141387939453
5,14.580525398254395,,0.10147500038146973,0.015989303588867188
6,14.278332710266113,,0.11864566802978516,0.01717066764831543
7,13.9994478225708,,0.13896918296813965,0.020323514938354492
8,13.814981460571289,,0.15581011772155762,0.015804529190063477
9,13.580118179321289,,0.17365598678588867,0.01592540740966797
10,13.49708080291748,,0.1893000602722168,0.015644073486328125
11,13.348496437072754,,0.2073071002960205,0.01800704002380371
12,13.193459510803223,,0.22432446479797363,0.017017364501953125
13,13.041793823242188,,0.24376726150512695,0.01944279670715332
14,12.805036544799805,,0.27089810371398926,0.027130842208862305
15,12.769464492797852,,0.29230260848999023,0.020912885665893555
16,12.78792953491211,,0.31310510635375977,0.02080249786376953
17,12.615133285522461,,0.3338761329650879,0.020771026611328125
18,12.415258407592773,,0.35474610328674316,0.01390385627746582
19,12.385665893554688,,0.37552666664123535,0.014385223388671875
20,12.277006149291992,,0.3978738784790039,0.022347211837768555
21,12.264141082763672,,0.418842077255249,0.018969297409057617
22,12.186370849609375,,0.4293515682220459,0.009416580200195312
23,12.119970321655273,,0.45189714431762695,0.013864755630493164
24,11.985239028930664,,0.48135948181152344,0.029462337493896484
25,12.03316593170166,,0.5085136890411377,0.027154207229614258
26,11.947622299194336,,0.530174970626831,0.02166128158569336
27,11.891671180725098,,0.5407776832580566,0.00957179069519043
28,11.864873886108398,,0.5559203624725342,0.015142679214477539
29,11.805418968200684,,0.5716991424560547,0.015778779983520508
30,11.745084762573242,,0.5875153541564941,0.015816211700439453
31,11.721284866333008,,0.6034717559814453,0.015956401824951172
32,11.584381103515625,,0.6204569339752197,0.016985177993774414
33,11.563497543334961,,0.6512162685394287,0.016087055206298828
34,11.588554382324219,,0.6669447422027588,0.015728473663330078
35,11.561209678649902,,0.6828601360321045,0.015915393829345703
36,11.503660202026367,,0.6987030506134033,0.015842914581298828
37,11.439255714416504,,0.7145810127258301,0.015877962112426758
38,11.390083312988281,,0.7304582595825195,0.015877246856689453
39,11.425107955932617,,0.7520325183868408,0.02157425880432129
40,11.357475280761719,,0.7668867111206055,0.014012813568115234
41,11.329056739807129,,0.787696361541748,0.015862226486206055
42,11.281020164489746,,0.807600736618042,0.019904375076293945
43,11.292713165283203,,0.8225255012512207,0.013971090316772461
44,11.269929885864258,,0.8431761264801025,0.015710830688476562
45,11.231700897216797,,0.8621847629547119,0.019008636474609375
46,11.212972640991211,,0.8775110244750977,0.01432490348815918
47,11.236021041870117,,0.8926117420196533,0.015100717544555664
48,11.234451293945312,,0.9084281921386719,0.015816450119018555
49,11.104515075683594,,0.9241375923156738,0.015709400177001953
50,11.175496101379395,,0.9400465488433838,0.01590895652770996
51,11.174381256103516,,0.9557490348815918,0.015702486038208008
52,11.108190536499023,,0.9715414047241211,0.015792369842529297
53,11.110563278198242,,0.9872419834136963,0.015700578689575195
54,11.053041458129883,,1.0029397010803223,0.015697717666625977
55,11.082721710205078,,1.018691062927246,0.015751361846923828
56,11.10312271118164,,1.0343759059906006,0.015684843063354492
57,11.084123611450195,,1.0626492500305176,0.028273344039916992
58,11.008291244506836,,1.0818333625793457,0.0182344913482666
59,11.042827606201172,,1.100682258605957,0.01730966567993164
60,11.025794982910156,,1.1181089878082275,0.016419172286987305
61,11.078786849975586,,1.1319453716278076,0.011519908905029297
62,10.980733871459961,,1.1472411155700684,0.015295743942260742
63,11.041481018066406,,1.168729543685913,0.021488428115844727
64,10.966812133789062,,1.1822690963745117,0.013539552688598633
65,10.95644760131836,,1.2014787197113037,0.013822555541992188
66,10.991455078125,,1.217466115951538,0.015987396240234375
67,10.951452255249023,,1.2332918643951416,0.015825748443603516
68,10.926372528076172,,1.2489886283874512,0.01569676399230957
69,10.951664924621582,,1.2646996974945068,0.015711069107055664
70,10.938920021057129,,1.2804169654846191,0.015717267990112305
71,10.915796279907227,,1.296194314956665,0.0157773494720459
72,10.924434661865234,,1.3118538856506348,0.015659570693969727
73,10.83277702331543,,1.32763671875,0.015782833099365234
74,10.848058700561523,,1.3580491542816162,0.03041243553161621
75,10.89213752746582,,1.3770699501037598,0.019020795822143555
76,10.876465797424316,,1.3958914279937744,0.01781916618347168
77,10.871109962463379,,1.4133217334747314,0.015803813934326172
78,10.86650276184082,,1.4166905879974365,0.0023696422576904297
79,10.845117568969727,,1.4324629306793213,0.015772342681884766
80,10.801987648010254,,1.4640371799468994,0.01571941375732422
81,10.862347602844238,,1.479992151260376,0.015954971313476562
82,10.864290237426758,,1.495798110961914,0.014518022537231445
83,10.832901000976562,,1.5116658210754395,0.01386404037475586
84,10.823129653930664,,1.528808355331421,0.017142534255981445
85,10.780242919921875,,1.5487267971038818,0.019918441772460938
86,10.84623908996582,,1.5633935928344727,0.013804912567138672
87,10.829885482788086,,1.57731032371521,0.013916730880737305
88,10.792133331298828,,1.5979878902435303,0.013708353042602539
89,10.787675857543945,,1.61195707321167,0.013969182968139648
90,10.791240692138672,,1.6328175067901611,0.014185667037963867
91,10.716825485229492,,1.647017478942871,0.014199972152709961
92,10.772876739501953,,1.6675968170166016,0.02057933807373047
93,10.761966705322266,,1.6832282543182373,0.015631437301635742
94,10.76435375213623,,1.702561855316162,0.014879941940307617
95,10.744406700134277,,1.7180233001708984,0.013493776321411133
96,10.737157821655273,,1.7372002601623535,0.019176959991455078
97,10.750263214111328,,1.7528979778289795,0.014986515045166016
98,10.78268051147461,,1.7719225883483887,0.01902461051940918
99,10.728597640991211,,1.7879061698913574,0.014966726303100586
100,10.772554397583008,0.0,1.808009147644043,0.020102977752685547
101,10.719032287597656,,1.8219168186187744,0.013907670974731445
102,10.717101097106934,,1.841892957687378,0.015394449234008789
103,10.721145629882812,,1.863896131515503,0.02099466323852539
104,10.736994743347168,,1.882040023803711,0.018143892288208008
105,10.63538646697998,,1.8990535736083984,0.015155553817749023
106,10.624490737915039,,1.9167838096618652,0.017730236053466797
107,10.657403945922852,,1.933706521987915,0.01477360725402832
108,10.65752124786377,,1.9515478610992432,0.017841339111328125
109,10.650687217712402,,1.9675495624542236,0.014961481094360352
110,10.637596130371094,,1.9823987483978271,0.013846635818481445
111,10.631729125976562,,2.00120210647583,0.014995336532592773
112,10.643109321594238,,2.0179951190948486,0.015795469284057617
113,10.681069374084473,,2.0416862964630127,0.0226442813873291
114,10.631462097167969,,2.0577895641326904,0.014879465103149414
115,10.587299346923828,,2.072674036026001,0.013887643814086914
116,10.587105751037598,,2.0914835929870605,0.01880955696105957
117,10.621026039123535,,2.107964277267456,0.014444589614868164
118,10.628873825073242,,2.1261823177337646,0.018218040466308594
119,10.559011459350586,,2.1420698165893555,0.014883756637573242
120,10.61159896850586,,2.159811019897461,0.01774120330810547
121,10.542442321777344,,2.1758127212524414,0.014961004257202148
122,10.568159103393555,,2.190703868865967,0.013887166976928711
123,10.582305908203125,,2.209507465362549,0.014983892440795898
124,10.534507751464844,,2.2253944873809814,0.014884233474731445
125,10.542502403259277,,2.239311933517456,0.01391744613647461
126,10.505820274353027,,2.2501838207244873,0.0059354305267333984
127,10.565777778625488,,2.2661826610565186,0.01599884033203125
128,10.5581693649292,,2.292860269546509,0.026677608489990234
129,10.477706909179688,,2.3083763122558594,0.013502120971679688
130,10.497651100158691,,2.326551914215088,0.018175601959228516
131,10.522259712219238,,2.343461513519287,0.014861583709716797
132,10.520317077636719,,2.361238718032837,0.017777204513549805
133,10.483190536499023,,2.377202272415161,0.014922380447387695
134,10.463754653930664,,2.3920929431915283,0.013897895812988281
135,10.442880630493164,,2.4104669094085693,0.014431476593017578
136,10.443957328796387,,2.4337916374206543,0.02332472801208496
137,10.437355041503906,,2.447580337524414,0.013788700103759766
138,10.475341796875,,2.4674649238586426,0.01593494415283203
139,10.495843887329102,,2.4863314628601074,0.017867326736450195
140,10.420970916748047,,2.502969980239868,0.016638517379760742
141,10.437636375427246,,2.5240893363952637,0.021119356155395508
142,10.417682647705078,,2.5420873165130615,0.01799798011779785
143,10.446020126342773,,2.558070182800293,0.014957427978515625
144,10.43679428100586,,2.577928066253662,0.01985788345336914
145,10.35548210144043,,2.5930018424987793,0.01408529281616211
146,10.361749649047852,,2.6122817993164062,0.019279956817626953
147,10.409077644348145,,2.6282248497009277,0.014943838119506836
148,10.435197830200195,,2.648083209991455,0.015965700149536133
149,10.320772171020508,,2.666821002960205,0.01770806312561035
150,10.310060501098633,,2.683722496032715,0.01586627960205078
151,10.348089218139648,,2.702559232711792,0.01883673667907715
152,10.331655502319336,,2.7184948921203613,0.014904499053955078
153,10.323978424072266,,2.737311601638794,0.014935731887817383
154,10.3544282913208,,2.753182888031006,0.014889001846313477
155,10.319812774658203,,2.7709648609161377,0.017781972885131836
156,10.29892349243164,,2.787912368774414,0.015912532806396484
157,10.302021026611328,,2.805703639984131,0.017791271209716797
158,10.301270484924316,,2.8226356506347656,0.014896631240844727
159,10.24493408203125,,2.8365235328674316,0.013887882232666016
160,10.311405181884766,,2.8563220500946045,0.015895605087280273
161,10.227800369262695,,2.871300458908081,0.013984441757202148
162,10.240371704101562,,2.8900601863861084,0.014942646026611328
163,10.246861457824707,,2.9059534072875977,0.014903545379638672
164,10.189220428466797,,2.9238121509552,0.01785874366760254
165,10.222871780395508,,2.9255146980285645,0.0
166,10.194873809814453,,2.9567008018493652,0.015857696533203125
167,10.210482597351074,,2.9724786281585693,0.0157778263092041
168,10.163554191589355,,2.988616943359375,0.016138315200805664
169,10.15195083618164,,3.004516839981079,0.0158998966217041
170,10.179302215576172,,3.0201849937438965,0.015668153762817383
171,10.127760887145996,,3.0520761013031006,0.015887022018432617
172,10.11160659790039,,3.0679945945739746,0.014730215072631836
173,10.139492988586426,,3.084040403366089,0.016045808792114258
174,10.163536071777344,,3.0924794673919678,0.008439064025878906
175,10.083427429199219,,3.1084415912628174,0.01596212387084961
176,10.12299633026123,,3.124323606491089,0.015882015228271484
177,10.061914443969727,,3.140230417251587,0.015906810760498047
178,10.026557922363281,,3.1560423374176025,0.0
179,10.070793151855469,,3.1879866123199463,0.016087055206298828
180,10.034111022949219,,3.2037436962127686,0.015757083892822266
181,10.028164863586426,,3.228372097015381,0.024628400802612305
182,10.023616790771484,,3.2541420459747314,0.02494335174560547
183,9.98754596710205,,3.274911403656006,0.01977086067199707
184,9.981504440307617,,3.302746534347534,0.02783513069152832
185,9.994486808776855,,3.322486400604248,0.018741369247436523
186,9.950190544128418,,3.3423337936401367,0.016846418380737305
187,9.96632194519043,,3.3616793155670166,0.019345521926879883
188,9.927560806274414,,3.376995325088501,0.015316009521484375
189,9.939582824707031,,3.40840482711792,0.031409502029418945
190,9.9017972946167,,3.4241600036621094,0.015755176544189453
191,9.885940551757812,,3.4554636478424072,0.03130364418029785
192,9.828699111938477,,3.4746718406677246,0.019208192825317383
193,9.910554885864258,,3.487189531326294,0.012517690658569336
194,9.818230628967285,,3.5080111026763916,0.012885332107543945
195,9.834096908569336,,3.5357561111450195,0.02182149887084961
196,9.856801986694336,,3.5565199851989746,0.020763874053955078
197,9.839305877685547,,3.5700597763061523,0.013539791107177734
198,9.846742630004883,,3.590763568878174,0.014329910278320312
199,9.78439712524414,,3.6117992401123047,0.02103567123413086
200,9.744422912597656,0.0,3.6417348384857178,0.029935598373413086
201,9.756267547607422,,3.66032338142395,0.018588542938232422
202,9.790555953979492,,3.6743271350860596,0.014003753662109375
203,9.725292205810547,,3.6973211765289307,0.01611042022705078
204,9.739812850952148,,3.7159039974212646,0.018582820892333984
205,9.662325859069824,,3.7319564819335938,0.0160524845123291
206,9.718998908996582,,3.7517199516296387,0.015434741973876953
207,9.646581649780273,,3.772338628768921,0.020618677139282227
208,9.616874694824219,,3.7899231910705566,0.016006946563720703
209,9.622427940368652,,3.8078501224517822,0.016073226928710938
210,9.633771896362305,,3.824788808822632,0.01596856117248535
211,9.636523246765137,,3.841862916946411,0.016005754470825195
212,9.586275100708008,,3.858858346939087,0.016051054000854492
213,9.605998992919922,,3.875842809677124,0.015958309173583984
214,9.60153579711914,,3.892853260040283,0.016056060791015625
215,9.515556335449219,,3.910398006439209,0.016613006591796875
216,9.5610933303833,,3.926835536956787,0.01605677604675293
217,9.510979652404785,,3.9306845664978027,0.0028464794158935547
218,9.48902416229248,,3.945819139480591,0.015134572982788086
219,9.53685188293457,,3.9616150856018066,0.0
220,9.425836563110352,,3.9933366775512695,0.015837907791137695
221,9.444796562194824,,4.009243011474609,0.015906333923339844
222,9.39923095703125,,4.025117635726929,0.015874624252319336
223,9.419706344604492,,4.041008710861206,0.015891075134277344
224,9.378814697265625,,4.056901454925537,0.015892744064331055
225,9.397780418395996,,4.077837944030762,0.02093648910522461
226,9.401839256286621,,4.0958006381988525,0.016504764556884766
227,9.282039642333984,,4.11586332321167,0.018578767776489258
228,9.299676895141602,,4.139967441558838,0.023192167282104492
229,9.346794128417969,,4.163778781890869,0.022007465362548828
230,9.340314865112305,,4.185803413391113,0.020963191986083984
231,9.316934585571289,,4.208838939666748,0.02123260498046875
232,9.36024284362793,,4.22924542427063,0.020406484603881836
233,9.265687942504883,,4.251104116439819,0.020572423934936523
234,9.236784934997559,,4.270886421203613,0.019782304763793945
235,9.190067291259766,,4.285315752029419,0.014117002487182617
236,9.198953628540039,,4.306023359298706,0.016552448272705078
237,9.224523544311523,,4.3224217891693115,0.01639842987060547
238,9.103262901306152,,4.341231346130371,0.016355514526367188
239,9.08314037322998,,4.36203670501709,0.018732786178588867
240,9.057735443115234,,4.382516145706177,0.020479440689086914
241,9.158154487609863,,4.411656141281128,0.02270221710205078
242,9.042418479919434,,4.433001756668091,0.02134561538696289
243,9.062995910644531,,4.453672170639038,0.020670413970947266
244,9.07532787322998,,4.474987268447876,0.020955562591552734
245,9.018566131591797,,4.495458126068115,0.016301631927490234
246,9.018665313720703,,4.515587091445923,0.020128965377807617
247,9.007424354553223,,4.536822080612183,0.01617121696472168
248,8.925301551818848,,4.557432174682617,0.02061009407043457
249,8.915385246276855,,4.5833964347839355,0.021797657012939453
250,8.940583229064941,,4.605887413024902,0.020772218704223633
251,8.886192321777344,,4.625039100646973,0.019151687622070312
252,8.862859725952148,,4.645857810974121,0.015745878219604492
253,8.877723693847656,,4.666727304458618,0.014888525009155273
254,8.856874465942383,,4.695992469787598,0.020822525024414062
255,8.830472946166992,,4.708384275436401,0.011392593383789062
256,8.813543319702148,,4.725194931030273,0.00801849365234375
257,8.84018611907959,,4.7403528690338135,0.006013631820678711
258,8.799104690551758,,4.758429765701294,0.007516622543334961
259,8.733479499816895,,4.7757604122161865,0.008018255233764648
260,8.73642349243164,,4.791617155075073,0.0070188045501708984
261,8.745590209960938,,4.807665824890137,0.006014347076416016
262,8.666467666625977,,4.833492994308472,0.015772342681884766
263,8.727209091186523,,4.849240303039551,0.0157473087310791
264,8.622900009155273,,4.864964008331299,0.01371908187866211
265,8.567662239074707,,4.880791425704956,0.01277923583984375
266,8.69865608215332,,4.896770477294922,0.011970043182373047
267,8.608846664428711,,4.912751197814941,0.011395931243896484
268,8.570113182067871,,4.928856134414673,0.011097431182861328
269,8.531230926513672,,4.944619417190552,0.010211467742919922
270,8.53807258605957,,4.960741996765137,0.009552001953125
271,8.492240905761719,,4.9768524169921875,0.009023427963256836
272,8.490667343139648,,4.992511034011841,0.008017301559448242
273,8.490267753601074,,5.00826621055603,0.007018566131591797
274,8.495284080505371,,5.025954961776733,0.008016824722290039
275,8.438806533813477,,5.052616119384766,0.017823457717895508
276,8.411623001098633,,5.072017669677734,0.01940155029296875
277,8.343072891235352,,5.090738534927368,0.016794443130493164
278,8.386777877807617,,5.104730844497681,0.0139923095703125
279,8.345678329467773,,5.125537157058716,0.013981103897094727
280,8.30650520324707,,5.146311283111572,0.017350196838378906
281,8.30612564086914,,5.160255432128906,0.013944149017333984
282,8.29896354675293,,5.181036710739136,0.013963937759399414
283,8.152881622314453,,5.201859951019287,0.01639580726623535
284,8.191082000732422,,5.21541428565979,0.01355433464050293
285,8.185724258422852,,5.236560106277466,0.01353764533996582
286,8.163108825683594,,5.257453203201294,0.016658306121826172
287,8.157831192016602,,5.28003454208374,0.01561117172241211
288,8.104116439819336,,5.284757614135742,0.003724336624145508
289,8.087057113647461,,5.305776357650757,0.007752418518066406
290,8.067138671875,,5.321863174438477,0.007018089294433594
291,8.072364807128906,,5.339581489562988,0.00801849365234375
292,8.003814697265625,,5.3635640144348145,0.015941619873046875
293,8.035660743713379,,5.379621267318726,0.014052391052246094
294,8.012744903564453,,5.395487308502197,0.01586604118347168
295,7.9535698890686035,,5.41117000579834,0.00775909423828125
296,7.977900981903076,,5.427215576171875,0.007018327713012695
297,7.8706135749816895,,5.444942474365234,0.00775909423828125
298,7.955577850341797,,5.47817587852478,0.024143695831298828
299,7.898963451385498,,5.497332334518433,0.018157482147216797
300,7.894150257110596,0.20033907890319824,5.518332481384277,0.01900315284729004
301,7.827475547790527,,5.541445732116699,0.021996259689331055
302,7.8328728675842285,,5.558445692062378,0.01600027084350586
303,7.80497407913208,,5.583191394805908,0.02274799346923828
304,7.826089382171631,,5.599191904067993,0.01600050926208496
305,7.734503746032715,,5.617332220077515,0.0161130428314209
306,7.7336273193359375,,5.634538412094116,0.016207218170166016
307,7.658952713012695,,5.653897285461426,0.017362117767333984
308,7.6536102294921875,,5.672895908355713,0.016970157623291016
309,7.655599117279053,,5.6929543018341064,0.01706099510192871
310,7.658278465270996,,5.710954904556274,0.01700139045715332
311,7.621109962463379,,5.729955196380615,0.017000436782836914
312,7.518495559692383,,5.749351739883423,0.018397808074951172
313,7.567769527435303,,5.767351865768433,0.017000436782836914
314,7.545557975769043,,5.7864990234375,0.018147706985473633
315,7.566501617431641,,5.8097381591796875,0.02223968505859375
316,7.513510227203369,,5.828738689422607,0.017003536224365234
317,7.508593559265137,,5.846912145614624,0.01617574691772461
318,7.422886848449707,,5.86391544342041,0.015006780624389648
319,7.490248680114746,,5.889111042022705,0.025195598602294922
320,7.431337356567383,,5.9084155559539795,0.01730823516845703
321,7.390854835510254,,5.927098512649536,0.01565408706665039
322,7.3938117027282715,,5.945441722869873,0.016145706176757812
323,7.400699138641357,,5.965208530426025,0.017769813537597656
324,7.274358749389648,,5.984353303909302,0.01714777946472168
325,7.299291133880615,,6.009004592895508,0.0226743221282959
326,7.272366046905518,,6.027726173400879,0.016695499420166016
327,7.266141891479492,,6.052832365036011,0.02299976348876953
328,7.249914169311523,,6.077235460281372,0.02312326431274414
329,7.260268211364746,,6.099583625793457,0.021348953247070312
330,7.189316749572754,,6.132423639297485,0.03184247016906738
331,7.156725883483887,,6.156482934951782,0.024059295654296875
332,7.166694164276123,,6.180868625640869,0.020462751388549805
333,7.062670707702637,,6.20011305809021,0.01924443244934082
334,7.039884567260742,,6.220409154891968,0.018720388412475586
335,7.087106704711914,,6.240837812423706,0.018215179443359375
336,7.100107669830322,,6.259420156478882,0.017545461654663086
337,6.993068218231201,,6.284404993057251,0.0227353572845459
338,7.011486053466797,,6.3020830154418945,0.017678022384643555
339,6.911164283752441,,6.325865030288696,0.021745681762695312
340,6.9665937423706055,,6.342788457870483,0.01692342758178711
341,6.971534729003906,,6.361583232879639,0.016801834106445312
342,6.935283660888672,,6.3807532787323,0.01625847816467285
343,6.813121795654297,,6.403592348098755,0.021167516708374023
344,6.896167755126953,,6.4264607429504395,0.02286839485168457
345,6.8498029708862305,,6.449100494384766,0.022639751434326172
346,6.846065044403076,,6.466560125350952,0.016460180282592773
347,6.783635139465332,,6.486964225769043,0.017045021057128906
348,6.741540908813477,,6.512616157531738,0.023645639419555664
349,6.775789737701416,,6.532397985458374,0.017784595489501953
350,6.6654510498046875,,6.554377317428589,0.019981861114501953
351,6.67982292175293,,6.580287933349609,0.023937225341796875
352,6.721182823181152,,6.604126453399658,0.022794246673583984
353,6.659818649291992,,6.623827934265137,0.017431020736694336
354,6.653036117553711,,6.644368886947632,0.017561674118041992
355,6.628644943237305,,6.670050621032715,0.024682998657226562
356,6.663402557373047,,6.6918885707855225,0.020801544189453125
357,6.561095237731934,,6.717034578323364,0.024145126342773438
358,6.5292487144470215,,6.7355828285217285,0.0169677734375
359,6.551236629486084,,6.755435466766357,0.016732454299926758
360,6.522678375244141,,6.77418327331543,0.016524553298950195
361,6.485065460205078,,6.794139385223389,0.017386674880981445
362,6.502835273742676,,6.81291127204895,0.01627826690673828
363,6.501918792724609,,6.831889629364014,0.016880512237548828
364,6.389496803283691,,6.852677583694458,0.01887035369873047
365,6.386603832244873,,6.876562118530273,0.022881269454956055
366,6.446656703948975,,6.905153512954712,0.0265505313873291
367,6.342707633972168,,6.936372756958008,0.0312192440032959
368,6.370079517364502,,6.95985221862793,0.023479461669921875
369,6.33267879486084,,6.993437767028809,0.033585548400878906
370,6.302029609680176,,7.011529207229614,0.018091440200805664
371,6.275508880615234,,7.033317565917969,0.02078866958618164
372,6.292143821716309,,7.053915977478027,0.020598411560058594
373,6.2820940017700195,,7.074686050415039,0.01977252960205078
374,6.256602764129639,,7.102593660354614,0.02606487274169922
375,6.189491271972656,,7.129718065261841,0.025403261184692383
376,6.20594596862793,,7.147528648376465,0.017810583114624023
377,6.180772304534912,,7.173216342926025,0.024657249450683594
378,6.134793758392334,,7.194454908370972,0.01940131187438965
379,6.1785783767700195,,7.22070574760437,0.023973464965820312
380,6.090394496917725,,7.245777368545532,0.022718429565429688
381,6.126849174499512,,7.273174524307251,0.02677297592163086
382,6.032688140869141,,7.294418573379517,0.021244049072265625
383,6.0492143630981445,,7.3150365352630615,0.019559860229492188
384,6.065225124359131,,7.3414788246154785,0.023932456970214844
385,5.987922668457031,,7.361378192901611,0.019899368286132812
386,6.049561023712158,,7.3819873332977295,0.018601417541503906
387,5.919127941131592,,7.402230501174927,0.018975257873535156
388,5.932732582092285,,7.428573131561279,0.025481462478637695
389,5.950760841369629,,7.453784465789795,0.023172616958618164
390,5.967576026916504,,7.4777326583862305,0.021159648895263672
391,5.835423469543457,,7.500683784484863,0.021950244903564453
392,5.851449966430664,,7.521322727203369,0.0186307430267334
393,5.9309234619140625,,7.540135860443115,0.016806364059448242
394,5.869737148284912,,7.5665647983551025,0.02411198616027832
395,5.720970153808594,,7.589721918106079,0.02211785316467285
396,5.781243801116943,,7.608404159545898,0.017682790756225586
397,5.847815036773682,,7.632436990737915,0.022030115127563477
398,5.705205917358398,,7.652435779571533,0.017040491104125977
399,5.754199028015137,,7.6702423095703125,0.01705026626586914
400,5.772005081176758,0.5941390991210938,7.694689989089966,0.022409677505493164
401,5.708101749420166,,7.7203285694122314,0.025638580322265625
402,5.617771148681641,,7.745524168014526,0.024194955825805664
403,5.707881927490234,,7.76420521736145,0.01717066764831543
404,5.671594619750977,,7.785175561904907,0.02097034454345703
405,5.627950191497803,,7.803761720657349,0.01708054542541504
406,5.725501537322998,,7.823261976242065,0.016790151596069336
407,5.658943176269531,,7.8475823402404785,0.022883892059326172
408,5.595727920532227,,7.8686347007751465,0.01890850067138672
409,5.595547199249268,,7.887439489364624,0.01679825782775879
410,5.534963607788086,,7.90668249130249,0.017326831817626953
411,5.512850761413574,,7.928130865097046,0.019439220428466797
412,5.610030174255371,,7.951756000518799,0.022623777389526367
413,5.461832046508789,,7.970655918121338,0.01680588722229004
414,5.5600199699401855,,7.990420818328857,0.01776719093322754
415,5.393909454345703,,8.014411926269531,0.02199411392211914
416,5.493141174316406,,8.034553050994873,0.01722264289855957
417,5.405109882354736,,8.052281856536865,0.01706981658935547
418,5.378016948699951,,8.071851968765259,0.0175325870513916
419,5.427313804626465,,8.09082555770874,0.016998767852783203
420,5.418695449829102,,8.10951566696167,0.016683340072631836
421,5.349638938903809,,8.135459661483765,0.023945331573486328
422,5.367094993591309,,8.153443098068237,0.015940427780151367
423,5.296195030212402,,8.179049015045166,0.02216935157775879
424,5.368340492248535,,8.198830842971802,0.017838716506958008
425,5.33232307434082,,8.21636700630188,0.01653742790222168
426,5.302596092224121,,8.236539363861084,0.01658177375793457
427,5.266569137573242,,8.256412267684937,0.017784595489501953
428,5.352578163146973,,8.275249481201172,0.0178220272064209
429,5.2165141105651855,,8.299288511276245,0.023039817810058594
430,5.238859176635742,,8.324257612228394,0.021765470504760742
431,5.300952911376953,,8.34972071647644,0.022963762283325195
432,5.279449462890625,,8.366590976715088,0.01687026023864746
433,5.229414939880371,,8.38640832901001,0.01751232147216797
434,5.154058933258057,,8.405247211456299,0.016831636428833008
435,5.151180267333984,,8.429966688156128,0.022215604782104492
436,5.075925350189209,,8.448968172073364,0.018001556396484375
437,5.128191947937012,,8.472623825073242,0.022660493850708008
438,5.082658290863037,,8.491483926773071,0.016853809356689453
439,5.113343238830566,,8.511397361755371,0.017916440963745117
440,5.096759796142578,,8.535250663757324,0.021850109100341797
441,5.123621940612793,,8.554232120513916,0.01747870445251465
442,5.142876625061035,,8.574886798858643,0.0184023380279541
443,5.098262786865234,,8.59740662574768,0.02040576934814453
444,5.050464630126953,,8.618505477905273,0.01884913444519043
445,5.098881244659424,,8.643270015716553,0.022758960723876953
446,4.9627685546875,,8.667131185531616,0.02172541618347168
447,5.044879913330078,,8.686458110809326,0.016402244567871094
448,5.030329704284668,,8.706303358078003,0.0163571834564209
449,4.956846714019775,,8.725597143173218,0.017290592193603516
450,4.992650032043457,,8.743473052978516,0.01573967933654785
451,4.916701316833496,,8.764357566833496,0.017902851104736328
452,4.900009632110596,,8.785103797912598,0.020746231079101562
453,4.920859336853027,,8.8046133518219,0.017935514450073242
454,4.95264196395874,,8.825313091278076,0.018721342086791992
455,5.008087635040283,,8.843687295913696,0.016872882843017578
456,4.897180557250977,,8.86152720451355,0.016803741455078125
457,4.911307334899902,,8.882379293441772,0.017963886260986328
458,4.841355323791504,,8.902438402175903,0.018026351928710938
459,4.86499547958374,,8.92723298072815,0.02395176887512207
460,4.865281105041504,,8.950770616531372,0.021501779556274414
461,4.868597984313965,,8.96987271308899,0.018102407455444336
462,4.823299407958984,,8.995459794998169,0.0227658748626709
463,4.843623638153076,,9.016560792922974,0.021100997924804688
464,4.797723770141602,,9.036689758300781,0.020128965377807617
465,4.822751522064209,,9.059049606323242,0.018979549407958984
466,4.750243186950684,,9.077203035354614,0.017121315002441406
467,4.7484941482543945,,9.097684621810913,0.017377853393554688
468,4.732920169830322,,9.115437746047974,0.015746355056762695
469,4.720587730407715,,9.134357452392578,0.015885114669799805
470,4.713239669799805,,9.155352592468262,0.017860889434814453
471,4.772926330566406,,9.173946380615234,0.016584396362304688
472,4.716689586639404,,9.193463802337646,0.016782522201538086
473,4.670306205749512,,9.218980073928833,0.023984909057617188
474,4.693333625793457,,9.242671728134155,0.021656036376953125
475,4.737638473510742,,9.267279863357544,0.02379441261291504
476,4.687056064605713,,9.288099765777588,0.019782066345214844
477,4.627298355102539,,9.309056520462036,0.018920183181762695
478,4.624910354614258,,9.32889723777771,0.01780414581298828
479,4.642579555511475,,9.347654104232788,0.016736745834350586
480,4.677051544189453,,9.36661672592163,0.015997648239135742
481,4.6111040115356445,,9.38546371459961,0.01690959930419922
482,4.575822353363037,,9.40517282485962,0.016637563705444336
483,4.669234275817871,,9.424023866653442,0.016370058059692383
484,4.575736045837402,,9.444885969161987,0.017695188522338867
485,4.504273414611816,,9.46560025215149,0.019208192825317383
486,4.543125152587891,,9.486729383468628,0.019916772842407227
487,4.5881547927856445,,9.511252164840698,0.022516965866088867
488,4.460519313812256,,9.531235456466675,0.017986774444580078
489,4.547889232635498,,9.549108982086182,0.015832185745239258
490,4.553882598876953,,9.569877862930298,0.01780867576599121
491,4.527772903442383,,9.594592094421387,0.022708415985107422
492,4.450715065002441,,9.61361575126648,0.016524791717529297
493,4.482288360595703,,9.63247013092041,0.016923189163208008
494,4.511716842651367,,9.653163433074951,0.01754450798034668
495,4.466874599456787,,9.672502756118774,0.01811504364013672
496,4.3972883224487305,,9.69397759437561,0.019811630249023438
497,4.476381301879883,,9.718743562698364,0.02374267578125
498,4.418646812438965,,9.739535093307495,0.019756317138671875
499,4.461966037750244,,9.760407209396362,0.01883530616760254
500,4.482031345367432,0.8047875761985779,9.78812551498413,0.026682138442993164
501,4.449873447418213,,9.806602716445923,0.016440629959106445
502,4.344467639923096,,9.830786228179932,0.022153854370117188
503,4.385537147521973,,9.855736255645752,0.022953033447265625
504,4.416823387145996,,9.87930941581726,0.023057937622070312
505,4.345297813415527,,9.900328874588013,0.019022226333618164
506,4.359841823577881,,9.924087285995483,0.021107196807861328
507,4.292874813079834,,9.945042610168457,0.01797771453857422
508,4.349879741668701,,9.964028596878052,0.017479658126831055
509,4.373830795288086,,9.98544979095459,0.01967167854309082
510,4.312619209289551,,10.004399061203003,0.017949581146240234
511,4.349159240722656,,10.023321628570557,0.017923593521118164
512,4.325160980224609,,10.046665668487549,0.021404266357421875
513,4.292261600494385,,10.068498611450195,0.019824981689453125
514,4.246969223022461,,10.087893962860107,0.017740488052368164
515,4.28664493560791,,10.111599922180176,0.022701263427734375
516,4.199210166931152,,10.132458448410034,0.017938613891601562
517,4.288179397583008,,10.152386665344238,0.01792120933532715
518,4.239346504211426,,10.176656246185303,0.02338242530822754
519,4.275263786315918,,10.200783014297485,0.021454334259033203
520,4.204063415527344,,10.21924877166748,0.017466068267822266
521,4.265803813934326,,10.243430376052856,0.022144556045532227
522,4.207376003265381,,10.267222166061401,0.023791790008544922
523,4.189866542816162,,10.290985107421875,0.023762941360473633
524,4.200113296508789,,10.30662751197815,0.015642404556274414
525,4.134418487548828,,10.326613664627075,0.01648855209350586
526,4.1527485847473145,,10.351564168930054,0.022735595703125
527,4.183487892150879,,10.375426530838013,0.02170848846435547
528,4.148568630218506,,10.395555019378662,0.017035245895385742
529,4.202797889709473,,10.420112609863281,0.023794889450073242
530,4.128442287445068,,10.44434642791748,0.022198200225830078
531,4.153059959411621,,10.46270489692688,0.017752885818481445
532,4.128741264343262,,10.48168659210205,0.01798272132873535
533,4.039245128631592,,10.500406742095947,0.0167696475982666
534,4.207371711730957,,10.524708986282349,0.022209644317626953
535,4.115635871887207,,10.549118995666504,0.022820472717285156
536,4.107763767242432,,10.573753833770752,0.022627830505371094
537,4.051953315734863,,10.592870712280273,0.018117666244506836
538,4.106466293334961,,10.61640739440918,0.021466970443725586
539,4.081145763397217,,10.63631296157837,0.01780533790588379
540,4.155385971069336,,10.653254270553589,0.014937639236450195
541,4.091364860534668,,10.674238681793213,0.017198562622070312
542,4.045700550079346,,10.701598167419434,0.02434086799621582
543,3.974208116531372,,10.722687482833862,0.02108931541442871
544,4.0239667892456055,,10.743141889572144,0.017093420028686523
545,3.982288360595703,,10.764819622039795,0.020128488540649414
546,3.9483907222747803,,10.785381317138672,0.018026113510131836
547,3.9309816360473633,,10.806607007980347,0.01915597915649414
548,3.997184991836548,,10.82605242729187,0.0172882080078125
549,4.048802375793457,,10.849475145339966,0.02096843719482422
550,3.9190561771392822,,10.872744083404541,0.022882699966430664
551,3.932811737060547,,10.903603076934814,0.029859304428100586
552,3.9623072147369385,,10.921400308609009,0.01679706573486328
553,3.9450111389160156,,10.940901279449463,0.017503976821899414
554,3.9610953330993652,,10.95931100845337,0.016916990280151367
555,3.940272808074951,,10.978576183319092,0.01671147346496582
556,3.8756067752838135,,11.000100374221802,0.018744468688964844
557,3.913377285003662,,11.01812481880188,0.01593780517578125
558,3.919649600982666,,11.03825831413269,0.017076730728149414
559,3.8654592037200928,,11.05763864517212,0.017635583877563477
560,3.9050958156585693,,11.076775074005127,0.01704883575439453
561,3.8928980827331543,,11.096574306488037,0.017037153244018555
562,3.9105167388916016,,11.116170644760132,0.01792287826538086
563,3.9213061332702637,,11.135452508926392,0.017773151397705078
564,3.913628101348877,,11.15846586227417,0.0205080509185791
565,3.8053386211395264,,11.181411981582642,0.02045440673828125
566,3.8231115341186523,,11.201390266418457,0.01697993278503418
567,3.81661319732666,,11.22657299041748,0.024018049240112305
568,3.8171775341033936,,11.24390983581543,0.01733684539794922
569,3.820154905319214,,11.264686584472656,0.01726698875427246
570,3.7919321060180664,,11.2855703830719,0.018373727798461914
571,3.7525806427001953,,11.305421590805054,0.018349409103393555
572,3.838528633117676,,11.325155019760132,0.017222881317138672
573,3.8003318309783936,,11.344957828521729,0.017215967178344727
574,3.821643829345703,,11.37131643295288,0.022841453552246094
575,3.813844680786133,,11.39635419845581,0.022009849548339844
576,3.771552085876465,,11.41718316078186,0.02043318748474121
577,3.8338074684143066,,11.436608791351318,0.016821861267089844
578,3.786907911300659,,11.455362319946289,0.016831159591674805
579,3.767702102661133,,11.476598501205444,0.018732547760009766
580,3.8296751976013184,,11.496649026870728,0.01804208755493164
581,3.750638484954834,,11.519059419631958,0.01940464973449707
582,3.7510416507720947,,11.53793478012085,0.01646733283996582
583,3.7999424934387207,,11.558625936508179,0.018118619918823242
584,3.730318069458008,,11.576998233795166,0.016866683959960938
585,3.699646472930908,,11.596457242965698,0.01745295524597168
586,3.7372817993164062,,11.616294622421265,0.01883220672607422
587,3.6922411918640137,,11.635327577590942,0.017028331756591797
588,3.742375135421753,,11.653336763381958,0.015938758850097656
589,3.688755989074707,,11.674299716949463,0.017423629760742188
590,3.720472812652588,,11.69793176651001,0.02048468589782715
591,3.691009998321533,,11.721800088882446,0.02283191680908203
592,3.6625523567199707,,11.738658666610718,0.016858577728271484
593,3.6817235946655273,,11.75741720199585,0.01680588722229004
594,3.6273391246795654,,11.78228759765625,0.021977901458740234
595,3.7137112617492676,,11.801056623458862,0.016771793365478516
596,3.6850903034210205,,11.82539701461792,0.022303342819213867
597,3.6118853092193604,,11.843798637390137,0.018401622772216797
598,3.6194510459899902,,11.861608266830444,0.016772985458374023
599,3.6410131454467773,,11.88243556022644,0.017889976501464844
600,3.642237901687622,0.8809325695037842,11.902320623397827,0.017879009246826172
601,3.595674991607666,,11.928058385848999,0.024759292602539062
602,3.6336727142333984,,11.95178508758545,0.021723508834838867
603,3.6471219062805176,,11.969738721847534,0.01795363426208496
604,3.6529335975646973,,11.989405155181885,0.017669677734375
605,3.5869998931884766,,12.011352777481079,0.019912004470825195
606,3.610663414001465,,12.027950525283813,0.01559901237487793
607,3.59127140045166,,12.049127101898193,0.016863346099853516
608,3.5680346488952637,,12.067342281341553,0.016208648681640625
609,3.5860681533813477,,12.093623161315918,0.024278879165649414
610,3.5741164684295654,,12.117224216461182,0.022564172744750977
611,3.5183160305023193,,12.143366575241089,0.024725914001464844
612,3.5748772621154785,,12.167232990264893,0.02265787124633789
613,3.486189365386963,,12.18644666671753,0.01720738410949707
614,3.5204830169677734,,12.21184778213501,0.023787975311279297
615,3.5540122985839844,,12.23564100265503,0.022757291793823242
616,3.5207016468048096,,12.260354280471802,0.02371382713317871
617,3.529437303543091,,12.2783043384552,0.017950057983398438
618,3.5306410789489746,,12.296563863754272,0.016222238540649414
619,3.600870132446289,,12.31997299194336,0.022403717041015625
620,3.548304557800293,,12.33786916732788,0.017896175384521484
621,3.481912851333618,,12.35625672340393,0.01639556884765625
622,3.4890408515930176,,12.375497102737427,0.016848325729370117
623,3.465364694595337,,12.396290302276611,0.019786834716796875
624,3.5002756118774414,,12.41691279411316,0.01755380630493164
625,3.476633310317993,,12.441745519638062,0.02264571189880371
626,3.4786901473999023,,12.463806390762329,0.022060871124267578
627,3.3844313621520996,,12.483585596084595,0.017659425735473633
628,3.455653667449951,,12.50757360458374,0.02298903465270996
629,3.4814839363098145,,12.526756525039673,0.01717686653137207
630,3.465306520462036,,12.546640872955322,0.018319129943847656
631,3.44970703125,,12.56501579284668,0.016366958618164062
632,3.40944766998291,,12.583928346633911,0.01652216911315918
633,3.47342848777771,,12.608540773391724,0.022000551223754883
634,3.4734914302825928,,12.628569602966309,0.017031431198120117
635,3.357546806335449,,12.653232097625732,0.02262115478515625
636,3.411068916320801,,12.670235633850098,0.017003536224365234
637,3.459346055984497,,12.689962148666382,0.017685413360595703
638,3.4809634685516357,,12.708866834640503,0.016933679580688477
639,3.4031405448913574,,12.733532667160034,0.022660493850708008
640,3.3411452770233154,,12.753737926483154,0.01720571517944336
641,3.3788366317749023,,12.771360397338867,0.01658463478088379
642,3.37679386138916,,12.792304992675781,0.017926931381225586
643,3.4305572509765625,,12.812913656234741,0.0186002254486084
644,3.3476688861846924,,12.834985494613647,0.02207183837890625
645,3.319920539855957,,12.856931447982788,0.020441293716430664
646,3.359320640563965,,12.881149053573608,0.024217605590820312
647,3.3313934803009033,,12.89998984336853,0.01742076873779297
648,3.3754544258117676,,12.920913219451904,0.01992058753967285
649,3.3722777366638184,,12.944856643676758,0.021947145462036133
650,3.3106584548950195,,12.969585180282593,0.022964000701904297
651,3.3893725872039795,,12.9937264919281,0.022141695022583008
652,3.3514091968536377,,13.018062591552734,0.02433609962463379
653,3.352280616760254,,13.036360263824463,0.01714015007019043
654,3.330042839050293,,13.061761379241943,0.023336410522460938
655,3.2692158222198486,,13.080580949783325,0.017820358276367188
656,3.3126468658447266,,13.100356101989746,0.01677870750427246
657,3.2793569564819336,,13.118542194366455,0.017150402069091797
658,3.2007546424865723,,13.13931679725647,0.016931533813476562
659,3.2455735206604004,,13.156429052352905,0.017112255096435547
660,3.213860511779785,,13.17734694480896,0.01891040802001953
661,3.264568328857422,,13.19485330581665,0.015470504760742188
662,3.2799556255340576,,13.220664978027344,0.02306056022644043
663,3.2446346282958984,,13.240201950073242,0.01757335662841797
664,3.2602131366729736,,13.26321816444397,0.022011280059814453
665,3.2107043266296387,,13.283484935760498,0.01685929298400879
666,3.227905750274658,,13.303077936172485,0.01796579360961914
667,3.2410061359405518,,13.322711706161499,0.018634319305419922
668,3.166713237762451,,13.346972227096558,0.023218870162963867
669,3.263425588607788,,13.372282266616821,0.024762630462646484
670,3.210787296295166,,13.395087480545044,0.020808696746826172
671,3.233506679534912,,13.417360067367554,0.020860910415649414
672,3.2110953330993652,,13.44474720954895,0.022616147994995117
673,3.2570438385009766,,13.466341733932495,0.01983332633972168
674,3.1797168254852295,,13.486400604248047,0.01521754264831543
675,3.270407199859619,,13.507282495498657,0.01682305335998535
676,3.2646894454956055,,13.532192468643188,0.02490997314453125
677,3.199021339416504,,13.552150249481201,0.01796126365661621
678,3.1955370903015137,,13.576528310775757,0.023341655731201172
679,3.0958240032196045,,13.601352214813232,0.024314403533935547
680,3.1685285568237305,,13.624728202819824,0.022281169891357422
681,3.213141441345215,,13.650071144104004,0.023416996002197266
682,3.240725040435791,,13.67420506477356,0.022136688232421875
683,3.190948247909546,,13.693682193756104,0.016817331314086914
684,3.1967010498046875,,13.719483137130737,0.02437901496887207
685,3.1389083862304688,,13.743296146392822,0.022814273834228516
686,3.135517120361328,,13.7617928981781,0.01813793182373047
687,3.1551082134246826,,13.780949354171753,0.01634383201599121
688,3.2334837913513184,,13.79949688911438,0.016544103622436523
689,3.164027690887451,,13.823934316635132,0.02107405662536621
690,3.1317758560180664,,13.840644598007202,0.015706777572631836
691,3.1031668186187744,,13.861711502075195,0.017332792282104492
692,3.141645669937134,,13.881288290023804,0.0195767879486084
693,3.2193374633789062,,13.903762102127075,0.020945310592651367
694,3.1165566444396973,,13.923866033554077,0.017559528350830078
695,3.169830083847046,,13.942801237106323,0.018395662307739258
696,3.144017219543457,,13.963366746902466,0.018246889114379883
697,3.132462978363037,,13.98677372932434,0.02241206169128418
698,3.061232328414917,,14.006324052810669,0.016845226287841797
699,3.1416683197021484,,14.023267030715942,0.015371322631835938
700,3.071204423904419,0.9387333989143372,14.047252893447876,0.021985292434692383
701,3.107339382171631,,14.0638747215271,0.015619277954101562
702,3.168727159500122,,14.086368083953857,0.021489858627319336
703,3.0765275955200195,,14.106560707092285,0.019689083099365234
704,3.142632484436035,,14.12344741821289,0.015666961669921875
705,3.043694257736206,,14.146960735321045,0.02154707908630371
706,3.046088457107544,,14.166548490524292,0.018581628799438477
707,3.071150779724121,,14.18391728401184,0.015360355377197266
708,3.0349507331848145,,14.204784870147705,0.01986837387084961
709,3.062652587890625,,14.222695112228394,0.015402793884277344
710,3.0486698150634766,,14.239491701126099,0.015729665756225586
711,3.08743953704834,,14.255093097686768,0.014601707458496094
712,3.026644468307495,,14.273160219192505,0.015847206115722656
713,3.0382027626037598,,14.29259181022644,0.0184326171875
714,3.0469486713409424,,14.3094482421875,0.014888763427734375
715,3.0099170207977295,,14.326715230941772,0.015293598175048828
716,3.0432381629943848,,14.344871282577515,0.015571355819702148
717,3.0715413093566895,,14.365435361862183,0.02056407928466797
718,3.028003692626953,,14.382988691329956,0.0160520076751709
719,2.999687910079956,,14.399815559387207,0.014829635620117188
720,2.998347043991089,,14.417032241821289,0.015251398086547852
721,2.96832013130188,,14.438934326171875,0.020841121673583984
722,2.995471477508545,,14.459296226501465,0.018364429473876953
723,2.9874963760375977,,14.475542783737183,0.015248537063598633
724,2.9765443801879883,,14.492526769638062,0.015482425689697266
725,2.9951348304748535,,14.509437084197998,0.01502847671508789
726,3.017087459564209,,14.526253938674927,0.015816450119018555
727,2.9691245555877686,,14.542624235153198,0.014863252639770508
728,2.968165874481201,,14.559527397155762,0.015873193740844727
729,2.934206962585449,,14.580720663070679,0.020193815231323242
730,2.972935676574707,,14.598642110824585,0.01592397689819336
731,3.0540266036987305,,14.618419647216797,0.018778085708618164
732,3.000666856765747,,14.635329008102417,0.014818906784057617
733,2.976487159729004,,14.652289867401123,0.015487909317016602
734,2.948827028274536,,14.674673795700073,0.020473480224609375
735,2.9672956466674805,,14.691878318786621,0.015700340270996094
736,2.9810519218444824,,14.712939977645874,0.02006244659423828
737,2.9282562732696533,,14.729671955108643,0.015732765197753906
738,3.0035252571105957,,14.746923685073853,0.01524806022644043
739,2.9118170738220215,,14.764235019683838,0.015302896499633789
740,2.950408935546875,,14.780065774917603,0.014746427536010742
741,2.932711362838745,,14.797664642333984,0.015635967254638672
742,2.9685349464416504,,14.816449642181396,0.016786813735961914
743,2.906632423400879,,14.837910652160645,0.02045607566833496
744,2.9250807762145996,,14.85450792312622,0.015592098236083984
745,2.9212734699249268,,14.8764169216156,0.020825862884521484
746,2.9352478981018066,,14.893311977386475,0.015386343002319336
747,2.8988561630249023,,14.916638612747192,0.021329641342163086
748,2.934126853942871,,14.938904047012329,0.02122974395751953
749,2.975867748260498,,14.954824447631836,0.014921188354492188
750,2.8668551445007324,,14.978193044662476,0.020861387252807617
751,2.901808738708496,,14.99338150024414,0.015188455581665039
752,2.8608739376068115,,15.011565685272217,0.015084505081176758
753,2.8596153259277344,,15.027898073196411,0.015333414077758789
754,2.850720167160034,,15.044766902923584,0.01513528823852539
755,2.886711359024048,,15.062849283218384,0.01557469367980957
756,2.8600821495056152,,15.08471941947937,0.020838260650634766
757,2.860132932662964,,15.102607011795044,0.015379667282104492
758,2.950157403945923,,15.119496583938599,0.01589035987854004
759,2.8880057334899902,,15.137094259262085,0.015598773956298828
760,2.8511452674865723,,15.153047323226929,0.014947891235351562
761,2.846681594848633,,15.170774936676025,0.015672922134399414
762,2.8704371452331543,,15.187509775161743,0.015735626220703125
763,2.779873847961426,,15.209963321685791,0.02108454704284668
764,2.819793939590454,,15.226541519165039,0.015578985214233398
765,2.8695268630981445,,15.243359804153442,0.01531076431274414
766,2.7769556045532227,,15.266788959503174,0.02135491371154785
767,2.802746295928955,,15.28769850730896,0.019904375076293945
768,2.7969956398010254,,15.305213689804077,0.015512704849243164
769,2.835413932800293,,15.3263680934906,0.019932031631469727
770,2.8445796966552734,,15.344519138336182,0.015110254287719727
771,2.7470855712890625,,15.363476753234863,0.017958402633666992
772,2.808460235595703,,15.380979537963867,0.016503572463989258
773,2.81587815284729,,15.403198957443237,0.020915746688842773
774,2.7811825275421143,,15.420064687728882,0.015778064727783203
775,2.831024646759033,,15.43747091293335,0.015408992767333984
776,2.784010410308838,,15.459038734436035,0.0201413631439209
777,2.7729408740997314,,15.476197242736816,0.015161275863647461
778,2.7111778259277344,,15.493407249450684,0.016204357147216797
779,2.772979259490967,,15.510541200637817,0.015042781829833984
780,2.7577009201049805,,15.5317862033844,0.01924872398376465
781,2.805591583251953,,15.550020933151245,0.016269207000732422
782,2.7311668395996094,,15.566451787948608,0.015431404113769531
783,2.7829430103302,,15.583793878555298,0.01533365249633789
784,2.837062358856201,,15.60059642791748,0.015724658966064453
785,2.7596631050109863,,15.616511344909668,0.014912128448486328
786,2.845183849334717,,15.634031057357788,0.015661954879760742
787,2.782593011856079,,15.654179573059082,0.019149065017700195
788,2.7502293586730957,,15.670676708221436,0.015497684478759766
789,2.79056978225708,,15.68789291381836,0.01521921157836914
790,2.732944965362549,,15.703874588012695,0.014902591705322266
791,2.7386531829833984,,15.721686601638794,0.015344381332397461
792,2.6962954998016357,,15.74441123008728,0.020801305770874023
793,2.6950864791870117,,15.766884803771973,0.01990342140197754
794,2.7043488025665283,,15.7886643409729,0.019780397415161133
795,2.735527515411377,,15.805964708328247,0.015303373336791992
796,2.711246967315674,,15.82283091545105,0.015292882919311523
797,2.726492404937744,,15.839853763580322,0.01602339744567871
798,2.7928380966186523,,15.856598377227783,0.015744686126708984
799,2.6929969787597656,,15.873495817184448,0.015389680862426758
800,2.7890121936798096,0.9485198855400085,15.893234014511108,0.017740964889526367
801,2.731475353240967,,15.910094738006592,0.01586127281188965
802,2.7274532318115234,,15.927765130996704,0.01559138298034668
803,2.742814540863037,,15.943933010101318,0.01513361930847168
804,2.7116270065307617,,15.961314916610718,0.01651740074157715
805,2.697784185409546,,15.978095769882202,0.01578235626220703
806,2.6705939769744873,,15.994464635848999,0.014995813369750977
807,2.718413829803467,,16.012419939041138,0.015450477600097656
808,2.704470157623291,,16.029125452041626,0.015694856643676758
809,2.6744754314422607,,16.050716876983643,0.02005624771118164
810,2.6840291023254395,,16.067464351654053,0.014747142791748047
811,2.7289180755615234,,16.08489727973938,0.015403270721435547
812,2.701810359954834,,16.101627588272095,0.015195131301879883
813,2.6997761726379395,,16.11844563484192,0.015820980072021484
814,2.6928305625915527,,16.136434078216553,0.015914201736450195
815,2.6294991970062256,,16.15315294265747,0.015680789947509766
816,2.7068142890930176,,16.17011547088623,0.015876293182373047
817,2.6449174880981445,,16.187864303588867,0.01574230194091797
818,2.683352470397949,,16.20480442047119,0.01587820053100586
819,2.6347436904907227,,16.22189712524414,0.015549659729003906
820,2.6589341163635254,,16.238598585128784,0.015980005264282227
821,2.6557111740112305,,16.2569580078125,0.017353534698486328
822,2.588233232498169,,16.27322745323181,0.015235662460327148
823,2.617238998413086,,16.290668725967407,0.015413761138916016
824,2.620692253112793,,16.307405948638916,0.015737295150756836
825,2.605924606323242,,16.329140424728394,0.02071666717529297
826,2.677891731262207,,16.347532510757446,0.015887022018432617
827,2.6215314865112305,,16.36947464942932,0.020879507064819336
828,2.5791022777557373,,16.39229416847229,0.02079939842224121
829,2.607661008834839,,16.414106130599976,0.019814729690551758
830,2.623779773712158,,16.431488275527954,0.01638317108154297
831,2.5862317085266113,,16.44837188720703,0.01587843894958496
832,2.589175224304199,,16.469857454299927,0.020485877990722656
833,2.641984462738037,,16.488508701324463,0.017652511596679688
834,2.5963006019592285,,16.505064249038696,0.015550851821899414
835,2.6521596908569336,,16.52323889732361,0.01566624641418457
836,2.5870563983917236,,16.539642572402954,0.015403985977172852
837,2.627427577972412,,16.55751609802246,0.014876365661621094
838,2.571803092956543,,16.57481336593628,0.015294551849365234
839,2.6239376068115234,,16.596233367919922,0.01991581916809082
840,2.5606253147125244,,16.61358094215393,0.014997243881225586
841,2.5924670696258545,,16.63171124458313,0.01616382598876953
842,2.5714709758758545,,16.649243116378784,0.01652669906616211
843,2.604515552520752,,16.666664123535156,0.015423774719238281
844,2.5710058212280273,,16.68387484550476,0.016205549240112305
845,2.5411369800567627,,16.70486092567444,0.019987106323242188
846,2.567803382873535,,16.72194528579712,0.015580415725708008
847,2.5548958778381348,,16.744402408599854,0.020725727081298828
848,2.5945887565612793,,16.761514902114868,0.015115499496459961
849,2.5266103744506836,,16.784252643585205,0.020771503448486328
850,2.5705294609069824,,16.802649974822998,0.016399860382080078
851,2.5478200912475586,,16.819873332977295,0.015225648880004883
852,2.522854804992676,,16.841856241226196,0.020924806594848633
853,2.572997570037842,,16.861507654190063,0.017653942108154297
854,2.5356192588806152,,16.878024578094482,0.014455795288085938
855,2.512734889984131,,16.895313024520874,0.015321731567382812
856,2.5825929641723633,,16.918227672576904,0.021004915237426758
857,2.518754720687866,,16.93520498275757,0.015597105026245117
858,2.5237998962402344,,16.951433420181274,0.014727115631103516
859,2.5264949798583984,,16.96886968612671,0.015121221542358398
860,2.4998178482055664,,16.986156225204468,0.015289306640625
861,2.5088138580322266,,17.008562088012695,0.021093368530273438
862,2.5188794136047363,,17.028184413909912,0.018622875213623047
863,2.5329113006591797,,17.050015687942505,0.020772457122802734
864,2.5178170204162598,,17.069575786590576,0.01856088638305664
865,2.513093948364258,,17.091404676437378,0.020548582077026367
866,2.487211227416992,,17.111457109451294,0.018054723739624023
867,2.479450225830078,,17.13446593284607,0.021961450576782227
868,2.5004944801330566,,17.150872945785522,0.015408039093017578
869,2.44187331199646,,17.16866445541382,0.01679205894470215
870,2.5220048427581787,,17.185001373291016,0.014346837997436523
871,2.470745086669922,,17.202857732772827,0.014931201934814453
872,2.498260974884033,,17.220004081726074,0.015114307403564453
873,2.521238327026367,,17.241640090942383,0.020637035369873047
874,2.458620071411133,,17.25892686843872,0.01531839370727539
875,2.47451114654541,,17.27654004096985,0.015616178512573242
876,2.4631733894348145,,17.294015407562256,0.017475366592407227
877,2.4982805252075195,,17.314887285232544,0.01987147331237793
878,2.4713568687438965,,17.332321882247925,0.014926671981811523
879,2.492608070373535,,17.350588083267212,0.01626133918762207
880,2.5065081119537354,,17.3714702129364,0.019882678985595703
881,2.4735496044158936,,17.38922882080078,0.015761613845825195
882,2.513300657272339,,17.41114068031311,0.02085733413696289
883,2.4310426712036133,,17.429630041122437,0.016491413116455078
884,2.483725070953369,,17.444968938827515,0.014030218124389648
885,2.4438605308532715,,17.46529221534729,0.01860952377319336
886,2.477311372756958,,17.484625816345215,0.017830848693847656
887,2.458552360534668,,17.501065969467163,0.014652252197265625
888,2.43267822265625,,17.518932819366455,0.015900611877441406
889,2.477989435195923,,17.540652990341187,0.020720958709716797
890,2.466294527053833,,17.557499885559082,0.015422344207763672
891,2.46787691116333,,17.577738046646118,0.01923346519470215
892,2.460735321044922,,17.59478235244751,0.015041828155517578
893,2.4407029151916504,,17.612582683563232,0.0162961483001709
894,2.404214382171631,,17.635037660598755,0.02148604393005371
895,2.441317081451416,,17.65127420425415,0.016236543655395508
896,2.376258134841919,,17.673985719680786,0.020824193954467773
897,2.39314603805542,,17.692932844161987,0.01788616180419922
898,2.448615789413452,,17.709996700286865,0.015183210372924805
899,2.4335250854492188,,17.72722578048706,0.016229867935180664
900,2.457329273223877,0.9603339632352194,17.74552607536316,0.017300844192504883
901,2.3979735374450684,,17.76787233352661,0.019841670989990234
902,2.4496867656707764,,17.788836002349854,0.019958972930908203
903,2.421966552734375,,17.806507110595703,0.015674114227294922
904,2.471663236618042,,17.822954177856445,0.015441417694091797
905,2.3885602951049805,,17.84658932685852,0.021637916564941406
906,2.4355435371398926,,17.86712384223938,0.020534515380859375
907,2.3844146728515625,,17.884641408920288,0.015512466430664062
908,2.393730878829956,,17.90696120262146,0.02081441879272461
909,2.372926950454712,,17.924018621444702,0.017057418823242188
910,2.395296573638916,,17.94632601737976,0.021244525909423828
911,2.3562121391296387,,17.963817358016968,0.016485929489135742
912,2.320528984069824,,17.985564947128296,0.020748138427734375
913,2.3365254402160645,,18.002851009368896,0.016409635543823242
914,2.396174430847168,,18.01889681816101,0.01504659652709961
915,2.3688063621520996,,18.03516173362732,0.014267444610595703
916,2.360867738723755,,18.052990674972534,0.015574216842651367
917,2.372387409210205,,18.070146799087524,0.015158653259277344
918,2.427690267562866,,18.08624839782715,0.0150299072265625
919,2.3954732418060303,,18.103654861450195,0.015403509140014648
920,2.388803482055664,,18.12551498413086,0.0209963321685791
921,2.436532497406006,,18.142301559448242,0.015285015106201172
922,2.3312621116638184,,18.164119243621826,0.019820213317871094
923,2.3472816944122314,,18.1808865070343,0.015767812728881836
924,2.357020378112793,,18.198375940322876,0.015306234359741211
925,2.3471484184265137,,18.214921474456787,0.015546560287475586
926,2.3901243209838867,,18.233580112457275,0.017154216766357422
927,2.3524603843688965,,18.25506567955017,0.019977807998657227
928,2.324596881866455,,18.27236533164978,0.015795230865478516
929,2.3557097911834717,,18.29464316368103,0.021279335021972656
930,2.34359073638916,,18.3164381980896,0.021795034408569336
931,2.35453724861145,,18.337727308273315,0.02028346061706543
932,2.3520596027374268,,18.35456132888794,0.015829086303710938
933,2.3278257846832275,,18.37144637107849,0.015813827514648438
934,2.347973346710205,,18.389227867126465,0.01578378677368164
935,2.360252618789673,,18.40529775619507,0.014976024627685547
936,2.346149444580078,,18.422701835632324,0.015902280807495117
937,2.283806562423706,,18.441988706588745,0.017288684844970703
938,2.3500638008117676,,18.46234941482544,0.01936173439025879
939,2.291421890258789,,18.479593753814697,0.015247106552124023
940,2.333159923553467,,18.502017974853516,0.021388769149780273
941,2.3137969970703125,,18.518927812576294,0.01591038703918457
942,2.318267345428467,,18.534875869750977,0.014948606491088867
943,2.258347988128662,,18.55414342880249,0.01651477813720703
944,2.2900571823120117,,18.572871685028076,0.017728805541992188
945,2.278438091278076,,18.59428834915161,0.01941847801208496
946,2.3243162631988525,,18.61153221130371,0.01524662971496582
947,2.234342575073242,,18.63408088684082,0.02151775360107422
948,2.2687015533447266,,18.653148889541626,0.018063783645629883
949,2.287308692932129,,18.673713207244873,0.018483400344848633
950,2.2344541549682617,,18.689987421035767,0.015275001525878906
951,2.31119441986084,,18.707354307174683,0.015400409698486328
952,2.307872772216797,,18.724644422531128,0.016290664672851562
953,2.2881827354431152,,18.741557359695435,0.015408754348754883
954,2.268422842025757,,18.758572340011597,0.01601552963256836
955,2.257417678833008,,18.774511337280273,0.014937400817871094
956,2.2936103343963623,,18.791693925857544,0.016177654266357422
957,2.253883123397827,,18.808499097824097,0.01580333709716797
958,2.2846813201904297,,18.824961185455322,0.015462875366210938
959,2.301455020904541,,18.841922998428345,0.01541757583618164
960,2.309536933898926,,18.859189748764038,0.015266895294189453
961,2.300567150115967,,18.87510395050049,0.01492166519165039
962,2.2799572944641113,,18.892423629760742,0.015815019607543945
963,2.313506841659546,,18.909814596176147,0.015396595001220703
964,2.235945224761963,,18.92715287208557,0.01614665985107422
965,2.275261163711548,,18.942988872528076,0.014804601669311523
966,2.317697286605835,,18.9604434967041,0.0156707763671875
967,2.2586636543273926,,18.977153301239014,0.015706300735473633
968,2.289396286010742,,18.9945068359375,0.015322208404541016
969,2.2852790355682373,,19.012094259262085,0.015617847442626953
970,2.2355003356933594,,19.02813220024109,0.015037298202514648
971,2.2906150817871094,,19.045305967330933,0.015094518661499023
972,2.314074993133545,,19.06258225440979,0.015740394592285156
973,2.2579758167266846,,19.078771591186523,0.014777660369873047
974,2.234818696975708,,19.096909046173096,0.016106605529785156
975,2.222634792327881,,19.113545656204224,0.015900373458862305
976,2.270674228668213,,19.131465911865234,0.015923023223876953
977,2.2433674335479736,,19.148340702056885,0.015908002853393555
978,2.2780141830444336,,19.16515803337097,0.015816211700439453
979,2.219210147857666,,19.182978630065918,0.01546478271484375
980,2.2346198558807373,,19.20033073425293,0.01535344123840332
981,2.2283501625061035,,19.217498064041138,0.016167163848876953
982,2.1988937854766846,,19.23510980606079,0.015612363815307617
983,2.2372303009033203,,19.252142667770386,0.01564168930053711
984,2.2200119495391846,,19.268837451934814,0.01569533348083496
985,2.258800506591797,,19.286128044128418,0.016290903091430664
986,2.2273433208465576,,19.308437824249268,0.020188331604003906
987,2.2363314628601074,,19.324961185455322,0.014523029327392578
988,2.2485451698303223,,19.343658685684204,0.016157150268554688
989,2.2486886978149414,,19.360148906707764,0.015490531921386719
990,2.1678106784820557,,19.37712287902832,0.015630483627319336
991,2.2081432342529297,,19.394346475601196,0.016191482543945312
992,2.169070243835449,,19.411158323287964,0.015811681747436523
993,2.2081892490386963,,19.43398666381836,0.02065563201904297
994,2.154716730117798,,19.450504779815674,0.014974832534790039
995,2.1855125427246094,,19.46864366531372,0.016169071197509766
996,2.2018368244171143,,19.48468518257141,0.015041828155517578
997,2.2457728385925293,,19.502085208892822,0.015865087509155273
998,2.154916524887085,,19.518900871276855,0.014810800552368164
999,2.216132640838623,,19.541816234588623,0.02091526985168457
1000,2.19185733795166,0.9739975730578104,19.559509754180908,0.017693519592285156
1001,2.190645456314087,,19.574886560440063,0.014376640319824219
1002,2.2014341354370117,,19.593392372131348,0.015606880187988281
1003,2.243494987487793,,19.610167741775513,0.015774250030517578
1004,2.204211711883545,,19.62668538093567,0.01515650749206543
1005,2.195133686065674,,19.643425226211548,0.014708757400512695
1006,2.239522695541382,,19.66012191772461,0.014699935913085938
1007,2.147339344024658,,19.678308963775635,0.015110254287719727
1008,2.1952390670776367,,19.694814443588257,0.014508247375488281
1009,2.1320226192474365,,19.711869955062866,0.015498876571655273
1010,2.1321301460266113,,19.729291200637817,0.015417814254760742
1011,2.1966023445129395,,19.745507955551147,0.014962196350097656
1012,2.2040085792541504,,19.763644695281982,0.015573978424072266
1013,2.1798715591430664,,19.78016209602356,0.014783620834350586
1014,2.2039692401885986,,19.798812866210938,0.01666092872619629
1015,2.1603074073791504,,19.815046310424805,0.01520538330078125
1016,2.134380578994751,,19.833834171295166,0.016247034072875977
1017,2.1919350624084473,,19.850671529769897,0.016837358474731445
1018,2.178088665008545,,19.868301153182983,0.016629934310913086
1019,2.1260159015655518,,19.88561487197876,0.016093730926513672
1020,2.194593906402588,,19.903197526931763,0.016044139862060547
1021,2.1819190979003906,,19.920427322387695,0.016139745712280273
1022,2.1460654735565186,,19.93664264678955,0.015216588973999023
1023,2.169058322906494,,19.953824520111084,0.014890670776367188
1024,2.160722255706787,,19.971996545791626,0.015608787536621094
1025,2.1523003578186035,,19.988579988479614,0.015944242477416992
1026,2.1664316654205322,,20.005086183547974,0.015498638153076172
1027,2.1577956676483154,,20.023334741592407,0.015674114227294922
1028,2.1933043003082275,,20.040285348892212,0.01598048210144043
1029,2.12924861907959,,20.057538270950317,0.015439748764038086
1030,2.1468605995178223,,20.073800086975098,0.015230655670166016
1031,2.1862330436706543,,20.091366052627563,0.016565322875976562
1032,2.1588199138641357,,20.108189582824707,0.0158231258392334
1033,2.126877784729004,,20.124483585357666,0.015302419662475586
1034,2.136732816696167,,20.142234802246094,0.015750408172607422
1035,2.1686387062072754,,20.15881848335266,0.015583992004394531
1036,2.190314769744873,,20.174747467041016,0.014629125595092773
1037,2.169715404510498,,20.19291853904724,0.015595197677612305
1038,2.126641035079956,,20.209280014038086,0.01536250114440918
1039,2.1481685638427734,,20.226219415664673,0.014936208724975586
1040,2.1473872661590576,,20.243412494659424,0.016158103942871094
1041,2.1367053985595703,,20.260626792907715,0.015144824981689453
1042,2.135335683822632,,20.277918815612793,0.015303373336791992
1043,2.1477441787719727,,20.294651746749878,0.015552282333374023
1044,2.1037793159484863,,20.31157660484314,0.015390634536743164
1045,2.1445090770721436,,20.32853937149048,0.01563239097595215
1046,2.1035170555114746,,20.345348358154297,0.014781713485717773
1047,2.1517701148986816,,20.362530946731567,0.014935493469238281
1048,2.193511486053467,,20.37967014312744,0.016138792037963867
1049,2.086169481277466,,20.396329402923584,0.015659809112548828
1050,2.1266329288482666,,20.413143396377563,0.015606880187988281
1051,2.087165117263794,,20.430757999420166,0.015616893768310547
1052,2.1670126914978027,,20.44740056991577,0.015358686447143555
1053,2.096724033355713,,20.464378595352173,0.014959335327148438
1054,2.050382614135742,,20.481613397598267,0.015265226364135742
1055,2.085378885269165,,20.4990713596344,0.015457868576049805
1056,2.154153347015381,,20.51632022857666,0.016254186630249023
1057,2.0830957889556885,,20.53233242034912,0.015475988388061523
1058,2.1180648803710938,,20.549786806106567,0.015455961227416992
1059,2.0538740158081055,,20.566535234451294,0.014748573303222656
1060,2.11401104927063,,20.5837562084198,0.015185356140136719
1061,2.126014232635498,,20.6007182598114,0.01593303680419922
1062,2.090630054473877,,20.617061614990234,0.015343427658081055
1063,2.0855560302734375,,20.63512420654297,0.015568733215332031
1064,2.1749305725097656,,20.656723737716675,0.02005791664123535
1065,2.0357978343963623,,20.675191640853882,0.016434431076049805
1066,2.093250274658203,,20.69201922416687,0.015294790267944336
1067,2.1557860374450684,,20.70841693878174,0.01539754867553711
1068,2.044337749481201,,20.724730968475342,0.014315128326416016
1069,2.0333244800567627,,20.742631673812866,0.015328407287597656
1070,2.056967258453369,,20.76023817062378,0.015686750411987305
1071,2.047427177429199,,20.77683401107788,0.015563488006591797
1072,2.077005386352539,,20.793718576431274,0.015529632568359375
1073,2.078275203704834,,20.810606956481934,0.01588892936706543
1074,2.091135025024414,,20.826771020889282,0.015163898468017578
1075,2.090996742248535,,20.844998359680176,0.015177249908447266
1076,2.0900707244873047,,20.861270666122437,0.014755487442016602
1077,2.1061525344848633,,20.879080295562744,0.01553201675415039
1078,2.1016814708709717,,20.89617109298706,0.016090869903564453
1079,2.0801448822021484,,20.913177013397217,0.015974760055541992
1080,2.0857720375061035,,20.930710077285767,0.015532732009887695
1081,2.0647034645080566,,20.94740080833435,0.01547551155090332
1082,2.0278539657592773,,20.96443796157837,0.01600956916809082
1083,2.0742440223693848,,20.98171305656433,0.015274763107299805
1084,2.131168842315674,,20.999087810516357,0.016377687454223633
1085,2.1096086502075195,,21.016373872756958,0.016283750534057617
1086,2.0857250690460205,,21.032272815704346,0.015362739562988281
1087,2.0892868041992188,,21.049751043319702,0.015508651733398438
1088,2.0671098232269287,,21.06649136543274,0.015718936920166016
1089,2.0450339317321777,,21.083800792694092,0.01630401611328125
1090,2.0184693336486816,,21.10072898864746,0.015902042388916016
1091,2.0271947383880615,,21.117105722427368,0.015383481979370117
1092,2.0687150955200195,,21.134552240371704,0.01611781120300293
1093,2.066718578338623,,21.15131402015686,0.015761852264404297
1094,2.0329909324645996,,21.168752431869507,0.015574932098388672
1095,2.0338315963745117,,21.187631607055664,0.01787543296813965
1096,1.9905061721801758,,21.204381465911865,0.015396833419799805
1097,2.039724349975586,,21.222493886947632,0.015579700469970703
1098,2.1092629432678223,,21.239073038101196,0.015433311462402344
1099,2.0145747661590576,,21.256521463394165,0.015447616577148438
1100,2.05987811088562,0.9778393705685934,21.27434015274048,0.016967296600341797
1101,2.0209813117980957,,21.291717767715454,0.015409708023071289
1102,2.004246711730957,,21.308540105819702,0.0148162841796875
1103,1.9950679540634155,,21.324899196624756,0.014364957809448242
1104,2.045431613922119,,21.34304428100586,0.015604257583618164
1105,2.0010225772857666,,21.359172344207764,0.015162229537963867
1106,1.975423812866211,,21.381759643554688,0.02058553695678711
1107,2.007976531982422,,21.398309469223022,0.014547348022460938
1108,2.078859329223633,,21.415100574493408,0.014806032180786133
1109,2.009953022003174,,21.433049201965332,0.016414403915405273
1110,2.02005672454834,,21.455386877059937,0.021367788314819336
1111,2.0068979263305664,,21.470361471176147,0.014974594116210938
1112,2.0271987915039062,,21.487592697143555,0.01519632339477539
1113,2.0060129165649414,,21.504192352294922,0.015569448471069336
1114,2.023097038269043,,21.52127432823181,0.015080928802490234
1115,2.001039505004883,,21.539402961730957,0.01607990264892578
1116,1.9966907501220703,,21.56147789955139,0.0210726261138916
1117,2.0150938034057617,,21.57885456085205,0.0159299373626709
1118,2.0005722045898438,,21.600723028182983,0.020861148834228516
1119,1.9939439296722412,,21.61725687980652,0.015533924102783203
1120,1.9725548028945923,,21.634605884552002,0.015095233917236328
1121,1.9832490682601929,,21.651914358139038,0.015309333801269531
1122,2.01585054397583,,21.668140172958374,0.015226125717163086
1123,2.0103964805603027,,21.68500828742981,0.014863014221191406
1124,2.0192532539367676,,21.70181131362915,0.015268564224243164
1125,1.9723565578460693,,21.719720602035522,0.015868663787841797
1126,2.042926549911499,,21.736635446548462,0.014913320541381836
1127,2.0625364780426025,,21.754026889801025,0.0163576602935791
1128,2.0022482872009277,,21.770888090133667,0.01589035987854004
1129,1.9883365631103516,,21.787203073501587,0.014754056930541992
1130,1.9776320457458496,,21.805219888687134,0.01598668098449707
1131,2.076813220977783,,21.821922302246094,0.015375375747680664
1132,1.9635089635849,,21.839559316635132,0.01664280891418457
1133,1.9792215824127197,,21.85620880126953,0.014469146728515625
1134,2.001011610031128,,21.873504400253296,0.015290260314941406
1135,1.926896333694458,,21.891354084014893,0.01584625244140625
1136,2.02418851852417,,21.9077730178833,0.015427827835083008
1137,1.9985616207122803,,21.925347328186035,0.015572786331176758
1138,2.0017290115356445,,21.9419903755188,0.015097379684448242
1139,1.920074224472046,,21.958388328552246,0.015397310256958008
1140,1.9810431003570557,,21.97621989250183,0.015831470489501953
1141,1.973986268043518,,21.992656230926514,0.01540064811706543
1142,1.978752613067627,,22.010038137435913,0.015379190444946289
1143,2.0319840908050537,,22.026305675506592,0.01527094841003418
1144,1.9576842784881592,,22.043415307998657,0.015208959579467773
1145,1.9560096263885498,,22.060556411743164,0.015143871307373047
1146,2.012190341949463,,22.078500032424927,0.015947580337524414
1147,1.9582009315490723,,22.100687265396118,0.02115774154663086
1148,1.9825818538665771,,22.117147207260132,0.015452861785888672
1149,1.9711024761199951,,22.134495496749878,0.015005826950073242
1150,1.9630056619644165,,22.151317596435547,0.014826536178588867
1151,1.9143975973129272,,22.168696403503418,0.015546560287475586
1152,1.9840984344482422,,22.185038328170776,0.014347076416015625
1153,1.9526089429855347,,22.202783584594727,0.01620960235595703
1154,2.025949716567993,,22.220411777496338,0.01559901237487793
1155,1.9889099597930908,,22.237658262252808,0.016242265701293945
1156,1.9953069686889648,,22.25420904159546,0.015522241592407227
1157,1.955994725227356,,22.271004676818848,0.015793323516845703
1158,1.9169834852218628,,22.28822922706604,0.01595139503479004
1159,1.9617688655853271,,22.30479884147644,0.014567136764526367
1160,1.9871233701705933,,22.32266354560852,0.015320777893066406
1161,1.9352912902832031,,22.33982253074646,0.01616048812866211
1162,1.8951282501220703,,22.356590509414673,0.01579570770263672
1163,2.008234739303589,,22.373536825180054,0.015409231185913086
1164,1.9161438941955566,,22.39131188392639,0.015804767608642578
1165,1.9590044021606445,,22.407870769500732,0.015559673309326172
1166,1.936714768409729,,22.424410820007324,0.01554107666015625
1167,1.9648959636688232,,22.44193720817566,0.015497207641601562
1168,1.9386765956878662,,22.458460807800293,0.015523195266723633
1169,1.9425854682922363,,22.474737644195557,0.01524496078491211
1170,1.9526551961898804,,22.4926335811615,0.015322446823120117
1171,1.9371311664581299,,22.510088443756104,0.015594244003295898
1172,1.904585361480713,,22.526858806610107,0.015801191329956055
1173,1.916365623474121,,22.543882846832275,0.015641450881958008
1174,1.9457186460494995,,22.560547590255737,0.015663862228393555
1175,1.9834058284759521,,22.582499742507935,0.020951509475708008
1176,1.974189281463623,,22.598778247833252,0.015285968780517578
1177,1.9174156188964844,,22.615479946136475,0.015702247619628906
1178,1.9316757917404175,,22.632500648498535,0.01601433753967285
1179,1.9752693176269531,,22.65036153793335,0.015831947326660156
1180,1.940575122833252,,22.67170739173889,0.020345449447631836
1181,1.9217491149902344,,22.688997983932495,0.01628589630126953
1182,1.9447989463806152,,22.70463752746582,0.014669656753540039
1183,1.9504671096801758,,22.722633838653564,0.015414953231811523
1184,1.9376740455627441,,22.740095138549805,0.01540374755859375
1185,1.8620667457580566,,22.757205486297607,0.01611042022705078
1186,1.9362068176269531,,22.774294137954712,0.016057729721069336
1187,1.926748275756836,,22.790775060653687,0.01548147201538086
1188,1.9241859912872314,,22.8075590133667,0.015785694122314453
1189,1.8711885213851929,,22.823891639709473,0.015306472778320312
1190,1.9762005805969238,,22.841639518737793,0.01674938201904297
1191,1.8723978996276855,,22.858920097351074,0.016281604766845703
1192,1.9275985956192017,,22.880150079727173,0.01799798011779785
1193,1.9412634372711182,,22.898818731307983,0.016691923141479492
1194,1.954463005065918,,22.916987895965576,0.015733957290649414
1195,1.954040765762329,,22.94499111175537,0.028003215789794922
1196,1.919124722480774,,22.96921181678772,0.022689104080200195
1197,1.94789719581604,,22.986448526382446,0.016201019287109375
1198,1.9145066738128662,,23.00644588470459,0.016694068908691406
1199,1.85750412940979,,23.025569677352905,0.01824045181274414
1200,1.909803032875061,0.9835091630617777,23.05438780784607,0.02781963348388672
1201,1.9044501781463623,,23.07319164276123,0.01671767234802246
1202,1.9246848821640015,,23.092687368392944,0.01745915412902832
1203,1.8833749294281006,,23.111470937728882,0.016690492630004883
1204,1.9294782876968384,,23.131404399871826,0.01692342758178711
1205,1.9361770153045654,,23.15018057823181,0.01789999008178711
1206,1.8781603574752808,,23.168995141983032,0.016666889190673828
1207,1.9006924629211426,,23.187418460845947,0.016270875930786133
1208,1.9060736894607544,,23.205281019210815,0.016492366790771484
1209,1.904351830482483,,23.223469972610474,0.01665186882019043
1210,1.9056789875030518,,23.24700903892517,0.02147698402404785
1211,1.8679554462432861,,23.26504373550415,0.01600193977355957
1212,1.893397331237793,,23.28415846824646,0.016521215438842773
1213,1.8624272346496582,,23.301940441131592,0.015947818756103516
1214,1.8751667737960815,,23.319941759109497,0.015855073928833008
1215,1.9117259979248047,,23.338816165924072,0.01697850227355957
1216,1.8419378995895386,,23.357539653778076,0.01671767234802246
1217,1.8631196022033691,,23.376211166381836,0.01664137840270996
1218,1.923170566558838,,23.39452815055847,0.01621532440185547
1219,1.909017562866211,,23.412082195281982,0.01575183868408203
1220,1.9158859252929688,,23.431084394454956,0.017002344131469727
1221,1.9170112609863281,,23.44932508468628,0.016420364379882812
1222,1.8875243663787842,,23.468663215637207,0.01734161376953125
1223,1.9102802276611328,,23.491354942321777,0.02153301239013672
1224,1.880790114402771,,23.508435010910034,0.015111207962036133
1225,1.899846076965332,,23.525270700454712,0.014835834503173828
1226,1.781564474105835,,23.54315996170044,0.016362428665161133
1227,1.9338041543960571,,23.559642791748047,0.015483856201171875
1228,1.8650219440460205,,23.576542139053345,0.015901565551757812
1229,1.8555200099945068,,23.592798471450806,0.014921903610229492
1230,1.8782047033309937,,23.610233783721924,0.015405893325805664
1231,1.7937113046646118,,23.62649917602539,0.014842033386230469
1232,1.8622450828552246,,23.643428325653076,0.014893531799316406
1233,1.8651328086853027,,23.6601824760437,0.014753580093383789
1234,1.9243196249008179,,23.676613807678223,0.014346599578857422
1235,1.9297751188278198,,23.694112539291382,0.015456914901733398
1236,1.888174295425415,,23.710848331451416,0.015954971313476562
1237,1.8384597301483154,,23.727320432662964,0.015469551086425781
1238,1.8806815147399902,,23.7445809841156,0.01524043083190918
1239,1.8977060317993164,,23.761419773101807,0.015838623046875
1240,1.8677420616149902,,23.777920961380005,0.01549983024597168
1241,1.8691089153289795,,23.79519033432007,0.015941619873046875
1242,1.8150575160980225,,23.811591863632202,0.015401840209960938
1243,1.8442585468292236,,23.828988313674927,0.01607036590576172
1244,1.888202428817749,,23.8463397026062,0.015327215194702148
1245,1.8360823392868042,,23.86259150505066,0.014841079711914062
1246,1.8009546995162964,,23.879530668258667,0.014913320541381836
1247,1.9166699647903442,,23.896295309066772,0.014771699905395508
1248,1.8388394117355347,,23.9190993309021,0.0207216739654541
1249,1.9132108688354492,,23.935006856918335,0.014906883239746094
1250,1.888033151626587,,23.957483768463135,0.020972251892089844
1251,1.815403938293457,,23.97931456565857,0.02082514762878418
1252,1.8111931085586548,,23.996132612228394,0.014500856399536133
1253,1.8686425685882568,,24.014363288879395,0.017225265502929688
1254,1.8359220027923584,,24.031245470046997,0.014813899993896484
1255,1.8491792678833008,,24.053075551986694,0.019862651824951172
1256,1.7761077880859375,,24.06990075111389,0.015825748443603516
1257,1.8918325901031494,,24.08631467819214,0.015361309051513672
1258,1.8436743021011353,,24.10619330406189,0.018873214721679688
1259,1.8301236629486084,,24.126437425613403,0.018241405487060547
1260,1.847217321395874,,24.14622473716736,0.018781661987304688
1261,1.8213062286376953,,24.162275552749634,0.014962196350097656
1262,1.8140344619750977,,24.18306040763855,0.018819093704223633
1263,1.8424335718154907,,24.19943904876709,0.015378713607788086
1264,1.8476498126983643,,24.21734380722046,0.015907764434814453
1265,1.8170630931854248,,24.237571954727173,0.018225669860839844
1266,1.8170828819274902,,24.2573299407959,0.018253564834594727
1267,1.8264048099517822,,24.273282766342163,0.014895439147949219
1268,1.8476853370666504,,24.290282249450684,0.015002250671386719
1269,1.875110149383545,,24.307610034942627,0.015480518341064453
1270,1.8701252937316895,,24.323960781097412,0.015346288681030273
1271,1.799945592880249,,24.344767808914185,0.019807815551757812
1272,1.8295823335647583,,24.367300748825073,0.020025014877319336
1273,1.850402593612671,,24.39046335220337,0.022162914276123047
1274,1.7788069248199463,,24.41222095489502,0.02075338363647461
1275,1.8263416290283203,,24.4320867061615,0.018866777420043945
1276,1.8594539165496826,,24.449511528015137,0.016425609588623047
1277,1.8061809539794922,,24.4712655544281,0.020754575729370117
1278,1.7836627960205078,,24.487497091293335,0.014824867248535156
1279,1.8020414113998413,,24.506996154785156,0.018494129180908203
1280,1.8315026760101318,,24.529283046722412,0.020790576934814453
1281,1.8047075271606445,,24.545186281204224,0.014904022216796875
1282,1.8037883043289185,,24.566597938537598,0.01994013786315918
1283,1.8527729511260986,,24.588444232940674,0.01983809471130371
1284,1.866823434829712,,24.610262632369995,0.02081894874572754
1285,1.8191497325897217,,24.626505136489868,0.01491236686706543
1286,1.8639699220657349,,24.643407821655273,0.014894723892211914
1287,1.757176160812378,,24.665194034576416,0.01978921890258789
1288,1.8451497554779053,,24.681997299194336,0.014908790588378906
1289,1.7424559593200684,,24.70289969444275,0.019903898239135742
1290,1.898330807685852,,24.72271418571472,0.01881265640258789
1291,1.8433712720870972,,24.73961877822876,0.014822006225585938
1292,1.7826600074768066,,24.75657892227173,0.01545262336730957
1293,1.817716360092163,,24.773351669311523,0.0159604549407959
1294,1.813249111175537,,24.790299654006958,0.01594829559326172
1295,1.832802653312683,,24.810617923736572,0.01931905746459961
1296,1.8499574661254883,,24.832871675491333,0.01995086669921875
1297,1.8517284393310547,,24.84982442855835,0.015015840530395508
1298,1.7970287799835205,,24.867173194885254,0.015352010726928711
1299,1.8892617225646973,,24.88931655883789,0.020800352096557617
1300,1.7857050895690918,0.9837777813275655,24.91520857810974,0.02482891082763672
1301,1.7999546527862549,,24.93666696548462,0.019525527954101562
1302,1.7744402885437012,,24.958777904510498,0.01974654197692871
1303,1.7883983850479126,,24.974781274795532,0.013940572738647461
1304,1.7922561168670654,,24.996967315673828,0.019678115844726562
1305,1.6788032054901123,,25.013415813446045,0.01544332504272461
1306,1.7704687118530273,,25.03520441055298,0.019806385040283203
1307,1.7478408813476562,,25.055169105529785,0.0179288387298584
1308,1.7498202323913574,,25.076865196228027,0.020312786102294922
1309,1.7930028438568115,,25.092798948287964,0.014866828918457031
1310,1.8182809352874756,,25.113574028015137,0.018808841705322266
1311,1.8738008737564087,,25.133474588394165,0.01790332794189453
1312,1.7656692266464233,,25.153244733810425,0.017803430557250977
1313,1.8032159805297852,,25.173150300979614,0.0178530216217041
1314,1.7518221139907837,,25.194963216781616,0.02094411849975586
1315,1.7534968852996826,,25.211872577667236,0.015317678451538086
1316,1.8001457452774048,,25.232714891433716,0.019843339920043945
1317,1.8197088241577148,,25.253543853759766,0.019829750061035156
1318,1.8098026514053345,,25.269923210144043,0.014382600784301758
1319,1.7310093641281128,,25.292202711105347,0.01991128921508789
1320,1.7697808742523193,,25.308197259902954,0.014905214309692383
1321,1.7790520191192627,,25.324944496154785,0.014779806137084961
1322,1.8079679012298584,,25.34767770767212,0.020882844924926758
1323,1.782480239868164,,25.369532346725464,0.02079629898071289
1324,1.7975605726242065,,25.386483192443848,0.01495361328125
1325,1.7542641162872314,,25.403414726257324,0.015424013137817383
1326,1.7642943859100342,,25.420156002044678,0.015661954879760742
1327,1.845393419265747,,25.436517477035522,0.01536417007446289
1328,1.735612392425537,,25.453994035720825,0.016067981719970703
1329,1.7198827266693115,,25.470369815826416,0.015378236770629883
1330,1.7842053174972534,,25.488656044006348,0.016298294067382812
1331,1.7458477020263672,,25.5044903755188,0.014836549758911133
1332,1.7779178619384766,,25.52635097503662,0.019832134246826172
1333,1.767493486404419,,25.54773259162903,0.01994013786315918
1334,1.735259771347046,,25.565074682235718,0.015983104705810547
1335,1.8045499324798584,,25.581759691238403,0.016685009002685547
1336,1.7474372386932373,,25.605639219284058,0.02288031578063965
1337,1.7798762321472168,,25.62548804283142,0.01984882354736328
1338,1.7594332695007324,,25.642924547195435,0.015391349792480469
1339,1.7299453020095825,,25.659900665283203,0.014979124069213867
1340,1.7654218673706055,,25.68205976486206,0.020869731903076172
1341,1.8044812679290771,,25.701815605163574,0.01775836944580078
1342,1.7777807712554932,,25.723709106445312,0.019785404205322266
1343,1.747236967086792,,25.740587949752808,0.01590871810913086
1344,1.8055846691131592,,25.75738501548767,0.015295267105102539
1345,1.7379106283187866,,25.779367685317993,0.019810914993286133
1346,1.6903512477874756,,25.79793095588684,0.017593860626220703
1347,1.7803528308868408,,25.820101022720337,0.021170616149902344
1348,1.7569174766540527,,25.836399793624878,0.015233278274536133
1349,1.7811092138290405,,25.853779077529907,0.015371084213256836
1350,1.766051173210144,,25.870517015457153,0.01589179039001465
1351,1.7631704807281494,,25.890393495559692,0.018877267837524414
1352,1.7411246299743652,,25.90686869621277,0.015479803085327148
1353,1.7353332042694092,,25.924065351486206,0.015191316604614258
1354,1.7828192710876465,,25.940067291259766,0.014925956726074219
1355,1.7445944547653198,,25.957496881484985,0.014921903610229492
1356,1.7678438425064087,,25.97934103012085,0.020839214324951172
1357,1.7432045936584473,,25.997048377990723,0.015380144119262695
1358,1.7390966415405273,,26.014090299606323,0.016009807586669922
1359,1.7193208932876587,,26.030649185180664,0.015288829803466797
1360,1.7958669662475586,,26.047717332839966,0.016037464141845703
1361,1.8277583122253418,,26.063952207565308,0.014845848083496094
1362,1.8079557418823242,,26.080947637557983,0.015967607498168945
1363,1.7816015481948853,,26.10278344154358,0.0198056697845459
1364,1.7323400974273682,,26.11856961250305,0.015786170959472656
1365,1.7758245468139648,,26.140442371368408,0.020783424377441406
1366,1.7802886962890625,,26.160219192504883,0.01827263832092285
1367,1.7103660106658936,,26.17618703842163,0.014882326126098633
1368,1.689932942390442,,26.193617582321167,0.015192031860351562
1369,1.7196564674377441,,26.210867643356323,0.01593494415283203
1370,1.7916063070297241,,26.22733163833618,0.01546621322631836
1371,1.7665194272994995,,26.244526386260986,0.015197992324829102
1372,1.7145111560821533,,26.26149868965149,0.01597285270690918
1373,1.7391760349273682,,26.278223991394043,0.01572585105895996
1374,1.7130963802337646,,26.295150756835938,0.014846563339233398
1375,1.707010269165039,,26.312572240829468,0.015916109085083008
1376,1.7087218761444092,,26.328929901123047,0.014929771423339844
1377,1.717911720275879,,26.346296310424805,0.015398740768432617
1378,1.7192511558532715,,26.363558530807495,0.01575183868408203
1379,1.7542693614959717,,26.380531549453735,0.01597428321838379
1380,1.7058842182159424,,26.39735722541809,0.015826702117919922
1381,1.721184492111206,,26.41430950164795,0.01595330238342285
1382,1.7635730504989624,,26.431049585342407,0.015740633010864258
1383,1.7460472583770752,,26.44856309890747,0.01547861099243164
1384,1.7169040441513062,,26.465749740600586,0.01618814468383789
1385,1.7696424722671509,,26.48274278640747,0.01644730567932129
1386,1.7295656204223633,,26.499149560928345,0.015408515930175781
1387,1.68891179561615,,26.51643133163452,0.015946149826049805
1388,1.7343603372573853,,26.533271312713623,0.015328407287597656
1389,1.6848387718200684,,26.550168752670288,0.01494288444519043
1390,1.6939918994903564,,26.56759476661682,0.015427589416503906
1391,1.699174404144287,,26.584871292114258,0.016277551651000977
1392,1.7056403160095215,,26.60183024406433,0.015451908111572266
1393,1.7364901304244995,,26.618530750274658,0.015701770782470703
1394,1.6829190254211426,,26.63549256324768,0.015959501266479492
1395,1.7008264064788818,,26.65240168571472,0.015403270721435547
1396,1.7234997749328613,,26.669177293777466,0.015917301177978516
1397,1.7266275882720947,,26.68655252456665,0.015378236770629883
1398,1.6829023361206055,,26.702887296676636,0.014873981475830078
1399,1.6730656623840332,,26.720292806625366,0.015408515930175781
1400,1.761953592300415,0.9874497652053833,26.738595247268677,0.0173032283782959
1401,1.6795899868011475,,26.75553274154663,0.014936208724975586
1402,1.759507179260254,,26.77235984802246,0.014926910400390625
1403,1.729996919631958,,26.790226697921753,0.01586747169494629
1404,1.68616783618927,,26.807454586029053,0.016228914260864258
1405,1.6920623779296875,,26.823882579803467,0.015429019927978516
1406,1.7203307151794434,,26.84066939353943,0.015787363052368164
1407,1.7181596755981445,,26.857110500335693,0.015411376953125
1408,1.7428162097930908,,26.874505281448364,0.015393257141113281
1409,1.7076092958450317,,26.891480207443237,0.016032695770263672
1410,1.6891013383865356,,26.908748865127563,0.016269207000732422
1411,1.6650094985961914,,26.925092458724976,0.01490473747253418
1412,1.7288706302642822,,26.941874504089355,0.015274286270141602
1413,1.6575151681900024,,26.959821224212646,0.015433311462402344
1414,1.7457616329193115,,26.976184129714966,0.015363216400146484
1415,1.647824764251709,,26.993430614471436,0.015240907669067383
1416,1.6440351009368896,,27.01045060157776,0.014966011047363281
1417,1.6652441024780273,,27.027867794036865,0.015419960021972656
1418,1.6618270874023438,,27.044620752334595,0.015343189239501953
1419,1.7273783683776855,,27.06152629852295,0.015398979187011719
1420,1.7109323740005493,,27.07784414291382,0.014878034591674805
1421,1.7329951524734497,,27.09483051300049,0.014986515045166016
1422,1.7002737522125244,,27.111592531204224,0.015254497528076172
1423,1.7417092323303223,,27.128479480743408,0.014843940734863281
1424,1.6913106441497803,,27.146296501159668,0.01581430435180664
1425,1.6901359558105469,,27.16422748565674,0.01686382293701172
1426,1.6898959875106812,,27.181029319763184,0.014804840087890625
1427,1.6628062725067139,,27.19770574569702,0.014636039733886719
1428,1.6862571239471436,,27.21480083465576,0.015095233917236328
1429,1.7092310190200806,,27.233623266220093,0.017345666885375977
1430,1.6498122215270996,,27.25056767463684,0.0159451961517334
1431,1.652944564819336,,27.266974449157715,0.015341997146606445
1432,1.6938117742538452,,27.290205717086792,0.02122950553894043
1433,1.6732821464538574,,27.305954694747925,0.015748977661132812
1434,1.66469144821167,,27.322975158691406,0.015483379364013672
1435,1.6746444702148438,,27.3395516872406,0.015577554702758789
1436,1.694744348526001,,27.357125997543335,0.01557779312133789
1437,1.6687633991241455,,27.373785257339478,0.015659332275390625
1438,1.692310094833374,,27.390520572662354,0.015735626220703125
1439,1.6277010440826416,,27.40767765045166,0.015155553817749023
1440,1.6601741313934326,,27.424285650253296,0.014606714248657227
1441,1.6931601762771606,,27.4414381980896,0.015152931213378906
1442,1.6689857244491577,,27.458204746246338,0.01576685905456543
1443,1.6615352630615234,,27.47479820251465,0.014595746994018555
1444,1.7052161693572998,,27.4924738407135,0.015162467956542969
1445,1.7136133909225464,,27.508676052093506,0.015202999114990234
1446,1.6492925882339478,,27.525335788726807,0.014658451080322266
1447,1.7565581798553467,,27.542577743530273,0.015157222747802734
1448,1.6479368209838867,,27.55927014350891,0.015184640884399414
1449,1.691857099533081,,27.57643151283264,0.015161275863647461
1450,1.7067716121673584,,27.593550443649292,0.01611042022705078
1451,1.7514009475708008,,27.610783338546753,0.016137123107910156
1452,1.6915349960327148,,27.62645649909973,0.01467442512512207
1453,1.7069458961486816,,27.644157886505127,0.015521049499511719
1454,1.6547281742095947,,27.660398244857788,0.01513814926147461
1455,1.666292428970337,,27.67751717567444,0.01511836051940918
1456,1.7082974910736084,,27.694103240966797,0.014515161514282227
1457,1.6265623569488525,,27.711429595947266,0.015151739120483398
1458,1.6737680435180664,,27.727548837661743,0.01512002944946289
1459,1.62276029586792,,27.745185613632202,0.015583992004394531
1460,1.6670881509780884,,27.761430263519287,0.014737844467163086
1461,1.6451948881149292,,27.778615951538086,0.015184164047241211
1462,1.6905111074447632,,27.795190811157227,0.014577865600585938
1463,1.7157928943634033,,27.812283992767334,0.015585184097290039
1464,1.6793925762176514,,27.82944655418396,0.015160799026489258
1465,1.705561876296997,,27.84657096862793,0.015127182006835938
1466,1.6519672870635986,,27.863204956054688,0.014628171920776367
1467,1.6362872123718262,,27.88044023513794,0.01523733139038086
1468,1.698521614074707,,27.89654564857483,0.015106201171875
1469,1.6173515319824219,,27.914169311523438,0.015617609024047852
1470,1.6656495332717896,,27.930896282196045,0.015727519989013672
1471,1.6535847187042236,,27.94865369796753,0.015668153762817383
1472,1.6802870035171509,,27.964797019958496,0.015145301818847656
1473,1.6799252033233643,,27.981600761413574,0.01529383659362793
1474,1.6692373752593994,,27.998842000961304,0.015244722366333008
1475,1.673301339149475,,28.015432119369507,0.015591621398925781
1476,1.6694753170013428,,28.031705856323242,0.014767885208129883
1477,1.714423656463623,,28.04889440536499,0.015218973159790039
1478,1.618617296218872,,28.06556510925293,0.014674663543701172
1479,1.7112524509429932,,28.083211183547974,0.016170740127563477
1480,1.6732151508331299,,28.099308729171753,0.01509857177734375
1481,1.6944760084152222,,28.116499662399292,0.01519012451171875
1482,1.6793498992919922,,28.13365626335144,0.01515054702758789
1483,1.5626485347747803,,28.149822235107422,0.015166997909545898
1484,1.676623821258545,,28.1729736328125,0.02115035057067871
1485,1.6869933605194092,,28.188068151474,0.015094518661499023
1486,1.6519651412963867,,28.204739332199097,0.014671802520751953
1487,1.629197359085083,,28.221617221832275,0.01436471939086914
1488,1.6335548162460327,,28.238404035568237,0.014785051345825195
1489,1.6430141925811768,,28.25609588623047,0.01569056510925293
1490,1.6809026002883911,,28.272270679473877,0.014663934707641602
1491,1.6689621210098267,,28.2898530960083,0.015583038330078125
1492,1.6173079013824463,,28.30709743499756,0.015247583389282227
1493,1.631927251815796,,28.3237042427063,0.015603065490722656
1494,1.6058461666107178,,28.340800523757935,0.016096830368041992
1495,1.6160697937011719,,28.362438678741455,0.020639419555664062
1496,1.5942490100860596,,28.37865400314331,0.015216350555419922
1497,1.7030110359191895,,28.395228385925293,0.014575004577636719
1498,1.6558079719543457,,28.41243839263916,0.014699459075927734
1499,1.6586017608642578,,28.42965579032898,0.015220403671264648
1500,1.609501600265503,0.9895726442337036,28.44829297065735,0.017637968063354492
1501,1.6301240921020508,,28.464903354644775,0.015611410140991211
1502,1.6358481645584106,,28.48160171508789,0.015192031860351562
1503,1.6171517372131348,,28.498733520507812,0.015134572982788086
1504,1.6638271808624268,,28.515324592590332,0.015592098236083984
1505,1.6377619504928589,,28.53646945953369,0.019638776779174805
1506,1.6190520524978638,,28.553139686584473,0.015159130096435547
1507,1.6282544136047363,,28.576218843460083,0.021082401275634766
1508,1.5978492498397827,,28.591845273971558,0.01562643051147461
1509,1.618438959121704,,28.609083890914917,0.01623988151550293
1510,1.6175150871276855,,28.624688625335693,0.014606237411499023
1511,1.6266834735870361,,28.64155149459839,0.01434946060180664
1512,1.5960631370544434,,28.658453702926636,0.014901876449584961
1513,1.5777959823608398,,28.675055742263794,0.014600753784179688
1514,1.617701768875122,,28.693426609039307,0.016863584518432617
1515,1.6394734382629395,,28.709718227386475,0.015292882919311523
1516,1.6476292610168457,,28.726335287094116,0.01461648941040039
1517,1.6308491230010986,,28.743483304977417,0.015078067779541016
1518,1.5684926509857178,,28.760145664215088,0.01515650749206543
1519,1.643227219581604,,28.777268409729004,0.015125751495361328
1520,1.662038803100586,,28.793840408325195,0.015470266342163086
1521,1.6525542736053467,,28.810016870498657,0.015100955963134766
1522,1.6746865510940552,,28.8274507522583,0.015432119369506836
1523,1.5972895622253418,,28.844513177871704,0.01502084732055664
1524,1.552259922027588,,28.86078929901123,0.015199422836303711
1525,1.5876891613006592,,28.877519130706787,0.014728069305419922
1526,1.6280105113983154,,28.894031524658203,0.014513254165649414
1527,1.6435647010803223,,28.91117000579834,0.014585494995117188
1528,1.6166322231292725,,28.927337169647217,0.014170169830322266
1529,1.607720136642456,,28.94491219520569,0.015534162521362305
1530,1.6019376516342163,,28.961021423339844,0.0146026611328125
1531,1.5795331001281738,,28.97823476791382,0.015211820602416992
1532,1.6243882179260254,,28.994812726974487,0.01458120346069336
1533,1.622066617012024,,29.011489629745483,0.015169143676757812
1534,1.6403553485870361,,29.028650999069214,0.01515960693359375
1535,1.6405656337738037,,29.044669151306152,0.014018535614013672
1536,1.5886216163635254,,29.061888217926025,0.014643669128417969
1537,1.6323338747024536,,29.079564809799194,0.015675067901611328
1538,1.5881354808807373,,29.09516930580139,0.014605998992919922
1539,1.6145726442337036,,29.11228632926941,0.014601945877075195
1540,1.5836580991744995,,29.129462957382202,0.015179634094238281
1541,1.6330289840698242,,29.14553451538086,0.015072345733642578
1542,1.5571701526641846,,29.162352085113525,0.015309333801269531
1543,1.5928958654403687,,29.17956256866455,0.015208959579467773
1544,1.6294922828674316,,29.19612455368042,0.014564990997314453
1545,1.6562082767486572,,29.213256120681763,0.01561880111694336
1546,1.6165188550949097,,29.230483531951904,0.015230417251586914
1547,1.5735925436019897,,29.247100114822388,0.015617609024047852
1548,1.6443772315979004,,29.26373267173767,0.014631032943725586
1549,1.627026081085205,,29.280445337295532,0.015712976455688477
1550,1.606046199798584,,29.29753065109253,0.015088319778442383
1551,1.5964596271514893,,29.314144611358643,0.015614986419677734
1552,1.6234385967254639,,29.331321954727173,0.015180110931396484
1553,1.5984961986541748,,29.347938537597656,0.015616893768310547
1554,1.6142551898956299,,29.364754915237427,0.01481938362121582
1555,1.5806083679199219,,29.38698101043701,0.020718812942504883
1556,1.544530987739563,,29.403677701950073,0.014694452285766602
1557,1.6527222394943237,,29.420761585235596,0.016082048416137695
1558,1.5692015886306763,,29.436978816986084,0.01421976089477539
1559,1.6440434455871582,,29.45442843437195,0.015446662902832031
1560,1.6195971965789795,,29.471532106399536,0.016104698181152344
1561,1.5863823890686035,,29.487621068954468,0.01508951187133789
1562,1.6095826625823975,,29.50432324409485,0.014702796936035156
1563,1.6576449871063232,,29.52140760421753,0.015084028244018555
1564,1.6138255596160889,,29.53798794746399,0.01458287239074707
1565,1.6005784273147583,,29.554270029067993,0.014284849166870117
1566,1.6174092292785645,,29.571346759796143,0.014568805694580078
1567,1.598609209060669,,29.587952613830566,0.01460409164428711
1568,1.6082048416137695,,29.604612588882446,0.01465916633605957
1569,1.6403720378875732,,29.628332138061523,0.021206140518188477
1570,1.5812824964523315,,29.64434504508972,0.015013694763183594
1571,1.598526954650879,,29.661559104919434,0.015134572982788086
1572,1.5807788372039795,,29.678375482559204,0.014819145202636719
1573,1.5935044288635254,,29.694967031478882,0.014594316482543945
1574,1.607100248336792,,29.712146043777466,0.015671491622924805
1575,1.5750539302825928,,29.728309631347656,0.01516413688659668
1576,1.5849664211273193,,29.745391845703125,0.015081644058227539
1577,1.6185801029205322,,29.762518405914307,0.015621185302734375
1578,1.553619146347046,,29.77975082397461,0.016232728958129883
1579,1.5977654457092285,,29.796350955963135,0.015600919723510742
1580,1.609368085861206,,29.812492609024048,0.015101909637451172
1581,1.6360745429992676,,29.82968807220459,0.015198469161987305
1582,1.6089258193969727,,29.84526491165161,0.014577865600585938
1583,1.5653190612792969,,29.862387657165527,0.014611005783081055
1584,1.6129297018051147,,29.87960958480835,0.015222549438476562
1585,1.622213363647461,,29.896353244781494,0.014746665954589844
1586,1.5746334791183472,,29.913460731506348,0.015596151351928711
1587,1.5560634136199951,,29.929664850234985,0.015205144882202148
1588,1.5854098796844482,,29.94696593284607,0.015303850173950195
1589,1.6445080041885376,,29.96707844734192,0.019109249114990234
1590,1.6451280117034912,,29.983330965042114,0.01524806022644043
1591,1.570002794265747,,30.00044322013855,0.01511526107788086
1592,1.5772781372070312,,30.0165536403656,0.015110969543457031
1593,1.5643723011016846,,30.03326916694641,0.014709234237670898
1594,1.5647937059402466,,30.049887895584106,0.014617681503295898
1595,1.6554492712020874,,30.067060708999634,0.015175580978393555
1596,1.5902290344238281,,30.08971643447876,0.020582199096679688
1597,1.5755335092544556,,30.10543179512024,0.015715360641479492
1598,1.5498194694519043,,30.121554374694824,0.014617443084716797
1599,1.602295160293579,,30.139147758483887,0.015591859817504883
1600,1.567188024520874,0.9872547388076782,30.16236424446106,0.022217750549316406
1601,1.5471152067184448,,30.179248809814453,0.014887094497680664
1602,1.5328575372695923,,30.19636034965515,0.015114307403564453
1603,1.5743281841278076,,30.21351957321167,0.01515340805053711
1604,1.5634727478027344,,30.230249166488647,0.01573038101196289
1605,1.539074182510376,,30.246865272521973,0.014619112014770508
1606,1.5976277589797974,,30.263506412506104,0.01463937759399414
1607,1.5768041610717773,,30.280704259872437,0.01520085334777832
1608,1.6321979761123657,,30.296812057495117,0.015108585357666016
1609,1.5727300643920898,,30.313947200775146,0.015132427215576172
1610,1.5420327186584473,,30.33359146118164,0.01864457130432129
1611,1.5503699779510498,,30.350722551345825,0.01612687110900879
1612,1.5574347972869873,,30.36788582801819,0.01616382598876953
1613,1.5475273132324219,,30.389246225357056,0.020362138748168945
1614,1.5691778659820557,,30.406526565551758,0.015281200408935547
1615,1.5296196937561035,,30.423045873641968,0.015510320663452148
1616,1.5853594541549683,,30.440239667892456,0.01519775390625
1617,1.5649549961090088,,30.45618724822998,0.014948606491088867
1618,1.5459333658218384,,30.473752737045288,0.01521158218383789
1619,1.5796037912368774,,30.49471879005432,0.01996612548828125
1620,1.5680882930755615,,30.511913776397705,0.015688180923461914
1621,1.5390114784240723,,30.52867865562439,0.015766143798828125
1622,1.5526201725006104,,30.545328378677368,0.015651702880859375
1623,1.5553233623504639,,30.561530113220215,0.014696359634399414
1624,1.5535995960235596,,30.580296516418457,0.016771554946899414
1625,1.6025896072387695,,30.596107006072998,0.01481175422668457
1626,1.5640897750854492,,30.613584756851196,0.015206575393676758
1627,1.5600526332855225,,30.632354974746704,0.016773462295532227
1628,1.599780797958374,,30.64907479286194,0.015720844268798828
1629,1.551147222518921,,30.66741704940796,0.01734304428100586
1630,1.5893973112106323,,30.684597969055176,0.01618194580078125
1631,1.5640718936920166,,30.700799465179443,0.014694929122924805
1632,1.5723941326141357,,30.71800994873047,0.01621103286743164
1633,1.5853869915008545,,30.734302282333374,0.015291929244995117
1634,1.592512845993042,,30.75110673904419,0.015805721282958984
1635,1.5569283962249756,,30.772403955459595,0.020294666290283203
1636,1.6520886421203613,,30.78911781311035,0.014716625213623047
1637,1.5879569053649902,,30.806392669677734,0.015305042266845703
1638,1.5605541467666626,,30.823243141174316,0.01584148406982422
1639,1.5005037784576416,,30.83991312980652,0.0156710147857666
1640,1.5624020099639893,,30.856735706329346,0.014825820922851562
1641,1.5566918849945068,,30.873382806777954,0.014644861221313477
1642,1.5602773427963257,,30.89103603363037,0.01568317413330078
1643,1.541698694229126,,30.910046339035034,0.018012046813964844
1644,1.6184866428375244,,30.9272198677063,0.01517176628112793
1645,1.5576800107955933,,30.942981004714966,0.01354670524597168
1646,1.5231866836547852,,30.960766315460205,0.01517939567565918
1647,1.547103762626648,,30.97749376296997,0.014730691909790039
1648,1.5326273441314697,,30.994041919708252,0.014548063278198242
1649,1.5050909519195557,,31.011401414871216,0.015245437622070312
1650,1.5219106674194336,,31.02758765220642,0.015187263488769531
1651,1.5596368312835693,,31.04473876953125,0.015055656433105469
1652,1.5701329708099365,,31.061538219451904,0.015193939208984375
1653,1.5909154415130615,,31.077332973480225,0.014796257019042969
1654,1.5158884525299072,,31.093855619430542,0.014545917510986328
1655,1.5303869247436523,,31.111207008361816,0.016192197799682617
1656,1.563637375831604,,31.128384113311768,0.016178131103515625
1657,1.5517935752868652,,31.14948272705078,0.02010035514831543
1658,1.5666159391403198,,31.166179180145264,0.014694929122924805
1659,1.5560126304626465,,31.183624029159546,0.015182256698608398
1660,1.5290682315826416,,31.199928283691406,0.015305280685424805
1661,1.5028417110443115,,31.217018127441406,0.015116453170776367
1662,1.5437352657318115,,31.238492727279663,0.020470857620239258
1663,1.5796034336090088,,31.254951000213623,0.014487981796264648
1664,1.5323162078857422,,31.272744178771973,0.01527714729309082
1665,1.5474082231521606,,31.288978338241577,0.015235424041748047
1666,1.4730908870697021,,31.311290740966797,0.020315885543823242
1667,1.546396255493164,,31.3274245262146,0.015162467956542969
1668,1.575100302696228,,31.34406065940857,0.014518260955810547
1669,1.5210344791412354,,31.361261129379272,0.015695571899414062
1670,1.5117981433868408,,31.377460956573486,0.01520085334777832
1671,1.5683579444885254,,31.39994740486145,0.020242929458618164
1672,1.5310778617858887,,31.416129112243652,0.0151824951171875
1673,1.5068426132202148,,31.43333649635315,0.015199899673461914
1674,1.4995017051696777,,31.449973344802856,0.014655351638793945
1675,1.5377885103225708,,31.467092752456665,0.015157461166381836
1676,1.5348948240280151,,31.484297037124634,0.01620006561279297
1677,1.5475778579711914,,31.501458168029785,0.01616191864013672
1678,1.5376330614089966,,31.522900581359863,0.020444154739379883
1679,1.5395898818969727,,31.540066480636597,0.015169382095336914
1680,1.5753108263015747,,31.557026624679565,0.015961408615112305
1681,1.5393792390823364,,31.572725296020508,0.0146942138671875
1682,1.5642588138580322,,31.589932918548584,0.01524043083190918
1683,1.5785834789276123,,31.60624408721924,0.014314651489257812
1684,1.5175222158432007,,31.623576402664185,0.01532602310180664
1685,1.5070526599884033,,31.640239477157593,0.015663862228393555
1686,1.5228735208511353,,31.657093286514282,0.0158541202545166
1687,1.5399305820465088,,31.674397706985474,0.015303373336791992
1688,1.4788421392440796,,31.69104242324829,0.0146484375
1689,1.5580744743347168,,31.708417415618896,0.015387296676635742
1690,1.5756733417510986,,31.725055932998657,0.015639543533325195
1691,1.518427848815918,,31.741268157958984,0.014705657958984375
1692,1.527949571609497,,31.75908589363098,0.015844106674194336
1693,1.5929286479949951,,31.7748281955719,0.014743566513061523
1694,1.510735273361206,,31.791548490524292,0.015212535858154297
1695,1.5290477275848389,,31.808793783187866,0.015275001525878906
1696,1.4845340251922607,,31.827009201049805,0.016218900680541992
1697,1.4967737197875977,,31.847827672958374,0.01957559585571289
1698,1.5466177463531494,,31.867261171340942,0.017437219619750977
1699,1.4795377254486084,,31.88713002204895,0.018062353134155273
1700,1.5155692100524902,0.9889560341835022,31.90792465209961,0.018426895141601562
1701,1.4857158660888672,,31.9324312210083,0.021828413009643555
1702,1.4912546873092651,,31.95535635948181,0.018898725509643555
1703,1.4560284614562988,,31.973194122314453,0.0158233642578125
1704,1.4880623817443848,,32.00215005874634,0.025638818740844727
1705,1.502709150314331,,32.02184844017029,0.019698381423950195
1706,1.5150407552719116,,32.04222106933594,0.020372629165649414
1707,1.527665138244629,,32.060938358306885,0.015799760818481445
1708,1.5030860900878906,,32.077723026275635,0.014387845993041992
1709,1.549842357635498,,32.0985312461853,0.02080821990966797
1710,1.534607172012329,,32.12362027168274,0.021941661834716797
1711,1.5053856372833252,,32.14677333831787,0.021166324615478516
1712,1.557777762413025,,32.17211413383484,0.021874189376831055
1713,1.5166661739349365,,32.192936420440674,0.018417835235595703
1714,1.4971961975097656,,32.216702699661255,0.0227658748626709
1715,1.5156090259552002,,32.23689794540405,0.01814413070678711
1716,1.5340025424957275,,32.25448775291443,0.017589807510375977
1717,1.510890245437622,,32.27660584449768,0.019164562225341797
1718,1.4813377857208252,,32.29510474205017,0.0167236328125
1719,1.4709644317626953,,32.31365466117859,0.016040563583374023
1720,1.481104850769043,,32.33455038070679,0.018132686614990234
1721,1.52001953125,,32.35477161407471,0.017557382583618164
1722,1.5405118465423584,,32.37239217758179,0.017620563507080078
1723,1.533964991569519,,32.39222836494446,0.01783919334411621
1724,1.5101215839385986,,32.416106939315796,0.022838115692138672
1725,1.4741883277893066,,32.434030532836914,0.0165708065032959
1726,1.5002546310424805,,32.45189356803894,0.015286684036254883
1727,1.5012123584747314,,32.477221727371216,0.022524595260620117
1728,1.4602036476135254,,32.49648404121399,0.01681661605834961
1729,1.4626206159591675,,32.520188331604004,0.02261948585510254
1730,1.5073859691619873,,32.53908920288086,0.017516374588012695
1731,1.442885398864746,,32.55889439582825,0.017808198928833008
1732,1.4965717792510986,,32.582735538482666,0.0218045711517334
1733,1.4966545104980469,,32.606443643569946,0.02229142189025879
1734,1.4949917793273926,,32.624727725982666,0.0161592960357666
1735,1.5026606321334839,,32.644002199172974,0.017164230346679688
1736,1.4829398393630981,,32.664063453674316,0.01747274398803711
1737,1.53685462474823,,32.68805170059204,0.022991180419921875
1738,1.4886070489883423,,32.707462310791016,0.01941061019897461
1739,1.500131607055664,,32.737157583236694,0.028282880783081055
1740,1.5690968036651611,,32.75452780723572,0.017370223999023438
1741,1.5094003677368164,,32.778570890426636,0.022044897079467773
1742,1.55462646484375,,32.799532413482666,0.020961523056030273
1743,1.4917809963226318,,32.81963610649109,0.01761317253112793
1744,1.4834097623825073,,32.8410210609436,0.019384384155273438
1745,1.5420293807983398,,32.85957932472229,0.018558263778686523
1746,1.5806775093078613,,32.882954835891724,0.02237391471862793
1747,1.4887341260910034,,32.90652894973755,0.021054744720458984
1748,1.525887131690979,,32.924511671066284,0.015946626663208008
1749,1.4755308628082275,,32.943872690200806,0.016382455825805664
1750,1.540407419204712,,32.95918798446655,0.011815309524536133
1751,1.522462010383606,,32.98242545127869,0.01622629165649414
1752,1.4827390909194946,,33.000149965286255,0.01568746566772461
1753,1.467327356338501,,33.02028489112854,0.018105506896972656
1754,1.5147480964660645,,33.04263234138489,0.021381616592407227
1755,1.5214316844940186,,33.06251096725464,0.017702341079711914
1756,1.4093821048736572,,33.08138465881348,0.017547130584716797
1757,1.509897232055664,,33.10431885719299,0.02193284034729004
1758,1.506766676902771,,33.127952098846436,0.021094560623168945
1759,1.5525178909301758,,33.147197008132935,0.017241954803466797
1760,1.4681634902954102,,33.170084714889526,0.02138066291809082
1761,1.4613016843795776,,33.19123721122742,0.019155263900756836
1762,1.4304322004318237,,33.21493697166443,0.02170252799987793
1763,1.4421906471252441,,33.23652529716492,0.01907944679260254
1764,1.5453522205352783,,33.25637698173523,0.01834392547607422
1765,1.4922842979431152,,33.27555227279663,0.016672372817993164
1766,1.5047718286514282,,33.29877281188965,0.021075725555419922
1767,1.4624099731445312,,33.316425800323486,0.015655040740966797
1768,1.5778977870941162,,33.33853363990784,0.019826412200927734
1769,1.4742552042007446,,33.354695558547974,0.01416468620300293
1770,1.5092772245407104,,33.375492811203,0.018241405487060547
1771,1.5257346630096436,,33.3974072933197,0.020847558975219727
1772,1.485381841659546,,33.41721034049988,0.018798112869262695
1773,1.4961280822753906,,33.43910360336304,0.020809412002563477
1774,1.475987434387207,,33.4585440158844,0.018440961837768555
1775,1.5537296533584595,,33.480732917785645,0.020824670791625977
1776,1.4845460653305054,,33.50017499923706,0.018442392349243164
1777,1.4739919900894165,,33.516512870788574,0.014934778213500977
1778,1.4929356575012207,,33.5334038734436,0.015383005142211914
1779,1.4440944194793701,,33.55515265464783,0.020749330520629883
1780,1.445486307144165,,33.57667827606201,0.02008986473083496
1781,1.4571623802185059,,33.59383201599121,0.014847040176391602
1782,1.469158411026001,,33.61471891403198,0.019887447357177734
1783,1.4687693119049072,,33.63646936416626,0.020246028900146484
1784,1.4836223125457764,,33.65796184539795,0.019985437393188477
1785,1.4823565483093262,,33.6788113117218,0.019844770431518555
1786,1.5233240127563477,,33.6965229511261,0.01574420928955078
1787,1.4690966606140137,,33.715816497802734,0.018288373947143555
1788,1.4941989183425903,,33.73172044754028,0.014328479766845703
1789,1.478168249130249,,33.75270223617554,0.01901555061340332
1790,1.4128165245056152,,33.77245283126831,0.01875162124633789
1791,1.4454137086868286,,33.79335355758667,0.018938302993774414
1792,1.5070371627807617,,33.81301832199097,0.018665075302124023
1793,1.5131185054779053,,33.83488154411316,0.0207827091217041
1794,1.498260736465454,,33.85467052459717,0.01828479766845703
1795,1.4680743217468262,,33.87064242362976,0.01434946060180664
1796,1.5128201246261597,,33.891451835632324,0.01881241798400879
1797,1.5735712051391602,,33.9113290309906,0.01887822151184082
1798,1.4609403610229492,,33.92777419090271,0.015446186065673828
1799,1.4620567560195923,,33.944077491760254,0.015298604965209961
1800,1.4782211780548096,0.9886754751205444,33.970401763916016,0.025486230850219727
1801,1.4401741027832031,,33.9926552772522,0.02125406265258789
1802,1.490422248840332,,34.008540868759155,0.014997005462646484
1803,1.50519597530365,,34.02539682388306,0.01486349105834961
1804,1.448514699935913,,34.04623556137085,0.019336938858032227
1805,1.4938488006591797,,34.06865119934082,0.019982099533081055
1806,1.4387035369873047,,34.084882736206055,0.01486825942993164
1807,1.4145983457565308,,34.104716300964355,0.018329381942749023
1808,1.4854618310928345,,34.12361121177673,0.017337560653686523
1809,1.426112174987793,,34.140451192855835,0.014806032180786133
1810,1.415074348449707,,34.15793299674988,0.01648235321044922
1811,1.4026577472686768,,34.17517709732056,0.01491999626159668
1812,1.4621055126190186,,34.194987773895264,0.01830887794494629
1813,1.461864709854126,,34.21497368812561,0.018425941467285156
1814,1.4871516227722168,,34.2317533493042,0.015332221984863281
1815,1.4193581342697144,,34.25159573554993,0.018842458724975586
1816,1.4930047988891602,,34.26810956001282,0.014516830444335938
1817,1.4286110401153564,,34.28535079956055,0.015270471572875977
1818,1.5007317066192627,,34.30223083496094,0.01580023765563965
1819,1.4652235507965088,,34.318652868270874,0.015422582626342773
1820,1.4770619869232178,,34.341094970703125,0.021125316619873047
1821,1.409438967704773,,34.36267328262329,0.02049875259399414
1822,1.4874355792999268,,34.3825147151947,0.017876148223876953
1823,1.4361777305603027,,34.40439295768738,0.020776987075805664
1824,1.444334864616394,,34.42120599746704,0.014815807342529297
1825,1.4828619956970215,,34.443071126937866,0.019867897033691406
1826,1.478182315826416,,34.464826345443726,0.020755529403686523
1827,1.4940216541290283,,34.48180294036865,0.015399456024169922
1828,1.4938325881958008,,34.49836802482605,0.015566349029541016
1829,1.5178780555725098,,34.51452016830444,0.015153169631958008
1830,1.47446870803833,,34.53629541397095,0.020145416259765625
1831,1.4440250396728516,,34.55607795715332,0.017779111862182617
1832,1.509406328201294,,34.577956438064575,0.020286083221435547
1833,1.4514601230621338,,34.59775376319885,0.018797874450683594
1834,1.4570140838623047,,34.619627714157104,0.020817995071411133
1835,1.4585299491882324,,34.63910102844238,0.01847386360168457
1836,1.449194073677063,,34.661346673965454,0.020889759063720703
1837,1.4695913791656494,,34.677788496017456,0.015442848205566406
1838,1.4636539220809937,,34.69417715072632,0.015392065048217773
1839,1.4502019882202148,,34.71640110015869,0.021458148956298828
1840,1.5123436450958252,,34.73765587806702,0.020248889923095703
1841,1.4479050636291504,,34.75754404067993,0.017891407012939453
1842,1.4629461765289307,,34.77641582489014,0.016873836517333984
1843,1.4159483909606934,,34.79330635070801,0.014826297760009766
1844,1.4282469749450684,,34.81338572502136,0.018112897872924805
1845,1.43514084815979,,34.83489274978638,0.020415306091308594
1846,1.4936506748199463,,34.85573410987854,0.018333911895751953
1847,1.4747064113616943,,34.875563621520996,0.018321514129638672
1848,1.476820468902588,,34.89743733406067,0.02081608772277832
1849,1.451626181602478,,34.914342403411865,0.015900611877441406
1850,1.469437599182129,,34.93513298034668,0.019791603088378906
1851,1.4608862400054932,,34.95751762390137,0.02088141441345215
1852,1.4815243482589722,,34.97379541397095,0.014929771423339844
1853,1.468907356262207,,34.99065613746643,0.01586127281188965
1854,1.510265827178955,,35.00747585296631,0.014822721481323242
1855,1.4403722286224365,,35.02932524681091,0.020788908004760742
1856,1.4828962087631226,,35.04623317718506,0.014910459518432617
1857,1.4284508228302002,,35.06767964363098,0.019938945770263672
1858,1.4556889533996582,,35.089390993118286,0.020706653594970703
1859,1.4932669401168823,,35.1115882396698,0.020784854888916016
1860,1.431657314300537,,35.13359093666077,0.020945310592651367
1861,1.4649741649627686,,35.153300285339355,0.018709182739257812
1862,1.4772169589996338,,35.16927719116211,0.01489877700805664
1863,1.4056200981140137,,35.190101861953735,0.018827438354492188
1864,1.4608159065246582,,35.20990753173828,0.01880645751953125
1865,1.459662675857544,,35.22632884979248,0.015421867370605469
1866,1.430891752243042,,35.24721312522888,0.018876314163208008
1867,1.4223542213439941,,35.269073724746704,0.019862890243530273
1868,1.4009114503860474,,35.29032850265503,0.020255565643310547
1869,1.4565150737762451,,35.313063621520996,0.020842552185058594
1870,1.448060154914856,,35.335020303726196,0.0208742618560791
1871,1.448279619216919,,35.35752606391907,0.020969867706298828
1872,1.4644461870193481,,35.37765383720398,0.019122600555419922
1873,1.465542197227478,,35.394604206085205,0.0159454345703125
1874,1.4403959512710571,,35.41679120063782,0.020682573318481445
1875,1.3964543342590332,,35.43323826789856,0.014951229095458984
1876,1.4354404211044312,,35.449615478515625,0.015378236770629883
1877,1.4577220678329468,,35.471461057662964,0.0195159912109375
1878,1.4242297410964966,,35.49363923072815,0.020853757858276367
1879,1.458678960800171,,35.51250863075256,0.017782211303710938
1880,1.4634556770324707,,35.534374713897705,0.02086615562438965
1881,1.4803894758224487,,35.556230306625366,0.019934654235839844
1882,1.4064373970031738,,35.57305550575256,0.015592813491821289
1883,1.4819451570510864,,35.59487223625183,0.01981973648071289
1884,1.4820977449417114,,35.61613607406616,0.019759654998779297
1885,1.4186131954193115,,35.63817238807678,0.02103114128112793
1886,1.4758554697036743,,35.65898823738098,0.02081584930419922
1887,1.4079761505126953,,35.680806398391724,0.021818161010742188
1888,1.505244493484497,,35.70141935348511,0.02061295509338379
1889,1.4115757942199707,,35.723934173583984,0.020981311798095703
1890,1.460613489151001,,35.74466633796692,0.019723176956176758
1891,1.4994488954544067,,35.76157999038696,0.015409231185913086
1892,1.369810700416565,,35.78441596031189,0.020870447158813477
1893,1.4335464239120483,,35.80614614486694,0.020914316177368164
1894,1.4754680395126343,,35.82801055908203,0.020789623260498047
1895,1.4491219520568848,,35.84778642654419,0.01777791976928711
1896,1.4629778861999512,,35.867192029953,0.017368555068969727
1897,1.3919179439544678,,35.88455367088318,0.015925168991088867
1898,1.4364467859268188,,35.90047526359558,0.014922380447387695
1899,1.3878371715545654,,35.91694355010986,0.014501571655273438
1900,1.422548532485962,0.9913903077443441,35.936145305633545,0.01694774627685547
1901,1.4184703826904297,,35.95850133895874,0.020848512649536133
1902,1.4530727863311768,,35.97995924949646,0.02107071876525879
1903,1.4454574584960938,,35.99627137184143,0.015244483947753906
1904,1.4790366888046265,,36.01800560951233,0.019731760025024414
1905,1.421750783920288,,36.034470319747925,0.015465021133422852
1906,1.4378069639205933,,36.05654978752136,0.020237207412719727
1907,1.4579732418060303,,36.076467990875244,0.017909765243530273
1908,1.4368892908096313,,36.098763942718506,0.02073979377746582
1909,1.473066806793213,,36.11620879173279,0.016445636749267578
1910,1.4709570407867432,,36.1324725151062,0.015258312225341797
1911,1.4408118724822998,,36.15199422836304,0.01747894287109375
1912,1.4188718795776367,,36.17413592338562,0.021135807037353516
1913,1.4540138244628906,,36.196507930755615,0.020251035690307617
1914,1.4801850318908691,,36.21288847923279,0.015375137329101562
1915,1.3809739351272583,,36.234763383865356,0.019876956939697266
1916,1.42620849609375,,36.252102851867676,0.015470266342163086
1917,1.3830506801605225,,36.26907706260681,0.014970779418945312
1918,1.4203777313232422,,36.286338567733765,0.015264272689819336
1919,1.4134979248046875,,36.30609965324402,0.018755674362182617
1920,1.4175686836242676,,36.32201528549194,0.014853954315185547
1921,1.427679419517517,,36.33850932121277,0.01451563835144043
1922,1.4141745567321777,,36.36095881462097,0.020451784133911133
1923,1.4112167358398438,,36.380154848098755,0.01740574836730957
1924,1.4907382726669312,,36.40151572227478,0.02036142349243164
1925,1.4526495933532715,,36.42424821853638,0.021015167236328125
1926,1.4135531187057495,,36.446547985076904,0.021221637725830078
1927,1.455324411392212,,36.4629442691803,0.015391111373901367
1928,1.4202260971069336,,36.47977423667908,0.01583099365234375
1929,1.4226065874099731,,36.496240854263306,0.014436483383178711
1930,1.4034993648529053,,36.51657223701477,0.018328189849853516
1931,1.4605931043624878,,36.5374059677124,0.01860952377319336
1932,1.4676198959350586,,36.55481576919556,0.015413045883178711
1933,1.4783380031585693,,36.57701134681702,0.020325660705566406
1934,1.4373186826705933,,36.59385871887207,0.01578044891357422
1935,1.3862626552581787,,36.610419034957886,0.015561103820800781
1936,1.4396226406097412,,36.62655162811279,0.015133142471313477
1937,1.379536747932434,,36.64639067649841,0.017831087112426758
1938,1.450846552848816,,36.66336011886597,0.014882087707519531
1939,1.3754769563674927,,36.67988896369934,0.015529394149780273
1940,1.4423075914382935,,36.69657230377197,0.015683650970458984
1941,1.4292536973953247,,36.71630024909973,0.017719745635986328
1942,1.4041763544082642,,36.736238956451416,0.017930984497070312
1943,1.5013079643249512,,36.75851559638977,0.020875215530395508
1944,1.383671760559082,,36.77696514129639,0.01745009422302246
1945,1.4105582237243652,,36.79426836967468,0.014861583709716797
1946,1.3489999771118164,,36.81147289276123,0.0162050724029541
1947,1.4136359691619873,,36.82754445075989,0.015071868896484375
1948,1.3960415124893188,,36.84418296813965,0.014541149139404297
1949,1.4004719257354736,,36.86674356460571,0.02129650115966797
1950,1.4348773956298828,,36.88814568519592,0.020397424697875977
1951,1.4167907238006592,,36.90747594833374,0.018325328826904297
1952,1.4020655155181885,,36.924659967422485,0.015181541442871094
1953,1.420870304107666,,36.94496536254883,0.01880168914794922
1954,1.4172879457473755,,36.9654598236084,0.017986059188842773
1955,1.4282647371292114,,36.982346296310425,0.015353918075561523
1956,1.396221399307251,,36.99846959114075,0.015125274658203125
1957,1.4095855951309204,,37.015188455581665,0.014719724655151367
1958,1.318244218826294,,37.03245687484741,0.016236305236816406
1959,1.451263189315796,,37.048826456069946,0.015369653701782227
1960,1.4079864025115967,,37.06497812271118,0.014148950576782227
1961,1.4519431591033936,,37.0823335647583,0.014785051345825195
1962,1.4228448867797852,,37.10047459602356,0.01614069938659668
1963,1.4084551334381104,,37.11659789085388,0.015122413635253906
1964,1.3974326848983765,,37.13334631919861,0.014745473861694336
1965,1.4304916858673096,,37.15008211135864,0.01470804214477539
1966,1.427515983581543,,37.167842626571655,0.015727519989013672
1967,1.4073097705841064,,37.1846022605896,0.014556646347045898
1968,1.3896503448486328,,37.20172071456909,0.015583992004394531
1969,1.4605504274368286,,37.21898603439331,0.015802860260009766
1970,1.4034367799758911,,37.23476552963257,0.01461648941040039
1971,1.380194902420044,,37.25191044807434,0.01459193229675293
1972,1.36967134475708,,37.26814651489258,0.014082670211791992
1973,1.425063967704773,,37.28531813621521,0.015023469924926758
1974,1.3839435577392578,,37.3071174621582,0.02023625373840332
1975,1.3573559522628784,,37.32438564300537,0.015238046646118164
1976,1.4364309310913086,,37.34149122238159,0.01610708236694336
1977,1.4253684282302856,,37.35834455490112,0.015944242477416992
1978,1.390057921409607,,37.37468671798706,0.015334606170654297
1979,1.3799980878829956,,37.39181900024414,0.015595674514770508
1980,1.4077986478805542,,37.408056020736694,0.015235662460327148
1981,1.4478545188903809,,37.42466998100281,0.014584064483642578
1982,1.3963980674743652,,37.442009925842285,0.015804767608642578
1983,1.4358866214752197,,37.45856499671936,0.015558719635009766
1984,1.362718939781189,,37.47505736351013,0.015462160110473633
1985,1.4325580596923828,,37.497979164123535,0.02141737937927246
1986,1.437192678451538,,37.51815366744995,0.019170522689819336
1987,1.4035295248031616,,37.53999948501587,0.020723342895507812
1988,1.4154021739959717,,37.5609815120697,0.018984317779541016
1989,1.3804181814193726,,37.57926821708679,0.016289234161376953
1990,1.3393867015838623,,37.59491181373596,0.014644145965576172
1991,1.3737744092941284,,37.614102602005005,0.01668262481689453
1992,1.393758773803711,,37.635377168655396,0.01931023597717285
1993,1.4115827083587646,,37.65250372886658,0.015624761581420898
1994,1.4462578296661377,,37.67461895942688,0.02080249786376953
1995,1.3924521207809448,,37.696451902389526,0.020328283309936523
1996,1.3791890144348145,,37.71666502952576,0.018204927444458008
1997,1.4154272079467773,,37.739015340805054,0.02034616470336914
1998,1.3641009330749512,,37.75895285606384,0.017940521240234375
1999,1.4145865440368652,,37.77608370780945,0.015133857727050781
2000,1.362280249595642,0.9905674457550049,37.79961848258972,0.02252936363220215
