learning_rate,hidden_channels,final_loss,average_accuracy,training_time,rmse,best_model
0.001,64,1.001386046409607,0.9615056812763214,0:00:23,8.64311618046864,False
0.001,128,0.9594835638999939,0.9676112830638885,0:00:22,8.012701821459231,False
0.001,256,0.957554042339325,0.9742579162120819,0:00:24,7.136839596657233,True
