epochs,losses,size_losses,religion_losses,ethnicity_losses,household_composition_losses,religion_accuracies,ethnicity_accuracies,household_composition_accuracies,size_distribution_accuracies,overall_accuracies,cumulative_time_seconds,epoch_time_seconds,tau_values,learning_rate,hidden_channels,combination_id
1,12.626991271972656,3.5116138458251953,1.6133209466934204,2.0734739303588867,5.428582668304443,35.04288464904604,48.94101172763872,11.079992998424645,96.18852138519287,47.81310269007557,3.4134879112243652,3.4134879112243652,0.995,0.005,256,lr_0.005_hc_256
2,10.872053146362305,1.8594452142715454,1.6055943965911865,2.063255786895752,5.343757629394531,34.34272711360056,49.32609837213373,12.11272536320672,95.36885023117065,47.787600270027916,6.412116050720215,2.8628828525543213,0.990025,0.005,256,lr_0.005_hc_256
3,10.30620002746582,1.2422455549240112,1.5775997638702393,2.063504457473755,5.422850608825684,34.46525468230352,49.55364957115351,14.493260983721337,77.49999761581421,44.00304071324814,9.449440002441406,2.891186475753784,0.985074875,0.005,256,lr_0.005_hc_256
4,9.565065383911133,0.8126707077026367,1.5275157690048218,1.9849148988723755,5.239963531494141,35.09539646420445,48.66094871346053,15.70103273236478,78.34494113922119,44.450579762312735,12.471497058868408,2.877950668334961,0.9801495006250001,0.005,256,lr_0.005_hc_256
5,9.12240219116211,0.6721206903457642,1.4945614337921143,1.9101166725158691,5.0456037521362305,37.773499037283386,49.53614563276737,16.08611937685979,87.78688311576843,47.79566179066975,15.515308141708374,2.8658552169799805,0.9752487531218751,0.005,256,lr_0.005_hc_256
6,9.016353607177734,0.7452669143676758,1.482930302619934,1.8635472059249878,4.924609184265137,36.47820759670926,50.778925258183094,18.11657622965167,89.62632417678833,48.75000831533309,18.44915795326233,2.799973964691162,0.9703725093562657,0.005,256,lr_0.005_hc_256
7,8.84683609008789,0.8258413076400757,1.4375,1.808762788772583,4.774731159210205,38.64869595659023,49.78120077017329,21.792403290740417,84.06965732574463,48.572989335812146,21.403791427612305,2.8144173622131348,0.9655206468094844,0.005,256,lr_0.005_hc_256
8,8.594005584716797,0.8168501853942871,1.3698818683624268,1.7579395771026611,4.649333953857422,41.23927883773849,52.03920882198495,24.733064939611413,81.60077333450317,49.9030814834595,24.365487098693848,2.821533679962158,0.960693043575437,0.005,256,lr_0.005_hc_256
9,8.425762176513672,0.798022449016571,1.3304728269577026,1.706132173538208,4.591134548187256,41.9044284964117,54.1046735515491,25.135655522492563,82.25206732749939,50.849206224488185,27.3189594745636,2.8084640502929688,0.9558895783575597,0.005,256,lr_0.005_hc_256
10,8.236780166625977,0.699310302734375,1.310839056968689,1.6864067316055298,4.540224075317383,43.969893225975845,54.83983896376685,25.625765797304396,83.46189260482788,51.97434764796874,30.262547969818115,2.8053388595581055,0.9511101304657719,0.005,256,lr_0.005_hc_256
11,8.0515775680542,0.6730995178222656,1.2649496793746948,1.6538087129592896,4.459719657897949,45.02012952914406,56.74776824785577,26.045860318571677,83.13150405883789,52.736315538602355,33.29222583770752,2.8946995735168457,0.946354579813443,0.005,256,lr_0.005_hc_256
12,7.874373435974121,0.7404674887657166,1.2108540534973145,1.5980292558670044,4.3250226974487305,47.610712410292315,56.922807631717134,27.98879747943287,81.58526420593262,53.526895431843734,36.20941400527954,2.787226676940918,0.9416228069143757,0.005,256,lr_0.005_hc_256
13,7.82161808013916,0.7910257577896118,1.1842926740646362,1.558907389640808,4.2873921394348145,49.23857868020304,57.32539821459829,28.7589707684229,80.85300922393799,54.043989221790554,39.07743716239929,2.731863260269165,0.9369146928798039,0.005,256,lr_0.005_hc_256
14,7.619109153747559,0.8008766770362854,1.1532238721847534,1.5449273586273193,4.120081424713135,50.56887799754944,58.27061088744968,31.192018204095923,80.8428943157196,55.21860035120366,41.99909520149231,2.778801918029785,0.9322301194154049,0.005,256,lr_0.005_hc_256
15,7.53789758682251,0.8027969598770142,1.137910008430481,1.5070816278457642,4.090108871459961,51.11150008751969,59.005776299667424,31.192018204095923,82.62007236480713,55.982341739022544,44.81681418418884,2.6828386783599854,0.9275689688183278,0.005,256,lr_0.005_hc_256
16,7.4267096519470215,0.8508902192115784,1.1015690565109253,1.4829391241073608,3.9913110733032227,51.46157885524243,60.47610712410292,31.454577279887975,80.62262535095215,56.003722152546366,47.628931760787964,2.677928924560547,0.9229311239742362,0.005,256,lr_0.005_hc_256
17,7.318177223205566,0.8406814932823181,1.0954841375350952,1.4920973777770996,3.8899145126342773,52.93190967967792,60.73866619989497,33.81760896201646,78.78550291061401,56.56842193805084,50.47224545478821,2.70723819732666,0.918316468354365,0.005,256,lr_0.005_hc_256
18,7.168758392333984,0.9169626235961914,1.044020414352417,1.4344043731689453,3.7733712196350098,53.78960266059863,61.77139856467705,36.723262734115174,79.22825813293457,57.87813052308135,53.39255428314209,2.782531976699829,0.9137248860125932,0.005,256,lr_0.005_hc_256
19,7.100310802459717,0.9146109223365784,1.0537066459655762,1.4319074153900146,3.7000858783721924,54.47225625765797,61.57885524242954,36.51321547348153,80.00767230987549,58.14299982086113,56.36262011528015,2.8301029205322266,0.9091562615825302,0.005,256,lr_0.005_hc_256
20,6.96091365814209,0.8933982849121094,1.036912441253662,1.3950145244598389,3.6355886459350586,56.78277612462804,62.41904428496412,37.773499037283386,79.88167405128479,59.21424837454008,59.312912702560425,2.820688486099243,0.9046104802746175,0.005,256,lr_0.005_hc_256
21,6.870649337768555,0.9756661057472229,1.0217556953430176,1.3534457683563232,3.5197815895080566,57.85051636618239,63.90687904778575,39.45387712235253,79.13514375686646,60.086604073296776,62.21464562416077,2.760288715362549,0.9000874278732445,0.005,256,lr_0.005_hc_256
22,6.782318115234375,0.9593053460121155,1.016504168510437,1.3672409057617188,3.439267635345459,57.11535095396464,62.85664274461754,40.749168562926656,80.330491065979,60.26291333187196,65.11924719810486,2.77069354057312,0.8955869907338783,0.005,256,lr_0.005_hc_256
23,6.770078659057617,1.021991491317749,1.0216872692108154,1.3504084348678589,3.3759915828704834,57.815508489410114,64.85209172063713,41.99194818834238,79.92955446243286,61.147275715205616,68.04061031341553,2.7859418392181396,0.8911090557802088,0.005,256,lr_0.005_hc_256
24,6.610036849975586,1.0120238065719604,1.008394479751587,1.323434591293335,3.2661843299865723,58.30561876422195,65.28969018029056,42.98967267635218,79.91375923156738,61.62468521310802,70.9703779220581,2.801072835922241,0.8866535105013078,0.005,256,lr_0.005_hc_256
25,6.515122890472412,1.0218414068222046,0.981855571269989,1.3068026304244995,3.204623222351074,58.18309119551899,65.34220199544897,44.51251531594609,79.12416458129883,61.79049327205321,74.33504748344421,3.225806474685669,0.8822202429488013,0.005,256,lr_0.005_hc_256
26,6.4726457595825195,1.0059893131256104,1.0031901597976685,1.3103471994400024,3.1531190872192383,58.638193593558555,66.60248555925084,44.77507439173814,81.38338327407837,62.84978420465648,77.36713027954102,2.9002320766448975,0.8778091417340573,0.005,256,lr_0.005_hc_256
27,6.447786331176758,1.1125370264053345,0.9553333520889282,1.3280198574066162,3.0518958568573,59.98599684929109,65.6397689480133,46.28041309294591,78.91337871551514,62.704889401441356,80.21730399131775,2.7180678844451904,0.8734200960253871,0.005,256,lr_0.005_hc_256
28,6.378623008728027,1.0751198530197144,0.9391912817955017,1.3331952095031738,3.0311169624328613,60.896201645370205,66.7775249431122,46.84053912130229,79.79406118392944,63.57708172342854,83.16116523742676,2.8022947311401367,0.8690529955452602,0.005,256,lr_0.005_hc_256
29,6.33109712600708,1.0847660303115845,0.9419776201248169,1.3379799127578735,2.9663734436035156,60.96621739891476,65.86732014703308,47.59320847190618,82.28824138641357,64.1787468510669,86.05909180641174,2.7682688236236572,0.8647077305675338,0.005,256,lr_0.005_hc_256
30,6.199460029602051,1.0509446859359741,0.9286196827888489,1.3114042282104492,2.908491373062134,61.806406441449326,66.47995799054787,48.99352354279713,79.64543104171753,64.23132975412797,89.02230167388916,2.833329439163208,0.8603841919146962,0.005,256,lr_0.005_hc_256
31,6.13394832611084,1.171032190322876,0.9027675986289978,1.2932078838348389,2.7669408321380615,63.224225450726415,67.21512340276561,51.88167337650972,79.90705370903015,65.55701898475797,92.16895174980164,3.0134432315826416,0.8560822709551227,0.005,256,lr_0.005_hc_256
32,6.11402702331543,1.1645162105560303,0.9038869738578796,1.2971203327178955,2.7485032081604004,63.55680028006302,67.4426746017854,49.76369683178715,78.94816398620605,64.92783392496041,95.16334629058838,2.86053204536438,0.851801859600347,0.005,256,lr_0.005_hc_256
33,6.042389869689941,1.1445910930633545,0.888700008392334,1.2962141036987305,2.7128849029541016,64.36198144582531,67.12760371083493,49.78120077017329,81.47579431533813,65.68664506054292,98.13272881507874,2.83396577835083,0.8475428503023453,0.005,256,lr_0.005_hc_256
34,5.978448867797852,1.138799786567688,0.8840796947479248,1.3141052722930908,2.6414637565612793,65.46472956415194,66.65499737440925,51.28653947138106,79.89190816879272,65.82454364468374,101.15874886512756,2.8958678245544434,0.8433051360508336,0.005,256,lr_0.005_hc_256
35,5.908031463623047,1.1719887256622314,0.8562883734703064,1.3058791160583496,2.5738754272460938,66.04235953089446,67.79275336950815,52.84438998774724,80.58761358261108,66.81677911769023,104.24912595748901,2.95462965965271,0.8390886103705794,0.005,256,lr_0.005_hc_256
36,5.950214385986328,1.2449051141738892,0.8702087998390198,1.2526161670684814,2.582484245300293,65.65727288639944,68.51041484333975,54.26220899702433,80.27794361114502,67.17696008447713,107.23118209838867,2.8500170707702637,0.8348931673187264,0.005,256,lr_0.005_hc_256
37,5.802657604217529,1.169318437576294,0.8621653914451599,1.24751877784729,2.5236549377441406,66.67250131279538,68.49291090495362,54.36723262734115,79.43783402442932,67.24261971737985,110.127614736557,2.7600669860839844,0.8307187014821328,0.005,256,lr_0.005_hc_256
38,5.801309585571289,1.2775501012802124,0.8293166160583496,1.2173399925231934,2.477102756500244,68.12532819884474,68.52791878172589,54.73481533345003,79.08057570457458,67.61715950464881,112.99889016151428,2.7415781021118164,0.8265651079747222,0.005,256,lr_0.005_hc_256
39,5.753328323364258,1.2523598670959473,0.8288019299507141,1.2383214235305786,2.433845043182373,67.23262734115177,68.33537545947839,55.55750043759846,80.21074533462524,67.83406214321346,115.99562239646912,2.862701892852783,0.8224322824348486,0.005,256,lr_0.005_hc_256
40,5.799771308898926,1.3437097072601318,0.8169965147972107,1.230832576751709,2.4082324504852295,68.14283213723088,69.12305268685455,56.15263434272711,80.55024147033691,68.49219015928738,118.89282059669495,2.761559247970581,0.8183201210226743,0.005,256,lr_0.005_hc_256
41,5.704746246337891,1.3027054071426392,0.8287687301635742,1.2263051271438599,2.3469674587249756,68.30036758270612,69.96324172938911,56.66024855592509,79.32278513908386,68.56166075177605,121.74557495117188,2.7265970706939697,0.8142285204175609,0.005,256,lr_0.005_hc_256
42,5.697658061981201,1.3134945631027222,0.8290850520133972,1.235351324081421,2.3197271823883057,67.68772973919131,70.05076142131979,56.2926658498162,79.25076484680176,68.32048046428227,124.63194823265076,2.751211166381836,0.810157377815473,0.005,256,lr_0.005_hc_256
43,5.513208866119385,1.2548060417175293,0.8313430547714233,1.2399758100509644,2.1870837211608887,68.17784001400315,69.94573779100297,58.48065814808332,81.27187490463257,69.46902771443051,127.51259875297546,2.7426888942718506,0.8061065909263957,0.005,256,lr_0.005_hc_256
44,5.576963424682617,1.3167232275009155,0.8300533294677734,1.236859917640686,2.193326950073242,67.67022580080518,70.31332049711185,57.92053211972694,80.96281886100769,69.21672431966293,130.46887254714966,2.8299999237060547,0.8020760579717637,0.005,256,lr_0.005_hc_256
45,5.6092987060546875,1.3743451833724976,0.8329203128814697,1.2137179374694824,2.1883153915405273,68.30036758270612,70.90845440224051,57.64046910554875,80.44562339782715,69.32372862208062,133.38141345977783,2.76617431640625,0.798065677681905,0.005,256,lr_0.005_hc_256
46,5.540341377258301,1.4066636562347412,0.7960010766983032,1.2122132778167725,2.1254630088806152,69.75319446875548,71.27603710834937,59.60091020479608,79.32130098342896,69.98786069133247,136.25882840156555,2.7425286769866943,0.7940753492934954,0.005,256,lr_0.005_hc_256
47,5.50227165222168,1.383968710899353,0.785097599029541,1.216793417930603,2.1164114475250244,69.9107299142307,70.80343077192369,59.65342201995449,78.24178338050842,69.65234152165432,139.24058890342712,2.8359458446502686,0.7901049725470279,0.005,256,lr_0.005_hc_256
48,5.4581298828125,1.3480058908462524,0.8055810928344727,1.2364733219146729,2.0680694580078125,70.13828111325047,70.12077717486434,60.82618589182566,79.6025812625885,70.17195636063225,142.11900901794434,2.7463998794555664,0.7861544476842928,0.005,256,lr_0.005_hc_256
49,5.489331245422363,1.3977065086364746,0.7780522704124451,1.2416486740112305,2.0719234943389893,70.54087169613163,70.7684228951514,60.28356380185542,81.34923577308655,70.73552354155626,144.99082231521606,2.7415854930877686,0.7822236754458713,0.005,256,lr_0.005_hc_256
50,5.411533832550049,1.381022334098816,0.7613024711608887,1.2753180265426636,1.9938908815383911,70.97847015578506,70.05076142131979,61.68387887274637,80.99125623703003,70.92609167172031,147.8790671825409,2.760089874267578,0.778312557068642,0.005,256,lr_0.005_hc_256
51,5.359414577484131,1.3896334171295166,0.7553817629814148,1.218485713005066,1.9959133863449097,71.94118676702259,71.45107649221075,61.893926133380006,80.38455247879028,71.4176854678509,150.83956384658813,2.827261209487915,0.7744209942832988,0.005,256,lr_0.005_hc_256
52,5.392031192779541,1.4882516860961914,0.7577628493309021,1.1998201608657837,1.946196436882019,71.1360056012603,71.50358830736916,61.946437948538424,78.69277000427246,70.81970046536009,153.70853400230408,2.7406468391418457,0.7705488893118823,0.005,256,lr_0.005_hc_256
53,5.327664852142334,1.4152165651321411,0.7747491002082825,1.2128796577453613,1.9248195886611938,71.06598984771574,71.45107649221075,62.13898127078593,78.98486852645874,70.9102290342928,156.57098388671875,2.732346296310425,0.7666961448653229,0.005,256,lr_0.005_hc_256
54,5.243999004364014,1.4171192646026611,0.7510050535202026,1.207611083984375,1.868263602256775,71.2410292315771,71.25853316996324,64.04691055487484,80.02880811691284,71.64382026833201,159.40858054161072,2.7025253772735596,0.7628626641409962,0.005,256,lr_0.005_hc_256
55,5.311491012573242,1.4890283346176147,0.7502322196960449,1.2313045263290405,1.8409255743026733,72.53632067215123,71.85366707509189,63.83686329424121,79.54868078231812,71.94388295595061,162.3185362815857,2.777224540710449,0.7590483508202912,0.005,256,lr_0.005_hc_256
56,5.150827884674072,1.3827881813049316,0.751115620136261,1.1848496198654175,1.832074522972107,72.86889550148783,72.64134430246806,64.18694206196393,80.34117221832275,72.50958852106064,165.26143050193787,2.809457302093506,0.7552531090661897,0.005,256,lr_0.005_hc_256
57,5.179835319519043,1.4258091449737549,0.7496060729026794,1.2287744283676147,1.7756457328796387,72.67635217924034,72.32627341151759,65.3071941186767,79.30670976638794,72.40413236895564,168.23660612106323,2.845935821533203,0.7514768435208588,0.005,256,lr_0.005_hc_256
58,5.138275146484375,1.4858779907226562,0.7511589527130127,1.210493564605713,1.6907445192337036,73.0439348853492,72.86889550148783,67.09259583406266,78.06118726730347,72.7666533720508,171.24228692054749,2.8748624324798584,0.7477194593032545,0.005,256,lr_0.005_hc_256
59,5.171954154968262,1.539442539215088,0.7368690371513367,1.2004022598266602,1.6952400207519531,73.63906879047786,72.44880098022055,67.04008401890425,77.95673608779907,72.77117246935043,174.13638615608215,2.7551445960998535,0.7439808620067382,0.005,256,lr_0.005_hc_256
60,5.193967342376709,1.5428569316864014,0.7424427270889282,1.1755945682525635,1.7330728769302368,73.49903728338876,72.39628916506214,66.02485559250832,77.72747278213501,72.41191370577356,177.08559584617615,2.8225629329681396,0.7402609576967045,0.005,256,lr_0.005_hc_256
61,5.1215338706970215,1.5220493078231812,0.7258096933364868,1.1763969659805298,1.6972781419754028,73.86661998949764,72.88639943987397,65.72728863994399,78.2546877861023,72.68374896385448,180.0289123058319,2.8120501041412354,0.736559652908221,0.005,256,lr_0.005_hc_256
62,5.156118392944336,1.5979580879211426,0.7273103594779968,1.1796531677246094,1.6511964797973633,73.39401365307194,73.14895851566602,67.21512340276561,79.01226878166199,73.1925910882914,182.96562480926514,2.8040997982025146,0.7328768546436799,0.005,256,lr_0.005_hc_256
63,5.168010234832764,1.602483868598938,0.7215256094932556,1.2143151760101318,1.6296855211257935,74.07666725013128,72.32627341151759,68.26535970593383,78.63813638687134,73.32660918861352,185.839857339859,2.742502212524414,0.7292124703704616,0.005,256,lr_0.005_hc_256
64,5.13021183013916,1.5575149059295654,0.7107359766960144,1.194530963897705,1.667429804801941,74.72431297041835,72.76387187117102,66.86504463504288,79.52927350997925,73.47062574665287,188.77452564239502,2.800462007522583,0.7255664080186093,0.005,256,lr_0.005_hc_256
65,5.126527786254883,1.5998400449752808,0.7017088532447815,1.1974881887435913,1.6274904012680054,74.75932084719061,72.97391913180465,67.12760371083493,79.71590161323547,73.64418632576643,191.71056938171387,2.79638409614563,0.7219385759785162,0.005,256,lr_0.005_hc_256
66,5.093815803527832,1.6305320262908936,0.6983823776245117,1.1888481378555298,1.5760529041290283,74.19919481883423,72.76387187117102,68.24785576754769,79.44878339767456,73.66492646380688,194.72087836265564,2.8723366260528564,0.7183288830986236,0.005,256,lr_0.005_hc_256
67,5.077162742614746,1.6453977823257446,0.6812102794647217,1.168558955192566,1.5819957256317139,76.28216348678453,72.76387187117102,68.1953439523893,78.12772393226624,73.84227581065277,197.6685814857483,2.816439151763916,0.7147372386831305,0.005,256,lr_0.005_hc_256
68,4.978116035461426,1.547985553741455,0.7127258777618408,1.192673921585083,1.5247304439544678,74.74181690880448,72.95641519341852,69.28058813232978,80.35019040107727,74.33225265890752,200.61547112464905,2.8139233589172363,0.7111635524897149,0.005,256,lr_0.005_hc_256
69,5.074995040893555,1.7211716175079346,0.6928231716156006,1.2120227813720703,1.4489777088165283,75.52949413618065,73.44652546823035,70.33082443549799,78.37800979614258,74.42121345901289,203.49872589111328,2.750108480453491,0.7076077347272662,0.005,256,lr_0.005_hc_256
70,5.015865802764893,1.6466647386550903,0.709185004234314,1.2044808864593506,1.4555350542068481,74.72431297041835,73.83161211272537,71.17101347803255,77.74066925048828,74.36690195291614,206.37878394126892,2.7451488971710205,0.7040696960536299,0.005,256,lr_0.005_hc_256
71,5.056251525878906,1.7607731819152832,0.6849859952926636,1.2077882289886475,1.4027042388916016,75.80955715035883,73.62156485209172,70.94346227901278,77.28696465492249,74.41538723409646,209.24486017227173,2.730707883834839,0.7005493475733617,0.005,256,lr_0.005_hc_256
72,4.944825172424316,1.6373298168182373,0.7106572389602661,1.2254831790924072,1.3713548183441162,76.22965167162612,73.81410817433922,71.92368282863644,79.26897406578064,75.3091041850956,212.16514468193054,2.79235577583313,0.697046600835495,0.005,256,lr_0.005_hc_256
73,4.996654033660889,1.734425663948059,0.685511589050293,1.1691049337387085,1.4076118469238281,75.66952564326974,74.04165937335901,71.64361981445825,76.94534063339233,74.57503636611983,215.03108143806458,2.734837532043457,0.6935613678313175,0.005,256,lr_0.005_hc_256
74,4.921219348907471,1.6799395084381104,0.6798260807991028,1.2092182636260986,1.3522356748580933,76.80728163836864,73.76159635918081,72.378785226676,77.16399431228638,75.02791438412795,217.95035028457642,2.7856664657592773,0.6900935609921609,0.005,256,lr_0.005_hc_256
75,4.985482692718506,1.6908854246139526,0.6889482736587524,1.2108154296875,1.3948335647583008,76.71976194643794,73.21897426921056,71.92368282863644,77.31848955154419,74.7952271489573,220.8007926940918,2.70630145072937,0.6866430931872001,0.005,256,lr_0.005_hc_256
76,5.001926422119141,1.7292251586914062,0.6944451928138733,1.1887600421905518,1.3894962072372437,76.3696831787152,73.81410817433922,71.17101347803255,79.0888786315918,75.1109208656697,223.63864398002625,2.7080557346343994,0.6832098777212641,0.005,256,lr_0.005_hc_256
77,4.860145568847656,1.6384387016296387,0.659473180770874,1.2071092128753662,1.3551247119903564,76.98232102223001,73.65657272886399,72.48380885699282,78.668612241745,75.44782871245795,226.52666926383972,2.755746841430664,0.6797938283326578,0.005,256,lr_0.005_hc_256
78,4.924958229064941,1.7347009181976318,0.6698901057243347,1.1963025331497192,1.3240647315979004,76.8422895151409,73.79660423595308,73.02643094696306,77.44688391685486,75.27805215372798,229.4263951778412,2.771636962890625,0.6763948591909945,0.005,256,lr_0.005_hc_256
79,4.972212791442871,1.7532817125320435,0.6697602868080139,1.212306261062622,1.336864709854126,77.03483283738841,73.53404516016103,73.56905303693331,79.39472198486328,75.8831632548365,232.39619827270508,2.8376057147979736,0.6730128848950395,0.005,256,lr_0.005_hc_256
80,4.979928970336914,1.789480447769165,0.7106501460075378,1.1830154657363892,1.2967828512191772,75.96709259583406,74.4617538946263,74.58428146332925,79.01303768157959,76.0065414088423,235.30633568763733,2.777925968170166,0.6696478204705644,0.005,256,lr_0.005_hc_256
81,4.968137264251709,1.7202942371368408,0.7128536105155945,1.216150164604187,1.3188390731811523,76.19464379485385,73.95413968142832,73.42902152984422,79.12936806678772,75.67679326822852,238.15478682518005,2.7164087295532227,0.6662995813682115,0.005,256,lr_0.005_hc_256
82,5.019294738769531,1.761130452156067,0.71928471326828,1.217850685119629,1.3210289478302002,76.14213197969542,74.25170663399265,72.99142307019079,79.36581373214722,75.68776885400652,241.0559585094452,2.773214340209961,0.6629680834613705,0.005,256,lr_0.005_hc_256
83,4.994187831878662,1.8022857904434204,0.686554491519928,1.2117019891738892,1.2936455011367798,77.33239978995275,74.11167512690355,73.58655697531945,78.11156511306763,75.78554925131084,243.98842859268188,2.8015167713165283,0.6596532430440636,0.005,256,lr_0.005_hc_256
84,5.0133891105651855,1.8668357133865356,0.7002047896385193,1.1920380592346191,1.2543104887008667,77.26238403640819,74.68930509364607,74.60178540171538,77.40525603294373,75.98968264117833,246.8920910358429,2.7744438648223877,0.6563549768288433,0.005,256,lr_0.005_hc_256
85,4.869077205657959,1.7871052026748657,0.6599579453468323,1.194970965385437,1.2270431518554688,77.19236828286364,74.32172238753719,74.74181690880448,77.12310552597046,75.84475327629394,249.78169679641724,2.7552826404571533,0.653073201944699,0.005,256,lr_0.005_hc_256
86,5.076535701751709,1.8248313665390015,0.6684175133705139,1.2402507066726685,1.3430362939834595,78.26010852441799,73.63906879047786,73.72658848240854,77.85283327102661,75.86964976708275,252.6727499961853,2.7532501220703125,0.6498078359349755,0.005,256,lr_0.005_hc_256
87,4.979325771331787,1.756691336631775,0.6893336772918701,1.2362717390060425,1.29702889919281,77.13985646770524,74.54927358655698,73.76159635918081,77.55556106567383,75.75157186977921,255.64622926712036,2.839949607849121,0.6465587967553006,0.005,256,lr_0.005_hc_256
88,4.9906463623046875,1.8068844079971313,0.6853163838386536,1.213404893875122,1.2850408554077148,77.82251006476457,75.02187992298268,74.14668300367583,78.07375192642212,76.2662062294613,258.5399422645569,2.759211778640747,0.6433260027715241,0.005,256,lr_0.005_hc_256
89,4.914649963378906,1.7771052122116089,0.6806902885437012,1.2098796367645264,1.2469745874404907,77.26238403640819,74.79432872396289,75.66952564326974,79.14060354232788,76.71671048649218,261.37568712234497,2.698899984359741,0.6401093727576664,0.005,256,lr_0.005_hc_256
90,4.970019817352295,1.8366204500198364,0.6728500127792358,1.2359542846679688,1.224595069885254,77.43742342026955,75.1269035532995,75.58200595133904,79.3447196483612,76.87276314331733,264.34089756011963,2.8354759216308594,0.6369088258938781,0.005,256,lr_0.005_hc_256
91,5.051131248474121,1.9058070182800293,0.6685587167739868,1.2520594596862793,1.2247059345245361,78.9252581830912,75.07439173814107,76.33467530194294,76.52099132537842,76.7138291371384,267.3207354545593,2.8501946926116943,0.6337242817644086,0.005,256,lr_0.005_hc_256
92,4.926576614379883,1.8751749992370605,0.6538428068161011,1.241114854812622,1.15644371509552,79.04778575179415,74.8468405391213,76.57973043934886,78.19721102714539,77.16789193935243,270.26071977615356,2.806598663330078,0.6305556603555866,0.005,256,lr_0.005_hc_256
93,5.022547721862793,1.891057014465332,0.6596313118934631,1.2370647192001343,1.2347946166992188,78.66269910729913,74.81183266234903,75.7920532119727,78.03769707679749,76.82607051460458,273.25950598716736,2.8688580989837646,0.6274028820538087,0.005,256,lr_0.005_hc_256
94,5.042038917541504,1.8937989473342896,0.6793997883796692,1.2412493228912354,1.2275909185409546,78.52266760021006,75.47698232102223,76.24715561001226,77.99065113067627,77.0593641654802,276.2813787460327,2.896355152130127,0.6242658676435396,0.005,256,lr_0.005_hc_256
95,5.014911651611328,1.8749682903289795,0.6751275658607483,1.2044435739517212,1.2603720426559448,78.3126203395764,75.89707684228951,75.80955715035883,76.00576877593994,76.50625577704118,279.03269028663635,2.6125664710998535,0.6211445383053219,0.005,256,lr_0.005_hc_256
96,4.934296607971191,1.8736215829849243,0.6453059315681458,1.2228565216064453,1.1925122737884521,79.03028181340802,74.91685629266584,76.59723437773499,79.62919473648071,77.54339180507239,281.9629375934601,2.7934868335723877,0.6180388156137953,0.005,256,lr_0.005_hc_256
97,5.0048933029174805,2.0000369548797607,0.6263373494148254,1.2056292295455933,1.1728894710540771,79.95799054787327,75.30194293716086,77.03483283738841,77.38339900970459,77.41954133303179,284.8683748245239,2.767927408218384,0.6149486215357263,0.005,256,lr_0.005_hc_256
98,5.02510929107666,1.9702184200286865,0.640968918800354,1.2572892904281616,1.1566325426101685,79.18781725888326,74.49676177139857,76.99982496061614,77.6748538017273,77.08981444815632,287.54838275909424,2.544468402862549,0.6118738784280476,0.005,256,lr_0.005_hc_256
99,4.975125789642334,1.9210306406021118,0.6700480580329895,1.2130694389343262,1.1709774732589722,79.38036058113074,75.42447050586382,77.47243129704184,76.40853524208069,77.17144940652926,290.27060079574585,2.5911049842834473,0.6088145090359074,0.005,256,lr_0.005_hc_256
100,5.10658073425293,2.010399580001831,0.6644498705863953,1.244069218635559,1.1876622438430786,79.52039208821985,75.63451776649747,78.1725888324873,76.92424058914185,77.56293481908662,293.17295575141907,2.7745864391326904,0.6057704364907278,0.005,256,lr_0.005_hc_256
101,4.785604953765869,1.8715773820877075,0.6409229636192322,1.1814666986465454,1.0916380882263184,79.87047085594259,75.84456502713111,78.41764396989322,78.2684326171875,78.10027811753861,296.1395995616913,2.8336164951324463,0.6027415843082742,0.005,256,lr_0.005_hc_256
102,4.795808792114258,1.851744532585144,0.6387187838554382,1.1964846849441528,1.108860731124878,79.71293541046735,75.89707684228951,78.62769123052686,78.72270345687866,78.2401017350406,299.1397726535797,2.8689422607421875,0.5997278763867329,0.005,256,lr_0.005_hc_256
103,4.755051612854004,1.7457284927368164,0.6671380996704102,1.1874057054519653,1.1547796726226807,79.13530544372483,75.37195869070541,77.9800455102398,80.79634308815002,78.32091318320502,301.9924986362457,2.722076892852783,0.5967292370047992,0.005,256,lr_0.005_hc_256
104,4.81852912902832,1.8242170810699463,0.6578152179718018,1.1943808794021606,1.1421163082122803,79.90547873271487,75.40696656747768,78.66269910729913,78.08674573898315,78.01547253661872,304.8643968105316,2.7368574142456055,0.5937455908197752,0.005,256,lr_0.005_hc_256
105,4.79093074798584,1.7529323101043701,0.6556621193885803,1.2388639450073242,1.143472671508789,79.85296691755644,75.35445475231927,78.01505338701207,79.280686378479,78.1257903588417,307.7240960597992,2.720611572265625,0.5907768628656763,0.005,256,lr_0.005_hc_256
106,4.708932876586914,1.7556191682815552,0.6605544090270996,1.1935932636260986,1.0991661548614502,79.39786451951689,75.68702958165588,78.90775424470506,79.33574914932251,78.33209937380008,310.5583293437958,2.704191207885742,0.5878229785513479,0.005,256,lr_0.005_hc_256
107,4.738160610198975,1.8122789859771729,0.627325713634491,1.2111014127731323,1.0874541997909546,80.09802205496237,75.87957290390338,78.5926833537546,78.30498218536377,78.21881512449603,313.40053367614746,2.7104551792144775,0.5848838636585911,0.005,256,lr_0.005_hc_256
108,4.652712821960449,1.7289165258407593,0.6134652495384216,1.2060208320617676,1.1043100357055664,80.65814808331875,75.5995098897252,78.9777699982496,78.90329360961914,78.53468039522818,316.33805227279663,2.7932939529418945,0.5819594443402982,0.005,256,lr_0.005_hc_256
109,4.790318965911865,1.8382110595703125,0.6291577219963074,1.1833796501159668,1.1395703554153442,81.18326623490285,76.14213197969542,78.54017153859618,79.18813228607178,78.76342550981657,319.19835019111633,2.7260987758636475,0.5790496471185967,0.005,256,lr_0.005_hc_256
110,4.7466206550598145,1.8658148050308228,0.6386352777481079,1.1889625787734985,1.0532078742980957,80.57062839138807,76.75476982321022,79.52039208821985,79.50717210769653,79.08824060262867,322.23851108551025,2.9074625968933105,0.5761543988830038,0.005,256,lr_0.005_hc_256
111,4.755706310272217,1.8714841604232788,0.6365340352058411,1.2098774909973145,1.0378104448318481,80.88569928233854,75.54699807456677,81.07824260458604,78.1072735786438,78.90455338503378,325.20644521713257,2.836385488510132,0.5732736268885887,0.005,256,lr_0.005_hc_256
112,4.712219715118408,1.8858944177627563,0.6360998749732971,1.1940582990646362,0.9961671829223633,80.65814808331875,76.57973043934886,80.34307719236828,78.23443412780762,78.95384746071088,328.1437668800354,2.8034119606018066,0.5704072587541458,0.005,256,lr_0.005_hc_256
113,4.775816917419434,1.8677312135696411,0.6227578520774841,1.2349224090576172,1.050405740737915,81.20077017328899,76.54472256257658,80.34307719236828,79.46338653564453,79.3879891159696,331.13415122032166,2.8540642261505127,0.567555222460375,0.005,256,lr_0.005_hc_256
114,4.756571292877197,1.8398780822753906,0.6251891255378723,1.2455673217773438,1.045936942100525,81.48083318746718,76.40469105548749,80.64064414493261,78.73013019561768,79.31407464587623,334.0657606124878,2.7976624965667725,0.5647174463480732,0.005,256,lr_0.005_hc_256
115,4.846005916595459,1.9265490770339966,0.6487831473350525,1.246903896331787,1.0237698554992676,81.02573078942761,75.89707684228951,81.60336075617013,77.42804288864136,78.98855281913215,336.977157831192,2.772301197052002,0.5618938591163328,0.005,256,lr_0.005_hc_256
116,4.760087966918945,1.871665120124817,0.6720468997955322,1.2420213222503662,0.9743543267250061,80.30806931559601,76.3171713635568,81.9184316471206,79.30466532707214,79.46208441333638,339.9500398635864,2.8432600498199463,0.5590843898207511,0.005,256,lr_0.005_hc_256
117,4.703830718994141,1.892076015472412,0.6374897956848145,1.2316527366638184,0.9426124095916748,81.62086469455627,75.91458078067565,81.41081743392263,79.0392279624939,79.49637271791211,342.8763873577118,2.7860333919525146,0.5562889678716474,0.005,256,lr_0.005_hc_256
118,4.737943172454834,1.8378506898880005,0.6508666276931763,1.2307878732681274,1.0184379816055298,80.67565202170488,76.14213197969542,81.37580955715036,79.26488518714905,79.36461968642493,345.81600069999695,2.807678699493408,0.5535075230322891,0.005,256,lr_0.005_hc_256
119,4.776812553405762,1.9186046123504639,0.6329667568206787,1.1644389629364014,1.0608021020889282,81.32329774199195,76.94731314545773,80.67565202170488,79.03152704238892,79.49444748788588,348.8482332229614,2.8999955654144287,0.5507399854171277,0.005,256,lr_0.005_hc_256
120,4.845304012298584,2.0063955783843994,0.6221904158592224,1.18052077293396,1.036197304725647,81.9184316471206,77.15736040609137,80.81568352879398,79.05996441841125,79.7378600001043,351.844110250473,2.8642449378967285,0.547986285490042,0.005,256,lr_0.005_hc_256
121,4.906322956085205,2.0613503456115723,0.6155025959014893,1.1648904085159302,1.0645794868469238,81.76089620164537,77.47243129704184,80.88569928233854,78.29010486602783,79.60228291176338,354.7967846393585,2.8195173740386963,0.5452463540625918,0.005,256,lr_0.005_hc_256
122,4.726986408233643,1.8698467016220093,0.6262030601501465,1.212663173675537,1.0182734727859497,81.46332924908104,77.20987222124978,81.44582531069491,78.35273742675781,79.61794105194588,357.8332712650299,2.9030375480651855,0.5425201222922789,0.005,256,lr_0.005_hc_256
123,4.819488048553467,1.9248924255371094,0.6276679635047913,1.2500348091125488,1.0168927907943726,81.60336075617013,76.8422895151409,80.88569928233854,78.9372980594635,79.56716190327828,360.7582743167877,2.7901148796081543,0.5398075216808175,0.005,256,lr_0.005_hc_256
124,4.8007493019104,1.9326906204223633,0.6352360844612122,1.2697782516479492,0.9630444049835205,81.3933134955365,76.91230526868546,81.9184316471206,78.47251296043396,79.67414084294413,363.7181634902954,2.8220913410186768,0.5371084840724134,0.005,256,lr_0.005_hc_256
125,4.763802528381348,1.913248062133789,0.6153343319892883,1.2234959602355957,1.0117243528366089,81.41081743392263,77.06984071416069,81.74339226325922,79.11971807479858,79.83594212153528,366.641398191452,2.7781944274902344,0.5344229416520513,0.005,256,lr_0.005_hc_256
126,4.727569580078125,1.925278902053833,0.6151723265647888,1.2050961256027222,0.982022225856781,81.48083318746718,77.38491160511116,82.23350253807106,80.67824840545654,80.44437393402649,369.661381483078,2.8913187980651855,0.531750826943791,0.005,256,lr_0.005_hc_256
127,4.968879222869873,2.0458998680114746,0.651190459728241,1.2541759014129639,1.0176130533218384,81.63836863294242,76.08962016453702,81.90092770873446,78.7715196609497,79.6001090417909,372.6023414134979,2.8094825744628906,0.5290920728090721,0.005,256,lr_0.005_hc_256
128,4.8576483726501465,1.9528019428253174,0.6292963624000549,1.2634960412979126,1.0120540857315063,82.58358130579381,76.92980920707159,81.93593558550674,80.54478764533997,80.49852843592802,375.52195382118225,2.7836365699768066,0.5264466124450268,0.005,256,lr_0.005_hc_256
129,4.9291558265686035,2.000608205795288,0.6285803914070129,1.2834690809249878,1.0164979696273804,82.56607736740766,76.43969893225976,81.97094346227901,78.82224321365356,79.9497407439,378.4022431373596,2.745974540710449,0.5238143793828016,0.005,256,lr_0.005_hc_256
130,4.974923610687256,2.021718978881836,0.6314215064048767,1.3023035526275635,1.019479513168335,81.97094346227901,76.21214773323997,81.93593558550674,80.16451597213745,80.07088568829079,381.3921136856079,2.8568427562713623,0.5211953074858876,0.005,256,lr_0.005_hc_256
131,4.827784061431885,1.9778560400009155,0.6035346984863281,1.271405816078186,0.9749873280525208,82.98617188867496,77.01732889900228,82.60108524417994,78.22372913360596,80.20707879136579,384.35584926605225,2.833770275115967,0.5185893309484582,0.005,256,lr_0.005_hc_256
132,4.7522873878479,1.9113918542861938,0.6105891466140747,1.2670263051986694,0.9632800221443176,82.09347103098197,76.57973043934886,83.0561876422195,79.34796810150146,80.26933930351295,387.2359917163849,2.7479093074798584,0.5159963842937159,0.005,256,lr_0.005_hc_256
133,4.883924961090088,2.0057222843170166,0.647820234298706,1.2487784624099731,0.9816040396690369,82.16348678452651,76.42219499387363,83.0561876422195,78.95605564117432,80.1494812654485,390.1751835346222,2.809051752090454,0.5134164023722473,0.005,256,lr_0.005_hc_256
134,4.871336460113525,1.975020408630371,0.6050397157669067,1.2434440851211548,1.0478323698043823,82.54857342902153,76.35217924032908,82.56607736740766,78.81666421890259,80.07087356391523,393.11358070373535,2.8056416511535645,0.510849320360386,0.005,256,lr_0.005_hc_256
135,4.769136905670166,1.8993234634399414,0.6209327578544617,1.23779296875,1.0110877752304077,82.33852616838789,76.98232102223001,82.53106949063539,78.9638876914978,80.20395109318777,395.9355118274689,2.6916275024414062,0.5082950737585841,0.005,256,lr_0.005_hc_256
136,4.863048076629639,1.9855456352233887,0.6377080678939819,1.2330565452575684,1.0067377090454102,82.33852616838789,77.48993523542798,82.79362856642744,78.67856025695801,80.32516255680034,398.8118591308594,2.740128517150879,0.5057535983897912,0.005,256,lr_0.005_hc_256
137,4.73340368270874,1.8835300207138062,0.622572124004364,1.2445917129516602,0.9827098250389099,82.37353404516016,76.54472256257658,82.1984946612988,79.23885583877563,80.0889017769528,401.7701241970062,2.8273096084594727,0.5032248303978422,0.005,256,lr_0.005_hc_256
138,4.735227108001709,1.8279600143432617,0.6317887902259827,1.2801682949066162,0.9953099489212036,82.1984946612988,76.85979345352705,82.3910379835463,79.55994606018066,80.2523180396382,404.7244064807892,2.822054147720337,0.500708706245853,0.005,256,lr_0.005_hc_256
139,4.783812522888184,1.8534164428710938,0.6740050315856934,1.2781269550323486,0.9782639145851135,81.93593558550674,77.12235252931909,82.54857342902153,80.42618036270142,80.50826047663719,407.5778138637543,2.7177274227142334,0.5,0.005,256,lr_0.005_hc_256
140,4.828365802764893,1.9113712310791016,0.653741180896759,1.3068023920059204,0.9564507603645325,82.46105373709085,76.75476982321022,83.54629791703132,80.95992803573608,80.93051237826712,410.50791120529175,2.8001797199249268,0.5,0.005,256,lr_0.005_hc_256
141,4.758245944976807,1.8657490015029907,0.6450455188751221,1.2859586477279663,0.9614927172660828,82.2510064764572,76.85979345352705,82.89865219674427,79.61933612823486,80.40719706374084,413.41014790534973,2.764604330062866,0.5,0.005,256,lr_0.005_hc_256
142,4.795716285705566,1.8729865550994873,0.6567113399505615,1.2771254777908325,0.9888927936553955,81.90092770873446,76.80728163836864,83.35375459478382,79.83059287071228,80.4731392031498,416.5114789009094,2.9667763710021973,0.5,0.005,256,lr_0.005_hc_256
143,4.576999187469482,1.7603144645690918,0.6443930864334106,1.2462399005889893,0.9260520339012146,81.65587257132854,77.24488009802205,83.75634517766497,81.07188940048218,80.93224681187444,419.4398651123047,2.793325424194336,0.5,0.005,256,lr_0.005_hc_256
144,4.76416540145874,1.8766955137252808,0.6409340500831604,1.2594573497772217,0.9870785474777222,81.83091195518992,76.70225800805181,82.88114825835812,79.59311008453369,80.2518570765334,422.30517077445984,2.729668378829956,0.5,0.005,256,lr_0.005_hc_256
145,4.822002410888672,1.8999660015106201,0.6776185631752014,1.2663824558258057,0.9780353307723999,81.63836863294242,76.91230526868546,83.02117976544723,80.25651574134827,80.45709235210585,425.25909209251404,2.823681354522705,0.5,0.005,256,lr_0.005_hc_256
146,4.762499809265137,1.9668995141983032,0.5989306569099426,1.213861346244812,0.9828080534934998,82.9686679502888,77.15736040609137,83.00367582706109,79.94961142539978,80.76982890221026,428.20807790756226,2.8149254322052,0.5,0.005,256,lr_0.005_hc_256
147,4.710518836975098,1.8783422708511353,0.6475537419319153,1.2516423463821411,0.9329805970191956,82.40854192193243,77.33239978995275,83.84386486959566,79.32956218719482,80.72859219216892,431.25888085365295,2.9170188903808594,0.5,0.005,256,lr_0.005_hc_256
148,4.692464828491211,1.925485610961914,0.6289380192756653,1.2018916606903076,0.9361497759819031,82.72361281288289,77.8400140031507,83.3887624715561,79.17473316192627,80.781780612379,434.16364336013794,2.773160696029663,0.5,0.005,256,lr_0.005_hc_256
149,4.694381237030029,1.930764079093933,0.6297470331192017,1.2198777198791504,0.9139925837516785,82.91615613513041,77.80500612637844,84.21144757570454,79.45984601974487,81.09811396423956,437.05774784088135,2.7597455978393555,0.5,0.005,256,lr_0.005_hc_256
150,4.738112926483154,2.008923053741455,0.6336973309516907,1.1969168186187744,0.8985756039619446,82.81113250481357,77.89252581830912,83.7213373008927,78.67494821548462,80.774985959875,439.89790773391724,2.706125259399414,0.5,0.005,256,lr_0.005_hc_256
151,4.7419114112854,1.9378273487091064,0.5913771986961365,1.2513047456741333,0.9614017605781555,83.14370733415018,77.57745492735866,83.66882548573429,79.46515083312988,80.96378464509326,442.7976315021515,2.7697441577911377,0.5,0.005,256,lr_0.005_hc_256
152,4.6519269943237305,1.9359443187713623,0.6170311570167542,1.234992504119873,0.8639592528343201,82.42604586031858,77.87502187992298,84.3864869595659,79.81535196304321,81.12572666571268,445.88792967796326,2.9543943405151367,0.5,0.005,256,lr_0.005_hc_256
153,4.764911651611328,1.9327538013458252,0.6296244263648987,1.2591190338134766,0.9434144496917725,82.93366007351655,77.61246280413093,83.65132154734816,80.12304306030273,81.08012187132458,448.7997670173645,2.7758967876434326,0.5,0.005,256,lr_0.005_hc_256
154,4.706845283508301,1.975743055343628,0.6034677624702454,1.2546621561050415,0.8729723691940308,83.24873096446701,77.61246280413093,84.24645545247681,80.46559691429138,81.39331153384153,451.7380177974701,2.8038735389709473,0.5,0.005,256,lr_0.005_hc_256
155,4.694535732269287,1.9335781335830688,0.6048726439476013,1.2918118238449097,0.8642731308937073,83.35375459478382,77.52494311220023,85.2441799404866,80.75869679450989,81.72039361049515,454.58805203437805,2.721997022628784,0.5,0.005,256,lr_0.005_hc_256
156,4.659021854400635,1.925660490989685,0.6155441403388977,1.242912769317627,0.874904453754425,83.24873096446701,77.64747068090321,84.526518466655,81.4240574836731,81.71169439892458,457.52245473861694,2.801480293273926,0.5,0.005,256,lr_0.005_hc_256
157,4.6333441734313965,1.8911235332489014,0.6021794080734253,1.2799475193023682,0.8600937128067017,83.66882548573429,77.10484859093296,84.87659723437774,80.54375648498535,81.54850694900759,460.4932940006256,2.835580587387085,0.5,0.005,256,lr_0.005_hc_256
158,4.642262935638428,1.9389407634735107,0.6287145018577576,1.1995179653167725,0.8750898241996765,83.14370733415018,77.52494311220023,84.66654997374408,80.37303686141968,81.42705932037855,463.45806193351746,2.8301851749420166,0.5,0.005,256,lr_0.005_hc_256
159,4.64439582824707,1.915080189704895,0.5916488766670227,1.2233147621154785,0.9143518209457397,83.51129004025906,77.57745492735866,84.29896726763522,79.97832298278809,81.34150880451026,466.54772567749023,2.956082820892334,0.5,0.005,256,lr_0.005_hc_256
160,4.61358642578125,1.9664664268493652,0.6040918827056885,1.1588459014892578,0.8841822147369385,82.89865219674427,78.61018729214074,84.31647120602136,79.00402545928955,81.20733403854898,469.47800040245056,2.799957513809204,0.5,0.005,256,lr_0.005_hc_256
161,4.563838958740234,1.909545660018921,0.564610481262207,1.201952338218689,0.8877307772636414,83.84386486959566,78.01505338701207,84.28146332924908,81.25908374786377,81.84986633343014,472.4049732685089,2.7971036434173584,0.5,0.005,256,lr_0.005_hc_256
162,4.674532890319824,2.032407760620117,0.5868260264396667,1.1914725303649902,0.8638266921043396,83.84386486959566,78.69770698407142,84.70155785051637,80.3115963935852,81.88868152444216,475.4176445007324,2.881061553955078,0.5,0.005,256,lr_0.005_hc_256
163,4.652541160583496,2.017001152038574,0.5540784001350403,1.1933033466339111,0.8881585597991943,83.59880973218974,78.47015578505163,84.82408541921932,79.99059557914734,81.720911628902,478.3598527908325,2.804226875305176,0.5,0.005,256,lr_0.005_hc_256
164,4.597435474395752,1.907879114151001,0.6096071004867554,1.222643256187439,0.857306182384491,83.10869945737791,78.1725888324873,84.92910904953615,79.42845821380615,81.40971388830188,481.555860042572,3.0562710762023926,0.5,0.005,256,lr_0.005_hc_256
165,4.576857089996338,1.888493299484253,0.6053877472877502,1.2218061685562134,0.861169695854187,83.09119551899178,78.38263609312095,84.59653422019954,82.44491815567017,82.12882099699561,484.5236990451813,2.8305861949920654,0.5,0.005,256,lr_0.005_hc_256
166,4.527108192443848,1.9150623083114624,0.5891590118408203,1.1731833219528198,0.8497035503387451,83.63381760896202,78.4526518466655,85.27918781725889,81.10766410827637,82.11833034529069,487.5515778064728,2.897897958755493,0.5,0.005,256,lr_0.005_hc_256
167,4.589343547821045,1.9283860921859741,0.6152154207229614,1.1734769344329834,0.8722650408744812,83.16121127253632,78.89025030631892,84.92910904953615,80.18725514411926,81.79195644312767,490.5982940196991,2.912412405014038,0.5,0.005,256,lr_0.005_hc_256
168,4.631678581237793,1.9296672344207764,0.6199996471405029,1.203127145767212,0.8788847327232361,83.14370733415018,78.29511640119027,84.84158935760546,81.21020197868347,81.87265376790734,493.5398633480072,2.812035322189331,0.5,0.005,256,lr_0.005_hc_256
169,4.560105800628662,1.9100613594055176,0.6148722767829895,1.1777515411376953,0.857420802116394,83.3887624715561,78.62769123052686,85.01662874146683,79.86812591552734,81.72530208976929,496.47979831695557,2.8087542057037354,0.5,0.005,256,lr_0.005_hc_256
170,4.677901268005371,1.9746989011764526,0.6368030309677124,1.22882080078125,0.8375783562660217,82.61858918256608,78.03255732539822,85.7167862769123,78.83247137069702,81.3001010388934,499.357723236084,2.745000123977661,0.5,0.005,256,lr_0.005_hc_256
171,4.523419380187988,1.941570520401001,0.5646451711654663,1.1736785173416138,0.8435254693031311,84.21144757570454,77.96254157185368,85.27918781725889,81.7642331123352,82.30435251928807,502.27625942230225,2.786510944366455,0.5,0.005,256,lr_0.005_hc_256
172,4.5855536460876465,1.8544050455093384,0.6253712773323059,1.2349021434783936,0.8708750605583191,83.28373884123927,77.66497461928934,85.01662874146683,81.54568672180176,81.8777572309493,505.1617865562439,2.754301071166992,0.5,0.005,256,lr_0.005_hc_256
173,4.636630535125732,1.968005895614624,0.5559446215629578,1.245955467224121,0.86672443151474,84.73656572728864,77.68247855767547,85.22667600210048,79.98967170715332,81.90884799855446,508.19753527641296,2.9080042839050293,0.5,0.005,256,lr_0.005_hc_256
174,4.570682525634766,1.915791630744934,0.5839912295341492,1.214200496673584,0.8566993474960327,83.42377034832838,77.59495886574479,85.13915631016978,79.23885583877563,81.34918534075464,511.19521713256836,2.8655216693878174,0.5,0.005,256,lr_0.005_hc_256
175,4.520812034606934,1.8811726570129395,0.5871245861053467,1.214953899383545,0.8375610709190369,84.33397514440749,78.57517941536845,85.10414843339753,79.55064177513123,81.89098619207617,514.1862585544586,2.86692476272583,0.5,0.005,256,lr_0.005_hc_256
176,4.653172016143799,1.9504212141036987,0.5929045677185059,1.205837607383728,0.9040082693099976,83.42377034832838,78.1725888324873,84.98162086469455,79.49490547180176,81.518221379328,517.1231410503387,2.805319309234619,0.5,0.005,256,lr_0.005_hc_256
177,4.492369651794434,1.897312879562378,0.561730682849884,1.1684385538101196,0.8648874759674072,83.68632942412043,78.645195168913,85.1916681253282,79.52277660369873,81.7614923305151,520.1124835014343,2.8597841262817383,0.5,0.005,256,lr_0.005_hc_256
178,4.494165897369385,1.9194740056991577,0.5715879797935486,1.1515685319900513,0.851535439491272,84.3864869595659,78.80273061438824,85.01662874146683,80.99231719970703,82.299540878782,523.2030010223389,2.961329221725464,0.5,0.005,256,lr_0.005_hc_256
179,4.5362958908081055,1.911472201347351,0.5865517854690552,1.201166033744812,0.8371058702468872,83.82636093120952,78.26010852441799,85.38421144757571,80.34477233886719,81.9538633105176,526.1628701686859,2.831315755844116,0.5,0.005,256,lr_0.005_hc_256
180,4.581197261810303,1.9205554723739624,0.6021433472633362,1.1995929479599,0.8589051961898804,83.54629791703132,78.38263609312095,84.98162086469455,80.41346073150635,81.83100390158829,529.0698158740997,2.7766973972320557,0.5,0.005,256,lr_0.005_hc_256
181,4.557476997375488,1.934726595878601,0.6006633639335632,1.2100709676742554,0.8120160698890686,82.72361281288289,78.52266760021006,85.29669175564501,80.62655925750732,81.79238285656132,532.0091226100922,2.80769681930542,0.5,0.005,256,lr_0.005_hc_256
182,4.6248979568481445,2.0060997009277344,0.61735600233078,1.1980156898498535,0.8034262657165527,83.02117976544723,77.99754944862593,85.57675476982321,79.81479167938232,81.60256891581967,534.9715666770935,2.8329741954803467,0.5,0.005,256,lr_0.005_hc_256
183,4.483338832855225,1.920600175857544,0.5657013058662415,1.1906639337539673,0.8063734769821167,84.21144757570454,78.52266760021006,85.34920357080344,80.29820919036865,82.09538198427167,537.8976197242737,2.7929635047912598,0.5,0.005,256,lr_0.005_hc_256
184,4.5282135009765625,1.9717047214508057,0.5668588280677795,1.1941685676574707,0.7954815030097961,83.93138456152634,78.4526518466655,85.59425870820935,80.7906985282898,82.19224841117274,540.9195356369019,2.882002592086792,0.5,0.005,256,lr_0.005_hc_256
185,4.472087383270264,1.919885516166687,0.5697330236434937,1.203055739402771,0.7794130444526672,83.87887274636793,78.29511640119027,85.80430596884298,80.84735870361328,82.20641345500361,543.8134286403656,2.7658889293670654,0.5,0.005,256,lr_0.005_hc_256
186,4.569696426391602,1.9782073497772217,0.5668365359306335,1.176088571548462,0.8485637903213501,83.75634517766497,78.57517941536845,84.87659723437774,78.6114752292633,81.45489926416862,546.6789586544037,2.7369349002838135,0.5,0.005,256,lr_0.005_hc_256
187,4.43593168258667,1.8658106327056885,0.5956778526306152,1.1694129705429077,0.8050302267074585,82.89865219674427,78.94276212147733,85.75179415368459,80.63501119613647,82.05705491701066,549.5765624046326,2.764150381088257,0.5,0.005,256,lr_0.005_hc_256
188,4.413654327392578,1.8511650562286377,0.5718898773193359,1.1633678674697876,0.8272315263748169,83.73884123927884,78.9777699982496,85.40171538596184,80.09653687477112,82.05371587456536,552.5076050758362,2.8038620948791504,0.5,0.005,256,lr_0.005_hc_256
189,4.494332790374756,1.9552303552627563,0.5373439192771912,1.1503455638885498,0.8514131903648376,85.01662874146683,78.85524242954665,84.80658148083319,80.41113615036011,82.2723972005517,555.4152076244354,2.777649402618408,0.5,0.005,256,lr_0.005_hc_256
190,4.592545032501221,1.952135443687439,0.5723146796226501,1.2286103963851929,0.8394848704338074,84.17643969893226,78.20759670925959,85.9968492910905,80.32825589179993,82.17728539777056,558.2652323246002,2.715838670730591,0.5,0.005,256,lr_0.005_hc_256
191,4.439274787902832,1.8449223041534424,0.5662906169891357,1.238921880722046,0.7891401052474976,84.21144757570454,77.94503763346754,85.43672326273412,80.25538921356201,81.96214942136704,561.1536676883698,2.7542128562927246,0.5,0.005,256,lr_0.005_hc_256
192,4.531430244445801,1.8965225219726562,0.5718331336975098,1.217054843902588,0.846019983291626,84.24645545247681,78.19009277087345,85.17416418694206,81.25247359275818,82.21579650076262,564.0748808383942,2.787632942199707,0.5,0.005,256,lr_0.005_hc_256
193,4.474710464477539,1.8425085544586182,0.5643643140792847,1.2184367179870605,0.8494011163711548,84.01890425345702,78.15508489410117,84.71906178890251,81.08592629432678,81.99474430769688,566.9315648078918,2.7268800735473633,0.5,0.005,256,lr_0.005_hc_256
194,4.381636619567871,1.8197296857833862,0.554322361946106,1.1884835958480835,0.8191009163856506,84.54402240504113,78.41764396989322,85.45422720112025,80.56216835975647,82.24451548395277,569.9058141708374,2.846184492111206,0.5,0.005,256,lr_0.005_hc_256
195,4.433961868286133,1.804030179977417,0.5814028382301331,1.2039960622787476,0.8445329070091248,83.19621914930859,77.87502187992298,85.57675476982321,81.07448220252991,81.93061950039618,572.831689119339,2.79219126701355,0.5,0.005,256,lr_0.005_hc_256
196,4.395503997802734,1.8038506507873535,0.5719663500785828,1.1919692754745483,0.8277180194854736,84.0539121302293,78.15508489410117,85.5242429546648,79.69722151756287,81.85761537413954,575.7643218040466,2.80043625831604,0.5,0.005,256,lr_0.005_hc_256
197,4.435261249542236,1.8420647382736206,0.5539610385894775,1.1753040552139282,0.8639317750930786,83.86136880798179,78.01505338701207,85.06914055662524,82.0758581161499,82.25535521694225,578.7197325229645,2.822270631790161,0.5,0.005,256,lr_0.005_hc_256
198,4.466804027557373,1.9104496240615845,0.5366041660308838,1.1555168628692627,0.8642331957817078,84.26395939086294,78.7852266760021,85.40171538596184,80.6839108467102,82.28370307488426,581.6876182556152,2.840230941772461,0.5,0.005,256,lr_0.005_hc_256
199,4.43513298034668,1.9593522548675537,0.5507818460464478,1.162068486213684,0.7629305124282837,84.1939436373184,78.20759670925959,85.97934535270436,79.43939566612244,81.9550703413512,584.5675404071808,2.7501940727233887,0.5,0.005,256,lr_0.005_hc_256
200,4.457548141479492,1.9130319356918335,0.5466734766960144,1.1807173490524292,0.817125141620636,84.07141606861543,78.73271486084369,85.57675476982321,80.11001348495483,82.1227247960593,587.4937751293182,2.7943994998931885,0.5,0.005,256,lr_0.005_hc_256
201,4.524302959442139,1.990149974822998,0.577630341053009,1.1749531030654907,0.7815694808959961,83.87887274636793,78.38263609312095,85.9968492910905,79.92044687271118,82.04470125082264,590.5033710002899,2.868574619293213,0.5,0.005,256,lr_0.005_hc_256
202,4.488055229187012,1.9368319511413574,0.589255154132843,1.175894021987915,0.786074161529541,84.0539121302293,78.89025030631892,85.9968492910905,80.2893877029419,82.30759985764516,593.3998680114746,2.7666425704956055,0.5,0.005,256,lr_0.005_hc_256
203,4.42347526550293,1.9301663637161255,0.5792156457901001,1.1692333221435547,0.7448601126670837,83.94888849991247,78.89025030631892,86.97706984071417,79.98762130737305,82.45095748857965,596.4251942634583,2.892390727996826,0.5,0.005,256,lr_0.005_hc_256
204,4.387247085571289,1.8509881496429443,0.6022391319274902,1.1870020627975464,0.7470180988311768,83.56380185541748,78.03255732539822,86.64449501137756,81.05628490447998,82.3242847741683,599.3716857433319,2.8104114532470703,0.5,0.005,256,lr_0.005_hc_256
205,4.464519023895264,1.9388149976730347,0.5656277537345886,1.188780665397644,0.771295428276062,84.36898302117977,78.48765972343777,86.24190442849641,79.81104850769043,82.2273989202011,602.3031477928162,2.799790143966675,0.5,0.005,256,lr_0.005_hc_256
206,4.421842575073242,1.8589621782302856,0.5827714800834656,1.1768327951431274,0.8032761812210083,83.8088569928234,78.13758095571504,85.94433747593209,79.92407083511353,81.95371156489601,605.2072150707245,2.7739367485046387,0.5,0.005,256,lr_0.005_hc_256
207,4.472450256347656,1.87722909450531,0.5633726119995117,1.197602391242981,0.8342461585998535,84.66654997374408,78.01505338701207,85.94433747593209,79.49984669685364,82.03144688338547,608.0993030071259,2.759737491607666,0.5,0.005,256,lr_0.005_hc_256
208,4.444478988647461,1.8897716999053955,0.5283898115158081,1.215366005897522,0.8109519481658936,84.9466129879223,78.3126203395764,85.68177840014003,80.5620789527893,82.37577267010701,610.9735622406006,2.7425804138183594,0.5,0.005,256,lr_0.005_hc_256
209,4.418661117553711,1.8584843873977661,0.5422911047935486,1.192478895187378,0.8254067897796631,84.66654997374408,78.76772273761597,85.08664449501137,79.37387228012085,81.97369737162308,613.8135316371918,2.710221529006958,0.5,0.005,256,lr_0.005_hc_256
210,4.386917591094971,1.898012399673462,0.5103557705879211,1.1479367017745972,0.8306127190589905,84.70155785051637,78.94276212147733,85.97934535270436,81.0655951499939,82.67231511867298,616.675130367279,2.729945659637451,0.5,0.005,256,lr_0.005_hc_256
211,4.44932746887207,1.9191793203353882,0.5724568963050842,1.1876188516616821,0.7700726985931396,83.96639243829863,78.41764396989322,86.62699107299142,80.79988956451416,82.45272926142435,619.5893919467926,2.7856996059417725,0.5,0.005,256,lr_0.005_hc_256
212,4.402097225189209,1.915605902671814,0.5277538299560547,1.16248619556427,0.7962514162063599,84.70155785051637,78.54017153859618,86.17188867495187,81.03025555610657,82.61096840504274,622.5213959217072,2.80009388923645,0.5,0.005,256,lr_0.005_hc_256
213,4.361120700836182,1.8841274976730347,0.5615298748016357,1.1444345712661743,0.7710288166999817,83.61631367057588,78.96026605986347,85.94433747593209,80.41810989379883,82.23475677504257,625.4373240470886,2.783499240875244,0.5,0.005,256,lr_0.005_hc_256
214,4.403562068939209,1.9456813335418701,0.5476620197296143,1.1373026371002197,0.7729159593582153,84.0014003150709,79.2578330124278,85.59425870820935,79.3980598449707,82.06288797016968,628.3309342861176,2.758962869644165,0.5,0.005,256,lr_0.005_hc_256
215,4.3491530418396,1.8891873359680176,0.5376226902008057,1.142317295074463,0.7800256013870239,84.35147908279362,78.71521092245756,86.36443199719936,80.80815076828003,82.55981819268264,631.2333624362946,2.7692530155181885,0.5,0.005,256,lr_0.005_hc_256
216,4.443866729736328,1.940982460975647,0.5503493547439575,1.1478440761566162,0.8046908378601074,84.0014003150709,79.13530544372483,86.06686504463504,81.58574104309082,82.69732796163039,634.1199827194214,2.758493185043335,0.5,0.005,256,lr_0.005_hc_256
217,4.365858554840088,1.9007940292358398,0.5369294881820679,1.1473373174667358,0.7807973623275757,84.28146332924908,79.15280938211097,86.39943987397164,79.78864908218384,82.40559041687888,637.037250995636,2.7899584770202637,0.5,0.005,256,lr_0.005_hc_256
218,4.375706672668457,1.9302849769592285,0.5396916270256042,1.167036771774292,0.7386934161186218,84.3864869595659,78.7852266760021,86.39943987397164,81.59372210502625,82.79121890364148,640.0196561813354,2.846043348312378,0.5,0.005,256,lr_0.005_hc_256
219,4.331838607788086,1.8540295362472534,0.5353236794471741,1.17351233959198,0.768972635269165,84.01890425345702,78.5051636618239,85.82180990722912,78.60802412033081,81.73847548571021,642.981116771698,2.8239212036132812,0.5,0.005,256,lr_0.005_hc_256
220,4.450798511505127,1.9324805736541748,0.5647993087768555,1.2147482633590698,0.7387703061103821,84.54402240504113,77.57745492735866,86.97706984071417,80.62488436698914,82.43085788502577,645.9259071350098,2.813552141189575,0.5,0.005,256,lr_0.005_hc_256
221,4.374333381652832,1.882387638092041,0.5269935727119446,1.2011010646820068,0.7638512849807739,84.5790302818134,78.33012427796254,86.92455802555575,80.00900149345398,82.46067851969642,648.8698017597198,2.812335968017578,0.5,0.005,256,lr_0.005_hc_256
222,4.395826816558838,1.8660612106323242,0.5511558055877686,1.1908018589019775,0.7878079414367676,84.29896726763522,79.10029756695256,86.45195168913006,79.96702194213867,82.45455961646412,651.8014581203461,2.799926280975342,0.5,0.005,256,lr_0.005_hc_256
223,4.37939977645874,1.8517776727676392,0.5597780346870422,1.1768414974212646,0.791002631187439,84.40399089795204,78.82023455277437,86.25940836688255,82.17977285385132,82.91585166786507,654.6936507225037,2.7615139484405518,0.5,0.005,256,lr_0.005_hc_256
224,4.465120315551758,1.9647647142410278,0.5424863696098328,1.170310616493225,0.7875587940216064,84.68405391213022,78.90775424470506,86.11937685979345,80.34470081329346,82.51397145748055,657.6710381507874,2.84336256980896,0.5,0.005,256,lr_0.005_hc_256
225,4.470154762268066,1.9577264785766602,0.5270244479179382,1.1591919660568237,0.8262120485305786,84.89410117276387,78.5926833537546,85.40171538596184,79.69862222671509,82.14678053479885,660.638929605484,2.8318052291870117,0.5,0.005,256,lr_0.005_hc_256
226,4.428808689117432,1.9566079378128052,0.5375335812568665,1.1607089042663574,0.7739580273628235,84.21144757570454,78.645195168913,86.48695956590234,80.03502488136292,82.3446567979707,663.5272088050842,2.755878210067749,0.5,0.005,256,lr_0.005_hc_256
227,4.307126045227051,1.8821967840194702,0.5233399271965027,1.1556330919265747,0.7459566593170166,84.92910904953615,78.03255732539822,86.15438473656573,80.64115643501282,82.43930188662823,666.5694348812103,2.9141945838928223,0.5,0.005,256,lr_0.005_hc_256
228,4.350656032562256,1.874534010887146,0.5486760139465332,1.1534385681152344,0.7740074396133423,84.3864869595659,78.48765972343777,86.29441624365482,79.24991846084595,82.10462034687612,669.6416072845459,2.931934118270874,0.5,0.005,256,lr_0.005_hc_256
229,4.414519309997559,1.8902878761291504,0.530683159828186,1.169956922531128,0.8235916495323181,85.01662874146683,78.87274636793279,85.76929809207071,80.0609827041626,82.42991397640823,672.6084115505219,2.839069128036499,0.5,0.005,256,lr_0.005_hc_256
230,4.328696250915527,1.8779752254486084,0.5243781805038452,1.1376328468322754,0.7887100577354431,85.01662874146683,79.24032907404165,85.97934535270436,79.86142635345459,82.52443238041685,675.4862728118896,2.7426905632019043,0.5,0.005,256,lr_0.005_hc_256
231,4.353226184844971,2.006885528564453,0.5342851877212524,1.0909430980682373,0.7211123704910278,84.8590932959916,79.5904078417644,87.25713285489235,79.97546792030334,82.92052547823792,678.4352262020111,2.819828510284424,0.5,0.005,256,lr_0.005_hc_256
232,4.359330177307129,1.8462727069854736,0.5410577058792114,1.1590955257415771,0.8129042983055115,84.54402240504113,79.13530544372483,86.08436898302118,80.94336986541748,82.67676667430115,681.3781609535217,2.813814401626587,0.5,0.005,256,lr_0.005_hc_256
233,4.3074541091918945,1.9455777406692505,0.5279204845428467,1.137170433998108,0.6967852115631104,84.84158935760546,79.32784876597235,87.20462103973394,80.6049108505249,82.99474250345916,684.3484573364258,2.8291423320770264,0.5,0.005,256,lr_0.005_hc_256
234,4.357377052307129,1.935837984085083,0.5445695519447327,1.1274688243865967,0.7495005130767822,84.24645545247681,79.29284088920006,86.74951864169438,80.95491528511047,82.81093256712043,687.3029680252075,2.82464337348938,0.5,0.005,256,lr_0.005_hc_256
235,4.341552257537842,1.9486699104309082,0.556139349937439,1.169182538986206,0.6675602197647095,83.77384911605111,78.73271486084369,87.88727463679328,79.80309128761292,82.54923247532525,690.2612195014954,2.828015089035034,0.5,0.005,256,lr_0.005_hc_256
236,4.274076461791992,1.8824717998504639,0.5387165546417236,1.1008869409561157,0.7520014047622681,84.22895151409067,79.66042359530896,86.189392613338,80.81856966018677,82.7243343457311,693.1733438968658,2.782196044921875,0.5,0.005,256,lr_0.005_hc_256
237,4.266827583312988,1.8443275690078735,0.545940637588501,1.1285796165466309,0.7479795217514038,83.9138806231402,79.43287239628917,85.87432172238753,79.636549949646,82.21440617286572,696.1093466281891,2.8024704456329346,0.5,0.005,256,lr_0.005_hc_256
238,4.3134541511535645,1.8417073488235474,0.5370884537696838,1.180949330329895,0.7537086606025696,83.5287939786452,78.4526518466655,86.53947138106074,82.28110671043396,82.70050597920134,699.0632703304291,2.822892427444458,0.5,0.005,256,lr_0.005_hc_256
239,4.390312194824219,1.957958698272705,0.523149847984314,1.1641868352890015,0.7450165152549744,84.70155785051637,78.66269910729913,86.67950288814983,80.18084168434143,82.55615038257669,701.9738399982452,2.780653953552246,0.5,0.005,256,lr_0.005_hc_256
240,4.359454154968262,1.9201380014419556,0.5138536691665649,1.1620694398880005,0.7633931636810303,84.98162086469455,78.26010852441799,86.43444775074391,80.96316456794739,82.65983542695096,704.8770365715027,2.77413272857666,0.5,0.005,256,lr_0.005_hc_256
241,4.332380771636963,1.864285945892334,0.546636700630188,1.1316707134246826,0.7897874712944031,83.87887274636793,79.55539996499212,85.68177840014003,81.12683296203613,82.56072101838406,707.7870943546295,2.77069354057312,0.5,0.005,256,lr_0.005_hc_256
242,4.375293731689453,1.927502155303955,0.507230818271637,1.1697580814361572,0.7708027958869934,85.01662874146683,78.90775424470506,86.22440049011027,79.69826459884644,82.46176201878215,710.6992256641388,2.7768681049346924,0.5,0.005,256,lr_0.005_hc_256
243,4.345191955566406,1.8744193315505981,0.519612729549408,1.1378134489059448,0.8133465051651001,85.2441799404866,79.69543147208121,85.64677052336775,80.47574162483215,82.76553089019193,713.644232749939,2.8141281604766846,0.5,0.005,256,lr_0.005_hc_256
244,4.416785717010498,1.932115912437439,0.540868878364563,1.1403166055679321,0.8034844398498535,84.68405391213022,79.38036058113074,86.08436898302118,81.33491277694702,82.8709240633073,716.578822851181,2.7998251914978027,0.5,0.005,256,lr_0.005_hc_256
245,4.333902359008789,1.9101381301879883,0.525235652923584,1.1282382011413574,0.7702903747558594,84.4740066514966,79.24032907404165,86.22440049011027,81.17663860321045,82.77884370471475,719.4791948795319,2.7701175212860107,0.5,0.005,256,lr_0.005_hc_256
246,4.395418643951416,2.004192590713501,0.5371307730674744,1.1367312669754028,0.7173639535903931,84.0014003150709,79.4503763346753,86.81953439523893,79.55304980278015,82.45609021194132,722.4205877780914,2.811471700668335,0.5,0.005,256,lr_0.005_hc_256
247,4.306900978088379,1.8770114183425903,0.5356921553611755,1.1381347179412842,0.7560628056526184,84.4740066514966,79.13530544372483,86.50446350428847,80.0456166267395,82.53984805656235,725.3252849578857,2.762162923812866,0.5,0.005,256,lr_0.005_hc_256
248,4.387265205383301,1.9500571489334106,0.536513090133667,1.1710851192474365,0.7296096086502075,84.31647120602136,78.43514790827936,86.41694381235779,81.34113550186157,82.62742460713002,728.3305642604828,2.873596429824829,0.5,0.005,256,lr_0.005_hc_256
249,4.317885398864746,1.9017518758773804,0.5208501815795898,1.1716363430023193,0.7236468195915222,84.49151058988272,78.69770698407142,86.62699107299142,79.86488342285156,82.42027301744928,731.4494071006775,2.982283115386963,0.5,0.005,256,lr_0.005_hc_256
250,4.320108413696289,1.9188767671585083,0.5475105047225952,1.1550066471099854,0.6987147331237793,84.1939436373184,78.80273061438824,87.1346052861894,80.8542549610138,82.74638362472746,734.1468451023102,2.561755657196045,0.5,0.005,256,lr_0.005_hc_256
251,4.377023696899414,1.9180721044540405,0.5341476202011108,1.157099723815918,0.7677041292190552,84.78907754244706,78.85524242954665,86.03185716786277,81.02870583534241,82.67622074379972,736.8667504787445,2.591705322265625,0.5,0.005,256,lr_0.005_hc_256
252,4.346407413482666,1.947278618812561,0.497466117143631,1.139594554901123,0.762067973613739,85.80430596884298,79.29284088920006,86.08436898302118,81.76788091659546,83.23734918941493,739.6769325733185,2.667541980743408,0.5,0.005,256,lr_0.005_hc_256
253,4.309022426605225,1.9017623662948608,0.5323824882507324,1.112122654914856,0.7627547383308411,84.8590932959916,79.7829511640119,86.25940836688255,81.96425437927246,83.21642680153963,742.4006929397583,2.594907522201538,0.5,0.005,256,lr_0.005_hc_256
254,4.406592845916748,1.981588363647461,0.513819694519043,1.144315481185913,0.7668694853782654,85.08664449501137,79.55539996499212,86.90705408716961,79.49017286300659,82.75981785254493,745.0911679267883,2.56394624710083,0.5,0.005,256,lr_0.005_hc_256
255,4.250096797943115,1.853735327720642,0.5224413871765137,1.1236540079116821,0.7502660155296326,84.43899877472431,79.3103448275862,86.92455802555575,80.27191162109375,82.73645331224002,747.7820491790771,2.5651309490203857,0.5,0.005,256,lr_0.005_hc_256
256,4.331966876983643,1.9098896980285645,0.5191561579704285,1.133425235748291,0.7694957256317139,84.75406966567478,79.55539996499212,86.25940836688255,80.97126483917236,82.88503570918046,750.4860334396362,2.5778608322143555,0.5,0.005,256,lr_0.005_hc_256
257,4.191922664642334,1.8393360376358032,0.5124615430831909,1.177870750427246,0.6622543931007385,84.73656572728864,79.01277787502188,87.57220374584281,80.7460606098175,83.01690198949271,753.1596126556396,2.535046339035034,0.5,0.005,256,lr_0.005_hc_256
258,4.340001583099365,1.8952515125274658,0.5390182137489319,1.194738745689392,0.7109934687614441,84.4740066514966,78.7852266760021,87.81725888324873,80.2952527999878,82.84293625268381,755.834725856781,2.533499002456665,0.5,0.005,256,lr_0.005_hc_256
259,4.315885066986084,1.8970977067947388,0.5279437899589539,1.1629183292388916,0.7279251217842102,85.08664449501137,78.41764396989322,86.3819359355855,80.46503067016602,82.58781376766403,758.8040192127228,2.831125020980835,0.5,0.005,256,lr_0.005_hc_256
260,4.2659406661987305,1.8414356708526611,0.5298978686332703,1.155175805091858,0.7394315004348755,85.03413267985297,78.85524242954665,86.6619989497637,80.96036314964294,82.87793430220157,761.7256577014923,2.791170358657837,0.5,0.005,256,lr_0.005_hc_256
261,4.250910758972168,1.8515307903289795,0.49689823389053345,1.1398594379425049,0.7626224160194397,85.22667600210048,79.27533695081394,86.34692805881323,80.8028519153595,82.91294823177178,764.6737990379333,2.8108773231506348,0.5,0.005,256,lr_0.005_hc_256
262,4.312632083892822,1.9528374671936035,0.49870455265045166,1.100212574005127,0.7608774900436401,85.27918781725889,79.60791178015053,86.64449501137756,81.97208046913147,83.37591876947961,767.58766746521,2.78511643409729,0.5,0.005,256,lr_0.005_hc_256
263,4.314833641052246,1.8852304220199585,0.5074305534362793,1.1333794593811035,0.7887929677963257,85.10414843339753,79.03028181340802,86.24190442849641,80.07361888885498,82.61248839103924,770.4558255672455,2.7343108654022217,0.5,0.005,256,lr_0.005_hc_256
264,4.253261566162109,1.8555203676223755,0.4898732900619507,1.1254202127456665,0.7824477553367615,85.50673901627867,79.4503763346753,86.24190442849641,81.6586971282959,83.21442922693657,773.3669521808624,2.78304123878479,0.5,0.005,256,lr_0.005_hc_256
265,4.245014190673828,1.8644993305206299,0.501711905002594,1.1560627222061157,0.7227403521537781,85.38421144757571,79.03028181340802,86.76702258008052,80.10501265525818,82.82163212408061,776.2508068084717,2.748185157775879,0.5,0.005,256,lr_0.005_hc_256
266,4.315347671508789,1.9137135744094849,0.5075520873069763,1.130814552307129,0.7632676362991333,85.12165237178365,79.69543147208121,86.6619989497637,80.14041185379028,82.90487366185471,779.1685700416565,2.790595054626465,0.5,0.005,256,lr_0.005_hc_256
267,4.271807670593262,1.9181982278823853,0.4960686266422272,1.1386184692382812,0.71892249584198,84.68405391213022,79.7304393488535,87.27463679327849,80.49366474151611,83.04569869894458,781.9900279045105,2.689756393432617,0.5,0.005,256,lr_0.005_hc_256
268,4.236027717590332,1.908017635345459,0.5353095531463623,1.129661202430725,0.6630393862724304,84.61403815858569,79.3103448275862,87.852266760021,80.75973987579346,83.13409740549659,784.833811044693,2.708054542541504,0.5,0.005,256,lr_0.005_hc_256
269,4.256910800933838,1.8667092323303223,0.5216375589370728,1.1389178037643433,0.7296460270881653,85.1916681253282,79.24032907404165,87.11710134780326,80.65231442451477,83.05035324292199,787.7724924087524,2.804823875427246,0.5,0.005,256,lr_0.005_hc_256
270,4.278383255004883,1.8800989389419556,0.5285215377807617,1.1429191827774048,0.7268438935279846,85.08664449501137,79.15280938211097,86.69700682653597,79.66116666793823,82.64940684289914,790.6457858085632,2.743027448654175,0.5,0.005,256,lr_0.005_hc_256
271,4.181056499481201,1.8310596942901611,0.5546405911445618,1.118301272392273,0.6770548820495605,84.1064239453877,79.2578330124278,87.67722737615964,80.33856749534607,82.8450129573303,793.5753495693207,2.7939324378967285,0.5,0.005,256,lr_0.005_hc_256
272,4.263158321380615,1.9249560832977295,0.5288290977478027,1.0990110635757446,0.7103620171546936,85.12165237178365,79.55539996499212,87.15210922457553,81.12422227859497,83.23834595998656,796.5219442844391,2.810434103012085,0.5,0.005,256,lr_0.005_hc_256
273,4.31423282623291,1.9393649101257324,0.5507394671440125,1.088222622871399,0.7359055876731873,84.31647120602136,79.32784876597235,86.62699107299142,80.15642166137695,82.60693317659052,799.4524414539337,2.800656318664551,0.5,0.005,256,lr_0.005_hc_256
274,4.294235706329346,1.9810795783996582,0.5107185244560242,1.115546464920044,0.6868911981582642,85.3316996324173,78.82023455277437,87.30964467005076,80.45705556869507,82.97965860598437,802.3639740943909,2.7819314002990723,0.5,0.005,256,lr_0.005_hc_256
275,4.350502967834473,1.978373408317566,0.5035010576248169,1.1482471227645874,0.7203812599182129,85.85681778400141,79.4503763346753,86.99457377910029,79.72918152809143,83.0077373564671,805.237979888916,2.7386422157287598,0.5,0.005,256,lr_0.005_hc_256
276,4.2025604248046875,1.8458460569381714,0.47581246495246887,1.134985327720642,0.745916485786438,85.64677052336775,79.29284088920006,86.95956590232802,81.00154399871826,83.22518032840352,808.3122510910034,2.9424147605895996,0.5,0.005,256,lr_0.005_hc_256
277,4.2009758949279785,1.8513225317001343,0.4629509150981903,1.09336519241333,0.7933372855186462,86.3294241204271,79.57290390337826,86.45195168913006,81.40897750854492,83.44081430537008,811.19939494133,2.7584214210510254,0.5,0.005,256,lr_0.005_hc_256
278,4.37640905380249,1.9840302467346191,0.47926267981529236,1.1275134086608887,0.7856029868125916,86.25940836688255,79.57290390337826,85.92683353754595,80.6066632270813,83.09145225872201,814.0719318389893,2.739534616470337,0.5,0.005,256,lr_0.005_hc_256
279,4.295156955718994,1.9035359621047974,0.5067066550254822,1.1296474933624268,0.7552667260169983,85.48923507789252,79.22282513565553,86.87204621039733,80.96318244934082,83.13682221832156,817.0401647090912,2.8365726470947266,0.5,0.005,256,lr_0.005_hc_256
280,4.373538970947266,1.9252249002456665,0.5464183688163757,1.1206711530685425,0.7812246084213257,84.99912480308069,79.81795904078417,86.57447925783302,80.67508935928345,83.01666311524534,819.9696614742279,2.8000762462615967,0.5,0.005,256,lr_0.005_hc_256
281,4.258011341094971,1.8397557735443115,0.5466243028640747,1.1359970569610596,0.7356339693069458,84.91160511115001,79.10029756695256,87.36215648520917,81.90896511077881,83.32075606852264,822.8511407375336,2.743643283843994,0.5,0.005,256,lr_0.005_hc_256
282,4.300180912017822,1.9014694690704346,0.5411849021911621,1.1212785243988037,0.7362479567527771,85.06914055662524,79.57290390337826,87.44967617713985,80.71791529655457,83.20240898342448,825.7835404872894,2.8000495433807373,0.5,0.005,256,lr_0.005_hc_256
283,4.190577507019043,1.8570058345794678,0.48774707317352295,1.1125872135162354,0.7332372665405273,85.29669175564501,79.24032907404165,86.8545422720112,80.35463094711304,82.93654851220272,828.6921935081482,2.777463674545288,0.5,0.005,256,lr_0.005_hc_256
284,4.21710205078125,1.8693879842758179,0.508554995059967,1.0981193780899048,0.7410398125648499,85.66427446175389,79.81795904078417,86.71451076492211,81.69761896133423,83.4735908071986,831.6723573207855,2.844515800476074,0.5,0.005,256,lr_0.005_hc_256
285,4.253647804260254,1.917771816253662,0.5148789882659912,1.1125072240829468,0.7084896564483643,85.40171538596184,79.97549448625941,87.3271486084369,81.66891932487488,83.59331945138327,834.5778353214264,2.7754313945770264,0.5,0.005,256,lr_0.005_hc_256
286,4.272164821624756,1.9539823532104492,0.496038019657135,1.1368218660354614,0.6853229403495789,85.12165237178365,78.99527393663574,87.22212497812008,80.4655909538269,82.9511605600916,837.423830986023,2.7129340171813965,0.5,0.005,256,lr_0.005_hc_256
287,4.278323173522949,1.930849313735962,0.5427840352058411,1.128426432609558,0.6762635707855225,84.71906178890251,79.4503763346753,87.60721162261508,81.29809498786926,83.26868618351554,840.3676743507385,2.8105199337005615,0.5,0.005,256,lr_0.005_hc_256
288,4.208343982696533,1.8655471801757812,0.5045883655548096,1.1684978008270264,0.6697104573249817,85.5242429546648,78.68020304568529,87.88727463679328,81.09074234962463,83.295615746692,843.275698184967,2.7730698585510254,0.5,0.005,256,lr_0.005_hc_256
289,4.320222854614258,1.9477139711380005,0.5205716490745544,1.133683204650879,0.7182541489601135,85.06914055662524,79.04778575179415,87.6597234377735,80.09181022644043,82.96711499315833,846.2125134468079,2.804675817489624,0.5,0.005,256,lr_0.005_hc_256
290,4.252766132354736,1.9125112295150757,0.5141045451164246,1.105459451675415,0.7206910848617554,84.9466129879223,79.27533695081394,87.25713285489235,78.39212417602539,82.4678017424135,849.1295921802521,2.7840633392333984,0.5,0.005,256,lr_0.005_hc_256
291,4.254853248596191,1.9077614545822144,0.513343870639801,1.1159411668777466,0.7178069353103638,84.68405391213022,79.08279362856644,86.6619989497637,79.78412508964539,82.55324289502643,852.048152923584,2.786485433578491,0.5,0.005,256,lr_0.005_hc_256
292,4.148618698120117,1.8265122175216675,0.487246572971344,1.1371256113052368,0.6977342367172241,85.83931384561527,79.03028181340802,87.5196919306844,81.02256655693054,83.35296353665956,855.0457851886749,2.86626935005188,0.5,0.005,256,lr_0.005_hc_256
293,4.2919535636901855,1.8821605443954468,0.53770911693573,1.1635499000549316,0.7085340023040771,84.96411692630842,78.76772273761597,87.1871171013478,81.32634162902832,83.06132459857513,857.9779191017151,2.7986996173858643,0.5,0.005,256,lr_0.005_hc_256
294,4.168350696563721,1.865765929222107,0.49770158529281616,1.0971345901489258,0.707748532295227,85.2441799404866,79.0652896901803,87.15210922457553,80.0511121749878,82.87817275755755,860.9076521396637,2.7931041717529297,0.5,0.005,256,lr_0.005_hc_256
295,4.228349685668945,1.950294852256775,0.5159880518913269,1.0762757062911987,0.6857912540435791,84.99912480308069,80.22054962366532,87.67722737615964,79.59926128387451,83.12404077169504,863.8075883388519,2.770075559616089,0.5,0.005,256,lr_0.005_hc_256
296,4.258805274963379,1.8724151849746704,0.48863184452056885,1.1480787992477417,0.7496795058250427,85.43672326273412,79.43287239628917,87.1871171013478,81.35255575180054,83.35231712804291,866.7137658596039,2.7746477127075195,0.5,0.005,256,lr_0.005_hc_256
297,4.314310073852539,1.8897665739059448,0.5245598554611206,1.1590383052825928,0.7409451603889465,85.15666024855592,78.76772273761597,86.67950288814983,80.62713146209717,82.80775433410471,869.8153221607208,2.96795392036438,0.5,0.005,256,lr_0.005_hc_256
298,4.156429290771484,1.8341060876846313,0.4863434433937073,1.1110353469848633,0.7249443531036377,85.76929809207071,79.34535270435849,86.55697531944688,81.11631870269775,83.19698620464345,872.5133988857269,2.5699667930603027,0.5,0.005,256,lr_0.005_hc_256
299,4.197905540466309,1.8438864946365356,0.49961522221565247,1.112123727798462,0.7422801852226257,85.5242429546648,79.24032907404165,86.64449501137756,82.48554468154907,83.47365293040826,875.2263967990875,2.587225914001465,0.5,0.005,256,lr_0.005_hc_256
300,4.206360816955566,1.9414620399475098,0.48147615790367126,1.1063451766967773,0.6770777702331543,85.1916681253282,79.87047085594259,87.62471556100122,79.66766357421875,83.0886295291227,878.0561308860779,2.7105488777160645,0.5,0.005,256,lr_0.005_hc_256
301,4.212286949157715,1.8739198446273804,0.4959239661693573,1.1189979314804077,0.723445475101471,85.2441799404866,79.6429196569228,86.74951864169438,81.09126091003418,83.18196978728449,880.8347418308258,2.6410810947418213,0.5,0.005,256,lr_0.005_hc_256
302,4.050080299377441,1.8054875135421753,0.48416876792907715,1.0664016008377075,0.6940228939056396,85.55925083143707,79.66042359530896,86.94206196394188,81.75673484802246,83.47961780967759,883.7385098934174,2.7777178287506104,0.5,0.005,256,lr_0.005_hc_256
303,4.2516374588012695,1.9513767957687378,0.48760148882865906,1.0890525579452515,0.7236068248748779,85.73429021529844,80.23805356205146,86.99457377910029,79.74229454994202,83.17730302659805,886.5893132686615,2.7154014110565186,0.5,0.005,256,lr_0.005_hc_256
304,4.198306560516357,1.9315165281295776,0.5018502473831177,1.0968564748764038,0.668083131313324,84.9466129879223,79.71293541046735,87.25713285489235,80.03864288330078,82.98883103414569,889.5060214996338,2.7846627235412598,0.5,0.005,256,lr_0.005_hc_256
305,4.2836761474609375,1.9614897966384888,0.5154387354850769,1.1228793859481812,0.6838686466217041,84.73656572728864,79.67792753369508,87.27463679327849,81.12105131149292,83.20254534143878,892.3692510128021,2.7306835651397705,0.5,0.005,256,lr_0.005_hc_256
306,4.2584052085876465,1.8674012422561646,0.5122234225273132,1.1255141496658325,0.7532661557197571,85.36670750918957,79.04778575179415,86.59198319621915,82.29382038116455,83.32507420959186,895.2874207496643,2.789928674697876,0.5,0.005,256,lr_0.005_hc_256
307,4.243119239807129,1.8861186504364014,0.5243796110153198,1.115333080291748,0.7172878980636597,85.22667600210048,79.52039208821985,87.27463679327849,80.61506152153015,83.15919160128225,898.2024683952332,2.78376841545105,0.5,0.005,256,lr_0.005_hc_256
308,4.169978141784668,1.8283237218856812,0.49350014328956604,1.113309621810913,0.7348446846008301,85.45422720112025,79.39786451951689,87.02958165587256,80.90759515762329,83.19731713353325,901.4134578704834,3.0792839527130127,0.5,0.005,256,lr_0.005_hc_256
309,4.175144195556641,1.907680630683899,0.46695011854171753,1.0943523645401,0.7061607837677002,85.83931384561527,79.4503763346753,86.6619989497637,81.8245530128479,83.44406053572554,904.4215779304504,2.878265857696533,0.5,0.005,256,lr_0.005_hc_256
310,4.0879435539245605,1.8047057390213013,0.5112975835800171,1.087594985961914,0.6843451261520386,85.57675476982321,79.53789602660598,87.06458953264485,81.16854429244995,83.336946155381,907.3553783893585,2.7992916107177734,0.5,0.005,256,lr_0.005_hc_256
311,4.184707164764404,1.8467912673950195,0.5313560366630554,1.0983632802963257,0.7081965208053589,84.99912480308069,79.24032907404165,86.81953439523893,82.00103640556335,83.26500616948115,910.2391514778137,2.750326156616211,0.5,0.005,256,lr_0.005_hc_256
312,4.163943290710449,1.8360563516616821,0.4830035865306854,1.130796194076538,0.714087188243866,85.68177840014003,78.96026605986347,87.36215648520917,81.06948137283325,83.26842057951148,913.2153525352478,2.840456247329712,0.5,0.005,256,lr_0.005_hc_256
313,4.202914237976074,1.8566622734069824,0.5290589928627014,1.1257728338241577,0.6914198994636536,85.03413267985297,79.22282513565553,87.46718011552599,81.14021420478821,83.21608803395569,916.2129514217377,2.869765281677246,0.5,0.005,256,lr_0.005_hc_256
314,4.1411919593811035,1.8074182271957397,0.5447189211845398,1.1166236400604248,0.6724310517311096,84.36898302117977,79.04778575179415,87.74724312970419,81.29931092262268,83.1158307063252,919.6454138755798,3.284111738204956,0.5,0.005,256,lr_0.005_hc_256
315,4.211761951446533,1.9268243312835693,0.47858405113220215,1.0986673831939697,0.707686185836792,85.43672326273412,79.7829511640119,87.11710134780326,79.4364333152771,82.94330227245659,922.7814104557037,2.993170738220215,0.5,0.005,256,lr_0.005_hc_256
316,4.174583435058594,1.9190967082977295,0.4852816164493561,1.1093857288360596,0.660819411277771,85.78680203045685,80.13302993173464,87.9922982671101,80.3887128829956,83.57521077807431,925.7485225200653,2.831934690475464,0.5,0.005,256,lr_0.005_hc_256
317,4.188275337219238,1.8327572345733643,0.5128623843193054,1.1162978410720825,0.7263578772544861,85.43672326273412,79.90547873271487,87.5196919306844,81.70757293701172,83.64236671578628,928.7557344436646,2.876770496368408,0.5,0.005,256,lr_0.005_hc_256
318,4.1735992431640625,1.9131296873092651,0.513181746006012,1.0875377655029297,0.6597501039505005,84.64904603535796,80.16803780850691,87.44967617713985,81.90170526504517,83.54211632151247,931.6450119018555,2.759505271911621,0.5,0.005,256,lr_0.005_hc_256
319,4.211467742919922,1.9176452159881592,0.5006941556930542,1.1149171590805054,0.6782114505767822,85.2441799404866,79.48538421144758,87.69473131454578,80.78091144561768,83.30130172802441,934.6114308834076,2.826350450515747,0.5,0.005,256,lr_0.005_hc_256
320,4.202458381652832,1.8636713027954102,0.505668044090271,1.116376280784607,0.7167423367500305,85.47173113950639,79.76544722562576,87.09959740941711,81.84723854064941,83.54600357879967,937.5713877677917,2.822258472442627,0.5,0.005,256,lr_0.005_hc_256
321,4.198557376861572,1.9229801893234253,0.5110584497451782,1.1033686399459839,0.6611499786376953,85.15666024855592,80.13302993173464,87.92228251356555,81.57094717025757,83.69572996602844,940.4852533340454,2.7763636112213135,0.5,0.005,256,lr_0.005_hc_256
322,4.247950553894043,1.9626325368881226,0.4712807834148407,1.1105475425720215,0.7034900188446045,85.68177840014003,79.74794328723964,87.72973919131805,80.42293787002563,83.39559968718083,943.3920292854309,2.768435478210449,0.5,0.005,256,lr_0.005_hc_256
323,4.163849353790283,1.9102544784545898,0.47866541147232056,1.1119002103805542,0.663029134273529,85.2441799404866,79.17031332049712,88.35988097321898,81.28398060798645,83.51458871054729,946.3671488761902,2.8377768993377686,0.5,0.005,256,lr_0.005_hc_256
324,4.180629253387451,1.9222300052642822,0.4927878677845001,1.1138358116149902,0.6517755389213562,85.47173113950639,79.34535270435849,87.20462103973394,81.38006925582886,83.35044353485692,949.3529651165009,2.8546016216278076,0.5,0.005,256,lr_0.005_hc_256
325,4.224892616271973,1.9598599672317505,0.5034266710281372,1.1112135648727417,0.6503923535346985,85.41921932434798,80.04551023980395,88.07981795904078,79.5974850654602,83.28550814716323,952.3733983039856,2.8883142471313477,0.5,0.005,256,lr_0.005_hc_256
326,4.203154563903809,1.8673880100250244,0.4932190179824829,1.1341733932495117,0.7083741426467896,85.10414843339753,79.6429196569228,87.39716436198145,81.1532199382782,83.32436309764499,955.3013365268707,2.7896463871002197,0.5,0.005,256,lr_0.005_hc_256
327,4.232271194458008,1.943442702293396,0.49706175923347473,1.1308139562606812,0.6609525084495544,85.31419569403116,79.41536845790303,87.95729039033783,81.16046786308289,83.46183060133873,958.2171704769135,2.7770278453826904,0.5,0.005,256,lr_0.005_hc_256
328,4.1875481605529785,1.9107519388198853,0.5261126756668091,1.0827207565307617,0.6679628491401672,85.06914055662524,79.67792753369508,87.9922982671101,80.07044792175293,83.20245356979584,961.2126231193542,2.864853858947754,0.5,0.005,256,lr_0.005_hc_256
329,4.172677993774414,1.9519890546798706,0.490696519613266,1.0818557739257812,0.648136556148529,85.31419569403116,79.99299842464555,88.1848415893576,81.43452405929565,83.7316399418325,964.1735174655914,2.8206543922424316,0.5,0.005,256,lr_0.005_hc_256
330,4.117501735687256,1.8720989227294922,0.5059923529624939,1.0950548648834229,0.6443555951118469,85.27918781725889,79.62541571853667,87.88727463679328,82.560133934021,83.83800302665246,967.0826351642609,2.776780128479004,0.5,0.005,256,lr_0.005_hc_256
331,4.066272735595703,1.8435922861099243,0.4816230833530426,1.0950475931167603,0.6460101008415222,85.43672326273412,79.90547873271487,87.93978645195169,80.21560907363892,83.3743993802599,970.0044584274292,2.7902660369873047,0.5,0.005,256,lr_0.005_hc_256
332,4.125888347625732,1.8396283388137817,0.4745461344718933,1.0986063480377197,0.7131074070930481,85.89182566077366,80.0630141781901,87.37966042359531,80.45099973678589,83.44637499983625,972.8799057006836,2.7482805252075195,0.5,0.005,256,lr_0.005_hc_256
333,4.131185531616211,1.804915189743042,0.4977414309978485,1.1368358135223389,0.6916931867599487,85.73429021529844,79.18781725888326,87.852266760021,81.31446242332458,83.52220916438182,975.7625505924225,2.751162052154541,0.5,0.005,256,lr_0.005_hc_256
334,4.073521137237549,1.803032636642456,0.49077463150024414,1.0982451438903809,0.6814689040184021,86.53947138106074,79.71293541046735,87.9922982671101,82.20142126083374,84.11153157986799,978.6651000976562,2.7737510204315186,0.5,0.005,256,lr_0.005_hc_256
335,4.012299537658691,1.7532364130020142,0.471371591091156,1.0983744859695435,0.689316987991333,85.89182566077366,80.01050236303168,87.81725888324873,81.80125951766968,83.88021160618095,981.5612637996674,2.755215644836426,0.5,0.005,256,lr_0.005_hc_256
336,4.03740930557251,1.7230192422866821,0.4863390624523163,1.107621669769287,0.7204294800758362,85.97934535270436,79.22282513565553,87.36215648520917,81.62950277328491,83.54845743671349,984.4612061977386,2.767716884613037,0.5,0.005,256,lr_0.005_hc_256
337,4.027234077453613,1.8180631399154663,0.4549542963504791,1.0778379440307617,0.6763787269592285,85.80430596884298,80.0630141781901,87.3271486084369,82.37855434417725,83.89325577491181,987.3915979862213,2.792091131210327,0.5,0.005,256,lr_0.005_hc_256
338,4.036065578460693,1.808454155921936,0.46668294072151184,1.0862295627593994,0.6746987700462341,85.68177840014003,80.4481008226851,87.58970768422896,79.06286120414734,83.19561202780037,990.3333442211151,2.803847074508667,0.5,0.005,256,lr_0.005_hc_256
339,3.9379115104675293,1.7096593379974365,0.46938812732696533,1.0707236528396606,0.6881402730941772,85.80430596884298,80.18554174689305,87.1871171013478,81.90234899520874,83.76982845307315,993.3610579967499,2.888298749923706,0.5,0.005,256,lr_0.005_hc_256
340,4.027667045593262,1.8510732650756836,0.4788326323032379,1.0685358047485352,0.6292250752449036,85.94433747593209,80.3955890075267,88.41239278837737,81.03034496307373,83.94566605872747,996.2254724502563,2.723614454269409,0.5,0.005,256,lr_0.005_hc_256
341,4.107357025146484,1.8105453252792358,0.5026068091392517,1.0944794416427612,0.6997256278991699,85.66427446175389,80.5881323297742,87.81725888324873,81.27199411392212,83.83541494717474,998.9235174655914,2.570105791091919,0.5,0.005,256,lr_0.005_hc_256
342,4.088505268096924,1.8581571578979492,0.5095686912536621,1.0917949676513672,0.6289844512939453,85.0516366182391,79.53789602660598,88.60493611062489,81.24067783355713,83.60878664725678,1001.7512929439545,2.701864242553711,0.5,0.005,256,lr_0.005_hc_256
343,3.9853219985961914,1.7691209316253662,0.46974754333496094,1.104840636253357,0.6416131258010864,85.87432172238753,79.6429196569228,88.44740066514966,81.92957043647766,83.97355312023441,1004.6633837223053,2.776632070541382,0.5,0.005,256,lr_0.005_hc_256
344,4.063691139221191,1.858504056930542,0.5068451762199402,1.0762025117874146,0.6221392154693604,85.3316996324173,79.57290390337826,88.6574479257833,80.86809515953064,83.60753665527737,1007.610940694809,2.81408953666687,0.5,0.005,256,lr_0.005_hc_256
345,4.045872688293457,1.8429017066955566,0.48883697390556335,1.0816590785980225,0.6324748992919922,85.47173113950639,79.97549448625941,87.71223525293192,81.79306983947754,83.73813267954381,1010.5453226566315,2.8040931224823,0.5,0.005,256,lr_0.005_hc_256
346,4.031628608703613,1.7965972423553467,0.4983532130718231,1.079123854637146,0.6575539112091064,85.31419569403116,80.13302993173464,87.97479432872396,80.39606809616089,83.45452201266266,1013.640011548996,2.960129737854004,0.5,0.005,256,lr_0.005_hc_256
347,4.01216983795166,1.7640793323516846,0.5190505981445312,1.0762497186660767,0.6527901291847229,84.63154209697183,80.32557325398214,87.81725888324873,81.81099891662598,83.64634328770717,1017.5531120300293,3.741107225418091,0.5,0.005,256,lr_0.005_hc_256
348,4.1260576248168945,1.824344515800476,0.5025635361671448,1.0985004901885986,0.7006491422653198,85.48923507789252,80.32557325398214,87.74724312970419,81.61490559577942,83.79423926433958,1020.5388202667236,2.847877025604248,0.5,0.005,256,lr_0.005_hc_256
349,3.9926280975341797,1.8128262758255005,0.4919043183326721,1.077784538269043,0.6101127862930298,85.1916681253282,79.81795904078417,88.9375109399615,81.2509834766388,83.79953039567816,1023.9431324005127,3.2582952976226807,0.5,0.005,256,lr_0.005_hc_256
350,3.982637405395508,1.7930735349655151,0.5071842074394226,1.0406839847564697,0.6416957378387451,85.41921932434798,81.1132504813583,87.72973919131805,80.61902523040771,83.72030855685801,1027.0113067626953,2.931278944015503,0.5,0.005,256,lr_0.005_hc_256
351,4.0870137214660645,1.8422155380249023,0.4982163608074188,1.0711029767990112,0.6754791140556335,85.2441799404866,80.01050236303168,87.60721162261508,80.52703738212585,83.3472328270648,1030.0152707099915,2.86857533454895,0.5,0.005,256,lr_0.005_hc_256
352,3.9814281463623047,1.7673149108886719,0.4936775267124176,1.0699530839920044,0.6504825949668884,85.90932959915982,79.85296691755644,88.02730614388238,82.10196495056152,83.97289190279004,1033.0530548095703,2.8906798362731934,0.5,0.005,256,lr_0.005_hc_256
353,4.014967441558838,1.7827976942062378,0.4943021237850189,1.0650217533111572,0.6728459000587463,86.36443199719936,80.53562051461579,87.46718011552599,81.50675296783447,83.96849639879392,1035.989241361618,2.798426866531372,0.5,0.005,256,lr_0.005_hc_256
354,3.94623064994812,1.717620611190796,0.48052406311035156,1.0535422563552856,0.6945436596870422,85.17416418694206,80.27306143882373,87.23962891650622,81.68953657150269,83.59409777844368,1038.9548392295837,2.832515001296997,0.5,0.005,256,lr_0.005_hc_256
355,4.035581111907959,1.7646615505218506,0.4866914451122284,1.070114016532898,0.7141140103340149,86.08436898302118,80.18554174689305,87.50218799229826,82.05822706222534,83.95758144610946,1041.9312584400177,2.840205430984497,0.5,0.005,256,lr_0.005_hc_256
356,3.950599193572998,1.7538751363754272,0.46269720792770386,1.0679229497909546,0.6661038994789124,85.69928233852617,79.88797479432873,87.58970768422896,80.85166215896606,83.50715674401248,1044.86696267128,2.8079164028167725,0.5,0.005,256,lr_0.005_hc_256
357,3.99434232711792,1.8026683330535889,0.46141907572746277,1.0746030807495117,0.6556517481803894,85.87432172238753,80.02800630141782,88.56992823385261,82.70895481109619,84.29530276718855,1047.8111708164215,2.8103668689727783,0.5,0.005,256,lr_0.005_hc_256
358,3.929501533508301,1.7376843690872192,0.4506387412548065,1.0754681825637817,0.6657105684280396,85.94433747593209,80.32557325398214,87.90477857517942,80.42514324188232,83.64995813674399,1050.7447226047516,2.799515962600708,0.5,0.005,256,lr_0.005_hc_256
359,3.987987756729126,1.7804759740829468,0.4653196334838867,1.0391921997070312,0.7029998302459717,86.10187292140732,80.93821109749693,87.46718011552599,81.08901977539062,83.89907097745521,1053.6824252605438,2.7955756187438965,0.5,0.005,256,lr_0.005_hc_256
360,3.9115047454833984,1.737481713294983,0.45296069979667664,1.0394705533981323,0.6815921068191528,86.25940836688255,80.15053387012078,87.46718011552599,82.01977014541626,83.97422312448639,1056.524199962616,2.7048966884613037,0.5,0.005,256,lr_0.005_hc_256
361,3.9802703857421875,1.8349957466125488,0.4623129963874817,1.05081045627594,0.6321510672569275,86.3294241204271,80.36058113075441,87.7997549448626,80.3749680519104,83.71618206198863,1059.374807357788,2.7152531147003174,0.5,0.005,256,lr_0.005_hc_256
362,4.021214008331299,1.7810271978378296,0.4893365800380707,1.0646008253097534,0.6862491965293884,85.55925083143707,80.55312445300193,87.37966042359531,80.71848750114441,83.55263080229467,1062.5310318470001,3.0231196880340576,0.5,0.005,256,lr_0.005_hc_256
363,3.9223721027374268,1.8113044500350952,0.44959887862205505,1.025577187538147,0.6358917355537415,86.22440049011027,80.5881323297742,88.06231402065464,81.42392635345459,84.07469329849843,1065.2851693630219,2.6289501190185547,0.5,0.005,256,lr_0.005_hc_256
364,4.019588470458984,1.8408082723617554,0.48949533700942993,1.0724180936813354,0.6168664693832397,85.62926658498162,80.29056537720987,88.3773849116051,80.7050108909607,83.75055694118933,1067.9909389019012,2.580007314682007,0.5,0.005,256,lr_0.005_hc_256
365,3.977504014968872,1.7525702714920044,0.46883565187454224,1.0977287292480469,0.6583693027496338,86.06686504463504,79.7304393488535,88.49991248030807,81.79625272750854,84.0233674003263,1070.6909437179565,2.5683646202087402,0.5,0.005,256,lr_0.005_hc_256
366,4.013762474060059,1.8628588914871216,0.4759097099304199,1.064863920211792,0.6101298928260803,86.0493611062489,80.53562051461579,88.60493611062489,80.1326036453247,83.83063034420357,1073.5748224258423,2.755662202835083,0.5,0.005,256,lr_0.005_hc_256
367,3.9572949409484863,1.7675132751464844,0.49604684114456177,1.0813350677490234,0.6123999357223511,85.55925083143707,80.0630141781901,88.56992823385261,81.18722438812256,83.84485440790058,1076.5449559688568,2.8382434844970703,0.5,0.005,256,lr_0.005_hc_256
368,3.98431396484375,1.7665953636169434,0.4800232946872711,1.099391222000122,0.6383040547370911,85.78680203045685,79.48538421144758,88.3248730964467,82.2633445262909,83.9651009661605,1079.4231588840485,2.743774890899658,0.5,0.005,256,lr_0.005_hc_256
369,4.0004377365112305,1.7547554969787598,0.47268515825271606,1.0802205801010132,0.6927768588066101,85.3316996324173,79.95799054787327,87.1871171013478,80.16801476478577,83.16120551160603,1082.2949085235596,2.737689256668091,0.5,0.005,256,lr_0.005_hc_256
370,3.9308836460113525,1.7665972709655762,0.4920554459095001,1.0787591934204102,0.5934717059135437,85.40171538596184,79.53789602660598,88.62244004901103,82.36154317855835,83.9808986600343,1085.1823337078094,2.754288673400879,0.5,0.005,256,lr_0.005_hc_256
371,3.946378707885742,1.7683091163635254,0.4826335310935974,1.0461335182189941,0.6493024230003357,85.38421144757571,80.3955890075267,88.16733765097146,81.6868543624878,83.90849811714041,1088.1831231117249,2.8724098205566406,0.5,0.005,256,lr_0.005_hc_256
372,3.957653045654297,1.7605135440826416,0.4881881773471832,1.07327139377594,0.6356796026229858,85.61176264659548,80.57062839138807,88.3773849116051,82.88394212722778,84.3609295192041,1091.1107048988342,2.799975633621216,0.5,0.005,256,lr_0.005_hc_256
373,3.9848382472991943,1.8411105871200562,0.45216989517211914,1.045533537864685,0.6460240483283997,86.31192018204096,80.71065989847716,88.14983371258533,82.82984495162964,84.50056468618328,1093.9408645629883,2.701939821243286,0.5,0.005,256,lr_0.005_hc_256
374,3.986297369003296,1.8160685300827026,0.46127399802207947,1.0458104610443115,0.6631442904472351,86.43444775074391,80.43059688429896,87.46718011552599,82.06993341445923,84.10053954125702,1096.8045446872711,2.7336769104003906,0.5,0.005,256,lr_0.005_hc_256
375,3.9105052947998047,1.7547510862350464,0.4435952603816986,1.0451017618179321,0.6670570373535156,87.15210922457553,80.4481008226851,87.95729039033783,81.68246746063232,84.30999197455769,1099.7132098674774,2.770261764526367,0.5,0.005,256,lr_0.005_hc_256
376,3.9963395595550537,1.8007521629333496,0.45296719670295715,1.0888447761535645,0.6537755131721497,86.80203045685279,80.51811657622964,88.7974794328724,82.57549405097961,84.6732801292336,1102.600284576416,2.756084680557251,0.5,0.005,256,lr_0.005_hc_256
377,3.9103736877441406,1.7461528778076172,0.4722309112548828,1.0615904331207275,0.6303994059562683,85.59425870820935,80.43059688429896,88.3248730964467,81.70979022979736,84.01487972968809,1105.5827720165253,2.8511688709259033,0.5,0.005,256,lr_0.005_hc_256
378,3.9911067485809326,1.8318662643432617,0.48511919379234314,1.0420563220977783,0.6320651173591614,85.45422720112025,80.93821109749693,88.53492035708034,82.54714012145996,84.36862469428938,1108.5209791660309,2.810403347015381,0.5,0.005,256,lr_0.005_hc_256
379,3.8592450618743896,1.7094767093658447,0.4644312858581543,1.0752544403076172,0.6100825667381287,86.5219674426746,80.37808506914055,88.49991248030807,83.10976028442383,84.62743131913678,1111.5009765625,2.851602792739868,0.5,0.005,256,lr_0.005_hc_256
380,4.082516670227051,1.8043292760849,0.507546603679657,1.0740118026733398,0.696628987789154,86.0493611062489,80.18554174689305,88.13232977419919,81.45245313644409,83.95492144094631,1114.4480097293854,2.815079927444458,0.5,0.005,256,lr_0.005_hc_256
381,4.047618389129639,1.8376928567886353,0.47619473934173584,1.0592936277389526,0.6744369864463806,85.47173113950639,81.02573078942761,88.09732189742692,81.85070753097534,84.11137283933408,1117.3581926822662,2.781447649002075,0.5,0.005,256,lr_0.005_hc_256
382,4.027491569519043,1.806512475013733,0.48633453249931335,1.10391366481781,0.6307311654090881,85.55925083143707,80.15053387012078,88.39488884999125,81.35850429534912,83.86579446172455,1120.2772674560547,2.7902042865753174,0.5,0.005,256,lr_0.005_hc_256
383,4.114837169647217,1.9043976068496704,0.48072823882102966,1.057991623878479,0.6717196702957153,85.57675476982321,80.09802205496237,88.53492035708034,80.84328174591064,83.76324473194414,1123.2107946872711,2.7999229431152344,0.5,0.005,256,lr_0.005_hc_256
384,3.8969452381134033,1.7242825031280518,0.48665642738342285,1.0446945428848267,0.6413119435310364,85.96184141431822,80.37808506914055,88.16733765097146,82.33071565628052,84.20949494767768,1126.1576113700867,2.81378173828125,0.5,0.005,256,lr_0.005_hc_256
385,3.9959206581115723,1.8156291246414185,0.4795827865600586,1.069535255432129,0.6311736702919006,85.36670750918957,80.04551023980395,88.60493611062489,81.17904663085938,83.79905012261945,1129.054622411728,2.7664034366607666,0.5,0.005,256,lr_0.005_hc_256
386,3.917210578918457,1.7586159706115723,0.5015171766281128,1.0711437463760376,0.5859336853027344,85.78680203045685,80.0630141781901,89.4626290915456,81.43528699874878,84.18693307473532,1131.9628865718842,2.7722692489624023,0.5,0.005,256,lr_0.005_hc_256
387,4.022058010101318,1.8058303594589233,0.48336276412010193,1.06667959690094,0.6661853790283203,85.97934535270436,80.2555575004376,88.58743217223875,80.8892011642456,83.9278840474066,1134.8906140327454,2.792659282684326,0.5,0.005,256,lr_0.005_hc_256
388,3.985503673553467,1.8412178754806519,0.47529590129852295,1.0272314548492432,0.6417583227157593,86.3819359355855,80.76317171363557,88.06231402065464,82.40393400192261,84.40283891794958,1137.7809183597565,2.7582879066467285,0.5,0.005,256,lr_0.005_hc_256
389,3.9690301418304443,1.7786277532577515,0.46992427110671997,1.0571647882461548,0.663313090801239,86.15438473656573,80.88569928233854,87.74724312970419,80.18633127212524,83.74341460518342,1140.6706068515778,2.755937337875366,0.5,0.005,256,lr_0.005_hc_256
390,4.041502475738525,1.8501248359680176,0.4714047908782959,1.0645924806594849,0.6553800702095032,85.82180990722912,80.36058113075441,88.11482583581306,81.08028173446655,83.8443746520658,1143.5525312423706,2.743105411529541,0.5,0.005,256,lr_0.005_hc_256
391,3.9880290031433105,1.7542541027069092,0.4662419259548187,1.107856273651123,0.6596767902374268,86.3294241204271,79.6429196569228,88.23735340451601,81.61807060241699,83.95694194607073,1146.5307414531708,2.8500826358795166,0.5,0.005,256,lr_0.005_hc_256
392,3.9708468914031982,1.7845897674560547,0.46000537276268005,1.0738581418991089,0.6523935198783875,86.34692805881323,80.57062839138807,88.02730614388238,82.16488361358643,84.27743655191753,1149.5686178207397,2.8958899974823,0.5,0.005,256,lr_0.005_hc_256
393,3.959122896194458,1.7523349523544312,0.45492932200431824,1.0860072374343872,0.6658514142036438,85.9968492910905,80.15053387012078,88.2723612812883,81.85824155807495,84.06949650014363,1152.510549068451,2.803070306777954,0.5,0.005,256,lr_0.005_hc_256
394,3.963672399520874,1.786508321762085,0.480694442987442,1.0561802387237549,0.640289306640625,85.82180990722912,80.8681953439524,88.28986521967443,80.83008527755737,83.95248893710333,1155.3740742206573,2.7311177253723145,0.5,0.005,256,lr_0.005_hc_256
395,3.971031427383423,1.8034065961837769,0.46521952748298645,1.0914103984832764,0.6109948754310608,86.10187292140732,79.5904078417644,88.55242429546648,81.0667872428894,83.82787307538192,1158.2865223884583,2.778707981109619,0.5,0.005,256,lr_0.005_hc_256
396,3.9066519737243652,1.755935549736023,0.4963934123516083,1.0580703020095825,0.596252977848053,85.48923507789252,80.01050236303168,89.20007001575354,83.38994979858398,84.52243931381544,1161.1849329471588,2.7630810737609863,0.5,0.005,256,lr_0.005_hc_256
397,3.9644744396209717,1.8210341930389404,0.4739815592765808,1.0584181547164917,0.6110402941703796,86.50446350428847,79.76544722562576,88.60493611062489,80.82923889160156,83.92602143303517,1164.1927111148834,2.8683669567108154,0.5,0.005,256,lr_0.005_hc_256
398,4.0357232093811035,1.8526935577392578,0.5003790855407715,1.0776804685592651,0.6049697995185852,85.66427446175389,80.0630141781901,88.86749518641695,83.08774828910828,84.42063302886731,1167.3686776161194,3.0425753593444824,0.5,0.005,256,lr_0.005_hc_256
399,3.92768931388855,1.8040337562561035,0.4636323153972626,1.0250937938690186,0.6349294185638428,86.08436898302118,80.7806756520217,88.95501487834763,82.45698809623718,84.56926190240692,1170.3588652610779,2.8583836555480957,0.5,0.005,256,lr_0.005_hc_256
400,3.9720118045806885,1.837141752243042,0.4728679955005646,1.0312947034835815,0.6307075619697571,85.75179415368459,80.83318746718011,88.3773849116051,83.38123559951782,84.5859005329969,1173.3491432666779,2.8587658405303955,0.5,0.005,256,lr_0.005_hc_256
